energy,transmission,reflection,unitarity_error
0.1,2.7583305124e-13,1,4.06030764566e-12
0.101933333333,2.92743513859e-13,1,3.79696274422e-13
0.103866666667,3.10589442914e-13,1.00000000001,7.5515149689e-12
0.1058,3.29420229374e-13,1,4.85878004497e-12
0.107733333333,3.49287815268e-13,0.999999999995,4.54059012611e-12
0.109666666667,3.70246824756e-13,0.999999999996,3.15514281368e-12
0.1116,3.92354701934e-13,0.999999999993,6.99218460909e-12
0.113533333333,4.15671855714e-13,1,1.77902137466e-12
0.115466666667,4.40261812034e-13,0.999999999995,4.85789186655e-12
0.1174,4.66191373934e-13,0.999999999998,1.79978254522e-12
0.119333333333,4.93530789645e-13,0.999999999999,5.45119505091e-14
0.121266666667,5.22353929315e-13,1,5.31574784191e-13
0.1232,5.52738470839e-13,1,1.75859327101e-13
0.125133333333,5.84766095119e-13,0.999999999999,1.49547041417e-13
0.127066666667,6.18522691485e-13,1,1.19859677739e-12
0.129,6.54098573754e-13,1,2.89768209427e-13
0.130933333333,6.9158870756e-13,0.999999999994,5.05051556132e-12
0.132866666667,7.31092949532e-13,0.999999999997,1.85240711659e-12
0.1348,7.72716299033e-13,0.999999999997,2.67319499869e-12
0.136733333333,8.165691631e-13,0.999999999986,1.33001387681e-11
0.138666666667,8.62767635378e-13,1,3.25872662188e-12
0.1406,9.11433789392e-13,1,5.57354162822e-12
0.142533333333,9.62695987724e-13,1,2.75246492265e-12
0.144466666667,1.01668920682e-12,1,8.2911455479e-13
0.1464,1.07355537896e-12,1,3.83315601482e-12
0.148333333333,1.13344375216e-12,1.00000000001,1.18769438728e-11
0.150266666667,1.1965112685e-12,1,2.14384066055e-12
0.1522,1.26292296255e-12,1.00000000001,1.41473499582e-11
0.154133333333,1.33285237993e-12,0.999999999996,2.57227572575e-12
0.156066666667,1.40648201822e-12,1.00000000001,1.07140962768e-11
0.158,1.48400379028e-12,1,2.47335485426e-12
0.159933333333,1.56561951229e-12,0.99999999999,8.14770473312e-12
0.161866666667,1.65154141692e-12,1.00000000001,1.381472714e-11
0.1638,1.74199269354e-12,0.999999999976,2.25852669899e-11
0.165733333333,1.83720805729e-12,1,3.24229532112e-12
0.167666666667,1.93743434744e-12,0.999999999996,1.77491354947e-12
0.1696,2.0429311585e-12,1.00000000001,1.45121692441e-11
0.171533333333,2.15397150395e-12,0.999999999985,1.28236310459e-11
0.173466666667,2.27084251586e-12,1,5.24758014819e-12
0.1754,2.39384618178e-12,0.999999999987,1.05164765785e-11
0.177333333333,2.52330012123e-12,0.999999999985,1.2956524742e-11
0.179266666667,2.65953840303e-12,1.00000000001,9.3731689077e-12
0.1812,2.8029124072e-12,0.999999999987,1.06368247543e-11
0.183133333333,2.95379173254e-12,1,3.6204372833e-12
0.185066666667,3.11256515266e-12,1.00000000001,8.96571705766e-12
0.187,3.27964162305e-12,1,7.64321939073e-12
0.188933333333,3.45545134317e-12,1.00000000001,1.49626977475e-11
0.190866666667,3.64044687277e-12,0.99999999997,2.66708877206e-11
0.1928,3.83510431143e-12,1,3.52007312188e-12
0.194733333333,4.03992453686e-12,0.999999999984,1.23623333792e-11
0.196666666667,4.2554345144e-12,0.999999999994,1.96931360108e-12
0.1986,4.48218867208e-12,0.99999999999,5.85687054411e-12
0.200533333333,4.72077035365e-12,0.999999999983,1.19907417329e-11
0.202466666667,4.97179334652e-12,0.999999999997,2.41340281093e-12
0.2044,5.23590349486e-12,0.999999999997,1.94377847151e-12
0.206333333333,5.513780398e-12,0.999999999968,2.67759148187e-11
0.208266666667,5.80613920333e-12,0.999999999997,3.23563398297e-12
0.2102,6.11373249358e-12,0.999999999986,8.18123346846e-12
0.212133333333,6.43735228156e-12,0.999999999981,1.23611121339e-11
0.214066666667,6.77783210968e-12,0.999999999988,5.10180786506e-12
0.216,7.13604926869e-12,0.999999999986,6.56918963671e-12
0.217933333333,7.51292713521e-12,0.999999999988,4.69491112653e-12
0.219866666667,7.90943764105e-12,1.00000000001,1.73734360231e-11
0.2218,8.32660387595e-12,0.999999999985,6.75537403794e-12
0.223733333333,8.76550283786e-12,0.999999999988,3.07653902354e-12
0.225666666667,9.22726833208e-12,1,1.04098951681e-11
0.2276,9.71309403363e-12,0.999999999988,1.94555482835e-12
0.229533333333,1.0224236718e-11,0.99999999999,3.64597241287e-13
0.231466666667,1.07620196722e-11,0.999999999973,1.63329350045e-11
0.2334,1.13278362963e-11,0.999999999986,2.4436008772e-12
0.235333333333,1.19231539034e-11,0.999999999989,8.5842444264e-13
0.237266666667,1.25495177333e-11,0.999999999985,2.19180229521e-12
0.2392,1.32085551897e-11,0.999999999984,2.74824607516e-12
0.241133333333,1.39019803141e-11,0.999999999993,7.14472925267e-12
0.243066666667,1.46315985106e-11,0.999999999982,3.68571839715e-12
0.245,1.53993115357e-11,0.99999999999,5.88062931683e-12
0.246933333333,1.62071227705e-11,0.999999999996,1.21815890708e-11
0.248866666667,1.70571427851e-11,0.999999999976,7.10598246911e-12
0.2508,1.79515952284e-11,0.999999999985,3.05910852205e-12
0.252733333333,1.88928230371e-11,0.999999999981,1.40887301825e-13
0.254666666667,1.98832950133e-11,0.999999999971,8.85591600053e-12
0.2566,2.09256127656e-11,0.999999999982,2.50977016947e-12
0.258533333333,2.20225180557e-11,0.999999999979,5.23581178413e-13
0.260466666667,2.31769005595e-11,0.999999999973,4.13347134298e-12
0.2624,2.43918060841e-11,0.99999999997,5.1396664702e-12
0.264333333333,2.56704452474e-11,0.999999999967,7.7456929759e-12
0.266266666667,2.70162026754e-11,0.999999999979,5.83888493111e-12
0.2682,2.84326467136e-11,0.99999999997,1.185607168e-12
0.270133333333,2.992353973e-11,0.999999999962,7.74480479748e-12
0.272066666667,3.14928489883e-11,0.999999999965,3.81583653564e-12
0.274,3.31447581867e-11,0.999999999957,9.48985334759e-12
0.275933333333,3.48836796494e-11,0.999999999973,7.97295562904e-12
0.277866666667,3.67142672499e-11,0.999999999959,4.27846647e-12
0.2798,3.86414300854e-11,0.999999999963,1.2534417948e-12
0.281733333333,4.06703469664e-11,0.999999999957,2.7364777111e-12
0.283666666667,4.28064817533e-11,0.999999999956,7.99027510823e-13
0.2856,4.50555996147e-11,0.999999999956,1.21658239038e-12
0.287533333333,4.7423784233e-11,0.999999999948,4.22628598784e-12
0.289466666667,4.99174560621e-11,0.999999999952,1.64024349658e-12
0.2914,5.25433916425e-11,0.99999999995,2.6962876376e-12
0.293333333333,5.53087441087e-11,0.99999999995,4.94182472721e-12
0.295266666667,5.82210648866e-11,0.999999999942,5.85975712397e-13
0.2972,6.12883267506e-11,0.999999999938,1.00008890058e-12
0.299133333333,6.45189482138e-11,0.999999999936,9.64783808399e-13
0.301066666667,6.79218194587e-11,0.999999999932,1.83075776761e-13
0.303,7.15063297844e-11,0.999999999929,5.1803006329e-13
0.304933333333,7.52823967907e-11,0.999999999925,4.50750547998e-14
0.306866666667,7.92604972907e-11,0.999999999921,2.37476704967e-13
0.3088,8.34517001786e-11,0.999999999916,4.19664303308e-13
0.310733333333,8.78677012798e-11,0.999999999912,2.70894418009e-14
0.312666666667,9.25208603989e-11,0.999999999907,8.48876524628e-13
0.3146,9.7424240635e-11,0.999999999902,3.40172334745e-13
0.316533333333,1.02591650186e-10,0.999999999896,1.0368372827e-12
0.318466666667,1.08037686727e-10,0.999999999896,3.79229980751e-12
0.3204,1.13777784637e-10,0.999999999886,8.78186412478e-14
0.322333333333,1.19828265142e-10,0.999999999879,1.49913415015e-12
0.324266666667,1.26206389684e-10,0.999999999877,3.37396777184e-12
0.3262,1.32930416637e-10,0.999999999867,3.47499806708e-13
0.328133333333,1.40019661691e-10,0.999999999865,5.13544762271e-12
0.330066666667,1.47494562041e-10,0.999999999849,3.21065396491e-12
0.332,1.55376744758e-10,0.999999999844,4.46642722807e-13
0.333933333333,1.63689099508e-10,0.999999999833,2.98494562401e-12
0.335866666667,1.72455856035e-10,0.99999999983,2.64610555689e-12
0.3378,1.81702666616e-10,0.999999999819,1.1675105327e-12
0.339733333333,1.91456693955e-10,0.99999999981,1.52011736532e-12
0.341666666667,2.01746704756e-10,0.999999999805,6.33293417707e-12
0.3436,2.12603169512e-10,0.99999999979,2.56394905307e-12
0.345533333333,2.24058368813e-10,0.999999999775,1.27364785385e-12
0.347466666667,2.36146506763e-10,0.999999999771,6.68798350034e-12
0.3494,2.48903831839e-10,0.999999999755,3.45035111593e-12
0.351333333333,2.62368765974e-10,0.999999999734,3.70992125909e-12
0.353266666667,2.76582042067e-10,0.999999999723,4.42978986825e-13
0.3552,2.91586851057e-10,0.999999999714,5.57309753901e-12
0.357133333333,3.0742899865e-10,0.999999999693,3.31068505943e-13
0.359066666667,3.24157072962e-10,0.999999999664,1.17387211063e-11
0.361,3.4182262341e-10,0.999999999658,6.06181771445e-14
0.362933333333,3.60480352049e-10,0.999999999646,6.06670269576e-12
0.364866666667,3.80188317949e-10,0.999999999612,7.33435534528e-12
0.3668,4.01008155942e-10,0.9999999996,1.41442413337e-12
0.368733333333,4.2300531039e-10,0.999999999585,7.57616192004e-12
0.370666666667,4.46249285512e-10,0.999999999567,1.31850086404e-11
0.3726,4.70813913243e-10,0.999999999529,2.55240273361e-13
0.374533333333,4.96777640073e-10,0.999999999501,2.11863859789e-12
0.376466666667,5.2422383422e-10,0.999999999489,1.34139366281e-11
0.3784,5.53241114972e-10,0.999999999456,9.55058254704e-12
0.380333333333,5.83923705371e-10,0.999999999421,4.60387283852e-12
0.382266666667,6.16371810846e-10,0.999999999376,7.53064277603e-12
0.3842,6.50692024836e-10,0.999999999355,5.3965720781e-12
0.386133333333,6.86997764555e-10,0.999999999318,5.05684383256e-12
0.388066666667,7.2540973834e-10,0.99999999927,4.74065231515e-12
0.39,7.66056447956e-10,0.999999999249,1.55517820843e-11
0.391933333333,8.09074727753e-10,0.999999999187,4.27358148869e-12
0.393866666667,8.54610324632e-10,0.999999999159,1.37272415657e-11
0.3958,9.02818521115e-10,0.999999999093,4.57545112909e-12
0.397733333333,9.53864805921e-10,0.999999999049,2.70206079733e-12
0.399666666667,1.00792559532e-09,0.999999998991,9.45798994678e-13
0.4016,1.06518900976e-09,0.999999998937,2.15782947066e-12
0.403533333333,1.1258557103e-09,0.999999998869,5.39868150184e-12
0.405466666667,1.19013979986e-09,0.999999998816,6.4785954379e-12
0.4074,1.25826979472e-09,0.999999998747,5.27666799144e-12
0.409333333333,1.33048967237e-09,0.999999998672,2.92676993752e-12
0.411266666667,1.40706000204e-09,0.999999998605,1.20583543151e-11
0.4132,1.48825916514e-09,0.99999999851,1.65412128439e-12
0.415133333333,1.57438467348e-09,0.99999999841,1.58617563528e-11
0.417066666667,1.66575459403e-09,0.999999998321,1.33208999387e-11
0.419,1.76270908874e-09,0.999999998239,1.80722103948e-12
0.420933333333,1.86561208108e-09,0.999999998134,6.15063555642e-13
0.422866666667,1.9748530593e-09,0.999999998028,3.04001268603e-12
0.4248,2.09084902978e-09,0.9999999979,9.16933196038e-12
0.426733333333,2.21404663318e-09,0.999999997795,8.97149021739e-12
0.428666666667,2.34492443957e-09,0.999999997653,2.13473683175e-12
0.4306,2.48399543771e-09,0.999999997509,6.72373268173e-12
0.432533333333,2.63180973824e-09,0.999999997362,6.31816821084e-12
0.434466666667,2.7889575089e-09,0.999999997222,1.05164765785e-11
0.4364,2.95607216611e-09,0.999999997047,2.5834889783e-12
0.438333333333,3.13383384547e-09,0.999999996865,1.62270197279e-12
0.440266666667,3.32297317985e-09,0.999999996672,4.93827201353e-12
0.4422,3.52427541329e-09,0.999999996474,1.23290266885e-12
0.444133333333,3.73858488568e-09,0.999999996263,1.55786494815e-12
0.446066666667,3.9668099236e-09,0.999999996044,1.11983755602e-11
0.448,4.20992817882e-09,0.999999995799,8.54649684356e-12
0.449933333333,4.46899245935e-09,0.99999999553,9.28812582401e-13
0.451866666667,4.74513710459e-09,0.999999995247,7.70594699162e-12
0.4538,5.03958495778e-09,0.99999999497,9.90763027175e-12
0.455733333333,5.35365500256e-09,0.999999994657,1.07993614051e-11
0.457666666667,5.68877072892e-09,0.999999994319,7.48245909676e-12
0.4596,6.04646931039e-09,0.999999993971,1.7484236281e-11
0.461533333333,6.42841167555e-09,0.999999993589,1.69695368868e-11
0.463466666667,6.83639357536e-09,0.999999993161,2.49988918455e-12
0.4654,7.27235775189e-09,0.999999992725,2.97728508514e-12
0.467333333333,7.73840733315e-09,0.999999992257,4.47009096405e-12
0.469266666667,8.23682059146e-09,0.99999999176,3.59401397532e-12
0.4712,8.77006721971e-09,0.999999991225,5.42332845299e-12
0.473133333333,9.34082629919e-09,0.999999990674,1.52240442475e-11
0.475066666667,9.95200615779e-09,0.999999990023,2.50088838527e-11
0.477,1.06067663409e-08,0.999999989408,1.47397649641e-11
0.478933333333,1.13085419415e-08,0.999999988701,9.79949454916e-12
0.480866666667,1.20610705828e-08,0.99999998793,9.179101923e-12
0.4828,1.28684223711e-08,0.999999987116,1.520295001e-11
0.484733333333,1.37350331835e-08,0.999999986272,7.08677561079e-12
0.486666666667,1.46657417191e-08,0.999999985347,1.26005872403e-11
0.4886,1.5665830779e-08,0.99999998433,4.42401670853e-12
0.490533333333,1.67410733272e-08,0.999999983259,2.11164419284e-13
0.492466666667,1.78977839518e-08,0.999999982096,6.61970478433e-12
0.4944,1.91428764428e-08,0.999999980864,6.55919762949e-12
0.496333333333,2.04839283039e-08,0.999999979514,1.88260518286e-12
0.498266666667,2.19292531473e-08,0.999999978085,1.37880817874e-11
0.5002,2.34879820479e-08,0.999999976507,5.09337017007e-12
0.502133333333,2.51701551304e-08,0.999999974821,8.83115802708e-12
0.504066666667,2.6986824822e-08,0.999999973017,4.29478674846e-12
0.506,2.89501724795e-08,0.999999971053,3.182787367e-12
0.507933333333,3.10736403334e-08,0.999999968926,6.10178574334e-13
0.509866666667,3.33720810483e-08,0.999999966622,5.57209833829e-12
0.5118,3.58619275588e-08,0.999999964146,7.54352136312e-12
0.513733333333,3.85613863149e-08,0.999999961441,2.70850009088e-12
0.515666666667,4.14906576044e-08,0.999999958512,2.58015830923e-12
0.5176,4.46721872733e-08,0.999999955325,2.69873012826e-12
0.519533333333,4.81309549394e-08,0.999999951876,6.83830769788e-12
0.521466666667,5.18948047515e-08,0.999999948102,3.52440299167e-12
0.5234,5.59948258384e-08,0.999999944008,2.560618384e-12
0.525333333333,6.0465791014e-08,0.999999939541,6.87472301308e-12
0.527266666667,6.53466639059e-08,0.999999934656,2.64899213676e-12
0.5292,7.06811867673e-08,0.99999992932,1.2037038033e-12
0.531133333333,7.65185636462e-08,0.999999923479,2.30748753438e-12
0.533066666667,8.29142566879e-08,0.999999917094,8.14104339497e-12
0.535,8.99309170823e-08,0.999999910076,6.49169606959e-12
0.536933333333,9.76394768154e-08,0.999999902355,5.41122702202e-12
0.538866666667,1.0612043319e-07,0.99999989388,7.04769576032e-13
0.5408,1.15465365355e-07,0.999999884534,2.41695552461e-13
0.542733333333,1.25778731112e-07,0.999999874231,9.77928849011e-12
0.544666666667,1.37180003862e-07,0.999999862823,3.46633832748e-12
0.5466,1.4980622404e-07,0.999999850191,3.21553894622e-12
0.548533333333,1.63815058138e-07,0.999999836184,5.41122702202e-13
0.550466666667,1.79388482193e-07,0.999999820611,6.61803944979e-13
0.5524,1.96737237697e-07,0.99999980326,2.61657362444e-12
0.554333333333,2.16106247931e-07,0.999999783901,7.61168905683e-12
0.556266666667,2.37781235443e-07,0.999999762215,3.87179177608e-12
0.5582,2.62096850855e-07,0.999999737904,8.33555446889e-13
0.560133333333,2.89446715335e-07,0.999999710543,1.05730979527e-11
0.562066666667,3.20295902781e-07,0.999999679705,9.69668789708e-13
0.564,3.55196554804e-07,0.999999644804,8.27782287161e-13
0.565933333333,3.94807549332e-07,0.999999605195,2.35544916904e-12
0.567866666667,4.39919457355e-07,0.999999560075,5.52469181514e-12
0.5698,4.91486458592e-07,0.999999508512,1.50857104586e-12
0.571733333333,5.50667500687e-07,0.99999944933,2.83828516245e-12
0.573666666667,6.18879859831e-07,0.999999381114,5.94346794003e-12
0.5756,6.97869520232e-07,0.999999302122,8.02558020041e-12
0.577533333333,7.8980462892e-07,0.999999210197,1.64490643328e-12
0.579466666667,8.97401011765e-07,0.999999102601,2.49644749317e-12
0.5814,1.02409284616e-06,0.999998975913,6.1992633249e-12
0.583333333333,1.17426788993e-06,0.999998825727,5.47384360061e-12
0.585266666667,1.35359651157e-06,0.999998646405,1.108890757e-12
0.5872,1.56949947517e-06,0.999998430501,3.65485419707e-13
0.589133333333,1.83182506508e-06,0.999998168179,3.8367087285e-12
0.591066666667,2.15384903305e-06,0.999997846152,1.3704593016e-12
0.593,2.55378468121e-06,0.999997446218,2.37232455902e-12
0.594933333333,3.05712152404e-06,0.999996942877,1.81810122513e-12
0.596866666667,3.70035223604e-06,0.999996299648,5.28022070512e-13
0.5988,4.53710973604e-06,0.999995462889,1.66633373766e-12
0.600733333333,5.64866323953e-06,0.999994351336,1.19770859897e-12
0.602666666667,7.16268380049e-06,0.999992837315,1.23401289187e-12
0.6046,9.28861079427e-06,0.999990711391,1.74793512997e-12
0.606533333333,1.23886925433e-05,0.999987611307,4.35318447956e-13
0.608466666667,1.71323816975e-05,0.999982867619,3.19744231092e-13
0.6104,2.48672271608e-05,0.99997513277,2.67508237783e-12
0.612333333333,3.86357200208e-05,0.999961364279,1.47470924361e-12
0.614266666667,6.6526515571e-05,0.999933473486,1.27564625529e-12
0.6162,0.000136273042919,0.999863726957,4.79616346638e-14
0.618133333333,0.000399572185706,0.999600427814,2.31037411424e-13
0.62,0.00352774937736,0.996472250629,5.99786886823e-12
0.620002,0.00354241951236,0.996457580485,2.29516405881e-12
0.620004,0.00355718068149,0.996442819315,3.62743168836e-12
0.620006,0.00357203362459,0.996427966376,5.30908650376e-13
0.620008,0.00358697912144,0.996413020875,3.91975341074e-12
0.62001,0.00360201792418,0.996397982077,1.05115915972e-12
0.620012,0.00361715081659,0.996382849181,2.4433788326e-12
0.620014,0.0036323785822,0.996367621419,1.04427577696e-12
0.620016,0.00364770201397,0.996352297983,3.31290550548e-12
0.620018,0.00366312191107,0.996336878089,2.79332112996e-13
0.62002,0.003678639085,0.996321360908,6.83664236334e-12
0.620022,0.00369425434746,0.996305745657,4.06918942986e-12
0.620024,0.00370996853243,0.996290031467,5.54445378498e-13
0.620026,0.00372578247114,0.996274217529,5.32685007215e-13
0.620028,0.00374169700488,0.996258302996,4.37427871702e-13
0.62003,0.00375771299346,0.996242287005,1.27520216608e-12
0.620032,0.00377383129526,0.996226168699,5.75139935677e-12
0.620034,0.00379005277453,0.996209947226,3.14193115969e-13
0.620036,0.00380637831831,0.996193621684,1.93445259811e-12
0.620038,0.00382280881447,0.996177191187,1.29429800211e-12
0.62004,0.00383934516561,0.996160654838,3.6832759065e-12
0.620042,0.00385598827506,0.99614401172,5.42677014437e-12
0.620044,0.00387273906537,0.996127260935,1.10578213253e-13
0.620046,0.00388959845939,0.996110401537,3.96094268496e-12
0.620048,0.0039065674027,0.996093432594,3.01358937804e-12
0.62005,0.00392364683145,0.996076353168,5.40789635295e-13
0.620052,0.00394083771683,0.996059162288,4.74509320725e-12
0.620054,0.00395814102924,0.99604185897,7.04325486822e-13
0.620056,0.00397555773298,0.996024442271,3.61000118687e-12
0.620058,0.00399308883563,0.996006911161,3.16469073169e-12
0.62006,0.00401073532675,0.995989264674,1.06137321154e-12
0.620062,0.00402849822264,0.995971501776,1.53821400062e-12
0.620064,0.00404637854512,0.995953621453,1.59017243817e-12
0.620066,0.00406437732925,0.995935622671,2.14717132963e-13
0.620066666667,0.0040704034315,0.995929596571,2.15205631093e-12
0.620068,0.00408249562644,0.995917504375,1.1270984146e-12
0.62007,0.00410073448816,0.995899265506,6.08246786271e-12
0.620072,0.00411909497188,0.995880905029,6.3660188232e-13
0.620074,0.00413757818453,0.995862421814,1.29962707263e-12
0.620076,0.00415618519269,0.995843814809,1.59561253099e-12
0.620078,0.00417491712217,0.995825082878,2.60236276972e-13
0.62008,0.00419377508051,0.99580622492,2.14939177567e-13
0.620082,0.00421276019683,0.995787239804,9.96092097694e-13
0.620084,0.00423187361586,0.995768126388,3.44324568857e-12
0.620086,0.00425111649654,0.995748883503,7.9936057773e-15
0.620088,0.00427048999766,0.995729509999,2.93776114546e-12
0.62009,0.0042899953109,0.995710004687,1.95865546004e-12
0.620092,0.00430963362257,0.995690366381,3.82893716733e-12
0.620094,0.00432940615115,0.995670593851,1.89315230159e-12
0.620096,0.00434931411283,0.995650685885,1.78368431136e-12
0.620098,0.0043693587383,0.995630641266,4.4815262612e-12
0.6201,0.0043895412925,0.995610458705,2.6059154834e-12
0.620102,0.00440986302093,0.995590136979,6.99440505514e-15
0.620104,0.00443032521765,0.995569674779,3.79918319027e-12
0.620106,0.00445092916737,0.995549070836,3.09041681135e-12
0.620108,0.00447167618425,0.99552832382,4.73621142305e-12
0.62011,0.00449256759514,0.995507432409,4.58633131473e-12
0.620112,0.00451360473318,0.995486395268,1.50079948469e-12
0.620114,0.00453478895257,0.995465211047,2.01727523574e-13
0.620116,0.00455612162918,0.995443878362,8.34288194085e-12
0.620118,0.0045776041395,0.995422395861,3.47055717498e-13
0.62012,0.00459923789611,0.995400762103,1.38744571387e-12
0.620122,0.00462102430855,0.995378975692,2.0872192863e-13
0.620124,0.00464296481967,0.995357035179,1.43240974637e-12
0.620126,0.00466506087918,0.995334939117,3.53328477587e-12
0.620128,0.00468731395362,0.995312686051,4.44644321362e-12
0.62013,0.00470972553992,0.995290274458,1.89448456922e-12
0.620132,0.00473229712911,0.995267702874,2.6689761512e-12
0.620134,0.00475503025465,0.995244969747,1.2940759575e-12
0.620136,0.00477792644937,0.995222073545,5.87485615711e-12
0.620138,0.00480098727397,0.995199012727,1.02384767331e-12
0.62014,0.00482421430946,0.99517578569,7.35966843024e-13
0.620142,0.00484760915045,0.995152390845,4.50484094472e-12
0.620144,0.00487117340439,0.995128826596,3.18856052672e-13
0.620146,0.00489490871965,0.995105091282,2.12829753821e-12
0.620148,0.00491881674083,0.995081183263,3.81183973275e-12
0.62015,0.00494289914781,0.995057100861,9.06852370974e-12
0.620152,0.00496715763358,0.995032842367,1.01119113083e-12
0.620154,0.00499159392277,0.995008406073,4.08839628818e-12
0.620156,0.00501620973034,0.994983790266,3.97160082599e-12
0.620158,0.00504100682711,0.99495899317,2.4343860261e-12
0.62016,0.00506598699195,0.994934013009,1.14286358155e-12
0.620162,0.00509115202711,0.994908847971,1.59916524467e-12
0.620164,0.00511650375929,0.994883496232,8.22675261247e-12
0.620166,0.0051420440163,0.994857955987,3.4086067302e-12
0.620168,0.00516777468857,0.99483222531,9.96203119996e-13
0.62017,0.00519369765231,0.99480630235,2.60946819708e-12
0.620172,0.00521981483544,0.994780185164,6.86450896126e-13
0.620174,0.00524612816461,0.994753871833,2.28528307389e-12
0.620176,0.0052726396054,0.994727360402,7.29172278113e-12
0.620178,0.00529935115169,0.994700648852,3.38706840353e-12
0.62018,0.00532626481935,0.994673735184,3.27271543199e-12
0.620182,0.00535338263266,0.994646617362,4.96702678987e-12
0.620184,0.00538070665743,0.994619293348,5.10036457513e-12
0.620186,0.00540823899353,0.99459176101,3.86446430412e-12
0.620188,0.00543598174575,0.994564018255,7.89590615113e-13
0.62019,0.00546393706974,0.994536062925,4.89741580623e-12
0.620192,0.00549210712386,0.994507892871,4.99500441009e-12
0.620194,0.0055204941083,0.994479505894,2.11608508494e-12
0.620196,0.00554910025955,0.99445089974,2.47579734491e-13
0.620198,0.00557792781378,0.99442207219,3.55759866011e-12
0.6202,0.00560697907527,0.994393020922,3.0839775178e-12
0.620202,0.00563625634442,0.994363743658,2.74358313845e-12
0.620204,0.00566576196494,0.994334238039,3.85602660913e-12
0.620206,0.0056954983157,0.994304501686,1.98174809896e-12
0.620208,0.00572546779292,0.994274532208,5.38902256153e-13
0.62021,0.0057556728441,0.994244327154,1.8167689575e-12
0.620212,0.00578611593012,0.994213884066,3.67095243092e-12
0.620214,0.00581679953796,0.994183200462,1.14575016141e-13
0.620216,0.00584772621882,0.994152273784,3.04867242562e-12
0.620218,0.00587889853119,0.994121101469,2.53463916522e-13
0.62022,0.0059103190771,0.994089680928,5.08704189883e-12
0.620222,0.00594199048609,0.994058009509,4.62874183427e-12
0.620224,0.00597391542793,0.994026084569,3.38440386827e-12
0.620226,0.00600609660792,0.993993903394,1.58073554246e-12
0.620228,0.00603853676383,0.993961463241,4.35496083639e-12
0.62023,0.00607123869094,0.993928761303,6.40387742834e-12
0.620232,0.00610420518201,0.993895794814,3.84325904434e-12
0.620234,0.00613743910184,0.993862560893,4.72588634892e-12
0.620236,0.00617094332144,0.99382905668,1.16906484493e-12
0.620238,0.00620472078882,0.993795279218,7.03836988691e-12
0.62024,0.00623877448201,0.99376122552,1.70663483345e-12
0.620242,0.00627310739036,0.993726892609,1.11588516205e-12
0.620244,0.0063077225662,0.993692277444,1.04252162458e-11
0.620246,0.00634262312571,0.99365737687,4.06785716223e-12
0.620248,0.00637781217997,0.993622187817,2.78932432707e-12
0.62025,0.00641329290347,0.993586707098,1.49502632496e-12
0.620252,0.00644906853242,0.993550931472,4.38915570555e-12
0.620254,0.00648514234017,0.993514857656,3.34765548615e-12
0.620256,0.00652151761326,0.99347848239,3.43725048424e-12
0.620258,0.00655819772869,0.993441802278,6.66711130748e-12
0.62026,0.00659518608308,0.993404813914,2.53885801271e-12
0.620262,0.00663248613448,0.993367513863,2.78743694793e-12
0.620264,0.00667010137072,0.993329898622,6.83963996551e-12
0.620266,0.0067080353456,0.993291964654,3.90132370853e-13
0.620268,0.00674629165923,0.993253708345,4.165778833e-12
0.62027,0.00678487396167,0.99321512605,1.12383435891e-11
0.620272,0.0068237859589,0.993176214034,6.73539002349e-12
0.620274,0.00686303139213,0.993136968607,1.33426603099e-12
0.620276,0.00690261408797,0.993097385906,6.46227515944e-12
0.620278,0.00694253788488,0.993057462125,9.56323908952e-12
0.62028,0.00698280672078,0.993017193275,4.30822044706e-12
0.620282,0.00702342454812,0.992976575461,9.58322310396e-12
0.620284,0.00706439542809,0.992935604576,3.58935103861e-12
0.620286,0.00710572342287,0.992894276576,9.5445873427e-13
0.620288,0.00714741268247,0.992852587322,4.04720701397e-12
0.62029,0.00718946742317,0.992810532577,1.74971148681e-13
0.620292,0.00723189191595,0.992768108085,1.07203135258e-12
0.620294,0.00727469048022,0.992725309511,8.73412453473e-12
0.620296,0.0073178675313,0.992682132467,1.72917236085e-12
0.620298,0.00736142750737,0.992638572491,1.53499435385e-12
0.6203,0.00740537493128,0.992594625074,5.2478021928e-12
0.620302,0.00744971441854,0.99255028558,1.62869717713e-12
0.620304,0.00749445060586,0.992505549398,3.50541817795e-12
0.620306,0.0075395882528,0.992460411746,1.09168230011e-12
0.620308,0.00758513212177,0.992414867877,8.07798272717e-13
0.62031,0.00763108710739,0.992368912891,1.34459110512e-12
0.620312,0.00767745814238,0.992322541864,6.53543885676e-12
0.620314,0.00772425027717,0.99227574972,2.76767497809e-12
0.620316,0.00777146855448,0.992228531452,6.02295990859e-12
0.620318,0.00781911817914,0.992180881829,8.61022364518e-12
0.62032,0.00786720439563,0.992132795612,7.24575954791e-12
0.620322,0.00791573254508,0.992084267453,1.47060141842e-12
0.620324,0.00796470802308,0.992035291975,1.56774593307e-12
0.620326,0.00801413632125,0.991985863672,6.70952182702e-12
0.620328,0.00806402302143,0.991935976979,1.05915276549e-13
0.62033,0.00811437378984,0.991885626217,6.46038778029e-12
0.620332,0.008165194381,0.991834805617,1.54731782942e-12
0.620334,0.00821649063841,0.991783509354,7.8672623971e-12
0.620336,0.00826826847111,0.991731731536,6.6182614944e-12
0.620338,0.00832053393434,0.99167946607,4.42512693155e-12
0.62034,0.00837329312776,0.991626706875,2.99871238951e-12
0.620342,0.00842655227855,0.991573447726,4.88231677309e-12
0.620344,0.00848031768555,0.991519682309,5.56976686994e-12
0.620346,0.00853459576195,0.991465404245,6.60249632745e-12
0.620348,0.00858939300806,0.991410607006,1.44322331863e-11
0.62035,0.00864471608493,0.991355283918,3.2054359167e-12
0.620352,0.00870057166836,0.991299428342,9.96935867192e-12
0.620354,0.00875696661293,0.991243033389,2.3852031461e-12
0.620356,0.00881390783856,0.991186092162,7.74491581979e-13
0.620358,0.00887140241845,0.991128597579,2.88369328416e-12
0.62036,0.00892945749101,0.991070542502,7.15916215199e-12
0.620362,0.00898808033489,0.991011919675,9.79305525561e-12
0.620364,0.00904727837678,0.990952721632,8.54050163923e-12
0.620366,0.00910705912592,0.990892940873,1.53477230924e-12
0.620368,0.00916743020686,0.990832569783,1.0220824187e-11
0.62037,0.00922839939379,0.990771600596,1.0635603509e-11
0.620372,0.00928997456631,0.990710025433,3.20077297999e-13
0.620374,0.00935216379036,0.990647836205,4.51683135338e-12
0.620376,0.00941497516912,0.990585024829,2.28994601059e-12
0.620378,0.00947841704298,0.990521582962,4.4992898296e-12
0.62038,0.00954249781327,0.99045750217,1.65454316914e-11
0.620382,0.00960722605167,0.990392773949,7.34301508487e-13
0.620384,0.00967261048284,0.990327389519,1.35869093754e-12
0.620386,0.00973865996507,0.990261340038,2.7546853687e-12
0.620388,0.00980538351298,0.990194616502,1.48669965228e-11
0.62039,0.00987279029185,0.99012720971,1.70463643201e-12
0.620392,0.00994088961492,0.990059110385,2.12385664611e-13
0.620394,0.0100096909546,0.989990309042,3.40127925824e-12
0.620396,0.0100792039437,0.989920796059,2.62612154245e-12
0.620398,0.0101494384202,0.989850561583,3.53872486869e-12
0.6204,0.0102204043395,0.989779595663,2.29594121492e-12
0.620402,0.0102921118278,0.989707888181,8.67594884824e-12
0.620404,0.0103645712494,0.989635428742,8.54938342343e-12
0.620406,0.0104377930504,0.989562206963,1.31281652216e-11
0.620408,0.0105117879785,0.989488212022,2.64011035256e-13
0.62041,0.0105865668587,0.989413433139,2.75279798956e-12
0.620412,0.0106621407658,0.989337859242,8.25561841111e-12
0.620414,0.0107385209736,0.989261479027,1.08402176124e-12
0.620416,0.010815718947,0.989184281059,6.05138161802e-12
0.620418,0.0108937462971,0.989106253717,1.36821665109e-11
0.62042,0.0109726149522,0.989027385041,6.56807941368e-12
0.620422,0.011052336931,0.98894766308,1.11579634421e-11
0.620424,0.0111329245987,0.988867075408,6.85518308785e-12
0.620426,0.0112143904248,0.988785609569,6.61970478433e-12
0.620428,0.0112967471829,0.988703252817,4.6029846601e-13
0.62043,0.0113800077862,0.988619992221,7.21689374927e-12
0.620432,0.011464185546,0.988535814442,1.18467458066e-11
0.620434,0.0115492938332,0.988450706178,1.11965992033e-11
0.620436,0.011635346385,0.988364653609,5.49849055176e-12
0.620438,0.0117223571385,0.988277642864,2.80686585086e-12
0.62044,0.0118103403132,0.988189659687,4.89830398465e-13
0.620442,0.0118993103935,0.9881006896,6.8619554483e-12
0.620444,0.0119892820708,0.988010717939,9.7066799043e-12
0.620446,0.0120802704104,0.987919729602,1.19464438342e-11
0.620448,0.0121722907079,0.987827709287,4.81481521319e-12
0.62045,0.0122653585099,0.987734641482,8.26883006511e-12
0.620452,0.0123594897231,0.987640510286,9.03299657296e-12
0.620454,0.0124547005029,0.987545299498,7.9891648852e-13
0.620456,0.0125510073833,0.987448992628,1.09225961609e-11
0.620458,0.0126484271312,0.987351572862,6.54931664457e-12
0.62046,0.01274697687,0.98725302314,9.94448967617e-12
0.620462,0.0128466740278,0.987153325979,6.82942591368e-12
0.620464,0.0129475364401,0.987052463564,3.88289400632e-12
0.620466,0.0130495822172,0.986950417797,1.3893997064e-11
0.620468,0.0131528298533,0.986847170146,3.00315328161e-13
0.62047,0.0132572981762,0.986742701825,1.51900714229e-12
0.620472,0.0133630064166,0.986636993587,3.89199783513e-12
0.620474,0.0134699741678,0.986530025825,7.39752703538e-12
0.620476,0.0135782213538,0.986421778651,4.91606755304e-12
0.620478,0.0136877684368,0.986312231556,7.36377625543e-12
0.62048,0.0137986361378,0.986201363849,1.29561916751e-11
0.620482,0.0139108456276,0.98608915437,2.87780910213e-12
0.620484,0.0140244185755,0.985975581443,1.84043891238e-11
0.620486,0.0141393770397,0.985860622952,8.04112332276e-12
0.620488,0.0142557434976,0.985744256494,8.78330741472e-12
0.62049,0.0143735408596,0.985626459149,9.02544705639e-12
0.620492,0.0144927926014,0.985507207403,4.25348645194e-12
0.620494,0.01461352264,0.985386477364,4.47486492305e-12
0.620496,0.0147357553176,0.985264244688,5.71920288905e-12
0.620498,0.0148595155547,0.985140484441,4.01600974698e-12
0.6205,0.0149848287517,0.985015171253,4.40114611422e-12
0.620502,0.0151117207973,0.984888279208,5.12656583851e-12
0.620504,0.0152402182397,0.984759781781,2.11821671314e-11
0.620506,0.0153703480583,0.984629651973,3.14070991436e-11
0.620508,0.0155021378934,0.984497862109,2.04813943583e-12
0.62051,0.0156356158888,0.984364384117,6.1990412803e-12
0.620512,0.0157708108233,0.98422918919,1.33590916107e-11
0.620514,0.0159077521112,0.98409224788,9.09505804003e-12
0.620516,0.0160464697435,0.983953530238,1.82116544067e-11
0.620518,0.0161869943453,0.983813005653,1.77324821493e-12
0.62052,0.0163293573071,0.983670642675,1.82763804091e-11
0.620522,0.0164735905822,0.983526409408,1.00254249347e-11
0.620524,0.0166197268815,0.983380273108,1.00265351577e-11
0.620526,0.0167677995786,0.983232200428,6.27986551649e-12
0.620528,0.0169178428655,0.98308215712,1.4896084366e-11
0.62053,0.0170698915223,0.982930108497,1.88669080359e-11
0.620532,0.0172239813693,0.98277601863,3.20965476419e-13
0.620534,0.0173801487302,0.982619851269,9.75663994041e-13
0.620536,0.0175384308769,0.982461569131,7.50888240475e-12
0.620538,0.0176988659627,0.982301134026,1.11747278098e-11
0.62054,0.0178614929145,0.982138507085,3.5571545709e-13
0.620542,0.0180263515071,0.981973648486,6.47193409975e-12
0.620544,0.0181934825305,0.981806517449,2.06062944486e-11
0.620546,0.0183629275966,0.981637072426,2.25590657266e-11
0.620548,0.0185347293999,0.981465270593,6.67788047082e-12
0.62055,0.0187089313848,0.981291068616,4.75397499144e-13
0.620552,0.0188855782842,0.981114421724,7.88213938563e-12
0.620554,0.019064715663,0.980935284335,2.03237426888e-12
0.620556,0.0192463902413,0.980753609756,2.73137068518e-12
0.620558,0.0194306497464,0.980569350264,1.00210950649e-11
0.62056,0.0196175431527,0.980382456826,2.1013524254e-11
0.620562,0.0198071204075,0.980192879595,2.0290435998e-12
0.620564,0.0199994328417,0.980000567169,1.02242658784e-11
0.620566,0.0201945328993,0.979805467096,4.92061946744e-12
0.620568,0.0203924743366,0.979607525629,3.4841463048e-11
0.62057,0.0205933119995,0.979406687996,4.58721949315e-12
0.620572,0.0207971023424,0.979202897667,9.45288292087e-12
0.620574,0.0210039030821,0.978996096913,4.95636864883e-12
0.620576,0.0212137732887,0.978786226717,5.74673642006e-12
0.620578,0.0214267734728,0.978573226534,6.3977712017e-12
0.62058,0.0216429657371,0.978357034258,5.07560660168e-12
0.620582,0.0218624135626,0.978137586436,1.33248967416e-12
0.620584,0.0220851821517,0.977914817872,2.39732678153e-11
0.620586,0.022311338306,0.977688661712,1.82953652228e-11
0.620588,0.0225409504135,0.977459049576,1.01983976819e-11
0.62059,0.0227740886321,0.977225911342,2.55442333952e-11
0.620592,0.0230108249007,0.976989175093,5.83622039585e-12
0.620594,0.0232512329912,0.976748767026,1.71629377377e-11
0.620596,0.0234953885163,0.976504611505,2.10187423022e-11
0.620598,0.0237433691846,0.976256630839,2.330180493e-11
0.6206,0.0239952545138,0.976004745479,6.92479407149e-12
0.620602,0.0242511261079,0.975748873886,5.83710857427e-12
0.620604,0.0245110677177,0.975488932311,2.84701151543e-11
0.620606,0.0247751654619,0.975224834545,7.24598159252e-12
0.620608,0.0250435075013,0.974956492488,1.12009290731e-11
0.62061,0.0253161843226,0.974683815688,1.09099396184e-11
0.620612,0.0255932889618,0.974406711062,2.39193109763e-11
0.620614,0.0258749168951,0.974125083092,1.30969679546e-11
0.620616,0.0261611659087,0.973838834113,2.21180851412e-11
0.620618,0.0264521369699,0.973547863046,1.58604240852e-11
0.62062,0.026747933317,0.973252066672,1.13022924353e-11
0.620622,0.0270486610608,0.972951338948,8.71303029726e-12
0.620624,0.0273544293466,0.972645570666,1.21378462836e-11
0.620626,0.0276653503345,0.972334649695,2.92286195247e-11
0.620628,0.0279815392305,0.972018460792,2.21604956607e-11
0.62063,0.0283031143605,0.971696885628,1.11369802269e-11
0.620632,0.0286301974755,0.971369802496,2.87484480666e-11
0.620634,0.0289629136414,0.971037086395,3.59119400883e-11
0.620636,0.0293013917245,0.970698608264,1.1182166304e-11
0.620638,0.0296457637521,0.97035423627,2.16795470465e-11
0.62064,0.0299961660055,0.970003833987,7.57305329557e-12
0.620642,0.0303527384846,0.969647261496,1.90973903358e-11
0.620644,0.0307156251459,0.96928437484,1.39461775461e-11
0.620646,0.0310849742125,0.968915025773,1.49046330833e-11
0.620648,0.0314609382388,0.968539061742,1.9691359654e-11
0.62065,0.0318436742357,0.968156325779,1.44682044123e-11
0.620652,0.0322333438708,0.967766656148,1.85345072623e-11
0.620654,0.0326301136327,0.967369886346,2.12182493797e-11
0.620656,0.0330341547775,0.966965845199,2.36315411684e-11
0.620658,0.0334456438342,0.966554356153,1.28991262116e-11
0.62066,0.0338647627487,0.966135237228,2.37627695299e-11
0.620662,0.0342916986801,0.965708301365,4.46620518346e-11
0.620664,0.0347266451105,0.965273354876,1.31319399799e-11
0.620666,0.0351698005557,0.964830199403,4.17882395354e-11
0.620668,0.0356213702136,0.964378629805,1.91111571013e-11
0.62067,0.036081565715,0.963918434317,3.2135849537e-11
0.620672,0.036550605057,0.963449394981,3.74895670063e-11
0.620674,0.0370287131601,0.962971286863,2.30608865337e-11
0.620676,0.0375161219217,0.962483878048,3.05671044032e-11
0.620678,0.0380130706219,0.96198692938,1.95243821111e-12
0.62068,0.0385198064194,0.961480193563,1.77600156803e-11
0.620682,0.0390365839844,0.960963416045,2.97193381016e-11
0.620684,0.0395636666218,0.960436333375,3.06688008322e-12
0.620686,0.0401013258233,0.959898674192,1.57505120058e-11
0.620688,0.0406498421916,0.959350157795,1.31729072095e-11
0.62069,0.0412095054089,0.958790494582,9.21029918999e-12
0.620692,0.0417806147913,0.958219385205,3.95206090076e-12
0.620694,0.042363479539,0.957636520461,2.02504679692e-13
0.620696,0.0429584191246,0.957041580928,5.21287457644e-11
0.620698,0.0435657641374,0.956434235846,1.66875402385e-11
0.6207,0.0441858558397,0.955814144185,2.47004638965e-11
0.620702,0.0448190472456,0.955180952764,9.6975760755e-12
0.620704,0.0454657041989,0.95453429575,5.13107334399e-11
0.620706,0.0461262034606,0.9538737965,3.91082721762e-11
0.620708,0.0468009364825,0.953199063532,1.47704071196e-11
0.62071,0.0474903078067,0.952509692219,2.56248355868e-11
0.620712,0.048194736063,0.951805263924,1.24951160529e-11
0.620714,0.0489146546457,0.951085345363,8.97104612818e-12
0.620716,0.0496505122738,0.950349487775,4.83233453252e-11
0.620718,0.0504027742357,0.94959722579,2.54138932121e-11
0.62072,0.0511719218096,0.948828078213,2.26998420061e-11
0.620722,0.0519584542224,0.948041545796,1.83220105754e-11
0.620724,0.052762888767,0.947237111237,3.89221987973e-12
0.620726,0.0535857614828,0.94641423854,2.29745111824e-11
0.620728,0.0544276282796,0.945572371699,2.15942819182e-11
0.62073,0.0552890657469,0.944710934283,2.99149593985e-11
0.620732,0.0561706723071,0.943829327687,5.64193136654e-12
0.620734,0.0570730679702,0.942926932095,6.52689013947e-11
0.620736,0.0579968976233,0.942003102366,1.08008046951e-11
0.620738,0.0589428291639,0.941057170864,2.83206791352e-11
0.62074,0.0599115571281,0.940088442943,7.13686887366e-11
0.620742,0.0609038025592,0.939096197406,3.52302631512e-11
0.620744,0.0619203139706,0.938079686062,3.298561424e-11
0.620746,0.0629618700779,0.937038129982,5.99491567499e-11
0.620748,0.0640292796721,0.935970720286,4.17473833281e-11
0.62075,0.0651233830066,0.934876616997,3.93796106835e-12
0.620752,0.0662450547685,0.933754945266,3.41355832489e-11
0.620754,0.0673952048487,0.932604795119,3.23474580455e-11
0.620756,0.0685747779884,0.931425222008,3.300248963e-12
0.620758,0.0697847597851,0.930215240174,4.10466105549e-11
0.62076,0.0710261738575,0.928973826231,8.8773433049e-11
0.620762,0.072300088186,0.927699911737,7.68388686012e-11
0.620764,0.0736076126261,0.92639238732,5.36932720507e-11
0.620766,0.074949904625,0.92505009546,8.5075280154e-11
0.620768,0.0763281707739,0.923671829206,1.9926282846e-11
0.62077,0.0777436674411,0.922256332573,1.40902844947e-11
0.620772,0.0791977040066,0.920802296062,6.82196521495e-11
0.620774,0.0806916473018,0.919308352672,2.64676058848e-11
0.620776,0.08222692213,0.917773077932,6.18265438845e-11
0.620778,0.0838050143572,0.916194985711,6.84177159371e-11
0.62078,0.0854274766452,0.914572523387,3.25901527987e-11
0.620782,0.0870959274228,0.91290407259,1.33006938796e-11
0.620784,0.0888120578981,0.911187942085,1.73605574361e-11
0.620786,0.0905776342684,0.909422365643,8.88900064666e-11
0.620788,0.0923945006976,0.907605499281,2.14354090033e-11
0.62079,0.0942645858214,0.905735414236,5.72153435741e-11
0.620792,0.0961899046123,0.903810095361,2.67110777941e-11
0.620794,0.0981725632788,0.901827436718,3.2144287232e-12
0.620796,0.100214766108,0.899785233794,9.74152980504e-11
0.620798,0.102318817234,0.897681182713,5.27690113827e-11
0.6208,0.104487127775,0.895512872177,4.84255968658e-11
0.620802,0.106722221518,0.893277778495,1.23665522267e-11
0.620804,0.109026741188,0.890973258889,7.71238628516e-11
0.620806,0.111403453844,0.888596546108,4.81693573917e-11
0.620808,0.113855254741,0.88614474521,4.92759166804e-11
0.62081,0.116385182112,0.883614817702,1.85619741799e-10
0.620812,0.118996414624,0.881003585299,7.6665895854e-11
0.620814,0.121692286525,0.878307713464,1.09091624623e-11
0.620816,0.124476292395,0.875523707509,9.54624157501e-11
0.620818,0.127352096093,0.872647904031,1.2348966294e-10
0.62082,0.130323541465,0.869676458722,1.86878512665e-10
0.620822,0.133394659389,0.866605340547,6.38766817218e-11
0.620824,0.136569676398,0.863430323482,1.19208642957e-10
0.620826,0.139853031605,0.860146968478,8.30959745457e-11
0.620828,0.143249380286,0.856750619783,6.83768597298e-11
0.62083,0.14676361124,0.853236388747,1.29406485527e-11
0.620832,0.15040085355,0.849599146306,1.44671385982e-10
0.620834,0.154166490218,0.845833509849,6.70175026585e-11
0.620836,0.158066179508,0.841933820505,1.32924782292e-11
0.620838,0.162105855134,0.837894144838,2.76956235723e-11
0.62084,0.166291749333,0.833708250514,1.53040580209e-10
0.620842,0.170630404214,0.82936959574,4.62180294036e-11
0.620844,0.175128690831,0.824871309227,5.81212855622e-11
0.620846,0.179793819455,0.820206180553,7.79709630194e-12
0.620848,0.184633358104,0.815366641837,5.92031978996e-11
0.62085,0.189655248103,0.810344751779,1.18240750524e-10
0.620852,0.194867822226,0.805132177707,6.66188215703e-11
0.620854,0.200279821128,0.799720178925,5.29623012113e-11
0.620856,0.205900404594,0.794099595744,3.38010508472e-10
0.620858,0.211739178176,0.788260821822,1.51667567394e-12
0.62086,0.217806198645,0.782193801433,7.85169707029e-11
0.620862,0.224111992915,0.775888006873,2.11411443907e-10
0.620864,0.230667571466,0.769332428635,1.01465946756e-10
0.620866,0.237484448436,0.762515551683,1.19178000801e-10
0.620868,0.244574635177,0.755425364897,7.4560801977e-11
0.62087,0.251950664992,0.748049335133,1.25643717652e-10
0.620872,0.259625590795,0.740374408984,2.20511164883e-10
0.620874,0.267612980305,0.732387019672,2.35256258918e-11
0.620876,0.275926926803,0.724073073399,2.01980876469e-10
0.620878,0.2845820203,0.715417979549,1.51079815325e-10
0.62088,0.293593341559,0.706406658446,5.01376717921e-12
0.620882,0.302976439492,0.69702356026,2.47471376724e-10
0.620884,0.312747282115,0.687252717539,3.46250361716e-10
0.620886,0.322922212077,0.677077787661,2.621036721e-10
0.620888,0.333517886081,0.666482114128,2.09794182027e-10
0.62089,0.344551192263,0.655448807471,2.66682342875e-10
0.620892,0.356039141798,0.643960858443,2.41709763316e-10
0.620894,0.367998755317,0.632001244725,4.27617941057e-11
0.620896,0.380446901086,0.619553099086,1.72337699667e-10
0.620898,0.393400112846,0.606599887744,5.89968962572e-10
0.6209,0.406874381733,0.593125618158,1.09082298749e-10
0.620902,0.420884873808,0.579115126355,1.63522528851e-10
0.620904,0.43544565005,0.564554350774,8.24389667642e-10
0.620906,0.450569314754,0.549430685164,8.21981371857e-11
0.620908,0.466266566626,0.533733433475,1.00192742991e-10
0.62091,0.482545772261,0.517454227738,3.90576460063e-13
0.620912,0.499412402252,0.500587597822,7.4082517898e-11
0.620914,0.51686844933,0.483131550694,2.38653541373e-11
0.620916,0.534911714382,0.465088285709,9.09285979844e-11
0.620918,0.553535091453,0.446464908944,3.97290644827e-10
0.62092,0.572725725345,0.42727427429,3.65222851961e-10
0.620922,0.592464128565,0.407535871057,3.7841840772e-10
0.620924,0.612723223936,0.38727677676,6.96603663641e-10
0.620926,0.633467389052,0.366532611181,2.33020269746e-10
0.620928,0.654651378692,0.345348621588,2.80592438173e-10
0.62093,0.676219380209,0.323780619317,4.73293626513e-10
0.620932,0.698104004355,0.301895995445,1.99895988651e-10
0.620934,0.720225430294,0.279774569613,9.34350374848e-11
0.620936,0.742490648117,0.257509352131,2.4801893872e-10
0.620938,0.764792921546,0.235207078813,3.58780782861e-10
0.62094,0.787011529779,0.212988469845,3.76246256373e-10
0.620942,0.80901185102,0.190988149219,2.3905744051e-10
0.620944,0.830645863273,0.169354136857,1.29987576258e-10
0.620946,0.85175314863,0.148246852492,1.12186482326e-09
0.620948,0.872162474423,0.127837525529,4.79905004624e-11
0.62095,0.891693915559,0.108306084146,2.95451774157e-10
0.620952,0.910161668906,0.0898383323237,1.22949828096e-09
0.620954,0.927377414314,0.0726225853733,3.12371017941e-10
0.620956,0.943154232039,0.0568457668394,1.12122189311e-09
0.620958,0.957310957246,0.0426890431404,3.86262355434e-10
0.62096,0.969676825488,0.0303231748716,3.59217322554e-10
0.620962,0.98009621449,0.0199037858243,3.14029469095e-10
0.620964,0.988433255458,0.0115667447901,2.4801605214e-10
0.620966,0.994576098487,0.00542390200641,4.93657559275e-10
0.620968,0.998440573157,0.00155942829604,1.45296730203e-09
0.62097,0.999973018173,2.69816920311e-05,1.34599109636e-10
0.620970302662,1.0000000009,1.09741511766e-18,8.98883634193e-10
0.620972,0.999152150372,0.000847849378963,2.49188114587e-10
0.620974,0.995989791052,0.0040102080744,8.73544014901e-10
0.620976,0.990530456789,0.00946954260454,6.06471650677e-10
0.620978,0.982849809518,0.017150190108,3.73862607539e-10
0.62098,0.973052077572,0.0269479224467,1.90087945384e-11
0.620982,0.961266605402,0.0387333954282,8.30455260115e-10
0.620984,0.947643737028,0.052356263104,1.3194823012e-10
0.620986,0.932350300109,0.0676496999221,3.12958547966e-11
0.620988,0.915564853015,0.084435146724,2.61150989722e-10
0.62099,0.897472997055,0.102527002961,1.55735424556e-11
0.620992,0.878262945691,0.121737054283,2.57353027777e-11
0.620994,0.858121447475,0.141878552073,4.51794157641e-10
0.620996,0.837230288521,0.162769711768,2.89653190322e-10
0.620998,0.815763305821,0.18423669506,8.81318129586e-10
0.621,0.793884060944,0.20611593858,4.76491068824e-10
0.621002,0.771744151439,0.228255848062,4.98958763195e-10
0.621004,0.749482008135,0.250517991264,6.01092620123e-10
0.621006,0.727222287146,0.27277771349,6.36093622219e-10
0.621008,0.705075633904,0.29492436603,6.6466387949e-11
0.62101,0.683138916806,0.316861083219,2.46365150502e-11
0.621012,0.661495630784,0.338504369021,1.94685823018e-10
0.621014,0.640216625683,0.359783374345,2.74660294508e-11
0.621016,0.619360953798,0.380639046034,1.67805547235e-10
0.621018,0.598976782869,0.40102321655,5.81311332404e-10
0.62102,0.579102430095,0.420897569762,1.42665435021e-10
0.621022,0.559767361462,0.440232638548,9.94226923012e-12
0.621024,0.540993177178,0.459006822307,5.14270181995e-10
0.621026,0.52279460268,0.4772053967,6.1972815768e-10
0.621028,0.505180367237,0.494819632625,1.38329570021e-10
0.62103,0.488154058089,0.511845942175,2.63803867639e-10
0.621032,0.471714869236,0.528285130615,1.48804080169e-10
0.621034,0.455858345499,0.544141654567,6.602185465e-11
0.621036,0.440576952883,0.559423046898,2.18330131752e-10
0.621038,0.425860682462,0.574139317412,1.26209265261e-10
0.62104,0.411697494371,0.588302505911,2.82330825385e-10
0.621042,0.398073780606,0.601926219785,3.91128684996e-10
0.621044,0.384974714089,0.615025285601,3.10018455352e-10
0.621046,0.372384584518,0.627615415728,2.45975462221e-10
0.621048,0.360287042174,0.639712957883,5.70188340987e-11
0.62105,0.348665350732,0.65133464899,2.78007172838e-10
0.621052,0.33750257507,0.662497424715,2.15297779604e-10
0.621054,0.326781735364,0.673218264565,7.10500547285e-11
0.621056,0.31648594758,0.683514052007,4.1297498754e-10
0.621058,0.306598520456,0.69340147958,3.59028362595e-11
0.62106,0.297103059572,0.702896940365,6.32937036116e-11
0.621062,0.287983519168,0.712016480504,3.28692739693e-10
0.621064,0.279224269756,0.720775730068,1.76066605739e-10
0.621066,0.270810124756,0.729189875374,1.29819266448e-10
0.621068,0.262726379359,0.737273620609,3.18957082968e-11
0.62107,0.254958831832,0.745041167759,4.08981737365e-10
0.621072,0.247493788484,0.752506211489,2.65647503994e-11
0.621074,0.240318071046,0.759681928577,3.76386144474e-10
0.621076,0.233419028612,0.766580971419,3.14837045323e-11
0.621078,0.226784513584,0.773215486619,2.02928784887e-10
0.62108,0.220402894978,0.779597105044,2.18449702771e-11
0.621082,0.214263039154,0.785736960899,5.31317212449e-11
0.621084,0.20835429486,0.79164570495,1.89759541414e-10
0.621086,0.202666489193,0.797333510793,1.43476341918e-11
0.621088,0.197189901719,0.802810098198,8.28095370053e-11
0.62109,0.191915261967,0.808084737913,1.19702914247e-10
0.621092,0.186833721102,0.81316627879,1.08233755292e-10
0.621094,0.181936843074,0.818063156894,3.18010062728e-11
0.621096,0.177216585245,0.822783414741,1.43055567392e-11
0.621098,0.172665284058,0.82733471589,5.17610398987e-11
0.6211,0.168275633454,0.831724366648,1.02051256334e-10
0.621102,0.164040677021,0.835959323026,4.69291272509e-11
0.621104,0.159953786473,0.84004621354,1.31932242908e-11
0.621106,0.156008648148,0.843991351649,2.03135841481e-10
0.621108,0.152199249647,0.847800750412,5.86823922788e-11
0.62111,0.148519861096,0.851480138992,8.79816219879e-11
0.621112,0.144965025116,0.855034974826,5.82842663022e-11
0.621114,0.141529546224,0.858470453832,5.59590151994e-11
0.621116,0.138208470461,0.861791529582,4.29434265925e-11
0.621118,0.134997080996,0.865002918913,9.09561315154e-11
0.62112,0.131890881372,0.868109118634,5.81379389075e-12
0.621122,0.128885586768,0.871114413116,1.15927933919e-10
0.621124,0.125977113835,0.874022886087,7.77425901433e-11
0.621126,0.123161568447,0.876838431607,5.47617506896e-11
0.621128,0.120435237447,0.879564762583,3.01150215876e-11
0.62113,0.117794581116,0.882205418841,4.30179225575e-11
0.621132,0.115236220963,0.884763779098,6.0649929523e-11
0.621134,0.112756934405,0.88724306562,2.56217269623e-11
0.621136,0.11035364584,0.889646354094,6.54756249219e-11
0.621138,0.108023421575,0.891976578564,1.39303679703e-10
0.62114,0.105763456352,0.894236543594,5.47650813587e-11
0.621142,0.103571075407,0.896428924508,8.47607539711e-11
0.621144,0.101443721377,0.898556278649,2.61441979177e-11
0.621146,0.0993789520707,0.900621047926,3.57391893857e-12
0.621148,0.0973744322559,0.902625567749,4.72422101438e-12
0.62115,0.0954279308845,0.904572069219,1.03657749051e-10
0.621152,0.09353731274,0.906462687337,7.71027686142e-11
0.621154,0.091700538517,0.908299461652,1.68899116915e-10
0.621156,0.0899156541704,0.910084345796,3.35812488927e-11
0.621158,0.0881807929929,0.911819207059,5.20457010822e-11
0.62116,0.0864941647646,0.91350583521,2.53453924515e-11
0.621162,0.0848540582823,0.915145941672,4.52614612456e-11
0.621164,0.0832588336457,0.916741166405,5.11108932955e-11
0.621166,0.0817069191806,0.918293080811,8.21043233401e-12
0.621168,0.0801968104022,0.919803189636,3.80993014915e-11
0.62117,0.0787270641956,0.921272935808,4.04121180964e-12
0.621172,0.077296297901,0.922703702158,5.9456217727e-11
0.621174,0.0759031844062,0.924096815529,6.48787690238e-11
0.621176,0.0745464522417,0.925453547729,2.96906943476e-11
0.621178,0.0732248800487,0.926775119881,7.00111080221e-11
0.62118,0.0719372974073,0.928062702589,3.39528405391e-12
0.621182,0.0706825786281,0.929317421392,1.96860305834e-11
0.621184,0.0694596446932,0.930540355315,8.10396194595e-12
0.621186,0.0682674577321,0.931732542269,1.05382369497e-12
0.621188,0.0671050217615,0.932894978255,1.61071156413e-11
0.62119,0.0659713797578,0.93402862039,1.47834411379e-10
0.621192,0.0648656103521,0.935134389631,1.6873058506e-11
0.621194,0.0637868299892,0.936213170027,1.57704960202e-11
0.621196,0.0627341872514,0.937265812692,5.62931923298e-11
0.621198,0.0617068638619,0.938293136134,3.93074461869e-12
0.6212,0.060704072038,0.93929592796,1.80622183876e-12
0.621202,0.0597250540782,0.940274945913,8.484990488e-12
0.621204,0.0587690807807,0.941230919264,4.47357706435e-11
0.621206,0.0578354495025,0.94216455052,2.22042384479e-11
0.621208,0.0569234840497,0.943076515973,2.29771757176e-11
0.62121,0.0560325324787,0.943967467503,1.85210735637e-11
0.621212,0.0551619671815,0.944838032798,2.01043626191e-11
0.621214,0.0543111832112,0.94568881682,3.12740944253e-11
0.621216,0.0534795970504,0.946520402922,2.74631428709e-11
0.621218,0.0526666464476,0.947333353559,6.90381085633e-12
0.62122,0.0518717890743,0.948128210912,1.39973588276e-11
0.621222,0.0510945019287,0.948905498067,4.391154107e-12
0.621224,0.0503342798261,0.94966572016,1.36416433705e-11
0.621226,0.0495906360555,0.950409363913,3.1079805396e-11
0.621228,0.0488631003984,0.951136899571,3.03103098176e-11
0.62123,0.0481512186224,0.95184878137,7.12951919724e-12
0.621232,0.0474545525743,0.952545447366,6.00014482544e-11
0.621234,0.0467726790793,0.953227320918,2.2991608617e-12
0.621236,0.0461051884819,0.953894811488,2.99483771116e-11
0.621238,0.045451686158,0.954548313797,4.5057513276e-11
0.62124,0.0448117900772,0.955188209974,5.07855979492e-11
0.621242,0.0441851304638,0.955814869538,1.53121959556e-12
0.621244,0.0435713507586,0.956428649232,8.92608209568e-12
0.621246,0.0429701053126,0.957029894644,4.30501190252e-11
0.621248,0.0423810606087,0.957618939381,1.03960173803e-11
0.62125,0.0418038933096,0.958196106654,3.66833230458e-11
0.621252,0.041238290878,0.95876170911,1.21743726211e-11
0.621254,0.0406839506795,0.959316049335,1.43536293962e-11
0.621256,0.0401405798383,0.959859420128,3.34693384119e-11
0.621258,0.0396078948263,0.960392105182,7.98783261757e-12
0.62126,0.0390856209638,0.960914379005,3.16080495111e-11
0.621262,0.0385734923651,0.9614265076,3.48009399076e-11
0.621264,0.0380712514286,0.961928748583,1.12094777904e-11
0.621266,0.0375786484174,0.962421351597,1.48456802407e-11
0.621268,0.037095441596,0.962904558411,6.81610323738e-12
0.62127,0.0366213962876,0.963378603745,3.30242500013e-11
0.621272,0.0361562851661,0.963843714836,1.90447657644e-12
0.621274,0.0356998880429,0.964300111944,1.30307986623e-11
0.621276,0.0352519911166,0.964748008886,2.81552559045e-12
0.621278,0.0348123870677,0.965187612917,1.5451084856e-11
0.62128,0.0343808748888,0.965619125122,1.10083053784e-11
0.621282,0.0339572594053,0.966042740624,2.98066016313e-11
0.621284,0.0335413512047,0.966458648782,1.28960175871e-11
0.621286,0.0331329668903,0.966867033176,6.58484378135e-11
0.621288,0.0327319274821,0.967268072506,1.20615739618e-11
0.62129,0.0323380603659,0.967661939653,1.85875759229e-11
0.621292,0.0319511969673,0.968048803014,1.86429760518e-11
0.621294,0.0315711741498,0.968428825832,1.77687864422e-11
0.621296,0.0311978333794,0.968802166658,3.76447761852e-11
0.621298,0.0308310201073,0.969168979872,2.05006012166e-11
0.6213,0.0304705851888,0.969529414839,2.7467583763e-11
0.621302,0.0301163825401,0.969883617483,2.35087505018e-11
0.621304,0.0297682708851,0.970231729101,1.38908884395e-11
0.621306,0.029426112834,0.970573887176,9.71156488561e-12
0.621308,0.0290897746012,0.970910225379,1.9884094371e-11
0.62131,0.028759126272,0.971240873743,1.48689949242e-11
0.621312,0.0284340412885,0.971565958714,2.93431945408e-12
0.621314,0.0281143968082,0.971885603181,1.06369357766e-11
0.621316,0.027800073219,0.97219992681,2.86144441475e-11
0.621318,0.0274909540519,0.972509045968,2.00692795715e-11
0.62132,0.0271869261022,0.972813073884,1.36382016791e-11
0.621322,0.0268878792335,0.97311212078,1.33764110899e-11
0.621324,0.0265937060373,0.973406293948,1.4972800777e-11
0.621326,0.0263043022313,0.973695697793,2.47499798434e-11
0.621328,0.0260195659777,0.973980434034,1.20037313422e-11
0.62133,0.0257393983509,0.974260601632,1.6865731034e-11
0.621332,0.0254637030453,0.974536296964,9.5623509111e-12
0.621334,0.0251923859744,0.974807614027,1.59228186192e-12
0.621336,0.0249253557952,0.9750746442,5.22382137547e-12
0.621338,0.0246625233111,0.975337476679,1.03532737938e-11
0.62134,0.0244038017726,0.975596198236,8.62176996463e-12
0.621342,0.0241491064416,0.975850893568,9.57656176581e-12
0.621344,0.0238983549921,0.976101645021,1.28630439633e-11
0.621346,0.0236514668694,0.976348533153,2.19519957767e-11
0.621348,0.0234083638119,0.976591636178,1.04957154079e-11
0.62135,0.023168969406,0.976831030603,9.05697739029e-12
0.621352,0.0229332091357,0.977066790862,2.61002330859e-12
0.621354,0.0227010102991,0.977298989685,1.5865864178e-11
0.621356,0.0224723020766,0.97752769791,1.3154366485e-11
0.621358,0.0222470154309,0.977752984572,3.24273941033e-12
0.62136,0.0220250828013,0.977974917205,6.02029537333e-12
0.621362,0.0218064383867,0.978193561608,5.15876230622e-12
0.621364,0.0215910181396,0.978408981894,3.33504335259e-11
0.621366,0.0213787591478,0.978621240858,5.82800474547e-12
0.621368,0.0211696005166,0.978830399486,2.43360886998e-12
0.62137,0.0209634824045,0.979036517578,1.76093584159e-11
0.621372,0.0207603465957,0.979239653384,2.05646610851e-11
0.621374,0.0205601363033,0.979439863705,8.13149547696e-12
0.621376,0.0203627957761,0.979637204213,1.1252998533e-11
0.621378,0.0201682709464,0.979831729053,6.54587495319e-13
0.62138,0.0199765086961,0.980023491312,7.99982302624e-12
0.621382,0.0197874573695,0.980212542621,9.86200010544e-12
0.621384,0.0196010664216,0.980398933575,3.78175268878e-12
0.621386,0.0194172864262,0.9805827136,2.63558064262e-11
0.621388,0.0192360691402,0.980763930873,1.36302080733e-11
0.62139,0.0190573673445,0.980942632637,1.81326065274e-11
0.621392,0.0188811351242,0.981118864856,2.02644567793e-11
0.621394,0.0187073273912,0.981292672622,1.28075328121e-11
0.621396,0.0185359000202,0.981464099965,1.5050627411e-11
0.621398,0.0183668100876,0.981633189909,3.06099590119e-12
0.6214,0.0182000155333,0.981799984471,4.28213020598e-12
0.621402,0.0180354751589,0.981964524845,3.51962903267e-12
0.621404,0.0178731487666,0.982126851231,2.49822385001e-12
0.621406,0.0177129970759,0.982287002929,5.25046672806e-12
0.621408,0.0175549815976,0.982445018419,1.65290003906e-11
0.62141,0.0173990646993,0.982600935309,8.41415825903e-12
0.621412,0.0172452095109,0.982754790488,1.19160237233e-12
0.621414,0.0170933801249,0.982906619847,2.81816792125e-11
0.621416,0.0169435412946,0.9830564587,5.56565904475e-12
0.621418,0.0167956585203,0.983204341489,9.28190857508e-12
0.62142,0.0166496980455,0.983350301952,2.69440025846e-12
0.621422,0.0165056269152,0.983494373085,4.50750547998e-13
0.621424,0.0163634127959,0.983636587193,1.10785824958e-11
0.621426,0.0162230241297,0.98377697587,4.48419079646e-13
0.621428,0.0160844298532,0.983915570165,1.79036785397e-11
0.62143,0.0159475996872,0.984052400306,7.31326110781e-12
0.621432,0.0158125039744,0.984187496016,9.40547639772e-12
0.621434,0.0156791136535,0.984320886334,1.23026033805e-11
0.621436,0.0155474002912,0.984452599712,3.53672646725e-12
0.621438,0.0154173360045,0.984582663999,3.79296594133e-12
0.62144,0.0152888934733,0.984711106529,1.81410442224e-12
0.621442,0.0151620460066,0.984837954,6.95599133849e-12
0.621444,0.0150367674168,0.984963232585,1.86273219072e-12
0.621446,0.014913032,0.985086967995,5.24069676544e-12
0.621448,0.0147908146723,0.985209185324,3.91831012081e-12
0.62145,0.0146700908367,0.985329909166,2.70383715417e-12
0.621452,0.0145508362954,0.985449163705,6.09290395914e-13
0.621454,0.0144330273894,0.985566972606,5.05040453902e-12
0.621456,0.0143166409932,0.985683359012,4.85678164353e-12
0.621458,0.0142016543778,0.98579834562,2.17259543689e-12
0.62146,0.0140880452328,0.98591195475,1.72761804862e-11
0.621462,0.0139757918198,0.98602420818,2.07944772512e-13
0.621464,0.0138648726529,0.986135127345,2.57927013081e-12
0.621466,0.013755266796,0.986244733202,2.18725038081e-12
0.621468,0.0136469536582,0.986353046348,5.75473002584e-12
0.62147,0.0135399130558,0.986460086943,8.96949181595e-13
0.621472,0.0134341252656,0.986565874735,1.03872466184e-12
0.621474,0.0133295708038,0.986670429201,4.46842562951e-12
0.621476,0.0132262307213,0.986773769277,1.67788005712e-12
0.621478,0.0131240862995,0.986875913713,1.26003651957e-11
0.62148,0.0130231192349,0.986976880763,1.60249591374e-12
0.621482,0.0129233115861,0.987076688402,1.1600609362e-11
0.621484,0.0128246457495,0.987175354256,5.69722047317e-12
0.621486,0.0127271043918,0.987272895607,6.92224055854e-13
0.621488,0.0126306705576,0.987369329441,1.11033404693e-12
0.62149,0.0125353276033,0.987464672388,8.91819951221e-12
0.621492,0.0124410592335,0.987558940764,2.9709568139e-12
0.621494,0.0123478493546,0.987652150642,3.81139564354e-12
0.621496,0.0122556822625,0.98774431773,7.79920572569e-12
0.621498,0.0121645425235,0.987835457484,7.71982477943e-12
0.6215,0.0120744149264,0.987925585062,1.11958220472e-11
0.621502,0.0119852846541,0.988014715346,4.598543768e-13
0.621504,0.0118971370371,0.988102862961,1.71962444284e-12
0.621506,0.0118099577647,0.988190042239,3.20410364907e-12
0.621508,0.0117237326909,0.988276267299,1.04479758178e-11
0.62151,0.0116384480581,0.988361551929,1.24081855901e-11
0.621512,0.0115540902545,0.988445909736,8.9990237484e-12
0.621514,0.0114706459582,0.988529354051,8.93063401008e-12
0.621516,0.0113881019944,0.988611898,5.85675952181e-12
0.621518,0.0113064455521,0.988693554437,1.11626263788e-11
0.62152,0.0112256640048,0.988774336,4.35806946086e-12
0.621522,0.0111457448969,0.988854255105,1.88804527568e-12
0.621524,0.0110666760437,0.988933323964,7.36366523313e-12
0.621526,0.0109884454543,0.989011554543,2.47168951972e-12
0.621528,0.0109110413668,0.989088958627,6.53799236972e-12
0.62153,0.0108344522174,0.989165547786,3.80340203776e-12
0.621532,0.0107586666175,0.989241333382,2.3037127761e-13
0.621534,0.0106836734076,0.989316326606,1.38904443503e-11
0.621536,0.0106094615961,0.989390538401,2.90190094177e-12
0.621538,0.0105360204168,0.989463979585,1.57962531944e-12
0.62154,0.0104633392488,0.989536660752,3.57935903139e-13
0.621542,0.0103914076575,0.989608592328,1.46730405604e-11
0.621544,0.0103202154343,0.989679784563,2.94209101526e-12
0.621546,0.0102497524599,0.989750247538,2.4437118995e-12
0.621548,0.0101800088784,0.989819991128,6.13487038947e-12
0.62155,0.0101109749205,0.989889025081,1.90070181816e-12
0.621552,0.0100426410246,0.989957358975,5.67323965583e-13
0.621554,0.00997499778745,0.990025002225,1.21971321931e-11
0.621556,0.00990803595164,0.990091964051,2.94142488144e-12
0.621558,0.00984174642985,0.990158253575,4.51705339799e-12
0.62156,0.0097761202434,0.990223879755,1.98319138889e-12
0.621562,0.00971114860548,0.990288851385,9.98745530723e-12
0.621564,0.00964682289416,0.990353177112,5.79558623315e-12
0.621566,0.00958313454851,0.990416865457,5.03042052458e-12
0.621568,0.00952007519548,0.990479924805,8.93507490218e-13
0.62157,0.00945763663353,0.990542363365,1.28386190568e-12
0.621572,0.00939581072208,0.990604189268,1.02955421966e-11
0.621574,0.00933458951909,0.990665410475,6.36668495702e-12
0.621576,0.00927396518086,0.990726034816,2.95641289227e-12
0.621578,0.00921392997523,0.990786070033,7.78466180407e-12
0.62158,0.00915447629536,0.990845523702,3.08209013866e-12
0.621582,0.00909559669409,0.990904403299,7.20556947442e-12
0.621584,0.00903728382648,0.990962716174,4.07673894642e-13
0.621586,0.00897953043773,0.991020469568,5.24580379135e-12
0.621588,0.00892232940893,0.991077670592,4.50750547998e-13
0.62159,0.00886567373536,0.991134326262,3.08664205306e-12
0.621592,0.00880955653786,0.99119044347,7.56150697612e-12
0.621594,0.00875397100383,0.991246028997,3.65041330497e-13
0.621596,0.00869891045955,0.991301089536,4.21385148996e-12
0.621598,0.00864436834915,0.991355631658,6.65156818513e-12
0.6216,0.00859033815306,0.991409661844,3.13371550931e-12
0.621602,0.0085368135261,0.991463186481,6.73150424291e-12
0.621604,0.0084837881795,0.991516211818,2.18314255562e-12
0.621606,0.00843125595429,0.991568744051,5.56754642389e-12
0.621608,0.00837921074438,0.99162078925,5.61195534488e-12
0.62161,0.00832764655765,0.991672353433,9.80415748586e-12
0.621612,0.00827655751724,0.991723442477,5.75217651289e-12
0.621614,0.00822593780601,0.991774062202,7.51732009974e-12
0.621616,0.00817578167819,0.991824218327,4.86122253562e-12
0.621618,0.00812608351972,0.991873916472,8.06676947462e-12
0.62162,0.00807683779024,0.991923162209,3.27182725357e-13
0.621622,0.0080280390157,0.991971960985,9.97646409928e-13
0.621624,0.00797968180491,0.99202031819,5.3423931945e-12
0.621626,0.0079317608713,0.992068239122,6.52500276033e-12
0.621628,0.00788427098476,0.992115729024,8.54516457593e-12
0.62163,0.00783720698097,0.992162793018,5.33462163332e-13
0.621632,0.00779056380921,0.992209436193,2.63056243455e-12
0.621634,0.00774433646164,0.992255663534,3.8954395265e-12
0.621636,0.00769852003322,0.99230147996,6.78823663947e-12
0.621638,0.00765310967262,0.992346890321,6.04094552159e-12
0.62164,0.00760810060269,0.9923918994,2.4211743721e-12
0.621642,0.00756348811723,0.992436511887,3.76321196427e-12
0.621644,0.0075192675589,0.99248073244,1.45716771982e-12
0.621646,0.0074754343791,0.992524565619,2.02826644369e-12
0.621648,0.0074319840479,0.992568015949,3.3812952438e-12
0.62165,0.00738891216766,0.992611087833,1.1541878564e-12
0.621652,0.00734621432383,0.992653785675,8.65307825393e-13
0.621654,0.00730388622282,0.992696113779,2.09077199997e-12
0.621656,0.0072619236012,0.992738076401,2.6825208721e-12
0.621658,0.00722032227763,0.992779677721,1.00353059196e-12
0.62166,0.00717907811977,0.992820921882,1.29474209132e-12
0.621662,0.0071381870574,0.992861812937,5.49371659275e-12
0.621664,0.00709764507724,0.992902354921,1.62958535554e-12
0.621666,0.00705744822224,0.992942551777,9.43023437117e-13
0.621668,0.00701759258666,0.992982407414,8.06466005088e-13
0.62167,0.00697807433087,0.99302192567,6.03517236186e-13
0.621672,0.00693888965525,0.993061110345,7.03659353007e-13
0.621674,0.006900034828,0.993099965174,2.46558329309e-12
0.621676,0.00686150614075,0.993138493852,7.49034168024e-12
0.621678,0.00682329999483,0.993176700008,2.35944597193e-12
0.62168,0.0067854127716,0.993214587225,3.63531427183e-12
0.621682,0.00674784095602,0.993252159043,4.82947015712e-13
0.621684,0.00671058105268,0.993289418946,1.71473946153e-12
0.621686,0.00667362961028,0.993326370384,6.14441830749e-12
0.621688,0.00663698325302,0.993363016745,1.81576975677e-12
0.62169,0.00660063864222,0.993399361358,4.08784117667e-13
0.621692,0.00656459246086,0.993435407541,2.09410266905e-12
0.621694,0.00652884145752,0.993471158538,4.95647967114e-12
0.621696,0.00649338242115,0.993506617574,4.49618120513e-12
0.621698,0.00645821218983,0.993541787804,5.88051829453e-12
0.6217,0.00642332765144,0.993576672352,3.19144710659e-12
0.621702,0.00638872568885,0.993611274309,2.12063699934e-12
0.621704,0.00635440328602,0.993645596717,2.72959432834e-12
0.621706,0.00632035742416,0.993679642575,1.00153219051e-12
0.621708,0.00628658516324,0.993713414827,9.57467438667e-12
0.62171,0.00625308358728,0.993746916416,2.93765012316e-12
0.621712,0.0062198497838,0.993780150219,3.12039283301e-12
0.621714,0.00618688093764,0.993813119064,1.94866345282e-12
0.621716,0.00615417422216,0.993845825778,1.07469588784e-13
0.621718,0.0061217268838,0.993878273117,7.98250354705e-13
0.62172,0.00608953618159,0.99391046382,1.28608235173e-12
0.621722,0.00605759941912,0.993942400577,3.60322882642e-12
0.621724,0.00602591393307,0.993974086065,2.30149233005e-12
0.621726,0.00599447710253,0.994005522895,2.68374211743e-12
0.621728,0.00596328633121,0.994036713671,2.05102601569e-12
0.62173,0.00593233905792,0.99406766094,2.50477416586e-12
0.621732,0.00590163276098,0.994098367238,1.38922207071e-12
0.621734,0.00587116494183,0.99412883506,1.99107397236e-12
0.621736,0.0058409331433,0.994159066861,4.7832848793e-12
0.621738,0.00581093492907,0.994189065074,3.39261951865e-12
0.62174,0.00578116790576,0.994218832091,3.11273229414e-12
0.621742,0.0057516297119,0.994248370282,6.18161077881e-12
0.621744,0.0057223180024,0.994277681999,1.45683465291e-12
0.621746,0.00569323046603,0.994306769532,1.6232570843e-12
0.621748,0.00566436483161,0.994335635171,2.71649369665e-12
0.62175,0.00563571884889,0.994364281151,1.98729921408e-13
0.621752,0.00560729028391,0.994392709716,3.16302539716e-13
0.621754,0.00557907696228,0.994420923043,5.34372546213e-12
0.621756,0.00555107669453,0.994448923303,2.24298357665e-12
0.621758,0.00552328737086,0.994476712631,1.71174185937e-12
0.62176,0.00549570685539,0.994504293141,3.68971520004e-12
0.621762,0.00546833307142,0.994531666933,4.70334882152e-12
0.621764,0.00544116396382,0.99455883604,4.18354240139e-12
0.621766,0.00541419748644,0.994585802515,1.37578837212e-12
0.621768,0.00538743164616,0.994612568356,2.50133247448e-12
0.62177,0.00536086444345,0.994639135553,3.28503890756e-12
0.621772,0.00533449392739,0.994665506073,4.7384318691e-13
0.621774,0.00530831816613,0.994691681833,7.31414928623e-13
0.621776,0.00528233523227,0.994717664765,3.17024184682e-12
0.621778,0.00525654325499,0.994743456748,3.09130498977e-12
0.62178,0.00523094035219,0.994769059648,1.3389289677e-13
0.621782,0.00520552469679,0.994794475305,1.49191770049e-12
0.621784,0.0051802944553,0.994819705546,1.29785071579e-12
0.621786,0.00515524783564,0.994844752165,6.18838313926e-13
0.621788,0.00513038305694,0.994869616943,5.15809617241e-13
0.62179,0.00510569836924,0.994894301624,6.42608188883e-12
0.621792,0.00508119204008,0.994918807957,3.28603810829e-12
0.621794,0.0050568623489,0.994943137646,5.07105468728e-12
0.621796,0.00503270760952,0.99496729239,3.7736480607e-13
0.621798,0.00500872614323,0.99499127386,3.19566595408e-12
0.6218,0.00498491629656,0.995015083702,1.67177383048e-12
0.621802,0.00496127644462,0.995038723558,2.64566146768e-12
0.621804,0.00493780496948,0.995062195035,4.45932180071e-12
0.621806,0.00491450027235,0.995085499735,7.80553399693e-12
0.621808,0.00489136078266,0.995108639223,5.69477798251e-12
0.62181,0.00486838493434,0.995131615071,5.6581406227e-12
0.621812,0.00484557119513,0.995154428807,2.17670326208e-12
0.621814,0.00482291805045,0.995177081952,2.77577960617e-12
0.621816,0.00480042398626,0.995199576016,1.9657608874e-12
0.621818,0.00477808752046,0.995221912478,1.93633997725e-12
0.62182,0.00475590718671,0.995244092814,4.27435864481e-13
0.621822,0.00473388153376,0.995266118466,2.17936779734e-13
0.621824,0.00471200912095,0.995287990876,3.49797968369e-12
0.621826,0.00469028854182,0.99530971146,1.97131200252e-12
0.621828,0.00466871837979,0.995331281618,2.31259456029e-12
0.62183,0.00464729725492,0.995352702742,3.36985994664e-12
0.621832,0.00462602381317,0.995373976192,5.2522430849e-12
0.621834,0.00460489667604,0.995395103326,2.1280754936e-12
0.621836,0.00458391451893,0.995416085482,7.36077865326e-13
0.621838,0.00456307601534,0.995436923987,2.06590300422e-12
0.62184,0.00454237985957,0.995457620141,6.03295191581e-13
0.621842,0.00452182475197,0.995478175248,2.73003841755e-13
0.621844,0.00450140942109,0.995498590576,2.81630274657e-12
0.621846,0.0044811325958,0.9955188674,4.11859435445e-12
0.621848,0.00446099303624,0.995539006963,5.12700992772e-13
0.62185,0.00444098949903,0.995559010506,5.06927833044e-12
0.621852,0.00442112076506,0.995578879238,3.04267722129e-12
0.621854,0.00440138562207,0.995598614382,4.301226042e-12
0.621856,0.00438178286803,0.995618217126,6.39355235421e-12
0.621858,0.00436231134434,0.995637688653,2.77833311912e-12
0.62186,0.00434296986527,0.995657030136,1.51412216098e-12
0.621862,0.00432375727362,0.995676242722,3.93418631006e-12
0.621864,0.00430467243614,0.995695327564,3.28514992987e-13
0.621866,0.00428571422454,0.99571428578,4.82081041753e-12
0.621868,0.00426688150729,0.995733118497,4.08739708746e-12
0.62187,0.00424817318342,0.995751826814,2.11997086552e-12
0.621872,0.00422958816632,0.995770411836,1.95932159386e-12
0.621874,0.00421112537682,0.995788874624,4.59632332195e-13
0.621876,0.0041927837376,0.995807216266,3.22142312825e-12
0.621878,0.00417456219721,0.995825437805,1.91890947576e-12
0.62188,0.00415645969901,0.9958435403,1.41642253482e-12
0.621882,0.00413847521998,0.995861524783,3.03024272341e-12
0.621884,0.004120607734,0.995879392269,2.90323320939e-12
0.621886,0.00410285622236,0.995897143777,3.01980662698e-13
0.621888,0.0040852196901,0.995914780309,4.04010158661e-13
0.62189,0.00406769714442,0.995932302861,5.50248735465e-12
0.621892,0.00405028759423,0.9959497124,6.03173067049e-12
0.621894,0.00403299008873,0.995967009909,2.06523687041e-12
0.621896,0.00401580366284,0.995984196341,3.5844660573e-12
0.621898,0.00399872735409,0.996001272644,1.54265489272e-12
0.6219,0.00398176023931,0.996018239757,3.52518014779e-12
0.621902,0.00396490138417,0.996035098616,3.20854454117e-13
0.621904,0.00394814987356,0.996051850129,2.48800979818e-12
0.621906,0.00393150478623,0.996068495213,4.76951811379e-13
0.621908,0.00391496522846,0.99608503477,1.24733556817e-12
0.62191,0.00389853031496,0.996101469682,2.74769096364e-12
0.621912,0.00388219916424,0.996117800838,2.6465496461e-12
0.621914,0.00386597089721,0.996134029104,1.21214149829e-12
0.621916,0.0038498446571,0.996150155342,6.76458888904e-13
0.621918,0.00383381958428,0.996166180417,9.1704421834e-13
0.62192,0.00381789484154,0.996182105161,2.71915823191e-12
0.621922,0.00380206958741,0.996197930412,1.07414077632e-12
0.621924,0.00378634299728,0.996213657003,1.23234755733e-13
0.621926,0.00377071425169,0.996229285744,4.2694736635e-12
0.621928,0.00375518254234,0.996244817458,1.23900889548e-13
0.62193,0.00373974706367,0.996260252936,7.91033905045e-13
0.621932,0.00372440702854,0.996275592973,1.53499435385e-12
0.621934,0.00370916164336,0.996290838358,1.61515245622e-12
0.621936,0.00369401013422,0.996305989863,3.12139203373e-12
0.621938,0.00367895173762,0.996321048265,2.2046808823e-12
0.62194,0.0036639856831,0.99633601432,3.34732241924e-12
0.621942,0.00364911121638,0.99635088878,3.3725244819e-12
0.621944,0.00363432760116,0.996365672397,2.0737855877e-12
0.621946,0.00361963409091,0.996380365908,7.37077066049e-13
0.621948,0.00360502995716,0.996394970042,1.01385566609e-12
0.62195,0.00359051447718,0.996409485528,5.47650813587e-12
0.621952,0.0035760869299,0.996423913071,5.54667423103e-13
0.621954,0.00356174661133,0.996438253388,8.41882119573e-13
0.621956,0.00354749282103,0.996452507179,4.82502926502e-13
0.621958,0.00353332485796,0.996466675142,3.16857651228e-13
0.62196,0.00351924203572,0.99648075796,4.34763336443e-12
0.621962,0.00350524367761,0.996494756324,1.25699450848e-12
0.621964,0.00349132910541,0.996508670896,1.77036163507e-12
0.621966,0.00347749765374,0.996522502344,2.01361149976e-12
0.621968,0.00346374865757,0.996536251342,3.35065308832e-13
0.62197,0.00345008146659,0.996549918536,2.49356091331e-12
0.621972,0.00343649542878,0.99656350457,1.65079061532e-12
0.621974,0.00342298990793,0.996577010089,2.92943447278e-12
0.621976,0.00340956426308,0.996590435733,4.13635792285e-12
0.621978,0.00339621787389,0.996603782129,2.86703993879e-12
0.62198,0.00338295010713,0.996617049893,5.41788836017e-14
0.621982,0.00336976034965,0.996630239649,1.26909593945e-12
0.621984,0.00335664800016,0.996643352004,4.16999768049e-12
0.621986,0.00334361243425,0.99665638756,5.26778620724e-12
0.621988,0.003330653074,0.996669346925,7.00883795446e-13
0.62199,0.00331776931268,0.996682230686,1.27620136681e-12
0.621992,0.00330496056921,0.99669503943,3.94240196044e-13
0.621994,0.00329222626075,0.996707773737,1.88982163252e-12
0.621996,0.00327956581141,0.996720434189,7.32747196253e-14
0.621998,0.00326697864857,0.996733021352,3.8413716652e-13
0.622,0.00325446421005,0.996745535788,1.79034564951e-12
0.623933333333,0.000408868675503,0.999591131326,1.09312559005e-12
0.625866666667,0.000155359975547,0.999844640024,2.22488694135e-13
0.6278,8.28392948247e-05,0.999917160706,4.283240429e-13
0.629733333333,5.21994953822e-05,0.999947800505,2.87769807983e-13
0.631666666667,3.63440244632e-05,0.999963655976,7.66053886991e-15
0.6336,2.70425888486e-05,0.999972957411,2.5834889783e-13
0.635533333333,2.10988736415e-05,0.999978901126,9.07052211119e-14
0.637466666667,1.70575070007e-05,0.999982942493,2.0872192863e-14
0.6394,1.41770480009e-05,0.999985822952,1.28785870857e-14
0.641333333333,1.20467199351e-05,0.99998795328,9.0261131902e-14
0.643266666667,1.0423615913e-05,0.999989576384,4.50306458788e-13
0.6452,9.15640355284e-06,0.999990843596,5.83977310953e-14
0.647133333333,8.14668457298e-06,0.999991853315,5.16142684148e-13
0.649066666667,7.32815512894e-06,0.999992671845,5.87974113841e-13
0.651,6.65476578035e-06,0.999993345234,4.10338429901e-13
0.652933333333,6.09369285084e-06,0.999993906307,5.24913446043e-13
0.654866666667,5.62100654935e-06,0.999994378994,3.59934304583e-13
0.6568,5.21891311397e-06,0.999994781087,2.33812968986e-13
0.658733333333,4.87394855847e-06,0.999995126053,1.31605837339e-12
0.660666666667,4.57576572469e-06,0.999995424232,2.49500420324e-12
0.6626,4.31630146626e-06,0.999995683699,1.70530256582e-13
0.664533333333,4.08919335904e-06,0.999995910805,1.82209802801e-12
0.666466666667,3.88936380767e-06,0.999996110636,2.20046203481e-13
0.6684,3.7127186723e-06,0.999996287283,1.19437792989e-12
0.670333333333,3.55592564649e-06,0.999996444077,3.056888076e-12
0.672266666667,3.41624907906e-06,0.999996583751,2.05502281858e-13
0.6742,3.2914253387e-06,0.999996708574,8.34332603006e-13
0.676133333333,3.17956770016e-06,0.999996820431,1.09245945623e-12
0.678066666667,3.07909299541e-06,0.999996920905,2.31070718115e-12
0.68,2.98866449874e-06,0.999997011334,1.68942637657e-12
0.681933333333,2.90714705205e-06,0.999997092854,6.67910171614e-13
0.683866666667,2.83357150949e-06,0.999997166429,8.76410055639e-13
0.6858,2.76710634605e-06,0.999997232897,3.05777625442e-12
0.687733333333,2.70703481944e-06,0.999997292968,2.78133072129e-12
0.689666666667,2.6527364736e-06,0.999997347269,5.25024468345e-12
0.6916,2.60367206106e-06,0.999997396326,1.49580348108e-12
0.693533333333,2.55937117838e-06,0.999997440627,1.36823885555e-12
0.695466666667,2.51942206725e-06,0.999997480582,3.74100750378e-12
0.6974,2.48346315825e-06,0.999997516535,1.59205981731e-12
0.699333333333,2.45117602227e-06,0.999997548823,1.41975320389e-12
0.701266666667,2.42227946782e-06,0.99999757772,8.6519680309e-13
0.7032,2.39652457488e-06,0.999997603467,8.70326033464e-12
0.705133333333,2.3736904992e-06,0.999997626311,1.99529281986e-12
0.707066666667,2.35358091222e-06,0.99999764642,1.32627242522e-12
0.709,2.33602096969e-06,0.999997663984,4.62296867454e-12
0.710933333333,2.32085471929e-06,0.99999767915,4.83457718303e-12
0.712866666667,2.30794287785e-06,0.999997692055,2.11375361658e-12
0.7148,2.29716091746e-06,0.999997702837,2.39797071089e-12
0.716733333333,2.28839741362e-06,0.999997711606,3.27360361041e-12
0.718666666667,2.28155261408e-06,0.99999771845,2.23532303778e-12
0.7206,2.27653719671e-06,0.999997723464,8.39106562012e-13
0.722533333333,2.27327118724e-06,0.999997726729,5.9285909515e-14
0.724466666667,2.27168301514e-06,0.999997728317,1.36557432029e-13
0.7264,2.27170868679e-06,0.999997728291,8.12017120211e-13
0.728333333333,2.27329106088e-06,0.999997726705,3.98214794473e-12
0.730266666667,2.27637921139e-06,0.999997723618,2.6058044611e-12
0.7322,2.28092786682e-06,0.999997719071,9.46021039283e-13
0.734133333333,2.28689691525e-06,0.999997713104,1.19682042055e-12
0.736066666667,2.29425096757e-06,0.999997705751,1.49169565589e-12
0.738,2.30295897056e-06,0.999997697051,9.50017842172e-12
0.739933333333,2.31299386426e-06,0.999997687008,2.05768735384e-12
0.741866666667,2.32433227815e-06,0.999997675671,2.80619971704e-12
0.7438,2.33695426145e-06,0.999997663045,5.7753801741e-13
0.745733333333,2.35084304347e-06,0.99999764916,3.38284955603e-12
0.747666666667,2.36598482066e-06,0.99999763402,5.13922238099e-12
0.7496,2.38236856712e-06,0.999997617629,2.83961743008e-12
0.751533333333,2.3999858668e-06,0.999997600012,1.83109083451e-12
0.753466666667,2.41883076352e-06,0.99999758117,9.05941988094e-13
0.7554,2.43889962854e-06,0.9999975611,8.35220781426e-13
0.757333333333,2.46019104272e-06,0.999997539817,8.51030357296e-12
0.759266666667,2.48270569252e-06,0.999997517296,1.8440804439e-12
0.7612,2.50644627788e-06,0.999997493557,2.88369328416e-12
0.763133333333,2.53141743135e-06,0.999997468583,8.12239164816e-13
0.765066666667,2.55762564679e-06,0.99999744238,5.39346345363e-12
0.767,2.58507921793e-06,0.999997414921,1.95066185427e-13
0.768933333333,2.61378818397e-06,0.999997386214,2.13318251951e-12
0.770866666667,2.64376428424e-06,0.999997356231,4.33453273274e-12
0.7728,2.67502091816e-06,0.999997324976,3.5708103141e-12
0.774733333333,2.70757311314e-06,0.999997292436,8.95195029216e-12
0.776666666667,2.74143749692e-06,0.99999725857,7.04281077901e-12
0.7786,2.77663227675e-06,0.999997223372,4.50439685551e-12
0.780533333333,2.81317722241e-06,0.999997186826,3.16657811084e-12
0.782466666667,2.85109365508e-06,0.999997148907,1.04272146473e-12
0.7844,2.89040443962e-06,0.999997109595,6.672440378e-14
0.786333333333,2.93113398214e-06,0.999997068861,5.41255928965e-12
0.788266666667,2.97330823042e-06,0.999997026693,1.6140422332e-12
0.7902,3.01695467938e-06,0.999996983047,1.41020528588e-12
0.792133333333,3.06210237863e-06,0.999996937892,5.72397684806e-12
0.794066666667,3.10878194529e-06,0.999996891214,3.67594843453e-12
0.796,3.15702557838e-06,0.999996842969,5.58952883978e-12
0.797933333333,3.20686707778e-06,0.999996793128,4.91107154943e-12
0.799866666667,3.25834186567e-06,0.999996741654,3.68116648275e-12
0.8018,3.31148701149e-06,0.999996688518,5.34017274845e-12
0.803733333333,3.36634125896e-06,0.999996633654,4.84046136506e-12
0.805666666667,3.42294505784e-06,0.999996577047,7.70217223334e-12
0.8076,3.48134059653e-06,0.999996518659,8.72635297355e-14
0.809533333333,3.54157183952e-06,0.999996458419,9.63051860481e-12
0.811466666667,3.60368456631e-06,0.99999639632,4.61741755942e-12
0.8134,3.66772641415e-06,0.999996332262,1.18187681863e-11
0.815333333333,3.73374692339e-06,0.999996266258,4.5492498657e-12
0.817266666667,3.80179758574e-06,0.999996198198,4.89874807386e-12
0.8192,3.87193189537e-06,0.999996128064,4.02711197722e-12
0.821133333333,3.94420540396e-06,0.999996055797,2.72382116862e-12
0.823066666667,4.01867577709e-06,0.999995981334,9.57878221186e-12
0.825,4.09540285567e-06,0.999995904595,1.99895655584e-12
0.826933333333,4.17444871893e-06,0.999995825555,3.34110517031e-12
0.828866666667,4.25587775201e-06,0.99999574412,2.24220642053e-12
0.8308,4.33975671549e-06,0.999995660231,1.17913456776e-11
0.832733333333,4.42615481987e-06,0.999995573837,8.42792502453e-12
0.834666666667,4.5151438017e-06,0.999995484866,9.69468949563e-12
0.8366,4.60679800552e-06,0.999995393212,1.04118935695e-11
0.838533333333,4.70119446693e-06,0.999995298805,1.02839958771e-12
0.840466666667,4.79841300224e-06,0.999995201583,3.93540755539e-12
0.8424,4.89853629923e-06,0.999995101474,1.03050901146e-11
0.844333333333,5.0016500144e-06,0.999994998351,1.47903911341e-12
0.846266666667,5.1078428725e-06,0.999994892169,1.15687459612e-11
0.8482,5.2172067719e-06,0.999994782789,4.17321732726e-12
0.850133333333,5.32983689311e-06,0.999994670164,9.67448343658e-13
0.852066666667,5.4458318133e-06,0.999994554169,8.03579425224e-13
0.854,5.5652936238e-06,0.999994434707,1.82076576039e-13
0.855933333333,5.68832805483e-06,0.999994311666,6.16218187588e-12
0.857866666667,5.81504460326e-06,0.999994184957,1.66955338443e-12
0.8598,5.94555666761e-06,0.999994054449,6.15307804708e-12
0.861733333333,6.07998168662e-06,0.999993920023,4.92228480198e-12
0.863666666667,6.21844128592e-06,0.999993781554,4.56024107365e-12
0.8656,6.36106142854e-06,0.999993638946,7.74691422123e-12
0.867533333333,6.50797257335e-06,0.999993492033,5.7753801741e-12
0.869466666667,6.65930983886e-06,0.999993340693,2.44937403693e-12
0.8714,6.81521317528e-06,0.99999318479,3.55426799103e-12
0.873333333333,6.97582754128e-06,0.999993024184,1.13820064485e-11
0.875266666667,7.14130309119e-06,0.999992858698,1.10689235555e-12
0.8772,7.31179536726e-06,0.999992688203,1.80699899488e-12
0.879133333333,7.48746550163e-06,0.999992512542,7.79643016813e-12
0.881066666667,7.66848042551e-06,0.999992331525,5.43609601777e-12
0.883,7.85501308894e-06,0.999992144977,9.43456424096e-12
0.884933333333,8.04724268691e-06,0.999991952764,6.73949784868e-12
0.886866666667,8.24535489775e-06,0.999991754647,2.08921768774e-12
0.8888,8.4495421298e-06,0.999991550461,3.3135716393e-12
0.890733333333,8.6600037796e-06,0.999991340001,4.98912022806e-12
0.892666666667,8.87694649926e-06,0.999991123054,8.02913291409e-13
0.8946,9.10058447797e-06,0.999990899414,1.40087941247e-12
0.896533333333,9.33113973221e-06,0.99999066885,1.06736841587e-11
0.898466666667,9.56884241067e-06,0.999990431166,8.15281175903e-12
0.9004,9.81393111129e-06,0.999990186081,1.21715970636e-11
0.902333333333,1.00666532115e-05,0.999989933349,2.59325894092e-12
0.904266666667,1.03272652141e-05,0.999989672738,3.3544278466e-12
0.9062,1.05960331057e-05,0.999989403969,2.47135645282e-12
0.908133333333,1.08732327323e-05,0.999989126777,9.9185104574e-12
0.910066666667,1.11591501914e-05,0.999988840846,4.27491375632e-12
0.912,1.1454082239e-05,0.999988545913,5.19251308617e-12
0.913933333333,1.1758336717e-05,0.999988241672,9.19420095613e-12
0.915866666667,1.20722329958e-05,0.999987927766,1.4652723479e-12
0.9178,1.23961024412e-05,0.999987603902,4.36628511125e-12
0.919733333333,1.27302888957e-05,0.999987269702,8.87490081425e-12
0.921666666667,1.30751491861e-05,0.999986924846,4.5083936584e-12
0.9236,1.34310536502e-05,0.999986568949,2.45559128587e-12
0.925533333333,1.37983866881e-05,0.999986201608,5.6130655679e-12
0.927466666667,1.41775473376e-05,0.999985822455,2.59436916394e-12
0.9294,1.45689498754e-05,0.99998543104,9.93760629342e-12
0.931333333333,1.4973024444e-05,0.999985026964,1.16968656982e-11
0.933266666667,1.53902177092e-05,0.999984609787,4.35229630114e-12
0.9352,1.58209935415e-05,0.999984179,6.57884857702e-12
0.937133333333,1.62658337359e-05,0.999983734164,2.06745731646e-12
0.939066666667,1.67252387569e-05,0.999983274748,1.31346045151e-11
0.941,1.71997285222e-05,0.999982800262,9.68103375243e-12
0.942933333333,1.76898432184e-05,0.999982310161,4.07918143708e-12
0.944866666667,1.81961441553e-05,0.999981803861,4.78284079009e-12
0.9468,1.87192146593e-05,0.999981280775,1.07198694366e-11
0.948733333333,1.92596610093e-05,0.999980740328,1.0692113861e-11
0.950666666667,1.98181134098e-05,0.99998018188,6.66267041538e-12
0.9526,2.03952270163e-05,0.99997960477,3.19477777566e-12
0.954533333333,2.09916830024e-05,0.999979008316,1.38744571387e-12
0.956466666667,2.16081896798e-05,0.999978391814,3.55870888313e-12
0.9584,2.22454836685e-05,0.999977754517,1.00142116821e-12
0.960333333333,2.29043311228e-05,0.999977095668,8.90509888052e-13
0.962266666667,2.35855290142e-05,0.99997641447,9.77662395485e-13
0.9642,2.4289906476e-05,0.999975710091,2.44981812614e-12
0.966133333333,2.50183262091e-05,0.999974981678,3.8369307731e-12
0.968066666667,2.57716859571e-05,0.999974228319,4.91851004369e-12
0.97,2.65509200504e-05,0.999973449082,2.25064411552e-12
0.971933333333,2.73570010246e-05,0.999972642999,4.71955807768e-13
0.973866666667,2.81909413166e-05,0.999971809056,2.86948242945e-12
0.9758,2.90537950433e-05,0.999970946211,5.82689452244e-12
0.977733333333,2.99466598645e-05,0.999970053342,1.42419409599e-12
0.979666666667,3.08706789391e-05,0.999969129327,6.40065778157e-12
0.9816,3.18270429755e-05,0.999968172962,4.92561547105e-12
0.983533333333,3.28169923825e-05,0.999967183004,3.47044615268e-12
0.985466666667,3.38418195285e-05,0.999966158182,1.18793863635e-12
0.9874,3.49028711071e-05,0.999965097136,6.67865762694e-12
0.989333333333,3.60015506281e-05,0.999963998455,6.06048544682e-12
0.991266666667,3.71393210259e-05,0.999962860682,3.23208126929e-12
0.9932,3.83177074044e-05,0.999961682291,1.76758607751e-12
0.995133333333,3.95382999138e-05,0.999960461693,6.70274946657e-12
0.997066666667,4.080275678e-05,0.999959197246,2.62523336403e-12
0.999,4.21128074833e-05,0.999957887188,4.2515990728e-12
1.00093333333,4.34702560996e-05,0.999956529737,6.40287822762e-12
1.00286666667,4.48769848156e-05,0.999955123011,4.16988665819e-12
1.0048,4.63349576217e-05,0.999953665038,4.43434178266e-12
1.00673333333,4.78462241986e-05,0.99995215378,4.37183622637e-12
1.00866666667,4.94129240032e-05,0.999950587073,3.07598391203e-12
1.0106,5.10372905702e-05,0.999948962715,5.86020121318e-12
1.01253333333,5.27216560368e-05,0.999947278337,6.83009204749e-12
1.01446666667,5.44684559071e-05,0.999945531535,9.32942612053e-12
1.0164,5.62802340691e-05,0.999943719767,7.42739203474e-13
1.01833333333,5.81596480722e-05,0.999941840347,4.52549109298e-12
1.02026666667,6.01094747002e-05,0.999939890529,3.24229532112e-12
1.0222,6.21326158234e-05,0.999937867381,3.52751161614e-12
1.02413333333,6.42321045855e-05,0.999935767899,3.32645022638e-12
1.02606666667,6.64111119084e-05,0.999933588888,3.92796906112e-13
1.028,6.86729533647e-05,0.99993132705,3.15081294389e-12
1.02993333333,7.10210964156e-05,0.999928978898,5.2705617648e-12
1.03186666667,7.34591680525e-05,0.999926540835,3.09841041712e-12
1.0338,7.59909628556e-05,0.99992400904,3.33755245663e-12
1.03573333333,7.86204515015e-05,0.99992137954,8.97681928791e-12
1.03766666667,8.13517897467e-05,0.999918648211,9.79660796929e-13
1.0396,8.41893279085e-05,0.99991581067,1.89781523829e-12
1.04153333333,8.71376208836e-05,0.999912862376,3.22475379733e-12
1.04346666667,9.02014387413e-05,0.99990979856,1.67510449955e-12
1.0454,9.33857778963e-05,0.999906614223,1.21080923066e-12
1.04733333333,9.6695872946e-05,0.999903304118,9.35351796016e-12
1.04926666667,0.000100137209178,0.999899862779,1.17283960321e-11
1.0512,0.00010371553579,0.999896284462,1.81754611361e-12
1.05313333333,0.000107436879897,0.999892563117,3.59223761848e-12
1.05506666667,0.000111307561345,0.999888692432,6.52766729559e-12
1.057,0.000115334208399,0.999884665793,1.25166543796e-12
1.05893333333,0.000119523774354,0.999880476235,9.76418945697e-12
1.06086666667,0.000123883555141,0.999876116449,3.92152976758e-12
1.0628,0.000128421207976,0.999871578789,2.55773180413e-12
1.06473333333,0.000133144771141,0.99986685523,9.21041021229e-13
1.06666666667,0.000138062684958,0.999861937316,6.24611473654e-13
1.0686,0.000143183814017,0.999856816186,1.9162449405e-13
1.07053333333,0.00014851747081,0.999851482526,3.57247564864e-12
1.07246666667,0.00015407344078,0.99984592655,8.95139518065e-12
1.0744,0.00015986200895,0.999840137996,4.70867789204e-12
1.07633333333,0.000165893988172,0.999834106011,5.87419002329e-13
1.07826666667,0.000172180749207,0.999827819243,8.27893309463e-12
1.0802,0.000178734252652,0.999821265751,3.96394028712e-12
1.08213333333,0.000185567082915,0.99981443291,7.57294227327e-12
1.08406666667,0.000192692484368,0.999807307514,1.16107123915e-12
1.086,0.000200124399819,0.999799875601,4.07451850037e-13
1.08793333333,0.000207877511471,0.999792122484,4.89452922636e-12
1.08986666667,0.000215967284565,0.999784032714,1.76703096599e-12
1.0918,0.000224410013871,0.999775589989,3.29780647235e-12
1.09373333333,0.000233222873257,0.999766777132,4.82835993409e-12
1.09566666667,0.000242423968568,0.99975757603,9.66227098331e-13
1.0976,0.00025203239402,0.999747967601,5.09148279093e-12
1.09953333333,0.000262068292419,0.999737931707,9.74553771016e-13
1.10146666667,0.000272552919459,0.999727447082,1.28852484238e-12
1.1034,0.000283508712419,0.999716491286,1.55853108197e-12
1.10533333333,0.000294959363591,0.999705040634,2.84283707686e-12
1.10726666667,0.000306929898805,0.999693070103,1.68109970389e-12
1.1092,0.000319446761419,0.999680553239,1.97619698383e-13
1.11113333333,0.000332537902265,0.999667462093,4.96158669705e-12
1.11306666667,0.000346232875926,0.999653767128,4.07784916945e-12
1.115,0.000360562943898,0.999639437052,3.85835807748e-12
1.11693333333,0.000375561185244,0.999624438815,2.29705143795e-13
1.11886666667,0.000391262615142,0.999608737391,6.14797102116e-12
1.1208,0.000407704312227,0.99959229569,1.77546866098e-12
1.12273333333,0.000424925555257,0.999575074448,3.45923290013e-12
1.12466666667,0.000442967969911,0.999557032031,1.03983488486e-12
1.1266,0.000461875686607,0.999538124319,5.5226934137e-12
1.12853333333,0.000481695510217,0.999518304493,2.79554157601e-12
1.13046666667,0.000502477102693,0.999497522899,1.44129153057e-12
1.1324,0.000524273179701,0.999475726821,7.77600206447e-13
1.13433333333,0.000547139722451,0.999452860275,2.86615176037e-12
1.13626666667,0.000571136206083,0.99942886379,4.22584189863e-12
1.1382,0.000596325846007,0.999403674158,4.33586500037e-12
1.14013333333,0.000622775863782,0.999377224137,1.13575815419e-12
1.14206666667,0.00065055777431,0.999349442235,9.45710176836e-12
1.144,0.000679747696227,0.999320252291,1.25953691921e-11
1.14593333333,0.000710426687553,0.999289573309,3.51940698806e-12
1.14786666667,0.000742681109048,0.99925731889,1.3662404541e-12
1.1498,0.000776603017588,0.999223396982,1.68753899743e-14
1.15173333333,0.000812290592741,0.999187709405,2.39519515333e-12
1.15366666667,0.000849848599136,0.999150151398,2.37310171514e-12
1.1556,0.000889388888615,0.999110611109,2.18247642181e-12
1.15753333333,0.000931030945473,0.999068969052,2.66298094687e-12
1.15946666667,0.000974902479376,0.999025097518,2.56639154372e-12
1.1614,0.00102114007025,0.998978859931,1.71840319751e-12
1.16333333333,0.00106988987069,0.998930110124,4.95337104667e-12
1.16526666667,0.00112130837123,0.99887869163,1.42152956073e-12
1.1672,0.00117556323527,0.998824436761,3.56281670832e-12
1.16913333333,0.00123283421026,0.998767165789,7.32525151648e-13
1.17106666667,0.00129331412351,0.998706685879,2.40496511594e-12
1.173,0.00135720997122,0.998642790033,3.81294995577e-12
1.17493333333,0.00142474411072,0.998575255888,9.84545778238e-13
1.17686666667,0.00149615556647,0.998503844431,2.61879407049e-12
1.1788,0.00157170146311,0.998428298541,4.18687307047e-12
1.18073333333,0.00165165859815,0.998348341397,4.69302374739e-12
1.18266666667,0.00173632517118,0.998263674829,6.54365450714e-13
1.1846,0.00182602268558,0.998173977313,1.26776367182e-12
1.18653333333,0.00192109804389,0.998078901955,1.18838272556e-12
1.18846666667,0.00202192585757,0.997978074148,5.98832095022e-12
1.1904,0.00212891099716,0.997871089004,1.42819089888e-12
1.19233333333,0.0022424914105,0.997757508588,1.06981090653e-12
1.19426666667,0.00236314124125,0.99763685876,1.41819889166e-12
1.1962,0.00249137428349,0.99750862572,3.58379992349e-12
1.19813333333,0.00262774781445,0.997372252182,4.03199695853e-12
1.2,0.0027677101465,0.997232289863,9.593881245e-12
1.20006666667,0.00277286685078,0.997227133151,1.72750702632e-12
1.20035,0.00279490785572,0.997205092154,9.29545329598e-12
1.2007,0.00282241689202,0.997177583108,4.26103596851e-13
1.20105,0.00285024140142,0.997149758595,3.15725223743e-12
1.2014,0.00287838559414,0.997121614409,3.08486569622e-12
1.20175,0.00290685374537,0.997093146253,1.27031718478e-12
1.202,0.00292738888312,0.997072611114,2.5290880501e-12
1.2021,0.00293565019627,0.997064349803,8.38662472802e-13
1.20245,0.00296477935575,0.997035220648,3.31112914864e-12
1.2028,0.00299424570093,0.997005754304,4.63984406451e-12
1.20315,0.00302405377891,0.996975946217,4.02633482111e-12
1.2035,0.00305420820783,0.996945791789,2.76878520111e-12
1.20385,0.00308471367819,0.996915286318,3.9539482799e-12
1.20393333333,0.00309202914842,0.996907970846,5.17741405304e-12
1.2042,0.00311557495378,0.996884425052,5.30508970087e-12
1.20455,0.00314679687387,0.996853203128,1.88693505265e-12
1.2049,0.00317838435346,0.996821615646,2.39031017202e-13
1.20525,0.00321034238573,0.996789657615,3.18634008067e-13
1.2056,0.00324267604256,0.996757323952,4.98823204964e-12
1.20586666667,0.00326756651061,0.996732433486,3.22875060021e-12
1.20595,0.00327539047661,0.996724609528,4.69002614523e-12
1.2063,0.00330849092246,0.996691509077,5.4778404035e-13
1.20665,0.00334198269801,0.996658017301,8.95283847058e-13
1.207,0.00337587120651,0.996624128797,3.34665628543e-12
1.20735,0.00341016193759,0.996589838059,3.42026407196e-12
1.2077,0.00344486046891,0.996555139533,1.86162196769e-12
1.2078,0.00345485002804,0.996545149971,7.62945262522e-13
1.20805,0.00347997246842,0.996520027535,3.39239747404e-12
1.2084,0.00351550369509,0.9964844963,4.75219863461e-12
1.20875,0.00355146000116,0.996448540001,1.99640304288e-12
1.2091,0.00358784733398,0.996412152658,7.80342457318e-12
1.20945,0.00362467173731,0.996375328256,6.22202289691e-12
1.20973333333,0.00365480630045,0.996345193699,9.3913765653e-13
1.2098,0.00366193935351,0.996338060644,2.055910997e-12
1.21015,0.0036996564254,0.996300343578,3.07220915374e-12
1.2105,0.00373782929767,0.996262170699,3.41093819856e-12
1.21085,0.00377646441938,0.996223535586,5.65214541837e-12
1.2112,0.00381556834581,0.996184431656,1.4561685191e-12
1.21155,0.00385514773998,0.99614485226,1.54432022725e-13
1.21166666667,0.00386844769843,0.996131552302,6.29496454962e-13
1.2119,0.00389520937544,0.996104790624,7.32525151648e-13
1.21225,0.00393576013784,0.996064239865,3.20143911381e-12
1.2126,0.00397680702714,0.996023192971,1.50868206816e-12
1.21295,0.00401835716,0.995981642844,3.57713858534e-12
1.2133,0.00406041777197,0.995939582231,3.25806048806e-12
1.2136,0.00409688159774,0.995903118399,2.87092571938e-12
1.21365,0.00410299621948,0.995897003778,2.92821322745e-12
1.214,0.00414609998271,0.995853900019,1.43973721833e-12
1.21435,0.00418973666738,0.995810263334,1.71862524212e-12
1.2147,0.00423391400765,0.995766085995,3.06776826164e-12
1.21505,0.00427863986838,0.995721360131,7.26863014222e-13
1.2154,0.00432392224762,0.995676077751,1.86473059216e-12
1.21553333333,0.00434132075731,0.995658679235,7.49000861333e-12
1.21575,0.00436976927959,0.995630230716,4.43001191286e-12
1.2161,0.00441618923679,0.995583810757,6.0458305029e-12
1.21645,0.00446319053323,0.995536809472,5.16031661846e-12
1.2168,0.00451078172691,0.995489218276,2.61080046471e-12
1.21715,0.00455897152264,0.995441028475,2.37176944751e-12
1.21746666667,0.00460309500093,0.995396904999,1.66533453694e-14
1.2175,0.00460776877509,0.995392231231,6.30495655685e-12
1.21785,0.00465718249196,0.995342817509,1.02184927186e-12
1.2182,0.00470722183634,0.995292778164,1.75415237891e-13
1.21855,0.00475789613063,0.995242103871,1.55830903736e-12
1.2189,0.00480921485922,0.995190785137,3.86624066095e-12
1.21925,0.00486118767171,0.995138812334,5.26800825185e-12
1.2194,0.00488366439115,0.995116335608,6.64357457936e-13
1.2196,0.00491382438674,0.99508617561,3.29325455795e-12
1.21995,0.00496713499465,0.995032865007,2.15383266777e-12
1.2203,0.00502112966137,0.994978870334,4.39048797318e-12
1.22065,0.00507581873253,0.994924181264,3.28959082196e-12
1.221,0.00513121273591,0.994868787262,2.43061126781e-12
1.22133333333,0.00518463410993,0.994815365893,3.1561420144e-12
1.22135,0.00518732238596,0.994812677616,2.37032615757e-12
1.2217,0.00524415858755,0.994755841411,1.8394175072e-12
1.22205,0.00530173243964,0.994698267563,2.21200835426e-12
1.2224,0.00536005523947,0.994639944759,1.31938904246e-12
1.22275,0.00541913848656,0.99458086152,6.64024391028e-12
1.2231,0.00547899388677,0.99452100611,3.60200758109e-12
1.22326666667,0.00550777129903,0.994492228706,4.60986804285e-12
1.22345,0.00553963335703,0.994460366645,1.70552461043e-12
1.2238,0.00560106902883,0.994398930974,2.51687559683e-12
1.22415,0.00566331325375,0.994336686741,5.38435962483e-12
1.2245,0.00572637860771,0.994273621397,5.03530550588e-12
1.22485,0.00579027789485,0.994209722106,8.46211989369e-13
1.2252,0.00585502415378,0.994144975843,3.04911651483e-12
1.22555,0.00592063066123,0.99407936934,1.17750253992e-12
1.2259,0.00598711093777,0.994012889064,2.2495338925e-12
1.22625,0.00605447875298,0.993945521244,2.75968137231e-12
1.2266,0.00612274813038,0.993877251867,2.22144524997e-12
1.22695,0.00619193335293,0.993808066648,1.41975320389e-12
1.22713333333,0.00622854361262,0.993771456388,5.38014077733e-13
1.2273,0.00626204896929,0.993737951035,4.19508872085e-12
1.22765,0.00633310979815,0.993666890201,4.16000567327e-13
1.228,0.00640513093543,0.993594869064,4.012346011e-13
1.22835,0.00647812775956,0.993521872247,6.86073420297e-12
1.2287,0.00655211593712,0.993447884063,1.49658063719e-13
1.22905,0.00662711143056,0.993372888571,1.1091128016e-12
1.22906666667,0.00663070804591,0.993369291951,3.22752935489e-12
1.2294,0.00670313050297,0.993296869496,1.53033141714e-12
1.22975,0.00678018972571,0.993219810275,3.61044527608e-13
1.2301,0.00685830598491,0.993141694011,4.06397138164e-12
1.23045,0.00693749648822,0.993062503516,4.04365430029e-12
1.2308,0.00701777877219,0.992982221226,1.72972747237e-12
1.231,0.00706415141415,0.992935848585,5.22915044598e-13
1.23115,0.00709917070913,0.992900829288,2.67874611382e-12
1.2315,0.00718169051494,0.992818309486,1.37689859514e-12
1.23185,0.00726535675612,0.99273464324,3.42426087485e-12
1.2322,0.0073501883589,0.992649811642,9.72555369572e-13
1.23255,0.00743620461563,0.992563795383,8.94728735545e-13
1.2329,0.00752342519428,0.992476574801,5.2071680301e-12
1.23293333333,0.00753179545366,0.992468204547,7.35855820722e-13
1.23325,0.00761187014599,0.992388129851,2.72071254415e-12
1.2336,0.00770155991431,0.992298440091,5.28754817708e-12
1.23395,0.00779251534424,0.992207484656,7.97140131681e-14
1.2343,0.00788475769027,0.992115242308,1.54398716035e-12
1.23465,0.00797830862686,0.992021691369,3.65596442009e-12
1.23486666667,0.00803688654275,0.991963113453,3.7647662765e-12
1.235,0.00807319025799,0.991926809745,3.40683037336e-12
1.23535,0.00816942512573,0.991830574875,3.22630810956e-13
1.2357,0.00826703622207,0.991732963769,8.89899265388e-12
1.23605,0.00836604699798,0.991633953003,8.1468165547e-13
1.2364,0.00846648137378,0.991533518626,6.807887587e-13
1.23675,0.00856836375257,0.991431636249,1.55631063592e-12
1.2368,0.0085830380276,0.99141696197,2.08810746471e-12
1.2371,0.00867171902777,0.991328280976,3.89421828118e-12
1.23745,0.00877657259726,0.991223427404,1.31517019497e-12
1.2378,0.00888295037459,0.991117049624,1.59394719645e-12
1.23815,0.00899087880015,0.991009121197,2.65010235978e-12
1.2385,0.00910038485495,0.990899615155,9.75819425264e-12
1.23873333333,0.00917427892543,0.990825721076,1.3706813462e-12
1.23885,0.00921149607208,0.99078850393,1.84541271153e-12
1.2392,0.00932424055113,0.990675759449,4.51860771022e-13
1.23955,0.00943864697106,0.990561353033,4.05053768304e-12
1.2399,0.00955474460323,0.990445255395,1.51989532071e-12
1.24025,0.00967256332707,0.990327436672,8.93507490218e-13
1.2406,0.00979213364402,0.990207866354,1.51079149191e-12
1.24066666667,0.00981511010264,0.990184889894,3.71380703967e-12
1.24095,0.00991348669182,0.990086513299,9.18487508272e-12
1.2413,0.0100366542615,0.989963345745,6.48969766814e-12
1.24165,0.0101616688115,0.989838331189,5.41788836017e-13
1.242,0.0102885634849,0.989711436513,2.54463117244e-12
1.24235,0.0104173721267,0.989582627865,8.17634848715e-12
1.2426,0.0105105692332,0.989489430768,9.1882057518e-13
1.2427,0.0105481292995,0.989451870702,1.21125331987e-12
1.24305,0.010680870302,0.989319129697,1.49780188252e-12
1.2434,0.0108156311878,0.989184368807,4.84179363269e-12
1.24375,0.0109524487826,0.989047551215,2.40019115694e-12
1.2441,0.0110913607048,0.988908639293,1.78113079841e-12
1.24445,0.0112324053841,0.98876759462,4.4590997561e-12
1.24453333333,0.0112663061021,0.988733693893,5.21982457258e-12
1.2448,0.011375622083,0.988624377918,5.24913446043e-13
1.24515,0.0115210509164,0.988478949083,8.85624906743e-13
1.2455,0.0116687328744,0.98833126713,4.28079793835e-12
1.24585,0.0118187098421,0.988181290158,3.10418357685e-13
1.2462,0.0119710246266,0.98802897537,3.28093108237e-12
1.24646666667,0.0120886701304,0.987911329869,8.31446023142e-13
1.24655,0.0121257209751,0.987874279025,1.98951966013e-13
1.2469,0.0122828436029,0.987717156396,1.38589140164e-12
1.24725,0.0124424382166,0.987557561783,5.66213742559e-14
1.2476,0.0126045515396,0.987395448457,3.45290462889e-12
1.24795,0.012769231339,0.987230768659,1.59405821876e-12
1.2483,0.0129365264513,0.98706347355,1.43507428163e-12
1.2484,0.0129848123784,0.987015187622,5.3335114103e-13
1.24865,0.0131064868115,0.986893513194,5.02753394471e-12
1.249,0.0132791634821,0.986720836522,3.89133170131e-12
1.24935,0.0134546086793,0.986545391317,3.75421915777e-12
1.2497,0.0136328758083,0.986367124193,1.05648823023e-12
1.25005,0.0138140194905,0.986185980509,4.96158669705e-13
1.25033333333,0.0139628047592,0.986037195242,7.14095449439e-13
1.2504,0.0139980955973,0.986001904409,6.67332855642e-12
1.25075,0.0141851612833,0.985814838721,4.39803748975e-12
1.2511,0.0143752750201,0.98562472498,1.30784272301e-13
1.25145,0.0145684966316,0.985431503365,3.25917071109e-12
1.2518,0.0147648873305,0.98523511267,7.49844630832e-13
1.25215,0.0149645097546,0.985035490247,1.55009338698e-12
1.25226666667,0.0150317797602,0.984968220238,2.29383179118e-12
1.2525,0.0151674280063,0.984832571995,1.17528209387e-12
1.25285,0.0153737076934,0.984626292309,2.64943622597e-12
1.2532,0.015583415966,0.98441658403,4.30810942476e-12
1.25355,0.0157966215638,0.98420337843,6.24844620489e-12
1.2539,0.0160133948558,0.983986605144,1.83408843668e-13
1.2542,0.016202094692,0.983797905305,2.95563573616e-12
1.25425,0.0162338078859,0.983766192109,4.70656846829e-12
1.2546,0.0164579344205,0.983542065578,1.3211653993e-12
1.25495,0.0166858499953,0.983314150006,1.76147985087e-12
1.2553,0.0169176319624,0.983082368035,2.91555668497e-12
1.25565,0.0171533595462,0.982846640459,5.08593167581e-12
1.256,0.0173931138892,0.982606886108,3.07787129117e-12
1.25613333333,0.0174855253571,0.98251447464,2.77522449466e-12
1.25635,0.0176369781114,0.98236302189,1.12110321027e-12
1.2567,0.0178850373633,0.982114962635,1.75170988825e-12
1.25705,0.0181373788834,0.981862621124,6.99196256448e-12
1.2574,0.0183940920588,0.981605907941,4.7517545454e-14
1.25775,0.0186552684847,0.981344731513,2.34068320282e-12
1.25806666667,0.0188954951203,0.981104504881,1.70374825359e-12
1.2581,0.0189210020289,0.98107899797,8.0746520581e-13
1.25845,0.0191913888976,0.980808611103,9.19708753599e-13
1.2588,0.0194665277014,0.980533472295,3.25139914992e-12
1.25915,0.0197465195236,0.980253480473,2.9440894167e-12
1.2595,0.0200314679974,0.979968532001,1.29474209132e-12
1.25985,0.020321479373,0.979678520625,2.15749640375e-12
1.26,0.0204473467321,0.979552653264,3.41537909065e-12
1.2602,0.0206166626,0.979383337408,7.60902452157e-12
1.26055,0.0209171294045,0.979082870594,1.62636570877e-12
1.2609,0.0212229943692,0.978777005629,2.09710027121e-12
1.26125,0.0215343750222,0.978465624975,2.47413201038e-12
1.2616,0.0218513919205,0.978148608081,1.18838272556e-12
1.26193333333,0.0221586659448,0.977841334056,9.52127265919e-13
1.26195,0.0221741687397,0.977825831259,1.20659038316e-12
1.2623,0.0225028323752,0.977497167624,1.04205533091e-12
1.26265,0.0228375130268,0.977162486971,1.81521464526e-12
1.263,0.0231783443095,0.976821655696,5.21582776969e-12
1.26335,0.0235254633492,0.976474536654,2.77555756156e-12
1.2637,0.0238790108935,0.976120989105,1.84885440291e-12
1.26386666667,0.0240496680882,0.975950331911,4.23661106197e-13
1.26405,0.0242391314211,0.975760868578,6.39710506789e-13
1.2644,0.024605973256,0.975394026749,4.7430948058e-12
1.26475,0.0249796886831,0.975020311319,1.69686487084e-12
1.2651,0.0253604340788,0.974639565922,4.48752146553e-13
1.26545,0.0257483700249,0.974251629979,3.61066732069e-12
1.2658,0.026143661451,0.973856338546,2.61890509279e-12
1.26615,0.0265464777657,0.973453522234,4.17665901864e-13
1.2665,0.0269569929922,0.973043007011,2.80020451271e-12
1.26685,0.0273753859228,0.972624614079,2.23487894857e-12
1.2672,0.027801840263,0.972198159735,2.40829578502e-12
1.26755,0.0282365447877,0.97176345521,1.90369942032e-12
1.26773333333,0.0284676046722,0.971532395327,1.15807363699e-12
1.2679,0.0286796935062,0.971320306487,6.70052902052e-12
1.26825,0.029131485825,0.970868514176,4.77617945194e-13
1.2686,0.0295921267199,0.970407873284,4.17554879562e-12
1.26895,0.0300618269264,0.969938173075,1.09845466056e-12
1.2693,0.0305408031075,0.969459196889,3.45634632026e-12
1.26965,0.031029278062,0.968970721941,2.58526533514e-12
1.26966666667,0.0310527795793,0.968947220419,2.11086703672e-12
1.27,0.0315274809165,0.968472519087,3.03956859682e-12
1.27035,0.0320356473311,0.967964352671,2.19979590099e-12
1.2707,0.0325540197195,0.967445980281,1.1990408666e-14
1.27105,0.0330828474678,0.966917152535,3.32978089546e-12
1.2714,0.03362238716,0.966377612842,1.88715709726e-12
1.2716,0.0339356062977,0.966064393709,7.02793379048e-12
1.27175,0.034172902832,0.965827097168,1.24567023363e-13
1.2721,0.0347346661982,0.965265333799,2.43305375847e-12
1.27245,0.0353079569285,0.964692043071,2.83550960489e-13
1.2728,0.0358930629009,0.964106937098,1.07513997705e-12
1.27315,0.0364902804856,0.963509719519,4.30366853266e-12
1.2735,0.0370999148287,0.962900085164,7.32813809634e-12
1.27353333333,0.037158634197,0.962841365803,1.44440015504e-13
1.27385,0.0377222801518,0.962277719844,3.92597065968e-12
1.2742,0.0383577000586,0.961642299942,5.39568389968e-13
1.27455,0.0390065078609,0.960993492137,1.82898141077e-12
1.2749,0.0396690469021,0.960330953096,1.8575141425e-12
1.27525,0.0403456709099,0.95965432909,2.45803377652e-13
1.27546666667,0.0407717508409,0.959228249156,2.68618460808e-12
1.2756,0.0410367443582,0.95896325564,1.42630351974e-12
1.27595,0.0417426428253,0.958257357174,4.38427072424e-13
1.2763,0.0424637533998,0.957536246602,1.64290803184e-12
1.27665,0.0432004750645,0.956799524937,1.94577687296e-12
1.277,0.043953219125,0.956046780871,4.25448565267e-12
1.27735,0.0447224096389,0.95527759036,1.49635859259e-12
1.2774,0.0448336618916,0.955166338108,5.25801624462e-13
1.2777,0.0455084838652,0.954491516135,2.0650148258e-13
1.27805,0.0463118927297,0.953688107272,1.57163171366e-12
1.2784,0.0471331013205,0.952866898678,1.77702297322e-12
1.27875,0.047972589376,0.952027410621,2.9577451599e-12
1.2791,0.0488308518245,0.951169148176,1.62092561595e-14
1.27933333333,0.0494137085192,0.950586291486,4.92206275737e-12
1.27945,0.049708399321,0.950291600681,1.64379621026e-12
1.2798,0.0506057588149,0.949394241188,3.19788640013e-12
1.28015,0.0515234741371,0.948476525862,1.0863532296e-12
1.2805,0.0524621066151,0.947537893388,2.91566770727e-12
1.28085,0.0534222357013,0.946577764301,2.13784545622e-12
1.2812,0.0544044596427,0.945595540358,1.17927889676e-12
1.28126666667,0.0545941058056,0.945405894194,6.17284001692e-14
1.28155,0.0554093961602,0.944590603842,1.86806126123e-12
1.2819,0.056437683162,0.943562316836,1.53221879629e-12
1.28225,0.057489979495,0.942510020508,2.92765811594e-12
1.2826,0.0585669657003,0.941433034306,6.49169606959e-12
1.28295,0.0596693448265,0.940330655177,3.46189743539e-12
1.2832,0.0604727066006,0.939527293401,1.32160948851e-12
1.2833,0.0607978432657,0.939202156727,6.81588119278e-12
1.28365,0.0619532116009,0.938046788401,1.72772907092e-12
1.284,0.063136225531,0.93686377447,1.19837473278e-12
1.28435,0.0643476867875,0.935652313216,3.05999670047e-12
1.2847,0.0655884241119,0.934411575886,2.34656738485e-12
1.28505,0.0668592942851,0.933140705713,2.34468000571e-12
1.28513333333,0.0671664205497,0.932833579448,2.37554420579e-12
1.2854,0.0681611831405,0.931838816863,3.88378218474e-12
1.28575,0.0694950066948,0.930504993305,2.89213097915e-13
1.2861,0.0708617122588,0.929138287739,2.36977104606e-12
1.28645,0.0722622796279,0.927737720369,3.05089287167e-12
1.2868,0.0736977223031,0.926302277701,4.29278834702e-12
1.28706666667,0.0748154478462,0.925184552148,5.44098099908e-12
1.28715,0.0751690887634,0.92483091123,6.69808652987e-12
1.2875,0.0766774637854,0.923322536211,3.33222338611e-12
1.28785,0.0782239698336,0.921776030161,5.8022475713e-12
1.2882,0.0798097684539,0.920190231549,2.7771118738e-12
1.28855,0.0814360617817,0.91856393822,1.77591275019e-12
1.2889,0.083104094068,0.916895905928,4.0396574974e-12
1.289,0.0835885201759,0.916411479825,8.74411654195e-13
1.28925,0.0848151532676,0.915184846733,5.81090731089e-13
1.2896,0.0865705726956,0.913429427307,2.5741631049e-12
1.28995,0.0883717327461,0.911628267254,4.75397499144e-13
1.2903,0.0902200626595,0.909779937341,7.95363774841e-13
1.29065,0.0921170423723,0.907882957625,2.299271884e-12
1.29093333333,0.0936893744338,0.906310625565,7.18092252328e-13
1.291,0.0940642044089,0.905935795582,8.81072992343e-12
1.29135,0.0960631358652,0.903936864136,8.10684852581e-13
1.2917,0.098115480451,0.901884519549,2.48912002121e-13
1.29205,0.100222940599,0.8997770594,9.59454737881e-13
1.2924,0.102387279632,0.897612720366,1.55686574743e-12
1.29275,0.104610324039,0.895389675973,1.10207398762e-11
1.29286666667,0.10536470955,0.894635290453,2.74757994134e-12
1.2931,0.106893965774,0.893106034226,6.48370246381e-13
1.29345,0.109240164669,0.89075983533,1.30928601294e-12
1.2938,0.111650950897,0.888349049106,3.35753647107e-12
1.29415,0.114128427497,0.885871572506,2.57394106029e-12
1.2945,0.116674773011,0.88332522699,1.03206332369e-12
1.2948,0.118913877341,0.88108612266,9.9276142862e-13
1.29485,0.119292244124,0.880707755873,3.00481861615e-12
1.2952,0.121983178433,0.878016821569,1.54343204883e-12
1.29555,0.124749997267,0.875250002734,5.184741525e-13
1.2959,0.127595208516,0.872404791484,7.64388552454e-13
1.29625,0.130521409585,0.869478590418,3.00404146003e-12
1.2966,0.133531290379,0.866468709618,2.20745643986e-12
1.29673333333,0.134700500951,0.865299499046,2.34934294241e-12
1.29695,0.136627636284,0.863372363721,5.64792657087e-12
1.2973,0.139813331269,0.860186668729,1.98796534789e-12
1.29765,0.143091360943,0.856908639058,9.16156039921e-13
1.298,0.146464815658,0.853535184343,1.83764115036e-12
1.29835,0.149936893639,0.850063106363,1.70929936871e-12
1.29866666667,0.15316603768,0.846833962323,3.07731617966e-12
1.2987,0.153510904047,0.846489095956,2.81819012571e-12
1.29905,0.157190270063,0.842809729939,2.59525734236e-12
1.2994,0.160978531915,0.839021468084,6.83342271657e-13
1.29975,0.164879349831,0.835120650175,6.49502673866e-12
1.3001,0.168896506866,0.831103493142,7.57593987544e-12
1.30045,0.173033911691,0.826966088316,7.46691597442e-12
1.3006,0.174844891506,0.825155108492,1.40187861319e-12
1.3008,0.177295601109,0.822704398894,3.45590223105e-12
1.30115,0.181685742495,0.818314257504,1.38067335342e-12
1.3015,0.18620863591,0.81379136409,5.14366327309e-13
1.30185,0.190868715969,0.809131284028,2.42716957644e-12
1.3022,0.195670553396,0.804329446606,1.95954363846e-12
1.30253333333,0.200379830474,0.799620169532,5.65658631047e-12
1.30255,0.200618856127,0.799381143875,1.87849735767e-12
1.3029,0.205718469979,0.794281530016,4.3689496465e-12
1.30325,0.21097437882,0.78902562117,1.0739853451e-11
1.3036,0.216391704015,0.783608295986,1.59960933388e-12
1.30395,0.221975703326,0.778024296672,1.22757359833e-12
1.3043,0.227731768774,0.772268231224,2.71271893837e-12
1.30446666667,0.230534826558,0.76946517345,7.51243511843e-12
1.30465,0.233665423785,0.766334576214,1.12498899085e-12
1.305,0.239782319159,0.76021768084,1.74449343859e-12
1.30535,0.246088227899,0.753911772107,5.4822812956e-12
1.3057,0.25258903862,0.747410961389,8.56514859038e-12
1.30605,0.259290747623,0.740709252369,8.06288369404e-12
1.3064,0.266199449067,0.733800550933,2.40030217924e-13
1.30675,0.273321323383,0.726678676616,1.38544731243e-12
1.3071,0.280662623604,0.719337376391,4.7251091928e-12
1.30745,0.288229659254,0.711770340744,1.96975769029e-12
1.3078,0.296028777825,0.703971222174,7.57394147399e-13
1.30815,0.304066343227,0.695933656773,1.09912079438e-13
1.30833333333,0.30837379398,0.691626206025,5.57287549441e-12
1.3085,0.312348711213,0.68765128878,6.58961774036e-12
1.30885,0.320882201398,0.679117798608,6.27431440137e-12
1.3092,0.329673065478,0.670326934535,1.22464260954e-11
1.30955,0.33872745129,0.661272548713,2.88613577482e-12
1.3099,0.348051362688,0.651948637309,2.35678143667e-12
1.31025,0.357650614279,0.642349385725,3.78630460318e-12
1.31026666667,0.358114685427,0.641885314577,4.00102173614e-12
1.3106,0.367530781451,0.63246921855,1.5916157281e-12
1.31095,0.377697144391,0.622302855607,1.9070300894e-12
1.3113,0.388154626698,0.611845373307,4.16067180709e-12
1.31165,0.398907727533,0.601092272466,1.28208554884e-12
1.312,0.409960447286,0.590039552713,1.02229336107e-12
1.3122,0.416412152672,0.583587847329,1.10667031095e-12
1.31235,0.421316206354,0.578683793649,3.15836246045e-12
1.3127,0.432977757179,0.567022242819,2.21667129097e-12
1.31305,0.44494708858,0.555052911425,4.98934227267e-12
1.3134,0.457225323067,0.542774676926,7.17026438224e-12
1.31375,0.469812606856,0.530187393145,9.57456336437e-13
1.3141,0.482707992418,0.517292007588,5.64170932194e-12
1.31413333333,0.483952124985,0.516047875023,8.29047941409e-12
1.31445,0.495909314395,0.504090685613,8.12683254026e-12
1.3148,0.509413058949,0.490586941041,9.56379420103e-12
1.31515,0.523214227053,0.476785772953,6.74860167749e-12
1.3155,0.537306193355,0.462693806647,1.29496413592e-12
1.31585,0.551680560786,0.448319439214,4.67292871065e-13
1.31606666667,0.560716070575,0.439283929423,2.37465602737e-12
1.3162,0.56632701311,0.433672986888,1.61337609939e-12
1.31655,0.581233166884,0.418766833122,6.09468031598e-12
1.3169,0.596384424882,0.403615575114,3.78497233555e-12
1.31725,0.611763833731,0.38823616626,9.06852370974e-12
1.3176,0.627351948443,0.372648051563,5.92370597019e-12
1.31795,0.643126706879,0.356873293121,1.56763491077e-13
1.318,0.645394069361,0.354605930637,2.04791739122e-12
1.3183,0.659063318413,0.340936681589,2.50532927737e-12
1.31865,0.675134170068,0.324865829925,6.55031584529e-12
1.319,0.691308754619,0.308691245378,2.95719004839e-12
1.31935,0.707553625493,0.292446374505,2.11697326336e-12
1.3197,0.723832382359,0.27616761764,1.52633461425e-12
1.31993333333,0.734684408247,0.265315591747,6.53077592006e-12
1.32005,0.740105692992,0.259894307013,5.7844840029e-12
1.3204,0.756331355015,0.243668644992,6.79079015242e-12
1.32075,0.772464402575,0.227535597423,2.12307948999e-12
1.3211,0.788457261345,0.211542738662,7.67075292174e-12
1.32145,0.804259955052,0.195740044944,3.78397313483e-12
1.3218,0.819820365798,0.180179634204,1.89048776633e-12
1.32186666667,0.822752344935,0.177247655068,3.03024272341e-12
1.32215,0.835084549734,0.164915450254,1.2474576927e-11
1.3225,0.84999710731,0.150002892692,2.30260255307e-12
1.32285,0.864501607159,0.13549839283,1.13369313937e-11
1.3232,0.878541060039,0.121458939967,6.4743765904e-12
1.32355,0.892058438055,0.107941561948,2.95363733471e-12
1.3238,0.901362730472,0.0986372695313,2.885469641e-12
1.3239,0.904997232413,0.0950027675995,1.26767485398e-11
1.32425,0.917302041454,0.0826979585493,3.44346773318e-12
1.3246,0.928919178486,0.0710808215184,4.59032811762e-12
1.32495,0.939797288709,0.060202711289,2.09254835681e-12
1.3253,0.949887961874,0.050112038115,1.10240705453e-11
1.32565,0.959146328027,0.0408536719693,4.15367740203e-12
1.32573333333,0.961223449574,0.0387765504207,5.43098899186e-12
1.326,0.967531622388,0.0324683776042,7.73503483487e-12
1.32635,0.9750077059,0.0249922941036,3.89821508406e-12
1.3267,0.981543528916,0.0184564710869,2.38320474466e-12
1.32705,0.987113526139,0.0128864738624,1.80677695027e-12
1.3274,0.991697933052,0.00830206693691,1.15149001445e-11
1.32766666667,0.994520571826,0.00547942817624,2.63078447915e-12
1.32775,0.995283015925,0.00471698407193,3.23130411317e-12
1.3281,0.997861209719,0.00213879029252,1.20070620113e-11
1.32845,0.999431161199,0.000568838804374,3.12039283301e-12
1.3288,0.999997677051,2.32294800666e-06,1.49069645516e-12
1.32882394672,1.00000000001,3.58029739171e-21,7.94253551817e-12
1.32915,0.999571579277,0.000428420720764,2.35955699424e-12
1.3295,0.998169473199,0.00183052680258,1.67488245495e-12
1.3296,0.997592563305,0.00240743669153,3.05155900548e-12
1.32985,0.995813435257,0.00418656474764,4.93538543367e-12
1.3302,0.992530629994,0.00746937001135,5.2657878058e-12
1.33055,0.988352867015,0.0116471329872,2.69273492393e-12
1.3309,0.983316109892,0.0166838901058,2.04347649913e-12
1.33125,0.977459949481,0.0225400505216,2.17825757431e-12
1.33153333333,0.972148276387,0.0278517236051,8.24329493554e-12
1.3316,0.970827054315,0.0291729456883,2.96318525272e-12
1.33195,0.963462610474,0.0365373895236,2.54429810553e-12
1.3323,0.955413762544,0.0445862374484,8.01014810037e-12
1.33265,0.946729066223,0.0532709337771,3.71258579435e-13
1.333,0.93745796201,0.0625420379855,4.06097377947e-12
1.33335,0.927650278082,0.0723497219118,5.76083625248e-12
1.33346666667,0.924270420097,0.0757295799023,3.06643599401e-13
1.3337,0.91735576846,0.0826442315421,1.89626092606e-12
1.33405,0.906623691677,0.0933763083236,1.58317803312e-13
1.3344,0.895502433042,0.10449756696,1.9566570586e-12
1.33475,0.884039172898,0.115960827103,1.76036962785e-12
1.3351,0.872279601113,0.127720398888,1.49302792352e-12
1.3354,0.861997501722,0.138002498278,1.52766688188e-13
1.33545,0.860267677616,0.139732322385,1.0911271886e-12
1.3358,0.848045437602,0.151954562398,1.75193193286e-13
1.33615,0.835652839239,0.164347160758,2.43616238293e-12
1.3365,0.823127651055,0.176872348951,5.70699043578e-12
1.33685,0.810505375731,0.189494624263,5.80047121446e-12
1.3372,0.797819207248,0.20218079275,2.64144262019e-12
1.33733333333,0.79297609439,0.207023905605,5.52657919428e-12
1.33755,0.785100016937,0.214899983069,5.85553827648e-12
1.3379,0.772376365808,0.227623634193,7.26085858105e-13
1.33825,0.759674538574,0.240325461417,8.9763751987e-12
1.3386,0.747018596661,0.252981403336,3.27404769962e-12
1.33895,0.734430446294,0.265569553709,2.89968049572e-12
1.33926666667,0.723116167693,0.276883832305,1.62825308792e-12
1.3393,0.721929919103,0.278070080888,8.6067819538e-12
1.33965,0.709534862373,0.290465137629,1.1359801988e-12
1.34,0.697261236077,0.302738763929,5.76250158701e-12
1.34035,0.685123215031,0.314876784973,4.25437463036e-12
1.3407,0.673133293817,0.326866706182,1.12110321027e-12
1.34105,0.661302392944,0.338697607063,6.86162238139e-12
1.3412,0.656283078412,0.343716921592,4.51993997785e-12
1.3414,0.649639964872,0.350360035133,5.4192206278e-12
1.34175,0.638154098609,0.36184590139,1.13387077505e-12
1.3421,0.626851622021,0.373148377978,1.16462395283e-12
1.34245,0.615738201054,0.384261798944,2.54340992711e-12
1.3428,0.604818435079,0.395181564916,4.59032811762e-12
1.34313333333,0.594602025815,0.40539797419,5.44719824802e-12
1.34315,0.594095948257,0.405904051741,1.80722103948e-12
1.3435,0.58357347639,0.416426523607,3.34643424083e-12
1.34385,0.57325294886,0.426747051139,1.4019896355e-12
1.3442,0.563135566122,0.436864433873,5.07993647147e-12
1.34455,0.553221872011,0.446778127987,1.21791465801e-12
1.3449,0.543511821439,0.456488178563,2.6376678619e-12
1.34506666667,0.53895941594,0.461040584058,2.15016893179e-12
1.34525,0.534004843298,0.465995156702,2.97983859809e-13
1.3456,0.524699898812,0.475300101195,6.80966394384e-12
1.34595,0.515595535378,0.484404464622,3.10418357685e-13
1.3463,0.506689936281,0.493310063716,2.50444109895e-12
1.34665,0.497980966206,0.502019033793,1.36446409726e-12
1.347,0.489466213011,0.510533786989,2.33812968986e-13
1.347,0.489466213009,0.51053378699,1.15174536575e-12
1.34735,0.481143025912,0.518856974088,5.635492073e-13
1.3477,0.473008550121,0.526991449878,5.67323965583e-13
1.34805,0.465059758512,0.534940241489,1.71862524212e-13
1.3484,0.457293480176,0.542706519823,5.60662627436e-13
1.34875,0.449706426266,0.550293573738,3.29425375867e-12
1.34893333333,0.445802649555,0.554197350445,5.48450174165e-14
1.3491,0.442295213263,0.557704786735,1.92335036786e-12
1.34945,0.43505638402,0.564943615978,2.35289565609e-12
1.3498,0.427986426448,0.572013573555,2.95030666564e-12
1.35015,0.421081790336,0.578918209667,2.5788260416e-12
1.3505,0.414338902311,0.585661097695,5.96855898038e-12
1.35085,0.407754179084,0.592245820914,2.42617037571e-12
1.35086666667,0.40744450498,0.592555495019,1.13664633261e-12
1.3512,0.401324039314,0.598675960685,1.61937130372e-12
1.35155,0.395044913851,0.604955086155,5.69211344725e-12
1.3519,0.388913254875,0.611086745125,2.46247466862e-13
1.35225,0.3829255439,0.6170744561,2.42916797788e-13
1.3526,0.377078298598,0.622921701398,3.75244280093e-12
1.3528,0.373798755991,0.626201244008,9.28257470889e-13
1.35295,0.371368078838,0.62863192116,1.907252134e-12
1.3533,0.36579149176,0.634208508243,2.14894768646e-12
1.35365,0.360345196108,0.639654803892,1.50324197534e-13
1.354,0.355025905969,0.64497409403,1.39199762828e-12
1.35435,0.349830393702,0.650169606296,1.56341606328e-12
1.3547,0.344755492521,0.655244507477,1.45838896515e-12
1.35473333333,0.344278345378,0.655721654622,8.85957973651e-13
1.35505,0.339798098418,0.660201901581,1.19615428673e-12
1.3554,0.33495517173,0.665044828268,2.145839062e-12
1.35575,0.330223738325,0.669776261679,3.94129173742e-12
1.3561,0.325600890343,0.67439910966,3.1152858071e-12
1.35645,0.321083786731,0.678916213268,1.21502807815e-12
1.35666666667,0.318339260154,0.681660739847,6.48592290986e-13
1.3568,0.316669653473,0.683330346527,8.48876524628e-13
1.35715,0.312355783504,0.687644216497,1.6637802247e-12
1.3575,0.308139536569,0.691860463429,1.90047977355e-12
1.35785,0.304018338748,0.695981661251,1.17128529098e-12
1.3582,0.299989681901,0.7000103181,1.03539399277e-12
1.35855,0.296051122927,0.703948877072,8.87068196676e-13
1.3586,0.295495687071,0.704504312928,5.69766456238e-13
1.3589,0.292200282999,0.707799717,4.29101199018e-13
1.35925,0.28843484657,0.711565153433,2.5339730314e-12
1.3596,0.284752560368,0.71524743963,1.2037038033e-12
1.35995,0.28115123234,0.718848767659,5.61106716646e-13
1.3603,0.277628730453,0.722371269543,3.37618821789e-12
1.36053333333,0.275323161992,0.724676838005,3.46467299295e-12
1.36065,0.274182981553,0.725817018447,1.59650070941e-13
1.361,0.270811970085,0.729188029918,3.01825231475e-12
1.36135,0.26751373688,0.732486263118,1.87805326846e-12
1.3617,0.264286377814,0.735713622188,1.83408843668e-12
1.36205,0.261128042576,0.738871957424,3.64153152077e-14
1.3624,0.258036933315,0.741963066688,2.62723176547e-12
1.36246666667,0.257455627144,0.742544372856,7.8403949999e-13
1.36275,0.255011303359,0.744988696643,2.04325445452e-12
1.3631,0.252049455887,0.747950544115,1.22746257603e-12
1.36345,0.249149742674,0.750850257327,9.45021838561e-13
1.3638,0.24631056276,0.753689437242,2.84527956751e-12
1.36415,0.243530361181,0.756469638818,8.02358179897e-13
1.3644,0.241579773805,0.758420226196,6.40154595999e-13
1.3645,0.24080762773,0.759192372269,1.39110944986e-12
1.36485,0.238140895705,0.761859104297,1.91979765418e-12
1.3652,0.235528740661,0.76447125934,1.08468789506e-12
1.36555,0.232969779254,0.767030220743,2.30937491352e-12
1.3659,0.230462668026,0.769537331975,6.13509243408e-13
1.36625,0.22800610227,0.771993897729,1.06781250508e-12
1.36633333333,0.227428515567,0.772571484434,1.30429000933e-12
1.3666,0.22559881487,0.774401185129,9.39470723438e-13
1.36695,0.223239575236,0.776760424765,1.85629289717e-13
1.3673,0.220927188191,0.779072811811,1.57829305181e-12
1.36765,0.218660492929,0.781339507071,2.93876034618e-13
1.368,0.216438361993,0.783561638007,2.17492690524e-13
1.36826666667,0.214774543627,0.785225456375,1.47704071196e-12
1.36835,0.214259700251,0.785740299749,6.79012401861e-13
1.3687,0.21212344395,0.787876556049,2.86992651866e-13
1.36905,0.210028559742,0.789971440257,1.29274368987e-12
1.3694,0.207974043765,0.792025956234,5.3423931945e-13
1.36975,0.20595892076,0.79404107924,1.59872115546e-14
1.3701,0.203982243176,0.796017756824,5.68434188608e-14
1.3702,0.203424410054,0.796575589948,1.10422782029e-12
1.37045,0.202043090334,0.797956909666,3.44724249146e-13
1.3708,0.200140567606,0.799859432393,9.23594534186e-13
1.37115,0.198273805617,0.801726194382,6.64357457936e-13
1.3715,0.196441959459,0.80355804054,1.30451205393e-12
1.37185,0.194644207954,0.805355792046,4.66293670343e-15
1.37213333333,0.193213308891,0.806786691109,5.53668222381e-13
1.3722,0.192879752909,0.807120247093,2.8539393071e-12
1.37255,0.191147818412,0.808852181586,2.13939976845e-12
1.3729,0.189447650183,0.810552349817,5.99520433298e-13
1.37325,0.187778514845,0.812221485156,1.32738264824e-12
1.3736,0.186139699331,0.813860300668,4.97157870427e-13
1.37395,0.184530510252,0.815469489749,9.6123109472e-13
1.37406666667,0.184000580453,0.815999419548,1.14108722471e-12
1.3743,0.182950273278,0.817049726724,2.24154028672e-12
1.37465,0.181398332567,0.818601667433,2.38919994899e-13
1.375,0.179874050198,0.820125949801,8.12572231723e-13
1.37535,0.178376805623,0.821623194378,6.69242439244e-13
1.3757,0.176905995135,0.823094004866,1.68687286362e-12
1.376,0.175665894123,0.824334105879,2.21245244347e-12
1.37605,0.175461031347,0.824538968653,1.11688436277e-13
1.3764,0.174041342711,0.825958657288,1.0730305533e-12
1.37675,0.172646373039,0.827353626961,3.37396777184e-13
1.3771,0.171275581004,0.828724418997,7.30082660994e-13
1.37745,0.169928439747,0.830071560254,4.85389506366e-13
1.3778,0.168604436375,0.831395563624,6.06958927563e-13
1.37793333333,0.168106035634,0.831893964367,2.89102075612e-13
1.37815,0.167303071599,0.832696928401,1.58539847916e-13
1.3785,0.166023859289,0.833976140711,4.2965631053e-13
1.37885,0.164766326089,0.835233673911,9.50350909079e-14
1.3792,0.163530011035,0.836469988964,8.94173624033e-13
1.37955,0.162314465204,0.837685534797,1.24522614442e-12
1.37986666667,0.161232216957,0.838767783043,4.55080417794e-13
1.3799,0.16111925131,0.838880748692,1.16395781902e-12
1.38025,0.159943943403,0.840056056597,7.57172102794e-14
1.3806,0.158788126518,0.84121187348,2.29349872427e-12
1.38095,0.157651396353,0.842348603647,4.85278484064e-13
1.3813,0.156533358939,0.843466641061,3.13082892944e-14
1.38165,0.155433630359,0.844566369641,7.3396844158e-13
1.3818,0.154967829793,0.845032170209,1.88271620516e-12
1.382,0.154351836443,0.845648163557,4.46753745109e-13
1.38235,0.153287612482,0.846712387518,5.09370323698e-13
1.3827,0.152240602967,0.847759397032,5.07482944556e-13
1.38305,0.151210461296,0.848789538703,1.13309361893e-12
1.3834,0.150196849539,0.849803150461,6.22835116815e-14
1.38373333333,0.149246571379,0.850753428622,5.97522031853e-13
1.38375,0.149199438182,0.850800561819,1.30695454459e-12
1.3841,0.148217905885,0.851782094116,3.33955085807e-13
1.38445,0.147251939236,0.852748060763,1.11755049659e-12
1.3848,0.146301232543,0.853698767457,4.57522908448e-13
1.38515,0.145365487615,0.854634512385,8.55093773566e-13
1.3855,0.144444413521,0.855555586478,1.58939528205e-12
1.38566666667,0.144010880619,0.855989119381,1.05249142734e-13
1.38585,0.14353772642,0.85646227358,5.97299987248e-13
1.3862,0.142645149341,0.857354850661,1.45594647449e-12
1.38655,0.141766411992,0.858233588007,1.08413278355e-12
1.3869,0.140901250577,0.859098749423,4.16333634234e-13
1.38725,0.140049407615,0.859950592385,9.85878045867e-14
1.3876,0.139210631762,0.860789368239,9.27702359377e-13
1.3876,0.139210631762,0.860789368239,9.27702359377e-13
1.38795,0.138384677643,0.861615322357,3.81028542051e-13
1.3883,0.137571305684,0.862428694317,8.73967564985e-13
1.38865,0.136770281952,0.86322971805,1.64956936999e-12
1.389,0.13598137801,0.86401862199,1.47659662275e-13
1.38935,0.135204370755,0.864795629245,9.38138455808e-14
1.38953333333,0.134802041467,0.865197958533,2.02282635087e-13
1.3897,0.134439042274,0.865560957726,1.99840144433e-14
1.39005,0.133685179709,0.866314820291,3.06532577099e-13
1.3904,0.132942575122,0.867057424878,4.52970994047e-14
1.39075,0.132211025356,0.867788974645,1.13042908367e-12
1.3911,0.131490331905,0.868509668096,6.28164187333e-13
1.39145,0.130780300794,0.869219699206,9.37028232784e-14
1.39146666667,0.130746752496,0.869253247503,3.78141962187e-13
1.3918,0.130080742461,0.869919257538,5.30353538863e-13
1.39215,0.129391471637,0.870608528363,5.79536418854e-13
1.3925,0.128712307225,0.871287692774,5.29243315839e-13
1.39285,0.128043072207,0.871956927792,1.04405373236e-12
1.3932,0.127383593513,0.872616406487,5.18696197105e-13
1.3934,0.127011063668,0.872988936332,3.4083846856e-13
1.39355,0.126733701948,0.873266298051,5.92970117452e-13
1.3939,0.126093232057,0.873906767943,7.94919685632e-14
1.39425,0.125462022054,0.874537977946,1.30007116184e-13
1.3946,0.124839913723,0.875160086277,2.74225087082e-13
1.39495,0.124226752308,0.875773247693,4.9005244307e-13
1.3953,0.123622386442,0.876377613557,1.41853195856e-12
1.39533333333,0.123565281092,0.876434718908,7.83817455385e-14
1.39565,0.12302666806,0.876973331939,3.78364006792e-13
1.396,0.122439452305,0.877560547695,5.1803006329e-13
1.39635,0.121860597449,0.878139402553,2.08433270643e-12
1.3967,0.12128996482,0.87871003518,3.47499806708e-13
1.39705,0.120727418716,0.879272581284,7.04547531427e-13
1.39726666667,0.120383170105,0.879616829895,3.45945494473e-13
1.3974,0.120172826342,0.879827173657,1.05282449425e-12
1.39775,0.119626057723,0.880373942276,1.95288230032e-13
1.3981,0.119086985641,0.880913014358,1.40998324127e-13
1.39845,0.118555485575,0.881444514425,2.08943973234e-13
1.3988,0.118031435608,0.881968564391,1.40876199595e-12
1.39915,0.117514716398,0.882485283603,6.80122624885e-13
1.3992,0.117441490952,0.882558509048,5.37125899314e-13
1.3995,0.117005211084,0.882994788916,4.92939022934e-14
1.39985,0.11650280524,0.883497194761,7.2453154587e-13
1.4002,0.116007386821,0.88399261318,5.79092329644e-13
1.40055,0.115518846083,0.884481153917,2.45581333047e-13
1.4009,0.115037075553,0.884962924447,2.57127652503e-13
1.40113333333,0.114719604351,0.88528039565,4.31432667369e-13
1.40125,0.114561969958,0.885438030042,1.24344978758e-13
1.4016,0.114093426175,0.885906573825,5.34017274845e-13
1.40195,0.113631343183,0.886368656817,4.64517313503e-13
1.4023,0.113175622009,0.886824377992,4.80504525058e-13
1.40265,0.112726165681,0.88727383432,7.81374964731e-13
1.403,0.112282879183,0.887717120818,2.12940776123e-13
1.40306666667,0.112199135444,0.887800864557,7.9891648852e-13
1.40335,0.111845669397,0.888154330603,2.19713136573e-13
1.4037,0.11141444508,0.888585554919,9.35251875944e-13
1.40405,0.1109891168,0.889010883199,1.20081722343e-12
1.4044,0.1105695969,0.8894304031,2.35589325825e-13
1.40475,0.110155799459,0.889844200541,1.11133324765e-13
1.405,0.109863686682,0.890136313318,2.21600515715e-13
1.4051,0.109747640251,0.890252359748,1.090905144e-12
1.40545,0.109345036703,0.890654963297,3.57047724719e-13
1.4058,0.108947907861,0.891052092139,3.40616423955e-13
1.40615,0.108556174349,0.891443825652,4.16333634234e-13
1.4065,0.108169758334,0.891830241666,2.76445533132e-13
1.40685,0.107788583495,0.892211416506,9.53903622758e-13
1.40693333333,0.107698591828,0.892301408172,2.61457522299e-13
1.4072,0.107412574979,0.892587425021,4.11670697531e-13
1.40755,0.107041659378,0.892958340622,6.22057960697e-13
1.4079,0.106675764693,0.893324235308,1.02384767331e-12
1.40825,0.106314820293,0.893685179707,6.75015598972e-14
1.4086,0.105958756905,0.894041243095,1.172395514e-13
1.40886666667,0.105690704609,0.894309295391,3.73479025484e-13
1.40895,0.105607506561,0.894392493438,6.37823127647e-13
1.4093,0.105261002584,0.894738997416,8.43769498715e-15
1.40965,0.104919179559,0.89508082044,7.7637896112e-13
1.41,0.104581973292,0.895418026708,4.24771329222e-13
1.41035,0.104249320794,0.895750679206,1.4066525722e-13
1.4107,0.10392116026,0.896078839741,6.47926157171e-13
1.4108,0.103828216641,0.896171783358,6.79012401861e-13
1.41105,0.103597431024,0.896402568977,5.4867221877e-13
1.4114,0.103278073556,0.896721926445,2.53130849615e-13
1.41175,0.102963029424,0.897036970576,8.76854144849e-13
1.4121,0.102652241268,0.897347758731,3.35731442647e-13
1.41245,0.102345652795,0.897654347205,2.53352894219e-13
1.41273333333,0.102100500133,0.897899499868,3.04645197957e-13
1.4128,0.102043208726,0.897956791274,2.21489493413e-13
1.41315,0.101744854808,0.898255145191,4.6662673725e-13
1.4135,0.101450537769,0.898549462231,1.2578826869e-13
1.41385,0.1011602053,0.8988397947,1.58761892521e-14
1.4142,0.100873806046,0.899126193954,1.37556632751e-13
1.41455,0.100591289574,0.899408710427,7.57616192004e-13
1.41466666667,0.10049797167,0.89950202833,2.20601314993e-13
1.4149,0.100312606359,0.899687393641,2.07722727907e-13
1.41525,0.100037707768,0.899962292233,7.22089055216e-13
1.4156,0.0997665460302,0.900233453971,1.17816867373e-12
1.41595,0.0994990742289,0.900500925771,5.70432590052e-13
1.4163,0.0992352462891,0.900764753711,9.20374887414e-14
1.4166,0.0990119739303,0.900988026071,8.86402062861e-13
1.41665,0.0989750169386,0.901024983061,7.35078664604e-13
1.417,0.0987183417157,0.901281658284,1.53654866608e-13
1.41735,0.0984651769379,0.901534823062,1.30562227696e-13
1.4177,0.0982154796911,0.901784520309,8.06021915878e-14
1.41805,0.0979692078118,0.902030792189,4.97379915032e-13
1.4184,0.0977263198713,0.902273680129,1.09467990228e-13
1.41853333333,0.0976346727172,0.902365327283,1.96509475359e-13
1.41875,0.0974867751655,0.902513224834,6.71684929898e-14
1.4191,0.097250533702,0.902749466298,1.10134124043e-13
1.41945,0.097017556168,0.902982443832,2.29816166097e-14
1.4198,0.0967878039412,0.903212196058,7.66608998504e-13
1.42015,0.0965612390604,0.90343876094,3.53050921831e-14
1.42046666667,0.0963589671088,0.903641032891,3.46389583683e-14
1.4205,0.0963378242152,0.903662175785,1.26565424807e-13
1.42085,0.0961175227369,0.903882477263,2.78443934576e-13
1.4212,0.0959002985829,0.904099701417,1.3433698598e-13
1.42155,0.0956861163232,0.904313883677,1.3433698598e-13
1.4219,0.0954749411337,0.904525058866,8.61533067109e-14
1.42225,0.0952667387744,0.904733261225,1.26121335597e-13
1.4224,0.095178410882,0.904821589118,1.51212375954e-13
1.4226,0.0950614755901,0.904938524409,9.49684775264e-13
1.42295,0.0948591184928,0.905140881507,3.93018950717e-14
1.4233,0.0946596349469,0.905340365053,1.29452004671e-13
1.42365,0.0944629929664,0.905537007034,1.73194791842e-13
1.424,0.0942691610991,0.905730838901,2.23820961764e-13
1.42433333333,0.094087143595,0.905912856404,6.42819131258e-13
1.42435,0.0940781084185,0.905921891582,3.99680288865e-14
1.4247,0.0938898045155,0.906110195484,4.08229006155e-13
1.42505,0.0937042194829,0.906295780517,3.62598839843e-13
1.4254,0.093521323909,0.906478676091,4.45199432875e-14
1.42575,0.0933410888757,0.906658911124,5.07371922254e-14
1.4261,0.0931634859296,0.90683651407,5.41566791412e-13
1.42626666667,0.0930798300758,0.906920169923,9.58566559461e-13
1.42645,0.0929884870983,0.907011512902,1.85629289717e-13
1.4268,0.0928160648615,0.907183935138,5.77315972805e-15
1.42715,0.092646192149,0.907353807851,4.26547686061e-13
1.4275,0.0924788423414,0.907521157658,2.37254660362e-13
1.42785,0.0923139892436,0.907686010756,3.70481423317e-13
1.4282,0.0921516070925,0.907848392907,6.17728090901e-13
1.4282,0.0921516070925,0.907848392907,6.18838313926e-13
1.42855,0.0919916705477,0.908008329452,7.61612994893e-14
1.4289,0.0918341546684,0.908165845332,5.38458166943e-14
1.42925,0.0916790349269,0.908320965073,7.4162898045e-14
1.4296,0.0915262871876,0.908473712812,6.19504447741e-14
1.42995,0.0913758877026,0.908624112298,3.78808096002e-13
1.43013333333,0.0912980363323,0.908701963668,2.31370478332e-13
1.4303,0.0912278131096,0.90877218689,2.57238674806e-13
1.43065,0.0910820404186,0.908917959581,7.32747196253e-14
1.431,0.090938547007,0.909061452993,9.94759830064e-14
1.43135,0.0907973106207,0.909202689379,4.99600361081e-14
1.4317,0.090658309348,0.909341690652,2.99982261254e-13
1.43205,0.090521521638,0.909478478361,4.83169060317e-13
1.43206666667,0.0905150627885,0.909484937212,3.67705865756e-13
1.4324,0.0903869262785,0.909613073721,8.00581823057e-13
1.43275,0.0902545023912,0.909745497609,1.60649271663e-13
1.4331,0.0901242294328,0.909875770567,3.33733041202e-13
1.43345,0.0899960871819,0.910003912818,3.08197911636e-13
1.4338,0.0898700557361,0.910129944263,4.72399896978e-13
1.434,0.0897989779258,0.910201022074,2.18269846641e-13
1.43415,0.0897461155123,0.910253884488,4.76063632959e-13
1.4345,0.0896242472255,0.910375752774,3.28403970684e-13
1.43485,0.0895044319028,0.910495568097,2.92876833896e-13
1.4352,0.0893866508686,0.910613349131,5.26245713672e-14
1.43555,0.089270885731,0.910729114269,3.16413562018e-14
1.4359,0.0891571183963,0.910842881603,8.96616114687e-13
1.43593333333,0.0891463869543,0.910853613047,8.73967564985e-13
1.43625,0.0890453310475,0.910954668952,4.14113188185e-13
1.4366,0.0889355061463,0.911064493854,3.48610029732e-14
1.43695,0.0888276264292,0.911172373571,8.65973959208e-14
1.4373,0.0887216748983,0.911278325102,2.73336908663e-13
1.43765,0.088617634822,0.911382365178,8.54871728961e-14
1.43786666667,0.0885541797403,0.91144582026,7.27862214944e-13
1.438,0.088515489732,0.911484510268,3.75255382323e-14
1.43835,0.088415223407,0.911584776593,2.18269846641e-13
1.4387,0.0883168198815,0.911683180119,4.97824004242e-13
1.43905,0.0882202634378,0.911779736562,2.64677169071e-13
1.4394,0.088125538597,0.911874461403,5.46229728116e-14
1.43975,0.0880326301251,0.911967369875,1.7807977315e-13
1.4398,0.0880195048819,0.911980495118,5.54001289288e-14
1.4401,0.0879415230167,0.912058476983,2.49800180541e-14
1.44045,0.0878522024993,0.912147797501,3.87023746384e-13
1.4408,0.0877646540318,0.912235345969,8.0113693457e-13
1.44115,0.0876788632887,0.912321136711,4.57966997658e-13
1.4415,0.0875948161719,0.912405183829,6.24167384444e-13
1.44173333333,0.0875397465769,0.912460253424,5.61550805855e-13
1.44185,0.0875124987969,0.912487501203,5.91304782915e-13
1.4422,0.087431897491,0.91256810251,5.32685007215e-13
1.44255,0.087352998792,0.912647001208,1.38444811171e-13
1.4429,0.0872757894432,0.912724210557,1.08579811808e-13
1.44325,0.0872002563908,0.912799743609,2.20046203481e-13
1.4436,0.087126386784,0.912873613215,7.23421322846e-13
1.44366666667,0.0871125039301,0.91288749607,5.06927833044e-13
1.44395,0.0870541679633,0.912945832037,3.67261776546e-13
1.4443,0.0869835874639,0.913016412536,2.85993451143e-13
1.44465,0.0869146330168,0.913085366984,6.30606677987e-13
1.445,0.0868472925285,0.91315270747,1.22835075445e-12
1.44535,0.0867815541036,0.913218445897,2.77111666946e-13
1.4456,0.086735572441,0.913264427559,4.39537295449e-13
1.4457,0.0867174060213,0.913282593979,5.00710584106e-13
1.44605,0.0866548367383,0.913345163261,3.81028542051e-13
1.4464,0.0865938348892,0.913406165111,1.6275869541e-13
1.44675,0.0865343892842,0.913465610717,7.47846229388e-13
1.4471,0.0864764888995,0.913523511101,4.21884749358e-14
1.44745,0.0864201228862,0.913579877113,2.83773005094e-13
1.44753333333,0.0864069273811,0.913593072619,1.82298620643e-13
1.4478,0.0863652805521,0.913634719448,6.43929354283e-14
1.44815,0.0863119513746,0.913688048626,3.57935903139e-13
1.4485,0.0862601249914,0.913739875009,8.26005930321e-14
1.44885,0.0862097911916,0.913790208809,7.23421322846e-13
1.4492,0.0861609399291,0.913839060071,1.06359365759e-13
1.44946666667,0.0861247088791,0.913875291121,3.38951089418e-13
1.44955,0.0861135613074,0.913886438693,5.55111512313e-14
1.4499,0.0860676455777,0.913932354423,3.9857006584e-13
1.45025,0.0860231831471,0.913976816853,2.92432744686e-13
1.4506,0.0859801645627,0.914019835437,2.0694557179e-13
1.45095,0.0859385805195,0.914061419482,9.65449942214e-13
1.4513,0.0858984218584,0.914101578141,4.53970194769e-13
1.4514,0.0858872084923,0.914112791507,2.61013433089e-13
1.45165,0.085859679552,0.914140320448,3.25739435425e-13
1.452,0.0858223447185,0.914177655281,6.49591491708e-13
1.45235,0.0857864086113,0.914213591388,4.55635529306e-13
1.4527,0.0857518626126,0.914248137387,2.44138043115e-13
1.45305,0.0857186982454,0.914281301754,8.69304628281e-13
1.45333333333,0.0856928571117,0.914307142889,5.0270898555e-13
1.4534,0.0856869071591,0.914313092841,1.21458398894e-13
1.45375,0.085656481129,0.914343518871,1.98507876803e-13
1.4541,0.0856274120639,0.914372587936,2.0872192863e-13
1.45445,0.0855996919909,0.91440030801,5.89084336866e-13
1.4548,0.0855733130639,0.914426686937,5.26467758277e-13
1.45515,0.0855482675593,0.91445173244,2.45026221535e-13
1.45526666667,0.0855402140555,0.914459785945,3.57491813929e-14
1.4555,0.0855245478709,0.914475452129,3.35287353437e-14
1.45585,0.0855021465115,0.914497853488,1.59872115546e-14
1.4562,0.0854810561112,0.914518943889,3.67927910361e-13
1.45655,0.0854612694136,0.914538730585,1.10744746706e-12
1.4569,0.085442779278,0.914557220722,5.29576382746e-14
1.4572,0.085427957215,0.914572042785,1.28230759344e-13
1.45725,0.0854255786737,0.914574421326,3.36952687974e-13
1.4576,0.0854096606784,0.914590339322,1.69420033558e-13
1.45795,0.0853950184868,0.914604981513,1.45217171621e-13
1.4583,0.0853816453863,0.914618354613,3.80029341329e-13
1.45865,0.0853695347849,0.914630465215,3.61932706028e-14
1.459,0.0853586801885,0.914641319812,1.00364161426e-13
1.45913333333,0.0853548741431,0.914645125857,1.90292226421e-13
1.45935,0.0853490752041,0.914650924796,2.6689761512e-13
1.4597,0.0853407135448,0.914659286455,4.25992574549e-13
1.46005,0.0853335890199,0.91466641098,3.37396777184e-13
1.4604,0.08532769554,0.914672304459,5.7798210662e-13
1.46075,0.0853230271169,0.914676972884,7.00994817748e-13
1.46106666667,0.0853198539848,0.914680146015,5.01820807131e-14
1.4611,0.0853195778495,0.91468042215,5.97299987248e-14
1.46145,0.0853173419408,0.91468265806,5.01376717921e-13
1.4618,0.0853163136843,0.914683686315,2.18824958154e-13
1.46215,0.0853164874645,0.914683512536,5.10036457513e-13
1.4625,0.0853178577593,0.914682142241,9.4813046303e-14
1.46285,0.0853204191387,0.914679580862,8.43325409505e-13
1.463,0.0853218801619,0.914678119838,3.56381590905e-13
1.4632,0.0853241662561,0.914675833744,3.75255382323e-14
1.46355,0.0853290938614,0.914670906138,2.76667577737e-13
1.4639,0.0853351967832,0.914664803217,1.68753899743e-13
1.46425,0.0853424699389,0.914657530061,7.74935671188e-14
1.4646,0.0853509083373,0.914649091663,4.32986979604e-15
1.46493333333,0.0853600237371,0.914639976263,4.4320103143e-13
1.46495,0.085360507058,0.914639492942,2.15272244475e-13
1.4653,0.0853712612732,0.914628738726,3.18078896555e-13
1.46565,0.0853831662338,0.914616833766,2.60014232367e-13
1.466,0.0853962172696,0.91460378273,8.19344592173e-14
1.46635,0.0854104097929,0.914589590208,4.42534897616e-13
1.4667,0.0854257392928,0.914574260706,1.02562403015e-12
1.46686666667,0.0854334373831,0.914566562617,1.90847337933e-13
1.46705,0.0854422013356,0.914557798665,4.60520510615e-13
1.4674,0.0854597915702,0.91454020843,1.60094160151e-13
1.46775,0.0854785057114,0.914521494289,2.76001443922e-13
1.4681,0.0854983395539,0.914501660446,6.08402217495e-14
1.46845,0.0855192889726,0.914480711028,3.44835271449e-13
1.4688,0.0855413499045,0.914458650096,4.96935825822e-13
1.46915,0.0855645183645,0.914435481636,3.51496609596e-13
1.4695,0.0855887904403,0.91441120956,3.18634008067e-14
1.46985,0.085614162287,0.914385837713,4.4408920985e-14
1.4702,0.0856406301322,0.914359369868,7.63833440942e-14
1.47055,0.0856681902711,0.914331809729,3.59712259979e-14
1.47073333333,0.0856830612368,0.914316938763,2.20268248086e-13
1.4709,0.0856968390657,0.914303160934,5.09592368303e-14
1.47125,0.0857265729497,0.91427342705,7.14983627859e-14
1.4716,0.0857573884201,0.914242611581,8.03801469829e-13
1.47195,0.0857892820366,0.914210717963,2.22044604925e-13
1.4723,0.0858222504337,0.914177749566,7.1054273576e-14
1.47265,0.0858562903007,0.914143709699,5.80646641879e-14
1.47266666667,0.0858579379173,0.914142062083,1.6364687383e-13
1.473,0.0858913983945,0.914108601605,8.48321413116e-13
1.47335,0.085927571537,0.914072428463,4.22328838567e-13
1.4737,0.0859648066074,0.914035193392,4.9549253589e-13
1.47405,0.0860031005545,0.913996899445,7.74935671188e-14
1.4744,0.0860424503783,0.913957549621,5.64104318812e-13
1.4746,0.0860654089279,0.913934591073,4.57411886146e-13
1.47475,0.0860828531439,0.913917146855,6.10511641241e-13
1.4751,0.0861243059795,0.913875694021,6.39488462184e-14
1.47545,0.0861668060644,0.913833193936,2.78665979181e-13
1.4758,0.0862103506412,0.913789649359,1.83408843668e-13
1.47615,0.0862549370133,0.913745062987,1.90958360236e-14
1.4765,0.0863005625332,0.913699437467,3.65707464312e-13
1.47653333333,0.0863049619239,0.913695038077,5.01820807131e-13
1.47685,0.086347224617,0.913652775383,2.15383266777e-13
1.4772,0.0863949207326,0.913605079267,7.4162898045e-14
1.47755,0.0864436484016,0.913556351598,1.84297022088e-13
1.4779,0.0864934052115,0.913506594788,3.46389583683e-14
1.47825,0.0865441887902,0.91345581121,3.08642000846e-13
1.47846666667,0.0865761397773,0.913423860223,7.03881397612e-14
1.4786,0.0865959968232,0.913404003177,7.80486786311e-14
1.47895,0.0866488270554,0.913351172945,1.31228361511e-13
1.4793,0.0867026772781,0.913297322722,2.69784194984e-13
1.47965,0.0867575453339,0.913242454666,1.62092561595e-13
1.48,0.0868134291236,0.913186570876,4.373168494e-13
1.48035,0.0868703265911,0.913129673409,1.94289029309e-14
1.4804,0.0868785374346,0.913121462566,3.12638803734e-13
1.4807,0.0869282357387,0.913071764261,1.50546242139e-13
1.48105,0.0869871546114,0.913012845389,2.19158025061e-13
1.4814,0.0870470813048,0.912952918695,9.32587340685e-15
1.48175,0.087108013973,0.912891986027,4.52970994047e-13
1.4821,0.0871699508049,0.912830049195,1.59650070941e-13
1.48233333333,0.0872117990272,0.912788200973,3.91908727693e-14
1.48245,0.0872328900455,0.912767109955,1.29674049276e-13
1.4828,0.0872968299877,0.912703170012,1.43218770177e-13
1.48315,0.0873617689654,0.912638231034,1.98729921408e-13
1.4835,0.087427705374,0.912572294626,2.62567745324e-13
1.48385,0.0874946376356,0.912505362365,5.54889467708e-13
1.4842,0.0875625642279,0.912437435772,5.37347943919e-14
1.48426666667,0.0875756152415,0.912424384758,2.84439138909e-13
1.48455,0.0876314836809,0.912368516319,2.53796983429e-13
1.4849,0.087701394556,0.912298605444,1.17905685215e-13
1.48525,0.0877722954683,0.912227704532,2.69118061169e-13
1.4856,0.0878441850767,0.912155814923,2.30038210702e-13
1.48595,0.0879170620806,0.91208293792,2.3758772727e-13
1.4862,0.0879697209133,0.912030279087,4.56301663121e-14
1.4863,0.0879909252238,0.912009074776,1.98507876803e-13
1.48665,0.0880657732953,0.911934226704,1.77080572428e-13
1.487,0.0881416051227,0.911858394877,6.10400618939e-13
1.48735,0.0882184195856,0.911781580415,3.06865644006e-13
1.4877,0.0882962155928,0.911703784407,1.7086332349e-13
1.48805,0.0883749921005,0.911625007899,1.48436818392e-13
1.48813333333,0.0883938928197,0.91160610718,2.16160422895e-13
1.4884,0.0884547481103,0.91154525189,3.5527136788e-15
1.48875,0.0885354826577,0.911464517342,5.0404125318e-14
1.4891,0.0886171948227,0.911382805177,2.01616501272e-13
1.48945,0.0886998837267,0.911300116273,6.43485265073e-13
1.4898,0.0887835485255,0.911216451474,3.74145159299e-13
1.49006666667,0.0888479476663,0.911152052333,3.1696867353e-13
1.49015,0.0888681884254,0.911131811575,2.39808173319e-14
1.4905,0.0889538026584,0.911046197342,2.95541369155e-13
1.49085,0.0890403905006,0.910959609499,2.01838545877e-13
1.4912,0.089127951277,0.910872048723,1.65201186064e-13
1.49155,0.0892164843339,0.910783515667,7.24753590475e-13
1.4919,0.0893059890662,0.910694010935,7.6916251146e-13
1.492,0.089331740238,0.910668259762,1.03472785895e-13
1.49225,0.0893964649065,0.910603535093,2.60458321577e-13
1.4926,0.0894879113169,0.910512088683,4.99600361081e-14
1.49295,0.0895803278102,0.910419672189,3.74589248509e-13
1.4933,0.0896737139243,0.910326286076,1.42108547152e-13
1.49365,0.0897680692356,0.910231930764,1.55875312657e-13
1.49393333333,0.0898451617125,0.910154838287,4.83613149527e-13
1.494,0.0898633933668,0.910136606634,3.1241675913e-13
1.49435,0.0899596859597,0.91004031404,2.52353693497e-13
1.4947,0.090056946705,0.909943053295,3.49498208152e-13
1.49505,0.0901551753297,0.90984482467,2.3758772727e-13
1.4954,0.090254371586,0.909745628414,8.06021915878e-14
1.49575,0.0903545352662,0.909645464734,2.34701147406e-13
1.49586666667,0.090388138115,0.909611861885,6.66133814775e-15
1.4961,0.0904556662042,0.909544333796,3.61488616818e-13
1.49645,0.0905577642539,0.909442235746,2.19602114271e-13
1.4968,0.0906608293216,0.909339170679,3.79030140607e-13
1.49715,0.0907648613318,0.909235138668,2.59792187762e-14
1.4975,0.0908698602471,0.909130139753,1.63979940737e-13
1.4978,0.0909606288991,0.909039371101,1.26565424807e-14
1.49785,0.0909758260726,0.909024173927,3.29403171406e-13
1.4982,0.091082758836,0.908917241164,3.01314528883e-13
1.49855,0.0911906586007,0.908809341399,5.26245713672e-14
1.4989,0.0912995254694,0.90870047453,1.44884104714e-13
1.49925,0.0914093595667,0.908590640433,1.4921397451e-13
1.4996,0.0915201610628,0.908479838938,5.50892664819e-13
1.49973333333,0.0915626256581,0.908437374342,5.11812814352e-14
1.49995,0.0916319301483,0.908368069852,4.36095604073e-13
1.5003,0.0917446670491,0.908255332951,3.11306536105e-13
1.50065,0.0918583720322,0.908141627968,2.57238674806e-13
1.501,0.0919730453843,0.908026954616,1.57207580287e-13
1.50135,0.0920886874255,0.907911312575,5.28466159722e-13
1.50166666667,0.0921941509377,0.907805849062,1.38777878078e-13
1.5017,0.0922052985165,0.907794701483,3.43614026121e-13
1.50205,0.0923228790377,0.907677120962,2.62234678416e-13
1.5024,0.0924414294073,0.907558570592,5.25024468345e-13
1.50275,0.0925609500753,0.907439049925,3.94129173742e-14
1.5031,0.0926814415138,0.907318558486,1.47215573065e-13
1.50345,0.0928029042379,0.907197095762,2.75335310107e-13
1.5036,0.0928552571546,0.907144742845,5.50670620214e-14
1.5038,0.0929253387819,0.907074661218,3.97903932026e-13
1.50415,0.0930487457142,0.906951254286,2.5113244817e-13
1.5045,0.093173125636,0.906826874364,8.21565038223e-14
1.50485,0.0932984791745,0.906701520826,1.05471187339e-14
1.5052,0.0934248069879,0.906575193012,1.98285832198e-13
1.50553333333,0.0935460256091,0.906453974391,3.42725847702e-13
1.50555,0.0935521097648,0.906447890236,6.74571509762e-13
1.5059,0.0936803882171,0.906319611783,9.10382880193e-15
1.50625,0.0938096431012,0.906190356899,1.04805053525e-13
1.5066,0.093939875183,0.906060124817,1.23456800338e-13
1.50695,0.0940710852676,0.905928914733,2.35145236616e-13
1.5073,0.0942032741922,0.905796725808,1.39888101103e-13
1.50746666667,0.0942665655828,0.905733434417,5.91748872125e-14
1.50765,0.0943364428131,0.905663557186,4.84168261039e-13
1.508,0.0944705920222,0.905529407979,7.24753590475e-13
1.50835,0.0946057227364,0.905394277263,5.16031661846e-13
1.5087,0.0947418359014,0.905258164099,3.36397576461e-13
1.50905,0.0948789324941,0.905121067506,1.02140518266e-13
1.5094,0.0950170135141,0.904982986486,3.5527136788e-14
1.50975,0.0951560799883,0.904843920012,6.41708908233e-14
1.5101,0.0952961329807,0.904703867019,2.08499884025e-13
1.51045,0.0954371735714,0.904562826429,2.81996648255e-14
1.5108,0.0955792028712,0.904420797129,1.50324197534e-13
1.51115,0.0957222220237,0.904277777977,2.64011035256e-13
1.51133333333,0.0957975322502,0.90420246775,1.29896093881e-14
1.5115,0.095866232192,0.904133767808,1.07247544179e-13
1.51185,0.0960112345706,0.903988765429,3.50719453479e-13
1.5122,0.0961572303819,0.903842769618,2.44138043115e-13
1.51255,0.0963042208685,0.903695779132,1.55209178843e-13
1.5129,0.0964522073111,0.903547792689,3.19522186487e-13
1.51325,0.0966011910045,0.903398808995,1.00364161426e-13
1.51326666667,0.0966083103635,0.903391689636,1.59650070941e-13
1.5136,0.0967511732763,0.903248826724,6.39710506789e-13
1.51395,0.0969021554835,0.903097844516,3.19855253395e-13
1.5143,0.0970541390016,0.902945860999,1.57207580287e-13
1.51465,0.0972071252366,0.902792874763,9.74775815621e-14
1.515,0.0973611156238,0.902638884376,3.50830475782e-14
1.5152,0.0974495615324,0.902550438467,2.92765811594e-13
1.51535,0.0975161116148,0.902483888385,1.72750702632e-13
1.5157,0.097672114701,0.902327885299,1.172395514e-13
1.51605,0.0978291263862,0.902170873614,5.79536418854e-14
1.5164,0.0979871482042,0.902012851796,1.78301817755e-13
1.51675,0.098146181722,0.901853818278,9.61453139325e-14
1.5171,0.0983062285199,0.90169377148,3.77475828373e-13
1.51713333333,0.0983215239777,0.901678476022,8.21565038223e-15
1.51745,0.0984672902093,0.90153270979,2.46802578374e-13
1.5178,0.0986293684325,0.901370631568,3.99680288865e-13
1.51815,0.0987924648455,0.901207535154,3.04201108747e-13
1.5185,0.098956581138,0.901043418862,5.73985303731e-14
1.51885,0.0991217190233,0.900878280976,2.11386463889e-13
1.51906666667,0.0992244599512,0.900775540049,6.47260023356e-13
1.5192,0.0992878802338,0.900712119766,4.84279283341e-13
1.51955,0.0994550665411,0.900544933459,2.02837746599e-13
1.5199,0.0996232797234,0.900376720276,2.39031017202e-13
1.52025,0.0997925215941,0.900207478406,1.34781075189e-13
1.5206,0.099962793993,0.900037206007,4.41424674591e-13
1.52095,0.100134098778,0.899865901222,3.77475828373e-15
1.521,0.100158655276,0.899841344723,5.11146680537e-13
1.5213,0.100306437835,0.899693562165,3.16524584321e-13
1.52165,0.100479813077,0.899520186924,9.70779012732e-13
1.522,0.100654226432,0.899345773568,2.15827355987e-13
1.52235,0.100829679868,0.899170320133,4.11004563716e-13
1.5227,0.101006175359,0.89899382464,3.33733041202e-13
1.52293333333,0.101124418933,0.898875581067,8.93729534823e-14
1.52305,0.101183714916,0.898816285084,4.60520510615e-13
1.5234,0.101362300574,0.898637699426,2.0061730055e-13
1.52375,0.101541934383,0.898458065617,1.80966353014e-13
1.5241,0.101722618425,0.898277381575,9.83657599818e-14
1.52445,0.101904354803,0.898095645197,1.84519066693e-13
1.5248,0.102087145642,0.897912854358,1.43440814782e-13
1.52486666667,0.102122082677,0.897877917323,2.299271884e-13
1.52515,0.102270993097,0.897729006902,3.88244991711e-13
1.5255,0.102455899344,0.897544100656,1.54098955818e-13
1.52585,0.102641866574,0.897358133426,2.88213897193e-13
1.5262,0.10282889702,0.89717110298,6.66133814775e-15
1.52655,0.10301699292,0.89698300708,4.60742555219e-13
1.5268,0.10315200071,0.89684799929,2.32813768264e-13
1.5269,0.103206156544,0.896793843456,3.61932706028e-14
1.52725,0.103396390191,0.89660360981,4.24771329222e-13
1.5276,0.10358769617,0.89641230383,1.08135722598e-13
1.52795,0.103780076827,0.896219923172,2.04503081136e-13
1.5283,0.103973534523,0.896026465477,3.48610029732e-13
1.52865,0.104168071643,0.895831928357,1.15463194561e-13
1.52873333333,0.10421454937,0.89578545063,3.40283357048e-13
1.529,0.104363690601,0.895636309399,1.65756297577e-13
1.52935,0.104560393827,0.895439606173,1.66755498299e-13
1.5297,0.104758183777,0.895241816223,1.96731519964e-13
1.53005,0.104957062933,0.895042937067,2.08499884025e-13
1.5304,0.105157033796,0.894842966204,1.69197988953e-13
1.53066666667,0.105310126865,0.894689873135,7.32747196253e-15
1.53075,0.105358098892,0.894641901108,2.85771406539e-13
1.5311,0.105560260771,0.894439739229,1.92734717075e-13
1.53145,0.105763522002,0.894236477998,2.9487523534e-13
1.5318,0.105967885183,0.894032114817,4.87609952415e-13
1.53215,0.106173352929,0.893826647071,3.6248781754e-13
1.5325,0.106379927879,0.89362007212,2.33257857474e-13
1.5326,0.106439153033,0.893560846967,2.19491091968e-13
1.53285,0.106587612704,0.893412387296,6.5281113848e-14
1.5332,0.106796410081,0.893203589919,1.12798659302e-13
1.53355,0.107006322723,0.892993677276,2.89768209427e-13
1.5339,0.107217353361,0.892782646639,8.92619311799e-14
1.53425,0.107429504752,0.892570495248,6.15285600247e-13
1.53453333333,0.107602069123,0.892397930878,4.93827201353e-13
1.5346,0.107642779667,0.892357220333,3.13749026759e-13
1.53495,0.10785718091,0.89214281909,7.12763181809e-14
1.5353,0.108072711301,0.891927288699,7.34856619999e-13
1.53565,0.108289373691,0.891710626309,4.00568467285e-13
1.536,0.108507170939,0.891492829061,1.28563826252e-13
1.53635,0.108726105937,0.891273894063,2.11497486191e-13
1.53646666667,0.108799337607,0.891200662393,4.4408920985e-16
1.5367,0.108946181599,0.891053818401,1.52100554374e-13
1.53705,0.109167400862,0.890832599138,1.12354570092e-13
1.5374,0.109389766678,0.890610233322,3.49054118942e-13
1.53775,0.10961328203,0.89038671797,2.34146035893e-13
1.5381,0.109837949917,0.890162050083,3.59934304583e-13
1.5384,0.110031442011,0.889968557988,4.35651514863e-13
1.53845,0.110063773369,0.889936226632,3.51274564991e-13
1.5388,0.110290755427,0.889709244573,1.07580611086e-13
1.53915,0.110518899162,0.889481100839,5.77315972805e-13
1.5395,0.110748207666,0.889251792334,1.35447209004e-14
1.53985,0.110978684052,0.889021315948,7.394085344e-14
1.5402,0.111210331455,0.888789668545,2.93320923106e-13
1.54033333333,0.111298886767,0.888701113233,1.43884903991e-13
1.54055,0.111443153034,0.888556846966,1.52322598979e-13
1.5409,0.11167715197,0.888322848031,5.50892664819e-13
1.54125,0.111912331462,0.888087668538,1.00253139124e-13
1.5416,0.112148694739,0.887851305261,8.39328606617e-14
1.54195,0.112386245042,0.887613754957,4.05342426291e-13
1.54226666667,0.112602197074,0.887397802927,6.03961325396e-13
1.5423,0.112624985645,0.887375014354,4.31876756579e-13
1.54265,0.112864919838,0.887135080163,2.81996648255e-13
1.543,0.113106050931,0.886893949069,7.23865412056e-14
1.54335,0.113348382261,0.88665161774,2.25819363209e-13
1.5437,0.113591917183,0.886408082817,2.3758772727e-14
1.54405,0.113836659079,0.886163340921,6.46149800332e-14
1.5442,0.113941918787,0.886058081213,1.79301018477e-13
1.5444,0.114082611348,0.885917388652,1.38333788868e-13
1.54475,0.114329777412,0.885670222588,2.22044604925e-16
1.5451,0.114578160721,0.885421839279,2.94320123828e-13
1.54545,0.114827764735,0.885172235265,6.6679994859e-13
1.5458,0.115078592945,0.884921407055,1.9162449405e-13
1.54613333333,0.11531861831,0.88468138169,5.05484543112e-13
1.54615,0.115330648865,0.884669351135,2.28705943073e-14
1.5465,0.115583936023,0.884416063977,3.0253577421e-13
1.54685,0.115838457977,0.884161542023,4.4408920985e-16
1.5472,0.116094218302,0.883905781698,8.8862250891e-13
1.54755,0.116351220594,0.883648779405,6.37156993832e-13
1.5479,0.116609468477,0.883390531523,5.6177285046e-14
1.54806666667,0.116732882507,0.883267117493,1.76525460915e-14
1.54825,0.116868965591,0.883131034409,8.97726337712e-13
1.5486,0.117129715598,0.882870284403,3.13971071364e-13
1.54895,0.117391722186,0.882608277815,8.52429238307e-13
1.5493,0.11765498906,0.88234501094,1.7763568394e-15
1.54965,0.117919519951,0.882080480049,5.01820807131e-14
1.55,0.118185318607,0.881814681393,1.74305014866e-14
1.55193333333,0.119676554141,0.880323445859,1.68531855138e-13
1.55386666667,0.121207236851,0.878792763149,3.65263375102e-14
1.5558,0.122778034644,0.877221965356,8.72191208146e-13
1.55773333333,0.124389635506,0.875610364494,4.2066350403e-13
1.55966666667,0.126042747439,0.873957252561,8.77076189454e-15
1.5616,0.127738098392,0.872261901608,3.2640556924e-14
1.56353333333,0.129476436185,0.870523563815,5.78315173527e-13
1.56546666667,0.131258528424,0.868741471576,4.70734562441e-14
1.5674,0.133085162414,0.866914837586,3.29847260616e-13
1.56933333333,0.134957145056,0.865042854944,2.63344901441e-13
1.57126666667,0.136875302731,0.863124697269,1.06137321154e-13
1.5732,0.138840481177,0.861159518823,2.98649993624e-13
1.57513333333,0.140853545337,0.859146454663,2.68784994262e-13
1.57706666667,0.142915379199,0.857084620801,6.72795152923e-14
1.579,0.145026885606,0.854973114393,8.16013923099e-14
1.58093333333,0.147188986049,0.852811013952,5.22692999994e-13
1.58286666667,0.149402620423,0.850597379577,3.45945494473e-13
1.5848,0.151668746772,0.848331253228,1.38222766566e-13
1.58673333333,0.153988340981,0.84601165902,5.6399329651e-13
1.58866666667,0.156362396451,0.843637603549,3.5527136788e-13
1.5906,0.158791923724,0.841208076277,7.72271135929e-13
1.59253333333,0.161277950085,0.838722049915,1.43884903991e-13
1.59446666667,0.163821519092,0.836178480908,6.32383034826e-13
1.5964,0.166423690098,0.833576309902,5.049294316e-13
1.59833333333,0.169085537693,0.830914462307,2.61013433089e-13
1.60026666667,0.171808151104,0.828191848895,2.79776202206e-13
1.6022,0.174592633545,0.825407366454,5.20361531642e-13
1.60413333333,0.177440101505,0.822559898494,2.53130849615e-13
1.60606666667,0.180351683956,0.819648316044,3.35287353437e-14
1.608,0.183328521533,0.816671478467,4.47419878924e-13
1.60993333333,0.186371765604,0.813628234396,1.35447209004e-13
1.61186666667,0.189482577287,0.810517422713,3.89910326248e-13
1.6138,0.192662126394,0.807337873606,6.35824726203e-13
1.61573333333,0.195911590277,0.804088409724,5.74873482151e-13
1.61766666667,0.199232152602,0.800767847399,6.78568312651e-13
1.6196,0.202625002027,0.797374997974,8.81295036947e-13
1.62153333333,0.20609133079,0.793908669209,7.93698440305e-13
1.62346666667,0.20963233321,0.790367666789,3.63709062867e-13
1.6254,0.213249204054,0.786750795945,4.53970194769e-13
1.62733333333,0.216943136842,0.783056863158,1.67199587509e-13
1.62926666667,0.220715322013,0.779284677988,1.32782673745e-12
1.6312,0.224566944986,0.775433055013,7.9891648852e-13
1.63313333333,0.228499184121,0.771500815879,1.48991929905e-13
1.63506666667,0.23251320852,0.767486791479,3.75699471533e-13
1.637,0.236610175755,0.763389824246,1.01540997832e-12
1.63893333333,0.240791229426,0.759208770575,9.58566559461e-13
1.64086666667,0.245057496626,0.754942503375,6.93445301181e-13
1.6428,0.249410085229,0.750589914771,8.89288642725e-14
1.64473333333,0.253850081107,0.746149918894,9.08384478748e-13
1.64666666667,0.25837854513,0.74162145487,7.0965455734e-13
1.6486,0.26299651011,0.737003489889,1.11444187212e-12
1.65053333333,0.267704977542,0.732295022459,6.01740879347e-13
1.65246666667,0.272504914234,0.727495085766,1.30784272301e-13
1.6544,0.2773972488,0.7226027512,1.80522263804e-13
1.65633333333,0.282382867999,0.717617132002,6.75681732787e-13
1.65826666667,0.287462612941,0.71253738706,1.09667830372e-12
1.6602,0.292637275167,0.707362724834,8.77298234059e-13
1.66213333333,0.297907592573,0.702092407426,3.61266572213e-13
1.66406666667,0.303274245235,0.696725754766,9.14379683081e-13
1.666,0.308737851078,0.69126214892,2.06457073659e-12
1.66793333333,0.314298961456,0.685701038542,1.92723614845e-12
1.66986666667,0.319958056595,0.680041943404,1.03872466184e-12
1.6718,0.325715540945,0.674284459055,5.57331958362e-13
1.67373333333,0.331571738427,0.668428261573,4.65405491923e-13
1.67566666667,0.337526887625,0.662473112377,1.73483449828e-12
1.6776,0.343581136862,0.656418863137,1.12421183474e-12
1.67953333333,0.349734539256,0.650265460742,1.9882984148e-12
1.68146666667,0.355987047703,0.644012952294,3.3497649099e-12
1.6834,0.362338509855,0.637661490146,8.49098569233e-13
1.68533333333,0.368788663071,0.631211336928,1.23234755733e-12
1.68726666667,0.375337129384,0.624662870614,2.08988382155e-12
1.6892,0.381983410511,0.618016589489,1.01252339846e-13
1.69113333333,0.388726882884,0.611273117114,1.19948495581e-12
1.69306666667,0.395566792782,0.604433207219,1.0593748101e-12
1.695,0.402502251561,0.59749774844,4.12336831346e-13
1.69693333333,0.409532231002,0.590467768999,9.58566559461e-13
1.69886666667,0.416655558832,0.583344441166,1.86761717202e-12
1.7008,0.42387091441,0.576129085592,1.87472259938e-12
1.70273333333,0.431176824628,0.568823175373,5.79536418854e-13
1.70466666667,0.438571660099,0.561428339898,2.83650880561e-12
1.7066,0.446053631559,0.553946368441,1.73194791842e-14
1.70853333333,0.453620786652,0.546379213347,1.06781250508e-12
1.71046666667,0.461271006996,0.538728993005,5.33573185635e-13
1.7124,0.469002005672,0.530997994328,3.19744231092e-14
1.71433333333,0.476811325122,0.523188674879,1.830535723e-12
1.71626666667,0.484696335461,0.515303664538,1.35469413465e-12
1.7182,0.492654233317,0.507345766682,3.20188320302e-13
1.72013333333,0.50068204115,0.49931795885,2.6734170433e-13
1.72206666667,0.508776607121,0.491223392881,1.75903736022e-12
1.724,0.516934605541,0.483065394459,5.26911847487e-13
1.72593333333,0.525152537929,0.474847462071,4.50972592603e-13
1.72786666667,0.533426734673,0.466573265323,4.09006162272e-12
1.7298,0.541753357369,0.458246642632,5.69988500843e-13
1.73173333333,0.550128401795,0.449871598207,2.07345252079e-12
1.73366666667,0.558547701633,0.441452298369,2.17892370813e-12
1.7356,0.567006932832,0.432993067168,2.40474307134e-13
1.73753333333,0.575501618719,0.424498381284,3.36553007685e-12
1.73946666667,0.584027135816,0.415972864183,1.76414438613e-12
1.7414,0.592578720388,0.407421279614,2.72226685638e-12
1.74333333333,0.601151475694,0.398848524304,2.31648034088e-12
1.74526666667,0.609740379976,0.390259620025,9.86988268892e-13
1.7472,0.618340295076,0.381659704927,3.57491813929e-12
1.74913333333,0.626945975833,0.373054024167,1.91846538655e-13
1.75106666667,0.635552080041,0.364447919959,2.13495887635e-13
1.753,0.644153179094,0.355846820905,1.35624844688e-12
1.75493333333,0.65274376918,0.347256230819,6.33937347061e-13
1.75686666667,0.661318283063,0.338681716937,1.34781075189e-13
1.7588,0.66987110234,0.330128897659,1.27986510279e-12
1.76073333333,0.6783965702,0.3216034298,6.28386231938e-14
1.76266666667,0.686889004522,0.313110995476,2.14062101378e-12
1.7646,0.695342711403,0.3046572886,3.77475828373e-12
1.76653333333,0.703751998871,0.296248001127,1.29629640355e-12
1.76846666667,0.712111190952,0.28788880905,1.44861900253e-12
1.7704,0.720414641736,0.279585358261,3.43813866266e-12
1.77233333333,0.728656749628,0.271343250374,2.10276240864e-12
1.77426666667,0.736831971599,0.2631680284,8.23896506574e-13
1.7762,0.744934837312,0.255065162691,3.26272342477e-12
1.77813333333,0.752959963172,0.247040036826,1.6230350397e-12
1.78006666667,0.76090206614,0.239097933861,4.47419878924e-13
1.782,0.76875597724,0.23124402276,3.50386386572e-13
1.78393333333,0.776516654745,0.22348334525,5.41744427096e-12
1.78586666667,0.784179196923,0.215820803079,2.78510547957e-12
1.7878,0.791738854215,0.208261145783,1.54265489272e-12
1.78973333333,0.799191041009,0.200808958988,2.66620059364e-12
1.79166666667,0.806531346633,0.193468653368,1.80233605818e-12
1.7936,0.81375554575,0.186244454253,2.29549712571e-12
1.79553333333,0.820859608032,0.179140391966,1.27708954523e-12
1.79746666667,0.827839707025,0.17216029297,5.48983081217e-12
1.7994,0.834692228238,0.16530777176,2.03281835809e-12
1.80133333333,0.841413776325,0.158586223679,3.35242944516e-12
1.80326666667,0.848001181465,0.151998818535,3.31956684363e-14
1.8052,0.854451504803,0.145548495197,3.60822483003e-13
1.80713333333,0.860762042974,0.139237957027,5.26911847487e-13
1.80906666667,0.86693033172,0.133069668279,1.0548228957e-12
1.811,0.87295414859,0.127045851407,2.32591723659e-12
1.81293333333,0.878831514697,0.121168485302,1.63613567139e-12
1.81486666667,0.884560695584,0.115439304417,1.28297372726e-12
1.8168,0.890140201172,0.109859798828,2.13384865333e-13
1.81873333333,0.895568784885,0.104431215114,1.22979404438e-12
1.82066666667,0.900845441862,0.099154558135,2.957412093e-12
1.8226,0.905969406404,0.0940305935952,9.17155240643e-13
1.82453333333,0.910940148615,0.0890598513856,9.89208714941e-13
1.82646666667,0.915757370306,0.0842426296931,5.30575583468e-13
1.8284,0.920421000216,0.0795789997829,6.63691324121e-13
1.83033333333,0.924931188573,0.0750688114299,3.03379543709e-12
1.83226666667,0.929288301029,0.0707116989731,2.40629738357e-12
1.8342,0.933492912078,0.0665070879248,2.39785968859e-12
1.83613333333,0.937545797953,0.0624542020466,6.75681732787e-13
1.83806666667,0.941447929085,0.0585520709147,6.49702514011e-13
1.84,0.945200462141,0.0547995378585,6.12510042686e-13
1.84193333333,0.948804731749,0.051195268248,3.47799566924e-12
1.84386666667,0.952262241928,0.0477377580732,1.68509650678e-12
1.8458,0.955574657245,0.0444253427491,6.35902441815e-12
1.84773333333,0.958743793867,0.0412562061315,1.17816867373e-12
1.84966666667,0.961771610364,0.0382283896323,4.03388433767e-12
1.8516,0.964660198518,0.0353398014793,2.27740049041e-12
1.85353333333,0.967411774046,0.0325882259538,1.72195591119e-13
1.85546666667,0.970028667314,0.0299713326881,1.76059167245e-12
1.8574,0.972513314119,0.0274866858832,1.90403248723e-12
1.85933333333,0.974868246535,0.0251317534679,2.59858801144e-12
1.86126666667,0.977096083865,0.0229039161326,2.52953213931e-12
1.8632,0.979199523775,0.0208004762274,2.66053845621e-12
1.86513333333,0.981181333528,0.0188186664714,6.83120227052e-13
1.86706666667,0.983044341546,0.0169556584582,4.44133618771e-12
1.869,0.984791429055,0.0152085709429,2.50244269751e-12
1.87093333333,0.986425522133,0.0135744778687,2.12585504755e-12
1.87286666667,0.987949583876,0.0120504161245,6.83009204749e-13
1.8748,0.989366606971,0.0106333930273,1.45217171621e-12
1.87673333333,0.990679606512,0.0093203934901,1.94355642691e-12
1.87866666667,0.991891613106,0.00810838689587,2.30793162359e-12
1.8806,0.993005666357,0.00699433364193,8.14126543958e-13
1.88253333333,0.99402480863,0.005975191368,2.22810658812e-12
1.88446666667,0.99495207915,0.00504792085025,8.45989944764e-14
1.8864,0.995790508438,0.00420949156397,2.38298270006e-12
1.88833333333,0.99654311307,0.00345688692662,3.77087250314e-12
1.89026666667,0.997212890807,0.00278710919453,1.23123733431e-12
1.8922,0.997802815955,0.00219718404485,4.25659507641e-13
1.89413333333,0.998315835164,0.00168416483402,1.67421632113e-12
1.89606666667,0.998754863463,0.00124513653534,2.01916261489e-12
1.898,0.999122780632,0.000877219370386,2.65454325188e-12
1.89993333333,0.999422427864,0.000577572137738,1.98774330329e-12
1.90186666667,0.999656604755,0.000343395248012,2.60080845749e-12
1.9038,0.999828066525,0.000171933474422,9.64006652282e-13
1.90573333333,0.999939521571,6.04784306139e-05,1.56674673235e-12
1.90766666667,0.99999362921,6.37078357161e-06,5.95878901777e-12
1.9096,0.999992997787,7.00221379464e-06,3.561595463e-13
1.91153333333,0.999940182865,5.98171344757e-05,3.3950620093e-13
1.91346666667,0.999837685819,0.000162314179221,2.17870166352e-12
1.9154,0.999687952527,0.000312047472043,1.36757272173e-12
1.91733333333,0.999493372313,0.00050662768816,9.77662395485e-13
1.91926666667,0.999256277081,0.000743722920738,1.71618275147e-12
1.9212,0.998978940641,0.00102105936076,1.55586654671e-12
1.92313333333,0.998663578193,0.00133642180579,8.62310223226e-13
1.92506666667,0.998312345996,0.0016876540049,6.47704112566e-13
1.927,0.997927341145,0.00207265885048,4.24604795768e-12
1.92893333333,0.997510601569,0.00248939843372,2.35833574891e-12
1.93086666667,0.997064106036,0.00293589396382,6.94999613415e-14
1.9328,0.99658977443,0.00341022556952,1.44328993201e-14
1.93473333333,0.99608946801,0.00391053198936,7.07656155896e-13
1.93666666667,0.995564989842,0.00443501015642,1.49613654798e-12
1.9386,0.995018085305,0.00498191469559,4.84501327946e-13
1.94053333333,0.99445044267,0.00554955732859,1.1047829318e-12
1.94246666667,0.993863693793,0.00613630621039,2.99760216649e-12
1.9444,0.993259414813,0.00674058518723,9.34807786734e-14
1.94633333333,0.992639127,0.00736087300021,2.8088642523e-13
1.94826666667,0.992004297571,0.00799570242996,8.68860539072e-13
1.9502,0.991356340604,0.00864365939545,6.68021193917e-13
1.95213333333,0.990696617996,0.00930338200222,1.35114142097e-12
1.95406666667,0.990026440439,0.00997355956728,6.1541882701e-12
1.956,0.989347068403,0.0106529316006,3.4672265059e-12
1.95793333333,0.988659713233,0.0113402867642,2.37065922448e-12
1.95986666667,0.987965538191,0.0120344618063,2.54674059619e-12
1.9618,0.987265659507,0.0127343404885,4.18520773593e-12
1.96373333333,0.986561147513,0.0134388524863,6.39488462184e-13
1.96566666667,0.985853027719,0.014146972281,5.41788836017e-14
1.9676,0.985142281943,0.0148577180553,1.59461333027e-12
1.96953333333,0.984429849422,0.0155701505781,4.04787314778e-13
1.97146666667,0.983716627919,0.0162833720831,2.31170638187e-12
1.9734,0.983003474835,0.0169965251621,3.35320660128e-12
1.97533333333,0.982291208345,0.017708791656,5.83977310953e-13
1.97726666667,0.981580608448,0.0184193915478,4.00390831601e-12
1.9792,0.980872418127,0.019127581873,4.8105963657e-13
1.98113333333,0.980167344371,0.0198326556347,5.91704463204e-12
1.98306666667,0.979466059272,0.0205339407274,5.42454969832e-13
1.985,0.978769201114,0.0212307988875,1.19793064357e-12
1.98693333333,0.978077375362,0.0219226246403,2.660094367e-12
1.98886666667,0.977391155721,0.0226088442781,8.77409256361e-13
1.9908,0.976711085158,0.0232889148408,1.19348975147e-12
1.99273333333,0.976037676872,0.0239623231257,2.22499796365e-12
1.99466666667,0.975371415293,0.0246285847083,8.86402062861e-13
1.9966,0.97471275701,0.02528724299,1.11022302463e-16
1.99853333333,0.974062131756,0.0259378682458,1.50901513507e-12
2.00046666667,0.973419943283,0.0265800567163,1.05693231944e-12
2.0024,0.972786570296,0.0272134297078,3.86668475016e-12
2.00433333333,0.972162367296,0.0278376327044,7.51843032276e-13
2.00626666667,0.971547665487,0.0284523345126,1.51767487466e-13
2.0082,0.970942773568,0.0290572264283,4.12847533937e-12
2.01013333333,0.970347978586,0.029652021413,8.76188011034e-13
2.01206666667,0.969763546707,0.0302364532914,1.50257584153e-12
2.014,0.969189724008,0.0308102759872,4.55491200313e-12
2.01593333333,0.968626737237,0.0313732627574,5.94269078391e-12
2.01786666667,0.968074794543,0.0319252054584,9.82103287583e-13
2.0198,0.967534086173,0.0324659138292,2.42694753183e-12
2.02173333333,0.967004785201,0.0329952147988,4.05231403988e-14
2.02366666667,0.966487048192,0.0335129518084,9.85878045867e-14
2.0256,0.965981015838,0.0340189841588,3.64941410425e-12
2.02753333333,0.965486813636,0.0345131863628,1.11666231817e-12
2.02946666667,0.965004552455,0.0349954475469,1.56075152802e-12
2.0314,0.96453432917,0.0354656708302,7.10764780365e-13
2.03333333333,0.964076227236,0.0359237727653,8.30668867025e-13
2.03526666667,0.963630317235,0.036369682763,1.55686574743e-12
2.0372,0.963196657449,0.0368033425538,3.23674420599e-12
2.03913333333,0.962775294338,0.0372247056606,9.94648807762e-13
2.04106666667,0.962366263104,0.0376337368929,3.35909078331e-12
2.043,0.961969588152,0.0380304118471,1.22579724149e-12
2.04493333333,0.96158528356,0.0384147164415,1.45528034068e-12
2.04686666667,0.961213353548,0.0387866464497,2.16970885702e-12
2.0488,0.960853792945,0.0391462070552,4.22328838567e-13
2.05073333333,0.960506587566,0.0394934124353,1.07358566481e-12
2.05266666667,0.960171714666,0.0398282853309,3.03379543709e-12
2.0546,0.959849143337,0.0401508566628,4.94049245958e-14
2.05653333333,0.959538834862,0.0404611651387,2.17603712827e-13
2.05846666667,0.959240743116,0.0407592568839,1.84963155903e-13
2.0604,0.958954814913,0.0410451850904,3.79651865501e-12
2.06233333333,0.958680990339,0.041319009657,3.62831986678e-12
2.06426666667,0.958419203122,0.0415807968791,1.36268774042e-12
2.0662,0.958169380886,0.0418306191137,5.90305582193e-13
2.06813333333,0.957931445523,0.0420685544745,2.01860750337e-12
2.07006666667,0.957705313457,0.0422946865419,1.23456800338e-12
2.072,0.957490895936,0.0425091040622,1.45439216226e-12
2.07393333333,0.957288099301,0.0427119007004,1.89182003396e-12
2.07586666667,0.957096825257,0.0429031747448,1.902478175e-12
2.0778,0.956916971119,0.043083028877,4.21662704753e-12
2.07973333333,0.956748430092,0.0432515699084,2.44693154627e-13
2.08166666667,0.956591091443,0.0434089085591,2.1100898806e-12
2.0836,0.956444840777,0.0435551592204,2.42439401887e-12
2.08553333333,0.956309560254,0.0436904397434,2.59026133875e-12
2.08746666667,0.956185128777,0.0438148712231,1.18793863635e-14
2.0894,0.9560714222,0.0439285777999,2.10720330074e-13
2.09133333333,0.955968313538,0.0440316864616,6.36934949227e-13
2.09326666667,0.955875673145,0.0441243268544,7.71271935207e-13
2.0952,0.955793368893,0.044206631105,1.96398453056e-12
2.09713333333,0.955721266351,0.0442787336474,1.83353332517e-12
2.09906666667,0.955659228955,0.044340771046,8.11128941791e-13
2.101,0.955607118154,0.0443928818452,1.05226938274e-12
2.10293333333,0.955564793597,0.0444352064037,1.12687636999e-12
2.10486666667,0.955532113253,0.044467886747,3.53050921831e-14
2.1068,0.955508933584,0.0444910664184,2.63056243455e-12
2.10873333333,0.955495109647,0.0445048903541,1.00230934663e-12
2.11066666667,0.955490495281,0.0445095047206,1.24078525232e-12
2.1126,0.95549494319,0.0445050568125,2.51065834789e-12
2.11453333333,0.955508305097,0.044491694905,1.69197988953e-12
2.11646666667,0.955530431862,0.0444695681416,3.49720252757e-12
2.1184,0.955561173576,0.0444388264216,2.77156075867e-12
2.12033333333,0.955600379727,0.0443996202726,3.70703467922e-13
2.12226666667,0.955647899244,0.0443521007533,2.34845476399e-12
2.1242,0.955703580655,0.0442964193422,2.91056068136e-12
2.12613333333,0.955767272162,0.0442327278402,2.34656738485e-12
2.12806666667,0.955838821734,0.044161178266,3.3184566206e-13
2.13,0.955918077234,0.0440819227658,5.60218538226e-13
2.13193333333,0.956004886479,0.0439951135198,1.56341606328e-12
2.13386666667,0.956099097339,0.0439009026588,2.71349609449e-12
2.1358,0.956200557829,0.043799442171,1.51878509769e-13
2.13773333333,0.956309116174,0.0436908838281,2.59614552078e-12
2.13966666667,0.956424620897,0.0435753791025,3.60045326886e-13
2.1416,0.95654692091,0.0434530790953,5.40945066518e-12
2.14353333333,0.956675865542,0.0433241344568,1.61370916629e-12
2.14546666667,0.956811304675,0.0431886953253,7.48734407807e-13
2.1474,0.956953088742,0.0430469112575,2.75557354712e-13
2.14933333333,0.957101068845,0.0428989311567,1.81343828842e-12
2.15126666667,0.957255096772,0.0427449032274,1.87072579649e-13
2.1532,0.957415025099,0.0425849749012,2.45026221535e-13
2.15513333333,0.95758070721,0.0424192927886,1.6273649095e-12
2.15706666667,0.957751997369,0.0422480026305,8.05577826668e-13
2.159,0.957928750766,0.042071249234,2.52686760405e-13
2.16093333333,0.958110823565,0.0418891764376,2.38120634322e-12
2.16286666667,0.958298072942,0.0417019270577,3.52717854923e-13
2.1648,0.958490357153,0.0415096428446,2.64610555689e-12
2.16673333333,0.958687535547,0.0413124644521,1.07358566481e-12
2.16866666667,0.958889468611,0.0411105313894,3.62820884448e-13
2.1706,0.959096018022,0.0409039819769,1.30806476761e-12
2.17253333333,0.959307046662,0.0406929533353,2.56572540991e-12
2.17446666667,0.959522418673,0.0404775813336,6.99151847527e-12
2.1764,0.959741999432,0.0402580005663,1.39488420814e-12
2.17833333333,0.959965655672,0.0400343443252,2.4751312111e-12
2.18026666667,0.960193255428,0.0398067445755,3.95172783385e-12
2.1822,0.960424668075,0.0395753319244,9.16156039921e-13
2.18413333333,0.960659764391,0.0393402356098,3.89022147829e-13
2.18606666667,0.960898416535,0.0391015834674,2.05546690779e-12
2.188,0.961140498081,0.0388595019228,3.61666252502e-12
2.18993333333,0.961385884035,0.0386141159659,1.36690658792e-12
2.19186666667,0.961634450858,0.0383655491419,2.5113244817e-13
2.1938,0.961886076467,0.0381139235311,1.52522439123e-12
2.19573333333,0.962140640262,0.0378593597379,2.23376872555e-13
2.19766666667,0.96239802312,0.0376019768812,1.10578213253e-12
2.1996,0.962658107416,0.037341892583,1.03361763593e-12
2.20153333333,0.962920777043,0.037079222958,1.49547041417e-12
2.20346666667,0.963185917398,0.0368140825994,2.60025334597e-12
2.2054,0.96345341541,0.0365465845887,1.25599530776e-12
2.20733333333,0.963723159527,0.0362768404706,2.10831352376e-12
2.20926666667,0.963995039743,0.0360049602576,2.27817764653e-13
2.2112,0.964268947578,0.0357310524236,1.57118762445e-12
2.21313333333,0.964544776099,0.0354552239023,1.18638432411e-12
2.21506666667,0.964822419921,0.0351775800779,1.24233956456e-12
2.217,0.965101775214,0.0348982247862,1.39888101103e-14
2.21893333333,0.965382739684,0.0346172603157,6.04294392303e-13
2.22086666667,0.965665212597,0.034334787401,2.10886863528e-12
2.2228,0.965949094777,0.0340509052242,1.07802655691e-12
2.22473333333,0.966234288586,0.0337657114135,1.10134124043e-13
2.22666666667,0.966520697951,0.0334793020487,7.28972437969e-13
2.2286,0.966808228348,0.0331917716505,1.39854794412e-12
2.23053333333,0.967096786809,0.0329032131913,5.6266102888e-13
2.23246666667,0.967386281903,0.0326137180944,2.74469336148e-12
2.2344,0.967676623769,0.032323376229,2.26174634577e-12
2.23633333333,0.967967724082,0.03203227592,2.09099404458e-12
2.23826666667,0.968259496051,0.0317405039477,1.36535227568e-12
2.2402,0.968551854456,0.0314481455434,1.08446585045e-12
2.24213333333,0.968844715595,0.0311552844068,1.84474657772e-12
2.24406666667,0.969137997309,0.0308620026917,3.30624416733e-13
2.246,0.969431618981,0.0305683810205,1.49480428036e-12
2.24793333333,0.969725501518,0.030274498485,2.7187141427e-12
2.24986666667,0.970019567352,0.0299804326487,3.58157947744e-13
2.2518,0.970313740453,0.0296862595488,2.03947969624e-12
2.25373333333,0.97060794629,0.0293920537091,8.08242361927e-13
2.25566666667,0.970902111864,0.0290978881343,1.67754699021e-12
2.2576,0.971196165681,0.0288038343209,1.84208204246e-12
2.25953333333,0.971490037739,0.028509962262,7.45847827943e-13
2.26146666667,0.971783659549,0.0282163404504,5.55666623825e-13
2.2634,0.972076964114,0.0279230358848,7.63944463245e-13
2.26533333333,0.972369885917,0.0276301140833,3.7103653483e-13
2.26726666667,0.972662360918,0.0273376390791,3.29669624932e-12
2.2692,0.972954326561,0.0270456734377,1.20481402632e-12
2.27113333333,0.973245721742,0.0267542782561,1.51634260703e-12
2.27306666667,0.973536486821,0.0264635131778,1.40309985852e-12
2.275,0.9738265636,0.0261734363979,2.45303777291e-12
2.27693333333,0.974115895325,0.0258841046746,8.16680056914e-13
2.27886666667,0.974404426667,0.0255955733336,2.94653190736e-13
2.2808,0.974692103712,0.0253078962837,3.86590759405e-12
2.28273333333,0.974978873971,0.0250211260286,8.82738326879e-13
2.28466666667,0.975264686331,0.0247353136676,1.32172051082e-12
2.2866,0.975549491079,0.024450508921,5.06039654624e-13
2.28853333333,0.975833239868,0.0241667601297,2.62312394028e-12
2.29046666667,0.976115885719,0.0238841142792,1.42419409599e-12
2.2924,0.976397382997,0.0236026170027,6.89892587502e-13
2.29433333333,0.9766776874,0.0233223125973,3.10207415311e-12
2.29626666667,0.976956755957,0.0230432440454,2.55262477822e-12
2.2982,0.977234546981,0.0227654530154,3.50364182111e-12
2.30013333333,0.977511020112,0.0224889798902,1.94555482835e-12
2.30206666667,0.977786136233,0.0222138637707,3.80850906367e-12
2.304,0.978059857499,0.0219401425018,9.36362098969e-13
2.30593333333,0.978332147322,0.0216678526806,2.18292051102e-12
2.30786666667,0.978602970322,0.0213970296763,1.54987134238e-12
2.3098,0.978872292353,0.0211277076457,1.59028346047e-12
2.31173333333,0.979140080447,0.0208599195518,1.33182354034e-12
2.31366666667,0.979406302823,0.0205936971783,1.32294175614e-12
2.3156,0.979670928852,0.0203290711487,7.00994817748e-13
2.31753333333,0.979933929055,0.0200660709443,9.05941988094e-13
2.31946666667,0.980195275081,0.0198047249197,5.58442181386e-13
2.3214,0.980454939678,0.0195450603246,2.80153678034e-12
2.32333333333,0.980712896681,0.019287103318,9.18265463667e-13
2.32526666667,0.98096912101,0.0190308789884,1.92401650168e-12
2.3272,0.981223588628,0.0187764113719,3.7103653483e-13
2.32913333333,0.981476276532,0.0185237234697,1.65378821748e-12
2.33106666667,0.981727162733,0.0182728372643,3.18911563824e-12
2.333,0.981976226255,0.0180237737441,5.75761660571e-13
2.33493333333,0.982223447086,0.0177765529147,5.1714188487e-13
2.33686666667,0.982468806181,0.017531193818,1.37934108579e-12
2.3388,0.982712285445,0.0172877145539,7.59725615751e-13
2.34073333333,0.982953867708,0.0170461322937,1.98285832198e-12
2.34266666667,0.983193536698,0.0168064632995,2.71593858514e-12
2.3446,0.983431277059,0.0165687229434,2.81685785808e-12
2.34653333333,0.983667074278,0.0163329257199,1.80944148553e-12
2.34846666667,0.983900914734,0.0160990852656,3.28737037592e-13
2.3504,0.984132785621,0.0158672143782,4.07673894642e-13
2.35233333333,0.984362674971,0.015637325029,2.52575738102e-13
2.35426666667,0.984590571622,0.0154094283787,1.05826458707e-12
2.3562,0.984816465201,0.0151835347979,8.90509888052e-13
2.35813333333,0.985040346123,0.0149596538767,1.18349774425e-13
2.36006666667,0.985262205552,0.0147377944461,2.02327044008e-12
2.362,0.985482035412,0.0145179645894,1.86850535044e-12
2.36393333333,0.985699828344,0.0143001716584,2.63877808493e-12
2.36586666667,0.985915577713,0.0140844222847,2.11586304033e-12
2.3678,0.986129277601,0.0138707223973,1.85018667054e-12
2.36973333333,0.986340922761,0.013659077239,9.38138455808e-14
2.37166666667,0.986550508629,0.0134494913724,1.22546417458e-12
2.3736,0.986758031297,0.0132419687019,8.10462807976e-13
2.37553333333,0.986963487518,0.0130365124796,2.36188846259e-12
2.37746666667,0.987166874674,0.012833125323,3.37574412868e-12
2.3794,0.987368190773,0.0126318092278,9.65894031424e-13
2.38133333333,0.987567434423,0.0124325655773,5.10702591328e-14
2.38326666667,0.987764604843,0.0122353951581,1.33426603099e-12
2.3852,0.987959701831,0.0120402981706,1.63979940737e-12
2.38713333333,0.988152725759,0.0118472742402,8.39772695826e-13
2.38906666667,0.98834367757,0.0116563224327,2.31969998765e-12
2.391,0.988532558737,0.0114674412633,1.1768364061e-13
2.39293333333,0.988719371293,0.0112806287075,1.1812772982e-13
2.39486666667,0.988904117783,0.0110958822159,7.23865412056e-13
2.3968,0.989086801275,0.0109131987246,5.34017274845e-13
2.39873333333,0.989267425333,0.0107325746645,2.37010411297e-12
2.40066666667,0.989445994024,0.0105540059754,7.14872605556e-13
2.4026,0.98962251188,0.0103774881152,4.26125801312e-12
2.40453333333,0.989796983929,0.0102030160733,2.08522088485e-12
2.40646666667,0.989969415618,0.0100305843812,6.05293593026e-13
2.4084,0.990139812879,0.00986018712304,2.29549712571e-12
2.41033333333,0.990308182055,0.00969181794636,8.94617713243e-13
2.41226666667,0.990474529928,0.00952547007484,2.40585329436e-12
2.4142,0.990638863681,0.00936113631926,7.12763181809e-14
2.41613333333,0.990801190912,0.00919880908823,6.57252030578e-14
2.41806666667,0.9909615196,0.00903848039991,4.5852210917e-13
2.42,0.991119858109,0.00888014189156,8.97504293107e-13
2.42193333333,0.991276215168,0.00872378483383,1.45150558239e-12
2.42386666667,0.991430599862,0.0085694001385,5.0315307476e-13
2.4258,0.991583021627,0.00841697837299,3.45057316053e-13
2.42773333333,0.991733490231,0.0082665097685,5.76871883595e-13
2.42966666667,0.991882015765,0.00811798423583,6.14175377223e-13
2.4316,0.992028608631,0.00797139136864,4.30988578159e-13
2.43353333333,0.992173279537,0.00782672046394,9.75663994041e-13
2.43546666667,0.992316039475,0.00768396052563,7.50954853856e-13
2.4374,0.992456899721,0.00754310028109,2.53486120982e-12
2.43933333333,0.992595871813,0.0074041281859,1.25965904374e-12
2.44126666667,0.992732967558,0.00726703244298,7.60058682658e-13
2.4432,0.992868198991,0.00713180100629,2.38864483748e-12
2.44513333333,0.993001578405,0.00699842159513,1.41886502547e-13
2.44706666667,0.993133118296,0.00686688170252,1.77380332644e-12
2.449,0.993262831394,0.00673716860984,4.26259028075e-12
2.45093333333,0.993390730612,0.00660926939103,3.06310532494e-12
2.45286666667,0.993516829074,0.00648317092974,3.37196937039e-12
2.4548,0.993641140078,0.00635885992328,1.33981714612e-12
2.45673333333,0.993763677101,0.00623632289801,1.40876199595e-12
2.45866666667,0.993884453785,0.00611554621325,1.95521376867e-12
2.4606,0.994003483924,0.00599651607667,6.16617867877e-13
2.46253333333,0.994120781451,0.00587921854939,4.99822405686e-13
2.46446666667,0.99423636044,0.0057636395576,1.97264427015e-12
2.4664,0.994350235098,0.00564976490084,1.28808075317e-12
2.46833333333,0.994462419742,0.00553758025962,1.37445610449e-12
2.47026666667,0.994572928792,0.00542707120629,1.77147185809e-12
2.4722,0.994681776789,0.00531822321073,6.27276008913e-13
2.47413333333,0.994788978349,0.0052110216508,6.31938945617e-13
2.47606666667,0.994894548182,0.00510545181732,8.2189810513e-13
2.478,0.994998501075,0.00500149892535,1.82076576039e-13
2.47993333333,0.995100851883,0.00489914811756,8.99724739156e-13
2.48186666667,0.995201615527,0.00479838447449,1.08490993966e-12
2.4838,0.995300806983,0.00469919301882,1.51101353651e-12
2.48573333333,0.995398441275,0.00460155872357,1.1722844917e-12
2.48766666667,0.995494533481,0.00450546651787,1.15685239166e-12
2.4896,0.995589098706,0.00441090129353,5.05706587717e-13
2.49153333333,0.995682152091,0.00431784790946,1.32338584535e-13
2.49346666667,0.995773708802,0.0042262911974,3.97681887421e-13
2.4954,0.995863784029,0.00413621597115,7.14983627859e-14
2.49733333333,0.995952392973,0.00404760702582,9.89430759546e-13
2.49926666667,0.996039550856,0.00396044914511,1.08402176124e-12
2.5012,0.996125272892,0.00387472710777,5.31130694981e-13
2.50313333333,0.996209574312,0.00379042568993,1.87472259938e-12
2.50506666667,0.996292470329,0.00370752966991,1.17261755861e-12
2.507,0.996373976167,0.00362602383228,3.90687482366e-13
2.50893333333,0.996454107029,0.00354589297251,1.36757272173e-12
2.51086666667,0.996532878101,0.00346712189997,5.4867221877e-13
2.5128,0.996610304555,0.00338969544094,4.32620606006e-12
2.51473333333,0.996686401555,0.0033135984438,1.10811360088e-12
2.51666666667,0.996761184218,0.00323881578095,9.81326131466e-13
2.5186,0.996834667649,0.00316533235195,7.38742400586e-13
2.52053333333,0.996906866915,0.00309313308788,2.52176057813e-12
2.52246666667,0.996977797045,0.00302220295252,2.93320923106e-12
2.5244,0.997047473054,0.00295252694679,1.21946897025e-12
2.52633333333,0.997115909887,0.00288409011073,2.1597168498e-12
2.52826666667,0.997183122473,0.00281687752587,1.06015196621e-12
2.5302,0.997249125685,0.00275087431848,3.80651066223e-12
2.53213333333,0.997313934339,0.00268606566235,1.52211576676e-12
2.53406666667,0.997377563217,0.00262243678066,2.24009699679e-12
2.536,0.997440027049,0.00255997294785,2.91855428713e-12
2.53793333333,0.997501340508,0.00249865949388,2.07456274381e-12
2.53986666667,0.997561518196,0.00243848180501,1.18749454714e-12
2.5418,0.997620574672,0.00237942532726,2.86104473446e-13
2.54373333333,0.997678524433,0.00232147556687,3.15525383598e-13
2.54566666667,0.997735381903,0.00226461809486,1.85662596408e-12
2.5476,0.997791161452,0.00220883854808,3.43947093029e-13
2.54953333333,0.997845877368,0.0021541226315,3.61044527608e-13
2.55146666667,0.99789954388,0.00210045611998,3.59712259979e-13
2.5534,0.997952175139,0.00204782486232,9.0394358665e-13
2.55533333333,0.998003785219,0.00199621478098,3.90798504668e-14
2.55726666667,0.998054388122,0.00194561187582,2.43871589589e-12
2.5592,0.998103997773,0.00189600222643,1.15907283771e-13
2.56113333333,0.998152628008,0.00184737199259,1.06537001443e-12
2.56306666667,0.998200292584,0.00179970741854,2.67719180158e-12
2.565,0.998247005167,0.00175299483317,1.42108547152e-13
2.56693333333,0.998292779348,0.00170722065358,1.65134572683e-12
2.56886666667,0.998337628615,0.00166237138618,1.13486997577e-12
2.5708,0.998381566372,0.00161843362905,1.49968926166e-12
2.57273333333,0.998424605923,0.00157539407399,2.87969648127e-12
2.57466666667,0.998466760492,0.00153323950722,4.98490138057e-13
2.5766,0.998508043183,0.00149195681446,2.17248441459e-12
2.57853333333,0.998548467026,0.00145153297868,4.44444481218e-12
2.58046666667,0.998588044916,0.0014119550844,8.65085780788e-13
2.5824,0.998626789682,0.00137321031948,1.66222591247e-12
2.58433333333,0.998664714026,0.00133528597532,1.04494191078e-12
2.58626666667,0.998701830549,0.00129816944992,6.9610983644e-13
2.5882,0.998738151753,0.00126184824857,1.20836674e-12
2.59013333333,0.998773690014,0.00122630998517,5.34794430962e-13
2.59206666667,0.998808457615,0.00119154238513,1.97619698383e-13
2.594,0.998842466715,0.00115753328418,6.807887587e-13
2.59593333333,0.99887572937,0.00112427063188,1.83586479352e-12
2.59786666667,0.998908257507,0.00109174249152,1.08579811808e-12
2.5998,0.99894006296,0.00105993704168,1.25455201783e-12
2.60173333333,0.998971157425,0.00102884257692,1.4561685191e-12
2.60366666667,0.999001552489,0.00099844750884,1.69175784492e-12
2.6056,0.999031259633,0.0009687403668,2.71116462613e-13
2.60753333333,0.999060290201,0.000939709798506,1.02140518266e-14
2.60946666667,0.999088655427,0.000911344571395,1.91224813761e-12
2.6114,0.999116366429,0.000883633571524,6.48148201776e-13
2.61333333333,0.999143434194,0.000856565805611,7.50288720042e-13
2.61526666667,0.999169869602,0.000830130400636,2.34345876038e-12
2.6172,0.999195683397,0.000804316604241,1.08246744901e-12
2.61913333333,0.999220886215,0.000779113784412,4.3054448895e-13
2.62106666667,0.999245488574,0.000754511430434,4.71334082874e-12
2.623,0.999269500847,0.000730499152373,1.48991929905e-13
2.62493333333,0.999292933318,0.000707066680714,1.35214062169e-12
2.62686666667,0.999315796132,0.000684203866811,1.5060175329e-12
2.6288,0.99933809932,0.000661900681871,1.41286982114e-12
2.63073333333,0.999359852783,0.0006401472178,5.6132876125e-13
2.63266666667,0.999381066315,0.000618933685172,6.66133814775e-16
2.6346,0.999401749587,0.000598250414699,1.37223565844e-12
2.63653333333,0.999421912143,0.000578087854633,1.91668902971e-12
2.63846666667,0.999441563429,0.000558436572409,1.09601216991e-12
2.6404,0.99946071275,0.000539287252044,2.32480701357e-12
2.64233333333,0.999479369303,0.000520630694906,1.90791826782e-12
2.64426666667,0.999497542179,0.000502457818165,2.56772381135e-12
2.6462,0.999515240344,0.000484759654583,1.30773170071e-12
2.64813333333,0.999532472646,0.00046752735101,2.975397706e-12
2.65006666667,0.999549247829,0.00045075216872,1.81266113231e-12
2.652,0.999565574518,0.000434425481458,5.68212144003e-13
2.65393333333,0.999581461226,0.0004185387754,1.190381127e-12
2.65586666667,0.999596916353,0.000403083647619,8.91509088774e-13
2.6578,0.999611948195,0.000388051806131,7.10320691155e-13
2.65973333333,0.999626564932,0.000373435067921,4.17887946469e-13
2.66166666667,0.99964077464,0.000359225358848,8.30890911629e-13
2.6636,0.999654585288,0.000345414712452,2.57349697108e-13
2.66553333333,0.999668004732,0.000331995269183,1.1990408666e-12
2.66746666667,0.999681040726,0.000318959275375,1.54143364739e-12
2.6694,0.999693700916,0.000306299082563,9.75108882528e-13
2.67133333333,0.999705992854,0.000294007146413,5.93081139755e-13
2.67326666667,0.999717923973,0.00028207602618,9.918732502e-13
2.6752,0.999729501616,0.000270498383427,6.55586696041e-13
2.67713333333,0.999740733017,0.000259266981538,1.64923630308e-12
2.67906666667,0.999751625316,0.000248374684951,1.06425979141e-12
2.681,0.999762185541,0.000237814458022,1.38955513762e-12
2.68293333333,0.999772420634,0.000227579364568,1.42963418881e-12
2.68486666667,0.999782337432,0.000217662566893,1.12088116566e-12
2.6868,0.999791942674,0.00020805732522,1.18605125721e-12
2.68873333333,0.999801243001,0.000198756996936,1.80988557474e-12
2.69066666667,0.999810244964,0.00018975503555,6.13953332618e-13
2.6926,0.99981895501,0.000181044990651,4.00124378075e-13
2.69453333333,0.999827379494,0.000172620506499,4.1611158963e-13
2.69646666667,0.999835524676,0.000164475321659,2.27151630838e-12
2.6984,0.999843396733,0.00015660326884,1.66866520601e-12
2.70033333333,0.999851001726,0.000148998273308,3.13860049062e-13
2.70226666667,0.999858345649,0.000141654352706,1.22990506668e-12
2.7042,0.999865434384,0.000134565616648,6.03073146976e-13
2.70613333333,0.999872273733,0.000127726265652,1.1811662759e-12
2.70806666667,0.99987886941,0.000121130590855,1.29962707263e-12
2.71,0.999885227025,0.00011477297317,1.53987933516e-12
2.71193333333,0.999891352117,0.000108647882703,6.17284001692e-14
2.71386666667,0.999897250124,0.000102749878198,2.67141864185e-12
2.7158,0.999902926391,9.70736061839e-05,2.65065747129e-12
2.71773333333,0.999908386201,9.16138007845e-05,1.56274992946e-12
2.71966666667,0.999913634714,8.63652825129e-05,3.08775227609e-12
2.7216,0.999918677042,8.13229580617e-05,1.9206858326e-13
2.72353333333,0.999923518177,7.64818193433e-05,3.2956970486e-12
2.72546666667,0.999928163058,7.18369428965e-05,9.7655217246e-13
2.7274,0.999932616515,6.73834893844e-05,4.63851179688e-12
2.72933333333,0.999936883296,6.31167026173e-05,1.28641541863e-12
2.73126666667,0.999940968091,5.90319089208e-05,2.07167616395e-13
2.7332,0.999944875484,5.51245163728e-05,8.62643290134e-14
2.73513333333,0.999948609991,5.13900142584e-05,5.545564008e-12
2.73706666667,0.999952176026,4.78239719206e-05,2.13473683175e-12
2.739,0.999955577961,4.4422038325e-05,1.13109521749e-12
2.74093333333,0.999958820059,4.11799410077e-05,2.34701147406e-13
2.74286666667,0.999961906514,3.80934853725e-05,4.07673894642e-13
2.7448,0.999964841448,3.51585538343e-05,1.64890323617e-12
2.74673333333,0.999967628894,3.23711049406e-05,8.94728735545e-13
2.74866666667,0.999970272827,2.97271724721e-05,7.53397344511e-13
2.7506,0.999972777137,2.72228646568e-05,1.4472867349e-12
2.75253333333,0.999975145633,2.48543631044e-05,3.64641650208e-12
2.75446666667,0.99997738208,2.26179219513e-05,2.09077199997e-12
2.7564,0.999979490133,2.05098670391e-05,9.92539384015e-14
2.75833333333,0.999981473406,1.85265948241e-05,9.30366894636e-13
2.76026666667,0.99998333543,1.6664571397e-05,1.0866862965e-12
2.7622,0.999985079669,1.4920331738e-05,1.03406172514e-12
2.76413333333,0.99998670952,1.32904784242e-05,1.83386639208e-12
2.76606666667,0.999988228318,1.17716809745e-05,5.89084336866e-13
2.768,0.999989639324,1.03606746592e-05,1.64079860809e-12
2.76993333333,0.999990945741,9.05425954718e-06,4.46975789714e-13
2.77186666667,0.9999921507,7.84929958098e-06,3.53161944133e-13
2.7738,0.99999325728,6.74272152256e-06,1.64934732538e-12
2.77573333333,0.999994268487,5.73151401588e-06,1.04649622301e-12
2.77766666667,0.999995187275,4.81272665449e-06,1.68420832836e-12
2.7796,0.999996016532,3.9834688176e-06,1.13509202038e-12
2.78153333333,0.999996759093,3.24090894581e-06,2.36544117627e-12
2.78346666667,0.999997417727,2.58227340579e-06,6.27276008913e-14
2.7854,0.999997995154,2.00484564195e-06,2.5968116546e-13
2.78733333333,0.999998494033,1.50596517967e-06,1.32327482305e-12
2.78926666667,0.999998916973,1.08302672808e-06,5.33684207937e-13
2.7912,0.999999266523,7.33479265633e-07,2.34234853735e-12
2.79313333333,0.999999545177,4.54825150476e-07,2.09454675826e-12
2.79506666667,0.999999755383,2.44619232178e-07,1.85873538783e-12
2.797,0.99999989953,1.00467987615e-07,1.59761093244e-12
2.79893333333,0.999999979971,2.00286833827e-08,6.2894134345e-13
2.80086666667,0.999999998989,1.00854082589e-09,2.56417109767e-12
2.8028,0.999999958835,4.11639321922e-08,1.12121423257e-12
2.80473333333,0.9999998617,1.38299587375e-07,2.23931984067e-13
2.80666666667,0.99999970973,2.90267827976e-07,2.47135645282e-12
2.8086,0.999999505033,4.94967802798e-07,8.62199200924e-13
2.81053333333,0.999999249655,7.50344765982e-07,2.70339306496e-13
2.81246666667,0.999998945612,1.05438936465e-06,1.15019105351e-12
2.8144,0.99999859486,1.40513693022e-06,3.2912561565e-12
2.81633333333,0.999998199334,1.80066679709e-06,8.10018718767e-13
2.81826666667,0.999997760898,2.2391016702e-06,7.43849426499e-14
2.8202,0.999997281395,2.71860697034e-06,2.14939177567e-12
2.82213333333,0.99999676261,3.23739015592e-06,3.87023746384e-13
2.82406666667,0.9999962063,3.79370020351e-06,4.76951811379e-13
2.826,0.999995614171,4.38582692974e-06,1.98996374934e-12
2.82793333333,0.9999949879,5.01210046412e-06,8.45545855555e-13
2.82986666667,0.99999432911,5.67089061931e-06,9.89430759546e-13
2.8318,0.999993639395,6.36060639679e-06,1.53432822003e-12
2.83373333333,0.999992920303,7.0796953835e-06,1.94122495856e-12
2.83566666667,0.999992173356,7.82664321976e-06,1.13953291248e-12
2.8376,0.999991400025,8.59997314059e-06,2.0468071682e-12
2.83953333333,0.999990601754,9.39824530872e-06,9.22040221951e-13
2.84146666667,0.999989779944,1.02200564176e-05,8.71303029726e-13
2.8434,0.99998893596,1.10640391561e-05,3.78586051397e-13
2.84533333333,0.999988071142,1.19288616258e-05,3.28537197447e-12
2.84726666667,0.999987186774,1.28132269679e-05,6.07069949865e-13
2.8492,0.999986284127,1.37158726787e-05,7.39741601308e-13
2.85113333333,0.999985364428,1.46355702979e-05,1.54709578482e-12
2.85306666667,0.999984428875,1.55711245976e-05,4.38094005517e-13
2.855,0.999983478627,1.652137364e-05,3.51940698806e-13
2.85693333333,0.999982514812,1.74851876263e-05,2.94986257643e-13
2.85886666667,0.99998153853,1.84614688278e-05,1.39577238656e-12
2.8608,0.999980550852,1.94491507856e-05,2.98494562401e-12
2.86273333333,0.9999795528,2.04471980834e-05,2.24742446875e-12
2.86466666667,0.999978545395,2.14546056274e-05,1.10245146345e-12
2.8666,0.999977529603,2.24703981071e-05,1.01785246898e-12
2.86853333333,0.999976506368,2.34936296083e-05,2.85793610999e-12
2.87046666667,0.999975476614,2.45233830434e-05,2.69106958939e-12
2.8724,0.999974441233,2.55587695278e-05,2.19935181178e-12
2.87433333333,0.999973401072,2.65989278545e-05,4.38538094727e-13
2.87626666667,0.999972356975,2.76430241355e-05,6.84230450076e-13
2.8782,0.99997130975,2.86902509998e-05,5.38680211548e-13
2.88013333333,0.999970260174,2.97398272059e-05,1.20525811553e-12
2.88206666667,0.999969209004,3.07909970373e-05,7.88036302879e-13
2.884,0.999968156967,3.18430297944e-05,3.07109893072e-12
2.88593333333,0.999967104779,3.28952191609e-05,2.01949568179e-12
2.88786666667,0.999966053117,3.39468827073e-05,6.47037978752e-13
2.8898,0.99996500264,3.49973613105e-05,9.0349949744e-13
2.89173333333,0.999963953978,3.60460186397e-05,3.29425375867e-12
2.89366666667,0.999962907759,3.70922405598e-05,6.27720098123e-13
2.8956,0.999961864567,3.81354345691e-05,1.50834900126e-12
2.89753333333,0.999960824969,3.91750292921e-05,2.11186623744e-12
2.89946666667,0.999959789527,4.02104738941e-05,7.80486786311e-13
2.9014,0.999958758762,4.12412376576e-05,4.70068428626e-13
2.90333333333,0.999957733193,4.22668092025e-05,2.49178455647e-12
2.90526666667,0.999956713306,4.32866962954e-05,2.60680366182e-12
2.9072,0.999955699576,4.43004250205e-05,9.1748830755e-13
2.90913333333,0.999954692457,4.53075394082e-05,3.38351568985e-12
2.91106666667,0.9999536924,4.6307601072e-05,5.7887028504e-13
2.913,0.999952699812,4.73001883548e-05,1.40110145708e-13
2.91493333333,0.999951715104,4.82848962913e-05,7.88924481299e-13
2.91686666667,0.999950738666,4.92613357477e-05,1.75126579904e-12
2.9188,0.999949770866,5.02291333309e-05,2.99760216649e-13
2.92073333333,0.99994881207,5.11879305744e-05,5.91304782915e-13
2.92266666667,0.999947862619,5.21373838121e-05,2.64077648637e-12
2.9246,0.999946922836,5.30771635112e-05,4.05120381686e-13
2.92653333333,0.999945993047,5.40069542328e-05,1.28785870857e-12
2.92846666667,0.999945073547,5.49264539128e-05,5.1891824171e-13
2.9304,0.999944164626,5.58353734966e-05,2.49800180541e-14
2.93233333333,0.999943266563,5.67334369044e-05,4.35207425653e-13
2.93426666667,0.999942379622,5.76203803954e-05,2.71627165205e-12
2.9362,0.999941504049,5.84959522838e-05,1.07935882454e-12
2.93813333333,0.999940640086,5.93599128098e-05,1.36357591884e-12
2.94006666667,0.999939787968,6.02120335315e-05,1.19282361766e-12
2.942,0.999938947904,6.10520974283e-05,1.69442238018e-12
2.94393333333,0.999938120101,6.18798983729e-05,4.72177852373e-13
2.94586666667,0.99993730476,6.26952409427e-05,1.12176934408e-12
2.9478,0.99993650206,6.34979402797e-05,7.01660951563e-13
2.94973333333,0.999935712178,6.42878216265e-05,1.24344978758e-14
2.95166666667,0.99993493528,6.50647204246e-05,6.10622663544e-14
2.9536,0.999934171517,6.58284819717e-05,1.26543220347e-12
2.95553333333,0.999933421039,6.65789611802e-05,1.97619698383e-13
2.95746666667,0.999932683979,6.73160224374e-05,9.98090499138e-13
2.9594,0.999931960458,6.80395395345e-05,2.03104200125e-12
2.96133333333,0.999931250607,6.87493953874e-05,2.45048425995e-12
2.96326666667,0.999930554518,6.94454819754e-05,4.70734562441e-14
2.9652,0.999929872301,7.0127700076e-05,1.25899290992e-12
2.96713333333,0.999929204042,7.07959592866e-05,1.27076127399e-12
2.96906666667,0.999928549821,7.14501778442e-05,1.38022926421e-12
2.971,0.999927909718,7.20902823974e-05,8.21120949013e-13
2.97293333333,0.99992728379,7.27162078789e-05,2.53097542924e-12
2.97486666667,0.999926672105,7.33278977169e-05,3.0297986342e-12
2.9768,0.999926074695,7.39253033606e-05,1.31405997195e-12
2.97873333333,0.999925491618,7.45083841019e-05,1.80766512869e-12
2.98066666667,0.999924922893,7.50771072284e-05,1.77857728545e-13
2.9826,0.999924368551,7.56314478472e-05,1.21003207454e-12
2.98453333333,0.999923828613,7.6171388673e-05,1.77213799191e-12
2.98646666667,0.999923303079,7.66969199859e-05,7.39519556703e-13
2.9884,0.999922791963,7.72080393078e-05,1.95798932623e-12
2.99033333333,0.999922295248,7.77047515755e-05,6.94111434996e-13
2.99226666667,0.999921812931,7.81870687635e-05,2.17603712827e-13
2.9942,0.999921344991,7.86550098684e-05,8.5798035343e-13
2.99613333333,0.9999208914,7.9108600753e-05,7.42073069659e-13
2.99806666667,0.999920452127,7.95478739679e-05,1.4608314558e-12
3,0.999920027132,7.9972868565e-05,7.45403738733e-13
