theta,sorted_index,parity,real_energy,imag_energy,rotated_real,rotated_imag,inside_teacher_plot
0.00,0,even,-0.297959637856473,0,-0.297959637856473,0,1
0.00,1,odd,0.000565401100617528,0,0.000565401100617528,0,1
0.00,2,even,0.000565401105779118,0,0.000565401105779118,0,1
0.00,3,odd,0.00226143444664868,0,0.00226143444664868,0,1
0.00,4,even,0.00226143446764845,0,0.00226143446764845,0,1
0.00,5,odd,0.00508759173138602,0,0.00508759173138602,0,1
0.00,6,even,0.00508759177996703,0,0.00508759177996703,0,1
0.00,7,odd,0.00904303096471152,0,0.00904303096471152,0,1
0.00,8,even,0.00904303105450495,0,0.00904303105450495,0,1
0.00,9,odd,0.0141265842013255,0,0.0141265842013255,0,1
0.00,10,even,0.0141265843488369,0,0.0141265843488369,0,1
0.00,11,odd,0.0203367682492642,0,0.0203367682492642,0,1
0.00,12,even,0.0203367684751429,0,0.0203367684751429,0,1
0.00,13,odd,0.0276717982380574,0,0.0276717982380574,0,1
0.00,14,even,0.027671798568753,0,0.027671798568753,0,1
0.00,15,odd,0.0361296038788101,0,0.0361296038788101,0,1
0.00,16,even,0.0361296043488029,0,0.0361296043488029,0,1
0.00,17,odd,0.0457078481939155,0,0.0457078481939155,0,1
0.00,18,even,0.0457078488487798,0,0.0457078488487798,0,1
0.00,19,odd,0.0564039484326377,0,0.0564039484326377,0,1
0.00,20,even,0.0564039493332806,0,0.0564039493332806,0,1
0.00,21,odd,0.0682150988220509,0,0.0682150988220509,0,1
0.00,22,even,0.0682151000506606,0,0.0682151000506606,0,1
0.00,23,odd,0.0811382947339137,0,0.0811382947339137,0,1
0.00,24,even,0.0811382964023802,0,0.0811382964023802,0,1
0.00,25,odd,0.0951703577812179,0,0.0951703577812179,0,1
0.00,26,even,0.095170360043166,0,0.095170360043166,0,1
0.00,27,odd,0.110307961298643,0,0.110307961298643,0,1
0.00,28,even,0.110307964366806,0,0.110307964366806,0,1
0.00,29,odd,0.126547655614756,0,0.126547655614756,0,1
0.00,30,even,0.126547659786304,0,0.126547659786304,0,1
0.00,31,odd,0.143885892496401,0,0.143885892496401,0,1
0.00,32,even,0.143885898190248,0,0.143885898190248,0,1
0.00,33,odd,0.162319048142099,0,0.162319048142099,0,1
0.00,34,even,0.162319055954523,0,0.162319055954523,0,1
0.00,35,odd,0.181843444124895,0,0.181843444124895,0,1
0.00,36,even,0.181843454913471,0,0.181843454913471,0,1
0.00,37,odd,0.202455365736262,0,0.202455365736262,0,1
0.00,38,even,0.202455380748312,0,0.202455380748312,0,1
0.00,39,odd,0.224151077259173,0,0.224151077259173,0,1
0.00,40,even,0.224151098331335,0,0.224151098331335,0,1
0.00,41,odd,0.246926833793398,0,0.246926833793398,0,1
0.00,42,even,0.246926863667171,0,0.246926863667171,0,1
0.00,43,odd,0.270778889358657,0,0.270778889358657,0,1
0.00,44,even,0.270778932189204,0,0.270778932189204,0,1
0.00,45,odd,0.295703501094585,0,0.295703501094585,0,1
0.00,46,even,0.295703563290084,0,0.295703563290084,0,1
0.00,47,odd,0.321696929434406,0,0.321696929434406,0,1
0.00,48,even,0.321697021078542,0,0.321697021078542,0,1
0.00,49,odd,0.34875543410687,0,0.34875543410687,0,1
0.00,50,even,0.348755571448434,0,0.348755571448434,0,1
0.00,51,odd,0.376875265623386,0,0.376875265623386,0,1
0.00,52,even,0.376875475609767,0,0.376875475609767,0,1
0.00,53,odd,0.406052651299409,0,0.406052651299409,0,1
0.00,54,even,0.406052980254932,0,0.406052980254932,0,1
0.00,55,odd,0.436283773151578,0,0.436283773151578,0,1
0.00,56,even,0.436284304509782,0,0.436284304509782,0,1
0.00,57,odd,0.46756472984392,0,0.46756472984392,0,1
0.00,58,even,0.46756562374027,0,0.46756562374027,0,1
0.00,59,odd,0.499891456443373,0,0.499891456443373,0,1
0.00,60,even,0.499893050144031,0,0.499893050144031,0,1
0.00,61,odd,0.533259491151711,0,0.533259491151711,0,1
0.00,62,even,0.533262609839053,0,0.533262609839053,0,1
0.00,63,odd,0.567662884805677,0,0.567662884805677,0,1
0.00,64,even,0.567670215847233,0,0.567670215847233,0,1
0.00,65,odd,0.603080174856443,0,0.603080174856443,0,1
0.00,66,even,0.603111635917844,0,0.603111635917844,0,1
0.00,67,odd,0.620972220434374,0,0.620972220434374,0,1
0.00,68,even,0.639582453470038,0,0.639582453470038,0,1
0.00,69,odd,0.639626338010829,0,0.639626338010829,0,1
0.00,70,even,0.677078018919065,0,0.677078018919065,0,1
0.00,71,odd,0.677099415732378,0,0.677099415732378,0,1
0.00,72,even,0.715593387032897,0,0.715593387032897,0,1
0.00,73,odd,0.715612197817887,0,0.715612197817887,0,1
0.00,74,even,0.755123233268016,0,0.755123233268016,0,1
0.00,75,odd,0.755143123942875,0,0.755143123942875,0,1
0.00,76,even,0.795661737311861,0,0.795661737311861,0,1
0.00,77,odd,0.795684919790301,0,0.795684919790301,0,1
0.00,78,even,0.837202413391322,0,0.837202413391322,0,1
0.00,79,odd,0.837231230083294,0,0.837231230083294,0,1
0.00,80,even,0.879737850131746,0,0.879737850131746,0,1
0.00,81,odd,0.87977547839614,0,0.87977547839614,0,1
0.00,82,even,0.923259288335573,0,0.923259288335573,0,1
0.00,83,odd,0.923310527100832,0,0.923310527100832,0,1
0.00,84,even,0.967755889487653,0,0.967755889487653,0,1
0.00,85,odd,0.967828442160018,0,0.967828442160018,0,1
0.00,86,even,1.01321336792086,0,1.01321336792086,0,1
0.00,87,odd,1.01332023640878,0,1.01332023640878,0,1
0.00,88,even,1.0596111866961,0,1.0596111866961,0,1
0.00,89,odd,1.05977553833063,0,1.05977553833063,0,1
0.00,90,even,1.1069161071829,0,1.1069161071829,0,1
0.00,91,odd,1.1071821367616,0,1.1071821367616,0,1
0.00,92,even,1.15506491611823,0,1.15506491611823,0,1
0.00,93,odd,1.15552533338384,0,1.15552533338384,0,1
0.00,94,even,1.20390708819639,0,1.20390708819639,0,1
0.00,95,odd,1.20478699756133,0,1.20478699756133,0,1
0.00,96,even,1.25293934474087,0,1.25293934474087,0,1
0.00,97,odd,1.25494415339517,0,1.25494415339517,0,1
0.00,98,even,1.29925024357968,0,1.29925024357968,0,1
0.00,99,odd,1.30596681886595,0,1.30596681886595,0,1
0.00,100,even,1.33028104932414,0,1.33028104932414,0,1
0.00,101,odd,1.35781463210117,0,1.35781463210117,0,1
0.00,102,even,1.36612069192478,0,1.36612069192478,0,1
0.00,103,odd,1.41043150229974,0,1.41043150229974,0,1
0.00,104,even,1.41584896241593,0,1.41584896241593,0,1
0.00,105,odd,1.46373710774424,0,1.46373710774424,0,1
0.00,106,even,1.4688051461999,0,1.4688051461999,0,1
0.00,107,odd,1.51761377255259,0,1.51761377255259,0,1
0.00,108,even,1.52319364401192,0,1.52319364401192,0,1
0.00,109,odd,1.57188845147055,0,1.57188845147055,0,1
0.00,110,even,1.57864494281606,0,1.57864494281606,0,1
0.00,111,odd,1.62631756860963,0,1.62631756860963,0,1
0.00,112,even,1.63502809869555,0,1.63502809869555,0,1
0.00,113,odd,1.68061134240758,0,1.68061134240758,0,1
0.00,114,even,1.69227582337427,0,1.69227582337427,0,1
0.00,115,odd,1.73458839668902,0,1.73458839668902,0,1
0.00,116,even,1.75034379423995,0,1.75034379423995,0,1
0.00,117,odd,1.78849911059192,0,1.78849911059192,0,1
0.00,118,even,1.80919905428231,0,1.80919905428231,0,1
0.00,119,odd,1.84315187489053,0,1.84315187489053,0,1
0.00,120,even,1.8688174297611,0,1.8688174297611,0,1
0.00,121,odd,1.89939934746227,0,1.89939934746227,0,1
0.00,122,even,1.92918465375052,0,1.92918465375052,0,1
0.00,123,odd,1.95758447482352,0,1.95758447482352,0,1
0.00,124,even,1.99029908112215,0,1.99029908112215,0,1
0.00,125,odd,2.01760751896699,0,2.01760751896699,0,1
0.00,126,even,2.0521743931575,0,2.0521743931575,0,1
0.00,127,odd,2.07923128657033,0,2.07923128657033,0,1
0.00,128,even,2.11484061273095,0,2.11484061273095,0,1
0.00,129,odd,2.14224327886582,0,2.14224327886582,0,1
0.00,130,even,2.17834202354879,0,2.17834202354879,0,1
0.00,131,odd,2.20649003839586,0,2.20649003839586,0,1
0.00,132,even,2.242731667167,0,2.242731667167,0,1
0.00,133,odd,2.27186835107803,0,2.27186835107803,0,1
0.00,134,even,2.30806368138134,0,2.30806368138134,0,1
0.00,135,odd,2.3383106148648,0,2.3383106148648,0,1
0.00,136,even,2.37438585491518,0,2.37438585491518,0,1
0.00,137,odd,2.40577340712153,0,2.40577340712153,0,1
0.00,138,even,2.44173458936245,0,2.44173458936245,0,1
0.00,139,odd,2.47422975224796,0,2.47422975224796,0,1
0.00,140,even,2.51013317513987,0,2.51013317513987,0,1
0.00,141,odd,2.54366400839909,0,2.54366400839909,0,1
0.00,142,even,2.57959288296514,0,2.57959288296514,0,1
0.00,143,odd,2.61406839508326,0,2.61406839508326,0,1
0.00,144,even,2.65011564487806,0,2.65011564487806,0,1
0.00,145,odd,2.68544052190623,0,2.68544052190623,0,1
0.00,146,even,2.72169713686035,0,2.72169713686035,0,1
0.00,147,odd,2.75778154863328,0,2.75778154863328,0,1
0.00,148,even,2.79432950516903,0,2.79432950516903,0,1
0.00,149,odd,2.83109477938202,0,2.83109477938202,0,1
0.00,150,even,2.86800342633006,0,2.86800342633006,0,1
0.00,151,odd,2.90538459118704,0,2.90538459118704,0,1
0.00,152,even,2.94270948587431,0,2.94270948587431,0,1
0.00,153,odd,2.980655644035,0,2.980655644035,0,1
0.00,154,even,3.01843899673232,0,3.01843899673232,0,0
0.00,155,odd,3.05691233577408,0,3.05691233577408,0,0
0.00,156,even,3.09518441044426,0,3.09518441044426,0,0
0.00,157,odd,3.13415846627607,0,3.13415846627607,0,0
0.00,158,even,3.17293945749562,0,3.17293945749562,0,0
0.00,159,odd,3.21239707143412,0,3.21239707143412,0,0
0.00,160,even,3.25169912121912,0,3.25169912121912,0,0
0.00,161,odd,3.29163038514759,0,3.29163038514759,0,0
0.00,162,even,3.33145951884605,0,3.33145951884605,0,0
0.00,163,odd,3.37185988877963,0,3.37185988877963,0,0
0.00,164,even,3.41221773877454,0,3.41221773877454,0,0
0.00,165,odd,3.45308641253771,0,3.45308641253771,0,0
0.00,166,even,3.49397166535094,0,3.49397166535094,0,0
0.00,167,odd,3.53531026045233,0,3.53531026045233,0,0
0.00,168,even,3.57671981016235,0,3.57671981016235,0,0
0.00,169,odd,3.61853133850982,0,3.61853133850982,0,0
0.00,170,even,3.66046116051069,0,3.66046116051069,0,0
0.00,171,odd,3.70274927278243,0,3.70274927278243,0,0
0.00,172,even,3.74519505017529,0,3.74519505017529,0,0
0.00,173,odd,3.78796351037392,0,3.78796351037392,0,0
0.00,174,even,3.83092105390709,0,3.83092105390709,0,0
0.00,175,odd,3.87417340042735,0,3.87417340042735,0,0
0.00,176,even,3.91763890476145,0,3.91763890476145,0,0
0.00,177,odd,3.96137825541042,0,3.96137825541042,0,0
0.00,178,even,4.00534843198506,0,4.00534843198506,0,0
0.00,179,odd,4.04957739465469,0,4.04957739465469,0,0
0.00,180,even,4.09404951645876,0,4.09404951645876,0,0
0.00,181,odd,4.13877017298647,0,4.13877017298647,0,0
0.00,182,even,4.18374206046601,0,4.18374206046601,0,0
0.00,183,odd,4.22895599752772,0,4.22895599752772,0,0
0.00,184,even,4.27442596865078,0,4.27442596865078,0,0
0.00,185,odd,4.32013433560228,0,4.32013433560228,0,0
0.00,186,even,4.36610113733079,0,4.36610113733079,0,0
0.00,187,odd,4.41230471632608,0,4.41230471632608,0,0
0.00,188,even,4.45876744974087,0,4.45876744974087,0,0
0.00,189,odd,4.50546672801563,0,4.50546672801563,0,0
0.00,190,even,4.55242477523328,0,4.55242477523328,0,0
0.00,191,odd,4.59962001309035,0,4.59962001309035,0,0
0.00,192,even,4.64707297089962,0,4.64707297089962,0,0
0.00,193,odd,4.69476426172075,0,4.69476426172075,0,0
0.00,194,even,4.7427118844772,0,4.7427118844772,0,0
0.00,195,odd,4.79089920510849,0,4.79089920510849,0,0
0.00,196,even,4.83934135774052,0,4.83934135774052,0,0
0.00,197,odd,4.88802460898569,0,4.88802460898569,0,0
0.00,198,even,4.93696122985253,0,4.93696122985253,0,0
0.00,199,odd,4.98614026768687,0,4.98614026768687,0,0
0.00,200,even,5.03557134036146,0,5.03557134036146,0,0
0.00,201,odd,5.08524599897432,0,5.08524599897432,0,0
0.00,202,even,5.13517153168469,0,5.13517153168469,0,0
0.00,203,odd,5.18534163967521,0,5.18534163967521,0,0
0.00,204,even,5.23576165102796,0,5.23576165102796,0,0
0.00,205,odd,5.28642704210775,0,5.28642704210775,0,0
0.00,206,even,5.33734155175868,0,5.33734155175868,0,0
0.00,207,odd,5.38850207122583,0,5.38850207122583,0,0
0.00,208,even,5.43991109429275,0,5.43991109429275,0,0
0.00,209,odd,5.49156660238578,0,5.49156660238578,0,0
0.00,210,even,5.54347014657399,0,5.54347014657399,0,0
0.00,211,odd,5.59562051963206,0,5.59562051963206,0,0
0.00,212,even,5.6480185842302,0,5.6480185842302,0,0
0.00,213,odd,5.70066371440016,0,5.70066371440016,0,0
0.00,214,even,5.7535562904872,0,5.7535562904872,0,0
0.00,215,odd,5.80669608454544,0,5.80669608454544,0,0
0.00,216,even,5.86008315591091,0,5.86008315591091,0,0
0.00,217,odd,5.91371753361901,0,5.91371753361901,0,0
0.00,218,even,5.96759907803875,0,5.96759907803875,0,0
0.00,219,odd,6.02172797032536,0,6.02172797032536,0,0
0.00,220,even,6.07610396094618,0,6.07610396094618,0,0
0.00,221,odd,6.13072730810997,0,6.13072730810997,0,0
0.00,222,even,6.18559771478632,0,6.18559771478632,0,0
0.00,223,odd,6.24071546483698,0,6.24071546483698,0,0
0.00,224,even,6.29608025532766,0,6.29608025532766,0,0
0.00,225,odd,6.35169236252788,0,6.35169236252788,0,0
0.00,226,even,6.40755150350843,0,6.40755150350843,0,0
0.00,227,odd,6.46365792713973,0,6.46365792713973,0,0
0.00,228,even,6.52001138501834,0,6.52001138501834,0,0
0.00,229,odd,6.57661208836853,0,6.57661208836853,0,0
0.00,230,even,6.63345982991445,0,6.63345982991445,0,0
0.00,231,odd,6.69055477946904,0,6.69055477946904,0,0
0.00,232,even,6.74789677227314,0,6.74789677227314,0,0
0.00,233,odd,6.80548593708512,0,6.80548593708512,0,0
0.00,234,even,6.86332214987848,0,6.86332214987848,0,0
0.00,235,odd,6.92140550108721,0,6.92140550108721,0,0
0.00,236,even,6.979735903946,0,6.979735903946,0,0
0.00,237,odd,7.03831341441698,0,7.03831341441698,0,0
0.00,238,even,7.09713797887797,0,7.09713797887797,0,0
0.00,239,odd,7.15620962293803,0,7.15620962293803,0,0
0.00,240,even,7.21552832204957,0,7.21552832204957,0,0
0.00,241,odd,7.27509407529377,0,7.27509407529377,0,0
0.00,242,even,7.33490688362108,0,7.33490688362108,0,0
0.00,243,odd,7.39496672277351,0,7.39496672277351,0,0
0.00,244,even,7.45527361637464,0,7.45527361637464,0,0
0.00,245,odd,7.51582751918778,0,7.51582751918778,0,0
0.00,246,even,7.57662847557376,0,7.57662847557376,0,0
0.00,247,odd,7.63767642075397,0,7.63767642075397,0,0
0.00,248,even,7.69897141884214,0,7.69897141884214,0,0
0.00,249,odd,7.76051338599339,0,7.76051338599339,0,0
0.00,250,even,7.82230240606228,0,7.82230240606228,0,0
0.00,251,odd,7.88433837564095,0,7.88433837564095,0,0
0.00,252,even,7.94662139929125,0,7.94662139929125,0,0
0.00,253,odd,8.00915135256783,0,8.00915135256783,0,0
0.00,254,even,8.07192836269399,0,8.07192836269399,0,0
0.00,255,odd,8.13495228171847,0,8.13495228171847,0,0
0.00,256,even,8.19822326249282,0,8.19822326249282,0,0
0.00,257,odd,8.26174113006181,0,8.26174113006181,0,0
0.00,258,even,8.32550606693273,0,8.32550606693273,0,0
0.00,259,odd,8.3895178665574,0,8.3895178665574,0,0
0.00,260,even,8.45377674626242,0,8.45377674626242,0,0
0.00,261,odd,8.51828246213596,0,8.51828246213596,0,0
0.00,262,even,8.58303527272935,0,8.58303527272935,0,0
0.00,263,odd,8.64803488969441,0,8.64803488969441,0,0
0.00,264,even,8.71328162058848,0,8.71328162058848,0,0
0.00,265,odd,8.77877512410418,0,8.77877512410418,0,0
0.00,266,even,8.8445157661214,0,8.8445157661214,0,0
0.00,267,odd,8.9105031422299,0,8.9105031422299,0,0
0.00,268,even,8.97673768766506,0,8.97673768766506,0,0
0.00,269,odd,9.04321892295782,0,9.04321892295782,0,0
0.00,270,even,9.10994736564494,0,9.10994736564494,0,0
0.00,271,odd,9.17692244722897,0,9.17692244722897,0,0
0.00,272,even,9.24414478260893,0,9.24414478260893,0,0
0.00,273,odd,9.31161369807367,0,9.31161369807367,0,0
0.00,274,even,9.37932992325738,0,9.37932992325738,0,0
0.00,275,odd,9.447292660641,0,9.447292660641,0,0
0.00,276,even,9.51550277446274,0,9.51550277446274,0,0
0.00,277,odd,9.58395932221985,0,9.58395932221985,0,0
0.00,278,even,9.65266332527418,0,9.65266332527418,0,0
0.00,279,odd,9.72161367224394,0,9.72161367224394,0,0
0.00,280,even,9.79081156690297,0,9.79081156690297,0,0
0.00,281,odd,9.86025570227864,0,9.86025570227864,0,0
0.00,282,even,9.92994749268597,0,9.92994749268597,0,0
0.00,283,odd,9.99988540598632,0,9.99988540598632,0,0
0.00,284,even,10.0700710980298,0,10.0700710980298,0,0
0.00,285,odd,10.1405027790722,0,10.1405027790722,0,0
0.00,286,even,10.2111823803412,0,10.2111823803412,0,0
0.00,287,odd,10.2821078192186,0,10.2821078192186,0,0
0.00,288,even,10.3532813389598,0,10.3532813389598,0,0
0.00,289,odd,10.4247005260202,0,10.4247005260202,0,0
0.00,290,even,10.4963679751145,0,10.4963679751145,0,0
0.00,291,odd,10.5682809009445,0,10.5682809009445,0,0
0.00,292,even,10.6404422919382,0,10.6404422919382,0,0
0.00,293,odd,10.7128489473528,0,10.7128489473528,0,0
0.00,294,even,10.7855042945875,0,10.7855042945875,0,0
0.00,295,odd,10.8584046706234,0,10.8584046706234,0,0
0.00,296,even,10.9315539905253,0,10.9315539905253,0,0
0.00,297,odd,11.0049480784406,0,11.0049480784406,0,0
0.00,298,even,11.0785913900385,0,11.0785913900385,0,0
0.00,299,odd,11.1524791813178,0,11.1524791813178,0,0
0.00,300,even,11.2266165070792,0,11.2266165070792,0,0
0.00,301,odd,11.3009979934437,0,11.3009979934437,0,0
0.00,302,even,11.3756293605267,0,11.3756293605267,0,0
0.00,303,odd,11.4505045339493,0,11.4505045339493,0,0
0.00,304,even,11.5256299759915,0,11.5256299759915,0,0
0.00,305,odd,11.6009988287156,0,11.6009988287156,0,0
0.00,306,even,11.6766183882964,0,11.6766183882964,0,0
0.00,307,odd,11.7524809128581,0,11.7524809128581,0,0
0.00,308,even,11.828594644798,0,11.828594644798,0,0
0.00,309,odd,11.9049508340502,0,11.9049508340502,0,0
0.00,310,even,11.9815588097475,0,11.9815588097475,0,0
0.00,311,odd,12.0584086568862,0,12.0584086568862,0,0
0.00,312,even,12.1355109699335,0,12.1355109699335,0,0
0.00,313,odd,12.2128544685261,0,12.2128544685261,0,0
0.00,314,even,12.2904512419084,0,12.2904512419084,0,0
0.00,315,odd,12.3682883859241,0,12.3682883859241,0,0
0.00,316,even,12.4463797811608,0,12.4463797811608,0,0
0.00,317,odd,12.5247105650039,0,12.5247105650039,0,0
0.00,318,even,12.6032967936594,0,12.6032967936594,0,0
0.00,319,odd,12.6821212122062,0,12.6821212122062,0,0
0.00,320,even,12.7612025502272,0,12.7612025502272,0,0
0.00,321,odd,12.8405205988653,0,12.8405205988653,0,0
0.00,322,even,12.9200974041901,0,12.9200974041901,0,0
0.00,323,odd,12.9999090788577,0,12.9999090788577,0,0
0.00,324,even,13.0799818126326,0,13.0799818126326,0,0
0.00,325,odd,13.1602871098492,0,13.1602871098492,0,0
0.00,326,even,13.2408563613368,0,13.2408563613368,0,0
0.00,327,odd,13.3216552782125,0,13.3216552782125,0,0
0.00,328,even,13.4027217930347,0,13.4027217930347,0,0
0.00,329,odd,13.484014327236,0,13.484014327236,0,0
0.00,330,even,13.5655790379142,0,13.5655790379142,0,0
0.00,331,odd,13.6473651875547,0,13.6473651875547,0,0
0.00,332,even,13.7294292443752,0,13.7294292443752,0,0
0.00,333,odd,13.8117090077923,0,13.8117090077923,0,0
0.00,334,even,13.8942738068466,0,13.8942738068466,0,0
0.00,335,odd,13.9770471822137,0,13.9770471822137,0,0
0.00,336,even,14.0601143861289,0,14.0601143861289,0,0
0.00,337,odd,14.1433813708531,0,14.1433813708531,0,0
0.00,338,even,14.226952916365,0,14.226952916365,0,0
0.00,339,odd,14.3107135062193,0,14.3107135062193,0,0
0.00,340,even,14.3947915915846,0,14.3947915915846,0,0
0.00,341,odd,14.4790457795381,0,14.4790457795381,0,0
0.00,342,even,14.5636328240932,0,14.5636328240932,0,0
0.00,343,odd,14.6483805988226,0,14.6483805988226,0,0
0.00,344,even,14.7334791670887,0,14.7334791670887,0,0
0.00,345,odd,14.8187205111903,0,14.8187205111903,0,0
0.00,346,even,14.9043331950634,0,14.9043331950634,0,0
0.00,347,odd,14.9900680830274,0,14.9900680830274,0,0
0.00,348,even,15.076197337963,0,15.076197337963,0,0
0.00,349,odd,15.1624257340243,0,15.1624257340243,0,0
0.00,350,even,15.2490736687754,0,15.2490736687754,0,0
0.00,351,odd,15.33579552481,0,15.33579552481,0,0
0.00,352,even,15.4229636490606,0,15.4229636490606,0,0
0.00,353,odd,15.5101789027503,0,15.5101789027503,0,0
0.00,354,even,15.5978678425989,0,15.5978678425989,0,0
0.00,355,odd,15.6855764161399,0,15.6855764161399,0,0
0.00,356,even,15.7737856134703,0,15.7737856134703,0,0
0.00,357,odd,15.8619874131385,0,15.8619874131385,0,0
0.00,358,even,15.9507148310934,0,15.9507148310934,0,0
0.00,359,odd,16.0394097480175,0,16.0394097480175,0,0
0.00,360,even,16.1286516108977,0,16.1286516108977,0,0
0.00,361,odd,16.2178395234098,0,16.2178395234098,0,0
0.00,362,even,16.3075901254505,0,16.3075901254505,0,0
0.00,363,odd,16.3972709033962,0,16.3972709033962,0,0
0.00,364,even,16.4875225274129,0,16.4875225274129,0,0
0.00,365,odd,16.5776960387878,0,16.5776960387878,0,0
0.00,366,even,16.6684390332411,0,16.6684390332411,0,0
0.00,367,odd,16.7591051534598,0,16.7591051534598,0,0
0.00,368,even,16.8503282256404,0,16.8503282256404,0,0
0.00,369,odd,16.9414868496025,0,16.9414868496025,0,0
0.00,370,even,17.0331776435635,0,17.0331776435635,0,0
0.00,371,odd,17.1248287004071,0,17.1248287004071,0,0
0.00,372,even,17.2169747404289,0,17.2169747404289,0,0
0.00,373,odd,17.3091182103754,0,17.3091182103754,0,0
0.00,374,even,17.4017083026575,0,17.4017083026575,0,0
0.00,375,odd,17.4943442345968,0,17.4943442345968,0,0
0.00,376,even,17.5873704299145,0,17.5873704299145,0,0
0.00,377,odd,17.6804989573228,0,17.6804989573228,0,0
0.00,378,even,17.7739591867935,0,17.7739591867935,0,0
0.00,379,odd,17.8675805382632,0,17.8675805382632,0,0
0.00,380,even,17.9614820554825,0,17.9614820554825,0,0
0.00,381,odd,18.0555965547944,0,18.0555965547944,0,0
0.00,382,even,18.1499603934686,0,18.1499603934686,0,0
0.00,383,odd,18.2445684430733,0,18.2445684430733,0,0
0.00,384,even,18.3394353496444,0,18.3394353496444,0,0
0.00,385,odd,18.4345373909925,0,18.4345373909925,0,0
0.00,386,even,18.529976431184,0,18.529976431184,0,0
0.00,387,odd,18.62557287525,0,18.62557287525,0,0
0.00,388,even,18.7216960122513,0,18.7216960122513,0,0
0.00,389,odd,18.8177871314997,0,18.8177871314997,0,0
0.00,390,even,18.9147793080132,0,18.9147793080132,0,0
0.00,391,odd,19.0113650683228,0,19.0113650683228,0,0
0.00,392,even,19.109560644327,0,19.109560644327,0,0
0.00,393,odd,19.2066403996674,0,19.2066403996674,0,0
0.00,394,even,19.3067709731535,0,19.3067709731535,0,0
0.00,395,odd,19.4043426817149,0,19.4043426817149,0,0
0.00,396,even,19.5087398709028,0,19.5087398709028,0,0
0.00,397,odd,19.6067964985654,0,19.6067964985654,0,0
0.00,398,even,19.7445211890393,0,19.7445211890393,0,0
0.00,399,odd,19.8428615839272,0,19.8428615839272,0,0
0.05,0,even,-0.297959637858936,1.42290346172302e-12,-0.296471080754515,-0.0297463286688934,1
0.05,1,odd,0.000562059859392169,-6.03897956712844e-05,0.000565280820863258,-3.97574211006079e-06,1
0.05,2,even,0.000562059864484564,-6.0389796498386e-05,0.000565280826012785,-3.97574242463913e-06,1
0.05,3,odd,0.00224807559797722,-0.000241514293932661,0.00226095578097956,-1.58746606107522e-05,1
0.05,4,even,0.00224807561869021,-0.000241514297338108,0.00226095580192905,-1.58746619313372e-05,1
0.05,5,odd,0.00505755714410911,-0.00054323940988762,0.00508652387086649,-3.56122659983722e-05,1
0.05,6,even,0.0050575571919967,-0.000543239417904912,0.00508652391931524,-3.56122691948287e-05,1
0.05,7,odd,0.0089896925224803,-0.000965343599017353,0.00904115505416467,-6.30491828230949e-05,1
0.05,8,even,0.00898969261090312,-0.000965343614197001,0.00904115514366118,-6.30491890993565e-05,1
0.05,9,odd,0.014043355024023,-0.00150752072617903,0.0141236976881413,-9.79932885584755e-05,1
0.05,10,even,0.014043355169111,-0.00150752075188554,0.0141236978350709,-9.79932996519194e-05,1
0.05,11,odd,0.0202171131477723,-0.0021693840268723,0.0203326888113523,-0.000140202662547933,1
0.05,12,even,0.0202171133695984,-0.002169384067684,0.0203326890361445,-0.000140202681010092,1
0.05,13,odd,0.0275092432103212,-0.00295047110033582,0.0276663671885801,-0.000189389295311655,1
0.05,14,even,0.0275092435344624,-0.00295047116260133,0.0276663675173181,-0.000189389324905971,1
0.05,15,odd,0.035917744478136,-0.00385024985022184,0.0361226889606287,-0.000245223488831767,1
0.05,16,even,0.0359177449377516,-0.00385024994285839,0.0361226894271963,-0.000245223535120528,1
0.05,17,odd,0.0454403566306965,-0.00486812526108454,0.0456993456967408,-0.000307338855781508,1
0.05,18,even,0.0454403572693519,-0.00486812539673063,0.0456993463457475,-0.000307338926990791,1
0.05,19,odd,0.0560745793090289,-0.00600344686838013,0.0563937845912249,-0.000375337800609658,1
0.05,20,even,0.0560745801845544,-0.00600344706507711,0.0563937854820133,-0.00037533790891727,1
0.05,21,odd,0.0678176934453605,-0.00725551674739122,0.0682032304841123,-0.000448797339141199,1
0.05,22,even,0.0678176946352173,-0.00725551703105761,0.0682032316963441,-0.00044879750260297,1
0.05,23,odd,0.0806667840081398,-0.0086235978145325,0.0811247093212949,-0.000527275087697999,1
0.05,24,even,0.0806667856169373,-0.00862359822265214,0.0811247109627991,-0.000527275333166989,1
0.05,25,odd,0.0946187637352753,-0.010106922205792,0.0951550726056443,-0.000610315230312469,1
0.05,26,even,0.0946187659053477,-0.0101069227929212,0.0951550748234904,-0.000610315597862695,1
0.05,27,odd,0.109670397371659,-0.0117046994746386,0.110291022331874,-0.0006974542559649,1
0.05,28,even,0.109670400298132,-0.0117047003207436,0.110291025328196,-0.000697454805683093,1
0.05,29,odd,0.125818325879747,-0.013416124339215,0.126529135849599,-0.000788226250047689,1
0.05,30,even,0.12581832983212,-0.0134161255623931,0.126529139904341,-0.000788227072535983,1
0.05,31,odd,0.143059090059086,-0.0152403837088664,0.14386589006634,-0.000882167527772548,1
0.05,32,even,0.143059095412463,-0.0152403854849542,0.143865895570285,-0.000882168760541415,1
0.05,33,odd,0.161389152997288,-0.0171766627351763,0.162297684390437,-0.000978820413619321,1
0.05,34,even,0.161389160277924,-0.0171766653283274,0.162297691893584,-0.000978822266964663,1
0.05,35,odd,0.180804920784575,-0.0192241496632725,0.18182086182643,-0.00107773600040099,1
0.05,36,even,0.18080493073697,-0.0192241534742225,0.181820872109564,-0.00107773879873061,1
0.05,37,odd,0.201302760959104,-0.0213820393037774,0.202431727674848,-0.00117847576240991,1
0.05,38,even,0.201302774645749,-0.0213820449470941,0.202431741856509,-0.00117848001114896,1
0.05,39,odd,0.222879018210026,-0.0236495350005097,0.224126565353262,-0.00128061194559814,1
0.05,40,even,0.222879037161309,-0.0236495434301333,0.224126585051426,-0.00128061844113738,1
0.05,41,odd,0.245530026947084,-0.0260258490274698,0.246901648942721,-0.00138372670771436,1
0.05,42,even,0.245530053388899,-0.0260258617443281,0.246901676522005,-0.00138373672126455,1
0.05,43,odd,0.269252120442576,-0.0285102014012346,0.270753252165479,-0.00148741002395817,1
0.05,44,even,0.26925215764577,-0.0285102208034186,0.270753291119797,-0.00148742561509015,1
0.05,45,odd,0.2940416363547,-0.0311018171280659,0.295677653605913,-0.00159125639642712,1
0.05,46,even,0.29404168917721,-0.0311018471150281,0.295677709158231,-0.00159128096012769,1
0.05,47,odd,0.319894918538868,-0.0337999218980535,0.321671138082927,-0.00169486038894125,1
0.05,48,even,0.31989499427451,-0.0337999689409367,0.321671218136658,-0.00169489963585798,1
0.05,49,odd,0.346808315133777,-0.0366037361537776,0.348729994153433,-0.00179781091641177,1
0.05,50,even,0.346808424847961,-0.0366038112509566,0.348730110816711,-0.00179787468527574,1
0.05,51,odd,0.374778172969206,-0.0395124672177017,0.376850507762137,-0.00189968396985286,1
0.05,52,even,0.374778333590735,-0.0395125896001095,0.376850679799082,-0.00189978970546236,1
0.05,53,odd,0.403800828426389,-0.0425252985639368,0.406028952076539,-0.00200003285418263,1
0.05,54,even,0.403801065922061,-0.0425255030246091,0.40602920879773,-0.00200021258339883,1
0.05,55,odd,0.433872595246091,-0.0456413738463572,0.436261573761385,-0.00209837351329327,1
0.05,56,even,0.433872948913309,-0.0456417259859831,0.436261960817041,-0.00209868858588113,1
0.05,57,odd,0.464989751687749,-0.0488597695422908,0.467544577470889,-0.00219415859235558,1
0.05,58,even,0.464990277373206,-0.0488603992921995,0.467545163400193,-0.00219473271516251,1
0.05,59,odd,0.497148539178854,-0.0521794407315994,0.499874119091802,-0.00228672362261478,1
0.05,60,even,0.497149297195227,-0.052180619784956,0.499874991030175,-0.00228782111025125,1
0.05,61,odd,0.530345234023791,-0.0555991099472764,0.533246365997581,-0.00237516926833425,1
0.05,62,even,0.530346185949436,-0.0556014283928508,0.533247544625905,-0.00237738109734822,1
0.05,63,odd,0.564576570377139,-0.0591171690751241,0.567657908114893,-0.00245822148969557,1
0.05,64,even,0.56457703053045,-0.0591217958898842,0.56765882788008,-0.00246277925097669,1
0.05,65,even,0.599837801449428,-0.0627406053276372,0.603104719925743,-0.00254330648044551,1
0.05,66,odd,0.599840793711757,-0.0627329197432173,0.603106929961072,-0.00253536056416341,1
0.05,67,odd,0.620970951583026,-5.82649906286514e-05,0.617874500134855,0.0619356778266002,1
0.05,68,even,0.636124323076469,-0.06645662955486,0.639580943483045,-0.00261815863254988,1
0.05,69,odd,0.636133807250051,-0.0664499316926367,0.639589711604793,-0.00261054739428647,1
0.05,70,even,0.673432238796212,-0.0702685013694222,0.677083027209098,-0.0026864102712713,1
0.05,71,odd,0.673445269162946,-0.0702663959532923,0.677095782287388,-0.00268301450742117,1
0.05,72,even,0.711756969641208,-0.0741746724273453,0.715606260435749,-0.00274697792186712,1
0.05,73,odd,0.711771439745816,-0.0741764798718181,0.715620838693462,-0.00274733173666387,1
0.05,74,even,0.751093664565009,-0.0781733546244648,0.755145637839025,-0.00279856670978715,1
0.05,75,odd,0.751109667487735,-0.0781785033275829,0.755162074826417,-0.00280209206438339,1
0.05,76,even,0.791437140293326,-0.0822624334411665,0.795695790939703,-0.00283959014318917,1
0.05,77,odd,0.791455478169391,-0.0822712715540198,0.795714919541773,-0.0028465533694698,1
0.05,78,even,0.832781809215542,-0.0864393350987721,0.837250903092825,-0.00286804513182672,1
0.05,79,odd,0.832803600272587,-0.0864530567177289,0.837273955161453,-0.00287952272416603,1
0.05,80,even,0.87512159671018,-0.0907008151516504,0.879804606120628,-0.00288130988899951,1
0.05,81,odd,0.8751482796648,-0.0907216362085999,0.879833234408869,-0.00289936307686382,1
0.05,82,even,0.918449859440727,-0.095042608999782,0.923349864126018,-0.00287580434690698,1
0.05,83,odd,0.918483272885235,-0.095074292721411,0.923386273736661,-0.00290399400357225,1
0.05,84,even,0.9627593475586,-0.099458832254434,0.967878876020826,-0.00284639729140411,1
0.05,85,odd,0.962801757353854,-0.0995077263504773,0.967925955208413,-0.0028908132058653,1
0.05,86,even,1.00804234848966,-0.10394091825811,1.01338311252297,-0.00278533483522682,1
0.05,87,odd,1.00809620511772,-0.104017891687676,1.01344438461268,-0.00285654702707237,1
0.05,88,even,1.05429143725303,-0.108475703806607,1.05985387161791,-0.00268026079657452,1
0.05,89,odd,1.05435822351429,-0.108599749526439,1.05993270813408,-0.00279701930384517,1
0.05,90,even,1.10150213640635,-0.113042080092285,1.10728459086744,-0.00251061882228942,1
0.05,91,odd,1.10157835672021,-0.113246900781472,1.10738087834641,-0.00270680692681484,1
0.05,92,even,1.149681393112,-0.11760618797964,1.1556788024539,-0.00224202537255586,1
0.05,93,odd,1.14974584014374,-0.11795104491562,1.15577735576509,-0.00257872549291058,1
0.05,94,odd,1.19884830108636,-0.122701167536786,1.20510872989917,-0.00240305084488178,1
0.05,95,even,1.1988720463378,-0.122121422568899,1.20507447860232,-0.00182383161745564,1
0.05,96,odd,1.24887140588853,-0.127482300126553,1.25535924433935,-0.00216632022276303,1
0.05,97,even,1.24920308514155,-0.126572679631498,1.25559845605576,-0.00122813136830181,1
0.05,98,odd,1.29979847127376,-0.132273589305963,1.30651021729196,-0.0018494499761241,1
0.05,99,even,1.30085631826719,-0.131159916787259,1.30745159772408,-0.000635732701614489,1
0.05,100,even,1.32719708740053,-0.0154473107070847,1.32210878791428,0.117128481303021,1
0.05,101,odd,1.35161009510474,-0.137045225866136,1.35853936759439,-0.0014247167996233,1
0.05,102,even,1.35361877358811,-0.136298232193293,1.36046343612148,-0.000480921747767676,1
0.05,103,odd,1.40428392966993,-0.141753434558896,1.41142008894802,-0.000850795187384179,1
0.05,104,even,1.40695917756547,-0.141847542208338,1.4140913668354,-0.000677353552775262,1
0.05,105,odd,1.4577948079507,-0.146332015995716,1.4651207311533,-6.43289815426551e-05,1
0.05,106,even,1.46087083990817,-0.147395733121788,1.46828759027855,-0.000815641172633413,1
0.05,107,odd,1.51211539717436,-0.150677276119502,1.51960374585557,0.00103512911253989,1
0.05,108,even,1.51553672192837,-0.152837594960298,1.5232236502475,-0.000772834592729393,1
0.05,109,odd,1.56721660222818,-0.154618502551849,1.57482314049648,0.00261453395793204,1
0.05,110,even,1.57103884519912,-0.158198695126851,1.57898371103029,-0.000566184991649704,1
0.05,111,odd,1.623060728587,-0.157849734241541,1.63071086372938,0.00497455490176707,1
0.05,112,even,1.62738940599637,-0.163508780044513,1.63558287765932,-0.000224072588349417,1
0.05,113,odd,1.67953661316536,-0.159726055535647,1.68709192368813,0.008745787914342,1
0.05,114,even,1.68457265030842,-0.168783599835332,1.69300704721583,0.000236258403317285,1
0.05,115,odd,1.73576856619942,-0.15846383581667,1.74291693947163,0.0156155297883349,1
0.05,116,even,1.74256134709552,-0.174030011755434,1.75122980928516,0.000805266417204548,1
0.05,117,odd,1.78332792257876,-0.153959042661412,1.78978896827504,0.0248458307824062,1
0.05,118,even,1.80132212338855,-0.179252907428004,1.81021844597148,0.00147475253033813,1
0.05,119,odd,1.82782607829024,-0.165283590911241,1.83519538689891,0.0180202610230935,1
0.05,120,even,1.8608177261272,-0.184461937144954,1.86993685374622,0.00223139556177718,1
0.05,121,odd,1.88439278258892,-0.177832127093797,1.89273225653317,0.011181662611896,1
0.05,122,even,1.92101003258908,-0.189678643629931,1.93034925102552,0.00304995449013498,1
0.05,123,odd,1.94403780264475,-0.187288687378083,1.95302338064973,0.00772691187797112,1
0.05,124,even,1.98186656175894,-0.194943570198245,1.9914273666416,0.00388684585707388,1
0.05,125,odd,2.00512509948239,-0.195407931233966,2.01461606730347,0.00574678397947934,1
0.05,126,even,2.04337247153722,-0.200320271500418,2.0531627775215,0.00467735078309323,1
0.05,127,odd,2.06738443539975,-0.202851890390585,2.07730752174467,0.00455557583527635,1
0.05,128,even,2.10554665150517,-0.205890154830428,2.11558240604551,0.00534235448303608,1
0.05,129,odd,2.13072160488308,-0.209924210107483,2.14103432303846,0.00384175428904565,1
0.05,130,even,2.16845337417358,-0.211733152245897,2.17875818352001,0.00580874077097701,1
0.05,131,odd,2.19508412109493,-0.216790705462996,2.20576080044876,0.00343509270686396,1
0.05,132,even,2.2321963154483,-0.217899499428284,2.24279828310288,0.00603687525452604,1
0.05,133,odd,2.26043615223249,-0.223552328144048,2.27146137953434,0.00323156652845141,1
0.05,134,even,2.29689121679114,-0.22439078453744,2.30781802658214,0.00603673257359388,1
0.05,135,odd,2.32675228153641,-0.230275540569996,2.33811740568418,0.00316250792778747,1
0.05,136,even,2.36263289444779,-0.231164958748877,2.37390755863935,0.00585961731345186,1
0.05,137,odd,2.39401540459391,-0.237006946962992,2.40571651259505,0.00317983791774359,1
0.05,138,even,2.42947732226068,-0.23815937519268,2.44111631922984,0.00557345143054161,1
0.05,139,odd,2.462215613408,-0.243780851880236,2.47425226650983,0.00324843417182624,1
0.05,140,even,2.4974436748768,-0.245313763982741,2.50945737025857,0.005240117983104,1
0.05,141,odd,2.53134924851476,-0.250623214098629,2.54372361780006,0.0033421022621071,1
0.05,142,even,2.56652663711947,-0.252582332585766,2.57892085147754,0.0049046501002537,1
0.05,143,odd,2.60141785643152,-0.257553670393924,2.61413406566335,0.00344145790902844,1
0.05,144,even,2.63670879172383,-0.259935773871113,2.64948650680469,0.00459446967399474,1
0.05,145,odd,2.67242697666747,-0.264586574089715,2.68549055487575,0.00353277252395695,1
0.05,146,even,2.7079689601133,-0.267358274282436,2.72113168474675,0.00432319692910055,1
0.05,147,odd,2.74438479665118,-0.271731629519128,2.75780220077952,0.00360720763397987,1
0.05,148,even,2.78028663769922,-0.274843401149639,2.79383534095716,0.00409518535596498,1
0.05,149,odd,2.81730079482665,-0.278994466241909,2.8310789964841,0.00366010806915035,1
0.05,150,even,2.8536439013082,-0.282390581551474,2.86757958460706,0.00390921568198072,1
0.05,151,odd,2.89118452628038,-0.286377310466543,2.90533067159036,0.00369021265968317,1
0.05,152,even,2.92802597027287,-0.290002565180665,2.94234998338207,0.00376107634691109,1
0.05,153,odd,2.96604468267592,-0.29387976890441,2.98056583507639,0.0036987804478632,1
0.05,154,even,3.00342113832858,-0.297683747194835,3.01813532828369,0.00364522547421631,0
0.05,155,odd,3.0418884942155,-0.301499654782262,3.05679146271047,0.00368870909797064,0
0.05,156,even,3.07982044675211,-0.305439114992461,3.09492720325406,0.00355580620169116,0
0.05,157,odd,3.11872146681205,-0.309233759732855,3.13401271259666,0.00366374062287994,0
0.05,158,even,3.15721727276318,-0.31327361337417,3.17271951225554,0.00348723725733213,0
0.05,159,odd,3.19654739090835,-0.31707849388473,3.21223299785216,0.00362782537249523,0
0.05,160,even,3.2356069102089,-0.321191781509957,3.25150802580724,0.00343453231676427,0
0.05,161,odd,3.27536853233781,-0.32503035544884,3.29145422339509,0.00358467384739802,0
0.05,162,even,3.31498617571689,-0.329197565372795,3.33128997038037,0.00339344731350361,0
0.05,163,odd,3.35518591743191,-0.333086229197672,3.37167709942574,0.0035374881741157,0
0.05,164,even,3.39535305483271,-0.337294243986346,3.41206366894048,0.00336051849547786,0
0.05,165,odd,3.4359996430998,-0.341243538985202,3.45290146518366,0.00348884130344401,0
0.05,166,even,3.47670639470023,-0.345484429534627,3.4938282351742,0.0033330316351437,0
0.05,167,odd,3.51780916635993,-0.349500290841788,3.53512658133514,0.00344066303578167,0
0.05,168,even,3.55904564588306,-0.353770114340301,3.5765833212904,0.00330894951104027,0
0.05,169,odd,3.60061354917206,-0.357855043591962,3.61835137064878,0.00339429369895733,0
0.05,170,even,3.64237065322951,-0.362152745501963,3.66032891738129,0.00328681676471487,0
0.05,171,odd,3.68441165015285,-0.366306838214336,3.70257460170101,0.00335057357504875,0
0.05,172,even,3.72668149340718,-0.370633313010178,3.74506519856562,0.00326565600542128,0
0.05,173,odd,3.76920226462348,-0.374855109266044,3.78779501938128,0.00330994501486059,0
0.05,174,even,3.81197835480505,-0.379212440847002,3.83079241458544,0.00324486517592965,0
0.05,175,odd,3.85498421961263,-0.383499594067308,3.87401143035404,0.00327255228413187,0
0.05,176,even,3.8982614540888,-0.387890473599348,3.91751081542531,0.00322412304130026,0
0.05,177,odd,3.94175643243153,-0.392240249097071,3.96122275299459,0.00323833059797629,0
0.05,178,even,3.98553098291382,-0.396667553722424,4.00522060600492,0.00320330699162069,0
0.05,179,odd,4.02951794152897,-0.401077178448209,4.04942804094741,0.00320708038860479,0
0.05,180,even,4.07378707816371,-0.405543686799864,4.09392192308147,0.00318242513671024,0
0.05,181,odd,4.11826791744475,-0.410010576067515,4.13862648825854,0.00317852587030631,0
0.05,182,even,4.16302980948469,-0.414518793918515,4.18361482807506,0.00316156294850495,0
0.05,183,odd,4.20800566038122,-0.419040681546435,4.22881742254562,0.00315235878540421,0
0.05,184,even,4.25325917866324,-0.423592751580135,4.274299310434,0.00314084348661958,0
0.05,185,odd,4.29873058954221,-0.428167748116106,4.32000029119498,0.00312826918499498,0
0.05,186,even,4.34447512637257,-0.432765420427227,4.36597529721533,0.00312039948954707,0
0.05,187,odd,4.39044222811,-0.437392020967445,4.41217464424923,0.00310596550075293,0
0.05,188,even,4.43667754283616,-0.442036664523402,4.45864266562,0.00310035525519764,0
0.05,189,odd,4.48314018662691,-0.446713723862863,4.50534011653534,0.00308518620725606,0
0.05,190,even,4.52986627991369,-0.451406363084192,4.55230125618942,0.00308081617526568,0
0.05,191,odd,4.57682414664039,-0.456133052084844,4.59949641068741,0.00306570520541505,0
0.05,192,even,4.62404116294059,-0.46087441649172,4.64695088518641,0.00306186393259084,0
0.05,193,odd,4.67149384575631,-0.465650169977298,4.6946432820292,0.00304733277665126,0
0.05,194,even,4.71920200131521,-0.470440748228548,4.74259135532258,0.00304355563393033,0
0.05,195,odd,4.76714906470707,-0.475265211609074,4.79078052577309,0.00302991363166705,0
0.05,196,even,4.81534859732767,-0.480105304099928,4.83922246446529,0.00302592546523117,0
0.05,197,odd,4.86378961665586,-0.484978283379364,4.88790796663787,0.00301332325026715,0
0.05,198,even,4.91248075307819,-0.489868049828499,4.93684401228143,0.00300898777559899,0
0.05,199,odd,4.96141533869802,-0.494789467662347,4.98602545075642,0.00299746340647178,0
0.05,200,even,5.01059827556113,-0.49972896783445,5.03545580497452,0.00299274078860629,0
0.05,201,odd,5.06002608536227,-0.504698826836553,5.08513283961166,0.00298225751048786,0
0.05,202,even,5.10970098012613,-0.509688053776012,5.13505765838325,0.00297717039005663,0
0.05,203,odd,5.15962172382842,-0.514706407253298,5.18523000567438,0.00296764618266943,0
0.05,204,even,5.20978869259048,-0.519745313228157,5.23564939975163,0.00296225364357106,0
0.05,205,odd,5.26020213055061,-0.524812242866798,5.28631682940568,0.00295358330442497,0
0.05,206,even,5.3108612502902,-0.529900758723246,5.3372308684795,0.00294796184010038,0
0.05,207,odd,5.36176718898102,-0.535016358376918,5.38839319730588,0.00294003266392029,0
0.05,208,even,5.4129185023432,-0.540154407262901,5.43980191613588,0.0029342629998842,0
0.05,209,odd,5.46431678811796,-0.545318771828432,5.4914590007293,0.00292696522485147,0
0.05,210,even,5.51596030936119,-0.550506278330329,5.5433624059739,0.00292112382144138,0
0.05,211,odd,5.56785082164375,-0.555719496673907,5.59551413523242,0.00291435698779974,0
0.05,212,even,5.61998654280764,-0.560956392379832,5.64791221214121,0.00290851112041501,0
0.05,213,odd,5.67236918746181,-0.566218543346416,5.70055850027029,0.00290218737916392,0
0.05,214,even,5.72499708415589,-0.571504769750266,5.75345121873379,0.00289639282663756,0
0.05,215,odd,5.77787178748549,-0.576815920409154,5.80659199910118,0.00289043808620548,0
0.05,216,even,5.83099182396185,-0.582151429934197,5.85997931880033,0.0028847386187475,0
0.05,217,odd,5.88435852756967,-0.587511635356723,5.91361453879852,0.00287909225293459,0
0.05,218,even,5.93797066093125,-0.592896391131484,5.96749641336954,0.00287352027525467,0
0.05,219,odd,5.99182931750871,-0.598305695141809,6.02162603030142,0.00286813395586305,0
0.05,220,even,6.04593350103442,-0.603739670019485,6.07600241054648,0.00286271181481701,0
0.05,221,odd,6.10028407105118,-0.609198106494379,6.13062638846123,0.00285754788786841,0
0.05,222,even,6.15488025669854,-0.614681281680134,6.18549722470151,0.0028522894881533,0
0.05,223,odd,6.20972270590059,-0.620188876090956,6.24061553205913,0.00284731918984316,0
0.05,224,even,6.26481084609204,-0.625721239633722,6.29598077576166,0.00284223167299136,0
0.05,225,odd,6.32014514368747,-0.631278010621268,6.35159338378505,0.00283743338159104,0
0.05,226,even,6.37572519250446,-0.636859555939445,6.4074529886036,0.0028325187121151,0
0.05,227,odd,6.43155130990717,-0.642465516789164,6.46355987017581,0.0028278763546975,0
0.05,228,even,6.48762322381651,-0.648096241332152,6.51991379254003,0.00282313272438772,0
0.05,229,odd,6.54394113382442,-0.653751401275491,6.57651492151649,0.00281863439995111,0
0.05,230,even,6.60050487205308,-0.659431305373328,6.63336312089002,0.00281405740990703,0
0.05,231,odd,6.65731454835007,-0.665135670682728,6.69045847171225,0.00280969425011568,0
0.05,232,even,6.71437007300793,-0.670864756600996,6.74780091062043,0.00280527786337392,0
0.05,233,odd,6.77167148989597,-0.67661833147448,6.80539045813792,0.00280104312565632,0
0.05,234,even,6.82921876592931,-0.68239660266899,6.86322710204716,0.00279678040413933,0
0.05,235,odd,6.88701189821637,-0.688199389918286,6.92131082147442,0.00279266877580675,0
0.05,236,even,6.94505089325619,-0.694026850470141,6.97964163858485,0.00278855242729092,0
0.05,237,odd,7.00333571624139,-0.699878852036011,7.03821950553816,0.0027845595113053,0
0.05,238,even,7.06186640039598,-0.705755506240909,7.09704446653628,0.002780582277362,0
0.05,239,odd,7.12064288990945,-0.711656723563738,7.15611645711032,0.00277670422757315,0
0.05,240,even,7.17966523553563,-0.717582575647127,7.21543553491288,0.00277285914415115,0
0.05,241,odd,7.23893336800311,-0.723533009921155,7.27500162577038,0.00276909241878476,0
0.05,242,even,7.29844734948058,-0.729508063851738,7.33481479528127,0.00276537297924573,0
0.05,243,odd,7.35820710199271,-0.735507716189361,7.39487496373838,0.00276171418434534,0
0.05,244,even,7.41821269551611,-0.741531975566263,7.45518220163051,0.00275811443097507,0
0.05,245,odd,7.47846404589044,-0.747580847095479,7.51573642572822,0.00275456022962861,0
0.05,246,even,7.53896122928828,-0.753654315087887,7.57653771025724,0.00275107479561598,0
0.05,247,odd,7.59970415611735,-0.759752407002228,7.63758596881417,0.00274762186307209,0
0.05,248,even,7.66069290870148,-0.765875086324299,7.69888127966625,0.00274424598245171,0
0.05,249,odd,7.72192739138443,-0.772022399900659,7.76042355231195,0.00274089099154284,0
0.05,250,even,7.78340769383197,-0.778194292808353,7.82221287048596,0.0027376204905557,0
0.05,251,odd,7.84513371259036,-0.784390829404564,7.88424913767637,0.00273436011568473,0
0.05,252,even,7.90710554685597,-0.790611937704299,7.94653244539746,0.00273119139540989,0
0.05,253,odd,7.96932308273436,-0.79685769874524,8.00906268841407,0.00272802232642866,0
0.05,254,even,8.0317864319933,-0.80312802380756,8.07183996907839,0.00272495234349635,0
0.05,255,odd,8.0944954668476,-0.809423010766,8.13486417001479,0.0027218713036079,0
0.05,256,even,8.15745031546567,-0.81574255353971,8.19813540816097,0.00271889755314025,0
0.05,257,odd,8.22065083194174,-0.822086767915977,8.2616535498995,0.00271590131698796,0
0.05,258,even,8.28409716547049,-0.828455528940417,8.3254187312051,0.0027130218198983,0
0.05,259,odd,8.34778914697521,-0.834848972243584,8.38943079738621,0.00271010722940224,0
0.05,260,even,8.41172695217086,-0.841266951658536,8.45368990868757,0.0027073205244359,0
0.05,261,odd,8.47591038283854,-0.847709625390384,8.51819588367474,0.00270448450138983,0
0.05,262,even,8.54033964770179,-0.854176822944251,8.5829489130074,0.00270178964095746,0
0.05,263,odd,8.6050145123565,-0.860668728586814,8.64794878184848,0.00269902919566689,0
0.05,264,even,8.66993522619083,-0.867185143644964,8.71319571850601,0.00269642574335871,0
0.05,265,odd,8.7351015103076,-0.873726282651521,8.77868946689367,0.00269373797972783,0
0.05,266,even,8.80051366379372,-0.880291914207576,8.84443030150285,0.00269122600651739,0
0.05,267,odd,8.86617135345849,-0.886882287997041,8.91041791573421,0.00268860812363159,0
0.05,268,even,8.93207493874137,-0.893497134690265,8.97665264034341,0.00268618819926403,0
0.05,269,odd,8.99822402061133,-0.900136744644281,9.04313410728025,0.00268363749032519,0
0.05,270,even,9.06461903139428,-0.906800804786492,9.10986271545571,0.00268131066592792,0
0.05,271,odd,9.13125949265825,-0.913489652248772,9.17683802248499,0.00267882451495161,0
0.05,272,even,9.19814592430054,-0.920202923864125,9.24406050941189,0.00267659229319761,0
0.05,273,odd,9.26527775263984,-0.926941010141375,9.31152964440694,0.00267416817019195,0
0.05,274,even,9.33265560224876,-0.933703491021243,9.37924600698654,0.0026720324598849,0
0.05,275,odd,9.4002787858003,-0.940490817385055,9.44720895827048,0.00266966791527656,0
0.05,276,even,9.46814805230998,-0.947302505159283,9.51541919520561,0.00266763096832179,0
0.05,277,odd,9.53626257962901,-0.954139072848403,9.58387595151453,0.00266532362698402,0
0.05,278,even,9.60462326385992,-0.960999965071874,9.65258006337746,0.00266338795819376,0
0.05,279,odd,9.67322912388487,-0.967885775294211,9.72153061382564,0.00266113551393987,0
0.05,280,even,9.74208122857226,-0.974795869545001,9.79072860309616,0.00265930380620627,0
0.05,281,odd,9.81117841059146,-0.981730923478874,9.86017293714308,0.00265710401721941,0
0.05,282,even,9.88052194038083,-0.988690217460994,9.92986480821427,0.0026553790188395,0
0.05,283,odd,9.95011043400019,-0.995674516255219,9.99980291563247,0.00265322970436721,0
0.05,284,even,10.0199453954038,-1.00268300789494,10.0699886747771,0.00265161412885706,0
0.05,285,odd,10.0900251905176,-1.0097165526672,10.1404205456229,0.00264951316790563,0
0.05,286,even,10.1603515918385,-1.0167742401885,10.211100200925,0.00264800961131217,0
0.05,287,odd,10.2309226786038,-1.02385703202203,10.2820258255128,0.00264595494342146,0
0.05,288,even,10.3017405298367,-1.03096391398296,10.3531993867735,0.00264456583832651,0
0.05,289,odd,10.3728028986504,-1.03809595392102,10.4246187556523,0.00264255546670844,0
0.05,290,even,10.444112211385,-1.04525202919053,10.4962862342903,0.00264128309554201,0
0.05,291,odd,10.515665852866,-1.05243331822919,10.5681993382254,0.00263931509258097,0
0.05,292,even,10.5874666402259,-1.05963858588279,10.6403607472064,0.00263816168537279,0
0.05,293,odd,10.6595115452029,-1.06686912496187,10.712767577166,0.00263623420033277,0
0.05,294,even,10.7318038218705,-1.07412358407535,10.785422931007,0.00263520214248825,0
0.05,295,odd,10.8043399813752,-1.08140337406831,10.8583234781549,0.00263331341093864,0
0.05,296,even,10.8771237637686,-1.08870702339138,10.9314727930669,0.00263240558555577,0
0.05,297,odd,10.9501511690354,-1.09603606509446,11.0048670487608,0.00263055394014455,0
0.05,298,even,11.0234264757155,-1.10338890259057,11.0785103430088,0.00262977422661592,0
0.05,299,odd,11.096945118188,-1.11076719671227,11.1523982988057,0.0026279581081432,0
0.05,300,even,11.1707119705914,-1.11816921895583,11.2265355933772,0.0026273120550333,0
0.05,301,odd,11.2447218419336,-1.12559676610711,11.3009172410439,0.00262553002340238,0
0.05,302,even,11.3189802655396,-1.13304796753451,11.3755485607354,0.00262502571020939,0
0.05,303,odd,11.3934813576538,-1.14052476822056,11.4504238922649,0.00262327645431504,0
0.05,304,even,11.4682313837055,-1.14802514023379,11.5255492673052,0.00262292555519128,0
0.05,305,odd,11.5432236887532,-1.15555119484764,11.6009182749374,0.0026212079014285,0
0.05,306,even,11.6184653566769,-1.16310072477021,11.6765377432902,0.00262102696561928,0
0.05,307,odd,11.6939488671028,-1.17067603358814,11.7524004195352,0.00261933988482399,0
0.05,308,even,11.7696822277853,-1.17827470346841,11.8285140300409,0.00261935185446016,0
0.05,309,odd,11.8456569363436,-1.18589926664684,11.9048703677047,0.00261769446761462,0
0.05,310,even,11.9218820564671,-1.19354705189886,11.9814781842579,0.00261793046295167,0
0.05,311,odd,11.9983479562483,-1.20122086947173,12.058328176469,0.00261630204649599,0
0.05,312,even,12.0750649239301,-1.20891773733775,12.1354302834765,0.0026168034586691,0
0.05,313,odd,12.1520220083891,-1.21664080921344,12.2127739237131,0.00261520345033039,0
0.05,314,even,12.2292309404362,-1.22438671703386,12.2903704331395,0.00261602438707809,0
0.05,315,odd,12.3066792034215,-1.23215904299059,12.3682077152589,0.00261445239341018,0
0.05,316,even,12.3843802545886,-1.23995393628351,12.4462987756465,0.00261566251411738,0
0.05,317,odd,12.4623196903758,-1.24777551596298,12.5246296939171,0.00261411832015401,0
0.05,318,even,12.5405130650922,-1.25561932635793,12.6032155018484,0.00261580606261558,0
0.05,319,odd,12.6189436684207,-1.26349015925754,12.6820400509857,0.00261428964324772,0
0.05,320,even,12.6976296355081,-1.27138280240561,12.7611208655184,0.00261656577236025,0
0.05,321,odd,12.7765514016239,-1.27930288787214,12.840439040727,0.00261507730294297,0
0.05,322,even,12.8557303125237,-1.28724426157603,12.9200152013443,0.00261807859105545,0
0.05,323,odd,12.9351432372253,-1.29521359880493,12.9998269983631,0.00261661845266703,0
0.05,324,even,13.0148155481501,-1.30320358177614,13.0798989468896,0.0026205111275821,0
0.05,325,odd,13.0947196278307,-1.31122216982343,13.160204362036,0.00261907989940724,0
0.05,326,even,13.1748859259827,-1.31926062166876,13.2407726687244,0.00262406227536416,0
0.05,327,odd,13.2552811576571,-1.32732845948423,13.3215716989231,0.00262266070435668,0
0.05,328,even,13.3359421911652,-1.3354152227211,13.4026370924428,0.0026289641654329,0
0.05,329,odd,13.416828572457,-1.34353230921227,13.48392973522,0.00262759310136063,0
0.05,330,even,13.4979852829227,-1.35166721426814,13.5654931355395,0.00263548037623673,0
0.05,331,odd,13.5793628119795,-1.35983354840404,13.6472793889493,0.00263414065996859,0
0.05,332,even,13.6610163674737,-1.36801642260601,13.7293419410653,0.00264390017141203,0
0.05,333,odd,13.7428850427669,-1.37623200356644,13.8116218035049,0.00264259246647258,0
0.05,334,even,13.8250368678092,-1.38446268500305,13.8941849086563,0.00265452753172113,0
0.05,335,odd,13.9073966877648,-1.39272751237341,13.9769583785181,0.00265325209349099,0
0.05,336,even,13.9900484853556,-1.40100586914545,14.0600237180294,0.00266766396915008,0
0.05,337,odd,14.0728994477599,-1.40931994314924,14.143290793133,0.00266642035425013,0
0.05,338,even,14.1560532070901,-1.41764589787616,14.2268603385323,0.00268358462199925,0
0.05,339,odd,14.2393953082138,-1.42600921962716,14.3106210152784,0.00268237134991178,0
0.05,340,even,14.32305329051,-1.4343827781464,14.3946970170783,0.00270250794746851,0
0.05,341,odd,14.406886523913,-1.44279534989256,14.4789512892832,0.00270132213851171,0
0.05,342,even,14.4910512183062,-1.45121663195086,14.5635362361342,0.00272456041583702,0
0.05,343,odd,14.5753755733048,-1.45967845727374,14.6482840935253,0.00272339743976957,0
0.05,344,even,14.6600496149476,-1.4681477258146,14.7333806336657,0.00274973884324869,0
0.05,345,odd,14.744865074767,-1.47665880974313,14.8186220600539,0.00274859202156996,0
0.05,346,even,14.8300511189448,-1.48517649436334,14.904232878392,0.00277787418683406,0
0.05,347,odd,14.9153576586245,-1.49373684336261,14.989967849587,0.00277673459487593,0
0.05,348,even,15.00105820744,-1.50230355290268,15.0760954965078,0.00280860151652917,0
0.05,349,odd,15.0868557916187,-1.51091317470615,15.1623239780972,0.0028074579292241,0
0.05,350,even,15.1730729739321,-1.51952969399582,15.2489706501778,0.00284134122980451,0
0.05,351,odd,15.2593615546879,-1.52818859726368,15.3356925953434,0.00284018024600785,0
0.05,352,even,15.3460968651207,-1.53685586391662,15.4228598733437,0.00287529620919025,0
0.05,353,odd,15.4328763801034,-1.54556405772207,15.5100752209527,0.00287410257638876,0
0.05,354,even,15.5201303886547,-1.55428311656936,15.5977637763331,0.00290946849583551,0
0.05,355,odd,15.6074007597898,-1.56304060973489,15.6854724495819,0.00290822564120297,0
0.05,356,even,15.6951728095343,-1.57181254483704,15.7736817369245,0.00294269728909557,0
0.05,357,odd,15.7829339426176,-1.58061934516098,15.8618836428579,0.00294138804851185,0
0.05,358,even,15.8712218586873,-1.58944519202607,15.9506116015383,0.00297371796550094,0
0.05,359,odd,15.9594736442149,-1.59830130545451,16.0393066317933,0.00297232549043924,0
0.05,360,even,16.0482734827174,-1.60718194873042,16.1285494259396,0.00300123971594823,0
0.05,361,odd,16.1370157983194,-1.61608737853796,16.2177374590844,0.00299974853154938,0
0.05,362,even,16.2263216692187,-1.62502344269285,16.307489290429,0.0030240376947448,0
0.05,363,odd,16.3155543840641,-1.63397818874033,16.3971701962723,0.00302243487817955,0
0.05,364,even,16.4053583878975,-1.64296993089616,16.4874232304862,0.00304105451128511,0
0.05,365,odd,16.4950813694301,-1.65197398903608,16.57759687672,0.0030393309557919,0
0.05,366,even,16.5853736947548,-1.66102120417908,16.6683413309097,0.00305150553849587,0
0.05,367,odd,16.67558681805,-1.67007456588226,16.7590075923821,0.00304965725900219,0
0.05,368,even,16.7663560553487,-1.67917651533777,16.8502320402857,0.00305498272458293,0
0.05,369,odd,16.8570592152502,-1.68827916761977,16.9413908110694,0.00305301214253872,0
0.05,370,even,16.948292953824,-1.69743454223687,17.033082773293,0.00305155209913321,0
0.05,371,odd,17.0394860797296,-1.70658646796586,17.1247339814282,0.00304946921233684,0
0.05,372,even,17.1311718662467,-1.7157933981131,17.2168808802029,0.00304184069235136,0
0.05,373,odd,17.2228549389391,-1.72499457677553,17.3090245045204,0.00303966399333189,0
0.05,374,even,17.31498168822,-1.73425070186736,17.4016150743812,0.00302710911790149,0
0.05,375,odd,17.407154757373,-1.74350111083689,17.4942511620477,0.00302486607907015,0
0.05,376,even,17.4997147160322,-1.75280372093016,17.5872774178009,0.00300930720593717,0
0.05,377,odd,17.5923779159692,-1.76210333720868,17.6804061001728,0.00300703412046355,0
0.05,378,even,17.6853692890362,-1.77144959661279,17.7738659727186,0.00299111357556936,0
0.05,379,odd,17.7785228490132,-1.78079839886493,17.8674874757766,0.00298885455964615,0
0.05,380,even,17.8719532213189,-1.79018565424726,17.961388247162,0.00297596963956481,0
0.05,381,odd,17.9655974652669,-1.79958362472003,18.0555028914464,0.00297377469663118,0
0.05,382,even,18.0594882268242,-1.80900978520472,18.1498656360841,0.00296814126963008,0
0.05,383,odd,18.1536235564441,-1.81845691082083,18.2444738199834,0.00296606351481787,0
0.05,384,even,18.2480157948595,-1.82792086369682,18.3393393091273,0.00297289064915973,0
0.05,385,odd,18.3426426495534,-1.83741713527336,18.4344414689317,0.00297098308653521,0
0.05,386,even,18.4376057181755,-1.84691912986546,18.5298787343434,0.00299694648475435,0
0.05,387,odd,18.532724505178,-1.85646453804908,18.6254752743194,0.00299525907653786,0
0.05,388,even,18.628370585319,-1.86600643578717,18.7215961227046,0.00304970605183197,0
0.05,389,odd,18.7239815711883,-1.87560096168502,18.8176873061925,0.00304828420790626,0
0.05,390,even,18.8204958042619,-1.88518620147042,18.9146762973464,0.00314627633903575,0
0.05,391,odd,18.916598945757,-1.89482979790763,19.0112620766114,0.00314516268169696,0
0.05,392,even,19.0143161062981,-1.90446273601705,19.1094527474928,0.00331578714079828,0
0.05,393,odd,19.1109107416509,-1.9141552868235,19.2065324524754,0.00331503119323839,0
0.05,394,even,19.2105639840055,-1.92383819059779,19.3066545210685,0.00362922527002496,0
0.05,395,odd,19.3076480352668,-1.93357939354636,19.4042260540282,0.00362892030072004,0
0.05,396,even,19.411577120706,-1.94328822935291,19.508605193184,0.00434418392157321,0
0.05,397,odd,19.5091434090048,-1.95307703749521,19.6066613065937,0.00434465495729675,0
0.05,398,even,19.6461095472991,-1.95918243610184,19.7435527075015,0.0119435554638552,0
0.05,399,odd,19.7439588486051,-1.96904587744633,19.8418978709198,0.0118980203079957,0
0.10,0,even,-0.297959637858939,-1.93074028986828e-12,-0.292020282610842,-0.0591954418592664,1
0.10,1,odd,0.000552083491175093,-0.000120008991083769,0.000564920683826622,-7.93474346689316e-06,1
0.10,2,even,0.000552083496068163,-0.000120008992718977,0.000564920688947022,-7.93474409740299e-06,1
0.10,3,odd,0.00220818800705438,-0.000479949504628389,0.0022595225102038,-3.16832349065701e-05,1
0.10,4,even,0.00220818802692453,-0.000479949511340678,0.00225952253101139,-3.16832375374722e-05,1
0.10,5,odd,0.00496787679815486,-0.00107956323759728,0.00508332611866894,-7.10790888734437e-05,1
0.10,6,even,0.00496787684398841,-0.00107956325337907,0.00508332616672423,-7.10790952349188e-05,1
0.10,7,odd,0.00883042568589823,-0.0019184232590557,0.00903553694791796,-0.000125847756700838,1
0.10,8,even,0.00883042577028436,-0.0019184232888934,0.00903553703654982,-0.000125847769178833,1
0.10,9,odd,0.0137948286417261,-0.00299593932560235,0.0141150517597229,-0.000195610627578822,1
0.10,10,even,0.0137948287796608,-0.00299593937603223,0.014115051904927,-0.000195610649600062,1
0.10,11,odd,0.0198598055423467,-0.00431136522744019,0.0203204676990289,-0.000279890687462971,1
0.10,12,even,0.0198598057522264,-0.00431136530730164,0.020320467920591,-0.000279890724035836,1
0.10,13,odd,0.0270238120415726,-0.0058638080609515,0.0276500938111889,-0.000378119645583887,1
0.10,14,even,0.0270238123464533,-0.00586380818242657,0.0276500941341257,-0.000378119704067091,1
0.10,15,odd,0.035285051476126,-0.00765223928248947,0.0361019649064948,-0.000489646402580524,1
0.10,16,even,0.0352850519053647,-0.00765223946257581,0.0361019653629548,-0.000489646493800575,1
0.10,17,odd,0.04464148869605,-0.00967550735058598,0.0456738576265198,-0.000613746693027042,1
0.10,18,even,0.0446414892874339,-0.0096755076131926,0.0456738582582873,-0.000613746832909171,1
0.10,19,odd,0.0550908656787733,-0.0119323517103318,0.0563633085252098,-0.000749633689020446,1
0.10,20,even,0.0550908664813674,-0.0119323520893137,0.0563633093870975,-0.000749633900997122,1
0.10,21,odd,0.0666307187498998,-0.0144214178164061,0.0681676339310179,-0.000896469302507306,1
0.10,22,even,0.066630719827799,-0.0144214183599717,0.0681676350954207,-0.000896469621092265,1
0.10,23,odd,0.0792583971929629,-0.017141272833119,0.0810839513048204,-0.00105337587518291,1
0.10,24,even,0.0792583986303266,-0.0171412736103014,0.0810839528679348,-0.0010533763513133,1
0.10,25,odd,0.0929710829860392,-0.020090421595463,0.0951092017540828,-0.00121944790032472,1
0.10,26,even,0.092971084893772,-0.0200904227056512,0.0951092038443483,-0.00121944860937502,1
0.10,27,odd,0.107765811356085,-0.0232673223696278,0.11024017330861,-0.00139376338562997,1
0.10,28,even,0.107765813880747,-0.0232673239567383,0.110240176098257,-0.00139376443953086,1
0.10,29,odd,0.123639491794668,-0.0266704019208575,0.126473524510882,-0.00157539444553713,1
0.10,30,even,0.123639495130307,-0.0266704041945503,0.126473528231744,-0.0015753960112184,1
0.10,31,odd,0.140588929134245,-0.0302980693864068,0.143805807828344,-0.00176341671043759,1
0.10,32,even,0.140588933537911,-0.0302980726541011,0.143805812793421,-0.00176341903812196,1
0.10,33,odd,0.158610844246205,-0.034148728466566,0.162233492360844,-0.00195691716262383,1
0.10,34,even,0.158610850058066,-0.0341487331821261,0.162233498993691,-0.00195692062954819,1
0.10,35,odd,0.177701893895258,-0.0382207874897022,0.181752985298872,-0.002155000056244,1
0.10,36,even,0.177701901563962,-0.0382207943281618,0.181752994173305,-0.00215500523485335,1
0.10,37,odd,0.197858689274442,-0.0425126669781671,0.202360651592221,-0.00235679065005531,1
0.10,38,even,0.197858699387646,-0.0425126769514425,0.202360663485219,-0.00235679841534555,1
0.10,39,odd,0.219077812756006,-0.0470228044365747,0.224052831318245,-0.00256143657237021,1
0.10,40,even,0.219077826073745,-0.0470228190743839,0.224052847278599,-0.0025614482725715,1
0.10,41,odd,0.241355832430211,-0.0517496561945512,0.246825854296947,-0.00276810673865956,1
0.10,42,even,0.2413558499135,-0.0517496778300763,0.246825875730049,-0.00276812446952148,1
0.10,43,odd,0.264689314070603,-0.0566916962506941,0.270676051588084,-0.00297598784142247,1
0.10,44,even,0.264689336885213,-0.0566917284760651,0.270676080350114,-0.00297601489186815,1
0.10,45,odd,0.289074830264207,-0.0618474121676738,0.295599763623837,-0.00318427851322294,1
0.10,46,even,0.2890748597114,-0.0618474605669079,0.29559980209949,-0.00318432009744052,1
0.10,47,odd,0.314508966585582,-0.0672152981428881,0.321593344883154,-0.00339218130887535,1
0.10,48,even,0.314509003848076,-0.0672153714798418,0.321593395972683,-0.00339224578105781,1
0.10,49,odd,0.340988324893065,-0.0727938454090726,0.348653165215184,-0.00359889264253997,1
0.10,50,even,0.340988370340938,-0.072793957558338,0.348653232037744,-0.00359899352718825,1
0.10,51,odd,0.368509524132868,-0.078581530102701,0.37677560821716,-0.00380359073819941,1
0.10,52,even,0.368509575608042,-0.0785817031664852,0.376775693048723,-0.00380375012569181,1
0.10,53,odd,0.397069199571163,-0.0845767987304046,0.405957067594429,-0.00400542153834156,1
0.10,54,even,0.397069248329382,-0.0845770679256614,0.405957168861572,-0.00400567568085283,1
0.10,55,odd,0.426664002383083,-0.0907780516371181,0.436193943473261,-0.00420348258329634,1
0.10,56,even,0.426664023732555,-0.0907784723304147,0.436194047976021,-0.00420389064925049,1
0.10,57,even,0.45729053565554,-0.0971842818126185,0.467482706590625,-0.00439746179845053,1
0.10,58,odd,0.45729060330857,-0.0971836264483436,0.467482642694316,-0.00439680605724634,1
0.10,59,even,0.488945406843938,-0.103792789143312,0.499819495597187,-0.00458538688727907,1
0.10,60,odd,0.488945705740542,-0.103791789414138,0.499819589920233,-0.00458434770454101,1
0.10,61,even,0.521625238010434,-0.110602194831253,0.533200725964099,-0.00476657762864881,1
0.10,62,odd,0.521626066262151,-0.110600758462696,0.533201252343546,-0.00476500534361841,1
0.10,63,even,0.55532659627112,-0.117610584893838,0.567622652986936,-0.00493984020092837,1
0.10,64,odd,0.55532847131513,-0.117608794494493,0.567624134957462,-0.00493771297663065,1
0.10,65,even,0.5900460037162,-0.12481590503206,0.603081459956336,-0.00510385220833076,1
0.10,66,odd,0.590049525632738,-0.124814288653337,0.603084590544146,-0.0051015683527653,1
0.10,67,odd,0.6209709510414,-5.82666463322299e-05,0.6086044507216,0.123310778093895,1
0.10,68,even,0.625779927139712,-0.132215929823119,0.639573241971965,-0.00525713452801274,1
0.10,69,odd,0.625785325102137,-0.132215487863373,0.639578444530679,-0.00525562896845451,1
0.10,70,even,0.6625247704587,-0.139808225036549,0.677093991026169,-0.0053980158834474,1
0.10,71,odd,0.662531681055179,-0.13980994653804,0.67710110588036,-0.00539833014594485,1
0.10,72,even,0.700276872292537,-0.147590100580184,0.715639584283356,-0.00552458720924881,1
0.10,73,odd,0.700284710243485,-0.147594651674758,0.715648170160032,-0.00552749042446402,1
0.10,74,even,0.739032512885936,-0.155558550945124,0.75520577903325,-0.00563464190788829,1
0.10,75,odd,0.739040785971364,-0.155566495083543,0.755215465464437,-0.00564078408409774,1
0.10,76,even,0.778787937626656,-0.163710179567668,0.795788220712843,-0.00572559704710593,1
0.10,77,odd,0.778796205274598,-0.163722292657751,0.795798730057769,-0.00573582615376642,1
0.10,78,even,0.819539409805738,-0.17204110392866,0.837382475761091,-0.00579438986910594,1
0.10,79,odd,0.819547072600495,-0.172058582160842,0.837393458198816,-0.00580999733800103,1
0.10,80,even,0.861283314508697,-0.180546841246331,0.879984110729871,-0.00583734512194242,1
0.10,81,odd,0.861289319078026,-0.180571457693589,0.879994886140688,-0.00586027795539518,1
0.10,82,even,0.904016350496902,-0.189222184693858,0.923588855748736,-0.00585001562354015,1
0.10,83,odd,0.904018746025468,-0.189256439502749,0.923598008906178,-0.00588311169880676,1
0.10,84,odd,0.947731073915175,-0.198108335857287,0.968197600835541,-0.00587426053706225,1
0.10,85,even,0.947735868261462,-0.198061107419467,0.968192916771963,-0.0058270210340626,1
0.10,86,odd,0.992422010473773,-0.20712107150611,1.01378824824903,-0.0058286230626908,1
0.10,87,even,0.992440432511212,-0.2070567978104,1.01379353386011,-0.00576197066784134,1
0.10,88,odd,1.03808736012709,-0.216287466954487,1.06036441285921,-0.0057399964247743,1
0.10,89,even,1.03813066782996,-0.216202071151256,1.06038989176428,-0.00564769893979183,1
0.10,90,odd,1.08472320576765,-0.225598954694034,1.10792055353881,-0.00560076210381041,1
0.10,91,even,1.08481026138185,-0.225490646868493,1.10798435639349,-0.00547731794326373,1
0.10,92,odd,1.13232620986957,-0.235045218672452,1.15645134980705,-0.00540147274576006,1
0.10,93,even,1.13248635644676,-0.234919987133666,1.1565834244489,-0.00524692128678611,1
0.10,94,odd,1.18089410967959,-0.244613746266666,1.20595209814063,-0.00513031468662345,1
0.10,95,even,1.18116720546488,-0.244495785081961,1.20619631492272,-0.00496044911510513,1
0.10,96,odd,1.23042652730915,-0.254289294061964,1.2564193997846,-0.0047724234399753,1
0.10,97,even,1.23085404630075,-0.254235046472308,1.25682761952732,-0.00463432227846111,1
0.10,98,odd,1.2809262915466,-0.264053302631902,1.30785233995105,-0.00430904753876477,1
0.10,99,even,1.28152878309728,-0.264159705833201,1.3084639608361,-0.00429363316694886,1
0.10,100,even,1.32719707262261,-0.0154473188511602,1.3038104015849,0.24853395332782,1
0.10,101,odd,1.33240159329441,-0.273883380332236,1.36025449773677,-0.00371661439973175,1
0.10,102,even,1.33315113961524,-0.274277154028105,1.36106733379099,-0.00395362697232737,1
0.10,103,odd,1.38486950070955,-0.283753181584491,1.41363736701348,-0.00296591268261892,1
0.10,104,even,1.385677068532,-0.284565159035884,1.41459015226249,-0.00360126568583341,1
0.10,105,odd,1.43836167791175,-0.293633508673873,1.4680261800362,-0.0020220359935309,1
0.10,106,even,1.43908096593395,-0.294980950924414,1.46899882563679,-0.00319971863883839,1
0.10,107,odd,1.49293354314222,-0.303496743201847,1.52346976344218,-0.000846906558232219,1
0.10,108,even,1.49335783631304,-0.305481472890854,1.52427990391724,-0.0027077797521684,1
0.10,109,even,1.54851116701333,-0.316032630508122,1.58043003141615,-0.00209134138904365,1
0.10,110,odd,1.54867795602028,-0.313330032783588,1.58005657246607,0.00059052017451644,1
0.10,111,even,1.60454240691817,-0.326606692911917,1.63744511886344,-0.00132293760749791,1
0.10,112,odd,1.60574002628705,-0.323170739924455,1.63793624709919,0.00228245531710991,1
0.10,113,even,1.66144609382596,-0.337176388578729,1.69531439492254,-0.000376925670752148,1
0.10,114,odd,1.66430338504556,-0.333189143512606,1.69732258724102,0.00409849609070229,1
0.10,115,even,1.71920738871987,-0.347710005927653,1.75401701625045,0.000774825824228054,1
0.10,116,odd,1.72443578864282,-0.343797336195614,1.75836386879324,0.00564822537255283,1
0.10,117,even,1.77779842465919,-0.358167903172528,1.81351779578284,0.00216563216068327,1
0.10,118,odd,1.78458286893777,-0.173750708670717,1.78352896225073,0.184254621875798,1
0.10,119,odd,1.78573886202075,-0.355473248226921,1.82076460775958,0.00638409478852758,1
0.10,120,even,1.83717032647891,-0.368500303185341,1.87375894341527,0.00383456824179246,1
0.10,121,odd,1.84749338677464,-0.368130631621643,1.88380278738998,0.00624774646686049,1
0.10,122,even,1.89723654987336,-0.378648473705491,1.93464397166734,0.00582200189392018,1
0.10,123,odd,1.90942370982564,-0.381214909862816,1.94709807196929,0.00572793850397496,1
0.10,124,even,1.95784089125441,-0.388559106482087,1.99600919990847,0.00814914588976917,1
0.10,125,odd,1.97168283435802,-0.394347085692662,2.01072511967313,0.00522651048554318,1
0.10,126,even,2.01870951991901,-0.398244379073575,2.057588675126,0.0107496636487798,1
0.10,127,odd,2.03447345631327,-0.407406261958786,2.07485856746286,0.00490221913703376,1
0.10,128,even,2.07945060066649,-0.407955445618693,2.11904826936039,0.0132995617565889,1
0.10,129,odd,2.09792901088491,-0.420388599433898,2.13962842797524,0.00478533663739639,1
0.10,130,even,2.13985358954247,-0.418410640432356,2.18032434651642,0.0150529961329113,1
0.10,131,odd,2.16212217118371,-0.433327467448694,2.20511255515984,0.00485759673917752,1
0.10,132,even,2.20049950000424,-0.430449217444286,2.24215307248144,0.015302871605648,1
0.10,133,odd,2.22708832578259,-0.446265617878248,2.27135412566064,0.00508413038257938,1
0.10,134,even,2.26247004771892,-0.444054861510625,2.3055913593088,0.0142800818297039,1
0.10,135,odd,2.29284271587625,-0.459247604394407,2.33837692831133,0.00542429996085053,1
0.10,136,even,2.3262636741908,-0.458508524450972,2.37098486003707,0.012788366934644,1
0.10,137,odd,2.35939178006493,-0.472318474851736,2.40619622299593,0.0058352347297333,1
0.10,138,even,2.3917641576055,-0.473250294829208,2.43810843232005,0.0113533876954783,1
0.10,139,odd,2.42674105535813,-0.485523505959719,2.47482643144598,0.00627366053347733,1
0.10,140,even,2.45872387620885,-0.48805226662584,2.50667411241612,0.0101493123366023,1
0.10,141,odd,2.49490077528019,-0.498906940729135,2.54428637292599,0.00669824936334901,1
0.10,142,even,2.52695413811155,-0.502858005575929,2.57648575795346,0.00919396290355973,1
0.10,143,odd,2.56388916107928,-0.512509154922216,2.61460192689796,0.00707305028740846,1
0.10,144,even,2.59633423771461,-0.517672720890465,2.64742610431917,0.0084582535221841,1
0.10,145,odd,2.63373291038416,-0.526362806105281,2.6858057468724,0.00737136071643418,1
0.10,146,even,2.66678878087456,-0.532519736120286,2.71942589390732,0.00790434705579557,1
0.10,147,odd,2.7044647670929,-0.540489382059212,2.75793419301249,0.00757862640286744,1
0.10,148,even,2.73826993313337,-0.547425747463033,2.79244354948006,0.00749657621356525,1
0.10,149,odd,2.77611905634638,-0.554897684789714,2.83102265493016,0.00769304014786976,1
0.10,150,even,2.81074680070061,-0.562416216856722,2.86645385157208,0.00720384895236537,1
0.10,151,odd,2.84872689713762,-0.56958494985476,2.90510108210055,0.00772349367819347,1
0.10,152,even,2.8841993825971,-0.577514099375397,2.94144175836139,0.00699969419018265,1
0.10,153,odd,2.92231274482435,-0.584540055120553,2.98019123277556,0.00768574595500093,1
0.10,154,even,2.95861507084262,-0.592739594733947,3.01739892625178,0.00686181004258313,1
0.10,155,odd,2.99689302827095,-0.599747498324511,3.05630612851193,0.00759825413922433,1
0.10,156,even,3.0339865141646,-0.608110166054702,3.09432161989354,0.00677162101462114,0
0.10,157,odd,3.07247663817717,-0.615190897297529,3.13345122815277,0.00747884015664502,0
0.10,158,even,3.11031019778236,-0.623640605063421,3.17220933322985,0.00671393195112702,0
0.10,159,odd,3.14906648957693,-0.630855367314001,3.21162643148694,0.00734267115718845,0
0.10,160,even,3.18758539760075,-0.639343107423509,3.25106377950355,0.00667664643450616,0
0.10,161,odd,3.22666138824198,-0.646728731325429,3.29082814888515,0.00720144420257629,0
0.10,162,even,3.2658133401184,-0.655227378315249,3.33088808888661,0.00665049640959148,0
0.10,163,odd,3.30525770882889,-0.662801846549535,3.37105101087904,0.00706339958359359,0
0.10,164,even,3.34499649702905,-0.671300794271377,3.41168614929429,0.00662874343292863,0
0.10,165,odd,3.38485068157756,-0.679068398140822,3.45228908822002,0.00693377866421119,0
0.10,166,even,3.42513799513082,-0.687568633306379,3.49346207377653,0.00660683589781619,0
0.10,167,odd,3.46543527175978,-0.69552444205005,3.53453666297763,0.00681544662918476,0
0.10,168,even,3.50624114374689,-0.704034366594414,3.57621979530622,0.00658202928349227,0
0.10,169,odd,3.54700672090481,-0.712167878392099,3.61778865435096,0.00670951614354087,0
0.10,170,even,3.58830908445811,-0.720699989894014,3.65996278933775,0.00655299174948754,0
0.10,171,odd,3.62956083895599,-0.728997953171972,3.70204080600983,0.00661589373682314,0
0.10,172,even,3.67134456063988,-0.737566365613949,3.74469391589585,0.00651942310234765,0
0.10,173,odd,3.71309412693403,-0.746014831497813,3.78728972152351,0.00653372245218342,0
0.10,174,even,3.75534979433412,-0.754633547149102,3.83041536333747,0.00648171246311291,0
0.10,175,odd,3.79760379140083,-0.763219254547774,3.87353281038605,0.00646172091521002,0
0.10,176,even,3.84032645013517,-0.771901063640822,3.9171286695307,0.00644065200845223,0
0.10,177,odd,3.88308769452651,-0.780612277246189,3.96076818696294,0.00639843050858768,0
0.10,178,even,3.92627566211567,-0.789368152434185,4.0048347944261,0.00639721449642106,0
0.10,179,odd,3.96954426980196,-0.798195077073823,4.04899454990029,0.00634238600545822,0
0.10,180,even,4.01319810032587,-0.807033935397427,4.09353422025966,0.00635239367304563,0
0.10,181,odd,4.05697242348514,-0.815968822360117,4.13821105936928,0.00629222507218219,0
0.10,182,even,4.1010940568423,-0.824897542194806,4.18322706037682,0.0063071005519475,0
0.10,183,odd,4.14537143487848,-0.833934588390431,4.22841722266457,0.00624675067701597,0
0.10,184,even,4.18996353619081,-0.842958187945953,4.27391316328155,0.00626210526729176,0
0.10,185,odd,4.23474086362168,-0.852093310531325,4.31961279403237,0.00620495861236781,0
0.10,186,even,4.27980633996605,-0.861215214657459,4.36559220380029,0.00621801327936877,0
0.10,187,odd,4.32508046868498,-0.870445764809019,4.41179769142008,0.00616604043565616,0
0.10,188,even,4.37062213981138,-0.879668105968857,4.4582637575367,0.00617526542142133,0
0.10,189,odd,4.41639014122639,-0.888992567750888,4.5049719306404,0.00612937028544169,0
0.10,190,even,4.46241053627184,-0.898316483791091,4.55192735788359,0.00613415288644437,0
0.10,191,odd,4.50866985168739,-0.907734188717847,4.59913557597161,0.00609448228440646,0
0.10,192,even,4.55517110334832,-0.917160093904845,4.64658253682791,0.00609484019333772,0
0.10,193,odd,4.60191961027805,-0.926670969348089,4.69428870529331,0.0060610436328018,0
0.10,194,even,4.64890342000742,-0.936198785935351,4.74222885185404,0.00605739107296133,0
0.10,195,odd,4.69613943924729,-0.945803146044161,4.79043138737683,0.00602882706057195,0
0.10,196,even,4.74360709063845,-0.95543249157684,4.83886590166691,0.00602179387380442,0
0.10,197,odd,4.79132935494962,-0.965130872611839,4.8875636688072,0.00599768507695653,0
0.10,198,even,4.83928175670548,-0.974861203627815,4.93649333344669,0.00598798442371873,0
0.10,199,odd,4.88748935761979,-0.98465424116392,4.98568556811447,0.00596752745191964,0
0.10,200,even,4.93592710178279,-0.994484957356743,5.03511084408191,0.00595586529317549,0
0.10,201,odd,4.98461942687406,-1.004373300214,5.08479707495937,0.00593830258928574,0
0.10,202,even,5.03354285193025,-1.01430381494141,5.13471817744582,0.00592532112030142,0
0.10,203,odd,5.0827195211877,-1.02428806950249,5.18489815256673,0.00590998289243316,0
0.10,204,even,5.13212877303975,-1.03431785317922,5.23531511935414,0.0058962301284331,0
0.10,205,odd,5.18178957989997,-1.04439855153532,5.28598874198282,0.00588255385398062,0
0.10,206,even,5.23168466644406,-1.05452715431065,5.33690149143845,0.00586847224732212,0
0.10,207,odd,5.28182952661138,-1.06470474009762,5.38806876709637,0.00585600638665684,0
0.10,208,even,5.33221036375085,-1.07493179959055,5.43947714480588,0.0058419343874363,0
0.10,209,odd,5.3828392731392,-1.08520662616314,5.49113813968917,0.00583033181758585,0
0.10,210,even,5.43370572157939,-1.09553186514371,5.54304195405745,0.0058165134560435,0
0.10,211,odd,5.48481872345797,-1.10590420168372,5.59519676405097,0.0058055189572026,0
0.10,212,even,5.53617061663663,-1.11632741961908,5.6475958119962,0.00579211767806886,0
0.10,213,odd,5.58776777726846,-1.12679746174238,5.70024454090499,0.00578155269808289,0
0.10,214,even,5.63960494138434,-1.13731852318456,5.75313862518101,0.00576866672040177,0
0.10,215,odd,5.69168633300304,-1.14788640551111,5.8062813705437,0.00575841367334862,0
0.10,216,even,5.74400860040851,-1.15850522746082,5.85967031035524,0.00574609103552337,0
0.10,217,odd,5.79657429019831,-1.16917103639038,5.91330715518183,0.00573607859133785,0
0.10,218,even,5.84938150750371,-1.17988757606098,5.96719079169645,0.00572433075328682,0
0.10,219,odd,5.90243155124617,-1.19065136163436,6.02132180059813,0.00571452095072567,0
0.10,220,even,5.95572358342515,-1.20146560547622,6.0756999987891,0.00570333436640524,0
0.10,221,odd,6.00925802258595,-1.21232739169481,6.13032521717337,0.00569371192047274,0
0.10,222,even,6.06303475422197,-1.22323934611302,6.1851978651973,0.00568305738273556,0
0.10,223,odd,6.11705361542429,-1.23419913945182,6.24031732044301,0.00567362123670456,0
0.10,224,even,6.17131495005339,-1.24520882334758,6.29568432751389,0.00566346105667859,0
0.10,225,odd,6.22581824608099,-1.25626661944538,6.35129803128354,0.00565421802457444,0
0.10,226,even,6.2805641043854,-1.26737405851054,6.40715932476885,0.00564451126454379,0
0.10,227,odd,6.33555183605183,-1.27852984717751,6.46326727583538,0.00563547149468624,0
0.10,228,even,6.39078215347477,-1.28973506975237,6.51962279809553,0.00562617755381045,0
0.10,229,odd,6.44625431187409,-1.3009888385223,6.57622498525386,0.00561735149459675,0
0.10,230,even,6.50196903605883,-1.31229187276853,6.63307469057062,0.00560843237088737,0
0.10,231,odd,6.55792560486321,-1.32364360925679,6.69017109535795,0.00559982891624222,0
0.10,232,even,6.61412469318451,-1.33504448138118,6.74751494716223,0.0055912504569664,0
0.10,233,odd,6.67056565077682,-1.34649417471005,6.80510554623127,0.00558287597310425,0
0.10,234,even,6.72724906812471,-1.35799290798766,6.86294351473701,0.00557460839188906,0
0.10,235,odd,6.78417438944842,-1.36954054951854,6.92102828181446,0.00556646636726255,0
0.10,236,even,6.84134210634338,-1.38113716389187,6.97936034209173,0.00555848426244898,0
0.10,237,odd,6.89875176442008,-1.39278274746989,7.03793924951416,0.00555057536944359,0
0.10,238,even,6.95640375548283,-1.40447725953787,7.09676537998729,0.00554285743090199,0
0.10,239,odd,7.01429772259353,-1.41622078141685,7.155838399844,0.00553517983411322,0
0.10,240,even,7.07243396535511,-1.42801320466487,7.21515858117102,0.00552770838135297,0
0.10,241,odd,7.13081221391283,-1.4398546632428,7.27472568610667,0.0055202581701852,0
0.10,242,even,7.18943268792815,-1.45174500840155,7.33453990038191,0.0055130186246084,0
0.10,243,odd,7.24829519108283,-1.46368440386246,7.39460106411821,0.00550579028440312,0
0.10,244,even,7.30739987730235,-1.47567267931478,7.45490929433725,0.00549877064572102,0
0.10,245,odd,7.36674660932633,-1.48771001324398,7.51546449197432,0.0054917575114779,0
0.10,246,even,7.42633548967614,-1.49979622542509,7.57626672170202,0.00548494788198894,0
0.10,247,odd,7.48616642617909,-1.51193150044119,7.63731592985596,0.00547814254168588,0
0.10,248,even,7.54623948330319,-1.52411565419873,7.69861214304535,0.00547153472229711,0
0.10,249,odd,7.60655460132021,-1.5363488736276,7.76015533986979,0.00546492935393394,0
0.10,250,even,7.66711181844498,-1.54863097252319,7.82194552078919,0.005458516521613,0
0.10,251,odd,7.72791109643566,-1.5609621401258,7.88398268592028,0.00545210315976297,0
0.10,252,even,7.78895245732269,-1.57334218667143,7.94626681915403,0.00544587962651977,0
0.10,253,odd,7.85023587511226,-1.58577130642857,8.00879793360999,0.00543965036164651,0
0.10,254,even,7.91176136407419,-1.59824930225875,8.07157600410816,0.00543361140895082,0
0.10,255,odd,7.97352890276062,-1.61077637820925,8.13460105016615,0.00542755852748522,0
0.10,256,even,8.03553850472083,-1.62335232419463,8.19787304332562,0.00542170030677225,0
0.10,257,odd,8.09779014656513,-1.63597736032105,8.26139200439147,0.00541581638133204,0
0.10,258,even,8.16028384714895,-1.64865125663255,8.32515790615806,0.0054101358692995,0
0.10,259,odd,8.22301957546177,-1.66137425678647,8.38917076664027,0.00540441380942447,0
0.10,260,even,8.28599736111102,-1.67414610292057,8.45343056362602,0.00539890880595761,0
0.10,261,odd,8.34921716014281,-1.68696707077918,8.51793730881953,0.0053933418788028,0
0.10,262,even,8.41267901824992,-1.69983686555598,8.5826909884338,0.00538801103553421,0
0.10,263,odd,8.47638287308963,-1.71275580460257,8.64769160441682,0.00538259286486742,0
0.10,264,even,8.54032879214949,-1.72572354614919,8.71293915501171,0.00537743573164295,0
0.10,265,odd,8.60451668863379,-1.73874045967094,8.77843362855629,0.00537216028200893,0
0.10,266,even,8.66894665841161,-1.75180614540261,8.84417503958754,0.00536717735872339,0
0.10,267,odd,8.73361858304524,-1.76492103650002,8.9101633580834,0.00536203891032105,0
0.10,268,even,8.79853259475976,-1.77808466311195,8.97639862028823,0.00535723169132818,0
0.10,269,odd,8.86368853464601,-1.79129753471564,9.04288077167796,0.00535222480977082,0
0.10,270,even,8.92908658116402,-1.8045590981982,9.10960987726875,0.00534759580763144,0
0.10,271,odd,8.99472652394432,-1.81786995308963,9.17658584999273,0.00534271531163855,0
0.10,272,even,9.06060859997991,-1.83122944877837,9.24380879286224,0.00533826804766702,0
0.10,273,odd,9.12673253378063,-1.84463828961183,9.31127857581084,0.00533350897692597,0
0.10,274,even,9.19309863608954,-1.85809571228232,9.37899535174156,0.00532924792688316,0
0.10,275,odd,9.25970654947463,-1.87160254160636,9.446958934213,0.00532460551165648,0
0.10,276,even,9.3265566770302,-1.8851578856198,9.51516954107849,0.00532053599797155,0
0.10,277,odd,9.39364855895755,-1.8987627058965,9.58362691273992,0.00531600563153134,0
0.10,278,even,9.46098271308869,-1.91241596539719,9.65233135067923,0.00531213365719729,0
0.10,279,odd,9.52855855286998,-1.92611877901817,9.72128250153052,0.00530771087214799,0
0.10,280,even,9.59637673734435,-1.93986994817658,9.79048077307807,0.00530404289900965,0
0.10,281,odd,9.6644365246071,-1.95367075747494,9.85992569341701,0.00529972334806694,0
0.10,282,even,9.73273874563712,-1.96751983076076,9.92961780356268,0.00529626603041322,0
0.10,283,odd,9.80128247028824,-1.9814186380179,9.99955648395062,0.00529204547247253,0
0.10,284,even,9.87006873644619,-1.99536561047749,10.0697424401117,0.00528880536825005,0
0.10,285,odd,9.93909638863831,-2.00936241792456,10.1401748713408,0.00528467966025525,0
0.10,286,even,10.0083667106719,-2.02340728542612,10.2108546832299,0.00528166295414456,0
0.10,287,odd,10.077878280772,-2.03750209523946,10.2817808562915,0.00527762804934828,0
0.10,288,even,10.1476326713254,-2.05164485463962,10.3529545356762,0.00527484033406322,0
0.10,289,odd,10.2176281498873,-2.06583766893041,10.424374441732,0.00527089228673061,0
0.10,290,even,10.2878666231498,-2.08007831810907,10.4960420020976,0.00526833845908303,0
0.10,291,odd,10.3583460008924,-2.09436913890723,10.5679556324547,0.00526447343587799,0
0.10,292,even,10.4290685722193,-2.10870767661495,10.6401170886021,0.00526215777104699,0
0.10,293,odd,10.5000318400108,-2.12309650584838,10.7125244346937,0.00525837206826596,0
0.10,294,even,10.5712385255829,-2.13753293131345,10.785179802328,0.00525629853720444,0
0.10,295,odd,10.6426856744332,-2.1520197707838,10.8580808557011,0.00525258860305344,0
0.10,296,even,10.714376491045,-2.16655408303559,10.9312301510891,0.00525076149359371,0
0.10,297,odd,10.7863075121064,-2.18113893439232,11.0046249034002,0.0052471239537546,0
0.10,298,even,10.8584824771938,-2.19577113127163,11.0782681432013,0.00524554884602146,0
0.10,299,odd,10.9308973617717,-2.21045399598638,11.1521565862214,0.00524198053081681,0
0.10,300,even,11.0035564938026,-2.22518407283067,11.226293787609,0.0052406656634143,0
0.10,301,odd,11.0764552333733,-2.23996495217417,11.3006759132367,0.00523716363406779,0
0.10,302,even,11.1495985527356,-2.25479290018123,11.3753070944437,0.00523612168421739,0
0.10,303,odd,11.2229811389718,-2.26967179520442,11.4501828947266,0.00523268325634119,0
0.10,304,even,11.2966086694966,-2.28459759948858,11.5253080761516,0.00523193354749241,0
0.10,305,odd,11.3704750942974,-2.29957451100921,11.6006775433127,0.00522855631023633,0
0.10,306,even,11.4445868655582,-2.31459814836336,11.6762967493293,0.00522812746224366,0
0.10,307,odd,11.518937121081,-2.32967307695795,11.7521598757968,0.00522480929250113,0
0.10,308,even,11.5935331716248,-2.34479451332264,11.828273137417,0.00522474234401127,0
0.10,309,odd,11.6683672503166,-2.35996745932269,11.9046299158544,0.00522148141632783,0
0.10,310,even,11.743447632011,-2.37518664693947,11.9812372744236,0.00522183347828564,0
0.10,311,odd,11.8187655266373,-2.39045761042957,12.0580876977575,0.00521862827252262,0
0.10,312,even,11.8943303103761,-2.40577448462999,12.135189209909,0.00521947680875057,0
0.10,313,odd,11.9701320140482,-2.42114346544445,12.2125332713548,0.0052163261186613,0
0.10,314,even,12.046181297155,-2.4365579410136,12.2901290155425,0.00521777398066892,0
0.10,315,odd,12.1224668033539,-2.45202493872843,12.3679667086271,0.00521467692670363,0
0.10,316,even,12.1990007191451,-2.46753690580386,12.4460567936835,0.005216858272858,0
0.10,317,odd,12.2757700217504,-2.48310191972175,12.5243881122701,0.00521381432251333,0
0.10,318,even,12.3527887518665,-2.4987112392762,12.6029726885947,0.0052169014952157,0
0.10,319,odd,12.4300418451926,-2.5143742684053,12.6817976269137,0.0052139104909581,0
0.10,320,even,12.5075456354327,-2.53008076753732,12.7608769010558,0.00521812177785419,0
0.10,321,odd,12.5852825142766,-2.54584181056818,12.840195453748,0.00521518396942033,0
0.10,322,even,12.663271694722,-2.56164527811073,12.9197697072567,0.00522079190530667,0
0.10,323,odd,12.7414923544301,-2.57750433340161,12.9995818694349,0.00521790797713884,0
0.10,324,even,12.8199673645464,-2.59340451674949,13.0796514828309,0.00522524744026898,0
0.10,325,odd,12.8986718010925,-2.60936158233548,13.159957250159,0.00522241851823724,0
0.10,326,even,12.9776332201608,-2.62535818685878,13.2405227326424,0.00523189335093655,0
0.10,327,odd,13.0568214302273,-2.6414132605053,13.3213221014249,0.00522912096597494,0
0.10,328,even,13.1362700127933,-2.65750595338362,13.4023841263795,0.00524120725946231,0
0.10,329,odd,13.21594199383,-2.67365903270733,13.4836770936435,0.00523849324076009,0
0.10,330,even,13.2958787088111,-2.68984745337561,13.5652365390396,0.0052537368669836,0
0.10,331,odd,13.3760344590305,-2.70609853605383,13.6470231025719,0.00525108313579814,0
0.10,332,even,13.456460529683,-2.72238231554351,13.7290810939795,0.00527008873202561,0
0.10,333,odd,13.5371000479386,-2.7387313996265,13.8113612522689,0.00526749697146567,0
0.10,334,even,13.6180169881345,-2.75511019074967,13.8939192044078,0.0052909055649013,0
0.10,335,odd,13.6991402736126,-2.77155727507668,13.9766929564263,0.00528837675089466,0
0.10,336,even,13.7805499140019,-2.78803079449158,14.0597526071639,0.00531682972932845,0
0.10,337,odd,13.8621569656525,-2.80457587919242,14.1430199519083,0.00531436352607351,0
0.10,338,even,13.9440614615826,-2.82114396082586,14.226583380635,0.00534845185373145,0
0.10,339,odd,14.0261522772211,-2.83778704786766,14.310344316355,0.00534604589928511,0
0.10,340,even,14.1085540891495,-2.85444970500168,14.3944139371217,0.00538624537632337,0
0.10,341,odd,14.1911286641772,-2.87119079871703,14.478668460171,0.00538389451083887,0
0.10,342,even,14.2740305011771,-2.88794828948475,14.5632469793328,0.00543049035935494,0
0.10,343,odd,14.3570888269059,-2.90478739700041,14.6479950826123,0.00542818587207883,0
0.10,344,even,14.4404935450908,-2.92164028546938,14.7330854114138,0.00548119269050629,0
0.10,345,odd,14.5240356067039,-2.93857741694574,14.8183270824208,0.00547892167994624,0
0.10,346,even,14.6079460572102,-2.95552661993355,14.9039321973086,0.00553800735933363,0
0.10,347,odd,14.6919718314512,-2.97256178853083,14.9896674158646,0.00553575230723835,0
0.10,348,even,14.7763906569487,-2.98960859737314,15.0757901633803,0.0056001762701432,0
0.10,349,odd,14.8609001096944,-3.00674181888126,15.1620188991794,0.00559791492212147,0
0.10,350,even,14.9458294939072,-3.02388788603557,15.2486617478103,0.00566649148916332,0
0.10,351,odd,15.0308225778402,-3.0411191781379,15.3353839579914,0.00566419711382471,0
0.10,352,even,15.1162639586361,-3.05836646097325,15.422548705813,0.00573529359325908,0
0.10,353,odd,15.2017406112796,-3.07569584215687,15.5097643328175,0.00573293565979904,0
0.10,354,even,15.2876943738163,-3.09304650039571,15.5974517863806,0.00580451189885611,0
0.10,355,odd,15.3736545162346,-3.11047398856394,15.6851607564031,0.00580205717874671,0
0.10,356,even,15.4601196878225,-3.12793023707321,15.7733704024331,0.00587174921675748,0
0.10,357,odd,15.5465632243109,-3.14545584795218,15.861572624801,0.00586916328375198,0
0.10,358,even,15.6335371967943,-3.16301977212795,15.9503023214361,0.00593440913319521,0
0.10,359,odd,15.7204640158961,-3.18064351758449,16.0389976892718,0.0059316582139628,0
0.10,360,even,15.8079423246369,-3.19831686359484,16.1282434077796,0.00598985952721875,0
0.10,361,odd,15.89535230183,-3.21603874999648,16.2174318003082,0.00598691264242612,0
0.10,362,even,15.9833284934603,-3.23382270600409,16.3071874520097,0.00603562285465875,0
0.10,363,odd,16.0712214958558,-3.25164273275614,16.3968687388733,0.00603245418622267,0
0.10,364,even,16.1596871208198,-3.26953771969481,16.4871261262681,0.00606958208669495,0
0.10,365,odd,16.2480630141945,-3.28745587809167,16.5773001741892,0.00606617350062599,0
0.10,366,even,16.3370077857418,-3.30546136983971,16.6680491110527,0.0060901910618063,0
0.10,367,odd,16.4258664441617,-3.32347764237196,16.7587157931292,0.00608653469928866,0
0.10,368,even,16.5152786135803,-3.34159203582539,16.8499444464538,0.00609667896104638,0
0.10,369,odd,16.6046199317369,-3.35970639609382,16.9411036542317,0.00609277977350864,0
0.10,370,even,16.6944869402613,-3.37792695237389,17.0327991714599,0.00608923997782274,0
0.10,371,odd,16.7843108483557,-3.39613936576962,17.1244508296558,0.00608511801734668,0
0.10,372,even,16.8746203284119,-3.41446224499632,17.2166003268753,0.00606920044465875,0
0.10,373,odd,16.9649268089342,-3.43277267029417,17.3087444101382,0.0060648926359983,0
0.10,374,even,17.0556680193629,-3.45119308364732,17.401336408906,0.00603915670996047,0
0.10,375,odd,17.1464571243549,-3.46960147559754,17.4939729592506,0.00603471773999598,0
0.10,376,even,17.2376229142556,-3.48811397811047,17.5869993694604,0.00600307922585142,0
0.10,377,odd,17.3288947805877,-3.50662029095719,17.6801285119383,0.00599858113031004,0
0.10,378,even,17.4204841862019,-3.52521923329647,17.7735872666933,0.00596638528169091,0
0.10,379,odd,17.5122390451106,-3.54382342485416,17.867209219551,0.00596191534482182,0
0.10,380,even,17.6042606474103,-3.56250356733741,17.9611076878106,0.00593600217523438,0
0.10,381,odd,17.6964988232504,-3.58120560279859,18.0552227620221,0.00593165895004466,0
0.10,382,even,17.7889750760857,-3.59996286494343,18.1495821393879,0.00592048849531812,0
0.10,383,odd,17.8816969682715,-3.61876271899191,18.2441907213762,0.00591637614470297,0
0.10,384,even,17.9746699709784,-3.63759499048921,18.3390518487465,0.00593038049515382,0
0.10,385,odd,18.0678760127213,-3.65649264563949,18.4341543596139,0.00592660222192265,0
0.10,386,even,18.1614159652543,-3.67540052326218,18.5295861561784,0.0059791430783469,0
0.10,387,odd,18.2551065525303,-3.69439596165133,18.6251829804589,0.00597579505762313,0
0.10,388,even,18.3493262728875,-3.7133832074217,18.7212967627653,0.00608559886386972,0
0.10,389,odd,18.4435016544856,-3.73247639208673,18.8173881369452,0.00608276674858832,0
0.10,390,even,18.5385868638138,-3.75154980334041,18.9143672745046,0.00628006875919285,0
0.10,391,odd,18.6332469690237,-3.77074064095927,19.0109531107428,0.00627782996318826,0
0.10,392,even,18.7295336698021,-3.78990860479636,19.1091285746146,0.00662116364929943,0
0.10,393,odd,18.8246777892715,-3.80919686493766,19.2062081319191,0.00661960308417076,0
0.10,394,even,18.9229037769165,-3.82846288429378,19.3063037066581,0.00725211265733261,0
0.10,395,odd,19.0185297227442,-3.84784796740894,19.4038747216281,0.00725138325170471,0
0.10,396,even,19.1210590395185,-3.86715887159231,19.5081967626586,0.00869484222412176,0
0.10,397,odd,19.2171591883856,-3.88663870470307,19.6062513520969,0.00869546111506336,0
0.10,398,even,19.3518579742733,-3.89882893418495,19.7406869549547,0.0235087422748865,0
0.10,399,odd,19.4482389344089,-3.91845725425871,19.8390462579376,0.0234196226429533,0
0.15,0,even,-0.297959637854893,3.10473264901934e-13,-0.284651714329522,-0.0880530937553193,1
0.15,1,odd,0.000535613161089673,-0.000178099465340406,0.000564322787648547,-1.18604058776978e-05,1
0.15,2,even,0.000535613165635999,-0.000178099467735625,0.000564322792699654,-1.18604068224059e-05,1
0.15,3,odd,0.00214233497238803,-0.000712276203998629,0.00225714278205781,-4.73601742378376e-05,1
0.15,4,even,0.00214233499086558,-0.000712276213818596,0.00225714280261209,-4.73601781587215e-05,1
0.15,5,odd,0.0048198130571855,-0.00160216665520577,0.00507801590534567,-0.00010625611664991,1
0.15,6,even,0.00481981309966652,-0.00160216667825872,0.00507801595274194,-0.000106256126119235,1
0.15,7,odd,0.0085674622510019,-0.00284716957394361,0.00902620544848001,-0.000188146769737224,1
0.15,8,even,0.00856746232883277,-0.00284716961742008,0.00902620553568286,-0.000188146788271296,1
0.15,9,odd,0.0133844677962932,-0.00444645301267587,0.0141006871865414,-0.000292478120979126,1
0.15,10,even,0.0133844679226763,-0.00444645308591211,0.0141006873289226,-0.00029247815359561,1
0.15,11,odd,0.0192697898145451,-0.00639896398605217,0.0203001565071925,-0.000418551520161336,1
0.15,12,even,0.0192697900052311,-0.00639896410155562,0.0203001567234954,-0.000418551574154427,1
0.15,13,odd,0.0262221690564799,-0.00870344069931056,0.0276230375178005,-0.000565533662312752,1
0.15,14,even,0.0262221693305987,-0.00870344087412753,0.0276230378313382,-0.000565533748314135,1
0.15,15,odd,0.0342401339321424,-0.0113584271741179,0.0360674940837666,-0.00073246848277205,1
0.15,16,even,0.0342401343131799,-0.0113584274317589,0.0360674945239236,-0.000732468616301551,1
0.15,17,odd,0.043322008823431,-0.0143622900509006,0.0456314427352174,-0.000918290752546281,1
0.15,18,even,0.0433220093403909,-0.014362290424022,0.0456314433393529,-0.000918290956230692,1
0.15,19,odd,0.0534659236810574,-0.0177132372841393,0.0563125673601691,-0.00112184110251297,1
0.15,20,even,0.0534659243698333,-0.0177132378183496,0.0563125681760518,-0.00112184140931637,1
0.15,21,odd,0.0646698249042767,-0.0214093383782749,0.0681083355784497,-0.00134188214033873,1
0.15,22,even,0.0646698258091782,-0.021409339137539,0.068108336667313,-0.00134188259827476,1
0.15,23,odd,0.0769314874928065,-0.0254485457390774,0.0810160166606309,-0.00157711525708414,1
0.15,24,even,0.0769314886681923,-0.0254485468134422,0.0810160181010164,-0.00157711593611376,1
0.15,25,odd,0.0902485284439317,-0.0298287166428018,0.0950327008191014,-0.00182619765602431,1
0.15,26,even,0.090248529955732,-0.0298287181594923,0.0950327027115921,-0.00182619865820661,1
0.15,27,odd,0.10461842134126,-0.0345476352583781,0.11015531965324,-0.00208775907997863,1
0.15,28,even,0.104618423267946,-0.0345476373977527,0.110155322126101,-0.00208776055442657,1
0.15,29,odd,0.120038512043315,-0.03960303410275,0.126380667477783,-0.00236041767208272,1
0.15,30,even,0.120038514475483,-0.0396030371213583,0.126380670693381,-0.0023604198371147,1
0.15,31,odd,0.136506035329153,-0.0449926142736459,0.143705423204191,-0.00264279438577605,1
0.15,32,even,0.136506038366133,-0.0449926185376107,0.143705427365616,-0.0026427975618083,1
0.15,33,odd,0.154018132296014,-0.0507140637946956,0.162126172382602,-0.00293352536920504,1
0.15,34,even,0.154018136036534,-0.0507140698280983,0.162126177739049,-0.00293353002773544,1
0.15,35,odd,0.172571868233579,-0.0567650734314558,0.181639428951724,-0.00323127179264336,1
0.15,36,even,0.172571872755213,-0.0567650819865483,0.181639435799608,-0.00323127862940139,1
0.15,37,odd,0.192164250627969,-0.0631433493981195,0.202241656193799,-0.00353472666713205,1
0.15,38,even,0.192164255945709,-0.0631433615569656,0.202241664867214,-0.00353473671142179,1
0.15,39,odd,0.212792246884568,-0.0698466224748458,0.223929286360215,-0.00384261831714253,1
0.15,40,even,0.212792252871388,-0.0698466397958026,0.223929297198336,-0.00384263309525827,1
0.15,41,odd,0.234452801314535,-0.0768726531921449,0.246698738431439,-0.00415371031355273,1
0.15,42,even,0.234452807553204,-0.0768726779187986,0.246698751698693,-0.00415373209217447,1
0.15,43,odd,0.257142850917919,-0.0842192329048788,0.270546433512583,-0.00446679783544907,1
0.15,44,even,0.257142856429457,-0.0842192682584323,0.270546449225646,-0.00446682998121807,1
0.15,45,odd,0.28085933953021,-0.09188418076427,0.295468807453293,-0.00478070059678513,1
0.15,46,even,0.280859342282185,-0.0918842313382328,0.295468825027982,-0.00478074809867308,1
0.15,47,even,0.305599226015385,-0.0998654090487822,0.321462337981456,-0.00509432283814412,1
0.15,48,odd,0.305599229989802,-0.0998653367922224,0.321462320425088,-0.00509425263429555,1
0.15,49,even,0.331359495977324,-0.108160654267907,0.348523476427285,-0.0054063929794145,1
0.15,50,odd,0.331359514138267,-0.108160551467172,0.348523463397402,-0.00540628940319589,1
0.15,51,even,0.358137174669713,-0.116767817385705,0.376648760599545,-0.00571578483261782,1
0.15,52,odd,0.358137220675071,-0.116767672464369,0.376648761722959,-0.00571563278846474,1
0.15,53,even,0.385929322870935,-0.125684730258613,0.405834741822341,-0.00602129569047276,1
0.15,54,odd,0.385929421102852,-0.1256845295171,0.405834776343703,-0.00602107488526409,1
0.15,55,even,0.414733041407104,-0.134909188117135,0.436077998855137,-0.00632167602069637,1
0.15,56,odd,0.414733234037661,-0.134908918880092,0.436078103317151,-0.0063213618825031,1
0.15,57,even,0.444545471020143,-0.144438929888872,0.467375131951775,-0.00661561070685929,1
0.15,58,odd,0.444545827528962,-0.144438589587009,0.467375371971581,-0.00661518024851215,1
0.15,59,even,0.475363790997079,-0.154271617281634,0.499722755369635,-0.00690169947079106,1
0.15,60,odd,0.475364416806607,-0.15427123388229,0.499723239926059,-0.00690114825604643,1
0.15,61,even,0.507185217437152,-0.164404812819715,0.533117489223417,-0.00717843640193483,1
0.15,62,odd,0.50718625077166,-0.164404481004065,0.533118378347348,-0.0071778140351105,1
0.15,63,even,0.540007002251354,-0.174835956869112,0.567555951739845,-0.00744418830436305,1
0.15,64,odd,0.540008579937856,-0.174835882321126,0.567557436930892,-0.00744365084771087,1
0.15,65,even,0.573826434232728,-0.185562343565009,0.603034753166254,-0.00769717138311937,1
0.15,66,odd,0.573828616517154,-0.185562863061672,0.603036991503956,-0.00769702276809353,1
0.15,67,even,0.608640843837952,-0.196581095524866,0.639550492865816,-0.00793542567366703,1
0.15,68,odd,0.608643531023349,-0.196582636152908,0.639553515318797,-0.00793610337426803,1
0.15,69,odd,0.620970951083294,-5.82666254733229e-05,0.593253427222104,0.183453799561411,1
0.15,70,even,0.64444761371744,-0.207889137378775,0.677099761555017,-0.0081567866426048,1
0.15,71,odd,0.644450514550502,-0.207892133419339,0.677103418217217,-0.00815879161469193,1
0.15,72,even,0.681244197552536,-0.219483168612071,0.715679151273956,-0.00835885367645561,1
0.15,73,odd,0.681246853519622,-0.219488006253472,0.715683118237013,-0.00836269035986442,1
0.15,74,even,0.719028150384176,-0.231359637214415,0.755285276573193,-0.00853895594494042,1
0.15,75,odd,0.719029951708327,-0.231366656389228,0.755289071751875,-0.0085451292910779,1
0.15,76,even,0.757797174201014,-0.243514717512696,0.795914811514932,-0.00869411775173001,1
0.15,77,odd,0.757797316594215,-0.243524232189977,0.795917759327749,-0.00870316539005048,1
0.15,78,odd,0.797546559620515,-0.25595658406756,0.837565672802045,-0.00883354027059077,1
0.15,79,even,0.797549182641842,-0.255944298833297,0.837564548135062,-0.00882102858221742,1
0.15,80,odd,0.838275430186058,-0.268659203613262,0.880229329767468,-0.00893261198346806,1
0.15,81,even,0.838282387159333,-0.268643996863766,0.880231482116138,-0.00891602849461362,1
0.15,82,odd,0.879981881810572,-0.281627162218735,0.923905318643383,-0.00899627682555942,1
0.15,83,even,0.879995401593394,-0.281609206979588,0.923912928449255,-0.00897512816141699,1
0.15,84,odd,0.922664169201029,-0.294855053956061,0.96859037452674,-0.00901988608602317,1
0.15,85,even,0.922687348698625,-0.294835226912413,0.968606659454558,-0.00899409457783434,1
0.15,86,odd,0.966320981431673,-0.308336945848575,1.01428149172784,-0.00899815918081337,1
0.15,87,even,0.966357925102494,-0.308317478796787,1.01431103245745,-0.00896864399466835,1
0.15,88,odd,1.01095162179725,-0.32206634300885,1.06097608528826,-0.00892509719745638,1
0.15,89,even,1.01100733736348,-0.322051841915585,1.06102502703561,-0.00889477869828409,1
0.15,90,odd,1.05655624847847,-0.336036184080945,1.10867221955043,-0.00879390741936859,1
0.15,91,even,1.05663597450418,-0.336035038714926,1.10874804625312,-0.00876925255782307,1
0.15,92,odd,1.10313619196016,-0.350238894586896,1.15736892716377,-0.00859696048620912,1
0.15,93,even,1.10324368706596,-0.350264872224191,1.15747929807749,-0.00859001089513645,1
0.15,94,odd,1.15069436349784,-0.364666544333754,1.20706664582464,-0.00832582006045551,1
0.15,95,even,1.15082870805188,-0.364739933612718,1.20721667809411,-0.00835622998618679,1
0.15,96,odd,1.1992357592765,-0.379311182912957,1.25776779906448,-0.00797141435308618,1
0.15,97,even,1.1993866458696,-0.379458385791374,1.25795544795764,-0.00806745259696623,1
0.15,98,odd,1.24876803762847,-0.394165467062958,1.30947753308547,-0.00752446488643921,1
0.15,99,even,1.24891038033685,-0.394415878683634,1.30968751996263,-0.00772162709837654,1
0.15,100,odd,1.29930208318474,-0.409223744014703,1.36220457586525,-0.00697635473557873,1
0.15,101,even,1.29939150496602,-0.409603482516909,1.36240222415648,-0.00731270683977719,1
0.15,102,even,1.32719707280803,-0.0154473188021119,1.27248478675897,0.37745616592574,1
0.15,103,even,1.35082291951019,-0.425006887912082,1.41608854870354,-0.00682911981560325,1
0.15,104,odd,1.3508523393056,-0.424483800761454,1.41596207168474,-0.00632070142959662,1
0.15,105,even,1.40320120691026,-0.440607273523165,1.47073766707452,-0.00625389511726349,1
0.15,106,odd,1.40343644060234,-0.439949475624759,1.47076800183316,-0.00555596047314949,1
0.15,107,even,1.45652771567876,-0.456382915514173,1.52634444772014,-0.0055658806588626,1
0.15,108,odd,1.4570732766219,-0.455634107006941,1.52664435395136,-0.00468929228587223,1
0.15,109,even,1.51080847822168,-0.472310214705283,1.58290767958346,-0.00474074858493267,1
0.15,110,odd,1.51177817993003,-0.471564056959286,1.58361356631772,-0.00374135041428597,1
0.15,111,even,1.56605391344114,-0.488363450500346,1.64042971526598,-0.00375084807534182,1
0.15,112,odd,1.56755407830298,-0.487779932068336,1.64169043601058,-0.00275006259516875,1
0.15,113,even,1.62227926588601,-0.504513234345445,1.69891643352995,-0.00256359809994122,1
0.15,114,odd,1.62437968782936,-0.504331070272495,1.70086921009051,-0.00176885298726964,1
0.15,115,even,1.67950652969747,-0.520723712595322,1.75837825070434,-0.00113824665000145,1
0.15,116,odd,1.68220126340951,-0.521259490654746,1.76111096139078,-0.000853746716760195,1
0.15,117,even,1.73776888591378,-0.536948112577466,1.8188330435759,0.000579695582510031,1
0.15,118,odd,1.74093866319951,-0.538577658927438,1.82234281135346,-4.03362677913188e-05,1
0.15,119,odd,1.78458286912987,-0.173750709862125,1.75622397843424,0.361389905146781,1
0.15,120,even,1.7971201164849,-0.55312132986388,1.88031295232985,0.00266831888622321,1
0.15,121,odd,1.80050862860781,-0.556255863635127,1.88447643967258,0.0006751582009904,1
0.15,122,even,1.85765593294335,-0.569146615945105,1.94288082254615,0.00524833533436608,1
0.15,123,odd,1.86085021379822,-0.574231507398646,1.94743512377652,0.00133452752391927,1
0.15,124,even,1.91956959197096,-0.584870577263839,2.00667594848895,0.00852339864397755,1
0.15,125,odd,1.92193382081547,-0.592432237701655,2.01116920602805,0.00199814590608116,1
0.15,126,even,1.98333135703309,-0.600044026312001,2.07207395006234,0.0128705390906352,1
0.15,127,odd,1.98375258246893,-0.610795036045906,2.07565350270973,0.00272418782474049,1
0.15,128,odd,2.04630755900265,-0.629273708413223,2.1408753754456,0.00355709743458443,1
0.15,129,even,2.05047113939361,-0.614474760278161,2.14047960750726,0.0189254947262769,1
0.15,130,odd,2.10959551203448,-0.647838636326917,2.20682297763268,0.00452421333978625,1
0.15,131,even,2.12429016172031,-0.564767758942654,2.19631218982034,0.0882274196006243,1
0.15,132,even,2.12439825925907,-0.633109612718492,2.21661185809496,0.0229698979610756,1
0.15,133,odd,2.17360123114743,-0.666475017160984,2.27347740372951,0.00563518204352753,1
0.15,134,even,2.19357358237356,-0.659168297967083,2.29039843646327,0.0185177908671135,1
0.15,135,odd,2.23829353565781,-0.685183734542155,2.34080912682076,0.00687994486286381,1
0.15,136,even,2.25979766478288,-0.683244102265195,2.36077960550947,0.0150878510356413,1
0.15,137,odd,2.30362496172762,-0.703986977047625,2.40877936014298,0.00822327771713893,1
0.15,138,even,2.32611467549902,-0.706079476630846,2.43088298024806,0.0128704013732873,1
0.15,139,odd,2.36953792625186,-0.722938756179311,2.47734905394502,0.0095965644766548,1
0.15,140,even,2.39307233598347,-0.728328628494078,2.501425150492,0.0114023164101678,1
0.15,141,odd,2.43598275901532,-0.742135988792085,2.54649939734686,0.0108925383812781,1
0.15,142,even,2.46081465285354,-0.750301770497302,2.57263536512168,0.0104297955549122,1
0.15,143,odd,2.50295004453635,-0.761717370363179,2.61626238271139,0.011975916115643,1
0.15,144,even,2.52938740044547,-0.772166452616298,2.64460686843424,0.00980629944320499,1
0.15,145,odd,2.57050392606188,-0.78183313356881,2.68674368521448,0.0127221305478933,1
0.15,146,even,2.59880467958464,-0.794025553196379,2.71738353409257,0.00943771171666397,1
0.15,147,odd,2.63878410574661,-0.802588443238287,2.7581078457542,0.0130719986888438,1
0.15,148,even,2.66906897472937,-0.815949777796488,2.79098863051173,0.00925721898247756,1
0.15,149,odd,2.70795927438083,-0.824000112478948,2.83052098941085,0.0130593099007706,1
0.15,150,even,2.74017891052074,-0.837992725123164,2.86543668326201,0.00921320999417163,1
0.15,151,odd,2.77816480449439,-0.846004464216372,2.90409362463964,0.0127849025343851,1
0.15,152,even,2.81213302646963,-0.860198307174336,2.94073927396755,0.0092633024137635,1
0.15,153,odd,2.8494722296255,-0.868502478350915,2.97886482759949,0.012364513710026,1
0.15,154,even,2.88493197093638,-0.882604317148579,3.01690819068452,0.00937158262319904,1
0.15,155,odd,2.92189753143995,-0.891401029535374,3.05482234573704,0.011891832375116,1
0.15,156,even,2.95857980111849,-0.905243817541196,3.09395708003715,0.00950766379813361,1
0.15,157,odd,2.99542447062841,-0.914631079036767,3.1319302627069,0.0114280147063917,1
0.15,158,even,3.03308451371132,-0.928145257162609,3.17190198875865,0.009646730936967,0
0.15,159,odd,3.07002411125056,-0.938148585955829,3.21014791997378,0.0110065834268676,0
0.15,160,even,3.10845779806722,-0.951331970343761,3.25076097988018,0.00976994634172446,0
0.15,161,odd,3.14566593619974,-0.961928803620085,3.28943885029038,0.0106421615140775,0
0.15,162,even,3.18471408065509,-0.974821605850331,3.33055305110075,0.00986471281562962,0
0.15,163,odd,3.2223227197427,-0.98596004106955,3.36977358900536,0.0103378720143692,0
0.15,164,even,3.26186908780842,-0.998625903138524,3.41129669560711,0.00992446267713565,0
0.15,165,odd,3.29997204691956,-1.01023883654706,3.45112969927047,0.0100903979971055,0
0.15,166,even,3.33993827461848,-1.02275102859441,3.49300850050357,0.0099478722443862,0
0.15,167,odd,3.37859634673394,-1.03476665446972,3.53349082763656,0.00989314786670958,0
0.15,168,even,3.41893547192174,-1.04719845075936,3.57570211287655,0.00993762585787339,0
0.15,169,odd,3.45818237714284,-1.0595477247768,3.61684557352927,0.00973816731656352,0
0.15,170,even,3.49887198870491,-1.07196615717576,3.65938774189182,0.00989898812589241,0
0.15,171,odd,3.53872056611066,-1.08458764222213,3.70118644579656,0.00961728274424289,0
0.15,172,even,3.57975623894741,-1.09704995151909,3.74407218563223,0.00983845445129816,0
0.15,173,odd,3.62020435926938,-1.10989245373031,3.78650896979986,0.00952278035385379,0
0.15,174,even,3.66159381843195,-1.12244461026538,3.82975924629633,0.00976266872400622,0
0.15,175,odd,3.70262961950094,-1.13546806382239,3.87281093810465,0.00944779673898077,0
0.15,176,even,3.74438788223101,-1.14814477236745,3.9164503537422,0.00967768493568855,0
0.15,177,odd,3.78599408719315,-1.16131985748944,3.9600917833946,0.00938651966011395,0
0.15,178,even,3.82813966633544,-1.17414552990934,4.00414523836866,0.00958855705780581,0
0.15,179,odd,3.87029690144928,-1.18745248070995,4.04835205620419,0.00933425623209927,0
0.15,180,even,3.91284903062322,-1.20044275239343,4.09284254566653,0.0094991896965817,0
0.15,181,odd,3.95553818316602,-1.2138697400828,4.13759299695732,0.00928740559953156,0
0.15,182,even,3.99851494654945,-1.22703320716552,4.18254033771469,0.00941236716871208,0
0.15,183,odd,4.04171868245732,-1.24057459279111,4.22781619617259,0.00924336433129547,0
0.15,184,even,4.08513589346362,-1.25391454250903,4.27323646680046,0.00932988677190427,0
0.15,185,odd,4.12883949259826,-1.26756920220296,4.31902333761454,0.00920038876781781,0
0.15,186,even,4.17271015555771,-1.28108519015506,4.36492883029467,0.0092527396747446,0
0.15,187,odd,4.21690183032051,-1.29485503665152,4.41121601759347,0.00915743572563099,0
0.15,188,even,4.26123602749315,-1.30854422958719,4.45761552699396,0.00918130131812389,0
0.15,189,odd,4.30590687885861,-1.32243299135925,4.50439563105284,0.00911399963575632,0
0.15,190,even,4.35071194395685,-1.33629124276912,4.55129493795945,0.00911550848574594,0
0.15,191,odd,4.39585568677206,-1.35030351677975,4.59856331283793,0.00906996003397653,0
0.15,192,even,4.44113655015883,-1.36432617687122,4.6459657532986,0.00905501127984842,0
0.15,193,odd,4.48674911311697,-1.37846674068646,4.69371992139604,0.00902544872209043,0
0.15,194,even,4.53250872919552,-1.39264922454,4.74162696292362,0.00899929559064749,0
0.15,195,odd,4.57858780839971,-1.40692257561568,4.78986605233233,0.00898074149513106,0
0.15,196,even,4.62482759989063,-1.42126072579524,4.83827782549737,0.00894777617941189,0
0.15,197,odd,4.67137222088139,-1.43567080721232,4.88700207054075,0.00893617560456383,0
0.15,198,even,4.7180924960827,-1.45016109213003,4.93591782621602,0.00889986306761537,0
0.15,199,odd,4.76510261891637,-1.46471116223762,4.98512815164243,0.00889209138948011,0
0.15,200,even,4.81230293579468,-1.47935075126432,5.03454663102918,0.00885500520482818,0
0.15,201,odd,4.85977912168805,-1.4940433573051,5.08424432575119,0.00884879480042877,0
0.15,202,even,4.90745858647062,-1.50883010983748,5.13416404240418,0.00881271583662624,0
0.15,203,odd,4.95540173258827,-1.52366713083292,5.18435051880466,0.00880653673843601,0
0.15,204,even,5.0035592305623,-1.53859953081338,5.23476995977242,0.00877258392046909,0
0.15,205,odd,5.0519703712834,-1.55358226137647,5.28544658861583,0.00876550501741624,0
0.15,206,even,5.10060473419641,-1.56865932230076,5.3363643462922,0.00873427554657003,0
0.15,207,odd,5.14948490205354,-1.58378857562568,5.38753235430991,0.00872582509882847,0
0.15,208,even,5.19859502043325,-1.59900973470641,5.43894720246049,0.00869752875495289,0
0.15,209,odd,5.24794515720881,-1.61428594910867,5.49060761890268,0.00868756633945145,0
0.15,210,even,5.29753004771388,-1.62965096352695,5.54251854634772,0.00866214449906155,0
0.15,211,odd,5.34735095527079,-1.64507430219742,5.59467218548949,0.0086507511802969,0
0.15,212,even,5.39740979344784,-1.66058315555774,5.64707839975339,0.00862797586399178,0
0.15,213,odd,5.44770211419359,-1.67615359348638,5.69972586791909,0.00861536537935725,0
0.15,214,even,5.4982342422754,-1.69180641679079,5.75262677932656,0.00859491705259119,0
0.15,215,odd,5.54899846024426,-1.70752381209126,5.80576849700152,0.00858136799319964,0
0.15,216,even,5.60000337830783,-1.72332082074075,5.85916369161323,0.00856289313820691,0
0.15,217,odd,5.65123983332095,-1.73918496994483,5.912799923312,0.00854870030868016,0
0.15,218,even,5.70271718055614,-1.75512641634833,5.96668913102481,0.00853185116330102,0
0.15,219,odd,5.75442608952009,-1.77113709477192,6.02082001756748,0.00851729331284656,0
0.15,220,even,5.80637562076907,-1.78722323495091,6.07520307983267,0.00850175284133203,0
0.15,221,odd,5.85855710170817,-1.80338022411627,6.12982866940758,0.00848707356826717,0
0.15,222,even,5.91097866297404,-1.81961129607167,6.1847055094404,0.00847256889045256,0
0.15,223,odd,5.96363275875509,-1.83591440056265,6.23982578525034,0.00845796755097661,0
0.15,224,even,6.01652626412354,-1.85229061197077,6.29519638234625,0.00844427487669375,0
0.15,225,odd,6.06965296396386,-1.86873966814061,6.35081128572922,0.0084299046220071,0
0.15,226,even,6.12301837537112,-1.88526119102765,6.40667565436171,0.00841684835973666,0
0.15,227,odd,6.17661763310553,-1.90185606979689,6.46278510306884,0.0084028188614369,0
0.15,228,even,6.23045494362099,-1.91852304009976,6.51914327678897,0.00839026709754775,0
0.15,229,odd,6.28452669235671,-1.93526364577186,6.5757471786349,0.00837665000984744,0
0.15,230,even,6.33883591310209,-1.9520761660371,6.63259919837221,0.00836450806459466,0
0.15,231,odd,6.39338007633578,-1.96896243269576,6.68969746079089,0.00835134375146152,0
0.15,232,even,6.44816122680803,-1.98592057653919,6.74704336692651,0.008339547058692,0
0.15,233,odd,6.50317772635504,-2.00295246322478,6.80463590312089,0.00832685154521795,0
0.15,234,even,6.55843082771381,-2.02005628052809,6.86247573061045,0.00831535870425171,0
0.15,235,odd,6.61391958894586,-2.03723376605552,6.92056246302479,0.00830313017514772,0
0.15,236,even,6.6696446597347,-2.05448328818841,6.978896238854,0.00829191669735296,0
0.15,237,odd,6.72560561466919,-2.07180636618146,7.03747710065775,0.00828014115382625,0
0.15,238,even,6.78180266842731,-2.08920161079734,7.09630484297805,0.0082691941753692,0
0.15,239,odd,6.83823575719632,-2.10667028528389,7.15537977816751,0.00825785007726676,0
0.15,240,even,6.89490480145694,-2.12421126043917,7.21470149655648,0.00824716412778548,0
0.15,241,odd,6.95180997262716,-2.14182554217567,7.2742704591743,0.00823622599948637,0
0.15,242,even,7.00895100886681,-2.15951224967237,7.33408615557507,0.00822579979378002,0
0.15,243,odd,7.06632821900581,-2.17727215324134,7.39414910843807,0.00821524086892733,0
0.15,244,even,7.12394124319023,-2.19510459119507,7.45445877843968,0.00820507501501666,0
0.15,245,odd,7.1817904559927,-2.21301013283636,7.51501569166329,0.00819486905011946,0
0.15,246,even,7.23987545944582,-2.23098829753554,7.57581932588034,0.00818496452987238,0
0.15,247,odd,7.29819664465438,-2.24903949362405,7.63687017539769,0.00817508693972524,0
0.15,248,even,7.35675361505293,-2.26716338078111,7.69816776079023,0.00816544420743748,0
0.15,249,odd,7.41554674733845,-2.28536024684035,7.75971252699099,0.00815587267659801,0
0.15,250,even,7.47457566969902,-2.30362985234811,7.82150404803108,0.00814649122809241,0
0.15,251,odd,7.53384072760738,-2.32197240248463,7.88354271458812,0.0081372059399385,0
0.15,252,even,7.59334158518578,-2.34038772278927,7.94582815422919,0.00812808422207301,0
0.15,253,odd,7.65307855021249,-2.35887596943958,8.00836070713974,0.00811906782709126,0
0.15,254,even,7.71305132527564,-2.37743700163091,8.07114004758071,0.00811020337959967,0
0.15,255,odd,7.77326018109581,-2.39607095552676,8.13416647442045,0.00810144080102138,0
0.15,256,even,7.83370485555638,-2.41477769723136,8.19743969768045,0.00809283054614163,0
0.15,257,odd,7.8943855874143,-2.43355736750552,8.26095998705162,0.00808430869850119,0
0.15,258,even,7.95530214333869,-2.45240981665262,8.32472707538608,0.0080759493147613,0
0.15,259,odd,8.01645473758557,-2.4713352110247,8.38874121653079,0.00806765678973553,0
0.15,260,even,8.07784315759855,-2.49033336553961,8.45300215272739,0.0080595451244414,0
0.15,261,odd,8.13946760135917,-2.50940449053776,8.5175101352747,0.00805147188056754,0
0.15,262,even,8.20132786897595,-2.52854834800564,8.58226490287129,0.00804360536911197,0
0.15,263,odd,8.26342414992094,-2.54776520919315,8.64726671668654,0.00803574244798932,0
0.15,264,even,8.32575624983711,-2.5670547665269,8.71251530014996,0.00802811951684079,0
0.15,265,odd,8.38832435603732,-2.58641736871467,8.77801093525855,0.00802045879713331,0
0.15,266,even,8.45112827440759,-2.60585262185567,8.84375332016247,0.00801307923206807,0
0.15,267,odd,8.51416819424884,-2.62536096928948,8.90974276672363,0.00800561322540805,0
0.15,268,even,8.57744391897767,-2.64494191296659,8.97597893995503,0.00799847848766078,0
0.15,269,odd,8.6409556411171,-2.664596009485,9.0424621882669,0.00799120017489097,0
0.15,270,even,8.70470316217595,-2.68432263705633,9.10919213828233,0.00798431364607222,0
0.15,271,odd,8.76868667552413,-2.70412248621847,9.17616917880256,0.0079772163498677,0
0.15,272,even,8.83290598529916,-2.72399478962003,9.24339289594518,0.00797058348374824,0
0.15,273,odd,8.89736127901625,-2.74394039480596,9.31086371931695,0.00796366077163269,0
0.15,274,even,8.96205237267614,-2.76395836462888,9.37858119619069,0.00795728912909599,0
0.15,275,odd,9.02697943617239,-2.78404972911547,9.44654579326562,0.00795053474106,0
0.15,276,even,9.09214231203213,-2.80421335482933,9.51475702514879,0.00794443388425625,0
0.15,277,odd,9.15754113496704,-2.82445048184537,9.58321538700239,0.00793784167990053,0
0.15,278,even,9.22317579480699,-2.84475975217441,9.65192037226363,0.00793202290709605,0
0.15,279,odd,9.28904636708254,-2.86514264493806,9.72087249019991,0.00792558682782474,0
0.15,280,even,9.35515281637443,-2.88559754838391,9.79007123066854,0.00792006274084356,0
0.15,281,odd,9.42149512812047,-2.90612621012492,9.85951709621266,0.0079137767843207,0
0.15,282,even,9.48807337610193,-2.9267267356072,9.92920959743926,0.00790856069857249,0
0.15,283,odd,9.55488741765383,-2.94740116957574,9.99914920231874,0.0079024189037038,0
0.15,284,even,9.62193747719769,-2.9681473071382,10.0693354736589,0.0078975241349224,0
0.15,285,odd,9.68922323906673,-2.98896751660074,10.1397688097741,0.00789152057702402,0
0.15,286,even,9.75674512630138,-3.00985925810338,10.2104488642304,0.00788695966791142,0
0.15,287,odd,9.82450259914123,-3.03082524632666,10.2813759236178,0.00788108846412472,0
0.15,288,even,9.89249633280548,-3.05186258601946,10.3525497773928,0.00787687244559043,0
0.15,289,odd,9.96072550737713,-3.07297435624277,10.4239705521834,0.00787112777097976,0
0.15,290,even,10.0291911079267,-3.09415729109929,10.4956382239248,0.00786726557937367,0
0.15,291,odd,10.0978919750669,-3.11541484649604,10.5675527063023,0.0078616416943289,0
0.15,292,even,10.1668294635964,-3.13674337617957,10.6397142160631,0.00785813988521022,0
0.15,293,odd,10.2360020141927,-3.15814671980959,10.7121223982265,0.00785263117367441,0
0.15,294,even,10.3054114112857,-3.17962084615471,10.784777766213,0.00784949407723889,0
0.15,295,odd,10.3750556362636,-3.20116998091054,10.8576796403476,0.00784409509414186,0
0.15,296,even,10.4449369609267,-3.22278970683049,10.9308288855786,0.00784132554414452,0
0.15,297,odd,10.51505285125,-3.24448463538087,11.0042244438406,0.00783603106955999,0
0.15,298,even,10.5854061201243,-3.26624996315437,11.0778675828872,0.00783363180680263,0
0.15,299,odd,10.6559936668114,-3.28809068789005,11.1517568174028,0.00782843690255319,0
0.15,300,even,10.726818893863,-3.31000161683112,11.2258938634046,0.0078264127096217,0
0.15,301,odd,10.7978780880181,-3.33198813981755,11.3002767662856,0.00782131277361042,0
0.15,302,even,10.869175284906,-3.35404466337978,11.3749077284463,0.00781967335003131,0
0.15,303,odd,10.9407061177613,-3.37617698632116,11.44978429182,0.00781466416307364,0
0.15,304,even,11.0124752950488,-3.39837908871676,11.5249091755655,0.00781342771315918,0
0.15,305,odd,11.0844777580136,-3.42065721293441,11.6002793916156,0.00780850547427381,0
0.15,306,even,11.1567189273523,-3.44300486534797,11.6758981995616,0.00780770296973943,0
0.15,307,odd,11.2291930120631,-3.46542879177298,11.751762060573,0.00780286431775323,0
0.15,308,even,11.3019061894521,-3.48792194820886,11.8278747944114,0.00780254442796702,0
0.15,309,odd,11.3748518878149,-3.5104916773864,11.904232292813,0.00779778645019125,0
0.15,310,even,11.4480370980486,-3.53313027011245,11.9808389562145,0.00779802120937756,0
0.15,311,odd,11.5214544022717,-3.55584580221152,12.0576900846124,0.00779334144175747,0
0.15,312,even,11.5951116847649,-3.5786297366676,12.1347906872871,0.00779423283453307,0
0.15,313,odd,11.6690005873776,-3.60149107148747,12.2121354384849,0.00778962926107374,0
0.15,314,even,11.7431300037181,-3.62442022045177,12.289730001673,0.00779131702749147,0
0.15,315,odd,11.8174904975807,-3.64742735741616,12.3675683686798,0.00778678808881939,0
0.15,316,even,11.8920921414089,-3.67050155422074,12.4456569325859,0.00778945912553652,0
0.15,317,odd,11.9669242197213,-3.69365449235186,12.5239889086162,0.00778500374619329,0
0.15,318,even,12.0419982298448,-3.71687352307436,12.6025715426297,0.00778890344144934,0
0.15,319,odd,12.1173018861679,-3.74017226094476,12.6813971211101,0.00778452108222627,0
0.15,320,even,12.192848464117,-3.76353585583508,12.7604739380438,0.00778996669442833,0
0.15,321,odd,12.268623692423,-3.78698039150391,12.8397931126423,0.00778565742818937,0
0.15,322,even,12.3446431258419,-3.81048821647146,12.9193642885626,0.00779305313094003,0
0.15,323,odd,12.4208899206081,-3.83407854742233,12.9991770532595,0.00778881772961437,0
0.15,324,even,12.4973826137963,-3.85773019719762,13.0792428546431,0.00779867017029989,0
0.15,325,odd,12.5741009701489,-3.88146632030828,13.1595492038594,0.00779451017633948,0
0.15,326,even,12.6510674825782,-3.90526131582823,13.2401100236175,0.00780744235668918,0
0.15,327,odd,12.7282573964771,-3.92914322741159,13.3209099524042,0.0078033600986025,0
0.15,328,even,12.805698489058,-3.95308102089402,13.4019663555814,0.00782012019927647,0
0.15,329,odd,12.8833599574961,-3.97710871685672,13.4832598598558,0.00781611869892451,0
0.15,330,even,12.96127664468,-4.00118870868522,13.564812638396,0.00783757934628637,0
0.15,331,odd,13.0394096658416,-4.02536218484599,13.646599715188,0.00783366206162084,0
0.15,332,even,13.1178032693736,-4.04958375647501,13.7286499490096,0.00786080477715556,0
0.15,333,odd,13.196407842671,-4.0739030090717,13.810930596646,0.0078569751286528,0
0.15,334,even,13.2752800401301,-4.09826557536685,13.8934797154826,0.00789085467111272,0
0.15,335,odd,13.354356166021,-4.12273060175514,13.9762539336191,0.00788711532019848,0
0.15,336,even,13.4337090246165,-4.14723368426048,14.0593037709576,0.00792879967811722,0
0.15,337,odd,13.5132567040892,-4.17184448377051,14.1425715603405,0.0079251515568326,0
0.15,338,even,13.593092688065,-4.19648780326535,14.2261243878477,0.00797563571375992,0
0.15,339,odd,13.6731119216949,-4.2212443781403,14.3098857496895,0.00797207684914714,0
0.15,340,even,13.7534338608113,-4.24602796070841,14.3939442784471,0.00803217213770147,0
0.15,341,odd,13.833924647319,-4.27093031700861,14.4781992133165,0.00802869636198711,0
0.15,342,even,13.9147356548564,-4.29585460322256,14.5627665477528,0.0080989019243578,0
0.15,343,odd,13.995697989155,-4.32090275154886,14.6475150539229,0.0080954976069183,0
0.15,344,even,14.0770013211285,-4.34596869413044,14.7325945861766,0.0081758654914772,0
0.15,345,odd,14.1584351919183,-4.37116265001118,14.8178366574413,0.00817251445821832,0
0.15,346,even,14.2402340446991,-4.39637178251236,14.9034318943179,0.00826252419907902,0
0.15,347,odd,14.3221394317523,-4.42171156631643,14.9891675173723,0.00825920101312594,0
0.15,348,even,14.4044366825218,-4.44706602497827,15.0752818388506,0.00835766204650579,0
0.15,349,odd,14.4868135538727,-4.47255166126015,15.1615109904131,0.00835433380358985,0
0.15,350,even,14.5696114562516,-4.49805414488194,15.248147347009,0.00845933385849129,0
0.15,351,odd,14.6524597655767,-4.52368566113097,15.3348699909486,0.00845596060747855,0
0.15,352,even,14.7357596200643,-4.549339319519,15.4220305559079,0.00856487488287261,0
0.15,353,odd,14.819079304567,-4.57511674435817,15.5092466406914,0.00856141072151129,0
0.15,354,even,14.9028811288952,-4.60092499397481,15.5969324405878,0.00867098058634319,0
0.15,355,odd,14.9866721080294,-4.62684835492453,15.6846418973994,0.00866737542039253,0
0.15,356,even,15.0709743354979,-4.65281462937711,15.7728524502071,0.00877385763268546,0
0.15,357,odd,15.1552365108559,-4.67888395034899,15.8610551921009,0.00877005953707677,0
0.15,358,even,15.2400357452972,-4.70501140176243,15.9497881848537,0.00886943912075466,0
0.15,359,odd,15.3247690019759,-4.73122670047806,16.0384841072955,0.00886539720916879,0
0.15,360,even,15.4100598571441,-4.75751787425938,16.1277351465357,0.00895365069958043,0
0.15,361,odd,15.4952640668849,-4.78387915979483,16.2169241296774,0.00894931839831514,0
0.15,362,even,15.5810391173149,-4.81033566914497,16.3066865983205,0.0090227102706999,0
0.15,363,odd,15.6667141437077,-4.83684293979866,16.396368511342,0.00901804889341484,0
0.15,364,even,15.7529640151167,-4.86346516772134,16.4866335669788,0.00907344296034651,0
0.15,365,odd,15.8391097211292,-4.89011840939789,16.5768082748025,0.00906842547705722,0
0.15,366,even,15.9258233525755,-4.91690526579032,16.6675650283646,0.00910359442177011,0
0.15,367,odd,16.012439610614,-4.94370445109814,16.7582324010009,0.00909820929413652,0
0.15,368,even,16.0996047284529,-4.97065321206023,16.8494683220601,0.00911212824775642,0
0.15,369,odd,16.1866914330171,-4.99759830033627,16.9406282467038,0.00910638314520007,0
0.15,370,even,16.2742952877623,-5.02470455727187,17.0323298523814,0.00909949606964844,0
0.15,371,odd,16.3618523704712,-5.05179549576065,17.1239822481154,0.00909342118344014,0
0.15,372,even,16.449882800442,-5.07905324362158,17.2161361453009,0.00906787089796346,0
0.15,373,odd,16.5379102467096,-5.10628997001806,17.3082809797784,0.00906152143996319,0
0.15,374,even,16.6263571445224,-5.13369186628715,17.4008753426573,0.0090213355830695,0
0.15,375,odd,16.7148550103943,-5.16107431275539,17.4935126493736,0.00901479292196861,0
0.15,376,even,16.8037122782116,-5.18861213861224,17.5865392236318,0.00896602119847056,0
0.15,377,odd,16.8926807048194,-5.21614023714993,17.6796691173191,0.00895939200663776,0
0.15,378,even,16.9819487943247,-5.24380558445835,17.773125849692,0.00891020049743219,0
0.15,379,odd,17.0713880161719,-5.27147927302646,17.8667485360464,0.00890361334354051,0
0.15,380,even,17.1610771750624,-5.29926445802993,17.9606429458278,0.00886437102322457,0
0.15,381,odd,17.2509875171238,-5.32708368618054,18.0547587204011,0.00885797013862444,0
0.15,382,even,17.3411219539567,-5.35498284583499,18.149112202261,0.00884143230492906,0
0.15,383,odd,17.4315038117097,-5.3829475776972,18.2437214322666,0.00883536882995806,0
0.15,384,even,17.5221272718481,-5.41095783435279,18.3385749273431,0.00885721224554814,0
0.15,385,odd,17.6129810680474,-5.43906804590082,18.4336780095539,0.00885163406546319,0
0.15,386,even,17.7041651077725,-5.46719053574893,18.5291002139409,0.00893191961229078,0
0.15,387,odd,17.7954912194961,-5.4954462023078,18.6246975013012,0.00892696173414809,0
0.15,388,even,17.8873496588395,-5.52368665853953,18.7207988457019,0.00909384840479888,0
0.15,389,odd,17.9791483051096,-5.55208772677255,18.8168905316897,0.00908962650859646,0
0.15,390,even,18.0718677761616,-5.58045613343792,18.9138522630385,0.00938872972962823,0
0.15,391,odd,18.1641388401398,-5.60900246609373,19.0104381954732,0.00938534040852357,0
0.15,392,even,18.2580573363888,-5.63751057224883,19.1085866833661,0.00990531978351594,0
0.15,393,odd,18.3508000282283,-5.66620182893978,19.2056660070868,0.00990285480651831,0
0.15,394,even,18.4466629718665,-5.69485225321189,19.3057141544012,0.010861495985572,0
0.15,395,odd,18.5398749154678,-5.72368754864512,19.4032843378114,0.0108600989198484,0
0.15,396,even,18.6400862027234,-5.75238736559576,19.5075012129854,0.0130565768752495,0
0.15,397,odd,18.7337590008817,-5.78136365439665,19.6055533339592,0.0130566755346031,0
0.15,398,even,18.8647070746899,-5.79960016774264,19.7360420652417,0.0343324707344728,0
0.15,399,odd,18.9586572126311,-5.82879719528833,19.8344243717895,0.0342036491263196,0
0.20,0,even,-0.297959637861127,4.4744069560565e-12,-0.274439000222852,-0.116030948246645,1
0.20,1,odd,0.000512881164535738,-0.000233927772605131,0.000563490600640489,-1.57364138657256e-05,1
0.20,2,even,0.000512881168649948,-0.000233927775689052,0.000563490605630863,-1.57364151040559e-05,1
0.20,3,odd,0.002051443530503,-0.000935563162340904,0.00225383007314971,-6.28409972699119e-05,1
0.20,4,even,0.00205144354710481,-0.000935563174985567,0.00225383009336505,-6.28410024513706e-05,1
0.20,5,odd,0.00461544378229473,-0.00210446392392322,0.00507062209058735,-0.000141001166891949,1
0.20,6,even,0.00461544382025721,-0.00210446395353354,0.00507062213708393,-0.000141001179381577,1
0.20,7,odd,0.00820447662554283,-0.00373989809878497,0.00901320831402803,-0.000249700573307422,1
0.20,8,even,0.0082044766945695,-0.00373989815443101,0.0090132083992754,-0.00024970059768057,1
0.20,9,odd,0.0128179751600982,-0.00584085164494714,0.0140806717073104,-0.000388225983319516,1
0.20,10,even,0.0128179752710475,-0.00584085173825721,0.0140806718458382,-0.00038822602605806,1
0.20,11,odd,0.0184552114560053,-0.00840603902441875,0.0202718411904727,-0.000555676807304968,1
0.20,12,even,0.0184552116212489,-0.00840603917074092,0.0202718413996526,-0.000555676877727718,1
0.20,13,odd,0.0251152973924795,-0.0114339166461472,0.0275852976474332,-0.000750977154278376,1
0.20,14,even,0.0251152976261786,-0.0114339168660849,0.0275852979483321,-0.000750977265847681,1
0.20,15,odd,0.0327971858443464,-0.0149226990227741,0.0360193813105107,-0.000972890251228082,1
0.20,16,even,0.0327971861627019,-0.0149226993442636,0.0360193817289294,-0.000972890423366077,1
0.20,17,odd,0.0414996723292263,-0.0188703774525839,0.045572200552675,-0.00122003500888703,1
0.20,18,even,0.0414996727505394,-0.0188703779137316,0.0455722011203094,-0.00122003526956517,1
0.20,19,odd,0.0512213972597476,-0.0232747409830789,0.0562416421255736,-0.00149090445341058,1
0.20,20,even,0.0512213978041873,-0.0232747416360395,0.0562416428813106,-0.0014909048428123,1
0.20,21,odd,0.061960848976669,-0.0281333993493191,0.0680253828858325,-0.00178388567283285,1
0.20,22,even,0.0619608496654633,-0.0281334002656199,0.0680253838770784,-0.00178388624857271,1
0.20,23,odd,0.0737163677670012,-0.03344380750921,0.0809209030504826,-0.00209728085083368,1
0.20,24,even,0.0737163686206401,-0.033443808787051,0.0809209043343508,-0.00209728169538055,1
0.20,25,odd,0.086486151091477,-0.0392032913206638,0.0949255010109356,-0.00242932888129681,1
0.20,26,even,0.0864861521262297,-0.0392032930949105,0.09492550265493,-0.00242933011253454,1
0.20,27,odd,0.10026826025246,-0.045409073824995,0.110036309709771,-0.00277822698031505,1
0.20,28,even,0.100268261474057,-0.045409076280803,0.110036311791273,-0.00277822876655173,1
0.20,29,odd,0.115060628720547,-0.0520583015214242,0.126250314541821,-0.00314215164407834,1
0.20,30,even,0.11506063011317,-0.0520583049126688,0.126250317145124,-0.00314215422530865,1
0.20,31,odd,0.130861072300206,-0.0591480699454458,0.143564372678023,-0.00351927824942579,1
0.20,32,even,0.130861073807829,-0.0591480746194108,0.143564375886763,-0.00351928196733654,1
0.20,33,odd,0.147667301248095,-0.0666754478073773,0.161975233627129,-0.00390779856782521,1
0.20,34,even,0.14766730274338,-0.0666754542372432,0.161975237508286,-0.00390780390783229,1
0.20,35,odd,0.165476934360559,-0.074637498916126,0.181479560748668,-0.00430593547257008,1
0.20,36,even,0.165476935593757,-0.0746375077426641,0.181479565321735,-0.00430594312211997,1
0.20,37,odd,0.184287514922924,-0.0830313011181305,0.202073953318383,-0.0047119541717522,1
0.20,38,even,0.184287515438777,-0.0830313132009047,0.202073958498768,-0.00471196509984187,1
0.20,39,even,0.204096527274016,-0.0918539780080647,0.223754974133898,-0.0051241849652278,1
0.20,40,odd,0.204096528269918,-0.091853961532499,0.223754968635297,-0.00512416940240433,1
0.20,41,even,0.224901416704415,-0.101102649806915,0.246519148713246,-0.00554097025158296,1
0.20,42,odd,0.224901420558203,-0.101102627469004,0.246519143564028,-0.00554094817626845,1
0.20,43,even,0.246699609273374,-0.110774522613429,0.270363018303611,-0.00596073901709099,1
0.20,44,odd,0.246699618216298,-0.11077449258011,0.270363014845064,-0.00596070787203348,1
0.20,45,even,0.269488529773491,-0.120866837899012,0.295283136760269,-0.00638195332166167,1
0.20,46,odd,0.269488547434519,-0.120866798020383,0.295283137497684,-0.00638190971348349,1
0.20,47,even,0.293265620834951,-0.131376880620091,0.32127609130187,-0.00680310833127536,1
0.20,48,odd,0.293265653005783,-0.131376828658756,0.321276100698472,-0.00680304794380489,1
0.20,49,even,0.318028360111133,-0.142301970451632,0.348338514925597,-0.00722271755113371,1
0.20,50,odd,0.318028415834087,-0.142301904696366,0.34833854064353,-0.00722263528698237,1
0.20,51,even,0.343774275488046,-0.153639448738211,0.37646709533449,-0.00763929488396017,1
0.20,52,odd,0.343774368478083,-0.153639369360009,0.376467150072658,-0.0076391855597677,1
0.20,53,even,0.370500957934431,-0.165386661896933,0.405658580309973,-0.00805133433901484,1
0.20,54,odd,0.370501108148013,-0.165386573621052,0.405658684289597,-0.0080511945356205,1
0.20,55,even,0.398206071869394,-0.177540942165938,0.435909779764184,-0.00845728826294881,1
0.20,56,odd,0.398206306557455,-0.177540859028034,0.435909963550778,-0.00845712029603304,1
0.20,57,even,0.426887363230781,-0.190099586674965,0.467217565021138,-0.00885554492053983,1
0.20,58,odd,0.426887715925755,-0.190099539525535,0.467217871513868,-0.00885536414714611,1
0.20,59,even,0.456542665748621,-0.203059835819215,0.499578866173337,-0.00924440613270805,1
0.20,60,odd,0.456543170469002,-0.203059882263584,0.499579349137882,-0.0092442523634316,1
0.20,61,even,0.487169906230687,-0.216418851860714,0.53299066861707,-0.00962206550877784,1
0.20,62,odd,0.487170583671742,-0.216419085878191,0.532991383712299,-0.00962201724517517,1
0.20,63,even,0.518767109919749,-0.230173698596019,0.567450010069001,-0.00998658763297136,1
0.20,64,odd,0.518767944424328,-0.230174253782531,0.567450994898429,-0.00998677402222262,1
0.20,65,even,0.551332407157791,-0.244321322863311,0.602953979502845,-0.0103358884361566,1
0.20,66,odd,0.551333318741021,-0.24432236232482,0.602955223911979,-0.0103364908563763,1
0.20,67,even,0.584864042664134,-0.258858538673272,0.639499719515358,-0.010667716966335,1
0.20,68,odd,0.584864863508761,-0.258860229740751,0.639501134096021,-0.0106689548906739,1
0.20,69,even,0.619360388668617,-0.273782014894596,0.677084433627306,-0.0109796389319549,1
0.20,70,odd,0.619360851299079,-0.273784495230502,0.677085825626476,-0.010981743315822,1
0.20,71,odd,0.620970951022402,-5.82665793872843e-05,0.571974811470368,0.241763811295442,1
0.20,72,odd,0.654819697739856,-0.289091611387161,0.715706457774665,-0.0112722057372485,1
0.20,73,even,0.654819962876166,-0.289088267753633,0.715705399909153,-0.0112690227978846,1
0.20,74,odd,0.691239985406502,-0.304777843553355,0.755360270662005,-0.0115374542788536,1
0.20,75,even,0.691241451669143,-0.304773659928875,0.755359991999221,-0.0115330299159639,1
0.20,76,odd,0.728620487254398,-0.320839268216088,0.796044606217631,-0.0117743529795395,1
0.20,77,even,0.728623737900686,-0.320834408664091,0.79604570786245,-0.0117686111744576,1
0.20,78,odd,0.766960197228254,-0.337271768950011,0.837756934791724,-0.0119795021368661,1
0.20,79,even,0.766965930853735,-0.337266605851592,0.837760205205281,-0.0119725138293736,1
0.20,80,odd,0.806258373656884,-0.354071034248466,0.880494894280106,-0.0121492194105888,1
0.20,81,even,0.80626739319547,-0.354066252912554,0.880501339885376,-0.0121413031348167,1
0.20,82,odd,0.846514597404971,-0.371232563532219,0.924256346025482,-0.0122795227117062,1
0.20,83,even,0.84652775604236,-0.371229311536488,0.924267199546328,-0.0122714032105271,1
0.20,84,odd,0.887728844543226,-0.388751687882439,0.969039449824886,-0.0123661209997018,1
0.20,85,even,0.887746909303664,-0.388751766460508,0.969056119170832,-0.0123591586258321,1
0.20,86,odd,0.929901572032684,-0.40662361283418,1.01484275951471,-0.0124044203309179,1
0.20,87,even,0.929924952583874,-0.406629686956685,1.01486665980315,-0.0124009101527433,1
0.20,88,odd,0.973033813139261,-0.424843492418501,1.0616653396867,-0.0123895548996854,1
0.20,89,even,0.973062096656494,-0.424859259513365,1.06169753052714,-0.0123930632353579,1
0.20,90,odd,1.01712727580899,-0.443406546124649,1.10950690184474,-0.012316456458504,1
0.20,91,even,1.01715852296346,-0.443436749687445,1.10954744420125,-0.0123321075669821,1
0.20,92,odd,1.06218443105709,-0.462308232711954,1.15836795350216,-0.0121799799890803,1
0.20,93,even,1.0622142419234,-0.462358347843296,1.15841492687969,-0.0122145301836278,1
0.20,94,odd,1.10820856855584,-0.481544495388453,1.20824994485859,-0.0119751078798471,1
0.20,95,even,1.10822903155161,-0.481619878081846,1.2082981479293,-0.0120365712724658,1
0.20,96,even,1.15520255942001,-0.501216410263786,1.25919488127689,-0.0117938193280688,1
0.20,97,odd,1.15520378221835,-0.501112089204204,1.25915538301465,-0.0116972570891339,1
0.20,98,even,1.20313475984816,-0.521141890724919,1.31110270901886,-0.0114807241336504,1
0.20,99,odd,1.20317482984214,-0.521008989170743,1.31108786162443,-0.0113427097054254,1
0.20,100,even,1.25202644890021,-0.541388945396014,1.36401951120227,-0.011090175931321,1
0.20,101,odd,1.25212679091108,-0.541234849985867,1.36405192473537,-0.010909169640142,1
0.20,102,even,1.30188006225926,-0.561948965181593,1.41794417870013,-0.0106132967193665,1
0.20,103,odd,1.30206443497518,-0.56179143753272,1.41805265306123,-0.0103964060291125,1
0.20,104,even,1.32719707260809,-0.0154473185608111,1.22844492412119,0.502606961343637,1
0.20,105,even,1.35270037205196,-0.582812477024413,1.4728774179499,-0.0100395028806198,1
0.20,106,odd,1.35299123008635,-0.582682874676707,1.47309484640876,-0.00980686575981859,1
0.20,107,even,1.4044951079276,-0.603969717137279,1.52882254623221,-0.00935679130432687,1
0.20,108,odd,1.40490799945666,-0.603915452086456,1.52918171270825,-0.00914602234787709,1
0.20,109,even,1.45727552529084,-0.62541132859828,1.58578628670425,-0.00855216063366859,1
0.20,110,odd,1.45781140740796,-0.625496698685642,1.58631311149762,-0.00842210936547183,1
0.20,111,even,1.51105705012882,-0.647129211687229,1.64377969346146,-0.00761214336997917,1
0.20,112,odd,1.51169271191675,-0.647433484229474,1.64448366604872,-0.00764485858045993,1
0.20,113,even,1.56586013868942,-0.669117728307316,1.70281941237754,-0.00652358044406043,1
0.20,114,odd,1.5665374384543,-0.669729241629659,1.7036813812765,-0.00682306856090042,1
0.20,115,even,1.62171140148457,-0.691375688965758,1.76292949014674,-0.00527501363907101,1
0.20,116,odd,1.62232656224995,-0.692380917999184,1.76388754535661,-0.00596133600629134,1
0.20,117,even,1.67864478421021,-0.713909864476829,1.82414382950478,-0.0038594602112898,1
0.20,118,odd,1.67903924190755,-0.715376682322712,1.82507835487759,-0.0050568798518329,1
0.20,119,odd,1.73665631386254,-0.738695276830813,1.8872278808623,-0.00409758303882246,1
0.20,120,even,1.7367019249139,-0.736741173691673,1.88650892781746,-0.00227997307909145,1
0.20,121,odd,1.78458286924733,-0.173750709263316,1.71137138460574,0.534914301671934,1
0.20,122,odd,1.79516323880185,-0.762307081918605,1.95031119729916,-0.00306182597974247,1
0.20,123,even,1.79592912945733,-0.759914887383009,1.95008506487706,-0.000560217033492183,1
0.20,124,odd,1.85455145138208,-0.786175989582429,2.01430635386553,-0.00191968650268159,1
0.20,125,even,1.85636494629896,-0.783514542889223,2.01494027713687,0.00123787641836348,1
0.20,126,odd,1.91481786370198,-0.81026072740761,2.0791944341807,-0.000634352681739392,1
0.20,127,even,1.9180086309365,-0.807671085520482,2.0811248713705,0.00299340873609311,1
0.20,128,odd,1.97596290767608,-0.834514456948727,2.14495759631454,0.000837484743629324,1
0.20,129,even,1.98076894491107,-0.832539997016812,2.14861535883377,0.00452764182425913,1
0.20,130,odd,2.03798748645654,-0.858881792076759,2.21157510375072,0.00254719148048144,1
0.20,131,even,2.04443831115158,-0.858216987865266,2.21725781980247,0.0056715861676,1
0.20,132,odd,2.10088841983829,-0.883292254814164,2.27901658190921,0.00455844361468449,1
0.20,133,even,2.10876907445517,-0.884644863047606,2.28680187594008,0.00638148038790409,1
0.20,134,even,2.12442189284594,-0.564794982665156,2.17666366619988,0.307078223734859,1
0.20,135,odd,2.16465002521944,-0.907648209332192,2.34722956497454,0.00695506260688383,1
0.20,136,even,2.17360769071807,-0.911637664060131,2.35703368810953,0.00676881071907298,1
0.20,137,odd,2.22922423294469,-0.931803319387452,2.41611279184492,0.00985311385739984,1
0.20,138,even,2.2389344801305,-0.939000079149775,2.42785907202653,0.00700580751961866,1
0.20,139,odd,2.29447468419734,-0.955526749622237,2.48545077621072,0.0134121101858879,1
0.20,140,even,2.30480306935804,-0.966601665212066,2.49927662418348,0.00723350005222567,1
0.20,141,odd,2.36000368309267,-0.978475474782092,2.55474363557912,0.0177931287020193,1
0.20,142,even,2.37127808509829,-0.994377338553441,2.57132052492666,0.00753700118983058,1
0.20,143,odd,2.42468971260048,-1.00045786858888,2.6228837615719,0.0227359295932383,1
0.20,144,even,2.43840781446755,-1.02230366118319,2.64402612245191,0.00795670264023252,1
0.20,145,odd,2.48674377832473,-1.0230509358345,2.68883749582425,0.0260913280262578,1
0.20,146,even,2.5062190892497,-1.05038018621138,2.71741795644162,0.00850346480512509,1
0.20,147,odd,2.54754278065523,-1.04977732948326,2.75524483325576,0.025150936027583,1
0.20,148,even,2.57472012170155,-1.0786201715088,2.79150875374329,0.00916827438028345,1
0.20,149,odd,2.61093523601219,-1.08002464895859,2.82541201220848,0.0219774947656967,1
0.20,150,even,2.64390539642464,-1.10704777317509,2.8663028411668,0.00992673432725044,1
0.20,151,odd,2.67731549578414,-1.11123891029177,2.89870768616095,0.0190769469175054,1
0.20,152,even,2.71376150822943,-1.1356986149664,2.94180174425901,0.0107408127670792,1
0.20,153,odd,2.74578129640901,-1.14254647423149,2.97396060419083,0.0169026095395435,1
0.20,154,even,2.78427441163995,-1.16462110796163,3.01801137844197,0.0115604505773401,1
0.20,155,odd,2.81576950176987,-1.17384635714751,3.05061275870859,0.0153281991815288,1
0.20,156,even,2.85543824462322,-1.19387584546545,3.09494994057001,0.0123275548454609,1
0.20,157,odd,2.88699783676964,-1.20518716032114,3.12842308336315,0.0141990279985855,1
0.20,158,even,2.92726422314426,-1.22353056254964,3.17265413851039,0.0129841051413744,1
0.20,159,odd,2.95931692549208,-1.23663040751319,3.20727795230555,0.013400259132762,1
0.20,160,even,2.99978602326759,-1.25364988697877,3.25118015720951,0.0134836894292525,1
0.20,161,odd,3.03264041684254,-1.26822866843016,3.28711830251869,0.0128498459777926,0
0.20,162,even,3.07305779543887,-1.28428270749643,3.33059691070416,0.013802365371107,0
0.20,163,odd,3.10691445798429,-1.30002496252804,3.36791128482048,0.0124871937083864,0
0.20,164,even,3.14714426576906,-1.31545296041258,3.4109733369286,0.0139432917003168,0
0.20,165,odd,3.18210374140376,-1.33205521405183,3.4496383683973,0.0122654645103017,0
0.20,166,even,3.22210734188413,-1.34715847387846,3.49236561082459,0.0139325767871461,0
0.20,167,odd,3.25818476500103,-1.36435036846558,3.53228995711297,0.012147003574897,0
0.20,168,even,3.29799554627892,-1.37937754776599,3.57480997414156,0.0138091033226495,0
0.20,169,odd,3.33514239678421,-1.39693770458016,3.61586273634928,0.0121007927782983,0
0.20,170,even,3.37483978307604,-1.41207882761072,3.6583226814578,0.0136137853131986,0
0.20,171,odd,3.41296797640158,-1.42984144645579,3.70035816268747,0.0121011477837172,0
0.20,172,even,3.45265472300222,-1.44522990919451,3.74290462661059,0.01338218207026,0
0.20,173,odd,3.49165808235388,-1.46308287989165,3.78578137379865,0.0121271306772397,0
0.20,174,even,3.5314430037952,-1.47880259871324,3.82854725993278,0.013141288990538,0
0.20,175,odd,3.57121351852972,-1.49668019085197,3.87214019206129,0.0121623041255465,0
0.20,176,even,3.61119978380102,-1.5127750300676,3.91523760690562,0.0129093606563382,0
0.20,177,odd,3.65163831372704,-1.53064823131048,3.95944411187504,0.0121945574427502,0
0.20,178,even,3.69191640996918,-1.54713175559888,4.00296168194017,0.0126972556469749,0
0.20,179,odd,3.73293868365581,-1.56499838148893,4.04770328995498,0.0122158292619825,0
0.20,180,even,3.7735829248906,-1.58186286341894,4.09170645378427,0.0125102258182239,0
0.20,181,odd,3.81512200307723,-1.59973861495996,4.13692762396143,0.0122216473037771,0
0.20,182,even,3.85618958973442,-1.61696279475549,4.18146078769281,0.0123495986590809,0
0.20,183,odd,3.89819587959771,-1.63487379678485,4.22712601550803,0.0122104930914286,0
0.20,184,even,3.9397277085042,-1.65242919756493,4.27221575819373,0.0122141541646206,0
0.20,185,odd,3.98216741600607,-1.67040617602064,4.31830588252054,0.0121830610624802,0
0.20,186,even,4.02419000094906,-1.68826194560125,4.36396461056943,0.012101173551903,0
0.20,187,odd,4.0670427111955,-1.70633599097075,4.41047293525133,0.0121415067458155,0
0.20,188,even,4.10957069959869,-1.72446235008633,4.4567025432418,0.012007203146855,0
0.20,189,odd,4.15282660267709,-1.74266209493252,4.50363118279613,0.0120887701400829,0
0.20,190,even,4.19586548458069,-1.76103255040221,4.55042641045949,0.0119285902105963,0
0.20,191,odd,4.23952261506947,-1.77938252570074,4.59778310742496,0.0120280311071017,0
0.20,192,even,4.28307132745828,-1.79797505876726,4.64513440115142,0.0118618415079499,0
0.20,193,odd,4.3271330579508,-1.81649497081445,4.69292993588547,0.011962318956569,0
0.20,194,even,4.37118628920836,-1.83529243370673,4.74082572569572,0.0118038453899239,0
0.20,195,odd,4.41565921296819,-1.85399711011273,4.78907194513961,0.011894269795083,0
0.20,196,even,4.46020930205441,-1.87298705989382,4.83750032924056,0.0117519896153107,0
0.20,197,odd,4.50510155858979,-1.89188683996418,4.88620875669306,0.0118260075197725,0
0.20,198,even,4.55013995549985,-1.91106101451385,4.93515864258761,0.0117042011148234,0
0.20,199,odd,4.59545999475338,-1.9301623971425,4.98433959174976,0.011759117203513,0
0.20,200,even,4.64097830052626,-1.94951600209088,5.03380137646695,0.0116589297709948,0
0.20,201,odd,4.68673404386486,-1.96882240582423,5.08346347464554,0.0116946800797537,0
0.20,202,even,4.73272468090911,-1.98835334106136,5.13342936094011,0.011615095095928,0
0.20,203,odd,4.77892301636682,-2.0078658711066,5.18357938282253,0.0116333439883136,0
0.20,204,even,4.82537959632109,-2.02757398678836,5.23404342827201,0.011572011723664,0
0.20,205,odd,4.87202613754589,-2.04729213930654,5.28468634816633,0.0115754093235627,0
0.20,206,even,4.91894359824472,-2.06717857749715,5.33564433494831,0.0115293065672122,0
0.20,207,odd,4.96604263758613,-2.08710084098444,5.38678351776294,0.0115209165814858,0
0.20,208,even,5.01341721683106,-2.10716749183482,5.43823271672259,0.0114868373200565,0
0.20,209,odd,5.06097180978375,-2.12729182828705,5.48987018311829,0.0114697267405182,0
0.20,210,even,5.10880091482378,-2.14754090926121,5.54180906969495,0.011444618889598,0
0.20,211,odd,5.15681304304313,-2.16786511439114,5.59394578650729,0.0114215896922052,0
0.20,212,even,5.20509506354037,-2.18829886702456,5.6463737503766,0.0114027615658059,0
0.20,213,odd,5.25356583489478,-2.20882081975568,5.69900991203388,0.0113761988156575,0
0.20,214,even,5.30229993556074,-2.22944130981878,5.75192698829307,0.011361422436547,0
0.20,215,odd,5.35122979076364,-2.25015912756046,5.80506226760388,0.0113332317363426,0
0.20,216,even,5.4004157090347,-2.27096813019001,5.85846890568667,0.0113207698482052,0
0.20,217,odd,5.44980461437996,-2.29188024903829,5.91210266259274,0.0112923785230938,0
0.20,218,even,5.49944247918442,-2.3128791992671,5.96599954007804,0.0112809595802221,0
0.20,219,odd,5.54929009326675,-2.33398439828701,6.02013098466981,0.0112533592362909,0
0.20,220,even,5.59938027343712,-2.3551743884311,6.07451886664277,0.0112421207791527,0
0.20,221,odd,5.64968608228427,-2.37647177546338,6.12914717809726,0.0112159329992934,0
0.20,222,even,5.70022906753451,-2.39785358316051,6.1840268184407,0.0112043494796796,0
0.20,223,odd,5.75099248733744,-2.41934255691176,6.2391512248795,0.0111799007458213,0
0.20,224,even,5.80198880080588,-2.44091669057436,6.29452330342086,0.011167707604534,0
0.20,225,odd,5.85320925060357,-2.46259689067857,6.35014312941029,0.0111451035988832,0
0.20,226,even,5.90465938951303,-2.48436364223573,6.40600821780466,0.0111322255791024,0
0.20,227,odd,5.95633633802952,-2.50623489592949,6.46212290672992,0.0111114185387029,0
0.20,228,even,6.0082407377372,-2.52819439365526,6.5184814559201,0.0110979070282888,0
0.20,229,odd,6.06037372938744,-2.55025666496055,6.57509057414909,0.0110787526779039,0
0.20,230,even,6.11273274569233,-2.5724089217219,6.63194291685829,0.0110647343802532,0
0.20,231,odd,6.16532141084976,-2.59466226672157,6.68904614578207,0.011047037124793,0
0.20,232,even,6.21813531562333,-2.61700722103713,6.74639250847852,0.0110326745397296,0
0.20,233,odd,6.27117936983389,-2.63945175101514,6.80398962943357,0.0110162211082634,0
0.20,234,even,6.32444835560979,-2.66198929987839,6.86183014933987,0.011001684087204,0
0.20,235,odd,6.37794759175568,-2.68462515276842,6.91992102527198,0.0109862667789145,0
0.20,236,even,6.43167178167039,-2.70735517629007,6.97825576911726,0.0109717136988241,0
0.20,237,odd,6.48562605828518,-2.73018249597987,7.03684032575974,0.0109571448947023,0
0.20,238,even,6.53980551857428,-2.7531048746097,7.09566930799595,0.0109427116619649,0
0.20,239,odd,6.59421474671096,-2.77612379711248,7.15474751638922,0.0109288314479552,0
0.20,240,even,6.64884949973652,-2.79923842258565,7.21407071545289,0.0109146264892894,0
0.20,241,odd,6.70371363005829,-2.82244906783402,7.2736425768587,0.010901305187486,0
0.20,242,even,6.75880366652167,-2.84575584913228,7.33345994874103,0.0108874087151918,0
0.20,243,odd,6.81412267766781,-2.86915831709759,7.39352548241554,0.0108745459276336,0
0.20,244,even,6.86966796721624,-2.89265718269276,7.4538369713054,0.0108610120036094,0
0.20,245,odd,6.92544185600281,-2.91625155261421,7.51439620517319,0.0108485335062567,0
0.20,246,even,6.98144235586619,-2.93994245013273,7.57520175128148,0.0108353937142809,0
0.20,247,odd,7.03767112951879,-2.96372878180351,7.63625471528234,0.0108232472477559,0
0.20,248,even,7.09412679111846,-2.98761167606563,7.69755426016551,0.0108105150731035,0
0.20,249,odd,7.15081046148107,-3.01159001231967,7.7591009818888,0.0107986657969952,0
0.20,250,even,7.2077212351543,-3.03566488250242,7.8208944716956,0.0107863410793172,0
0.20,251,odd,7.26485981466447,-3.05983525224928,7.88293497385496,0.0107747672095759,0
0.20,252,even,7.32222565276647,-3.08410208872354,7.94522236095188,0.0107628402641158,0
0.20,253,odd,7.37981915190563,-3.10846451006659,8.00775666025113,0.0107515292080964,0
0.20,254,even,7.43764001060195,-3.13292331128177,8.07053790366014,0.0107399843931097,0
0.20,255,odd,7.49568843650552,-3.15747779441622,8.13356601064164,0.0107289295390611,0
0.20,256,even,7.55396427657697,-3.18212856405961,8.19684107567537,0.0107177481856509,0
0.20,257,odd,7.61246763250007,-3.20687511377742,8.26036299520338,0.0107069463874865,0
0.20,258,even,7.67119841946238,-3.23171785832226,8.3241318526205,0.0106961091046056,0
0.20,259,odd,7.73015670483298,-3.256656476049,8.38814758472327,0.0106855588265358,0
0.20,260,even,7.78934240863435,-3.2816912027248,8.45241020965956,0.010675047252636,0
0.20,261,odd,7.84875561947133,-3.30682188808239,8.516919750523,0.0106647472925654,0
0.20,262,even,7.90839621399137,-3.33204860325125,8.5816761213975,0.0106545453960041,0
0.20,263,odd,7.96826434351367,-3.35737135518572,8.64667946436542,0.0106444940840453,0
0.20,264,even,8.02835980603941,-3.38279006308226,8.71192956190713,0.0106345891196384,0
0.20,265,odd,8.08868284534097,-3.40830488062013,8.77742669839741,0.0106247838842353,0
0.20,266,even,8.14923315615449,-3.43391558240907,8.84317050489851,0.0106151671006782,0
0.20,267,odd,8.21001109485706,-3.45962246511538,8.90916142518275,0.0106056043009755,0
0.20,268,even,8.2710162370281,-3.4854251582309,8.97539892405025,0.0105962714686036,0
0.20,269,odd,8.33224906386155,-3.51132410644335,9.0418836178795,0.0105869464047657,0
0.20,270,even,8.39370902329907,-3.53731878419341,9.10861479352867,0.0105778982000291,0
0.20,271,odd,8.45539672657941,-3.56340979909767,9.17559325060298,0.0105688052300259,0
0.20,272,even,8.5173114923543,-3.58959645054007,9.24281808870638,0.0105600474753649,0
0.20,273,odd,8.5794540603524,-3.61587953414366,9.31029029900427,0.0105511801826079,0
0.20,274,even,8.64182362526457,-3.64225814425861,9.37800878708117,0.0105427239083205,0
0.20,275,odd,8.70442104646666,-3.66873329930615,9.44597474106656,0.0105340752811696,0
0.20,276,even,8.76724540778434,-3.69530384950133,9.51418686936066,0.0105259365481265,0
0.20,277,odd,8.83029767105537,-3.72197107936365,9.58264655809015,0.0105174991456494,0
0.20,278,even,8.89357683131304,-3.74873354834047,9.65135232064179,0.0105096985581046,0
0.20,279,odd,8.95708392597757,-3.77559285689878,9.72030573579407,0.0105014646482631,0
0.20,280,even,9.02081789368421,-3.80254722188688,9.78950513157335,0.0104940264926752,0
0.20,281,odd,9.08477980953849,-3.82959861342287,9.85895226541751,0.0104859881582358,0
0.20,282,even,9.14896859962314,-3.85674485174464,9.92864529934389,0.0104789391357163,0
0.20,283,odd,9.21338532689498,-3.88398833084133,9.99858614466386,0.0104710883499637,0
0.20,284,even,9.27802896071348,-3.91132642170816,10.0687728283119,0.0104644559244242,0
0.20,285,odd,9.34290048998537,-3.93876199316005,10.1392073783007,0.0104567846039991,0
0.20,286,even,9.40799899473974,-3.96629191953452,10.2098877300905,0.0104505950609233,0
0.20,287,odd,9.47332531684832,-3.99391958826229,10.2808159782242,0.0104430951051815,0
0.20,288,even,9.53887872432466,-4.02164133855138,10.3519900229181,0.0104373715005335,0
0.20,289,odd,9.60465983025194,-4.04946110951637,10.4234119628227,0.0104300348280231,0
0.20,290,even,9.67066817487592,-4.07737467881484,10.4950797302186,0.0104247950858092,0
0.20,291,odd,9.73690405564493,-4.10538655692789,10.5669953555381,0.0104176136775398,0
0.20,292,even,9.80336737196479,-4.13349194751501,10.6391568783448,0.0104128691521401,0
0.20,293,odd,9.87005801855239,-4.16169593753813,10.7115661826228,0.0104058351082368,0
0.20,294,even,9.93697633838328,-4.18999315836214,10.7842214936284,0.0104015899471785,0
0.20,295,odd,10.0041217416601,-4.21838926480359,10.8571244702118,0.0103946955601093,0
0.20,296,even,10.0714950912297,-4.24687832977067,10.930273598989,0.0103909471684895,0
0.20,297,odd,10.1390952419356,-4.2754665567788,11.003670240964,0.0103841850113287,0
0.20,298,even,10.2069236394403,-4.30414748178741,11.0773132104641,0.0103809258317109,0
0.20,299,odd,10.2749785281975,-4.33292783305135,11.1512035106298,0.0103742888546128,0
0.20,300,even,10.3432619821836,-4.36180063186046,11.2253403340822,0.0103715095421961,0
0.20,301,odd,10.411771599546,-4.39077311052798,11.2997242849641,0.0103649911674673,0
0.20,302,even,10.4805101084632,-4.41983778968326,11.37435496349,0.0103626850896115,0
0.20,303,odd,10.5494744449947,-4.44900239830539,11.4492325573901,0.0103562792929068,0
0.20,304,even,10.6186679981391,-4.47825895143078,11.5243570786477,0.0103544481540947,0
0.20,305,odd,10.6880870445061,-4.50761569194018,11.599728307722,0.0103481495207154,0
0.20,306,even,10.7577356243998,-4.53706409369338,11.6753466457441,0.0103468098564683,0
0.20,307,odd,10.8276093714628,-4.56661296741732,11.7512115020913,0.0103406136047761,0
0.20,308,even,10.897712957572,-4.59625316728417,11.8273236182941,0.0103398039455245,0
0.20,309,odd,10.9680413964574,-4.62599417498599,11.9036820940384,0.0103337059169375,0
0.20,310,even,11.0385999700921,-4.65582609085483,11.9802879392313,0.0103334946142626,0
0.20,311,odd,11.1093830922318,-4.685759232789,12.05714002658,0.0103274912378026,0
0.20,312,even,11.1803966425782,-4.71578274395156,12.134239543797,0.0103279852603322,0
0.20,313,odd,11.2516344397098,-4.74590801991142,12.2115852350594,0.0103220735088172,0
0.20,314,even,11.3231029712695,-4.77612295886971,12.2891783632198,0.0103234288853882,0
0.20,315,odd,11.3947954354027,-4.80644036820361,12.3670176507828,0.010317606247499,0
0.20,316,even,11.4667189776562,-4.83684651055659,12.4451043296541,0.0103200411453708,0
0.20,317,odd,11.5388661010251,-4.86735605213172,12.5234372059235,0.010314305640275,0
0.20,318,even,11.6112447218398,-4.89795310401516,12.6020173835796,0.0103181171551991,0
0.20,319,odd,11.6838464968719,-4.92865477611833,12.6808438409136,0.0103124674119819,0
0.20,320,even,11.7566803218835,-4.95944235930474,12.7599174857839,0.0103180528393638,0
0.20,321,odd,11.8297367412254,-4.9903361594874,12.8392375164561,0.010312488249749,0
0.20,322,even,11.9030259819,-5.02131379538597,12.9188046369417,0.0103203707496853,0
0.20,323,odd,11.9765370385392,-5.05239972028387,12.9986182331829,0.0103148916815208,0
0.20,324,even,12.0502820315896,-5.08356681566329,13.0786789084019,0.0103257487784161,0
0.20,325,odd,12.1242477190982,-5.11484486084664,13.1589860625667,0.0103203568087213,0
0.20,326,even,12.1984489790702,-5.14620069994166,13.2395404877148,0.0103350481395488,0
0.20,327,odd,12.2728692919732,-5.17767085987236,13.3203411926036,0.0103297462371303,0
0.20,328,even,12.3475275769189,-5.20921460926469,13.4013897413449,0.0103493346304351,0
0.20,329,odd,12.4224025111475,-5.24087687744895,13.4826839906814,0.0103441271920097,0
0.20,330,even,12.497518898285,-5.27260761122563,13.5642272946317,0.0103698849585303,0
0.20,331,odd,12.5728484516353,-5.30446198064404,13.6460150836525,0.0103647775911941,0
0.20,332,even,12.6484244159317,-5.33637873323738,13.7280541253369,0.0103981684569145,0
0.20,333,odd,12.7242085883989,-5.3684251971074,13.8103354513963,0.010393167405911,0
0.20,334,even,12.8002460726124,-5.4005270493561,13.8928716622752,0.0104357945201352,0
0.20,335,odd,12.8764848664389,-5.43276560223276,13.9756465253182,0.0104309056738661,0
0.20,336,even,12.9529863271327,-5.46505180221731,14.058681875225,0.010484418231111,0
0.20,337,odd,13.0296797463965,-5.49748244137003,14.1419502779444,0.0104796456926204,0
0.20,338,even,13.1066481578939,-5.52995255550917,14.2254873375677,0.0105456013036918,0
0.20,339,odd,13.1837962074829,-5.56257528243672,14.3092492850493,0.0105409455960315,0
0.20,340,even,13.2612350058197,-5.595229364804,14.3932912402448,0.0106206325112677,0
0.20,341,odd,13.3388376897002,-5.62804418668129,14.4775467389357,0.0106160885703872,0
0.20,342,even,13.4167506422609,-5.66088294676016,14.5620973359803,0.0107103204008654,0
0.20,343,odd,13.494807961037,-5.6938898775677,14.6468463918812,0.0107058755851277,0
0.20,344,even,13.5731989550093,-5.72691482048963,14.7319097972377,0.0108147797552016,0
0.20,345,odd,13.6517109028937,-5.76011388157394,14.8171524133309,0.0108104121494863,0
0.20,346,even,13.7305836562764,-5.79332739218743,14.9027329802066,0.0109332399250963,0
0.20,347,odd,13.8095502177049,-5.82671861204812,14.9884691532548,0.0109289172185658,0
0.20,348,even,13.8889079286624,-5.86012395643195,15.0745710992253,0.0110639057658624,0
0.20,349,odd,13.9683290748844,-5.89370736962102,15.1608008162025,0.011059584937926,0
0.20,350,even,14.0481740363557,-5.92730859531614,15.2474278293912,0.0112038991373442,0
0.20,351,odd,14.1280497223872,-5.96108424045444,15.3341510639042,0.0111995270983289,0
0.20,352,even,14.2083829365815,-5.99488596878,15.4213058670331,0.0113493007116396,0
0.20,353,odd,14.2887130989156,-6.02885388581331,15.5085225761437,0.0113448159382408,0
0.20,354,even,14.3695339290247,-6.06286100389718,15.5962064858111,0.0114952996378586,0
0.20,355,odd,14.450318484461,-6.09702123081192,15.6839166076793,0.0114906347425263,0
0.20,356,even,14.5316243784269,-6.13123850449514,15.7721291291899,0.0116364450799029,0
0.20,357,odd,14.6128632243278,-6.16559107376708,15.860332581927,0.0116315301815604,0
0.20,358,even,14.6946495392411,-6.20002271272002,15.9490710782009,0.0117669817594974,0
0.20,359,odd,14.7763425554696,-6.23456764778351,16.0377677602789,0.0117617484900165,0
0.20,360,even,14.8586025037848,-6.26921685952278,16.1270272286386,0.0118812437953375,0
0.20,361,odd,14.9407495565415,-6.30395417153115,16.2162170211636,0.0118756297779656,0
0.20,362,even,15.0234742897021,-6.33882274162729,16.3059900068827,0.0119740784011153,0
0.20,363,odd,15.1060752374658,-6.37375242674867,16.3956727780128,0.0119680320542557,0
0.20,364,even,15.1892540811439,-6.40884035983292,16.4859494511877,0.0120412729504311,0
0.20,365,odd,15.2723087828995,-6.44396239730992,16.5761250629562,0.0120347584790972,0
0.20,366,even,15.3559296420722,-6.47926764977845,16.6668934875161,0.0120799639083362,0
0.20,367,odd,15.4394379679623,-6.51458200098721,16.7575618052755,0.0120729663185317,0
0.20,368,even,15.5234879292654,-6.55010033381321,16.8488084364699,0.0120890119822681,0
0.20,369,odd,15.6074497736575,-6.58560694258264,16.9399693410519,0.0120815418757516,0
0.20,370,even,15.6919159453422,-6.62133192287888,17.0316797997095,0.0120693325720023,0
0.20,371,odd,15.7763312420134,-6.65703071735437,17.1233332021375,0.012061430342861,0
0.20,372,even,15.8612018858702,-6.69295390037679,17.215493388113,0.0120241731218655,0
0.20,373,odd,15.9460706244959,-6.72884479668865,17.3076392462171,0.0120159119986756,0
0.20,374,even,16.0313366464829,-6.76495612391798,17.4002368663713,0.0119593299835055,0
0.20,375,odd,16.1166588888342,-6.80103903177559,17.4928752018856,0.0119508171841618,0
0.20,376,even,16.2023157644173,-6.83732748108166,17.585901796627,0.0118833004923911,0
0.20,377,odd,16.2880916576304,-6.87360231107761,17.6790327102559,0.0118746756641306,0
0.20,378,even,16.3741418779171,-6.91005682439449,17.7724862678328,0.0118073795319082,0
0.20,379,odd,16.4603716609989,-6.94652349619257,17.866109948432,0.0117988097429542,0
0.20,380,even,16.546827815017,-6.98313417916366,17.959998211063,0.0117457498745903,0
0.20,381,odd,16.6335118136323,-7.01979262883686,18.054114933695,0.0117374208254413,0
0.20,382,even,16.7204005230918,-7.05655215679757,18.14845956924,0.0117157106659347,0
0.20,383,odd,16.8075391269486,-7.09340234046196,18.2430696757606,0.011707814535816,0
0.20,384,even,16.8949063539914,-7.13030741310417,18.3379117329551,0.0117383923713401,0
0.20,385,odd,16.982499970924,-7.16734930283975,18.4330155881322,0.0117311136944664,0
0.20,386,even,17.0704190543694,-7.20440187260291,18.5284233768177,0.0118407406906682,0
0.20,387,odd,17.1584680347411,-7.24163543949548,18.6240212920973,0.0118342425366276,0
0.20,388,even,17.2470540728066,-7.27884329732288,18.7201038586886,0.012060564116541,0
0.20,389,odd,17.3355585936869,-7.31626847433626,18.8161959710576,0.0120549771838965,0
0.20,390,even,17.4249993755457,-7.35364450725521,18.9131312992822,0.0124592521579325,0
0.20,391,odd,17.513959254873,-7.39126111694999,19.0097173719524,0.012454668981059,0
0.20,392,even,17.6045954334531,-7.42881938990973,19.107824701084,0.013156599171583,0
0.20,393,odd,17.6940097663983,-7.46662698964503,19.2049037282802,0.0131530750926858,0
0.20,394,even,17.7865971595759,-7.50436592288928,19.304878597497,0.0144484448960416,0
0.20,395,odd,17.8764632968519,-7.54236336357172,19.4024476915861,0.0144460066191918,0
0.20,396,even,17.9734598605839,-7.58013336709312,19.5064957751523,0.0174297706904376,0
0.20,397,odd,18.0637682559691,-7.61831674300012,19.604544622522,0.0174282981505982,0
0.20,398,even,18.189526477331,-7.64254790653789,19.7298116744307,0.0440824766710799,0
0.20,399,odd,18.2801077480069,-7.68102175730538,19.8282249728256,0.0439197217108944,0
0.25,0,even,-0.297959637863257,-9.62638302404173e-12,-0.26148418233135,-0.142849459873353,1
0.25,1,odd,0.00048420654309531,-0.000286796779890025,0.000562428919242389,-1.95468701186491e-05,1
0.25,2,even,0.000484206546658697,-0.00028679678357705,0.00056242892413721,-1.95468716459396e-05,1
0.25,3,odd,0.00193678709441432,-0.00114702370277468,0.00224960303664687,-7.80628037287334e-05,1
0.25,4,even,0.00193678710870254,-0.00114702371787674,0.00224960305642627,-7.80628101318953e-05,1
0.25,5,odd,0.0043576239138587,-0.00258019196127444,0.0050611846788151,-0.000175175279607913,1
0.25,6,even,0.00435762394628347,-0.00258019199653382,0.00506118472417477,-0.00017517529500566,1
0.25,7,odd,0.00774651909317022,-0.00458549167852701,0.00899661188925991,-0.00031026844621784,1
0.25,8,even,0.00774651915147724,-0.00458549174449748,0.00899661197205707,-0.000310268476158506,1
0.25,9,odd,0.0121031920879705,-0.00716179908491628,0.0140550997032735,-0.000482490603079588,1
0.25,10,even,0.0121031921803014,-0.00716179919489652,0.0140550998370288,-0.000482490655330542,1
0.25,11,odd,0.0174272763552427,-0.0103076865111048,0.0202356419879551,-0.000690764582561685,1
0.25,12,even,0.0174272764900821,-0.0103076866823181,0.0202356421883719,-0.000690764668169997,1
0.25,13,odd,0.0237183151980749,-0.0140214351398652,0.0275370139091837,-0.000933800932801314,1
0.25,14,even,0.0237183153840462,-0.0140214353949574,0.0275370141946866,-0.000933801067506405,1
0.25,15,odd,0.0309757569608441,-0.0183010504376508,0.0359577751132846,-0.0012101137637329,1
0.25,16,even,0.0309757572061981,-0.0183010508066472,0.0359577755055092,-0.00121011396992876,1
0.25,17,odd,0.0391989497665271,-0.0231442801609616,0.0454962737412965,-0.00151803907222882,1
0.25,18,even,0.0391989500781924,-0.0231442806838128,0.0454962742654767,-0.0015180393816536,1
0.25,19,odd,0.0483871360432531,-0.0285486348005161,0.0561506514270282,-0.00185575530765811,1
0.25,20,even,0.0483871364251857,-0.0285486355304131,0.0561506521121368,-0.00185575576509474,1
0.25,21,odd,0.0585394471477629,-0.0345114102860131,0.0679188494639424,-0.00222130587484064,1
0.25,22,even,0.0585394475981733,-0.034511411293658,0.0679188503423053,-0.00222130654319396,1
0.25,23,odd,0.0696548984556476,-0.0410297127238476,0.0807986163563273,-0.00261262319730026,1
0.25,24,even,0.069654898962541,-0.041029714102935,0.0807986174623379,-0.00261262416454573,1
0.25,25,odd,0.0817323853475964,-0.0481004848773225,0.0947875169921884,-0.00302755388013211,1
0.25,26,even,0.0817323858816703,-0.0481004867513935,0.0947875183593599,-0.00302755526873547,1
0.25,27,odd,0.0947706805701957,-0.055720534022307,0.109882943681845,-0.00346388442094294,1
0.25,28,even,0.0947706810737877,-0.055720536553108,0.109882945337119,-0.00346388640049486,1
0.25,29,odd,0.108768433481295,-0.0638865607206633,0.126082129290392,-0.00391936682269932,1
0.25,30,even,0.108768433851362,-0.0638865641178979,0.126082131243877,-0.00391936962663354,1
0.25,31,odd,0.123724171693605,-0.0725951879510598,0.143382162646148,-0.00439174337043888,1
0.25,32,even,0.123724171755824,-0.0725951924829348,0.143382164873447,-0.00439174731770383,1
0.25,33,even,0.139636305066332,-0.0818429959300002,0.161780008737739,-0.00487877527590611,1
0.25,34,odd,0.139636305596469,-0.0818429899270311,0.161780006325001,-0.00487876975364372,1
0.25,35,even,0.15650313458056,-0.091626527708645,0.181272519186231,-0.00537824333414112,1
0.25,36,odd,0.156503136155452,-0.0916265198243259,0.181272516788386,-0.0053782356599564,1
0.25,37,even,0.174322862932289,-0.101942345791725,0.201856468685957,-0.00588799253267715,1
0.25,38,odd,0.174322866256414,-0.101942335547322,0.201856466691722,-0.00588798194869702,1
0.25,39,even,0.193093609523674,-0.112787035728491,0.223528569882148,-0.00640592801571264,1
0.25,40,odd,0.193093615673894,-0.112787022605294,0.223528568987879,-0.00640591355045191,1
0.25,41,even,0.212813428916441,-0.124157229651507,0.246285500850444,-0.0069300268943089,1
0.25,42,odd,0.212813439508982,-0.124157213164343,0.246285502241906,-0.00693000734712647,1
0.25,43,even,0.23348033226178,-0.136049620557577,0.270123930750022,-0.0074583405050391,1
0.25,44,odd,0.233480349674237,-0.136049600410011,0.270123936371633,-0.00745831447591057,1
0.25,45,even,0.255092311080047,-0.148460971134856,0.295040544924195,-0.00798899075591729,1
0.25,46,odd,0.255092338726916,-0.148460947515303,0.295040557862788,-0.00798895677319393,1
0.25,47,even,0.277647362463297,-0.161388116655776,0.321032068404659,-0.00852016058243585,1
0.25,48,odd,0.277647405097591,-0.161388090763602,0.321032093406402,-0.00852011741994599,1
0.25,49,even,0.301143514605708,-0.17482796179051,0.348095286788838,-0.00905007891118403,1
0.25,50,odd,0.301143578563721,-0.174827936713925,0.34809533089492,-0.00905002624130499,1
0.25,51,even,0.32557885150652,-0.188777471595401,0.376227063598382,-0.00957700090822799,1
0.25,52,odd,0.325578944709412,-0.188777453680484,0.376227136802746,-0.0095769405025625,1
0.25,53,even,0.350951535763147,-0.203233657355715,0.405424353494649,-0.0100991846273596,1
0.25,54,odd,0.350951667124401,-0.203233658166448,0.405424469163681,-0.0100991223609043,1
0.25,55,even,0.377259828586099,-0.218193558362121,0.435684211106639,-0.0106148654217871,1
0.25,56,odd,0.377260006264341,-0.218193597160843,0.435684385635064,-0.0106148142873815,1
0.25,57,even,0.40450210650494,-0.2336542210242,0.467003795678331,-0.0111222296052512,1
0.25,58,odd,0.404502334281302,-0.233654327312339,0.467004046528142,-0.0111222136800641,1
0.25,59,even,0.432676874652934,-0.24961267692987,0.499380372208181,-0.0116193888283626,1
0.25,60,odd,0.432677145812906,-0.249612891962526,0.499380713265591,-0.0116194475362571,1
0.25,61,even,0.461782776954665,-0.26606592152509,0.532811310168116,-0.0121043564840767,1
0.25,62,odd,0.461783065682898,-0.266066297057093,0.532811743590611,-0.0121045476207249,1
0.25,63,even,0.491818603922303,-0.283010895016891,0.567294081189812,-0.0125750272107934,1
0.25,64,odd,0.491818855421483,-0.283011487361161,0.567294585886077,-0.0125754264666657,1
0.25,65,even,0.522783299021418,-0.300444466922852,0.602826257243858,-0.0130291602813188,1
0.25,66,odd,0.522783420816263,-0.300445325206701,0.602826775612087,-0.0130298551046985,1
0.25,67,odd,0.554675821871028,-0.318364574534672,0.639405936395007,-0.0134654442840293,1
0.25,68,even,0.554675964637193,-0.318363425443444,0.639405510780424,-0.0134643674158596,1
0.25,69,odd,0.587495285092135,-0.336765892350341,0.677029786713258,-0.0138796310833834,1
0.25,70,even,0.587495868518505,-0.336764472560558,0.677029618034585,-0.0138781053911262,1
0.25,71,odd,0.62097095098986,-5.82667218800206e-05,0.544981212583702,0.297658198776817,1
0.25,72,odd,0.62124121728652,-0.355645827976869,0.715696151648346,-0.0142696716408431,1
0.25,73,even,0.62124245118674,-0.355644225483254,0.715696466221298,-0.014267673757113,1
0.25,74,odd,0.655913220678728,-0.375000829052782,0.755402979026656,-0.0146326391696373,1
0.25,75,even,0.655915334184639,-0.374999224742984,0.7554040646555,-0.0146302179866251,1
0.25,76,odd,0.691511110232388,-0.394827253228275,0.796148360227978,-0.0149654259182557,1
0.25,77,even,0.691514328266938,-0.394825948802008,0.796150558943718,-0.0149627383685626,1
0.25,78,odd,0.728034934328924,-0.415121385682534,0.837930556731038,-0.0152647486294393,1
0.25,79,even,0.728039439829446,-0.415120834340325,0.837934246352194,-0.015262104729117,1
0.25,80,odd,0.765484999119841,-0.435879463854409,0.880748033341151,-0.0155271585682865,1
0.25,81,even,0.765490873283305,-0.435880300272757,0.880753589404889,-0.0155250763704612,1
0.25,82,odd,0.803861895436654,-0.457097711521107,0.924599498144105,-0.0157490585278068,1
0.25,83,even,0.803869027115944,-0.457100771943624,0.9246072240262,-0.0157483251920548,1
0.25,84,odd,0.843166525575828,-0.47877238455826,0.969483947950702,-0.0159267301457748,1
0.25,85,even,0.843174482600702,-0.478778700031555,0.969493958696162,-0.0159284576940725,1
0.25,86,odd,0.88340012565962,-0.500899830496579,1.01540071647322,-0.0160563754502577,1
0.25,87,even,0.883407987084816,-0.500910567134856,1.01541276294148,-0.0160620287687736,1
0.25,88,odd,0.924564277489188,-0.52347656328693,1.0623495205718,-0.0161341767894526,1
0.25,89,even,0.924570438652371,-0.52349287508049,1.06236274779158,-0.0161455379160561,1
0.25,90,odd,0.966660901795607,-0.546499353181535,1.11033049742295,-0.0161563789454993,1
0.25,91,even,0.966662884850832,-0.546522109385085,1.11034314762278,-0.0161753986655901,1
0.25,92,even,1.00968655269971,-0.569994685185626,1.15935332057112,-0.0161478767396186,1
0.25,93,odd,1.00969222273209,-0.56996532885378,1.15934422231745,-0.0161193957763837,1
0.25,94,even,1.05364292683932,-0.593906890625727,1.20939278997231,-0.0160590029032206,1
0.25,95,odd,1.05366069188615,-0.593872084275514,1.20939169321442,-0.0160199404400873,1
0.25,96,even,1.09853388458086,-0.618254855474186,1.26046134783423,-0.0159044806780508,1
0.25,97,odd,1.09856886009031,-0.618217776045873,1.26047426490653,-0.0158551722659037,1
0.25,98,even,1.14436188127883,-0.643034579005889,1.31255923088339,-0.0156796219378637,1
0.25,99,odd,1.14441918857209,-0.643001187914922,1.31259351422285,-0.0156228439187692,1
0.25,100,even,1.19113016195219,-0.668242047678754,1.36568736269726,-0.0153793487231489,1
0.25,101,odd,1.19121379973504,-0.66822172936776,1.36575102063981,-0.0153214196386453,1
0.25,102,even,1.23884296267367,-0.693873460961241,1.41984763870753,-0.0149982948722533,1
0.25,103,odd,1.23895418422097,-0.693879327398009,1.41994805731754,-0.0149501207046459,1
0.25,104,even,1.28750566195248,-0.719925569581602,1.47504322121621,-0.0145310302862808,1
0.25,105,odd,1.28764090538611,-0.719974170439928,1.47518520898786,-0.0145088423960266,1
0.25,106,even,1.32719707232902,-0.0154473190932185,1.17213084614416,0.622735873371097,1
0.25,107,even,1.33712484490535,-0.746396122424329,1.53127880996468,-0.0139724223523744,1
0.25,108,odd,1.33727337142605,-0.746506277902764,1.5314619655988,-0.0139978854721629,1
0.25,109,even,1.38770824193437,-0.773284418995069,1.5885608531841,-0.0133181501767257,1
0.25,110,odd,1.38784976935523,-0.773474903318672,1.58877637823011,-0.0134174640374576,1
0.25,111,even,1.4392644883906,-0.800591967609789,1.64689765223318,-0.0125653974232861,1
0.25,112,odd,1.43936725851863,-0.800877831672052,1.64712489203744,-0.0127669961154149,1
0.25,113,even,1.49180261651141,-0.828323240225404,1.70629927761628,-0.0117137583182045,1
0.25,114,odd,1.49182249006974,-0.82871068657697,1.7065024699803,-0.0120442465886005,1
0.25,115,odd,1.54521245248726,-0.856966393000151,1.76690307724847,-0.0112444503314008,1
0.25,116,even,1.54533113983489,-0.856486470473134,1.76677714807907,-0.0107663769450677,1
0.25,117,odd,1.59953556548773,-0.885634920216996,1.82832051802721,-0.0103595621830758,1
0.25,118,even,1.59985654592113,-0.88509433332028,1.82834303369415,-0.00973126633216381,1
0.25,119,odd,1.65479289872451,-0.914703354767424,1.8907495399831,-0.00937773669710396,1
0.25,120,even,1.65538103412931,-0.914164149008919,1.89100716834719,-0.00862257199295369,1
0.25,121,odd,1.71098941662195,-0.944156255837778,1.95418709708796,-0.00828304321287121,1
0.25,122,even,1.71189953392901,-0.943716993388531,1.95477520652959,-0.00746122066718546,1
0.25,123,odd,1.76813525765578,-0.97397617831963,2.0186337230608,-0.0070553115632338,1
0.25,124,even,1.76939655091187,-0.973774933047694,2.01964412990489,-0.0062740060232771,1
0.25,125,odd,1.7845828680981,-0.173750709491781,1.64941933277216,0.703094009955697,1
0.25,126,odd,1.82624722866876,-1.00414425809777,2.08409512335517,-0.00566992929999222,1
0.25,127,even,1.82784418682556,-1.00435591660118,2.08559806047763,-0.00509005458721079,1
0.25,128,odd,1.88535091842864,-1.03464087045682,2.15058434563765,-0.00409740620639742,1
0.25,129,even,1.88720323843748,-1.03546704441732,2.15260599827245,-0.00393439254931971,1
0.25,130,odd,1.94548413899704,-1.06544664899967,2.21812528836882,-0.00230261860205183,1
0.25,131,even,1.94742855298129,-1.0670986944339,2.22062370494659,-0.00282022314491648,1
0.25,132,odd,2.00670288583775,-1.09654478282858,2.28675903261752,-0.000243967880852569,1
0.25,133,even,2.00847738145317,-1.09922269723717,2.28960015958344,-0.00174332035189739,1
0.25,134,odd,2.06909178676463,-1.12792714302008,2.35655594906393,0.00212625249391729,1
0.25,135,even,2.07031701749552,-1.13179588146856,2.35948596220204,-0.000681478001909541,1
0.25,136,even,2.12442189106121,-0.564794979897378,2.13513274313174,0.522847883943417,1
0.25,137,odd,2.13278173156494,-1.15961147011179,2.42763940956971,0.00485522564255692,1
0.25,138,even,2.13292815992352,-1.1647669539703,2.43023958316939,0.00040106440490062,1
0.25,139,even,2.1963032019641,-1.19808297886215,2.5018289681012,0.00154711559268361,1
0.25,140,odd,2.19797373418841,-1.19169054222633,2.50023030067321,0.00795790232365778,1
0.25,141,even,2.26044119515297,-1.23169288257807,2.57422879866983,0.00280104211433674,1
0.25,142,odd,2.26493116130363,-1.22446616785702,2.57470444306966,0.0112956853733837,1
0.25,143,even,2.325341600798,-1.26554763824545,2.64741509739367,0.00420561083558479,1
0.25,144,odd,2.33371724336854,-1.25868648881345,2.65147600499632,0.0142423328821721,1
0.25,145,even,2.3909976823297,-1.29959817740807,2.72135842770575,0.00580065369448479,1
0.25,146,odd,2.40339686338046,-1.29519995435374,2.73013111232089,0.0156049416037742,1
0.25,147,odd,2.45548627567658,-1.11153156866151,2.68778855747602,0.201762108603483,1
0.25,148,even,2.45738879628012,-1.3337925084702,2.79601574715978,0.00762190060306422,1
0.25,149,odd,2.4725291970698,-1.33340842045392,2.80911855726876,0.0152176643516586,1
0.25,150,even,2.5244694364197,-1.36807406093562,2.87131999894165,0.00969717999371222,1
0.25,151,odd,2.54106163395295,-1.37202132835252,2.88777344296763,0.014187850180533,1
0.25,152,even,2.59215184718456,-1.40238560397929,2.94716673237964,0.0120346443820165,1
0.25,153,odd,2.60959391959532,-1.41055546571554,2.96639043133378,0.0132270911491275,1
0.25,154,even,2.66028043774663,-1.43668982147258,3.02340151337119,0.0145924475351746,1
0.25,155,odd,2.6785261650851,-1.44899900203544,3.04531498103357,0.0125375929785181,1
0.25,156,even,2.72861014707672,-1.47102973493387,3.09982990624513,0.0172153460029663,1
0.25,157,odd,2.74805134148835,-1.48743639449894,3.12475693104177,0.0121377527717006,1
0.25,158,even,2.79684923848003,-1.50564630540675,3.1763114108435,0.0195520105534106,1
0.25,159,odd,2.81825534597907,-1.52594921629344,3.2048307714897,0.0119971646207895,1
0.25,160,even,2.8648734714239,-1.54105712950432,3.25298514487641,0.0210886433404704,1
0.25,161,odd,2.88917220321385,-1.56460279779751,3.28559768287458,0.0120748080141106,1
0.25,162,even,2.93300579555569,-1.57782675383182,3.33040518138301,0.0214846384166321,1
0.25,163,odd,2.9608098625335,-1.60345018194096,3.36709007153448,0.0123279445184301,1
0.25,164,even,3.00188718401579,-1.6161147323402,3.40921052145284,0.0209072729099367,0
0.25,165,odd,3.03316299771518,-1.64253802045177,3.44932562929894,0.0127130798635344,0
0.25,166,even,3.07199494373145,-1.65563660800274,3.48968366535867,0.0198350144773027,0
0.25,167,odd,3.10622060056341,-1.68191139960816,3.53231631108078,0.0131853695078368,0
0.25,168,even,3.14346542986864,-1.69601341997388,3.57176259250887,0.0186658046973351,0
0.25,169,odd,3.17997172299877,-1.72161692086369,3.61607485096339,0.0136986680394551,0
0.25,170,even,3.21624114789431,-1.73698298846725,3.65527115101857,0.0176021636311496,0
0.25,171,odd,3.25441053798859,-1.76170360903417,3.70061963899323,0.0142071585066477,0
0.25,172,even,3.29021551016073,-1.77840666206615,3.74004932839666,0.016714668503792,0
0.25,173,odd,3.32954056115975,-1.80222132840526,3.78597766663516,0.014668766363195,0
0.25,174,even,3.36529103609342,-1.82022173743645,3.82598151581112,0.0160116119909581,0
0.25,175,odd,3.40537706253297,-1.84321692608326,3.87218479429225,0.0150497002434293,0
0.25,176,even,3.44139154848417,-1.86240511844065,3.91298978859425,0.0154767415610819,0
0.25,177,odd,3.48194662903032,-1.88472925103428,3.95928297937018,0.015328613421564,0
0.25,178,even,3.5184601827605,-1.90495342818077,4.00102262441772,0.0150857583926727,0
0.25,179,odd,3.55928368245919,-1.9267849269385,4.04731519391908,0.0154986441136999,0
0.25,180,even,3.59645500618946,-1.94787309498578,4.09004630575139,0.0148129174732152,0
0.25,181,odd,3.63742506199037,-1.96939657799003,4.1363198197139,0.0155663751865358,0
0.25,182,even,3.67534531881128,-1.99117544266882,4.18003931977115,0.0146335628770302,0
0.25,183,odd,3.71640459472434,-2.01256405415495,4.22632647089803,0.0155481558830786,0
0.25,184,even,3.75510902724026,-2.03487413134828,4.27098882671658,0.0145251145890972,0
0.25,185,odd,3.79624930980554,-2.05627785702144,4.3173543139961,0.0154652803060347,0
0.25,186,even,3.83573084374951,-2.07898366870886,4.3628883656997,0.0144675115915971,0
0.25,187,odd,3.87697792336883,-2.10052330628648,4.40941273584951,0.0153396046263845,0
0.25,188,even,3.91720099683729,-2.12351840749856,4.45573624249493,0.0144434734556913,0
0.25,189,odd,3.95860123370742,-2.14528419841449,4.5025034444633,0.0151905257619245,0
0.25,190,even,3.99951420887391,-2.16849178827858,4.54953426929476,0.0144386747487857,0
0.25,191,odd,4.04112361713636,-2.19054535065514,4.59662300141699,0.0150334659467795,0
0.25,192,even,4.08266878634401,-2.21391575388245,4.64428668559906,0.0144418227339265,0
0.25,193,odd,4.12454486980155,-2.23629399636446,4.69176510715662,0.0148795312322316,0
0.25,194,even,4.16666574986355,-2.25980033567962,4.73999919637729,0.0144446033655699,0
0.25,195,odd,4.20886191668937,-2.28252029380983,4.78792234472588,0.0147358843111198,0
0.25,196,even,4.25150799470409,-2.30615343049784,4.83667812841017,0.0144414745925192,0
0.25,197,odd,4.29407017797596,-2.32921727112088,4.88508735245853,0.0146064478908032,0
0.25,198,even,4.33719951228287,-2.35298077434652,4.9343297344853,0.0144293161802875,0
0.25,199,odd,4.38016455656809,-2.37638047213228,4.98325352083496,0.0144926889475974,0
0.25,200,even,4.42374471737894,-2.40028609336172,5.03295967534053,0.0144069746946847,0
0.25,201,odd,4.46714009327043,-2.42400748125159,5.08241533965512,0.0143943497984069,0
0.25,202,even,4.51114791876489,-2.44807138842479,5.13257269155321,0.0143747599327404,0
0.25,203,odd,4.55499236097586,-2.47209743219027,5.18256850844616,0.0143100682147348,0
0.25,204,even,4.59941295113754,-2.49633729680776,5.23317245391087,0.0143339510872216,0
0.25,205,odd,4.64371766667074,-2.52065055561408,5.28370989687076,0.0142378712432811,0
0.25,206,even,4.68854296348872,-2.54508347441785,5.33476156094695,0.0142863598350584,0
0.25,207,odd,4.73331311814537,-2.56966779095621,5.38583741716438,0.0141755478546566,0
0.25,208,even,4.7785403409131,-2.5943089528903,5.43734164152016,0.0142339794715713,0
0.25,209,odd,4.82377659966942,-2.61915047108727,5.48894985161119,0.0141209140097169,0
0.25,210,even,4.8694067268391,-2.64401244160716,5.5409135191194,0.0141787305221377,0
0.25,211,odd,4.91510669040189,-2.66910007961709,5.59304666458635,0.01407198653088,0
0.25,212,even,4.96114311069522,-2.6941925606729,5.64547740049272,0.0141222983162814,0
0.25,213,odd,5.00730255120989,-2.71951807568559,5.6981278192304,0.0140270826006668,0
0.25,214,even,5.05374994984702,-2.74484800371634,5.75103306070847,0.0140660485753155,0
0.25,215,odd,5.10036379925434,-2.77040577824273,5.80419361190876,0.0139848611887459,0
0.25,216,even,5.14722730148306,-2.79597763789104,5.85758000683879,0.0140110028831617,0
0.25,217,odd,5.19429038451831,-2.82176430016584,5.91124453226923,0.0139443216739901,0
0.25,218,even,5.24157494767142,-2.84758055284405,5.96511761118399,0.0139578556675821,0
0.25,219,odd,5.28908247800135,-2.87359452180957,6.01928115244255,0.0139047734540685,0
0.25,220,even,5.3367925036038,-2.89965607168404,6.07364521152402,0.0139070164696662,0
0.25,221,odd,5.38474037744193,-2.92589709363354,6.12830404556576,0.0138657884403766,0
0.25,222,even,5.432879504415,-2.95220373621339,6.18316218022966,0.0138586645274175,0
0.25,223,odd,5.48126443318334,-2.97867245830224,6.23831373131867,0.0138271461218098,0
0.25,224,even,5.5298354697907,-3.00522327684412,6.29366796653806,0.0138128061515901,0
0.25,225,odd,5.57865499423968,-3.03192088394932,6.34931064454011,0.0137887785152189,0
0.25,226,even,5.62765994802941,-3.05871457536982,6.40516211737269,0.0137693285208296,0
0.25,227,odd,5.6769123727909,-3.08564250192864,6.46129512216815,0.0137507200137894,0
0.25,228,even,5.72635254258907,-3.11267762653782,6.51764428221691,0.0137280461324076,0
0.25,229,odd,5.77603682421882,-3.13983734411714,6.57426740360403,0.0137130650794299,0
0.25,230,even,5.82591292471603,-3.16711250238126,6.63111420709677,0.0136887381583932,0
0.25,231,odd,5.87602853929731,-3.19450537649515,6.68822763995769,0.0136759350290956,0
0.25,232,even,5.92634083578024,-3.22201932163356,6.74557172196687,0.0136511764065612,0
0.25,233,odd,5.97688764513495,-3.24964652716782,6.80317590830915,0.0136394538955456,0
0.25,234,even,6.02763608262581,-3.2773982252773,6.86101672490764,0.0136151445491945,0
0.25,235,odd,6.07861421178914,-3.30526070813374,6.91911222794947,0.0136037324945759,0
0.25,236,even,6.12979852874165,-3.33324935835792,6.97744916565779,0.0135804498500298,0
0.25,237,odd,6.18120826198088,-3.36134783093244,7.03603657640798,0.0135688593505976,0
0.25,238,even,6.23282808347335,-3.38957285757694,7.09486903019882,0.0135469288801748,0
0.25,239,odd,6.28466978192839,-3.41790781683384,7.1539489038448,0.0135348969484079,0
0.25,240,even,6.33672469091599,-3.44636884381875,7.21327632742459,0.0135144487513359,0
0.25,241,odd,6.38899873189352,-3.47494060251813,7.27284914502933,0.0135018818048849,0
0.25,242,even,6.44148831959225,-3.50363741860274,7.33267107838213,0.0134829052808323,0
0.25,243,odd,6.49419505554702,-3.53244614228825,7.39273722861962,0.0134698270172966,0
0.25,244,even,6.54711895356921,-3.56137866343791,7.45305330816652,0.01345221929915,0
0.25,245,odd,6.60025868767806,-3.59042440781925,7.51361308380812,0.0134387261793791,0
0.25,246,even,6.65361658530635,-3.61959264113863,7.57442304027512,0.0134223320663756,0
0.25,247,odd,6.70718956008947,-3.6488753863269,7.63547664461707,0.0134085578148948,0
0.25,248,even,6.76098121026385,-3.67827939830021,7.69678029306284,0.0133932005147597,0
0.25,249,odd,6.81498760573993,-3.70779907787294,7.75832785224179,0.0133792897283427,0
0.25,250,even,6.86921282312258,-3.73743896829457,7.82012507786108,0.0133647928075793,0
0.25,251,odd,6.92365276133303,-3.76719549234777,7.88216665587615,0.0133508828941427,0
0.25,252,even,6.97831141536635,-3.7970713743094,7.94445739831292,0.0133370845128296,0
0.25,253,odd,7.03318496862166,-3.82706464650011,8.00699301243328,0.0133232946887825,0
0.25,254,even,7.08827697393642,-3.85717663209983,8.06977725051167,0.0133100555433909,0
0.25,255,odd,7.14358417472233,-3.88740656123445,8.13280688552568,0.0132964814131427,0
0.25,256,even,7.19910948067343,-3.91775475224336,8.1960846235921,0.0132836879105707,0
0.25,257,odd,7.25485033172539,-3.94822125927423,8.25960824400291,0.0132704001564115,0
0.25,258,even,7.31080891230274,-3.97880574178575,8.32337950050674,0.0132579642726873,0
0.25,259,odd,7.36698339586641,-4.00950876319813,8.38739706028282,0.01324501012216,0
0.25,260,even,7.42337524077643,-4.04032960523753,8.45166185880365,0.0132328672244788,0
0.25,261,odd,7.47998332649365,-4.07126909379542,8.51617330865709,0.0132202735765969,0
0.25,262,even,7.53680843385637,-4.10232634493787,8.58093167131269,0.0132083792573416,0
0.25,263,odd,7.59385008504121,-4.13350226865967,8.64593696371575,0.0131961565904346,0
0.25,264,even,7.65110845589142,-4.16479596084856,8.71118890672871,0.0131844833127621,0
0.25,265,odd,7.70858363419326,-4.19620830093859,8.77668799901443,0.0131726297353132,0
0.25,266,even,7.76627526880096,-4.22773844988432,8.84243353015368,0.0131611638414877,0
0.25,267,odd,7.82418393740112,-4.25938719818666,8.90842638610047,0.0131496688591772,0
0.25,268,even,7.88230883331838,-4.29115380493002,8.9746655037167,0.0131384082622255,0
0.25,269,odd,7.94065095889042,-4.32303896131449,9.04115209401545,0.0131272560117495,0
0.25,270,even,7.99920911056109,-4.35504201374059,9.10788478742452,0.013116208679727,0
0.25,271,odd,8.05798466425473,-4.38716358369329,9.17486508938691,0.0131053805150252,0
0.25,272,even,8.11697606397493,-4.419403057963,9.24209134039893,0.0130945636752884,0
0.25,273,odd,8.17618502168003,-4.45176105053735,9.30956533720674,0.0130840400922185,0
0.25,274,even,8.23560966164372,-4.48423691254771,9.37728512262144,0.013073479930521,0
0.25,275,odd,8.29525200376147,-4.51683133874443,9.44525280234912,0.0130632418788799,0
0.25,276,even,8.3551098788678,-4.54954354582325,9.51346609723195,0.0130529733981142,0
0.25,277,odd,8.41518558977828,-4.58237441740237,9.58192745180982,0.0130430030688986,0
0.25,278,even,8.47547670080411,-4.6153229204713,9.65063423331311,0.0130330697118284,0
0.25,279,odd,8.53598576817437,-4.64839024915551,9.71958925753813,0.0130233509046933,0
0.25,280,even,8.59671012484803,-4.68157499555323,9.78878950895211,0.0130138035499519,0
0.25,281,odd,8.65765253888569,-4.71487879255717,9.85823819960725,0.013004321728407,0
0.25,282,even,8.71881016234585,-4.74829972959788,9.92793191422395,0.0129952167465834,0
0.25,283,odd,8.78018591506737,-4.78184000540536,9.99787426932917,0.0129859588827044,0
0.25,284,even,8.84177683918941,-4.81549708457131,10.0680614536164,0.0129773550928327,0
0.25,285,odd,8.90358592374725,-4.84927384888117,10.1384974718123,0.0129683093921997,0
0.25,286,even,8.96561019488889,-4.88316703033494,10.2091781473537,0.0129602639800028,0
0.25,287,odd,9.02785260498147,-4.91718029210192,10.2801078274032,0.012951419562949,0
0.25,288,even,9.09031027985635,-4.95130954899488,10.3512820310977,0.0129439832802625,0
0.25,289,odd,9.15298600923586,-4.9855593165044,10.4227053714903,0.0129353298802917,0
0.25,290,even,9.21587715087411,-5.01992463840329,10.4943731536501,0.01292854210143,0
0.25,291,odd,9.2789861929601,-5.05441091933318,10.5662901522916,0.012920069825773,0
0.25,292,even,9.34231086502681,-5.08901231403255,10.638451572525,0.012913954233035,0
0.25,293,odd,9.40585321263171,-5.12373511547364,10.7108622265073,0.0129056534130045,0
0.25,294,even,9.46961147270759,-5.15857260855123,10.7835173476088,0.0129002151654856,0
0.25,295,odd,9.53358711787804,-5.19353193697647,10.8564216530555,0.0128920763074918,0
0.25,296,even,9.59777901058603,-5.22860556869017,10.929570533486,0.0128873014689344,0
0.25,297,odd,9.66218794455976,-5.26380142987923,11.0029684854785,0.0128793152999771,0
0.25,298,even,9.7268134955703,-5.29911124937343,11.0766111713269,0.0128751730491938,0
0.25,299,odd,9.79165570884269,-5.33454364831386,11.1505027639152,0.0128673306355349,0
0.25,300,even,9.85671492075103,-5.37008970553416,11.2246392814044,0.0128637783853609,0
0.25,301,odd,9.92199040323593,-5.40575864632869,11.2990245077039,0.012856071290952,0
0.25,302,even,9.98748325403806,-5.4415409824293,11.3736548572539,0.0128530623758945,0
0.25,303,odd,10.0531919952946,-5.47744646823998,11.4485337096181,0.0128454828201576,0
0.25,304,even,10.1191184397314,-5.51346510548938,11.5236578621863,0.0128429759994022,0
0.25,305,odd,10.1852604292202,-5.54960713854311,11.5990303324334,0.0128355169751915,0
0.25,306,even,10.2516204027015,-5.58586207067885,11.6746482283344,0.0128334867783799,0
0.25,307,odd,10.3181956300243,-5.6222406523441,11.7505143079953,0.0128261420995779,0
0.25,308,even,10.3849890543449,-5.6587318359395,11.8266258577775,0.0128245891436443,0
0.25,309,odd,10.4519975094232,-5.69534696686489,11.9029855383184,0.0128173534091349,0
0.25,310,even,10.51922429924,-5.73207431357566,11.9795906247318,0.0128163143078384,0
0.25,311,odd,10.5866659723956,-5.76892599385945,12.0564438977064,0.0128091827914085,0
0.25,312,even,10.6543260416276,-5.8058893625531,12.1335423775453,0.0128087401306747,0
0.25,313,odd,10.7222009235494,-5.84297759189533,12.2108892346385,0.0128017086316081,0
0.25,314,even,10.7902941916176,-5.88017677887761,12.2884809395319,0.0128020025383728,0
0.25,315,odd,10.8586022732253,-5.91750155665683,12.3663213724771,0.0127950672486898,0
0.25,316,even,10.9271286723529,-5.95493628181919,12.4444061086541,0.0127963110474107,0
0.25,317,odd,10.9958699446003,-5.99249760704214,12.5227401090363,0.0127894685018033,0
0.25,318,even,11.064829431059,-6.03016749410075,12.6013176577216,0.0127919714481175,0
0.25,319,odd,11.1340038847523,-6.06796536519384,12.680145216718,0.0127852186197925,0
0.25,320,even,11.2033964585911,-6.10586991553014,12.7592153389042,0.0127894183161921,0
0.25,321,odd,11.2730040843126,-6.14390432997974,12.8385364470449,0.0127827528959763,0
0.25,322,even,11.3428298232131,-6.18204289200506,12.9180988985157,0.0127892584077838,0
0.25,323,odd,11.4128706114457,-6.22031384590283,12.997913545575,0.0127826792628758,0
0.25,324,even,11.4831297242872,-6.2586855851625,13.0779681095804,0.0127923230350939,0
0.25,325,odd,11.5536036658075,-6.29719307276323,13.1582762847095,0.0127858307853987,0
0.25,326,even,11.6242965697603,-6.33579695165935,13.2388228298998,0.0127997233978752,0
0.25,327,odd,11.69520365632,-6.37454096510205,13.3196245220916,0.0127933209876767,0
0.25,328,even,11.7663310774571,-6.413375744329,13.4006630915012,0.0128128981314193,0
0.25,329,odd,11.8376713026975,-6.45235627369105,13.481958290418,0.0128065912200626,0
0.25,330,even,11.9092343942866,-6.49142054919357,13.5634892229945,0.0128336379754419,0
0.25,331,odd,11.9810077547462,-6.53063758303498,13.645277920114,0.0128274349429214,0
0.25,332,even,12.0530082200967,-6.56992987140251,13.7273019994671,0.0128640697352225,0
0.25,333,odd,12.125214716088,-6.60938339790129,13.8095841893959,0.0128579811061913,0
0.25,334,even,12.197654915287,-6.64890227869818,13.8921028057038,0.0129065819709826,0
0.25,335,odd,12.2702945513638,-6.68859228738155,13.9748784874171,0.0129006191193177,0
0.25,336,even,12.3431775651583,-6.72833660257934,14.0578937891013,0.0129636793109764,0
0.25,337,odd,12.4162503498791,-6.76826308653017,14.1411629667938,0.0129578524102349,0
0.25,338,even,12.4895799714687,-6.80823218547263,14.2246779707589,0.0130377614900814,0
0.25,339,odd,12.5630859162141,-6.8483951437541,14.3084406539688,0.0130320768185372,0
0.25,340,even,12.6368665447567,-6.88858914860601,14.3924592794079,0.0131308366455496,0
0.25,341,odd,12.7108056614759,-6.92898858853888,14.4767154821313,0.0131252935073087,0
0.25,342,even,12.7850420808441,-6.96940864280292,14.561242475512,0.0132441940741836,0
0.25,343,odd,12.8594143787723,-7.01004458167279,14.6459922141408,0.0132387817274049,0
0.25,344,even,12.9341114210754,-7.05069303664828,14.7310329433109,0.0133780762114526,0
0.25,345,odd,13.0089169026658,-7.09156550244877,14.8162762334189,0.0133727712654732,0
0.25,346,even,13.0840790158143,-7.13244599673177,14.9018363462229,0.0135313989401089,0
0.25,347,odd,13.1593176722918,-7.17355502766149,14.9875731984226,0.0135261636655901,0
0.25,348,even,13.2349484301506,-7.21467242462287,15.0736581628462,0.0137015699234384,0
0.25,349,odd,13.310620237218,-7.25601806723795,15.159888578135,0.0136963518147422,0
0.25,350,even,13.3867218447533,-7.29737823393106,15.2465031420334,0.013884444949217,0
0.25,351,odd,13.4628267589907,-7.3389605400556,15.3332271071524,0.0138791777098248,0
0.25,352,even,13.5393996093985,-7.3805699744503,15.4203747308803,0.0140744437241578,0
0.25,353,odd,13.6159375658444,-7.42238899712944,15.5075922142518,0.0140690496584046,0
0.25,354,even,13.6929799007815,-7.46425433345062,15.5952745353345,0.014264823477796,0
0.25,355,odd,13.7699508120574,-7.50631012233845,15.6829854840821,0.0142592171185942,0
0.25,356,even,13.8474585219132,-7.54843756126739,15.7712018687621,0.0144480868810479,0
0.25,357,odd,13.9248622791287,-7.59073015787556,15.859406207227,0.0144421795936642,0
0.25,358,even,14.0028288624969,-7.63312487619513,15.9481534318655,0.0146164853046198,0
0.25,359,odd,14.0806653380713,-7.67565430938827,16.0368510619237,0.0146101905925411,0
0.25,360,even,14.1590820237617,-7.71831990217,16.1261231526461,0.0147625721472204,0
0.25,361,odd,14.2373510762545,-7.76108618422975,16.2153139560601,0.0147558114221269,0
0.25,362,even,14.3162071018235,-7.80402418454006,16.3051022029248,0.0148797636379685,0
0.25,363,odd,14.3949085828604,-7.84702730805476,16.3947860459304,0.0148724722697162,0
0.25,364,even,14.4741916229628,-7.89023681861348,16.4850792022503,0.014962873498817,0
0.25,365,odd,14.5533253863521,-7.93347675442644,16.5752559425739,0.0149550069867885,0
0.25,366,even,14.6330221319013,-7.97695421687521,16.6660406225589,0.0150085992664257,0
0.25,367,odd,14.712588045002,-8.02043091333939,16.7567101190361,0.0150001393437238,0
0.25,368,even,14.7926849479573,-8.06417003671388,16.8479714171129,0.015015948237755,0
0.25,369,odd,14.8726829052178,-8.10788342054747,16.9391335419802,0.0150069086110252,0
0.25,370,even,14.9531671203964,-8.15187529220985,17.0308559124944,0.0149865973863692,0
0.25,371,odd,15.0335970586765,-8.19582527128382,17.122510566172,0.0149770286354087,0
0.25,372,even,15.1144576297025,-8.24005867974283,17.2146790189238,0.0149251835348192,0
0.25,373,odd,15.1953195444502,-8.28424514809779,17.3068261466175,0.014915176465462,0
0.25,374,even,15.2765488928155,-8.32870715411103,17.3994278274369,0.0148395194120736,0
0.25,375,odd,15.3578428533755,-8.37312999931091,17.4920674360976,0.0148292059418349,0
0.25,376,even,15.4394386371285,-8.4178067928962,17.5850936688708,0.014740733543837,0
0.25,377,odd,15.5211647984252,-8.46246590537992,17.6782258419312,0.0147302840963759,0
0.25,378,even,15.6031322164608,-8.5073439724525,17.7716747101201,0.0146433485618003,0
0.25,379,odd,15.6852908231764,-8.55223925576849,17.8652996160675,0.0146329650882038,0
0.25,380,even,15.7676454746171,-8.59730683798274,17.9591791719391,0.0145653639539178,0
0.25,381,odd,15.8502368530059,-8.64243821767282,18.0532970613914,0.0145552682119412,0
0.25,382,even,15.9330083762904,-8.68768697350855,18.1476293159848,0.0145285312750643,0
0.25,383,odd,16.0160329082166,-8.73305440108643,18.2422405008139,0.0145189488909647,0
0.25,384,even,16.0992699579522,-8.77848106369826,18.3370665863547,0.0145592693392489,0
0.25,385,odd,16.1827280316165,-8.82408451087946,18.4321713936785,0.0145504112483161,0
0.25,386,even,16.2665060358906,-8.86969219617017,18.5275589983844,0.0146912167712943,0
0.25,387,odd,16.3503979669226,-8.91553163328078,18.6231576909675,0.0146832603357216,0
0.25,388,even,16.4348334525964,-8.96133026978515,18.719213836773,0.0149717037776043,0
0.25,389,odd,16.5191593637478,-9.00740561990285,18.8153064854616,0.0149647753533504,0
0.25,390,even,16.6044413997671,-9.05341057297075,18.9122044625177,0.0154780168322297,0
0.25,391,odd,16.6892010242341,-9.09972162424449,19.0087907316026,0.0154721744235564,0
0.25,392,even,16.7756734355846,-9.14594780685192,19.1068394243825,0.0163619650506046,0
0.25,393,odd,16.8608657173457,-9.1924940270394,19.2039181319471,0.0163571694604379,0
0.25,394,even,16.9492970691707,-9.23893101469116,19.3037870220492,0.0180011273486986,0
0.25,395,odd,17.0349189930214,-9.28571102906836,19.4013548629248,0.0179971394447751,0
0.25,396,even,17.1278326237374,-9.33212835893054,19.5051478983728,0.0218072676379037,0
0.25,397,odd,17.2138730675118,-9.37913761487457,19.6031929292969,0.0218027504722347,0
0.25,398,even,17.3330681928278,-9.40930518519126,19.722259596384,0.0524734039813346,0
0.25,399,odd,17.419376389836,-9.45667107618078,19.8207105828257,0.0522842778571597,0
