energy,part3_absT2,breit_wigner_E1,breit_wigner_E2,breit_wigner_E3,breit_wigner_E4,breit_wigner_E5
0.002,7.4968277876108e-16,8.86136511631185e-09,0.00013585833679461,0.00941124566299942,0.066130870908634,0.170294397361205
0.00336334697589814,1.29518058119391e-15,8.90053059764704e-09,0.000136138269531659,0.00942552208463656,0.0662102811693489,0.170451526597316
0.00472669395179627,1.86998996289559e-15,8.93995630948183e-09,0.000136419068313178,0.00943983091258453,0.0662898311617146,0.1706088584854
0.00609004092769441,2.47535242722461e-15,8.97964456236115e-09,0.000136700736715136,0.00945417224468167,0.0663695212054061,0.170766393344621
0.00745338790359254,3.11255729202867e-15,9.01959769253067e-09,0.000136983278331976,0.00946854617913462,0.0664493516209869,0.170924131494699
0.00881673487949068,3.78294344700296e-15,9.05981806228062e-09,0.000137266696776731,0.00948295281452001,0.0665293227299126,0.171082073255905
0.0101800818553888,4.48790117415741e-15,9.10030806029497e-09,0.00013755099568114,0.00949739224978607,0.066609434854533,0.171240218949069
0.0115434288312869,5.22887403243002e-15,9.14107010200609e-09,0.000137836178695762,0.00951186458425436,0.0666896883180956,0.171398568895576
0.0129067758071851,6.00736081205118e-15,9.18210662995503e-09,0.000138122249490097,0.00952636991762144,0.0667700834447481,0.171557123417369
0.0142701227830832,6.82491755610011e-15,9.22342011415736e-09,0.000138409211752699,0.00954090834996053,0.0668506205595415,0.17171588283695
0.0156334697589814,7.68315965766636e-15,9.26501305247495e-09,0.000138697069191299,0.00955547998172327,0.0669312999884331,0.17187484747738
0.0169968167348795,8.58376402956543e-15,9.30688797099346e-09,0.000138985825532924,0.00957008491374141,0.0670121220582892,0.172034017662279
0.0183601637107776,9.52847135238467e-15,9.34904742440594e-09,0.000139275484524015,0.00958472324722849,0.0670930870968882,0.172193393715832
0.0197235106866758,1.05190884043239e-14,9.39149399640246e-09,0.000139566049930553,0.00959939508378166,0.0671741954329235,0.172352975962781
0.0210868576625739,1.15574904709706e-14,9.43423030006596e-09,0.000139857525538177,0.00961410052538331,0.0672554473960065,0.172512764728437
0.022450204638472,1.26456238458684e-14,9.47725897827445e-09,0.000140149915152309,0.00962883967440293,0.0673368433166696,0.17267276033867
0.0238135516143702,1.37855084181276e-14,9.52058270410959e-09,0.000140443222598279,0.00964361263359877,0.0674183835263691,0.172832963119918
0.0251768985902683,1.49792403507189e-14,9.56420418127189e-09,0.000140737451721449,0.00965841950611968,0.0675000683574884,0.172993373399184
0.0265402455661664,1.62289948585901e-14,9.60812614450247e-09,0.000141032606387341,0.00967326039550684,0.0675818981433404,0.173153991504037
0.0279035925420646,1.75370290830047e-14,9.65235136001178e-09,0.00014132869048176,0.00968813540569559,0.0676638732181715,0.173314817762615
0.0292669395179627,1.89056850688192e-14,9.69688262591509e-09,0.000141625707910924,0.00970304464101716,0.0677459939171639,0.173475852503625
0.0306302864938608,2.03373928502905e-14,9.74172277267513e-09,0.000141923662601596,0.00971798820620056,0.0678282605764387,0.173637096056341
0.031993633469759,2.18346736447234e-14,9.78687466355181e-09,0.000142222558501209,0.00973296620637431,0.0679106735330593,0.173798548750611
0.0333569804456571,2.34001431602361e-14,9.83234119505941e-09,0.000142522399577997,0.00974797874706832,0.0679932331250341,0.173960210916853
0.0347203274215553,2.50365150264857e-14,9.87812529743102e-09,0.000142823189821131,0.00976302593421573,0.06807593969132,0.174122082886056
0.0360836743974534,2.6746604337977e-14,9.92422993509074e-09,0.000143124933240846,0.00977810787415468,0.0681587935718248,0.174284164989785
0.0374470213733515,2.85333313367809e-14,9.97065810713353e-09,0.000143427633868581,0.00979322467363027,0.068241795107411,0.174446457560177
0.0388103683492497,3.03997252118198e-14,1.00174128478129e-08,0.000143731295757106,0.00980837643979633,0.0683249446398987,0.174608960929946
0.0401737153251478,3.23489280472476e-14,1.00644972270368e-08,0.000144035922980666,0.00982356328021735,0.0684082425120684,0.17477167543238
0.0415370623010459,3.43841989086508e-14,1.01119143508714e-08,0.000144341519635109,0.00983878530287035,0.0684916890676644,0.174934601401346
0.0429004092769441,3.65089180649235e-14,1.01596673620534e-08,0.000144648089838032,0.00985404261614675,0.0685752846513982,0.175097739171288
0.0442637562528422,3.87265913754648e-14,1.02077594405108e-08,0.000144955637728913,0.00986933532885431,0.0686590296089509,0.17526108907723
0.0456271032287403,4.10408548243933e-14,1.02561938038925e-08,0.000145264167469255,0.00988466355021901,0.0687429242869773,0.175424651454774
0.0469904502046385,4.34554792174825e-14,1.03049737081061e-08,0.000145573683242725,0.009900027389887,0.0688269690331084,0.175588426640106
0.0483537971805366,4.59743750511394e-14,1.03541024478654e-08,0.000145884189255293,0.00991542695792653,0.0689111641959547,0.175752414969989
0.0497171441564347,4.86015975566979e-14,1.04035833572467e-08,0.000146195689735383,0.00993086236482987,0.0689955101251096,0.175916616781774
0.0510804911323329,5.13413519102267e-14,1.04534198102543e-08,0.000146508188934008,0.0099463337215153,0.0690800071711527,0.176081032413391
0.052443838108231,5.41979986467916e-14,1.05036152213961e-08,0.00014682169112492,0.00996184113932906,0.0691646556856524,0.176245662203357
0.0538071850841292,5.71760592574677e-14,1.05541730462679e-08,0.000147136200604755,0.00997738473004731,0.06924945602117,0.176410506490775
0.0551705320600273,6.02802219860977e-14,1.06050967821486e-08,0.000147451721693178,0.00999296460587814,0.0693344085312623,0.176575565615334
0.0565338790359254,6.35153478384983e-14,1.06563899686048e-08,0.000147768258733037,0.0100085808794636,0.069419513570485,0.176740839917308
0.0578972260118236,6.68864768043315e-14,1.07080561881061e-08,0.000148085816090506,0.0100242336638815,0.0695047714943963,0.176906329737563
0.0592605729877217,7.03988342947919e-14,1.07600990666502e-08,0.000148404398155239,0.0100399230726479,0.0695901826595597,0.177072035417551
0.0606239199636198,7.40578378128519e-14,1.08125222743996e-08,0.000148724009340521,0.0100556492197185,0.0696757474235476,0.177237957299317
0.061987266939518,7.78691038733632e-14,1.08653295263285e-08,0.00014904465408342,0.0100714122194913,0.0697614661449445,0.177404095725496
0.0633506139154161,8.18384551531919e-14,1.09185245828807e-08,0.000149366336844944,0.0100872121868081,0.0698473391833505,0.177570451039315
0.0647139608913142,8.59719279012752e-14,1.09721112506396e-08,0.00014968906211019,0.0101030492369571,0.0699333668993843,0.177737023584593
0.0660773078672124,9.02757796273489e-14,1.10260933830089e-08,0.000150012834388509,0.0101189234856745,0.0700195496546867,0.177903813705746
0.0674406548431105,9.47564970438237e-14,1.10804748809053e-08,0.000150337658213654,0.010134835049147,0.0701058878119242,0.178070821747781
0.0688040018190086,9.94208043002453e-14,1.11352596934633e-08,0.000150663538143947,0.0101507840440134,0.0701923817347919,0.178238048056304
0.0701673487949068,1.04275671520635e-13,1.11904518187524e-08,0.000150990478762432,0.0101667705873672,0.0702790317880173,0.178405492977517
0.0715306957708049,1.09328323631246e-13,1.12460553045062e-08,0.000151318484677042,0.0101827947967585,0.0703658383373635,0.178573156858219
0.0728940427467031,1.14586249516509e-13,1.13020742488649e-08,0.000151647560520758,0.010198856790196,0.0704528017496324,0.178741040045809
0.0742573897226012,1.20057211492223e-13,1.13585128011301e-08,0.000151977710951771,0.0102149566861495,0.0705399223926687,0.178909142888284
0.0756207366984993,1.25749255123898e-13,1.14153751625336e-08,0.000152308940653653,0.0102310946035517,0.0706272006353627,0.179077465734244
0.0769840836743975,1.3167071939237e-13,1.14726655870186e-08,0.000152641254335515,0.0102472706618006,0.0707146368476541,0.179246008932887
0.0783474306502956,1.378302472157e-13,1.1530388382036e-08,0.000152974656732181,0.0102634849807614,0.0708022314005353,0.179414772834018
0.0797107776261937,1.44236796383757e-13,1.15885479093538e-08,0.000153309152604354,0.010279737680769,0.0708899846660552,0.179583757788041
0.0810741246020919,1.50899650812294e-13,1.1647148585881e-08,0.000153644746738785,0.0102960288826302,0.070977897017322,0.179752964145969
0.08243747157799,1.57828432289239e-13,1.17061948845063e-08,0.000153981443948446,0.0103123587076255,0.0710659688285075,0.179922392259416
0.0838008185538881,1.65033112567654e-13,1.17656913349519e-08,0.0001543192490727,0.0103287272775119,0.07115420047485,0.180092042480606
0.0851641655297863,1.72524025922292e-13,1.18256425246419e-08,0.00015465816697748,0.0103451347145246,0.0712425923326581,0.180261915162367
0.0865275125056844,1.80311882155111e-13,1.18860530995866e-08,0.000154998202555456,0.0103615811413797,0.0713311447793141,0.180432010658138
0.0878908594815825,1.88407780069663e-13,1.19469277652831e-08,0.000155339360726221,0.0103780666812762,0.0714198581932776,0.180602329321965
0.0892542064574807,1.96823221433105e-13,1.20082712876311e-08,0.000155681646436462,0.0103945914578982,0.0715087329540894,0.180772871508507
0.0906175534333788,2.0557012539244e-13,1.2070088493866e-08,0.000156025064660141,0.0104111555954175,0.0715977694423742,0.180943637573031
0.0919809004092769,2.14660843489091e-13,1.21323842735087e-08,0.000156369620398677,0.0104277592184957,0.0716869680398452,0.181114627871417
0.0933442473851751,2.24108175126089e-13,1.21951635793322e-08,0.000156715318681128,0.0104444024522864,0.071776329129307,0.181285842760159
0.0947075943610732,2.33925383641154e-13,1.22584314283462e-08,0.000157062164564371,0.0104610854224378,0.0718658530946594,0.181457282596365
0.0960709413369714,2.44126212984652e-13,1.23221929027995e-08,0.000157410163133293,0.0104778082550948,0.0719555403209011,0.181628947737757
0.0974342883128695,2.54724904892804e-13,1.23864531512006e-08,0.000157759319500971,0.0104945710769015,0.0720453911941334,0.181800838542672
0.0987976352887676,2.65736216799838e-13,1.24512173893571e-08,0.000158109638808865,0.0105113740150035,0.0721354061015638,0.181972955370066
0.100160982264666,2.77175440287648e-13,1.2516490901434e-08,0.000158461126227004,0.0105282171970504,0.0722255854315092,0.182145298579511
0.101524329240564,2.89058420280575e-13,1.25822790410317e-08,0.000158813786954176,0.0105451007511978,0.0723159295734005,0.1823178685312
0.102887676216462,3.01401574869248e-13,1.26485872322837e-08,0.000159167626218125,0.0105620248061101,0.0724064389177855,0.182490665585943
0.10425102319236,3.14221915891948e-13,1.27154209709747e-08,0.000159522649275738,0.010578989490963,0.072497113856333,0.182663690105172
0.105614370168258,3.27537070265945e-13,1.27827858256793e-08,0.000159878861413248,0.0105959949354455,0.0725879547818362,0.182836942450941
0.106977717144156,3.41365301967862e-13,1.28506874389222e-08,0.000160236267946422,0.0106130412697625,0.072678962088217,0.183010422985926
0.108341064120055,3.55725534999309e-13,1.29191315283595e-08,0.000160594874220767,0.0106301286246376,0.072770136170529,0.183184132073426
0.109704411095953,3.70637377009008e-13,1.29881238879826e-08,0.000160954685611725,0.0106472571313149,0.072861477424962,0.183358070077367
0.111067758071851,3.86121143840446e-13,1.30576703893443e-08,0.000161315707524877,0.0106644269215623,0.0729529862488451,0.183532237362297
0.112431105047749,4.02197884998577e-13,1.31277769828082e-08,0.000161677945396143,0.0106816381276733,0.073044663040651,0.183706634293392
0.113794452023647,4.18889409967271e-13,1.31984496988214e-08,0.000162041404691991,0.0106988908824698,0.0731365081999995,0.183881261236456
0.115157798999545,4.3621831546361e-13,1.32696946492114e-08,0.000162406090909639,0.0107161853193047,0.0732285221276616,0.184056118557922
0.116521145975443,4.54208013789691e-13,1.33415180285075e-08,0.000162772009577266,0.0107335215720643,0.073320705225563,0.184231206624849
0.117884492951342,4.72882762057894e-13,1.34139261152876e-08,0.000163139166254218,0.0107508997751709,0.0734130578967881,0.184406525804929
0.11924783992724,4.92267692597563e-13,1.348692527355e-08,0.000163507566531224,0.0107683200635854,0.073505580545584,0.184582076466485
0.120611186903138,5.12388844401369e-13,1.35605219541119e-08,0.000163877216030602,0.0107857825728097,0.073598273577364,0.184757858978471
0.121974533879036,5.33273195711817e-13,1.36347226960347e-08,0.000164248120406481,0.0108032874388896,0.073691137398712,0.184933873710476
0.123337880854934,5.5494869777184e-13,1.37095341280765e-08,0.000164620285345012,0.0108208347984171,0.0737841724173859,0.185110121032722
0.124701227830832,5.77444309863723e-13,1.37849629701724e-08,0.000164993716564588,0.0108384247885335,0.0738773790423217,0.185286601316065
0.12606457480673,6.00790035505107e-13,1.3861016034944e-08,0.000165368419816061,0.0108560575469314,0.0739707576836378,0.185463314932
0.127427921782628,6.25016960079716e-13,1.39377002292373e-08,0.000165744400882968,0.0108737332118577,0.0740643087526382,0.185640262252655
0.128791268758527,6.50157289781549e-13,1.40150225556911e-08,0.000166121665581751,0.0108914519221164,0.0741580326618172,0.185817443650799
0.130154615734425,6.76244391916715e-13,1.40929901143359e-08,0.000166500219761981,0.010909213817071,0.0742519298248629,0.18599485949984
0.131517962710323,7.03312836755917e-13,1.41716101042233e-08,0.000166880069306587,0.0109270190366474,0.0743460006566612,0.186172510173824
0.132881309686221,7.31398440838202e-13,1.42508898250884e-08,0.000167261220132083,0.0109448677213364,0.0744402455733003,0.186350396047439
0.134244656662119,7.6053831188834e-13,1.43308366790441e-08,0.000167643678188801,0.0109627600121968,0.074534664992074,0.186528517496014
0.135608003638017,7.90770895359577e-13,1.44114581723087e-08,0.00016802744946112,0.0109806960508577,0.0746292593314863,0.186706874895523
0.136971350613915,8.22136022710082e-13,1.44927619169683e-08,0.000168412539967699,0.0109986759795216,0.0747240290112551,0.18688546862258
0.138334697589814,8.54674961339814e-13,1.45747556327733e-08,0.000168798955761718,0.011016699940967,0.0748189744523166,0.187064299054448
0.139698044565712,8.88430466401694e-13,1.46574471489712e-08,0.000169186702931112,0.0110347680785512,0.074914096076829,0.187243366569032
0.14106139154161,9.23446834542263e-13,1.47408444061752e-08,0.000169575787598812,0.0110528805362133,0.075009394308177,0.187422671544886
0.142424738517508,9.59769959474135e-13,1.48249554582712e-08,0.000169966215922986,0.0110710374584766,0.0751048695709753,0.18760221436121
0.143788085493406,9.97447389785002e-13,1.49097884743617e-08,0.000170357994097282,0.0110892389904521,0.0752005222910736,0.187781995397854
0.145151432469304,1.03652838869771e-12,1.49953517407499e-08,0.000170751128351076,0.0111074852778406,0.0752963528955598,0.187962015035317
0.146514779445202,1.07706399597247e-12,1.50816536629627e-08,0.000171145624949718,0.0111257764669361,0.075392361812765,0.188142273654747
0.147878126421101,1.11910709229209e-12,1.51687027678158e-08,0.00017154149019478,0.0111441127046285,0.075488549472267,0.188322771637947
0.149241473396999,1.16271246569621e-12,1.52565077055194e-08,0.000171938730424313,0.0111624941384067,0.0755849163048949,0.188503509367368
0.150604820372897,1.20793688075855e-12,1.53450772518274e-08,0.000172337352013091,0.011180920916361,0.0756814627427331,0.188684487226118
0.151968167348795,1.25483915010111e-12,1.54344203102303e-08,0.000172737361372879,0.0111993931871866,0.0757781892191257,0.188865705597958
0.153331514324693,1.30348020865587e-12,1.55245459141929e-08,0.00017313876495268,0.0112179111001864,0.0758750961686804,0.189047164867303
0.154694861300591,1.35392319046598e-12,1.56154632294378e-08,0.000173541569239,0.0112364748052738,0.0759721840272732,0.189228865419227
0.156058208276489,1.40623350854506e-12,1.57071815562756e-08,0.000173945780756111,0.0112550844529758,0.0760694532320523,0.18941080763946
0.157421555252387,1.46047893745498e-12,1.57997103319837e-08,0.000174351406066312,0.011273740194436,0.0761669042214427,0.189592991914388
0.158784902228286,1.51672969903254e-12,1.58930591332342e-08,0.000174758451770197,0.0112924421814177,0.07626453743515,0.18977541863106
0.160148249204184,1.57505855137059e-12,1.59872376785712e-08,0.000175166924506921,0.0113111905663068,0.0763623533141652,0.189958088177183
0.161511596180082,1.63554088093748e-12,1.60822558309413e-08,0.000175576830954478,0.0113299855021149,0.0764603523007689,0.190141000941125
0.16287494315598,1.69825479795638e-12,1.61781236002754e-08,0.000175988177829962,0.0113488271424824,0.0765585348385355,0.190324157311917
0.164238290131878,1.76328123565354e-12,1.62748511461251e-08,0.000176400971889854,0.0113677156416816,0.0766569013723378,0.190507557679251
0.165601637107776,1.83070405290901e-12,1.63724487803548e-08,0.000176815219930292,0.0113866511546198,0.076755452348351,0.190691202433487
0.166964984083674,1.900610140795e-12,1.64709269698898e-08,0.000177230928787352,0.0114056338368424,0.0768541882140576,0.190875091965645
0.168328331059573,1.97308953309993e-12,1.6570296339523e-08,0.000177648105337333,0.011424663844536,0.0769531094182513,0.191059226667415
0.169691678035471,2.0482355207632e-12,1.66705676747806e-08,0.000178066756497037,0.0114437413345318,0.0770522164110419,0.191243606931152
0.171055025011369,2.12614477085863e-12,1.67717519248488e-08,0.000178486889224059,0.0114628664643084,0.0771515096438592,0.191428233149879
0.172418371987267,2.20691744954402e-12,1.68738602055632e-08,0.000178908510517074,0.0114820393919954,0.0772509895694582,0.191613105717287
0.173781718963165,2.29065735008987e-12,1.69769038024618e-08,0.000179331627416129,0.0115012602763761,0.0773506566419227,0.191798225027739
0.175145065939063,2.37747202519303e-12,1.7080894173903e-08,0.000179756247002938,0.0115205292768914,0.0774505113166705,0.191983591476267
0.176508412914961,2.46747292470129e-12,1.71858429542517e-08,0.000180182376401175,0.0115398465536425,0.0775505540504577,0.192169205458574
0.177871759890859,2.56077553797908e-12,1.72917619571335e-08,0.000180610022776776,0.0115592122673945,0.077650785301383,0.192355067371038
0.179235106866758,2.65749954178319e-12,1.73986631787589e-08,0.000181039193338241,0.0115786265795795,0.0777512055288925,0.192541177610709
0.180598453842656,2.75776895380459e-12,1.75065588013207e-08,0.000181469895336933,0.0115980896523,0.0778518151937843,0.192727536575313
0.181961800818554,2.86171229158873e-12,1.76154611964643e-08,0.000181902136067388,0.0116176016483321,0.0779526147582127,0.192914144663248
0.183325147794452,2.96946273779764e-12,1.77253829288346e-08,0.000182335922867622,0.0116371627311292,0.0780536046856932,0.193101002273593
0.18468849477035,3.0811583113909e-12,1.78363367597003e-08,0.000182771263119445,0.011656773064825,0.0781547854411072,0.193288109806102
0.186051841746248,3.19694204523494e-12,1.79483356506575e-08,0.000183208164248771,0.011676432814237,0.0782561574907059,0.193475467661208
0.187415188722146,3.31696217060156e-12,1.80613927674157e-08,0.000183646633725938,0.0116961421448699,0.0783577213021158,0.193663076240023
0.188778535698045,3.4413723079147e-12,1.8175521483667e-08,0.000184086679066025,0.011715901222919,0.0784594773443431,0.193850935944339
0.190141882673943,3.57033166557282e-12,1.8290735385041e-08,0.000184528307829176,0.011735710215274,0.0785614260877779,0.194039047176631
0.191505229649841,3.70400524573582e-12,1.84070482731483e-08,0.000184971527620923,0.0117555692895219,0.0786635680041996,0.194227410340054
0.192868576625739,3.84256405790474e-12,1.8524474169714e-08,0.000185416346092513,0.0117754786139506,0.0787659035667814,0.194416025838449
0.194231923601637,3.98618534049008e-12,1.86430273208035e-08,0.000185862770941241,0.0117954383575531,0.0788684332500945,0.194604894076338
0.195595270577535,4.13505279091467e-12,1.87627222011437e-08,0.000186310809910779,0.0118154486900298,0.0789711575301136,0.19479401545893
0.196958617553433,4.28935680405467e-12,1.88835735185413e-08,0.000186760470791514,0.0118355097817934,0.0790740768842216,0.194983390392121
0.198321964529332,4.44929472004019e-12,1.90055962184015e-08,0.000187211761420887,0.0118556218039713,0.0791771917912136,0.195173019282491
0.19968531150523,4.61507108169168e-12,1.91288054883484e-08,0.000187664689683734,0.01187578492841,0.0792805027313027,0.195362902537311
0.201048658481128,4.78689790071669e-12,1.92532167629513e-08,0.000188119263512628,0.0118959993276782,0.0793840101861241,0.195553040564539
0.202412005457026,4.96499493515196e-12,1.9378845728559e-08,0.000188575490888229,0.0119162651750708,0.0794877146387406,0.195743433772824
0.203775352432924,5.14958997633542e-12,1.95057083282438e-08,0.000189033379839636,0.0119365826446123,0.0795916165736466,0.195934082571506
0.205138699408822,5.34091914736007e-12,1.96338207668609e-08,0.000189492938444733,0.0119569519110606,0.079695716476774,0.196124987370616
0.20650204638472,5.5392272127567e-12,1.97631995162225e-08,0.000189954174830553,0.0119773731499106,0.079800014835496,0.196316148580878
0.207865393360618,5.7447679000655e-12,1.98938613203936e-08,0.000190417097173633,0.0119978465373981,0.0799045121386331,0.19650756661371
0.209228740336517,5.95780423384563e-12,2.0025823201109e-08,0.000190881713700377,0.0120183722505033,0.0800092088764572,0.196699241881225
0.210592087312415,6.17860888112548e-12,2.01591024633176e-08,0.000191348032687422,0.0120389504669547,0.080114105540697,0.19689117479623
0.211955434288313,6.4074645123409e-12,2.0293716700856e-08,0.000191816062462006,0.012059581365233,0.0802192026245427,0.197083365772231
0.213318781264211,6.64466417361049e-12,2.04296838022551e-08,0.00019228581140234,0.0120802651245744,0.0803245006226512,0.19727581522343
0.214682128240109,6.89051167531057e-12,2.0567021956683e-08,0.000192757287937983,0.0121010019249754,0.0804300000311512,0.197468523564728
0.216045475216007,7.14532199438793e-12,2.07057496600288e-08,0.000193230500550218,0.0121217919471954,0.0805357013476479,0.197661491211725
0.217408822191905,7.40942169287931e-12,2.08458857211303e-08,0.000193705457772436,0.0121426353727616,0.0806416050712282,0.197854718580721
0.218772169167804,7.683149351121e-12,2.09874492681492e-08,0.000194182168190521,0.0121635323839725,0.0807477117024658,0.198048206088719
0.220135516143702,7.96685601932229e-12,2.11304597550994e-08,0.000194660640443235,0.0121844831639017,0.0808540217434263,0.198241954153422
0.2214988631196,8.26090568596259e-12,2.12749369685302e-08,0.000195140883222612,0.012205487896402,0.0809605356976722,0.198435963193239
0.222862210095498,8.56567576297124e-12,2.14209010343715e-08,0.000195622905274349,0.0122265467661096,0.0810672540702682,0.198630233627281
0.224225557071396,8.88155759253151e-12,2.15683724249422e-08,0.000196106715398209,0.0122476599584473,0.0811741773677862,0.198824765875364
0.225588904047294,9.2089569703885e-12,2.171737196613e-08,0.00019659232244842,0.0122688276596297,0.0812813060983104,0.199019560358012
0.226952251023192,9.54829469127759e-12,2.18679208447436e-08,0.00019707973533408,0.0122900500566659,0.0813886407714427,0.199214617496454
0.228315597999091,9.90000711522539e-12,2.20200406160451e-08,0.000197568963019564,0.0123113273373649,0.0814961818983076,0.199409937712628
0.229678944974989,1.02645467548851e-11,2.21737532114657e-08,0.000198060014524939,0.0123326596903385,0.0816039299915578,0.19960552142918
0.231042291950887,1.06423828872807e-11,2.23290809465113e-08,0.000198552898926378,0.0123540473050062,0.0817118855653791,0.199801369069468
0.232405638926785,1.10340021887053e-11,2.24860465288618e-08,0.00019904762535658,0.0123754903715991,0.0818200491354958,0.199997481057558
0.233768985902683,1.14399093934488e-11,2.26446730666712e-08,0.000199544203005193,0.0123969890811638,0.0819284212191761,0.20019385781823
0.235132332878581,1.18606279797558e-11,2.28049840770724e-08,0.000200042641119238,0.012418543625567,0.0820370023352371,0.200390499776975
0.236495679854479,1.22967008816306e-11,2.29670034948946e-08,0.000200542949003545,0.0124401541974995,0.0821457930040504,0.200587407359998
0.237859026830377,1.2748691228419e-11,2.31307556815971e-08,0.00020104513602118,0.0124618209904804,0.0822547937475473,0.200784580994218
0.239222373806276,1.32171831148052e-11,2.32962654344277e-08,0.00020154921159389,0.0124835441988614,0.0823640050892243,0.200982021107272
0.240585720782174,1.37027823997442e-11,2.34635579958109e-08,0.000202055185202539,0.0125053240178311,0.0824734275541481,0.201179728127511
0.241949067758072,1.42061175361049e-11,2.36326590629731e-08,0.000202563066387557,0.0125271606434193,0.0825830616689617,0.201377702484003
0.24331241473397,1.47278404361757e-11,2.3803594797811e-08,0.000203072864749389,0.0125490542725013,0.0826929079618889,0.201575944606536
0.244675761709868,1.52686273667238e-11,2.39763918370115e-08,0.000203584589948949,0.0125710051028024,0.0828029669627406,0.201774454925617
0.246039108685766,1.5829179882702e-11,2.41510773024289e-08,0.000204098251708075,0.012593013332902,0.0829132392029197,0.201973233872471
0.247402455661664,1.6410225798814e-11,2.43276788117283e-08,0.000204613859809994,0.0126150791622385,0.0830237252154269,0.202172281879046
0.248765802637563,1.70125201959364e-11,2.45062244893017e-08,0.000205131424099786,0.012637202791113,0.0831344255348661,0.202371599378012
0.250129149613461,1.76368464699956e-11,2.46867429774665e-08,0.000205650954484854,0.0126593844206945,0.0832453406974497,0.202571186802761
0.251492496589359,1.82840174223046e-11,2.48692634479528e-08,0.000206172460935397,0.0126816242530241,0.0833564712410046,0.202771044587409
0.252855843565257,1.89548763924948e-11,2.50538156136896e-08,0.000206695953484892,0.0127039224910194,0.0834678177049773,0.202971173166799
0.254219190541155,1.9650298436895e-11,2.52404297408982e-08,0.00020722144223057,0.0127262793384791,0.08357938063044,0.203171572976495
0.255582537517053,2.03711915559061e-11,2.54291366615022e-08,0.00020774893733391,0.0127486950000878,0.0836911605600955,0.203372244452792
0.256945884492951,2.11184979678822e-11,2.56199677858627e-08,0.000208278449021125,0.0127711696814203,0.0838031580382836,0.20357318803271
0.258309231468849,2.18931954345052e-11,2.58129551158506e-08,0.000208809987583659,0.0127937035889466,0.0839153736109862,0.203774404153999
0.259672578444748,2.26962986405915e-11,2.60081312582631e-08,0.000209343563378687,0.0128162969300359,0.0840278078258332,0.203975893255137
0.261035925420646,2.3528860628202e-11,2.62055294385986e-08,0.00020987918682962,0.0128389499129621,0.0841404612321082,0.204177655775333
0.262399272396544,2.43919742898632e-11,2.64051835151971e-08,0.000210416868426613,0.012861662746908,0.0842533343807542,0.204379692154529
0.263762619372442,2.5286773921051e-11,2.660712799376e-08,0.000210956618727079,0.0128844356419701,0.0843664278243791,0.204582002833394
0.26512596634834,2.62144368354126e-11,2.68113980422604e-08,0.000211498448356207,0.0129072688091635,0.084479742117262,0.204784588253336
0.266489313324238,2.7176185046155e-11,2.70180295062545e-08,0.000212042368007483,0.0129301624604266,0.0845932778153582,0.204987448856494
0.267852660300136,2.81732870144805e-11,2.72270589246085e-08,0.000212588388443222,0.0129531168086261,0.0847070354763059,0.20519058508574
0.269216007276035,2.92070594692518e-11,2.7438523545653e-08,0.000213136520495095,0.0129761320675616,0.0848210156594314,0.205393997384687
0.270579354251933,3.02788693019561e-11,2.76524613437774e-08,0.00021368677506467,0.0129992084519706,0.0849352189257549,0.205597686197679
0.271942701227831,3.13901355403691e-11,2.78689110364798e-08,0.000214239163123952,0.0130223461775336,0.0850496458379969,0.205801651969801
0.273306048203729,3.25423313968023e-11,2.80879121018858e-08,0.000214793695715929,0.0130455454608786,0.0851642969605837,0.206005895146876
0.274669395179627,3.37369864066494e-11,2.83095047967501e-08,0.000215350383955126,0.0130688065195868,0.0852791728596532,0.206210416175466
0.276032742155525,3.49756886510792e-11,2.85337301749584e-08,0.000215909239028159,0.0130921295721967,0.0853942741030613,0.206415215502873
0.277396089131423,3.62600870735282e-11,2.87606301065434e-08,0.000216470272194301,0.0131155148382099,0.0855096012603873,0.20662029357714
0.278759436107322,3.75918938865067e-11,2.89902472972323e-08,0.000217033494786045,0.0131389625380959,0.0856251549029405,0.206825650847054
0.28012278308322,3.89728870873688e-11,2.9222625308543e-08,0.000217598918209678,0.0131624728932971,0.0857409356037654,0.207031287762143
0.281486130059118,4.04049130665347e-11,2.9457808578446e-08,0.000218166553945856,0.013186046126234,0.0858569439376487,0.207237204772679
0.282849477035016,4.18898893324436e-11,2.96958424426108e-08,0.00021873641355019,0.0132096824603104,0.0859731804811244,0.20744340232968
0.284212824010914,4.34298073441477e-11,2.99367731562559e-08,0.000219308508653833,0.0132333821199186,0.0860896458124806,0.207649880884909
0.285576170986812,4.50267354632982e-11,3.01806479166213e-08,0.000219882850964072,0.0132571453304447,0.0862063405117652,0.207856640890875
0.28693951796271,4.66828220331062e-11,3.04275148860844e-08,0.000220459452264927,0.0132809723182736,0.0863232651607922,0.208063682800835
0.288302864938608,4.84002985801951e-11,3.0677423215941e-08,0.000221038324417756,0.0133048633107946,0.0864404203431475,0.208271007068795
0.289666211914507,5.01814831508426e-11,3.0930423070872e-08,0.000221619479361865,0.0133288185364066,0.0865578066441956,0.208478614149509
0.291029558890405,5.20287837922726e-11,3.11865656541195e-08,0.000222202929115124,0.0133528382245232,0.0866754246510855,0.208686504498483
0.292392905866303,5.39447021714784e-11,3.14459032333961e-08,0.000222788685774584,0.0133769226055787,0.0867932749527568,0.208894678571971
0.293756252842201,5.59318373543566e-11,3.17084891675504e-08,0.000223376761517109,0.0134010719110329,0.0869113581399462,0.209103136826981
0.295119599818099,5.79928897435687e-11,3.19743779340162e-08,0.000223967168600009,0.0134252863733769,0.0870296748051933,0.209311879721274
0.296482946793997,6.01306651765771e-11,3.22436251570701e-08,0.000224559919361671,0.0134495662261385,0.0871482255428477,0.209520907713364
0.297846293769895,6.23480792008889e-11,3.25162876369254e-08,0.000225155026222214,0.0134739117038878,0.0872670109490743,0.20973022126252
0.299209640745794,6.46481615361965e-11,3.27924233796909e-08,0.00022575250168413,0.0134983230422427,0.0873860316218605,0.209939820828764
0.300572987721692,6.70340607108462e-11,3.30720916282242e-08,0.000226352358332946,0.0135228004778743,0.0875052881610221,0.210149706872879
0.30193633469759,6.95090489164791e-11,3.33553528939095e-08,0.000226954608837886,0.013547344248513,0.0876247811682097,0.2103598798564
0.303299681673488,7.20765270557268e-11,3.36422689893919e-08,0.000227559265952537,0.0135719545929537,0.0877445112469151,0.210570340241623
0.304663028649386,7.47400300081832e-11,3.39329030623023e-08,0.000228166342515528,0.0135966317510617,0.087864479002478,0.210781088491603
0.306026375625284,7.75032321281216e-11,3.42273196300059e-08,0.000228775851451207,0.0136213759637784,0.0879846850420922,0.210992125070154
0.307389722601182,8.0369952971537e-11,3.452558461541e-08,0.000229387805770332,0.0136461874731272,0.0881051299748119,0.211203450441849
0.308753069577081,8.33441632724665e-11,3.48277653838699e-08,0.000230002218570763,0.0136710665222191,0.0882258144115588,0.211415065072025
0.310116416552979,8.64299911797035e-11,3.51339307812292e-08,0.000230619103038166,0.0136960133552587,0.0883467389651279,0.211626969426781
0.311479763528877,8.96317287664574e-11,3.54441511730364e-08,0.000231238472446714,0.01372102821755,0.0884679042501946,0.211839163972978
0.312843110504775,9.29538388112558e-11,3.57584984849786e-08,0.000231860340159808,0.0137461113555022,0.0885893108833209,0.212051649178241
0.314206457480673,9.64009618894877e-11,3.60770462445754e-08,0.000232484719630792,0.0137712630166359,0.0887109594829625,0.212264425510961
0.315569804456571,9.99779237544175e-11,3.63998696241796e-08,0.000233111624403685,0.0137964834495891,0.0888328506694748,0.212477493440294
0.316933151432469,1.03689743063376e-10,3.67270454853294e-08,0.000233741068113911,0.0138217729041229,0.08895498506512,0.212690853436162
0.318296498408367,1.07541639424286e-10,3.70586524245035e-08,0.000234373064489042,0.0138471316311277,0.0890773632940734,0.212904505969256
0.319659845384266,1.11539041810756e-10,3.73947708203274e-08,0.000235007627349548,0.0138725598826297,0.0891999859824307,0.213118451511035
0.321023192360164,1.15687597335442e-10,3.77354828822863e-08,0.000235644770609549,0.0138980579117964,0.0893228537582139,0.213332690533724
0.322386539336062,1.19993180415653e-10,3.80808727009974e-08,0.00023628450827758,0.0139236259729431,0.089445967251379,0.213547223510323
0.32374988631196,1.24461902344143e-10,3.84310263001007e-08,0.000236926854457362,0.0139492643215394,0.089569327093822,0.213762050914599
0.325113233287858,1.29100121291373e-10,3.87860316898273e-08,0.000237571823348572,0.0139749732142149,0.0896929339193858,0.213977173221092
0.326476580263756,1.33914452738829e-10,3.91459789223079e-08,0.000238219429247638,0.0140007529087658,0.0898167883638676,0.214192590905114
0.327839927239654,1.38911780396027e-10,3.95109601486856e-08,0.000238869686548523,0.0140266036641613,0.0899408910650252,0.214408304442751
0.329203274215553,1.44099267589593e-10,3.98810696781017e-08,0.000239522609743527,0.0140525257405497,0.090065242662584,0.214624314310862
0.330566621191451,1.49484369168742e-10,4.02564040386242e-08,0.000240178213424094,0.0140785193992652,0.0901898437982441,0.214840620987081
0.331929968167349,1.55074843954181e-10,4.06370620401927e-08,0.000240836512281629,0.0141045849028341,0.0903146951156868,0.21505722494982
0.333293315143247,1.60878767734731e-10,4.10231448396565e-08,0.000241497521108318,0.0141307225149812,0.0904397972605823,0.215274126678265
0.334656662119145,1.66904546861902e-10,4.14147560079853e-08,0.000242161254797961,0.0141569325006366,0.0905651508805959,0.215491326652379
0.336020009095043,1.73160932460899e-10,4.18120015997373e-08,0.000242827728346807,0.0141832151259424,0.0906907566253953,0.215708825352905
0.337383356070941,1.79657035274594e-10,4.22149902248692e-08,0.000243496956854406,0.0142095706582586,0.0908166151466581,0.215926623261365
0.33874670304684,1.86402341215125e-10,4.26238331229813e-08,0.000244168955524461,0.0142359993661708,0.090942727098078,0.21614472086006
0.340110050022738,1.93406727582449e-10,4.30386442400916e-08,0.000244843739665688,0.0142625015194959,0.0910690931353727,0.216363118632071
0.341473396998636,2.00680480058384e-10,4.34595403080367e-08,0.000245521324692697,0.0142890773892896,0.0911957139162905,0.216581817061262
0.342836743974534,2.08234310488988e-10,4.38866409266049e-08,0.000246201726126861,0.0143157272478528,0.0913225901006176,0.216800816632278
0.344200090950432,2.16079375454708e-10,4.43200686485075e-08,0.000246884959597213,0.0143424513687387,0.0914497223501854,0.217020117830546
0.34556343792633,2.24227295725556e-10,4.47599490673026e-08,0.000247571040841337,0.0143692500267594,0.0915771113288775,0.21723972114228
0.346926784902228,2.32690176618774e-10,4.52064109083872e-08,0.000248259985706281,0.0143961234979929,0.0917047577026373,0.217459627054476
0.348290131878126,2.41480629280202e-10,4.56595861231834e-08,0.000248951810149463,0.0144230720597902,0.0918326621394745,0.217679836054917
0.349653478854025,2.50611792984673e-10,4.61196099866439e-08,0.000249646530239603,0.0144500959907823,0.0919608253094734,0.217900348632169
0.351016825829923,2.60097358478103e-10,4.65866211982153e-08,0.00025034416215765,0.014477195570887,0.0920892478847993,0.218121165275589
0.352380172805821,2.69951592399429e-10,4.70607619863958e-08,0.000251044722197729,0.0145043710813165,0.0922179305397065,0.21834228647532
0.353743519781719,2.80189362884621e-10,4.75421782170383e-08,0.000251748226768085,0.0145316228045839,0.0923468739505452,0.218563712722293
0.355106866757617,2.9082616632142e-10,4.80310195055494e-08,0.000252454692392051,0.014558951024511,0.0924760787957692,0.218785444508228
0.356470213733515,3.01878155449428e-10,4.85274393331484e-08,0.000253164135709013,0.0145863560262352,0.0926055457559433,0.219007482325637
0.357833560709413,3.13362168735127e-10,4.90315951673525e-08,0.000253876573475391,0.0146138380962166,0.0927352755137504,0.21922982666782
0.359196907685312,3.25295761188999e-10,4.95436485868669e-08,0.000254592022565628,0.0146413975222461,0.0928652687539996,0.219452478028872
0.36056025466121,3.3769723663105e-10,5.00637654110631e-08,0.000255310499973191,0.014669034593452,0.092995526163633,0.219675436903677
0.361923601637108,3.5058568152862e-10,5.05921158342397e-08,0.000256032022811575,0.0146967496003075,0.093126048431734,0.219898703787913
0.363286948613006,3.6398100043541e-10,5.11288745648693e-08,0.000256756608315326,0.0147245428346388,0.0932568362495343,0.220122279178055
0.364650295588904,3.77903953171373e-10,5.16742209700429e-08,0.000257484273841067,0.014752414589632,0.0933878903104216,0.220346163571367
0.366013642564802,3.92376193812712e-10,5.22283392253361e-08,0.00025821503686854,0.0147803651598409,0.0935192113099473,0.220570357465914
0.3673769895407,4.07420311535695e-10,5.27914184703297e-08,0.000258948915001652,0.0148083948411945,0.0936507999458343,0.220794861360552
0.368740336516598,4.23059873519473e-10,5.33636529700308e-08,0.000259685925969538,0.014836503931005,0.0937826569179844,0.221019675754937
0.370103683492497,4.39319469890481e-10,5.39452422824513e-08,0.000260426087627629,0.0148646927279752,0.0939147829284863,0.221244801149522
0.371467030468395,4.56224760915514e-10,5.4536391432613e-08,0.000261169417958735,0.0148929615322062,0.094047178681623,0.221470238045559
0.372830377444293,4.73802526531107e-10,5.51373110932643e-08,0.000261915935074134,0.0149213106452056,0.0941798448838799,0.221695986945096
0.374193724420191,4.92080718266436e-10,5.57482177726038e-08,0.000262665657214678,0.0149497403698951,0.0943127822439525,0.221922048350985
0.375557071396089,5.11088513868779e-10,5.63693340093248e-08,0.000263418602751908,0.0149782510106186,0.0944459914727541,0.222148422766875
0.376920418371987,5.30856374498106e-10,5.70008885753074e-08,0.000264174790189171,0.0150068428731498,0.0945794732834237,0.222375110697218
0.378283765347885,5.51416104929909e-10,5.76431166863045e-08,0.000264934238162768,0.0150355162647007,0.0947132283913342,0.222602112647268
0.379647112323784,5.72800916703063e-10,5.82962602209822e-08,0.000265696965443092,0.0150642714939294,0.0948472575140999,0.222829429123079
0.381010459299682,5.95045494461434e-10,5.89605679486963e-08,0.000266462990935793,0.0150931088709483,0.0949815613715847,0.223057060631513
0.38237380627558,6.18186065696576e-10,5.96362957664064e-08,0.000267232333682948,0.0151220287073324,0.0951161406859099,0.223285007680232
0.383737153251478,6.42260473999499e-10,6.03237069451459e-08,0.000268005012864241,0.0151510313161271,0.0952509961814624,0.223513270777704
0.385100500227376,6.67308256082138e-10,6.10230723864953e-08,0.000268781047798165,0.0151801170118573,0.0953861285849027,0.223741850433204
0.386463847203274,6.93370722702445e-10,6.17346708895206e-08,0.000269560457943219,0.0152092861105349,0.0955215386251729,0.22397074715681
0.387827194179172,7.20491043810814e-10,6.24587894286725e-08,0.000270343262899137,0.0152385389296676,0.0956572270335049,0.22419996145941
0.389190541155071,7.4871433803567e-10,6.319572344316e-08,0.000271129482408114,0.0152678757882675,0.0957931945434283,0.224429493852697
0.390553888130969,7.78087766864246e-10,6.39457771383449e-08,0.000271919136356051,0.0152972970068593,0.0959294418907791,0.224659344849174
0.391917235106867,8.08660633715574e-10,6.47092637997313e-08,0.000272712244773816,0.0153268029074891,0.0960659698137071,0.224889514962152
0.393280582082765,8.40484488142746e-10,6.54865061201545e-08,0.000273508827838506,0.0153563938137328,0.096202779052685,0.225120004705751
0.394643929058663,8.73613235617998e-10,6.62778365408081e-08,0.00027430890587474,0.015386070050705,0.0963398703505159,0.225350814594903
0.396007276034561,9.08103252972238e-10,6.70835976067812e-08,0.000275112499355945,0.0154158319450677,0.0964772444523422,0.22558194514535
0.397370623010459,9.4401351001302e-10,6.79041423378166e-08,0.000275919628905672,0.015445679825039,0.0966149021056534,0.225813396873643
0.398733969986357,9.81405697677605e-10,6.87398346150392e-08,0.000276730315298917,0.0154756140204019,0.096752844060295,0.22604517029715
0.400097316962256,1.02034436292929e-09,6.95910495844444e-08,0.000277544579463455,0.0155056348625133,0.0968910710684763,0.226277265934048
0.401460663938154,1.06089705091142e-09,7.04581740779839e-08,0.000278362442481195,0.0155357426843134,0.0970295838847793,0.22650968430333
0.402824010914052,1.10313445481238e-09,7.13416070531295e-08,0.000279183925589538,0.0155659378203337,0.0971683832661668,0.2267424259248
0.40418735788995,1.14713057372489e-09,7.22417600518484e-08,0.00028000905018276,0.0155962206067071,0.0973074699719914,0.22697549131908
0.405550704865848,1.19296287928422e-09,7.3159057679976e-08,0.000280837837813403,0.0156265913811767,0.0974468447640032,0.227208881007606
0.406914051841746,1.24071249120533e-09,7.40939381080287e-08,0.000281670310193681,0.0156570504831046,0.0975865084063591,0.227442595512631
0.408277398817644,1.29046436256885e-09,7.5046853594559e-08,0.000282506489196903,0.015687598253482,0.0977264616656312,0.227676635357222
0.409640745793543,1.34230747528728e-09,7.60182710332208e-08,0.000283346396858908,0.0157182350349378,0.097866705310815,0.227911001065267
0.411004092769441,1.39633504636891e-09,7.70086725247805e-08,0.000284190055379516,0.0157489611717482,0.0980072401133385,0.228145693161469
0.412367439745339,1.45264474574594e-09,7.80185559753817e-08,0.000285037487123996,0.0157797770098466,0.0981480668470708,0.228380712171351
0.413730786721237,1.51133892605432e-09,7.90484357224505e-08,0.000285888714624546,0.0158106828968324,0.0982891862883307,0.228616058621255
0.415094133697135,1.57252486571944e-09,8.009884318971e-08,0.000286743760581792,0.015841679181981,0.0984305992158955,0.228851733038342
0.416457480673033,1.63631502531942e-09,8.11703275728621e-08,0.0002876026478663,0.0158727662162536,0.0985723064110097,0.229087735950593
0.417820827648931,1.70282731883211e-09,8.22634565575879e-08,0.000288465399520103,0.0159039443523066,0.098714308657394,0.229324067886812
0.419184174624829,1.77218540012012e-09,8.33788170716195e-08,0.000289332038758249,0.0159352139445013,0.0988566067412539,0.229560729376623
0.420547521600728,1.84451896594398e-09,8.45170160727447e-08,0.000290202588970361,0.0159665753489143,0.098999201451289,0.229797720950472
0.421910868576626,1.91996407636093e-09,8.56786813747182e-08,0.000291077073722212,0.0159980289233467,0.0991420935787012,0.230035043139628
0.423274215552524,1.99866349381473e-09,8.68644625131793e-08,0.000291955516757324,0.0160295750273345,0.0992852839172044,0.230272696476184
0.424637562528422,2.08076704169909e-09,8.80750316538058e-08,0.000292837941998575,0.0160612140221588,0.0994287732630331,0.230510681493055
0.42600090950432,2.16643198413604e-09,8.93110845450744e-08,0.000293724373549828,0.0160929462708555,0.0995725624149513,0.230748998723982
0.427364256480218,2.25582342789979e-09,9.05733415181505e-08,0.000294614835697579,0.0161247721382255,0.099716652174262,0.230987648703531
0.428727603456116,2.34911474826141e-09,9.1862548536589e-08,0.000295509352912615,0.0161566919908454,0.0998610433448158,0.231226631967092
0.430090950432015,2.44648803989814e-09,9.31794782987044e-08,0.000296407949851701,0.0161887061970773,0.10000573673302,0.231465949050882
0.431454297407913,2.54813459514623e-09,9.45249313956502e-08,0.000297310651359272,0.0162208151270797,0.100150733147849,0.231705600491945
0.432817644383811,2.65425541046585e-09,9.58997375284497e-08,0.000298217482469153,0.0162530191528172,0.100296033400851,0.231945586828152
0.434180991359709,2.76506172400934e-09,9.73047567874331e-08,0.000299128468406295,0.016285318648072,0.10044163830616,0.232185908598201
0.435544338335607,2.88077558546161e-09,9.8740880997764e-08,0.000300043634588524,0.0163177139884537,0.100587548680503,0.232426566341618
0.436907685311505,3.00163046094705e-09,1.00209035134986e-07,0.00030096300662832,0.0163502055514103,0.10073376534321,0.232667560598759
0.438271032287403,3.12787187500938e-09,1.01710178814787e-07,0.000301886610334601,0.0163827937162389,0.100880289116224,0.232908891910809
0.439634379263302,3.25975809228191e-09,1.03245307861457e-07,0.000302814471714539,0.0164154788640967,0.101027120824109,0.233150560819781
0.4409977262392,3.3975608415366e-09,1.04815455959834e-07,0.000303746616975387,0.0164482613780115,0.101174261294061,0.23339256786852
0.442361073215098,3.54156608513457e-09,1.06421696395848e-07,0.000304683072526332,0.016481141642893,0.101321711355916,0.233634913600701
0.443724420190996,3.69207483669329e-09,1.08065143891135e-07,0.000305623864980361,0.0165141200455437,0.101469471842159,0.233877598560832
0.445087767166894,3.84940403058106e-09,1.09746956537591e-07,0.000306569021156153,0.01654719697467,0.101617543587937,0.234120623294249
0.446451114142792,4.01388744698847e-09,1.11468337838114e-07,0.000307518568079991,0.0165803728208933,0.101765927431065,0.234363988347124
0.44781446111869,4.18587669612335e-09,1.1323053886027e-07,0.00030847253298769,0.0166136479767618,0.101914624212036,0.23460769426646
0.449177808094588,4.36574226593751e-09,1.15034860510063e-07,0.00030943094332655,0.0166470228367609,0.102063634774032,0.234851741600093
0.450541155070487,4.55387463776177e-09,1.16882655933538e-07,0.000310393826757333,0.0166804977973255,0.102212959962932,0.235096130896693
0.451904502046385,4.75068547488171e-09,1.1877533305449e-07,0.000311361211156253,0.016714073256851,0.102362600627325,0.235340862705764
0.453267849022283,4.95660888941451e-09,1.20714357257172e-07,0.000312333124616996,0.016747749615705,0.102512557618515,0.235585937577644
0.454631195998181,5.17210279287892e-09,1.22701254223543e-07,0.000313309595452758,0.0167815272762392,0.102662831790533,0.235831356063508
0.455994542974079,5.39765033671585e-09,1.24737612935312e-07,0.000314290652198306,0.0168154066428007,0.102813424000149,0.236077118715364
0.457357889949977,5.63376144987294e-09,1.26825088851821e-07,0.000315276323612062,0.016849388121744,0.102964335106879,0.236323226086057
0.458721236925875,5.880974479235e-09,1.28965407275625e-07,0.000316266638678208,0.016883472121443,0.103115565972995,0.236569678729269
0.460084583901774,6.13985794301926e-09,1.31160366918553e-07,0.000317261626608821,0.016917659052303,0.103267117463536,0.236816477199516
0.461447930877672,6.41101240256036e-09,1.33411843682009e-07,0.00031826131684602,0.0169519493267725,0.103418990446317,0.237063622052155
0.46281127785357,6.69507246511418e-09,1.35721794666358e-07,0.000319265739064145,0.0169863433593557,0.10357118579194,0.237311113843378
0.464174624829468,6.9927089241382e-09,1.38092262425399e-07,0.000320274923171962,0.0170208415666243,0.103723704373805,0.237558953130215
0.465537971805366,7.30463104993288e-09,1.40525379483187e-07,0.000321288899314884,0.0170554443672302,0.103876547068115,0.237807140470535
0.466901318781264,7.63158904213657e-09,1.43023373131879e-07,0.000322307697877224,0.0170901521819177,0.104029714753893,0.238055676423047
0.468264665757162,7.97437665490842e-09,1.45588570530739e-07,0.000323331349484466,0.0171249654335362,0.104183208312988,0.238304561547296
0.469628012733061,8.33383401182281e-09,1.48223404128127e-07,0.000324359885005573,0.0171598845470524,0.104337028630085,0.238553796403669
0.470991359708959,8.7108506222663e-09,1.50930417430043e-07,0.000325393335555307,0.0171949099495633,0.104491176592718,0.238803381553392
0.472354706684857,9.10636861705686e-09,1.53712271140791e-07,0.000326431732496581,0.0172300420703086,0.104645653091277,0.239053317558532
0.473718053660755,9.52138622130495e-09,1.56571749703452e-07,0.000327475107442845,0.017265281340684,0.10480045901902,0.239303604981995
0.475081400636653,9.95696148319318e-09,1.59511768270175e-07,0.00032852349226048,0.0173006281942538,0.104955595272083,0.23955424438753
0.476444747612551,1.04142162793607e-08,1.62535380134903e-07,0.000329576919071239,0.0173360830667638,0.105111062749493,0.239805236339726
0.477808094588449,1.08943406214958e-08,1.65645784663903e-07,0.000330635420254703,0.0173716463961547,0.105266862353172,0.240056581404013
0.479171441564347,1.13985972886128e-08,1.68846335762596e-07,0.000331699028450767,0.0174073186225753,0.105422994987954,0.240308280146665
0.480534788540246,1.19283268098127e-08,1.72140550920513e-07,0.000332767776562158,0.0174431001883956,0.105579461561593,0.240560333134796
0.481898135516144,1.24849528326907e-08,1.75532120879964e-07,0.000333841697756977,0.0174789915382199,0.105736262984771,0.240812740936365
0.483261482492042,1.30699879064185e-08,1.79024919978039e-07,0.00033492082547127,0.0175149931189012,0.105893400171114,0.241065504120171
0.48462482946794,1.36850397155907e-08,1.82623017216078e-07,0.000336005193411631,0.0175511053795537,0.106050874037197,0.241318623255859
0.485988176443838,1.43318178075765e-08,1.8633068811569e-07,0.000337094835557834,0.0175873287715672,0.10620868550256,0.241572098913917
0.487351523419736,1.50121408536945e-08,1.90152427425835e-07,0.000338189786165491,0.0176236637486205,0.106366835489713,0.241825931665674
0.488714870395634,1.5727944491594e-08,1.94092962751523e-07,0.000339290079768744,0.0176601107666953,0.106525324924152,0.242080122083306
0.490078217371533,1.64812898050541e-08,1.9815726918132e-07,0.000340395751182989,0.0176966702840904,0.106684154734366,0.242334670739834
0.491441564347431,1.72743724941894e-08,2.0235058499819e-07,0.000341506835507627,0.0177333427614353,0.10684332585185,0.24258957820912
0.492804911323329,1.81095328021238e-08,2.06678428566362e-07,0.000342623368128847,0.0177701286617048,0.107002839211115,0.242844845065874
0.494168258299227,1.8989266268915e-08,2.11146616495915e-07,0.000343745384722445,0.017807028450233,0.107162695749699,0.243100471885651
0.495531605275125,1.99162353881999e-08,2.15761283196755e-07,0.00034487292125667,0.0178440425947277,0.107322896408177,0.243356459244849
0.496894952251023,2.08932822510931e-08,2.2052890194481e-07,0.00034600601399511,0.0178811715652848,0.107483442130176,0.243612807720713
0.498258299226921,2.19234422763472e-08,2.25456307595562e-07,0.000347144699499597,0.0179184158344028,0.107644333862378,0.243869517891335
0.49962164620282,2.30099591246834e-08,2.30550721093819e-07,0.000348289014633168,0.0179557758769979,0.107805572554541,0.244126590335651
0.500984993178718,2.41563009181488e-08,2.3581977594391e-07,0.000349438996563034,0.017993252170418,0.107967159159503,0.244384025633444
0.502348340154616,2.53661778911505e-08,2.41271546821588e-07,0.000350594682763607,0.0180308451944584,0.108129094633193,0.244641824365345
0.503711687130514,2.66435616159748e-08,2.46914580527987e-07,0.000351756111019545,0.0180685554313759,0.108291379934649,0.244899987112828
0.505075034106412,2.79927059577451e-08,2.52757929507336e-07,0.000352923319428843,0.0181063833659045,0.108454016026022,0.245158514458218
0.50643838108231,2.94181699432381e-08,2.58811188173987e-07,0.000354096346405952,0.0181443294852706,0.108617003872589,0.245417406984684
0.507801728058208,3.09248427289465e-08,2.65084532321142e-07,0.000355275230684943,0.0181823942792078,0.108780344442768,0.245676665276243
0.509165075034106,3.25179708973136e-08,2.71588761913698e-07,0.000356460011322698,0.0182205782399728,0.108944038708124,0.245936289917761
0.510528422010005,3.42031883203384e-08,2.78335347601448e-07,0.000357650727702148,0.0182588818623604,0.109108087643386,0.246196281494948
0.511891768985903,3.59865488643034e-08,2.85336481326945e-07,0.000358847419535541,0.0182973056437197,0.109272492226452,0.246456640594365
0.513255115961801,3.78745622440668e-08,2.92605131445212e-07,0.000360050126867753,0.0183358500839694,0.109437253438407,0.246717367803418
0.514618462937699,3.98742333668837e-08,3.00155102820929e-07,0.000361258890079637,0.0183745156856139,0.10960237226353,0.246978463710364
0.515981809913597,4.1993105553932e-08,3.08001102423517e-07,0.00036247374989141,0.0184133029537589,0.109767849689306,0.247239928904305
0.517345156889495,4.4239308071236e-08,3.16158811002514e-07,0.00036369474736608,0.0184522123961279,0.109933686706442,0.247501763975193
0.518708503865393,4.66216084568949e-08,3.24644961496021e-07,0.000364921923912916,0.0184912445230781,0.110099884308872,0.247763969513827
0.520071850841291,4.91494701949006e-08,3.33477424904876e-07,0.000366155321290957,0.018530399847617,0.110266443493773,0.248026546111856
0.52143519781719,5.18331163541027e-08,3.42675304456168e-07,0.000367394981612562,0.0185696788854182,0.110433365261578,0.248289494361776
0.522798544793088,5.46835999016707e-08,3.5225903898331e-07,0.000368640947347003,0.0186090821548386,0.110600650615981,0.248552814856931
0.524161891768986,5.77128814656881e-08,3.62250516568268e-07,0.000369893261324101,0.0186486101769349,0.110768300563959,0.248816508191515
0.525525238744884,6.09339154730172e-08,3.72673199626873e-07,0.000371151966737905,0.01868826347548,0.110936316115774,0.249080574960569
0.526888585720782,6.43607456720199e-08,3.83552262773267e-07,0.000372417107150416,0.0187280425769803,0.11110469828499,0.249345015759985
0.52825193269668,6.80086111954178e-08,3.94914744977625e-07,0.000373688726495349,0.0187679480106927,0.111273448088486,0.249609831186501
0.529615279672578,7.18940645179212e-08,4.06789717736154e-07,0.000374966869081953,0.0188079803086413,0.111442566546465,0.249875021837705
0.530978626648477,7.60351028003865e-08,4.19208471208482e-07,0.000376251579598863,0.0188481400056352,0.111612054682467,0.250140588312035
0.532341973624375,8.04513143662269e-08,4.32204720550298e-07,0.000377542903118008,0.0188884276392858,0.111781913523383,0.250406531208774
0.533705320600273,8.51640422961459e-08,4.45814834984718e-07,0.000378840885098559,0.0189288437500238,0.111952144099462,0.250672851128058
0.535068667576171,9.01965674470965e-08,4.60078092522034e-07,0.000380145571390931,0.0189693888811176,0.11212274744433,0.25093954867087
0.536432014552069,9.55743134764454e-08,4.75036963663136e-07,0.000381457008240828,0.0190100635786905,0.112293724594999,0.251206624439039
0.537795361527967,1.01325076968856e-07,4.90737427917877e-07,0.000382775242293339,0.0190508683917388,0.112465076591876,0.251474079035248
0.539158708503865,1.07479286118773e-07,5.07229327548983e-07,0.000384100320597086,0.0190918038721498,0.112636804478783,0.251741913063024
0.540522055479764,1.14070292068158e-07,5.24566763630396e-07,0.000385432290608416,0.0191328705747201,0.112808909302962,0.252010127126745
0.541885402455662,1.21134697589403e-07,5.42808540305141e-07,0.000386771200195652,0.0191740690571737,0.11298139211509,0.252278721831638
0.54324874943156,1.28712728640246e-07,5.62018664064948e-07,0.000388117097643389,0.0192153998801803,0.113154253969295,0.252547697783775
0.544612096407458,1.36848655149361e-07,5.82266905979636e-07,0.000389470031656845,0.0192568636073745,0.113327495923161,0.25281705559008
0.545975443383356,1.45591268563274e-07,6.03629436113008e-07,0.000390830051366267,0.0192984608053736,0.11350111903775,0.253086795858324
0.547338790359254,1.54994424943825e-07,6.26189540915145e-07,0.000392197206331387,0.019340192043797,0.113675124377604,0.253356919197126
0.548702137335152,1.65117663922995e-07,6.50038436229897e-07,0.000393571546545936,0.0193820578952853,0.113849513010768,0.253627426215954
0.550065484311051,1.76026915739763e-07,6.75276190764053e-07,0.000394953122442211,0.0194240589355188,0.114024286008795,0.253898317525122
0.551428831286949,1.8779531074335e-07,7.02012777509379e-07,0.0003963419848957,0.0194661957432373,0.114199444446763,0.254169593735794
0.552792178262847,2.00504108502204e-07,7.30369273787356e-07,0.000397738185229763,0.0195084689002592,0.114374989403286,0.25444125545998
0.554155525238745,2.1424376685345e-07,7.60479234420209e-07,0.000399141775220371,0.0195508789915013,0.114550921960527,0.254713303310539
0.555518872214643,2.2911517519501e-07,7.92490267172158e-07,0.000400552807100904,0.0195934266049979,0.114727243204213,0.254985737901175
0.556882219190541,2.45231081142195e-07,8.26565845242632e-07,0.000401971333567007,0.0196361123319215,0.114903954223643,0.255258559846443
0.558245566166439,2.6271774562098e-07,8.62887398469208e-07,0.000403397407781509,0.019678936766602,0.115081056111707,0.255531769761741
0.559608913142338,2.81716868523155e-07,9.01656733318435e-07,0.000404831083379399,0.0197219005065471,0.115258549964894,0.255805368263317
0.560972260118236,3.02387836219337e-07,9.43098842097486e-07,0.000406272414472869,0.0197650041524626,0.115436436883309,0.256079355968264
0.562335607094134,3.24910353187189e-07,9.87465174609304e-07,0.000407721455656416,0.0198082483082729,0.115614717970684,0.25635373349452
0.563698954070032,3.49487533668025e-07,1.03503746134321e-06,0.000409178262012009,0.0198516335811412,0.115793394334391,0.256628501460873
0.56506230104593,3.7634954674427e-07,1.08613219707806e-06,0.00041064288911432,0.0198951605814905,0.115972467085457,0.256903660486953
0.566425648021828,4.0575792982324e-07,1.14110591856511e-06,0.000412115393036025,0.0199388299230247,0.116151937338574,0.257179211193238
0.567788994997726,4.38010712586273e-07,1.20036144118206e-06,0.000413595830353163,0.0199826422227488,0.116331806212116,0.257455154201051
0.569152341973624,4.73448528952893e-07,1.2643552589935e-06,0.000415084258150569,0.0200265981009912,0.11651207482815,0.25773149013256
0.570515688949523,5.12461938254119e-07,1.33360636302217e-06,0.000416580734027378,0.0200706981814239,0.116692744312452,0.258008219610776
0.571879035925421,5.55500234572134e-07,1.40870679707981e-06,0.000418085316102589,0.0201149430910851,0.116873815794517,0.258285343259559
0.573242382901319,6.03082096992213e-07,1.49033435374262e-06,0.000419598063020707,0.0201593334603998,0.117055290407575,0.258562861703608
0.574605729877217,6.55808529756316e-07,1.57926792111526e-06,0.000421119033957455,0.0202038699232024,0.117237169288603,0.258840775568471
0.575969076853115,7.14378667684287e-07,1.67640613230041e-06,0.000422648288625557,0.0202485531167584,0.11741945357834,0.259119085480534
0.577332423829013,7.79609189341985e-07,1.78279015556583e-06,0.000424185887280596,0.0202933836817864,0.117602144421301,0.259397792067031
0.578695770804911,8.52458302534539e-07,1.89963171021379e-06,0.000425731890726948,0.0203383622624807,0.117785242965788,0.259676895956038
0.58005911778081,9.3405556571602e-07,2.02834772380463e-06,0.000427286360323784,0.0203834895065336,0.117968750363908,0.25995639777647
0.581422464756708,1.02573921258645e-06,2.17060349290247e-06,0.000428849357991164,0.0204287660651579,0.118152667771582,0.260236298158089
0.582785811732606,1.12910320167596e-06,2.32836681817897e-06,0.00043042094621619,0.02047419259311,0.118336996348563,0.260516597731495
0.584149158708504,1.24605697513689e-06,2.50397642273728e-06,0.000432001188059257,0.020519769748713,0.118521737258449,0.260797297128132
0.585512505684402,1.37890197888224e-06,2.70022912868206e-06,0.000433590147160368,0.0205654981938793,0.118706891668693,0.261078396980283
0.5868758526603,1.53043050221724e-06,2.92049190833665e-06,0.000435187887745543,0.0206113785941344,0.118892460750625,0.261359897921072
0.588239199636198,1.70405454585771e-06,3.16884726512357e-06,0.000436794474633301,0.0206574116186402,0.119078445679457,0.261641800584464
0.589602546612096,1.90397554713953e-06,3.45028377517706e-06,0.000438409973241233,0.020703597940219,0.119264847634304,0.261924105605261
0.590965893587995,2.13541036811703e-06,3.77094856389249e-06,0.000440034449592659,0.0207499382353768,0.119451667798195,0.262206813619108
0.592329240563893,2.40489578097793e-06,4.13848584076495e-06,0.000441667970323366,0.0207964331843278,0.119638907358089,0.262489925262485
0.593692587539791,2.72070403888547e-06,4.5624967248513e-06,0.00044331060268844,0.0208430834710186,0.119826567504887,0.262773441172713
0.595055934515689,3.09341811058826e-06,5.05517269144725e-06,0.000444962414569183,0.0208898897831525,0.120014649433449,0.263057361987947
0.596419281491587,3.53674032498636e-06,5.63218181146171e-06,0.000446623474480124,0.0209368528122138,0.120203154342604,0.263341688347183
0.597782628467485,4.06864868890219e-06,6.313930012039e-06,0.000448293851576119,0.0209839732534932,0.120392083435171,0.263626420890252
0.599145975443383,4.71308189620075e-06,7.12739032616592e-06,0.000449973615659543,0.0210312518061124,0.120581437917969,0.263911560257819
0.600509322419282,5.50244702890191e-06,8.10881243435386e-06,0.00045166283718758,0.0210786891730492,0.120771219001831,0.264197107091388
0.60187266939518,6.48144084905213e-06,9.30783214721909e-06,0.000453361587279605,0.0211262860611631,0.120961427901622,0.264483062033296
0.603236016371078,7.71303034029009e-06,1.07938728779012e-05,0.000455069937724668,0.0211740431812205,0.121152065836251,0.264769425726713
0.604599363346976,9.28810169757923e-06,1.26664255402954e-05,0.000456787960989071,0.0212219612479208,0.121343134028686,0.265056198815645
0.605962710322874,1.13415823029593e-05,1.50721446628105e-05,0.000458515730224052,0.0212700409799221,0.12153463370597,0.265343381944931
0.607326057298772,1.40804968548085e-05,1.82344613317724e-05,0.000460253319273563,0.0213182830998676,0.121726566099236,0.265630975760239
0.60868940427467,1.78351899786005e-05,2.25073967363422e-05,0.000462000802682157,0.0213666883344115,0.121918932443719,0.265918980908073
0.610052751250568,2.31583693703006e-05,2.84791308835745e-05,0.00046375825570298,0.0214152574142459,0.122111733978773,0.266207398035767
0.611416098226467,3.10305104186394e-05,3.71857908303986e-05,0.000465525754305866,0.0214639910741273,0.122304971947889,0.266496227791483
0.612779445202365,4.33248457627384e-05,5.05931491192042e-05,0.000467303375185543,0.0215128900529037,0.122498647598703,0.266785470824216
0.614142792178263,6.39860612141022e-05,7.28118926649564e-05,0.000469091195769946,0.021561955093542,0.122692762183017,0.267075127783787
0.615506139154161,0.000102510795668229,0.000113668826339984,0.000470889294228647,0.0216111869431545,0.122887316956813,0.267365199320848
0.616869486130059,0.000186751262967329,0.000201778802350613,0.000472697749481388,0.0216605863530274,0.123082313180265,0.267655686086878
0.616970303698662,0.000196657341454483,0.000212074537652067,0.000472831895608607,0.0216642460433603,0.123096750437457,0.26767718367583
0.616975306825617,0.000197168814973409,0.000212605853431891,0.000472838554170425,0.0216644276814705,0.123097466957297,0.267678250564668
0.616980309952571,0.000197682238450466,0.00021313916825208,0.000472845212872875,0.0216646093218482,0.123098183483101,0.267679317459107
0.616985313079525,0.000198197621705711,0.000213674492152877,0.000472851871715959,0.0216647909644934,0.123098900014868,0.267680384359147
0.61699031620648,0.000198714974688247,0.000214211835237583,0.000472858530699681,0.0216649726094062,0.123099616552599,0.267681451264789
0.616995319333434,0.000199234307382191,0.000214751207673134,0.000472865189824046,0.0216651542565866,0.123100333096293,0.267682518176033
0.617000322460388,0.000199755629917955,0.000215292619690484,0.000472871849089058,0.0216653359060346,0.123101049645951,0.267683585092878
0.617005325587343,0.000200278952306011,0.000215836081585186,0.00047287850849472,0.0216655175577503,0.123101766201572,0.267684652015324
0.617010328714297,0.000200804284729892,0.000216381603717795,0.000472885168041036,0.0216656992117338,0.123102482763158,0.267685718943372
0.617015331841251,0.000201331637419533,0.000216929196514404,0.000472891827728011,0.0216658808679849,0.123103199330707,0.267686785877021
0.617020334968206,0.000201861020791628,0.000217478870467171,0.000472898487555648,0.0216660625265039,0.123103915904219,0.267687852816272
0.61702533809516,0.000202392444947412,0.000218030636134742,0.000472905147523951,0.0216662441872907,0.123104632483696,0.267688919761125
0.617030341222114,0.000202925920682912,0.000218584504142853,0.000472911807632925,0.0216664258503454,0.123105349069137,0.267689986711579
0.617035344349069,0.000203461458247676,0.000219140485184742,0.000472918467882572,0.021666607515668,0.123106065660541,0.267691053667636
0.617040347476023,0.000203999068347092,0.000219698590021767,0.000472925128272898,0.0216667891832585,0.12310678225791,0.267692120629293
0.617045350602977,0.00020453876149732,0.000220258829483826,0.000472931788803906,0.021666970853117,0.123107498861243,0.267693187596553
0.617050353729932,0.000205080548529901,0.00022082121446998,0.000472938449475601,0.0216671525252435,0.12310821547054,0.267694254569414
0.617055356856886,0.000205624440025867,0.000221385755948897,0.000472945110287985,0.0216673341996381,0.123108932085802,0.267695321547878
0.61706035998384,0.000206170447074142,0.000221952464959426,0.000472951771241063,0.0216675158763007,0.123109648707028,0.267696388531943
0.617065363110795,0.000206718580429335,0.000222521352611171,0.000472958432334839,0.0216676975552315,0.123110365334218,0.26769745552161
0.617070366237749,0.00020726885109951,0.000223092430084949,0.000472965093569317,0.0216678792364305,0.123111081967373,0.267698522516878
0.617075369364704,0.00020782127021556,0.00022366570863344,0.000472971754944501,0.0216680609198976,0.123111798606492,0.267699589517749
0.617080372491658,0.000208375848748509,0.000224241199581639,0.000472978416460395,0.021668242605633,0.123112515251576,0.267700656524222
0.617085375618612,0.00020893259807056,0.000224818914327518,0.000472985078117002,0.0216684242936367,0.123113231902624,0.267701723536297
0.617090378745567,0.000209491529415163,0.000225398864342501,0.000472991739914328,0.0216686059839087,0.123113948559637,0.267702790553974
0.617095381872521,0.000210052653997195,0.00022598106117207,0.000472998401852375,0.0216687876764491,0.123114665222615,0.267703857577253
0.617100384999475,0.000210615983370997,0.000226565516436378,0.000473005063931148,0.0216689693712578,0.123115381891558,0.267704924606134
0.61710538812643,0.000211181528949198,0.000227152241830742,0.00047301172615065,0.021669151068335,0.123116098566466,0.267705991640617
0.617110391253384,0.000211749302364918,0.000227741249126328,0.000473018388510886,0.0216693327676806,0.123116815247338,0.267707058680703
0.617115394380338,0.000212319315126023,0.000228332550170636,0.00047302505101186,0.0216695144692948,0.123117531934176,0.267708125726391
0.617120397507293,0.000212891579155624,0.000228926156888206,0.000473031713653575,0.0216696961731774,0.123118248626979,0.267709192777681
0.617125400634247,0.000213466106039614,0.000229522081281107,0.000473038376436036,0.0216698778793287,0.123118965325747,0.267710259834573
0.617130403761201,0.00021404290781967,0.000230120335429654,0.000473045039359246,0.0216700595877486,0.12311968203048,0.267711326897067
0.617135406888156,0.000214621996334663,0.000230720931492924,0.00047305170242321,0.0216702412984371,0.123120398741179,0.267712393965164
0.61714041001511,0.000215203383675618,0.000231323881709417,0.000473058365627931,0.0216704230113944,0.123121115457842,0.267713461038863
0.617145413142064,0.000215787081867312,0.000231929198397716,0.000473065028973414,0.0216706047266203,0.123121832180472,0.267714528118165
0.617150416269019,0.000216373103205297,0.000232536893957023,0.000473071692459661,0.021670786444115,0.123122548909066,0.267715595203069
0.617155419395973,0.000216961459928539,0.000233146980867903,0.000473078356086679,0.0216709681638785,0.123123265643626,0.267716662293576
0.617160422522927,0.000217552164274604,0.000233759471692817,0.000473085019854469,0.0216711498859109,0.123123982384152,0.267717729389685
0.617165425649882,0.000218145228771485,0.000234374379076872,0.000473091683763037,0.0216713316102122,0.123124699130644,0.267718796491397
0.617170428776836,0.00021874066588565,0.000234991715748383,0.000473098347812386,0.0216715133367823,0.123125415883101,0.267719863598711
0.61717543190379,0.000219338488262174,0.000235611494519574,0.00047310501200252,0.0216716950656214,0.123126132641524,0.267720930711628
0.617180435030745,0.000219938708581078,0.000236233728287276,0.000473111676333443,0.0216718767967295,0.123126849405913,0.267721997830147
0.617185438157699,0.000220541339503865,0.00023685843003351,0.000473118340805159,0.0216720585301067,0.123127566176267,0.267723064954269
0.617190441284654,0.000221146393981604,0.000237485612826268,0.000473125005417672,0.0216722402657529,0.123128282952588,0.267724132083994
0.617195444411608,0.000221753884947167,0.00023811528982009,0.000473131670170987,0.0216724220036682,0.123128999734875,0.267725199219321
0.617200447538562,0.000222363825301694,0.000238747474256862,0.000473138335065106,0.0216726037438526,0.123129716523128,0.267726266360252
0.617205450665517,0.000222976228203837,0.000239382179466415,0.000473145000100034,0.0216727854863062,0.123130433317347,0.267727333506785
0.617210453792471,0.000223591106899844,0.000240019418867268,0.000473151665275775,0.0216729672310291,0.123131150117532,0.267728400658921
0.617215456919425,0.000224208474724471,0.000240659205967383,0.000473158330592333,0.0216731489780212,0.123131866923683,0.26772946781666
0.61722046004638,0.000224828344779175,0.000241301554364778,0.000473164996049712,0.0216733307272825,0.123132583735801,0.267730534980001
0.617225463173334,0.00022545073086023,0.000241946477748366,0.000473171661647916,0.0216735124788133,0.123133300553885,0.267731602148946
0.617230466300288,0.000226075646263687,0.000242593989898565,0.000473178327386948,0.0216736942326133,0.123134017377936,0.267732669323494
0.617235469427243,0.000226703104745391,0.000243244104688155,0.000473184993266814,0.0216738759886828,0.123134734207953,0.267733736503644
0.617240472554197,0.000227333120050701,0.000243896836082901,0.000473191659287516,0.0216740577470217,0.123135451043937,0.267734803689398
0.617245475681151,0.000227965705897119,0.000244552198142419,0.000473198325449058,0.0216742395076301,0.123136167885888,0.267735870880755
0.617250478808106,0.000228600876278064,0.000245210205020834,0.000473204991751446,0.0216744212705081,0.123136884733805,0.267736938077714
0.61725548193506,0.000229238645194055,0.000245870870967585,0.000473211658194682,0.0216746030356555,0.123137601587689,0.267738005280277
0.617260485062014,0.000229879026834841,0.00024653421032824,0.00047321832477877,0.0216747848030726,0.12313831844754,0.267739072488443
0.617265488188969,0.000230522035231217,0.000247200237545175,0.000473224991503715,0.0216749665727593,0.123139035313358,0.267740139702212
0.617270491315923,0.000231167684758466,0.000247868967158472,0.000473231658369521,0.0216751483447156,0.123139752185142,0.267741206921585
0.617275494442877,0.000231815989848205,0.000248540413806601,0.000473238325376191,0.0216753301189417,0.123140469062894,0.267742274146561
0.617280497569832,0.000232466965058085,0.000249214592227332,0.00047324499252373,0.0216755118954375,0.123141185946613,0.26774334137714
0.617285500696786,0.000233120624751029,0.000249891517258448,0.000473251659812141,0.0216756936742031,0.123141902836299,0.267744408613322
0.61729050382374,0.000233776983858992,0.000250571203838596,0.000473258327241428,0.0216758754552385,0.123142619731952,0.267745475855108
0.617295506950695,0.00023443605698588,0.000251253667008165,0.000473264994811596,0.0216760572385437,0.123143336633573,0.267746543102497
0.617300510077649,0.000235097859198012,0.000251938921910006,0.000473271662522648,0.0216762390241189,0.123144053541161,0.267747610355489
0.617305513204603,0.000235762405345436,0.000252626983790396,0.000473278330374588,0.0216764208119639,0.123144770454716,0.267748677614085
0.617310516331558,0.000236429710662957,0.000253317867999764,0.000473284998367421,0.021676602602079,0.123145487374239,0.267749744878284
0.617315519458512,0.000237099790201501,0.000254011589993666,0.00047329166650115,0.021676784394464,0.123146204299729,0.267750812148087
0.617320522585466,0.000237772659388355,0.000254708165333531,0.000473298334775779,0.0216769661891191,0.123146921231187,0.267751879423493
0.617325525712421,0.00023844833354663,0.000255407609687653,0.000473305003191312,0.0216771479860442,0.123147638168613,0.267752946704503
0.617330528839375,0.000239126828293994,0.000256109938831967,0.000473311671747753,0.0216773297852395,0.123148355112006,0.267754013991117
0.61733553196633,0.000239808159128836,0.000256815168650979,0.000473318340445107,0.021677511586705,0.123149072061367,0.267755081283334
0.617340535093284,0.000240492341924027,0.000257523315138718,0.000473325009283376,0.0216776933904406,0.123149789016696,0.267756148581155
0.617345538220238,0.000241179392410299,0.000258234394399526,0.000473331678262566,0.0216778751964464,0.123150505977993,0.26775721588458
0.617350541347193,0.00024186932656127,0.000258948422649106,0.00047333834738268,0.0216780570047225,0.123151222945258,0.267758283193608
0.617355544474147,0.000242562160491438,0.000259665416215313,0.000473345016643721,0.0216782388152689,0.123151939918491,0.26775935050824
0.617360547601101,0.000243257910363833,0.000260385391539218,0.000473351686045695,0.0216784206280857,0.123152656897692,0.267760417828476
0.617365550728056,0.000243956592365021,0.000261108365175938,0.000473358355588605,0.0216786024431729,0.123153373882861,0.267761485154316
0.61737055385501,0.00024465822310984,0.000261834353795637,0.000473365025272454,0.0216787842605304,0.123154090873998,0.267762552485759
0.617375556981964,0.000245362818890423,0.000262563374184529,0.000473371695097247,0.0216789660801584,0.123154807871104,0.267763619822807
0.617380560108919,0.000246070396411932,0.000263295443245744,0.000473378365062988,0.0216791479020569,0.123155524874178,0.267764687165458
0.617385563235873,0.000246780972467094,0.000264030578000427,0.000473385035169681,0.0216793297262259,0.123156241883221,0.267765754513714
0.617390566362827,0.00024749456393203,0.000264768795588606,0.00047339170541733,0.0216795115526655,0.123156958898231,0.267766821867573
0.617395569489782,0.000248211187691353,0.000265510113270315,0.000473398375805939,0.0216796933813757,0.123157675919211,0.267767889227036
0.617400572616736,0.000248930861007332,0.000266254548426492,0.000473405046335511,0.0216798752123566,0.123158392946159,0.267768956592104
0.61740557574369,0.000249653600872007,0.000267002118560044,0.000473411717006051,0.0216800570456081,0.123159109979076,0.267770023962775
0.617410578870645,0.0002503794248382,0.000267752841296926,0.000473418387817563,0.0216802388811303,0.123159827017961,0.267771091339051
0.617415581997599,0.000251108350349163,0.000268506734387064,0.00047342505877005,0.0216804207189233,0.123160544062815,0.267772158720931
0.617420585124553,0.000251840394935515,0.000269263815705535,0.000473431729863517,0.0216806025589871,0.123161261113638,0.267773226108415
0.617425588251508,0.000252575576223222,0.000270024103253496,0.000473438401097967,0.0216807844013217,0.12316197817043,0.267774293501503
0.617430591378462,0.000253313912238166,0.000270787615159385,0.000473445072473405,0.0216809662459272,0.123162695233191,0.267775360900195
0.617435594505416,0.000254055420866067,0.000271554369679867,0.000473451743989835,0.0216811480928036,0.123163412301921,0.267776428304492
0.617440597632371,0.000254800120120028,0.000272324385201062,0.00047345841564726,0.0216813299419509,0.123164129376621,0.267777495714393
0.617445600759325,0.000255548028415063,0.000273097680239525,0.000473465087445684,0.0216815117933692,0.123164846457289,0.267778563129899
0.617450603886279,0.000256299163969621,0.000273874273443412,0.000473471759385112,0.0216816936470585,0.123165563543926,0.267779630551008
0.617455607013234,0.00025705354527629,0.000274654183593656,0.000473478431465548,0.0216818755030189,0.123166280636533,0.267780697977723
0.617460610140188,0.000257811190888722,0.000275437429604979,0.000473485103686994,0.0216820573612504,0.123166997735109,0.267781765410041
0.617465613267143,0.000258572119843065,0.000276224030527178,0.000473491776049457,0.021682239221753,0.123167714839655,0.267782832847964
0.617470616394097,0.000259336350733263,0.000277014005546145,0.000473498448552938,0.0216824210845267,0.12316843195017,0.267783900291492
0.617475619521051,0.000260103902584973,0.000277807373985175,0.000473505121197443,0.0216826029495717,0.123169149066655,0.267784967740624
0.617480622648006,0.000260874794701803,0.000278604155306026,0.000473511793982975,0.0216827848168879,0.123169866189109,0.267786035195361
0.61748562577496,0.000261649046320534,0.00027940436911016,0.000473518466909538,0.0216829666864754,0.123170583317533,0.267787102655702
0.617490628901914,0.000262426676944212,0.000280208035140007,0.000473525139977137,0.0216831485583342,0.123171300451926,0.267788170121648
0.617495632028869,0.000263207706014792,0.000281015173280057,0.000473531813185775,0.0216833304324643,0.12317201759229,0.267789237593199
0.617500635155823,0.000263992153394484,0.000281825803558228,0.000473538486535456,0.0216835123088659,0.123172734738623,0.267790305070354
0.617505638282777,0.000264780038767908,0.00028263994614697,0.000473545160026184,0.0216836941875389,0.123173451890926,0.267791372553114
0.617510641409732,0.000265571382262764,0.000283457621364659,0.000473551833657963,0.0216838760684833,0.123174169049199,0.267792440041479
0.617515644536686,0.000266366204013417,0.000284278849676723,0.000473558507430797,0.0216840579516993,0.123174886213443,0.267793507535449
0.61752064766364,0.000267164524398966,0.000285103651697065,0.000473565181344691,0.0216842398371867,0.123175603383656,0.267794575035023
0.617525650790595,0.000267966363724178,0.00028593204818923,0.000473571855399647,0.0216844217249458,0.123176320559839,0.267795642540203
0.617530653917549,0.000268771742558734,0.000286764060067766,0.000473578529595671,0.0216846036149765,0.123177037741993,0.267796710050987
0.617535657044503,0.000269580681821801,0.000287599708399598,0.000473585203932766,0.0216847855072789,0.123177754930117,0.267797777567376
0.617540660171458,0.000270393202334885,0.000288439014405231,0.000473591878410935,0.0216849674018529,0.123178472124211,0.26779884508937
0.617545663298412,0.000271209325058507,0.000289281999460248,0.000473598553030183,0.0216851492986987,0.123179189324276,0.267799912616969
0.617550666425366,0.000272029071282231,0.000290128685096519,0.000473605227790515,0.0216853311978162,0.123179906530312,0.267800980150173
0.617555669552321,0.000272852462316823,0.000290979093003726,0.000473611902691933,0.0216855130992055,0.123180623742317,0.267802047688983
0.617560672679275,0.000273679519757745,0.000291833245030618,0.000473618577734442,0.0216856950028667,0.123181340960294,0.267803115233397
0.617565675806229,0.000274510265226746,0.000292691163186476,0.000473625252918046,0.0216858769087998,0.123182058184241,0.267804182783416
0.617570678933184,0.000275344720451364,0.00029355286964258,0.000473631928242749,0.0216860588170047,0.123182775414159,0.267805250339041
0.617575682060138,0.000276182907792306,0.000294418386733511,0.000473638603708555,0.0216862407274817,0.123183492650047,0.267806317900271
0.617580685187093,0.000277024848933794,0.000295287736958754,0.000473645279315467,0.0216864226402306,0.123184209891907,0.267807385467106
0.617585688314047,0.000277870566526914,0.000296160942983999,0.00047365195506349,0.0216866045552516,0.123184927139737,0.267808453039546
0.617590691441001,0.000278720082908252,0.000297038027642778,0.000473658630952628,0.0216867864725446,0.123185644393539,0.267809520617591
0.617595694567956,0.000279573420746077,0.000297919013937819,0.000473665306982885,0.0216869683921097,0.123186361653311,0.267810588201242
0.61760069769491,0.000280430602998874,0.000298803925042609,0.000473671983154264,0.021687150313947,0.123187078919055,0.267811655790498
0.617605700821864,0.000281291652632234,0.000299692784302985,0.000473678659466771,0.0216873322380564,0.123187796190769,0.26781272338536
0.617610703948819,0.000282156592582093,0.000300585615238525,0.000473685335920407,0.0216875141644381,0.123188513468455,0.267813790985827
0.617615707075773,0.000283025446483098,0.000301482441544268,0.000473692012515178,0.021687696093092,0.123189230752113,0.267814858591899
0.617620710202727,0.000283898237698323,0.000302383287092124,0.000473698689251088,0.0216878780240182,0.123189948041741,0.267815926203577
0.617625713329682,0.000284774989933724,0.000303288175932624,0.000473705366128141,0.0216880599572168,0.123190665337341,0.267816993820861
0.617630716456636,0.000285655727084057,0.000304197132296362,0.00047371204314634,0.0216882418926877,0.123191382638913,0.26781806144375
0.61763571958359,0.000286540473322168,0.000305110180595775,0.000473718720305689,0.021688423830431,0.123192099946456,0.267819129072244
0.617640722710545,0.000287429252681497,0.000306027345426649,0.000473725397606194,0.0216886057704468,0.123192817259971,0.267820196706344
0.617645725837499,0.000288322089601186,0.000306948651569823,0.000473732075047856,0.0216887877127351,0.123193534579457,0.26782126434605
0.617650728964453,0.000289219008696097,0.000307874123992936,0.000473738752630681,0.0216889696572958,0.123194251904915,0.267822331991362
0.617655732091408,0.000290120034924045,0.000308803787851965,0.000473745430354672,0.0216891516041292,0.123194969236345,0.267823399642279
0.617660735218362,0.000291025193039872,0.000309737668493103,0.000473752108219834,0.0216893335532351,0.123195686573747,0.267824467298802
0.617665738345316,0.000291934508245333,0.00031067579145432,0.00047375878622617,0.0216895155046136,0.12319640391712,0.26782553496093
0.617670741472271,0.000292848006085172,0.000311618182467273,0.000473765464373685,0.0216896974582648,0.123197121266466,0.267826602628665
0.617675744599225,0.000293765711873957,0.000312564867458926,0.000473772142662382,0.0216898794141888,0.123197838621784,0.267827670302005
0.617680747726179,0.00029468765146976,0.000313515872553392,0.000473778821092266,0.0216900613723854,0.123198555983074,0.267828737980951
0.617685750853134,0.000295613850752897,0.000314471224073802,0.000473785499663339,0.0216902433328549,0.123199273350336,0.267829805665503
0.617690753980088,0.000296544335932522,0.000315430948543974,0.000473792178375607,0.0216904252955971,0.12319999072357,0.267830873355661
0.617695757107042,0.000297479133316509,0.000316395072690424,0.000473798857229074,0.0216906072606123,0.123200708102776,0.267831941051425
0.617700760233997,0.000298418269368444,0.000317363623444058,0.000473805536223742,0.0216907892279003,0.123201425487955,0.267833008752795
0.617705763360951,0.000299361771045268,0.000318336627942219,0.000473812215359617,0.0216909711974612,0.123202142879107,0.267834076459771
0.617710766487905,0.0003003096650777,0.000319314113530419,0.000473818894636702,0.0216911531692951,0.123202860276231,0.267835144172353
0.61771576961486,0.000301261978635164,0.000320296107764429,0.000473825574055001,0.0216913351434021,0.123203577679327,0.267836211890541
0.617720772741814,0.000302218739277391,0.00032128263841207,0.000473832253614518,0.021691517119782,0.123204295088396,0.267837279614335
0.617725775868769,0.000303179974432523,0.000322273733455242,0.000473838933315258,0.0216916990984351,0.123205012503438,0.267838347343736
0.617730778995723,0.000304145711904238,0.000323269421091968,0.000473845613157223,0.0216918810793612,0.123205729924452,0.267839415078742
0.617735782122677,0.00030511597971038,0.000324269729738252,0.000473852293140419,0.0216920630625606,0.123206447351439,0.267840482819355
0.617740785249632,0.000306090806183116,0.000325274688030277,0.000473858973264849,0.0216922450480331,0.123207164784399,0.267841550565574
0.617745788376586,0.000307070219532502,0.000326284324826277,0.000473865653530517,0.0216924270357788,0.123207882223332,0.267842618317399
0.61775079150354,0.000308054248692236,0.000327298669208787,0.000473872333937427,0.0216926090257979,0.123208599668238,0.267843686074831
0.617755794630495,0.000309042922530731,0.000328317750486581,0.000473879014485583,0.0216927910180902,0.123209317119117,0.267844753837869
0.617760797757449,0.00031003626993431,0.000329341598196853,0.000473885695174989,0.0216929730126559,0.12321003457597,0.267845821606513
0.617765800884403,0.000311034320416421,0.000330370242107425,0.000473892376005649,0.0216931550094949,0.123210752038795,0.267846889380764
0.617770804011358,0.000312037103502801,0.000331403712218752,0.000473899056977567,0.0216933370086074,0.123211469507594,0.267847957160621
0.617775807138312,0.000313044649075593,0.00033244203876629,0.000473905738090747,0.0216935190099934,0.123212186982366,0.267849024946085
0.617780810265266,0.000314056987116859,0.000333485252222523,0.000473912419345193,0.0216937010136528,0.123212904463111,0.267850092737155
0.617785813392221,0.000315074147915659,0.000334533383299383,0.000473919100740909,0.0216938830195858,0.12321362194983,0.267851160533832
0.617790816519175,0.000316096161993042,0.000335586462950346,0.000473925782277899,0.0216940650277923,0.123214339442522,0.267852228336115
0.617795819646129,0.000317123060068967,0.000336644522372788,0.000473932463956166,0.0216942470382724,0.123215056941187,0.267853296144005
0.617800822773084,0.000318154873298198,0.000337707593010362,0.000473939145775716,0.0216944290510262,0.123215774445827,0.267854363957502
0.617805825900038,0.000319191632865238,0.000338775706555171,0.000473945827736551,0.0216946110660537,0.12321649195644,0.267855431776605
0.617810829026992,0.000320233370072467,0.000339848894950317,0.000473952509838676,0.0216947930833549,0.123217209473027,0.267856499601315
0.617815832153947,0.000321280116877804,0.000340927190392097,0.000473959192082095,0.0216949751029298,0.123217926995587,0.267857567431632
0.617820835280901,0.000322331905240948,0.000342010625332612,0.000473965874466812,0.0216951571247786,0.123218644524122,0.267858635267555
0.617825838407855,0.000323388767391117,0.000343099232482009,0.000473972556992831,0.0216953391489011,0.12321936205863,0.267859703109085
0.61783084153481,0.000324450735926261,0.000344193044811147,0.000473979239660155,0.0216955211752976,0.123220079599113,0.267860770956223
0.617835844661764,0.00032551784355111,0.000345292095553923,0.00047398592246879,0.021695703203968,0.123220797145569,0.267861838808967
0.617840847788719,0.000326590123276385,0.000346396418209862,0.000473992605418738,0.0216958852349123,0.123221514698,0.267862906667317
0.617845850915673,0.000327667608413269,0.000347506046546749,0.000473999288510003,0.0216960672681306,0.123222232256405,0.267863974531275
0.617850854042627,0.000328750332576099,0.000348621014603036,0.000474005971742591,0.0216962493036229,0.123222949820783,0.26786504240084
0.617855857169582,0.000329838329674918,0.000349741356690643,0.000474012655116504,0.0216964313413892,0.123223667391137,0.267866110276012
0.617860860296536,0.000330931633707009,0.000350867107397405,0.000474019338631746,0.0216966133814297,0.123224384967465,0.26786717815679
0.61786586342349,0.000332030279095577,0.000351998301589938,0.000474026022288323,0.0216967954237443,0.123225102549767,0.267868246043176
0.617870866550445,0.000333134300446274,0.000353134974416159,0.000474032706086237,0.0216969774683331,0.123225820138043,0.267869313935169
0.617875869677399,0.000334243732897472,0.000354277161308094,0.000474039390025493,0.0216971595151961,0.123226537732294,0.267870381832769
0.617880872804353,0.000335358611417619,0.000355424897984711,0.000474046074106094,0.0216973415643333,0.12322725533252,0.267871449735976
0.617885875931308,0.000336478971805335,0.000356578220454538,0.000474052758328045,0.0216975236157448,0.123227972938721,0.267872517644791
0.617890879058262,0.000337604849712313,0.000357737165018683,0.000474059442691349,0.0216977056694306,0.123228690550896,0.267873585559212
0.617895882185216,0.000338736281246647,0.000358901768273491,0.000474066127196011,0.0216978877253908,0.123229408169046,0.267874653479241
0.617900885312171,0.000339873302853125,0.000360072067113635,0.000474072811842035,0.0216980697836254,0.123230125793171,0.267875721404877
0.617905888439125,0.000341015951177554,0.000361248098734827,0.000474079496629424,0.0216982518441345,0.123230843423271,0.267876789336121
0.617910891566079,0.000342164263278763,0.000362429900636986,0.000474086181558183,0.021698433906918,0.123231561059346,0.267877857272972
0.617915894693034,0.000343318276392932,0.000363617510627037,0.000474092866628315,0.021698615971976,0.123232278701396,0.26787892521543
0.617920897819988,0.000344478028192111,0.000364810966822017,0.000474099551839825,0.0216987980393085,0.123232996349421,0.267879993163495
0.617925900946942,0.000345643556492541,0.000366010307652206,0.000474106237192716,0.0216989801089157,0.123233714003421,0.267881061117169
0.617930904073897,0.000346814899577843,0.000367215571864039,0.000474112922686993,0.0216991621807974,0.123234431663396,0.267882129076449
0.617935907200851,0.000347992096187832,0.000368426798523444,0.000474119608322659,0.0216993442549539,0.123235149329347,0.267883197041337
0.617940910327805,0.000349175184776961,0.000369644027018794,0.000474126294099718,0.021699526331385,0.123235867001273,0.267884265011833
0.61794591345476,0.000350364205093484,0.000370867297064318,0.000474132980018175,0.0216997084100908,0.123236584679175,0.267885332987936
0.617950916581714,0.000351559195992564,0.000372096648703158,0.000474139666078034,0.0216998904910715,0.123237302363052,0.267886400969647
0.617955919708668,0.000352760197755596,0.000373332122310716,0.000474146352279297,0.0217000725743269,0.123238020052905,0.267887468956965
0.617960922835623,0.000353967250511084,0.000374573758598057,0.000474153038621971,0.0217002546598572,0.123238737748733,0.267888536949891
0.617965925962577,0.00035518039471294,0.000375821598615066,0.000474159725106057,0.0217004367476624,0.123239455450537,0.267889604948425
0.617970929089532,0.000356399671133365,0.00037707568375406,0.000474166411731561,0.0217006188377425,0.123240173158317,0.267890672952566
0.617975932216486,0.000357625121060163,0.000378336055752998,0.000474173098498486,0.0217008009300976,0.123240890872072,0.267891740962316
0.61798093534344,0.000358856786025282,0.000379602756699174,0.000474179785406837,0.0217009830247276,0.123241608591804,0.267892808977673
0.617985938470395,0.000360094707870956,0.000380875829032534,0.000474186472456617,0.0217011651216327,0.123242326317511,0.267893876998638
0.617990941597349,0.000361338929017488,0.000382155315549311,0.00047419315964783,0.0217013472208129,0.123243044049195,0.267894945025211
0.617995944724303,0.000362589491828068,0.000383441259405708,0.000474199846980481,0.0217015293222682,0.123243761786854,0.267896013057391
0.618000947851258,0.000363846439281294,0.000384733704121334,0.000474206534454572,0.0217017114259986,0.12324447953049,0.26789708109518
0.618005950978212,0.000365109814889751,0.000386032693583112,0.000474213222070109,0.0217018935320043,0.123245197280101,0.267898149138576
0.618010954105166,0.000366379662125534,0.000387338272048777,0.000474219909827096,0.0217020756402851,0.123245915035689,0.267899217187581
0.618015957232121,0.000367656025293256,0.000388650484150872,0.000474226597725535,0.0217022577508412,0.123246632797254,0.267900285242194
0.618020960359075,0.000368938948566571,0.000389969374900326,0.000474233285765432,0.0217024398636726,0.123247350564794,0.267901353302414
0.618025963486029,0.000370228476781156,0.000391294989690551,0.00047423997394679,0.0217026219787794,0.123248068338312,0.267902421368243
0.618030966612984,0.000371524655280687,0.000392627374301136,0.000474246662269614,0.0217028040961615,0.123248786117805,0.26790348943968
0.618035969739938,0.000372827529600886,0.000393966574901888,0.000474253350733906,0.021702986215819,0.123249503903275,0.267904557516725
0.618040972866892,0.000374137145610946,0.000395312638056918,0.000474260039339672,0.021703168337752,0.123250221694722,0.267905625599378
0.618045975993847,0.000375453549774983,0.000396665610728478,0.000474266728086915,0.0217033504619605,0.123250939492146,0.26790669368764
0.618050979120801,0.000376776788880291,0.000398025540281295,0.000474273416975639,0.0217035325884445,0.123251657295546,0.267907761781509
0.618055982247755,0.000378106910014798,0.000399392474486471,0.000474280106005848,0.0217037147172041,0.123252375104923,0.267908829880987
0.61806098537471,0.00037944396070421,0.000400766461525923,0.000474286795177546,0.0217038968482392,0.123253092920277,0.267909897986074
0.618065988501664,0.000380787989166585,0.00040214754999641,0.000474293484490738,0.02170407898155,0.123253810741608,0.267910966096768
0.618070991628618,0.000382139043483952,0.000403535788913919,0.000474300173945427,0.0217042611171365,0.123254528568916,0.267912034213071
0.618075994755573,0.000383497172734423,0.000404931227718106,0.000474306863541616,0.0217044432549987,0.123255246402201,0.267913102334983
0.618080997882527,0.000384862426045196,0.00040633391627648,0.000474313553279311,0.0217046253951366,0.123255964241463,0.267914170462503
0.618086001009482,0.000386234853148977,0.0004077439048891,0.000474320243158515,0.0217048075375504,0.123256682086703,0.267915238595631
0.618091004136436,0.000387614504137648,0.000409161244292838,0.000474326933179232,0.0217049896822399,0.123257399937919,0.267916306734368
0.61809600726339,0.000389001429348456,0.000410585985666188,0.000474333623341467,0.0217051718292054,0.123258117795113,0.267917374878714
0.618101010390344,0.000390395680004166,0.00041201818063363,0.000474340313645222,0.0217053539784467,0.123258835658285,0.267918443028668
0.618106013517299,0.000391797307539758,0.000413457881270563,0.000474347004090502,0.021705536129964,0.123259553527433,0.26791951118423
0.618111016644253,0.000393206363852478,0.000414905140107808,0.000474353694677312,0.0217057182837572,0.12326027140256,0.267920579345402
0.618116019771208,0.000394622900939117,0.000416360010136497,0.000474360385405654,0.0217059004398265,0.123260989283664,0.267921647512181
0.618121022898162,0.000396046971964782,0.000417822544813012,0.000474367076275534,0.0217060825981718,0.123261707170745,0.26792271568457
0.618126026025116,0.000397478630156137,0.000419292798063674,0.000474373767286954,0.0217062647587932,0.123262425063804,0.267923783862568
0.618131029152071,0.000398917929099442,0.000420770824289966,0.00047438045843992,0.0217064469216907,0.123263142962841,0.267924852046174
0.618136032279025,0.000400364923018512,0.000422256678373301,0.000474387149734434,0.0217066290868644,0.123263860867856,0.267925920235389
0.618141035405979,0.000401819666789624,0.000423750415680381,0.000474393841170502,0.0217068112543143,0.123264578778849,0.267926988430213
0.618146038532934,0.000403282215249803,0.000425252092068115,0.000474400532748127,0.0217069934240404,0.123265296695819,0.267928056630645
0.618151041659888,0.000404752624404333,0.000426761763888943,0.000474407224467312,0.0217071755960428,0.123266014618768,0.267929124836687
0.618156044786842,0.000406230950218798,0.000428279487996215,0.000474413916328063,0.0217073577703216,0.123266732547695,0.267930193048337
0.618161047913797,0.00040771724951474,0.000429805321749309,0.000474420608330382,0.0217075399468767,0.123267450482599,0.267931261265597
0.618166051040751,0.000409211579329344,0.000431339323019317,0.000474427300474275,0.0217077221257081,0.123268168423483,0.267932329488465
0.618171054167705,0.000410713997306056,0.000432881550194257,0.000474433992759744,0.0217079043068161,0.123268886370344,0.267933397716943
0.61817605729466,0.000412224561794937,0.0004344320621849,0.000474440685186795,0.0217080864902004,0.123269604323183,0.267934465951029
0.618181060421614,0.000413743331523117,0.00043599091843015,0.00047444737775543,0.0217082686758613,0.123270322282001,0.267935534190725
0.618186063548568,0.000415270365589898,0.000437558178902843,0.000474454070465655,0.0217084508637987,0.123271040246798,0.26793660243603
0.618191066675523,0.00041680572396701,0.000439133904115616,0.000474460763317472,0.0217086330540127,0.123271758217573,0.267937670686944
0.618196069802477,0.000418349466657715,0.000440718155126498,0.000474467456310886,0.0217088152465033,0.123272476194326,0.267938738943467
0.618201072929431,0.000419901655002153,0.000442310993545107,0.000474474149445901,0.0217089974412706,0.123273194177059,0.267939807205599
0.618206076056386,0.000421462349987253,0.000443912481538349,0.000474480842722521,0.0217091796383145,0.12327391216577,0.267940875473341
0.61821107918334,0.000423031613959403,0.000445522681836766,0.00047448753614075,0.0217093618376352,0.123274630160459,0.267941943746692
0.618216082310294,0.00042460950931166,0.000447141657740392,0.000474494229700592,0.0217095440392327,0.123275348161128,0.267943012025652
0.618221085437249,0.000426196098887679,0.000448769473125255,0.000474500923402051,0.021709726243107,0.123276066167775,0.267944080310221
0.618226088564203,0.000427791446996205,0.000450406192449423,0.000474507617245131,0.0217099084492581,0.123276784180401,0.2679451486004
0.618231091691158,0.000429395617575203,0.000452051880759488,0.000474514311229835,0.0217100906576861,0.123277502199007,0.267946216896189
0.618232833105957,0.000429956055239234,0.00045262680395265,0.000474516641206743,0.0217101540786483,0.123277752117759,0.267946588734181
0.618236094818112,0.000431008675480841,0.000453706603697135,0.000474521005356169,0.021710272868391,0.123278220223591,0.267947285197586
0.618241097945066,0.00043263068610462,0.000455370427505429,0.000474527699624135,0.0217104550813728,0.123278938254155,0.267948353504594
0.618246101072021,0.00043426171553899,0.000457043419035734,0.000474534394033738,0.0217106372966317,0.123279656290697,0.267949421817211
0.618251104198975,0.000435901830808303,0.000458725645754129,0.000474541088584982,0.0217108195141676,0.12328037433322,0.267950490135437
0.618256107325929,0.000437551098743938,0.000460417175748501,0.000474547783277871,0.0217110017339805,0.123281092381721,0.267951558459273
0.618261110452884,0.00043920958769253,0.000462118077735173,0.000474554478112409,0.0217111839560706,0.123281810436202,0.267952626788718
0.618266113579838,0.000440877365665055,0.000463828421065986,0.0004745611730886,0.0217113661804378,0.123282528496662,0.267953695123774
0.618271116706792,0.000442554502388224,0.00046554827573548,0.000474567868206447,0.0217115484070822,0.123283246563102,0.267954763464438
0.618276119833747,0.00044424106740864,0.000467277712387787,0.000474574563465955,0.0217117306360038,0.123283964635521,0.267955831810713
0.618281122960701,0.00044593713123528,0.000469016802324185,0.000474581258867129,0.0217119128672026,0.12328468271392,0.267956900162597
0.618286126087655,0.000447642764990779,0.000470765617510132,0.000474587954409971,0.0217120951006788,0.123285400798299,0.267957968520091
0.61829112921461,0.000449358040791516,0.000472524230583021,0.000474594650094486,0.0217122773364323,0.123286118888657,0.267959036883195
0.618296132341564,0.000451083030524397,0.000474292714859404,0.000474601345920677,0.0217124595744632,0.123286836984995,0.267960105251909
0.618301135468518,0.000452817807831686,0.000476071144342942,0.00047460804188855,0.0217126418147714,0.123287555087314,0.267961173626232
0.618306138595473,0.000454562446466012,0.000477859593731867,0.000474614737998107,0.0217128240573571,0.123288273195612,0.267962242006166
0.618311141722427,0.000456317020751766,0.000479658138426939,0.000474621434249353,0.0217130063022203,0.12328899130989,0.267963310391709
0.618316144849381,0.000458081606263217,0.000481466854539506,0.000474628130642292,0.021713188549361,0.123289709430148,0.267964378782863
0.618321147976336,0.000459856278743599,0.000483285818899278,0.000474634827176928,0.0217133707987793,0.123290427556386,0.267965447179626
0.61832615110329,0.00046164111480908,0.000485115109062794,0.000474641523853265,0.0217135530504752,0.123291145688605,0.267966515582
0.618331154230244,0.000463436192359376,0.000486954803321364,0.000474648220671306,0.0217137353044487,0.123291863826804,0.267967583989983
0.618336157357199,0.000465241588983025,0.000488804980709769,0.000474654917631056,0.0217139175606999,0.123292581970983,0.267968652403577
0.618341160484153,0.000467057383781076,0.000490665721014452,0.000474661614732519,0.0217140998192288,0.123293300121143,0.26796972082278
0.618346163611108,0.000468883656270665,0.000492537104782242,0.000474668311975699,0.0217142820800354,0.123294018277283,0.267970789247594
0.618351166738062,0.000470720487189385,0.000494419213329187,0.0004746750093606,0.0217144643431198,0.123294736439403,0.267971857678018
0.618356169865016,0.000472567957369581,0.000496312128749092,0.000474681706887225,0.021714646608482,0.123295454607505,0.267972926114052
0.618361172991971,0.000474426149146031,0.0004982159339228,0.000474688404555579,0.0217148288761221,0.123296172781586,0.267973994555697
0.618366176118925,0.000476295144767109,0.000500130712526918,0.000474695102365666,0.0217150111460401,0.123296890961649,0.267975063002952
0.618371179245879,0.00047817502809767,0.000502056549043352,0.00047470180031749,0.0217151934182361,0.123297609147692,0.267976131455817
0.618376182372834,0.000480065883690563,0.000503993528768312,0.000474708498411055,0.02171537569271,0.123298327339716,0.267977199914292
0.618381185499788,0.000481967796307469,0.000505941737821886,0.000474715196646364,0.0217155579694619,0.123299045537721,0.267978268378378
0.618386188626742,0.000483880852164383,0.000507901263157732,0.000474721895023422,0.0217157402484919,0.123299763741707,0.267979336848075
0.618391191753697,0.000485805138207249,0.000509872192572473,0.000474728593542233,0.0217159225297999,0.123300481951674,0.267980405323381
0.618396194880651,0.000487740741824698,0.00051185461471587,0.000474735292202801,0.0217161048133861,0.123301200167623,0.267981473804298
0.618401198007605,0.000489687751877018,0.000513848619100438,0.000474741991005129,0.0217162870992504,0.123301918389552,0.267982542290826
0.61840620113456,0.000491646257512039,0.00051585429611189,0.000474748689949223,0.0217164693873929,0.123302636617462,0.267983610782965
0.618411204261514,0.000493616349033139,0.000517871737019025,0.000474755389035085,0.0217166516778137,0.123303354851354,0.267984679280713
0.618416207388468,0.00049559811790729,0.000519901033984457,0.00047476208826272,0.0217168339705127,0.123304073091227,0.267985747784073
0.618421210515423,0.000497591655772986,0.000521942280074819,0.000474768787632132,0.0217170162654901,0.123304791337082,0.267986816293043
0.618426213642377,0.000499597055935826,0.000523995569271565,0.000474775487143324,0.0217171985627458,0.123305509588918,0.267987884807624
0.618431216769331,0.000501614412159114,0.00052606099648191,0.000474782186796301,0.0217173808622799,0.123306227846735,0.267988953327815
0.618436219896286,0.00050364381918208,0.000528138657549479,0.000474788886591067,0.0217175631640924,0.123306946110534,0.267990021853618
0.61844122302324,0.000505685372921801,0.000530228649265777,0.000474795586527626,0.0217177454681834,0.123307664380315,0.267991090385031
0.618446226150194,0.000507739170043448,0.00053233106938109,0.000474802286605981,0.0217179277745529,0.123308382656078,0.267992158922054
0.618451229277149,0.000509805307990025,0.000534446016616277,0.000474808986826138,0.0217181100832009,0.123309100937822,0.267993227464689
0.618456232404103,0.000511883885812354,0.000536573590674024,0.000474815687188099,0.0217182923941275,0.123309819225548,0.267994296012935
0.618461235531057,0.000513975003072072,0.000538713892250726,0.000474822387691869,0.0217184747073327,0.123310537519256,0.267995364566791
0.618466238658012,0.000516078759695246,0.000540867023048536,0.000474829088337452,0.0217186570228165,0.123311255818946,0.267996433126258
0.618471241784966,0.000518195258517366,0.000543033085787104,0.000474835789124851,0.0217188393405791,0.123311974124618,0.267997501691337
0.618476244911921,0.000520324601505852,0.000545212184216206,0.000474842490054072,0.0217190216606203,0.123312692436272,0.267998570262026
0.618481248038875,0.000522466892226949,0.000547404423127771,0.000474849191125117,0.0217192039829404,0.123313410753908,0.267999638838326
0.618486251165829,0.000524622235681141,0.000549609908368856,0.000474855892337991,0.0217193863075392,0.123314129077527,0.268000707420238
0.618491254292784,0.000526790737748934,0.000551828746854029,0.000474862593692697,0.0217195686344169,0.123314847407128,0.26800177600776
0.618496257419738,0.000528972505070775,0.000554061046578704,0.000474869295189241,0.0217197509635734,0.123315565742711,0.268002844600894
0.618501260546692,0.000531167645819636,0.000556306916631929,0.000474875996827625,0.0217199332950089,0.123316284084276,0.268003913199639
0.618506263673647,0.000533376268960876,0.000558566467209854,0.000474882698607854,0.0217201156287233,0.123317002431824,0.268004981803995
0.618511266800601,0.000535598484702024,0.000560839809629386,0.000474889400529932,0.0217202979647167,0.123317720785355,0.268006050413962
0.618516269927555,0.000537834404067919,0.000563127056341539,0.000474896102593863,0.0217204803029892,0.123318439144868,0.26800711902954
0.61852127305451,0.000540084139864375,0.000565428320945735,0.000474902804799651,0.0217206626435407,0.123319157510364,0.26800818765073
0.618526276181464,0.000542347805761035,0.000567743718203489,0.000474909507147299,0.0217208449863713,0.123319875881842,0.268009256277531
0.618531279308418,0.000544625516030377,0.000570073364053119,0.000474916209636812,0.021721027331481,0.123320594259303,0.268010324909944
0.618536282435373,0.000546917387061522,0.000572417375623888,0.000474922912268194,0.0217212096788699,0.123321312642748,0.268011393547968
0.618541285562327,0.000549223535745023,0.000574775871250866,0.000474929615041449,0.0217213920285381,0.123322031032175,0.268012462191603
0.618546288689281,0.000551544080185112,0.000577148970490015,0.000474936317956581,0.0217215743804855,0.123322749427585,0.26801353084085
0.618551291816236,0.000553879140733498,0.000579536794132963,0.000474943021013593,0.0217217567347122,0.123323467828978,0.268014599495708
0.61855629494319,0.000556228837379132,0.000581939464222782,0.00047494972421249,0.0217219390912182,0.123324186236354,0.268015668156178
0.618561298070144,0.000558593292948916,0.000584357104069146,0.000474956427553276,0.0217221214500036,0.123324904649713,0.268016736822259
0.618566301197099,0.000560972630333701,0.00058678983826457,0.000474963131035955,0.0217223038110683,0.123325623069056,0.268017805493952
0.618571304324053,0.000563366973823878,0.000589237792700072,0.000474969834660531,0.0217224861744126,0.123326341494382,0.268018874171256
0.618576307451007,0.000565776450103167,0.000591701094581609,0.000474976538427008,0.0217226685400363,0.123327059925691,0.268019942854172
0.618581310577962,0.000568201186218335,0.000594179872446754,0.000474983242335389,0.0217228509079395,0.123327778362983,0.2680210115427
0.618586313704916,0.000570641310590094,0.00059667425618107,0.00047498994638568,0.0217230332781223,0.123328496806259,0.26802208023684
0.618591316831871,0.000573096953107483,0.000599184377035548,0.000474996650577883,0.0217232156505847,0.123329215255519,0.268023148936591
0.618596319958825,0.000575568245239875,0.000601710367643417,0.000475003354912003,0.0217233980253267,0.123329933710762,0.268024217641954
0.618601323085779,0.000578055319996118,0.0006042523620381,0.000475010059388044,0.0217235804023484,0.123330652171989,0.268025286352929
0.618606326212733,0.000580558310940494,0.00060681049567053,0.00047501676400601,0.0217237627816497,0.1233313706392,0.268026355069515
0.618611329339688,0.000583077354114845,0.000609384905427628,0.000475023468765905,0.0217239451632309,0.123332089112394,0.268027423791714
0.618616332466642,0.000585612586078884,0.000611975729650208,0.000475030173667732,0.0217241275470918,0.123332807591573,0.268028492519524
0.618621335593597,0.000588164145651672,0.000614583108151716,0.000475036878711497,0.0217243099332325,0.123333526076735,0.268029561252947
0.618626338720551,0.000590732172626537,0.00061720718223725,0.000475043583897202,0.0217244923216531,0.123334244567881,0.268030629991981
0.618631341847505,0.000593316808429108,0.000619848094722287,0.000475050289224853,0.0217246747123536,0.123334963065011,0.268031698736627
0.61863634497446,0.000595918196111589,0.00062250598995256,0.000475056994694452,0.021724857105334,0.123335681568125,0.268032767486886
0.618641348101414,0.000598536479930231,0.000625181013823305,0.000475063700306004,0.0217250395005944,0.123336400077224,0.268033836242756
0.618646351228368,0.000601171806065405,0.00062787331379973,0.000475070406059513,0.0217252218981348,0.123337118592307,0.268034905004239
0.618651354355323,0.000603824322405398,0.00063058303893691,0.000475077111954983,0.0217254042979552,0.123337837113374,0.268035973771333
0.618656357482277,0.000606494178001285,0.00063331033990058,0.000475083817992418,0.0217255867000557,0.123338555640425,0.26803704254404
0.618661360609231,0.000609181523531491,0.00063605536898824,0.000475090524171822,0.0217257691044364,0.123339274173461,0.268038111322359
0.618666363736186,0.000611886511363637,0.000638818280149975,0.000475097230493199,0.0217259515110972,0.123339992712481,0.26803918010629
0.61867136686314,0.000614609296415207,0.000641599229010513,0.000475103936956553,0.0217261339200382,0.123340711257486,0.268040248895834
0.618676369990094,0.000617350033664307,0.000644398372890626,0.000475110643561887,0.0217263163312594,0.123341429808475,0.26804131769099
0.618681373117049,0.000620108881391056,0.000647215870829858,0.000475117350309207,0.0217264987447609,0.123342148365449,0.268042386491758
0.618686376244003,0.000622885998243394,0.000650051883608598,0.000475124057198516,0.0217266811605427,0.123342866928408,0.268043455298138
0.618691379370957,0.000625681545759791,0.000652906573771499,0.000475130764229818,0.0217268635786049,0.123343585497352,0.268044524110131
0.618696382497912,0.000628495686780273,0.00065578010565031,0.000475137471403116,0.0217270459989474,0.12334430407228,0.268045592927736
0.618701385624866,0.000631328584995286,0.00065867264538769,0.000475144178718416,0.0217272284215704,0.123345022653194,0.268046661750954
0.61870638875182,0.000634180407491493,0.000661584360961399,0.000475150886175721,0.0217274108464738,0.123345741240092,0.268047730579784
0.618711391878775,0.000637051323122406,0.000664515422208213,0.000475157593775034,0.0217275932736578,0.123346459832976,0.268048799414227
0.618716395005729,0.000639941501054852,0.000667466000849188,0.000475164301516361,0.0217277757031222,0.123347178431844,0.268049868254282
0.618721398132683,0.000642851113986738,0.000670436270514267,0.000475171009399705,0.0217279581348673,0.123347897036698,0.26805093709995
0.618726401259638,0.000645780335096805,0.000673426406768325,0.00047517771742507,0.0217281405688929,0.123348615647537,0.268052005951231
0.618731404386592,0.000648729341046978,0.000676436587136631,0.00047518442559246,0.0217283230051992,0.123349334264361,0.268053074808124
0.618736407513547,0.00065169830955922,0.000679466991131369,0.000475191133901878,0.0217285054437862,0.123350052887171,0.26805414367063
0.618741410640501,0.000654687420367819,0.000682517800278579,0.000475197842353331,0.0217286878846539,0.123350771515966,0.268055212538748
0.618746413767455,0.000657696855358376,0.000685589198144851,0.00047520455094682,0.0217288703278024,0.123351490150746,0.26805628141248
0.61875141689441,0.000660726798663459,0.00068868137036545,0.00047521125968235,0.0217290527732317,0.123352208791512,0.268057350291824
0.618756420021364,0.000663777436127114,0.000691794504671796,0.000475217968559925,0.0217292352209418,0.123352927438264,0.26805841917678
0.618761423148318,0.000666848956345098,0.000694928790920484,0.000475224677579549,0.0217294176709328,0.123353646091001,0.26805948806735
0.618766426275273,0.00066994154927504,0.00069808442112172,0.000475231386741227,0.0217296001232047,0.123354364749725,0.268060556963533
0.618771429402227,0.000673055406846706,0.000701261589468905,0.000475238096044961,0.0217297825777575,0.123355083414433,0.268061625865328
0.618776432529181,0.000676190724722012,0.000704460492368699,0.000475244805490757,0.0217299650345914,0.123355802085128,0.268062694772737
0.618781435656136,0.000679347699293456,0.000707681328470856,0.000475251515078618,0.0217301474937062,0.123356520761809,0.268063763685758
0.61878643878309,0.000682526530028868,0.000710924298699596,0.000475258224808548,0.0217303299551022,0.123357239444476,0.268064832604392
0.618791441910044,0.000685727417994814,0.000714189606284347,0.000475264934680551,0.0217305124187792,0.123357958133129,0.26806590152864
0.618796445036999,0.000688950566732805,0.000717477456792126,0.000475271644694632,0.0217306948847374,0.123358676827767,0.2680669704585
0.618801448163953,0.000692196183410719,0.000720788058159288,0.000475278354850793,0.0217308773529767,0.123359395528392,0.268068039393974
0.618806451290907,0.000695464475071278,0.00072412162072495,0.00047528506514904,0.0217310598234973,0.123360114235004,0.268069108335061
0.618811454417862,0.000698755654253541,0.000727478357263862,0.000475291775589376,0.0217312422962991,0.123360832947601,0.26807017728176
0.618816457544816,0.000702069933076797,0.00073085848302054,0.000475298486171805,0.0217314247713822,0.123361551666185,0.268071246234074
0.61882146067177,0.000705407528051379,0.000734262215743972,0.000475305196896332,0.0217316072487467,0.123362270390756,0.268072315192
0.618826463798725,0.0007087686572398,0.000737689775722124,0.000475311907762959,0.0217317897283925,0.123362989121313,0.268073384155539
0.618831466925679,0.000712153542032773,0.000741141385818149,0.000475318618771692,0.0217319722103197,0.123363707857856,0.268074453124692
0.618836470052633,0.000715562405365509,0.000744617271505981,0.000475325329922534,0.0217321546945283,0.123364426600386,0.268075522099458
0.618841473179588,0.000718995473960923,0.000748117660907721,0.00047533204121549,0.0217323371810185,0.123365145348903,0.268076591079838
0.618846476306542,0.000722452976567434,0.000751642784830505,0.000475338752650562,0.0217325196697901,0.123365864103407,0.268077660065831
0.618851479433496,0.000725935144210169,0.000755192876804731,0.000475345464227756,0.0217327021608433,0.123366582863897,0.268078729057437
0.618856482560451,0.00072944221177907,0.000758768173122947,0.000475352175947076,0.0217328846541781,0.123367301630374,0.268079798054657
0.618861485687405,0.000732974416282128,0.000762368912878571,0.000475358887808524,0.0217330671497946,0.123368020402838,0.26808086705749
0.61886648881436,0.000736531997683226,0.000765995338006462,0.000475365599812107,0.0217332496476927,0.123368739181289,0.268081936065937
0.618871491941314,0.000740115198355716,0.000769647693322882,0.000475372311957826,0.0217334321478725,0.123369457965728,0.268083005079998
0.618876495068268,0.000743724264367934,0.000773326226567413,0.000475379024245687,0.021733614650334,0.123370176756153,0.268084074099672
0.618881498195223,0.000747359444060275,0.000777031188444277,0.000475385736675693,0.0217337971550773,0.123370895552565,0.268085143124959
0.618886501322177,0.000751020989551049,0.000780762832665668,0.000475392449247848,0.0217339796621025,0.123371614354965,0.26808621215586
0.618891504449131,0.000754709154673995,0.000784521415994559,0.000475399161962157,0.0217341621714095,0.123372333163352,0.268087281192375
0.618896507576086,0.000758424198223414,0.00078830719828908,0.000475405874818623,0.0217343446829984,0.123373051977727,0.268088350234504
0.61890151070304,0.000762166380314684,0.000792120442547631,0.000475412587817251,0.0217345271968692,0.123373770798089,0.268089419282246
0.618906513829994,0.000765935964913986,0.000795961414953932,0.000475419300958044,0.021734709713022,0.123374489624438,0.268090488335602
0.618911516956949,0.000769733219711775,0.000799830384924095,0.000475426014241007,0.0217348922314568,0.123375208456775,0.268091557394572
0.618916520083903,0.00077355841457416,0.000803727625153145,0.000475432727666143,0.0217350747521737,0.1233759272951,0.268092626459156
0.618921523210857,0.000777411824189331,0.000807653411663703,0.000475439441233456,0.0217352572751726,0.123376646139412,0.268093695529354
0.618926526337812,0.000781293725042534,0.000811608023854206,0.000475446154942951,0.0217354398004537,0.123377364989712,0.268094764605165
0.618931529464766,0.00078520439754286,0.000815591744548822,0.000475452868794632,0.0217356223280169,0.123378083846,0.268095833686591
0.61893653259172,0.000789144126132412,0.000819604860048236,0.000475459582788502,0.0217358048578623,0.123378802708275,0.26809690277363
0.618941535718675,0.000793113198106277,0.00082364766018041,0.000475466296924566,0.0217359873899899,0.123379521576539,0.268097971866284
0.618946538845629,0.000797111904780458,0.000827720438353569,0.000475473011202827,0.0217361699243999,0.123380240450791,0.268099040964551
0.618951541972583,0.000801140540929913,0.000831823491608665,0.000475479725623289,0.0217363524610921,0.123380959331031,0.268100110068433
0.618956545099538,0.000805199404429811,0.000835957120674198,0.000475486440185958,0.0217365350000667,0.123381678217258,0.268101179177929
0.618961548226492,0.000809288797621244,0.000840121630020629,0.000475493154890836,0.0217367175413236,0.123382397109474,0.268102248293039
0.618966551353446,0.000813409026909046,0.000844317327916652,0.000475499869737927,0.021736900084863,0.123383116007679,0.268103317413762
0.618971554480401,0.000817560401097999,0.000848544526486462,0.000475506584727237,0.0217370826306849,0.123383834911871,0.268104386540101
0.618976557607355,0.000821743234104483,0.000852803541767085,0.000475513299858767,0.0217372651787892,0.123384553822052,0.268105455672053
0.61898156073431,0.000825957843522678,0.000857094693768138,0.000475520015132524,0.0217374477291761,0.123385272738222,0.26810652480962
0.618986563861264,0.000830204550953505,0.000861418306531111,0.00047552673054851,0.0217376302818456,0.12338599166038,0.268107593952801
0.618991566988218,0.000834483681953498,0.000865774708191239,0.00047553344610673,0.0217378128367976,0.123386710588526,0.268108663101596
0.618996570115173,0.00083879556614744,0.000870164231038922,0.000475540161807187,0.0217379953940324,0.123387429522662,0.268109732256006
0.619001573242127,0.000843140537918514,0.000874587211583792,0.000475546877649887,0.0217381779535498,0.123388148462785,0.26811080141603
0.619006576369081,0.000847518934646158,0.000879043990618455,0.000475553593634832,0.0217383605153499,0.123388867408898,0.268111870581668
0.619011579496036,0.000851931099937332,0.000883534913284346,0.000475560309762027,0.0217385430794328,0.123389586361,0.268112939752921
0.61901658262299,0.000856377380060026,0.000888060329138784,0.000475567026031475,0.0217387256457985,0.12339030531909,0.268114008929789
0.619021585749944,0.000860858126395831,0.000892620592222209,0.000475573742443181,0.021738908214447,0.123391024283169,0.268115078112271
0.619026588876899,0.000865373695337369,0.00089721606112815,0.00047558045899715,0.0217390907853785,0.123391743253237,0.268116147300367
0.619031592003853,0.000869924446930089,0.000901847099072834,0.000475587175693384,0.0217392733585928,0.123392462229295,0.268117216494078
0.619036595130807,0.000874510746034016,0.000906514073967681,0.000475593892531887,0.0217394559340901,0.123393181211341,0.268118285693404
0.619041598257762,0.000879132962702613,0.000911217358491576,0.000475600609512665,0.0217396385118703,0.123393900199377,0.268119354898344
0.619046601384716,0.000883791472648938,0.000915957330165489,0.000475607326635721,0.0217398210919336,0.123394619193402,0.268120424108899
0.61905160451167,0.00088848665487437,0.000920734371428452,0.000475614043901058,0.02174000367428,0.123395338193416,0.268121493325069
0.619056607638625,0.000893218893762196,0.000925548869713882,0.000475620761308681,0.0217401862589095,0.12339605719942,0.268122562546854
0.619061610765579,0.000897988579594956,0.000930401217528881,0.000475627478858595,0.0217403688458221,0.123396776211413,0.268123631774253
0.619066613892533,0.000902796106171159,0.000935291812533289,0.000475634196550802,0.0217405514350179,0.123397495229396,0.268124701007267
0.619071617019488,0.000907641874017808,0.000940221057621918,0.000475640914385307,0.0217407340264969,0.123398214253368,0.268125770245896
0.619076620146442,0.000912526288863269,0.000945189361006561,0.000475647632362114,0.0217409166202591,0.12339893328333,0.26812683949014
0.619081623273396,0.000917449760899095,0.000950197136301278,0.000475654350481228,0.0217410992163047,0.123399652319281,0.268127908739999
0.619086626400351,0.000922412705969114,0.000955244802607604,0.000475661068742651,0.0217412818146335,0.123400371361223,0.268128977995472
0.619091629527305,0.000927415546029783,0.000960332784602456,0.000475667787146388,0.0217414644152458,0.123401090409154,0.268130047256561
0.61909663265426,0.000932458708029343,0.000965461512627687,0.000475674505692444,0.0217416470181414,0.123401809463075,0.268131116523265
0.619101635781214,0.000937542625815787,0.000970631422780176,0.000475681224380821,0.0217418296233205,0.123402528522986,0.268132185795583
0.619106638908168,0.000942667737899192,0.000975842957005326,0.000475687943211525,0.0217420122307831,0.123403247588887,0.268133255073517
0.619111642035122,0.000947834488647502,0.000981096563190476,0.000475694662184558,0.0217421948405292,0.123403966660778,0.268134324357066
0.619116645162077,0.000953043328789596,0.000986392695261931,0.000475701381299926,0.0217423774525589,0.123404685738659,0.26813539364623
0.619121648289031,0.000958294715814721,0.000991731813282081,0.000475708100557632,0.0217425600668721,0.123405404822531,0.268136462941009
0.619126651415986,0.000963589112569185,0.000997114383549523,0.00047571481995768,0.021742742683469,0.123406123912393,0.268137532241403
0.61913165454294,0.000968926988033692,0.00100254087870111,0.000475721539500074,0.0217429253023495,0.123406843008245,0.268138601547413
0.619136657669894,0.000974308818441912,0.00100801177781472,0.000475728259184819,0.0217431079235138,0.123407562110087,0.268139670859038
0.619141660796849,0.000979735085321976,0.00101352756651585,0.000475734979011918,0.0217432905469618,0.12340828121792,0.268140740176278
0.619146663923803,0.00098520627970856,0.00101908873708423,0.000475741698981375,0.0217434731726936,0.123409000331743,0.268141809499134
0.619151667050757,0.000990722894953602,0.00102469578856452,0.000475748419093194,0.0217436558007092,0.123409719451558,0.268142878827604
0.619156670177712,0.000996285434460688,0.00103034922687727,0.00047575513934738,0.0217438384310087,0.123410438577362,0.268143948161691
0.619161673304666,0.00100189440796573,0.00103604956493321,0.000475761859743935,0.021744021063592,0.123411157709158,0.268145017501392
0.61916667643162,0.00100755033158549,0.00104179732274986,0.000475768580282866,0.0217442036984593,0.123411876846944,0.26814608684671
0.619171679558575,0.00101325372848455,0.00104759302756907,0.000475775300964174,0.0217443863356106,0.123412595990721,0.268147156197642
0.619176682685529,0.00101900513222822,0.00105343721397878,0.000475782021787865,0.0217445689750459,0.123413315140489,0.26814822555419
0.619181685812483,0.00102480507853946,0.00105933042403507,0.000475788742753943,0.0217447516167652,0.123414034296248,0.268149294916354
0.619186688939438,0.00103065411496208,0.00106527320738876,0.00047579546386241,0.0217449342607686,0.123414753457997,0.268150364284133
0.619191692066392,0.00103655279414993,0.00107126612141235,0.000475802185113273,0.0217451169070561,0.123415472625738,0.268151433657528
0.619196695193346,0.00104250167898832,0.00107730973133155,0.000475808906506533,0.0217452995556278,0.123416191799471,0.268152503036539
0.619201698320301,0.00104850133774864,0.00108340461035744,0.000475815628042197,0.0217454822064837,0.123416910979194,0.268153572421165
0.619206701447255,0.00105455234803368,0.00108955133982264,0.000475822349720266,0.0217456648596238,0.123417630164908,0.268154641811407
0.619211704574209,0.00106065529714582,0.0010957505093201,0.000475829071540747,0.0217458475150483,0.123418349356614,0.268155711207265
0.619216707701164,0.00106681077784018,0.00110200271684334,0.000475835793503642,0.021746030172757,0.123419068554312,0.268156780608738
0.619221710828118,0.00107301939314765,0.00110830856893156,0.000475842515608955,0.0217462128327501,0.123419787758001,0.268157850015828
0.619226713955072,0.00107928175458742,0.00111466868081543,0.000475849237856691,0.0217463954950275,0.123420506967681,0.268158919428533
0.619231717082027,0.00108559848242986,0.00112108367656803,0.000475855960246854,0.0217465781595894,0.123421226183353,0.268159988846854
0.619236720208981,0.00109197020478702,0.00112755418925678,0.000475862682779447,0.0217467608264357,0.123421945405016,0.268161058270791
0.619241723335936,0.0010983975614199,0.00113408086109976,0.000475869405454475,0.0217469434955666,0.123422664632672,0.268162127700344
0.61924672646289,0.00110488119880483,0.00114066434362531,0.000475876128271942,0.021747126166982,0.123423383866319,0.268163197135513
0.619251729589844,0.00111142177455934,0.00114730529783336,0.000475882851231851,0.0217473088406819,0.123424103105958,0.268164266576297
0.619256732716799,0.00111801995411293,0.00115400439436227,0.000475889574334207,0.0217474915166665,0.123424822351589,0.268165336022698
0.619261735843753,0.00112467641469643,0.0011607623136567,0.000475896297579014,0.0217476741949357,0.123425541603211,0.268166405474715
0.619266738970707,0.00113139184219972,0.00116757974614135,0.000475903020966276,0.0217478568754897,0.123426260860826,0.268167474932348
0.619271742097662,0.00113816693303769,0.0011744573923958,0.000475909744495996,0.0217480395583283,0.123426980124433,0.268168544395598
0.619276745224616,0.00114500239386729,0.00118139596333548,0.000475916468168179,0.0217482222434517,0.123427699394032,0.268169613864463
0.61928174835157,0.00115189894193147,0.00118839618039399,0.00047592319198283,0.02174840493086,0.123428418669624,0.268170683338945
0.619286751478525,0.00115885730477075,0.00119545877571083,0.000475929915939951,0.021748587620553,0.123429137951207,0.268171752819042
0.619291754605479,0.00116587822049128,0.00120258449232297,0.000475936640039547,0.021748770312531,0.123429857238783,0.268172822304757
0.619296757732433,0.00117296243939166,0.00120977408435892,0.000475943364281622,0.0217489530067938,0.123430576532352,0.268173891796087
0.619301760859388,0.0011801107235863,0.00121702831723917,0.00047595008866618,0.0217491357033417,0.123431295831912,0.268174961293034
0.619306763986342,0.00118732384356308,0.00122434796787837,0.000475956813193224,0.0217493184021744,0.123432015137466,0.268176030795597
0.619311767113296,0.0011946025830724,0.00123173382489423,0.00047596353786276,0.0217495011032923,0.123432734449012,0.268177100303776
0.619316770240251,0.00120194773928101,0.00123918668881853,0.000475970262674791,0.0217496838066952,0.12343345376655,0.268178169817572
0.619321773367205,0.00120936012047905,0.00124670737231413,0.000475976987629321,0.0217498665123832,0.123434173090082,0.268179239336985
0.619326776494159,0.00121684054696573,0.00125429670039668,0.000475983712726354,0.0217500492203564,0.123434892419606,0.268180308862014
0.619331779621114,0.00122438984930307,0.00126195551065931,0.000475990437965894,0.0217502319306147,0.123435611755123,0.268181378392659
0.619336782748068,0.00123200887537909,0.00126968465350474,0.000475997163347946,0.0217504146431583,0.123436331096633,0.268182447928921
0.619341785875022,0.00123969848250731,0.00127748499237955,0.000476003888872512,0.0217505973579871,0.123437050444136,0.2681835174708
0.619346789001977,0.0012474595435821,0.00128535740401635,0.000476010614539598,0.0217507800751012,0.123437769797632,0.268184587018295
0.619351792128931,0.00125529294434754,0.00129330277867847,0.000476017340349207,0.0217509627945007,0.123438489157121,0.268185656571407
0.619356795255885,0.00126319958093227,0.00130132202041178,0.000476024066301343,0.0217511455161855,0.123439208522603,0.268186726130135
0.61936179838284,0.00127118036997119,0.00130941604730195,0.00047603079239601,0.0217513282401557,0.123439927894078,0.26818779569448
0.619366801509794,0.00127923623556426,0.00131758579173552,0.000476037518633213,0.0217515109664114,0.123440647271547,0.268188865264442
0.619371804636749,0.00128736812276873,0.00132583220066937,0.000476044245012955,0.0217516936949525,0.123441366655009,0.268189934840021
0.619376807763703,0.00129557698459031,0.00133415623590326,0.00047605097153524,0.0217518764257792,0.123442086044465,0.268191004421217
0.619381810890657,0.00130386379727306,0.00134255887436121,0.000476057698200073,0.0217520591588915,0.123442805439914,0.268192074008029
0.619386814017612,0.00131222954192477,0.00135104110837616,0.000476064425007457,0.0217522418942893,0.123443524841356,0.268193143600459
0.619391817144566,0.00132067522624643,0.00135960394598397,0.000476071151957397,0.0217524246319728,0.123444244248792,0.268194213198505
0.61939682027152,0.00132920186531644,0.00136824841122101,0.000476077879049896,0.0217526073719419,0.123444963662222,0.268195282802168
0.619401823398475,0.00133781049828999,0.00137697554443039,0.000476084606284958,0.0217527901141968,0.123445683081645,0.268196352411448
0.619406826525429,0.00134650217231978,0.00138578640257498,0.000476091333662588,0.0217529728587374,0.123446402507063,0.268197422026345
0.619411829652383,0.00135527795810996,0.00139468205955549,0.00047609806118279,0.0217531556055638,0.123447121938474,0.26819849164686
0.619416832779338,0.00136413893966176,0.00140366360653871,0.000476104788845567,0.021753338354676,0.123447841375879,0.268199561272991
0.619421835906292,0.00137308622077043,0.00141273215228989,0.000476111516650923,0.0217535211060741,0.123448560819278,0.268200630904739
0.619426839033246,0.0013821209222485,0.00142188882351594,0.000476118244598864,0.0217537038597581,0.123449280268671,0.268201700542105
0.619431842160201,0.0013912441846242,0.00143113476521333,0.000476124972689392,0.021753886615728,0.123449999724058,0.268202770185088
0.619436845287155,0.00140045716290886,0.00144047114102597,0.000476131700922511,0.0217540693739839,0.12345071918544,0.268203839833688
0.619441848414109,0.0014097610364228,0.00144989913361128,0.000476138429298227,0.0217542521345258,0.123451438652816,0.268204909487905
0.619446851541064,0.00141915700057846,0.00145941994501254,0.000476145157816542,0.0217544348973538,0.123452158126185,0.268205979147739
0.619451854668018,0.00142864626935108,0.00146903479704301,0.000476151886477461,0.0217546176624679,0.12345287760555,0.268207048813191
0.619456857794972,0.00143823008067032,0.0014787449316755,0.000476158615280987,0.021754800429868,0.123453597090909,0.26820811848426
0.619461860921927,0.00144790969047411,0.00148855161144432,0.000476165344227126,0.0217549831995544,0.123454316582262,0.268209188160946
0.619466864048881,0.00145768637494914,0.00149845611985323,0.00047617207331588,0.021755165971527,0.123455036079609,0.26821025784325
0.619471867175835,0.00146756143321597,0.00150845976179627,0.000476178802547254,0.0217553487457858,0.123455755582952,0.268211327531171
0.61947687030279,0.00147753618645117,0.00151856386398526,0.000476185531921253,0.0217555315223308,0.123456475092289,0.26821239722471
0.619481873429744,0.0014876119764301,0.00152876977538936,0.000476192261437879,0.0217557143011622,0.123457194607621,0.268213466923866
0.619486876556699,0.00149779016956421,0.00153907886768522,0.000476198991097137,0.02175589708228,0.123457914128947,0.26821453662864
0.619491879683653,0.00150807215153283,0.00154949253571527,0.000476205720899031,0.0217560798656841,0.123458633656269,0.268215606339031
0.619496882810607,0.0015184593359936,0.00156001219796049,0.000476212450843565,0.0217562626513747,0.123459353189585,0.26821667605504
0.619501885937562,0.00152895315847281,0.00157063929702056,0.000476219180930743,0.0217564454393517,0.123460072728897,0.268217745776667
0.619506889064516,0.00153955508040853,0.00158137530010936,0.00047622591116057,0.0217566282296153,0.123460792274203,0.268218815503911
0.61951189219147,0.00155026658522665,0.00159222169955865,0.000476232641533048,0.0217568110221654,0.123461511825505,0.268219885236773
0.619516895318425,0.00156108918602921,0.00160318001333636,0.000476239372048182,0.021756993817002,0.123462231382801,0.268220954975253
0.619521898445379,0.00157202441895423,0.00161425178557726,0.000476246102705977,0.0217571766141253,0.123462950946093,0.26822202471935
0.619526901572333,0.00158307384770764,0.00162543858712414,0.000476252833506436,0.0217573594135353,0.123463670515381,0.268223094469065
0.619531904699288,0.00159423906344805,0.00163674201608576,0.000476259564449563,0.0217575422152319,0.123464390090663,0.268224164224398
0.619536907826242,0.00160552168518504,0.00164816369840437,0.000476266295535363,0.0217577250192153,0.123465109671941,0.268225233985349
0.619541910953196,0.00161692335945156,0.00165970528844123,0.000476273026763839,0.0217579078254855,0.123465829259215,0.268226303751917
0.619546914080151,0.00162844576194723,0.00167136846957259,0.000476279758134995,0.0217580906340424,0.123466548852484,0.268227373524104
0.619551917207105,0.0016400906000673,0.00168315495480295,0.000476286489648836,0.0217582734448862,0.123467268451749,0.268228443301909
0.619556920334059,0.00165185960800171,0.00169506648739344,0.000476293221305365,0.0217584562580169,0.12346798805701,0.268229513085331
0.619561923461014,0.00166375455429459,0.00170710484150317,0.000476299953104586,0.0217586390734345,0.123468707668266,0.268230582874372
0.619566926587968,0.00167577723316868,0.00171927182285053,0.000476306685046504,0.0217588218911391,0.123469427285518,0.26823165266903
0.619571929714922,0.00168792947854431,0.00173156926938667,0.000476313417131122,0.0217590047111307,0.123470146908766,0.268232722469307
0.619576932841877,0.0017002131515102,0.00174399905199019,0.000476320149358445,0.0217591875334093,0.123470866538009,0.268233792275202
0.619581935968831,0.00171263015069918,0.00175656307517498,0.000476326881728477,0.0217593703579749,0.123471586173249,0.268234862086715
0.619586939095785,0.00172518240428685,0.00176926327782021,0.000476333614241221,0.0217595531848277,0.123472305814485,0.268235931903846
0.61959194222274,0.0017378718800717,0.0017821016339148,0.000476340346896682,0.0217597360139677,0.123473025461717,0.268237001726595
0.619596180081855,0.00174872922980343,0.00179308582502709,0.000476346049850884,0.0217598908797338,0.123473635037904,0.268237907915888
0.619596945349694,0.00175070057945822,0.00179508015332344,0.000476347079694863,0.0217599188453948,0.123473745114945,0.268238071554963
0.619601948476649,0.00176367054194804,0.00180820088257229,0.000476353812635769,0.0217601016791092,0.12347446477417,0.268239141388948
0.619606951603603,0.00177678384113473,0.00182146590565183,0.000476360545719404,0.0217602845151108,0.123475184439391,0.268240211228553
0.619611954730557,0.00179004259158646,0.00183487734484478,0.000476367278945772,0.0217604673533997,0.123475904110608,0.268241281073775
0.619616957857511,0.00180344894749843,0.00184843736157057,0.000476374012314876,0.021760650193976,0.123476623787822,0.268242350924616
0.619621960984466,0.00181700509959231,0.00186214815725648,0.000476380745826721,0.0217608330368396,0.123477343471032,0.268243420781075
0.61962696411142,0.00183071328352379,0.00187601197422692,0.000476387479481311,0.0217610158819907,0.123478063160238,0.268244490643153
0.619631967238375,0.00184457577425157,0.00189003109661883,0.000476394213278651,0.0217611987294292,0.123478782855442,0.268245560510849
0.619636970365329,0.0018585948891103,0.00190420785132123,0.000476400947218743,0.0217613815791552,0.123479502556642,0.268246630384163
0.619641973492283,0.00187277299181226,0.00191854460893609,0.000476407681301591,0.0217615644311687,0.123480222263838,0.268247700263097
0.619646976619238,0.00188711248675802,0.00193304378476951,0.000476414415527202,0.0217617472854698,0.123480941977032,0.268248770147648
0.619651979746192,0.00190161582499612,0.00194770783984382,0.000476421149895576,0.0217619301420585,0.123481661696222,0.268249840037819
0.619656982873146,0.00191628550856228,0.00196253928194186,0.000476427884406721,0.0217621130009348,0.12348238142141,0.268250909933608
0.619661986000101,0.00193112408137425,0.00197754066667384,0.000476434619060638,0.0217622958620988,0.123483101152594,0.268251979835015
0.619666989127055,0.00194613413764997,0.00199271459857803,0.000476441353857332,0.0217624787255506,0.123483820889776,0.268253049742041
0.619671992254009,0.00196131832672475,0.00200806373224607,0.000476448088796808,0.02176266159129,0.123484540632954,0.268254119654686
0.619676995380964,0.00197667934245162,0.00202359077348189,0.000476454823879069,0.0217628444593173,0.12348526038213,0.26825518957295
0.619681998507918,0.00199221993413432,0.00203929848049217,0.000476461559104119,0.0217630273296325,0.123485980137303,0.268256259496833
0.619687001634872,0.00200794290071706,0.00205518966510558,0.000476468294471962,0.0217632102022354,0.123486699898474,0.268257329426334
0.619692004761827,0.00202385110380908,0.00207126719403057,0.000476475029982603,0.0217633930771263,0.123487419665641,0.268258399361454
0.619697007888781,0.00203994745429264,0.00208753399014198,0.000476481765636045,0.0217635759543052,0.123488139438807,0.268259469302194
0.619702011015735,0.00205623492145696,0.00210399303380873,0.000476488501432292,0.021763758833772,0.123488859217969,0.268260539248552
0.61970701414269,0.0020727165354999,0.00212064736425271,0.000476495237371349,0.0217639417155268,0.12348957900313,0.268261609200529
0.619712017269644,0.00208939538803214,0.00213750008094906,0.000476501973453219,0.0217641245995697,0.123490298794288,0.268262679158125
0.619717020396598,0.00210627462490161,0.00215455434506535,0.000476508709677907,0.0217643074859007,0.123491018591443,0.26826374912134
0.619722023523553,0.00212335746506543,0.00217181338093727,0.000476515446045417,0.0217644903745198,0.123491738394597,0.268264819090174
0.619727026650507,0.0021406471868663,0.00218928047759135,0.000476522182555752,0.0217646732654271,0.123492458203748,0.268265889064627
0.619732029777461,0.00215814713015298,0.00220695899030444,0.000476528919208916,0.0217648561586227,0.123493178018897,0.268266959044699
0.619737032904416,0.00217586071531389,0.00222485234221352,0.000476535656004915,0.0217650390541064,0.123493897840044,0.26826802903039
0.61974203603137,0.00219379141703149,0.00224296402596527,0.000476542392943751,0.0217652219518785,0.123494617667189,0.268269099021701
0.619747039158325,0.00221194279279078,0.00226129760541661,0.000476549130025428,0.0217654048519388,0.123495337500333,0.268270169018631
0.619752042285279,0.0022303184673073,0.00227985671738402,0.000476555867249952,0.0217655877542876,0.123496057339474,0.26827123902118
0.619757045412233,0.00224892213944812,0.00229864507343891,0.000476562604617325,0.0217657706589247,0.123496777184613,0.268272309029348
0.619762048539188,0.00226775758867618,0.00231766646176107,0.000476569342127552,0.0217659535658503,0.123497497035751,0.268273379043136
0.619767051666142,0.00228682866962873,0.00233692474903909,0.000476576079780637,0.0217661364750643,0.123498216892887,0.268274449062543
0.619772054793096,0.00230613931763005,0.00235642388243286,0.000476582817576584,0.0217663193865668,0.123498936756022,0.268275519087569
0.619777057920051,0.00232569355312743,0.00237616789158648,0.000476589555515397,0.021766502300358,0.123499656625155,0.268276589118215
0.619782061047005,0.00234549547860678,0.00239616089070728,0.00047659629359708,0.0217666852164376,0.123500376500287,0.26827765915448
0.619787064173959,0.00236554927986851,0.00241640708069932,0.000476603031821637,0.021766868134806,0.123501096381417,0.268278729196364
0.619792067300914,0.00238585923910523,0.00243691075136456,0.000476609770189072,0.021767051055463,0.123501816268545,0.268279799243868
0.619797070427868,0.0024064297249602,0.00245767628366941,0.000476616508699389,0.0217672339784086,0.123502536161673,0.268280869296992
0.619802073554822,0.00242726519906983,0.00247870815207426,0.000476623247352592,0.0217674169036431,0.123503256060799,0.268281939355735
0.619807076681777,0.00244837021769975,0.00250001092693979,0.000476629986148686,0.0217675998311663,0.123503975965924,0.268283009420098
0.619812079808731,0.0024697494429555,0.00252158927699813,0.000476636725087673,0.0217677827609783,0.123504695877048,0.26828407949008
0.619817082935685,0.00249140762867568,0.00254344797190632,0.000476643464169559,0.0217679656930792,0.123505415794171,0.268285149565683
0.61982208606264,0.00251334963828052,0.00256559188486997,0.000476650203394348,0.021768148627469,0.123506135717293,0.268286219646904
0.619827089189594,0.00253558043743034,0.00258802599535182,0.000476656942762042,0.0217683315641477,0.123506855646414,0.268287289733746
0.619832092316548,0.00255810510332788,0.00261075539186314,0.000476663682272647,0.0217685145031154,0.123507575581534,0.268288359826207
0.619837095443503,0.0025809288227156,0.00263378527483598,0.000476670421926167,0.021768697444372,0.123508295522654,0.268289429924288
0.619842098570457,0.00260405689696025,0.00265712095959164,0.000476677161722605,0.0217688803879177,0.123509015469772,0.268290500027989
0.619847101697411,0.00262749475405042,0.00268076787939306,0.000476683901661965,0.0217690633337525,0.12350973542289,0.26829157013731
0.619852104824366,0.00265124792789072,0.00270473158860053,0.000476690641744252,0.0217692462818765,0.123510455382008,0.268292640252251
0.61985710795132,0.00267532209100308,0.00272901776591773,0.00047669738196947,0.0217694292322895,0.123511175347125,0.268293710372811
0.619862111078274,0.00269972303043455,0.00275363221774831,0.000476704122337622,0.0217696121849918,0.123511895318241,0.268294780498992
0.619867114205229,0.0027244566754244,0.00277858088165033,0.000476710862848713,0.0217697951399833,0.123512615295357,0.268295850630792
0.619872117332183,0.00274952908378895,0.00280386982990565,0.000476717603502746,0.0217699780972641,0.123513335278473,0.268296920768213
0.619877120459138,0.00277494645430718,0.00282950527320309,0.000476724344299727,0.0217701610568342,0.123514055267588,0.268297990911253
0.619882123586092,0.00280071512611769,0.00285549356443372,0.000476731085239658,0.0217703440186936,0.123514775262703,0.268299061059914
0.619887126713046,0.00282684158705209,0.00288184120261678,0.000476737826322544,0.0217705269828424,0.123515495263818,0.268300131214195
0.619892129840001,0.00285333247062439,0.00290855483694301,0.000476744567548389,0.0217707099492807,0.123516215270933,0.268301201374096
0.619897132966955,0.00288019456790956,0.00293564127095858,0.000476751308917197,0.0217708929180084,0.123516935284048,0.268302271539617
0.619902136093909,0.00290743483022456,0.00296310746687643,0.000476758050428971,0.0217710758890256,0.123517655303163,0.268303341710758
0.619907139220864,0.00293506036966379,0.00299096055003471,0.000476764792083717,0.0217712588623323,0.123518375328278,0.268304411887519
0.619912142347818,0.00296307846039248,0.00301920781350197,0.000476771533881438,0.0217714418379286,0.123519095359394,0.268305482069901
0.619917145474772,0.00299149656292329,0.00304785672282824,0.000476778275822138,0.0217716248158146,0.123519815396509,0.268306552257903
0.619922148601727,0.00302032229846073,0.00307691492096332,0.000476785017905821,0.0217718077959901,0.123520535439625,0.268307622451526
0.619927151728681,0.00304956349104316,0.00310639023332886,0.000476791760132491,0.0217719907784554,0.123521255488741,0.268308692650769
0.619932154855635,0.00307922813112282,0.00313629067307086,0.000476798502502153,0.0217721737632104,0.123521975543857,0.268309762855632
0.61993715798259,0.0031093244118549,0.00316662444647914,0.000476805245014809,0.0217723567502551,0.123522695604974,0.268310833066116
0.619942161109544,0.00313986072940487,0.0031973999585968,0.000476811987670465,0.0217725397395897,0.123523415672092,0.26831190328222
0.619947164236498,0.00317084567646633,0.00322862581902055,0.000476818730469125,0.0217727227312141,0.12352413574521,0.268312973503945
0.619952167363453,0.0032022880657882,0.00326031084789217,0.000476825473410791,0.0217729057251284,0.123524855824328,0.26831404373129
0.619957170490407,0.00323419691413555,0.00329246408210617,0.00047683221649547,0.0217730887213325,0.123525575909448,0.268315113964256
0.619962173617361,0.00326658147176973,0.00332509478172031,0.000476838959723163,0.0217732717198267,0.123526296000568,0.268316184202842
0.619967176744316,0.00329945121498592,0.00335821243659975,0.000476845703093876,0.0217734547206108,0.123527016097689,0.268317254447049
0.61997217987127,0.00333281585723943,0.00339182677328109,0.000476852446607613,0.021773637723685,0.123527736200811,0.268318324696877
0.619977182998224,0.00336668536280207,0.00342594776208847,0.000476859190264377,0.0217738207290492,0.123528456309934,0.268319394952325
0.619982186125179,0.0034010699275723,0.00346058562448891,0.000476865934064174,0.0217740037367035,0.123529176425058,0.268320465213394
0.619987189252133,0.00343598002857169,0.00349575084071513,0.000476872678007005,0.021774186746648,0.123529896546184,0.268321535480084
0.619992192379088,0.00347142639694602,0.00353145415765955,0.000476879422092877,0.0217743697588827,0.12353061667331,0.268322605752395
0.619997195506042,0.00350742004399848,0.00356770659704215,0.000476886166321792,0.0217745527734076,0.123531336806438,0.268323676030326
0.620002198632996,0.00354397225720089,0.00360451946388367,0.000476892910693755,0.0217747357902227,0.123532056945566,0.268324746313879
0.62000720175995,0.00358109463067245,0.0036419043552715,0.00047689965520877,0.0217749188093281,0.123532777090697,0.268325816603052
0.620012204886905,0.00361879904058391,0.00367987316945667,0.000476906399866841,0.0217751018307239,0.123533497241828,0.268326886897846
0.620017208013859,0.00365709769532934,0.00371843811526995,0.000476913144667971,0.02177528485441,0.123534217398961,0.268327957198261
0.620022211140814,0.00369600309984322,0.00375761172189135,0.000476919889612166,0.0217754678803866,0.123534937562096,0.268329027504297
0.620027214267768,0.00373552811606847,0.00379740684897973,0.000476926634699429,0.0217756509086535,0.123535657731232,0.268330097815954
0.620032217394722,0.00377568591959049,0.00383783669716844,0.000476933379929764,0.021775833939211,0.12353637790637,0.268331168133233
0.620037220521677,0.00381649006360452,0.00387891481896514,0.000476940125303175,0.021776016972059,0.12353709808751,0.268332238456132
0.620042223648631,0.00385795444886136,0.00392065513004498,0.000476946870819666,0.0217762000071976,0.123537818274652,0.268333308784652
0.620047226775585,0.00390009335569644,0.00396307192098325,0.000476953616479242,0.0217763830446267,0.123538538467795,0.268334379118794
0.62005222990254,0.00394292145320878,0.00400617986941684,0.000476960362281906,0.0217765660843465,0.12353925866694,0.268335449458556
0.620057233029494,0.00398645380884241,0.00404999405268333,0.000476967108227662,0.021776749126357,0.123539978872088,0.26833651980394
0.620062236156448,0.00403070590547773,0.00409452996092868,0.000476973854316515,0.0217769321706581,0.123540699083237,0.268337590154946
0.620067239283403,0.00407569364839922,0.00413980351072852,0.000476980600548468,0.0217771152172501,0.123541419300388,0.268338660511572
0.620072242410357,0.00412143339334722,0.00418583105923594,0.000476987346923525,0.0217772982661328,0.123542139523542,0.26833973087382
0.620077245537311,0.00416794193914266,0.00423262941886874,0.000476994093441691,0.0217774813173063,0.123542859752698,0.268340801241689
0.620082248664266,0.00421523656538299,0.00428021587258612,0.00047700084010297,0.0217776643707707,0.123543579987856,0.268341871615179
0.62008725179122,0.00426333502898576,0.00432860818974863,0.000477007586907365,0.021777847426526,0.123544300229017,0.268342941994291
0.620092254918174,0.0043122556084212,0.00437782464262191,0.000477014333854881,0.0217780304845723,0.12354502047618,0.268344012379025
0.620097258045129,0.00436201707831138,0.00442788402351975,0.000477021080945521,0.0217782135449095,0.123545740729345,0.26834508276938
0.620102261172083,0.00441263876850349,0.00447880566264301,0.00047702782817929,0.0217783966075377,0.123546460988513,0.268346153165356
0.620107264299038,0.004464140572314,0.00453060944663549,0.000477034575556193,0.021778579672457,0.123547181253684,0.268347223566954
0.620112267425992,0.00451654293364619,0.00458331583787802,0.000477041323076231,0.0217787627396674,0.123547901524857,0.268348293974173
0.620117270552946,0.0045698669267961,0.00463694589458418,0.000477048070739411,0.0217789458091689,0.123548621802033,0.268349364387014
0.6201222736799,0.00462413420803576,0.00469152129169839,0.000477054818545736,0.0217791288809616,0.123549342085212,0.268350434805477
0.620127276806855,0.00467936711121804,0.00474706434267255,0.00047706156649521,0.0217793119550455,0.123550062374394,0.268351505229561
0.620132279933809,0.00473558859913757,0.00480359802212467,0.000477068314587837,0.0217794950314206,0.123550782669578,0.268352575659267
0.620137283060764,0.00479282233331035,0.00486114598945235,0.000477075062823621,0.021779678110087,0.123551502970766,0.268353646094595
0.620142286187718,0.00485109269394063,0.00491973261343443,0.000477081811202566,0.0217798611910447,0.123552223277957,0.268354716535545
0.620147289314672,0.00491042478621109,0.00497938299785498,0.000477088559724676,0.0217800442742938,0.123552943591151,0.268355786982116
0.620152292441627,0.0049708444830535,0.00504012300823187,0.000477095308389955,0.0217802273598343,0.123553663910348,0.268356857434309
0.620157295568581,0.00503237844824423,0.00510197929966238,0.000477102057198408,0.0217804104476662,0.123554384235548,0.268357927892124
0.620162298695535,0.00509505416556152,0.00516497934588379,0.000477108806150038,0.0217805935377896,0.123555104566752,0.268358998355561
0.62016730182249,0.00515889996444408,0.00522915146956453,0.00047711555524485,0.0217807766302045,0.123555824903959,0.26836006882462
0.620172304949444,0.00522394506906189,0.00529452487393168,0.000477122304482847,0.0217809597249109,0.123556545247169,0.268361139299301
0.620177308076398,0.00529021960585409,0.00536112967575723,0.000477129053864033,0.021781142821909,0.123557265596383,0.268362209779604
0.620182311203353,0.00535775467172163,0.00542899693980711,0.000477135803388413,0.0217813259211986,0.123557985951601,0.268363280265528
0.620187314330307,0.00542658231154614,0.00549815871481256,0.000477142553055991,0.0217815090227799,0.123558706312822,0.268364350757075
0.620192317457261,0.00549673563882636,0.00556864807102528,0.00047714930286677,0.0217816921266529,0.123559426680047,0.268365421254244
0.620197320584216,0.00556824878936666,0.00564049913947609,0.000477156052820755,0.0217818752328176,0.123560147053275,0.268366491757035
0.62020232371117,0.00564115703156206,0.00571374715297566,0.000477162802917949,0.0217820583412742,0.123560867432508,0.268367562265449
0.620207326838124,0.00571549678411276,0.00578842848899883,0.000477169553158358,0.0217822414520225,0.123561587817744,0.268368632779484
0.620212329965079,0.005791305621574,0.00586458071449964,0.000477176303541984,0.0217824245650627,0.123562308208984,0.268369703299142
0.620217333092033,0.00586862241276492,0.00594224263279973,0.000477183054068832,0.0217826076803947,0.123563028606228,0.268370773824422
0.620222336218987,0.0059474872667208,0.00602145433264275,0.000477189804738906,0.0217827907980187,0.123563749009477,0.268371844355324
0.620227339345942,0.00602794166061052,0.00610225723951182,0.00047719655555221,0.0217829739179347,0.123564469418729,0.268372914891848
0.620232342472896,0.00611002844680954,0.0061846941693753,0.000477203306508748,0.0217831570401427,0.123565189833986,0.268373985433995
0.62023734559985,0.00619379194078918,0.00626880938493525,0.000477210057608524,0.0217833401646427,0.123565910255247,0.268375055981764
0.620242348726805,0.00627927797173425,0.006354648654573,0.000477216808851543,0.0217835232914347,0.123566630682512,0.268376126535156
0.620247351853759,0.00636653393841024,0.00644225931407839,0.000477223560237807,0.0217837064205189,0.123567351115782,0.26837719709417
0.620252354980714,0.00645560885901024,0.00653169033137665,0.000477230311767322,0.0217838895518953,0.123568071555056,0.268378267658807
0.620257358107668,0.00654655346671161,0.00662299237435777,0.000477237063440091,0.0217840726855638,0.123568792000334,0.268379338229066
0.620262361234622,0.0066394202994163,0.00671621788203017,0.000477243815256118,0.0217842558215246,0.123569512451617,0.268380408804947
0.620267364361577,0.0067342636939816,0.00681142113916504,0.000477250567215408,0.0217844389597776,0.123570232908905,0.268381479386452
0.620272367488531,0.00683113997364335,0.00690865835460634,0.000477257319317964,0.021784622100323,0.123570953372198,0.268382549973578
0.620277370615485,0.00693010742730557,0.00700798774350784,0.000477264071563791,0.0217848052431607,0.123571673841495,0.268383620566328
0.62028237374244,0.00703122645558659,0.007109469613654,0.000477270823952893,0.0217849883882907,0.123572394316797,0.2683846911647
0.620287376869394,0.00713455967393746,0.00721316645617065,0.000477277576485273,0.0217851715357132,0.123573114798104,0.268385761768695
0.620292379996348,0.00724017194783272,0.00731914304080936,0.000477284329160935,0.0217853546854282,0.123573835285416,0.268386832378312
0.620297383123303,0.00734813056257043,0.00742746651612975,0.000477291081979885,0.0217855378374356,0.123574555778733,0.268387902993553
0.620302386250257,0.00745850528460461,0.00753820651484479,0.000477297834942125,0.0217857209917356,0.123575276278055,0.268388973614416
0.620307389377211,0.00757136847243606,0.00765143526460928,0.00047730458804766,0.0217859041483281,0.123575996783382,0.268390044240902
0.620312392504166,0.00768679521422839,0.00776722770463825,0.000477311341296494,0.0217860873072133,0.123576717294715,0.268391114873011
0.62031739563112,0.00780486345083411,0.00788566160842686,0.00047731809468863,0.0217862704683911,0.123577437812052,0.268392185510742
0.620322398758074,0.00792565408608641,0.0080068177130234,0.000477324848224074,0.0217864536318616,0.123578158335395,0.268393256154097
0.620327401885029,0.0080492511559229,0.00813077985517278,0.000477331601902829,0.0217866367976248,0.123578878864744,0.268394326803075
0.620332405011983,0.00817574191772893,0.00825763511481926,0.000477338355724899,0.0217868199656808,0.123579599400098,0.268395397457675
0.620337408138937,0.00830521705848113,0.00838747396639713,0.000477345109690288,0.0217870031360296,0.123580319941457,0.268396468117899
0.620342411265892,0.00843777082778092,0.00852039043836483,0.000477351863799,0.0217871863086712,0.123581040488822,0.268397538783746
0.620347414392846,0.00857350124070085,0.00865648228157333,0.00047735861805104,0.0217873694836057,0.123581761042193,0.268398609455215
0.6203524175198,0.00871251016769649,0.00879585114693548,0.000477365372446411,0.0217875526608331,0.123582481601569,0.268399680132308
0.620357420646755,0.00885490364176084,0.00893860277308665,0.000477372126985117,0.0217877358403534,0.123583202166951,0.268400750815024
0.620362423773709,0.00900079198818842,0.00908484718457886,0.000477378881667162,0.0217879190221668,0.123583922738339,0.268401821503364
0.620367426900663,0.00915029001071565,0.00923469890139281,0.000477385636492552,0.0217881022062731,0.123584643315733,0.268402892197326
0.620372430027618,0.00930351730205097,0.00938827716040522,0.000477392391461288,0.0217882853926726,0.123585363899133,0.268403962896912
0.620377433154572,0.00946059838494598,0.00954570614968095,0.000477399146573377,0.0217884685813651,0.123586084488539,0.268405033602121
0.620382436281527,0.00962166304666981,0.00970711525640803,0.000477405901828821,0.0217886517723508,0.123586805083951,0.268406104312953
0.620387439408481,0.00978684651331805,0.00987263932935042,0.000477412657227624,0.0217888349656296,0.123587525685369,0.268407175029409
0.620392442535435,0.00995628981893859,0.0100424189568885,0.000477419412769792,0.0217890181612017,0.123588246292793,0.268408245751488
0.62039744566239,0.0101301400615387,0.0102166007615913,0.000477426168455327,0.0217892013590671,0.123588966906223,0.26840931647919
0.620402448789344,0.0103085506768548,0.0103953377125751,0.000477432924284234,0.0217893845592257,0.12358968752566,0.268410387212516
0.620407451916298,0.010491681848633,0.0105787894567566,0.000477439680256517,0.0217895677616776,0.123590408151104,0.268411457951466
0.620412455043253,0.0106797008239105,0.0107671226704153,0.00047744643637218,0.021789750966423,0.123591128782554,0.268412528696039
0.620417458170207,0.0108727822540245,0.0109605114324542,0.000477453192631227,0.0217899341734617,0.12359184942001,0.268413599446235
0.620422461297161,0.0110711086599,0.0111591376208515,0.000477459949033662,0.0217901173827939,0.123592570063473,0.268414670202055
0.620427464424116,0.0112748708354778,0.0113631913340703,0.000477466705579489,0.0217903005944195,0.123593290712942,0.268415740963499
0.62043246755107,0.0114842682768596,0.0115728713390871,0.000477473462268713,0.0217904838083387,0.123594011368419,0.268416811730566
0.620437470678024,0.0116995096767965,0.0117883855481211,0.000477480219101336,0.0217906670245515,0.123594732029902,0.268417882503257
0.620442473804979,0.0119208134077203,0.0120099515260209,0.000477486976077364,0.0217908502430578,0.123595452697392,0.268418953281572
0.620447476931933,0.0121484081495678,0.0122377970307297,0.000477493733196801,0.0217910334638578,0.123596173370889,0.26842002406551
0.620452480058887,0.0123825333649543,0.012472160589148,0.00047750049045965,0.0217912166869514,0.123596894050392,0.268421094855072
0.620457483185842,0.0126234399939579,0.0127132921111855,0.000477507247865915,0.0217913999123388,0.123597614735903,0.268422165650258
0.620462486312796,0.0128713910481821,0.0129614535448577,0.000477514005415601,0.0217915831400199,0.123598335427421,0.268423236451068
0.62046748943975,0.0131266623858991,0.0132169195755183,0.000477520763108712,0.0217917663699948,0.123599056124946,0.268424307257502
0.620472492566705,0.0133895434526973,0.0134799783727874,0.000477527520945251,0.0217919496022635,0.123599776828479,0.268425378069559
0.620477495693659,0.0136603380186979,0.0137509323887251,0.000477534278925223,0.0217921328368261,0.123600497538018,0.268426448887241
0.620482498820613,0.0139393650723871,0.0140300992114822,0.000477541037048632,0.0217923160736826,0.123601218253566,0.268427519710547
0.620487501947568,0.0142269598378835,0.0143178124786594,0.000477547795315481,0.021792499312833,0.12360193897512,0.268428590539476
0.620492505074522,0.0145234745640171,0.014614422855331,0.000477554553725776,0.0217926825542774,0.123602659702682,0.26842966137403
0.620497508201477,0.0148292797950508,0.0149202990819211,0.000477561312279519,0.0217928657980158,0.123603380436251,0.268430732214207
0.620502511328431,0.0151447653915627,0.0152358290975894,0.000477568070976716,0.0217930490440483,0.123604101175828,0.268431803060009
0.620507514455385,0.0154703416632961,0.015561421245549,0.000477574829817369,0.0217932322923749,0.123604821921413,0.268432873911435
0.620512517582339,0.0158064408802047,0.0158975055669481,0.000477581588801484,0.0217934155429956,0.123605542673006,0.268433944768485
0.620517520709294,0.0161535184255565,0.016244535191024,0.000477588347929064,0.0217935987959104,0.123606263430606,0.268435015631159
0.620522523836248,0.01651205465326,0.0166029878295083,0.000477595107200113,0.0217937820511195,0.123606984194214,0.268436086499457
0.620527526963203,0.0168825560387251,0.0169733673844556,0.000477601866614636,0.0217939653086228,0.12360770496383,0.26843715737338
0.620532530090157,0.017265557422334,0.0173562056792903,0.000477608626172636,0.0217941485684204,0.123608425739454,0.268438228252927
0.620537533217111,0.0176616234715389,0.0177520643238181,0.000477615385874117,0.0217943318305123,0.123609146521086,0.268439299138098
0.620542536344066,0.0180713510241282,0.0181615367253201,0.000477622145719084,0.0217945150948985,0.123609867308726,0.268440370028894
0.62054753947102,0.0184953710006387,0.0185852502585679,0.00047762890570754,0.0217946983615792,0.123610588102375,0.268441440925314
0.620552542597974,0.0189343510798077,0.0190238686094709,0.00047763566583949,0.0217948816305543,0.123611308902031,0.268442511827358
0.620557545724929,0.0193889978669786,0.0194780943079719,0.000477642426114938,0.0217950649018239,0.123612029707696,0.268443582735027
0.620562548851883,0.0198600602509651,0.0199486714680447,0.000477649186533888,0.0217952481753879,0.123612750519369,0.26844465364832
0.620567551978837,0.0203483315951146,0.020436388753881,0.000477655947096343,0.0217954314512466,0.123613471337051,0.268445724567238
0.620572555105792,0.0208546538468684,0.0209420825939476,0.000477662707802308,0.0217956147293998,0.123614192160741,0.268446795491781
0.620577558232746,0.0213799202830747,0.0214666406665491,0.000477669468651787,0.0217957980098476,0.12361491299044,0.268447866421948
0.6205825613597,0.021925079845725,0.0220110056830599,0.000477676229644784,0.0217959812925901,0.123615633826147,0.268448937357739
0.620587564486655,0.0224911411025209,0.0225761794982706,0.000477682990781303,0.0217961645776273,0.123616354667863,0.268450008299155
0.620592567613609,0.0230791768799806,0.0231632275798577,0.000477689752061348,0.0217963478649592,0.123617075515588,0.268451079246196
0.620597570740563,0.0236903289794251,0.0237732838733497,0.000477696513484924,0.0217965311545859,0.123617796369322,0.268452150198862
0.620602573867518,0.0243258136884466,0.0244075561022453,0.000477703275052034,0.0217967144465074,0.123618517229064,0.268453221157152
0.620607576994472,0.0249869275252243,0.0250673315482147,0.000477710036762681,0.0217968977407238,0.123619238094816,0.268454292121068
0.620612580121427,0.0256750539633096,0.0257539833610267,0.000477716798616872,0.021797081037235,0.123619958966576,0.268455363090608
0.620617583248381,0.0263916696261365,0.0264689774536074,0.000477723560614608,0.0217972643360412,0.123620679844345,0.268456434065772
0.620622586375335,0.0271383529426422,0.0272138800447328,0.000477730322755896,0.0217974476371424,0.123621400728124,0.268457505046562
0.620627589502289,0.0279167916043788,0.0279903659184203,0.000477737085040737,0.0217976309405385,0.123622121617912,0.268458576032977
0.620632592629244,0.0287287922708002,0.0288002274784678,0.000477743847469138,0.0217978142462297,0.123622842513709,0.268459647025016
0.620637595756198,0.0295762903428522,0.0296453846850725,0.000477750610041101,0.021797997554216,0.123623563415515,0.268460718022681
0.620642598883153,0.0304613613640937,0.0305278959723511,0.00047775737275663,0.0217981808644974,0.123624284323331,0.26846178902597
0.620647602010107,0.0313862326438641,0.0314499702567683,0.000477764135615731,0.0217983641770739,0.123625005237156,0.268462860034885
0.620652605137061,0.0323532970416071,0.0324139801614724,0.000477770898618406,0.0217985474919457,0.12362572615699,0.268463931049424
0.620657608264016,0.0333651277529047,0.0334224765968637,0.000477777661764661,0.0217987308091126,0.123626447082835,0.268465002069589
0.62066261139097,0.034424494420368,0.0344782048558408,0.000477784425054498,0.0217989141285749,0.123627168014688,0.268466073095379
0.620667614517924,0.0355343812729999,0.0355841224037556,0.000477791188487923,0.0217990974503324,0.123627888952552,0.268467144126794
0.620672617644879,0.0366980067911322,0.0367434185656507,0.000477797952064938,0.0217992807743853,0.123628609896425,0.268468215163834
0.620677620771833,0.0379188465595976,0.037959536342069,0.000477804715785549,0.0217994641007336,0.123629330846308,0.268469286206499
0.620682623898787,0.0392006569583004,0.0392361966145046,0.000477811479649759,0.0217996474293773,0.123630051802201,0.26847035725479
0.620687627025742,0.0405475027187914,0.0405774250388855,0.000477818243657572,0.0217998307603164,0.123630772764104,0.268471428308706
0.620692630152696,0.0419637879350014,0.0419875819659897,0.000477825007808993,0.0218000140935511,0.123631493732017,0.268472499368247
0.62069763327965,0.0434542884098022,0.0434713957752173,0.000477831772104025,0.0218001974290813,0.12363221470594,0.268473570433414
0.620702636406605,0.0450241911801395,0.0450340000641806,0.000477838536542672,0.0218003807669071,0.123632935685873,0.268474641504206
0.620707639533559,0.0466791348915738,0.0466809751982597,0.000477845301124939,0.0218005641070284,0.123633656671817,0.268475712580623
0.620712642660513,0.0484252585846884,0.0484183947996314,0.00047785206585083,0.0218007474494455,0.12363437766377,0.268476783662666
0.620717645787468,0.0502692535823512,0.0502528778380116,0.000477858830720349,0.0218009307941582,0.123635098661734,0.268477854750335
0.620722648914422,0.0522184232676558,0.0521916470855972,0.000477865595733499,0.0218011141411666,0.123635819665708,0.268478925843629
0.620727652041376,0.0542807493169681,0.0542425948114598,0.000477872360890285,0.0218012974904708,0.123636540675693,0.268479996942548
0.620732655168331,0.0564649683461815,0.0564143567226877,0.000477879126190711,0.0218014808420708,0.123637261691688,0.268481068047093
0.620737658295285,0.0587806536698079,0.0587163953146572,0.000477885891634781,0.0218016641959667,0.123637982713694,0.268482139157264
0.620742661422239,0.0612383147157068,0.0611590939684971,0.000477892657222499,0.0218018475521584,0.123638703741711,0.26848321027306
0.620747664549194,0.0638495016033591,0.0637538633437651,0.000477899422953869,0.0218020309106461,0.123639424775738,0.268484281394482
0.620752667676148,0.0666269306149539,0.0665132618514739,0.000477906188828895,0.0218022142714297,0.123640145815776,0.26848535252153
0.620757670803103,0.0695846215590532,0.0694511322748142,0.000477912954847581,0.0218023976345092,0.123640866861824,0.268486423654203
0.620762673930057,0.072738055503268,0.0725827569245342,0.000477919721009932,0.0218025809998849,0.123641587913884,0.268487494792503
0.620767677057011,0.0761043555635336,0.0759250340929687,0.000477926487315951,0.0218027643675566,0.123642308971955,0.268488565936428
0.620772680183966,0.0797024903331662,0.0794966789999847,0.000477933253765643,0.0218029477375244,0.123643030036036,0.268489637085979
0.62077768331092,0.0835535076190233,0.0833184529194028,0.000477940020359011,0.0218031311097883,0.123643751106129,0.268490708241155
0.620782686437874,0.0876808004657602,0.0874134247439225,0.000477946787096059,0.0218033144843484,0.123644472182233,0.268491779401958
0.620787689564829,0.0921104127014992,0.0918072698853817,0.000477953553976792,0.0218034978612048,0.123645193264348,0.268492850568387
0.620792692691783,0.0968713861597416,0.0965286121352348,0.000477960321001214,0.0218036812403574,0.123645914352474,0.268493921740441
0.620797695818737,0.101996158916567,0.101609414905598,0.000477967088169329,0.0218038646218063,0.123646635446612,0.268494992918122
0.620802698945692,0.107521023397546,0.107085429146252,0.000477973855481141,0.0218040480055515,0.123647356546761,0.268496064101429
0.620807702072646,0.113486646831366,0.112996706146689,0.000477980622936653,0.0218042313915931,0.123648077652921,0.268497135290361
0.6208127051996,0.119938671116219,0.119388184352971,0.00047798739053587,0.0218044147799311,0.123648798765093,0.26849820648492
0.620817708326555,0.126928393656321,0.126310360185351,0.000477994158278797,0.0218045981705656,0.123649519883277,0.268499277685105
0.620822711453509,0.134513550253181,0.133820053493864,0.000478000926165436,0.0218047815634965,0.123650241007472,0.268500348890916
0.620827714580463,0.142759199671256,0.141981278565416,0.000478007694195793,0.021804964958724,0.123650962137679,0.268501420102353
0.620832717707418,0.15173872974448,0.150866231152537,0.000478014462369871,0.021805148356248,0.123651683273898,0.268502491319417
0.620837720834372,0.161534981478977,0.160556400389797,0.000478021230687674,0.0218053317560687,0.123652404416128,0.268503562542107
0.620842723961326,0.172241525406013,0.171143810928638,0.000478027999149206,0.021805515158186,0.123653125564371,0.268504633770423
0.620847727088281,0.183964033058113,0.182732394100054,0.000478034767754472,0.0218056985625999,0.123653846718625,0.268505705004365
0.620852730215235,0.196821790404449,0.195439475735396,0.000478041536503476,0.0218058819693106,0.123654567878892,0.268506776243934
0.620857733342189,0.210949287602435,0.209397350052268,0.000478048305396221,0.021806065378318,0.12365528904517,0.268507847489129
0.620862736469144,0.226497812107581,0.224754880248672,0.000478055074432712,0.0218062487896222,0.123656010217461,0.268508918739951
0.620867739596098,0.24363695517068,0.241679022083567,0.000478061843612952,0.0218064322032233,0.123656731395764,0.268509989996399
0.620872742723052,0.262555850620957,0.260356099750355,0.000478068612936947,0.0218066156191212,0.123657452580079,0.268511061258473
0.620877745850007,0.283463830624705,0.280992564020681,0.000478075382404699,0.021806799037316,0.123658173770407,0.268512132526175
0.620882748976961,0.306590102394677,0.303814818285074,0.000478082152016213,0.0218069824578078,0.123658894966747,0.268513203799502
0.620887752103916,0.332181762404796,0.329067492904238,0.000478088921771493,0.0218071658805965,0.123659616169099,0.268514275078456
0.62089275523087,0.360499196731254,0.357009264797088,0.000478095691670543,0.0218073493056823,0.123660337377464,0.268515346363037
0.620897758357824,0.391807568513241,0.387904942516963,0.000478102461713367,0.0218075327330651,0.123661058591842,0.268516417653245
0.620902761484779,0.426362511964311,0.422012064559991,0.00047810923189997,0.021807716162745,0.123661779812232,0.268517488949079
0.620907764611733,0.464387723449661,0.459559720081797,0.000478116002230355,0.0218078995947221,0.123662501038635,0.26851856025054
0.620912767738687,0.506041557758343,0.500716794183554,0.000478122772704526,0.0218080830289963,0.123663222271051,0.268519631557627
0.620917770865642,0.551369574598155,0.54554658792295,0.000478129543322487,0.0218082664655677,0.12366394350948,0.268520702870342
0.620922773992596,0.600240607003307,0.593945192040914,0.000478136314084244,0.0218084499044364,0.123664664753921,0.268521774188683
0.62092777711955,0.652265843401679,0.645562802866648,0.000478143084989798,0.0218086333456024,0.123665386004376,0.268522845512651
0.620932780246505,0.706705168875026,0.699711317914108,0.000478149856039156,0.0218088167890657,0.123666107260843,0.268523916842246
0.620937783373459,0.762372669953518,0.755268987922352,0.000478156627232319,0.0218090002348263,0.123666828523324,0.268524988177468
0.620942786500413,0.81756480435875,0.810603810667106,0.000478163398569294,0.0218091836828844,0.123667549791818,0.268526059518317
0.620947789627368,0.870046699278041,0.863549732591572,0.000478170170050084,0.0218093671332399,0.123668271066325,0.268527130864793
0.620952792754322,0.917139106010877,0.911477796855619,0.000478176941674692,0.0218095505858928,0.123668992346845,0.268528202216896
0.620957795881276,0.955939721204752,0.951498431793823,0.000478183713443124,0.0218097340408433,0.123669713633379,0.268529273574625
0.620959527057754,0.966917707926258,0.962982387846591,0.00047818605663647,0.0218097975202582,0.123669963213551,0.268529644285957
0.620962799008231,0.983679601121408,0.980801541725775,0.000478190485355383,0.0218099174980913,0.123670434925926,0.268530344937982
0.620967802135185,0.998160121942287,0.997087958656206,0.000478197257411472,0.021810100957637,0.123671156224486,0.268531416306966
0.620970303698662,0.999999999768002,0.999876602989525,0.000478200643493455,0.0218101926882714,0.123671516876022,0.268531951993569
0.620972805262139,0.998160239429672,0.998988266270897,0.000478204029611397,0.0218102844194802,0.123671877529061,0.268532487681578
0.620977808389094,0.983683999553195,0.986338335621893,0.000478210801955162,0.0218104678836211,0.123672598839648,0.268533559061816
0.620982811516048,0.955959426532536,0.960213604258819,0.000478217574442769,0.0218106513500598,0.12367332015625,0.268534630447681
0.620987814643002,0.917189205450713,0.922709331381908,0.000478224347074224,0.0218108348187961,0.123674041478865,0.268535701839174
0.620992817769957,0.870142788320024,0.876546485616742,0.000478231119849531,0.0218110182898303,0.123674762807494,0.268536773236294
0.620997820896911,0.817719946687001,0.824631669464514,0.000478237892768693,0.0218112017631623,0.123675484142137,0.268537844639042
0.621002824023866,0.762595542869721,0.769686452639125,0.000478244665831715,0.0218113852387921,0.123676205482793,0.268538916047416
0.62100782715082,0.706999549725265,0.714008269596683,0.0004782514390386,0.0218115687167198,0.123676926829464,0.268539987461418
0.621012830277774,0.65263106614016,0.659368088429434,0.000478258212389354,0.0218117521969455,0.123677648182149,0.268541058881048
0.621017833404728,0.600672561961785,0.607013777136931,0.000478264985883979,0.0218119356794691,0.123678369540848,0.268542130306305
0.621022836531683,0.551861865177317,0.557736777841772,0.00047827175952248,0.0218121191642907,0.123679090905561,0.268543201737189
0.621027839658637,0.506586524086196,0.511965187000697,0.000478278533304861,0.0218123026514104,0.123679812276288,0.268544273173701
0.621032842785592,0.464977270288849,0.469858338168755,0.000478285307231127,0.0218124861408282,0.12368053365303,0.26854534461584
0.621037845912546,0.426988697642584,0.431389592001184,0.00047829208130128,0.0218126696325441,0.123681255035786,0.268546416063607
0.6210428490395,0.392462973416572,0.39641241610863,0.000478298855515326,0.0218128531265581,0.123681976424556,0.268547487517002
0.621047852166455,0.36117711304124,0.364709759300727,0.000478305629873268,0.0218130366228704,0.123682697819341,0.268548558976024
0.621052855293409,0.332876279429018,0.336029040292356,0.00047831240437511,0.0218132201214809,0.123683419220141,0.268549630440674
0.621057858420363,0.307296121147101,0.310105778010442,0.000478319179020857,0.0218134036223897,0.123684140626955,0.268550701910951
0.621062861547318,0.284177016260261,0.286678763934554,0.000478325953810513,0.0218135871255967,0.123684862039784,0.268551773386856
0.621067864674272,0.263272557305539,0.265499207741166,0.000478332728744081,0.0218137706311022,0.123685583458627,0.268552844868389
0.621072867801226,0.244354163027037,0.246335743903809,0.000478339503821566,0.021813954138906,0.123686304883485,0.26855391635555
0.621077870928181,0.227213032656234,0.228976692480945,0.000478346279042971,0.0218141376490083,0.123687026314359,0.268554987848339
0.621082874055135,0.211660502106859,0.213230565266406,0.000478353054408302,0.021814321161409,0.123687747751247,0.268556059346755
0.621087877182089,0.197527367408226,0.19892550203784,0.000478359829917561,0.0218145046761082,0.12368846919415,0.268557130850799
0.621092880309044,0.184662676635533,0.185908097847253,0.000478366605570753,0.021814688193106,0.123689190643068,0.268558202360471
0.621097883435998,0.172932217480016,0.174041923826013,0.000478373381367882,0.0218148717124023,0.123689912098002,0.268559273875772
0.621102886562952,0.162216937353955,0.16320593433812,0.000478380157308953,0.0218150552339973,0.12369063355895,0.2685603453967
0.621107889689907,0.152411349674056,0.153292879027396,0.000478386933393969,0.0218152387578909,0.123691355025914,0.268561416923256
0.621112892816861,0.143422051708665,0.1442077888531,0.000478393709622934,0.0218154222840833,0.123692076498893,0.26856248845544
0.621117895943816,0.135166329119725,0.13586657296876,0.000478400485995852,0.0218156058125743,0.123692797977887,0.268563559993252
0.62112289907077,0.127570900644603,0.12819474273417,0.000478407262512728,0.0218157893433641,0.123693519462897,0.268564631536693
0.621127902197724,0.120570796189117,0.121126266415867,0.000478414039173566,0.0218159728764528,0.123694240953923,0.268565703085761
0.621132905324678,0.11410835267189,0.11460255059236,0.000478420815978369,0.0218161564118403,0.123694962450964,0.268566774640458
0.621137908451633,0.108132328578955,0.108571540090186,0.000478427592927142,0.0218163399495266,0.12369568395402,0.268567846200783
0.621142911578587,0.102597129174938,0.102986926261085,0.000478434370019888,0.0218165234895119,0.123696405463093,0.268568917766736
0.621147914705542,0.0974621235036254,0.0978074527158724,0.000478441147256613,0.0218167070317962,0.123697126978181,0.268569989338317
0.621152917832496,0.0926910502859733,0.092996307760985,0.000478447924637319,0.0218168905763794,0.123697848499285,0.268571060915527
0.62115792095945,0.0882514924874981,0.0885205933563482,0.000478454702162011,0.0218170741232617,0.123698570026405,0.268572132498365
0.621162924086405,0.0841144262272424,0.0843508612338722,0.000478461479830694,0.0218172576724431,0.12369929155954,0.268573204086832
0.621167927213359,0.0802538216108255,0.080460707727212,0.00047846825764337,0.0218174412239236,0.123700013098692,0.268574275680926
0.621172930340313,0.0766462951353583,0.0768264197833611,0.000478475035600045,0.0218176247777032,0.12370073464386,0.26857534728065
0.621177933467268,0.0732708054215327,0.0734266655166791,0.000478481813700722,0.0218178083337821,0.123701456195044,0.268576418886001
0.621182936594222,0.0701083874714571,0.0702422234804513,0.000478488591945406,0.0218179918921601,0.123702177752244,0.268577490496982
0.621187939721176,0.0671419216773661,0.06725574557983,0.0004784953703341,0.0218181754528374,0.12370289931546,0.26857856211359
0.621192942848131,0.0643559268063504,0.0644515492091805,0.000478502148866808,0.0218183590158141,0.123703620884693,0.268579633735828
0.621197945975085,0.0617363823405229,0.0618154347857154,0.000478508927543535,0.02181854258109,0.123704342459942,0.268580705363694
0.621202949102039,0.0592705713789051,0.0593345253643679,0.000478515706364285,0.0218187261486654,0.123705064041208,0.268581776997188
0.621207952228994,0.0569469402895771,0.0569971254640858,0.000478522485329062,0.0218189097185402,0.12370578562849,0.268582848636311
0.621212955355948,0.0547549768361728,0.054792596627023,0.000478529264437869,0.0218190932907144,0.123706507221789,0.268583920281063
0.621217958482902,0.0526851041160104,0.0527112475641357,0.000478536043690712,0.0218192768651881,0.123707228821104,0.268584991931444
0.621222961609857,0.0507285815172182,0.0507442370338406,0.000478542823087593,0.0218194604419614,0.123707950426436,0.268586063587453
0.621227964736811,0.0488774225678146,0.0488834878469062,0.000478549602628518,0.0218196440210342,0.123708672037785,0.268587135249091
0.621232967863765,0.0471243197871934,0.0471216106089064,0.00047855638231349,0.0218198276024066,0.123709393655151,0.268588206916358
0.62123797099072,0.0454625769580452,0.0454518359942493,0.000478563162142513,0.0218200111860787,0.123710115278533,0.268589278589254
0.621242974117674,0.0438860503817296,0.0438679545069472,0.000478569942115591,0.0218201947720505,0.123710836907933,0.268590350267779
0.621247977244628,0.0423890963464297,0.0423642628205327,0.000478576722232729,0.021820378360322,0.123711558543349,0.268591421951933
0.621252980371583,0.0409665233311582,0.0409355159067345,0.00047858350249393,0.0218205619508933,0.123712280184783,0.268592493641715
0.621257983498537,0.0396135501970729,0.0395768842666264,0.000478590282899199,0.0218207455437643,0.123713001832234,0.268593565337127
0.621262986625492,0.0383257685558948,0.0382839156639462,0.00047859706344854,0.0218209291389352,0.123713723485702,0.268594637038167
0.621267989752446,0.0370991088408431,0.0370525008384869,0.000478603844141956,0.021821112736406,0.123714445145187,0.268595708744837
0.6212729928794,0.0359298099968888,0.0358788427415418,0.000478610624979452,0.0218212963361767,0.12371516681069,0.268596780457136
0.621277996006355,0.0348143920477492,0.0347594288935154,0.000478617405961032,0.0218214799382473,0.12371588848221,0.268597852175064
0.621282999133309,0.0337496319837189,0.0336910065131173,0.0004786241870867,0.0218216635426179,0.123716610159747,0.268598923898621
0.621288002260263,0.0327325412829748,0.0326705601095907,0.000478630968356461,0.0218218471492886,0.123717331843302,0.268599995627807
0.621293005387218,0.0317603463005804,0.0316952912680921,0.000478637749770317,0.0218220307582593,0.123718053532875,0.268601067362622
0.621298008514172,0.0308304696006377,0.0307626003892343,0.000478644531328274,0.0218222143695302,0.123718775228465,0.268602139103067
0.621303011641126,0.029940514451778,0.0298700701735271,0.000478651313030335,0.0218223979831011,0.123719496930073,0.268603210849141
0.621308014768081,0.029088249503684,0.0290154506648275,0.000478658094876504,0.0218225815989723,0.123720218637699,0.268604282600844
0.621313017895035,0.0282715959351243,0.0281966456892392,0.000478664876866786,0.0218227652171437,0.123720940351343,0.268605354358177
0.621318021021989,0.0274886144038042,0.0274117005446596,0.000478671659001184,0.0218229488376153,0.123721662071004,0.268606426121138
0.621323024148944,0.0267374950763873,0.026658790812044,0.000478678441279703,0.0218231324603873,0.123722383796684,0.26860749788973
0.621328027275898,0.0260165466166457,0.0259362121749393,0.000478685223702347,0.0218233160854595,0.123723105528381,0.268608569663951
0.621333030402852,0.0253241876659894,0.0252423711454302,0.000478692006269119,0.0218234997128322,0.123723827266097,0.268609641443801
0.621338033529807,0.024658938176655,0.0245757766069044,0.000478698788980025,0.0218236833425052,0.123724549009831,0.26861071322928
0.621343036656761,0.0240194119237701,0.0239350320928338,0.000478705571835067,0.0218238669744787,0.123725270759583,0.26861178502039
0.621348039783715,0.0234043094027211,0.0233188287304378,0.000478712354834251,0.0218240506087527,0.123725992515353,0.268612856817129
0.62135304291067,0.0228124114070216,0.0227259387848894,0.000478719137977579,0.0218242342453272,0.123726714277142,0.268613928619497
0.621358046037624,0.0222425735753043,0.0221552097470411,0.000478725921265057,0.0218244178842023,0.123727436044949,0.268615000427495
0.621363049164578,0.0216937204681714,0.0216055589135909,0.000478732704696689,0.0218246015253779,0.123728157818774,0.268616072241123
0.621368052291533,0.021164840916102,0.0210759684134832,0.000478739488272477,0.0218247851688542,0.123728879598618,0.26861714406038
0.621373055418487,0.020654983736479,0.0205654806397604,0.000478746271992427,0.0218249688146312,0.123729601384481,0.268618215885267
0.621378058545441,0.0201632530078499,0.0200731940494846,0.000478753055856543,0.0218251524627089,0.123730323176363,0.268619287715784
0.621383061672396,0.0196888047844554,0.0195982592988272,0.000478759839864829,0.0218253361130874,0.123731044974263,0.268620359551931
0.62138806479935,0.0192308433843,0.019139875683084,0.000478766624017288,0.0218255197657666,0.123731766778182,0.268621431393708
0.621393067926305,0.0187886179376027,0.0186972878547392,0.000478773408313925,0.0218257034207467,0.123732488588119,0.268622503241114
0.621398071053259,0.0183614197360984,0.0182697827953104,0.000478780192754743,0.0218258870780277,0.123733210404076,0.26862357509415
0.621403074180213,0.0179485792823649,0.0178566870187224,0.000478786977339748,0.0218260707376095,0.123733932226052,0.268624646952817
0.621408077307168,0.0175494635551646,0.0174573639866171,0.000478793762068943,0.0218262543994923,0.123734654054046,0.268625718817113
0.621413080434122,0.0171634741283874,0.0170712117172864,0.000478800546942332,0.0218264380636761,0.12373537588806,0.268626790687039
0.621418083561076,0.0167900443343111,0.0166976605722078,0.00047880733195992,0.0218266217301609,0.123736097728093,0.268627862562595
0.621423086688031,0.0164286378694008,0.0163361712050996,0.000478814117121709,0.0218268053989468,0.123736819574146,0.268628934443781
0.621428089814985,0.0160787464705579,0.0159862326603308,0.000478820902427705,0.0218269890700337,0.123737541426217,0.268630006330598
0.621433092941939,0.0157398883714384,0.0156473606082687,0.000478827687877912,0.0218271727434218,0.123738263284308,0.268631078223044
0.621438096068894,0.0154116065089102,0.0153190957065509,0.000478834473472333,0.0218273564191111,0.123738985148418,0.268632150121121
0.621443099195848,0.0150934672361247,0.0150010020772471,0.000478841259210973,0.0218275400971016,0.123739707018548,0.268633222024827
0.621448102322802,0.0147850588273856,0.0146926658905165,0.000478848045093836,0.0218277237773933,0.123740428894698,0.268634293934164
0.621453105449757,0.0144859899738924,0.0143936940465915,0.000478854831120925,0.0218279074599863,0.123741150776867,0.268635365849132
0.621458108576711,0.0141958889058763,0.0141037129481952,0.000478861617292246,0.0218280911448806,0.123741872665055,0.268636437769729
0.621463111703665,0.0139144020512711,0.0138223673566039,0.000478868403607801,0.0218282748320764,0.123742594559264,0.268637509695957
0.62146811483062,0.013641192935059,0.0135493193247849,0.000478875190067596,0.0218284585215734,0.123743316459492,0.268638581627815
0.621473117957574,0.0133759414325542,0.0132842472018202,0.000478881976671634,0.021828642213372,0.12374403836574,0.268639653565304
0.621478121084528,0.0131183425537813,0.0130268447033091,0.000478888763419918,0.021828825907472,0.123744760278008,0.268640725508423
0.621483124211483,0.0128681057697193,0.0127768200426818,0.000478895550312455,0.0218290096038736,0.123745482196296,0.268641797457172
0.621488127338437,0.0126249541954186,0.0125338951190981,0.000478902337349247,0.0218291933025767,0.123746204120605,0.268642869411552
0.621493130465391,0.0123886236498473,0.0122978047576052,0.000478909124530298,0.0218293770035813,0.123746926050933,0.268643941371562
0.621498133592346,0.0121588622709891,0.012068295997925,0.000478915911855614,0.0218295607068877,0.123747647987281,0.268645013337203
0.6215031367193,0.0119354296261999,0.0118451274282355,0.000478922699325196,0.0218297444124957,0.12374836992965,0.268646085308475
0.621508139846255,0.0117180960670764,0.0116280685607866,0.000478929486939051,0.0218299281204053,0.123749091878039,0.268647157285377
0.621513142973209,0.0115066422817272,0.0114168992464339,0.000478936274697181,0.0218301118306168,0.123749813832448,0.26864822926791
0.621518146100163,0.0113008587223625,0.011211409125239,0.000478943062599592,0.02183029554313,0.123750535792878,0.268649301256073
0.621523149227117,0.0111005450263594,0.0110113971107697,0.000478949850646287,0.0218304792579451,0.123751257759329,0.268650373249867
0.621528152354072,0.0109055095611197,0.0108166709056264,0.000478956638837269,0.021830662975062,0.123751979731799,0.268651445249292
0.621533155481026,0.0107155690399012,0.0106270465461979,0.000478963427172544,0.0218308466944808,0.123752701710291,0.268652517254348
0.621538158607981,0.0105305479754147,0.0104423479745241,0.000478970215652116,0.0218310304162015,0.123753423694803,0.268653589265034
0.621543161734935,0.010350278377672,0.010262406635567,0.000478977004275988,0.0218312141402242,0.123754145685336,0.268654661281351
0.621548164861889,0.0101745993479619,0.0100870610980907,0.000478983793044164,0.0218313978665489,0.12375486768189,0.268655733303299
0.621553167988844,0.0100033567497118,0.00991615669762555,0.000478990581956649,0.0218315815951757,0.123755589684465,0.268656805330878
0.621558171115798,0.00983640273586143,0.00974954520010059,0.000478997371013447,0.0218317653261046,0.12375631169306,0.268657877364088
0.621563174242752,0.0096735956813804,0.00958708448470227,0.000479004160214561,0.0218319490593356,0.123757033707677,0.268658949402929
0.621568177369707,0.00951479964486319,0.00942863824482781,0.000479010949559996,0.0218321327948687,0.123757755728315,0.268660021447401
0.621573180496661,0.00935988426916201,0.0092740757058563,0.000479017739049757,0.0218323165327041,0.123758477754974,0.268661093497504
0.621578183623615,0.00920872435355999,0.0091232713587734,0.000479024528683846,0.0218325002728417,0.123759199787654,0.268662165553238
0.62158318675057,0.00906119977739855,0.00897610470856069,0.000479031318462268,0.0218326840152816,0.123759921826355,0.268663237614603
0.621588189877524,0.00891719512603753,0.00883246003645756,0.000479038108385028,0.0218328677600238,0.123760643871078,0.268664309681599
0.621593193004478,0.00877659951437278,0.00869222617526178,0.000479044898452129,0.0218330515070684,0.123761365921822,0.268665381754226
0.621598196131433,0.00863930636969365,0.00855529629678407,0.000479051688663576,0.0218332352564153,0.123762087978587,0.268666453832485
0.621603199258387,0.00850521331638615,0.00842156771080624,0.000479058479019372,0.0218334190080647,0.123762810041374,0.268667525916374
0.621608202385341,0.00837422178139035,0.00829094167474516,0.000479065269519521,0.0218336027620166,0.123763532110183,0.268668598005895
0.621613205512296,0.00824623706701123,0.00816332321346953,0.000479072060164029,0.0218337865182709,0.123764254185013,0.268669670101048
0.62161820863925,0.0081211679793214,0.00803862094856741,0.000479078850952898,0.0218339702768278,0.123764976265865,0.268670742201831
0.621623211766204,0.00799892677137931,0.00791674693658875,0.000479085641886133,0.0218341540376873,0.123765698352739,0.268671814308246
0.621628214893159,0.00787942898164946,0.00779761651566201,0.000479092432963738,0.0218343378008495,0.123766420445634,0.268672886420293
0.621633218020113,0.00776259322704382,0.00768114816002131,0.000479099224185717,0.0218345215663142,0.123767142544552,0.26867395853797
0.621638221147067,0.00764834118000758,0.00756726334200726,0.000479106015552074,0.0218347053340817,0.123767864649491,0.268675030661279
0.621643224274022,0.00753659730763901,0.00745588640104513,0.000479112807062813,0.0218348891041519,0.123768586760453,0.26867610279022
0.621648227400976,0.00742728883082527,0.0073469444192766,0.000479119598717939,0.0218350728765249,0.123769308877436,0.268677174924792
0.621653230527931,0.0073203455924798,0.00724036710338638,0.000479126390517455,0.0218352566512007,0.123770031000442,0.268678247064996
0.621658233654885,0.00721569994415323,0.00713608667234693,0.000479133182461366,0.0218354404281794,0.12377075312947,0.268679319210831
0.621663236781839,0.00711328659710098,0.00703403775068843,0.000479139974549675,0.021835624207461,0.12377147526452,0.268680391362298
0.621668239908794,0.00701304261310238,0.00693415726700891,0.000479146766782387,0.0218358079890454,0.123772197405593,0.268681463519397
0.621673243035748,0.00691490721100791,0.00683638435745483,0.000479153559159506,0.0218359917729329,0.123772919552688,0.268682535682127
0.621678246162702,0.00681882175906289,0.00674066027384302,0.000479160351681036,0.0218361755591233,0.123773641705805,0.268683607850489
0.621683249289657,0.00672472958673708,0.0066469282962364,0.00047916714434698,0.0218363593476168,0.123774363864945,0.268684680024482
0.621688252416611,0.00663257602924867,0.00655513364966312,0.000479173937157344,0.0218365431384134,0.123775086030107,0.268685752204108
0.621693255543565,0.00654230823392011,0.0064652234248193,0.000479180730112131,0.0218367269315131,0.123775808201293,0.268686824389365
0.62169825867052,0.00645387516543022,0.00637714650249001,0.000479187523211345,0.021836910726916,0.1237765303785,0.268687896580254
0.621703261797474,0.00636722746481224,0.00629085348151068,0.000479194316454991,0.021837094524622,0.123777252561731,0.268688968776775
0.621708264924428,0.00628231746270963,0.0062062966100998,0.000479201109843072,0.0218372783246313,0.123777974750985,0.268690040978928
0.621713268051383,0.00619909903592303,0.00612342972033773,0.000479207903375592,0.0218374621269439,0.123778696946261,0.268691113186712
0.621718271178337,0.00611752759109204,0.00604220816568489,0.000479214697052557,0.0218376459315597,0.123779419147561,0.268692185400129
0.621723274305291,0.00603755997053911,0.00596258876132248,0.000479221490873969,0.021837829738479,0.123780141354883,0.268693257619178
0.621728277432246,0.00595915446175896,0.00588452972722713,0.000479228284839832,0.0218380135477016,0.123780863568229,0.268694329843859
0.6217332805592,0.00588227065910908,0.00580799063378278,0.000479235078950152,0.0218381973592276,0.123781585787597,0.268695402074172
0.621738283686154,0.00580686948681193,0.00573293234985375,0.000479241873204932,0.0218383811730571,0.123782308012989,0.268696474310116
0.621743286813109,0.00573291306680323,0.00565931699315145,0.000479248667604176,0.0218385649891901,0.123783030244404,0.268697546551693
0.621748289940063,0.00566036476219521,0.00558710788279628,0.000479255462147888,0.0218387488076266,0.123783752481843,0.268698618798903
0.621753293067017,0.00558918908317063,0.00551626949398039,0.000479262256836072,0.0218389326283667,0.123784474725305,0.268699691051744
0.621758296193972,0.00551935162860264,0.00544676741458696,0.000479269051668733,0.0218391164514105,0.123785196974791,0.268700763310218
0.621763299320926,0.00545081908502121,0.00537856830371767,0.000479275846645874,0.0218393002767578,0.1237859192303,0.268701835574323
0.621768302447881,0.00538355916062095,0.00531163985198524,0.0004792826417675,0.0218394841044089,0.123786641491832,0.268702907844061
0.621773305574835,0.00531754055352025,0.00524595074353148,0.000479289437033614,0.0218396679343637,0.123787363759389,0.268703980119432
0.621778308701789,0.00525273293720497,0.00518147061964976,0.000479296232444221,0.0218398517666223,0.123788086032969,0.268705052400435
0.621783311828744,0.00518910686957647,0.00511817004394925,0.000479303027999326,0.0218400356011847,0.123788808312572,0.26870612468707
0.621788314955698,0.00512663381767008,0.00505602046900072,0.000479309823698931,0.0218402194380509,0.1237895305982,0.268707196979338
0.621793318082652,0.00506528610970098,0.00499499420435833,0.000479316619543041,0.021840403277221,0.123790252889852,0.268708269277238
0.621798321209607,0.00500503688406161,0.00493506438593451,0.00047932341553166,0.0218405871186951,0.123790975187527,0.26870934158077
0.621803324336561,0.00494586007288772,0.00487620494662109,0.000479330211664793,0.0218407709624731,0.123791697491227,0.268710413889935
0.621808327463515,0.00488773039952168,0.00481839058814035,0.000479337007942443,0.0218409548085551,0.123792419800951,0.268711486204733
0.62181333059047,0.00483062329961395,0.00476159675402705,0.000479343804364614,0.0218411386569411,0.123793142116699,0.268712558525163
0.621818333717424,0.00477451493712211,0.00470579960372863,0.000479350600931312,0.0218413225076312,0.123793864438471,0.268713630851226
0.621823336844378,0.00471938216216747,0.00465097598774029,0.000479357397642538,0.0218415063606254,0.123794586766268,0.268714703182921
0.621828339971333,0.00466520250560781,0.00459710342374033,0.000479364194498299,0.0218416902159238,0.123795309100089,0.26871577552025
0.621833343098287,0.00461195411272486,0.00454416007369177,0.000479370991498597,0.0218418740735263,0.123796031439934,0.26871684786321
0.621838346225241,0.00455961577304044,0.00449212472183673,0.000479377788643437,0.0218420579334331,0.123796753785804,0.268717920211804
0.621843349352196,0.00450816686861395,0.0044409767535798,0.000479384585932823,0.0218422417956442,0.123797476137698,0.26871899256603
0.62184835247915,0.00445758736127324,0.00439069613518335,0.00047939138336676,0.0218424256601595,0.123798198495617,0.268720064925889
0.621853355606104,0.00440785777850711,0.00434126339427396,0.00047939818094525,0.0218426095269792,0.123798920859561,0.268721137291381
0.621858358733059,0.00435895917963851,0.00429265960109577,0.000479404978668299,0.0218427933961033,0.123799643229529,0.268722209662506
0.621863361860013,0.00431087316078269,0.00424486635048922,0.000479411776535911,0.0218429772675318,0.123800365605522,0.268723282039264
0.621868364986967,0.00426358181376462,0.00419786574457357,0.000479418574548088,0.0218431611412648,0.12380108798754,0.268724354421655
0.621873368113922,0.00421706771934941,0.00415164037607645,0.000479425372704837,0.0218433450173022,0.123801810375584,0.268725426809679
0.621878371240876,0.0041713139470273,0.00410617331231428,0.00047943217100616,0.0218435288956442,0.123802532769652,0.268726499203335
0.62188337436783,0.00412630400801084,0.00406144807976289,0.000479438969452062,0.0218437127762908,0.123803255169745,0.268727571602625
0.621888377494785,0.0040820218732081,0.00401744864922417,0.000479445768042547,0.0218438966592419,0.123803977575863,0.268728644007548
0.621893380621739,0.00403845192284298,0.00397415942153827,0.000479452566777619,0.0218440805444977,0.123804699988006,0.268729716418104
0.621898383748694,0.00399557897308025,0.00393156521382834,0.000479459365657283,0.0218442644320582,0.123805422406175,0.268730788834293
0.621903386875648,0.003953388233006,0.00388965124626452,0.000479466164681541,0.0218444483219234,0.123806144830369,0.268731861256115
0.621908390002602,0.00391186529972966,0.0038484031293018,0.000479472963850399,0.0218446322140934,0.123806867260588,0.26873293368357
0.621913393129557,0.00387099615715621,0.00380780685140084,0.00047947976316386,0.0218448161085682,0.123807589696833,0.268734006116659
0.621918396256511,0.00383076714078017,0.00376784876718225,0.000479486562621928,0.0218450000053478,0.123808312139104,0.268735078555381
0.621923399383465,0.00379116496028034,0.0037285155860252,0.000479493362224609,0.0218451839044323,0.1238090345874,0.268736150999736
0.62192840251042,0.00375217663896273,0.00368979436106377,0.000479500161971905,0.0218453678058217,0.123809757041721,0.268737223449724
0.621933405637374,0.00371378956930569,0.00365167247859166,0.000479506961863821,0.0218455517095161,0.123810479502068,0.268738295905346
0.621938408764328,0.00367599144188065,0.00361413764783712,0.00047951376190036,0.0218457356155155,0.123811201968441,0.268739368366601
0.621943411891283,0.0036387702710335,0.00357717789110172,0.000479520562081528,0.0218459195238199,0.12381192444084,0.26874044083349
0.621948415018237,0.00360211436439369,0.00354078153425632,0.000479527362407328,0.0218461034344293,0.123812646919265,0.268741513306012
0.621953418145191,0.00356601233508025,0.00350493719755957,0.000479534162877764,0.0218462873473439,0.123813369403716,0.268742585784168
0.621958421272146,0.00353045307019137,0.00346963378681098,0.000479540963492841,0.0218464712625636,0.123814091894192,0.268743658267957
0.6219634243991,0.00349542574599129,0.00343486048479983,0.000479547764252562,0.0218466551800885,0.123814814390695,0.26874473075738
0.621968427526054,0.00346091979849515,0.00340060674306251,0.000479554565156931,0.0218468390999186,0.123815536893224,0.268745803252436
0.621973430653009,0.00342692492859483,0.00336686227391672,0.000479561366205953,0.021847023022054,0.123816259401779,0.268746875753126
0.621978433779963,0.00339343108732396,0.00333361704276949,0.000479568167399632,0.0218472069464947,0.123816981916361,0.268747948259449
0.621983436906917,0.003360428467479,0.00330086126069561,0.000479574968737971,0.0218473908732407,0.123817704436968,0.268749020771406
0.621988440033872,0.00332790751572608,0.00326858537725765,0.000479581770220976,0.0218475748022921,0.123818426963602,0.268750093288997
0.621993443160826,0.00329585889633389,0.00323678007358065,0.00047958857184865,0.0218477587336489,0.123819149496263,0.268751165812222
0.62199844628778,0.00326427350097413,0.00320543625564892,0.000479595373620996,0.0218479426673111,0.12381987203495,0.268752238341081
0.622003449414735,0.00323314243805753,0.0031745450478389,0.00047960217553802,0.0218481266032788,0.123820594579664,0.268753310875573
0.622008452541689,0.00320245703606712,0.00314409778665683,0.000479608977599726,0.0218483105415521,0.123821317130404,0.268754383415699
0.622013455668644,0.00317220882108267,0.00311408601469483,0.000479615779806117,0.0218484944821309,0.123822039687171,0.268755455961459
0.622018458795598,0.00314238952244899,0.00308450147478005,0.000479622582157197,0.0218486784250154,0.123822762249965,0.268756528512853
0.622023461922552,0.00311299106636972,0.00305533610431653,0.000479629384652971,0.0218488623702054,0.123823484818786,0.268757601069881
0.622028465049506,0.00308400556510564,0.00302658202981898,0.000479636187293443,0.0218490463177012,0.123824207393633,0.268758673632542
0.622033468176461,0.003055425314402,0.00299823156161513,0.000479642990078616,0.0218492302675027,0.123824929974508,0.268759746200838
0.622038471303415,0.00302724279066363,0.00297027718873025,0.000479649793008496,0.0218494142196099,0.123825652561409,0.268760818774768
0.62204347443037,0.00299945064627526,0.00294271157392706,0.000479656596083086,0.0218495981740229,0.123826375154338,0.268761891354332
0.622048477557324,0.00297204169723698,0.00291552754891435,0.000479663399302389,0.0218497821307418,0.123827097753294,0.26876296393953
0.622053480684278,0.00294500892388212,0.00288871810970297,0.000479670202666411,0.0218499660897665,0.123827820358277,0.268764036530362
0.622058483811233,0.00291834547327198,0.00286227641210996,0.000479677006175156,0.0218501500510971,0.123828542969287,0.268765109126828
0.622063486938187,0.00289204463892887,0.0028361957674112,0.000479683809828627,0.0218503340147337,0.123829265586325,0.268766181728929
0.622068490065141,0.00286609987611424,0.00281046963812268,0.000479690613626829,0.0218505179806763,0.12382998820939,0.268767254336664
0.622073493192096,0.00284050477633333,0.00278509163392363,0.000479697417569765,0.0218507019489249,0.123830710838482,0.268768326950033
0.62207849631905,0.00281525308097477,0.00276005550769835,0.00047970422165744,0.0218508859194795,0.123831433473603,0.268769399569036
0.622083499446004,0.00279033867191164,0.00273535515170969,0.000479711025889858,0.0218510698923403,0.12383215611475,0.268770472193674
0.622088502572959,0.00276575556171612,0.00271098459388584,0.000479717830267023,0.0218512538675072,0.123832878761926,0.268771544823946
0.622093505699913,0.00274149789536066,0.00268693799422187,0.000479724634788939,0.0218514378449803,0.123833601415129,0.268772617459852
0.622098508826867,0.00271755995572952,0.0026632096412974,0.00047973143945561,0.0218516218247596,0.12383432407436,0.268773690101393
0.622103511953822,0.00269393613615218,0.0026397939488929,0.000479738244267041,0.0218518058068451,0.123835046739618,0.268774762748568
0.622108515080776,0.00267062096415993,0.00261668545271761,0.000479745049223235,0.0218519897912369,0.123835769410905,0.268775835401378
0.62211351820773,0.00264760908436887,0.00259387880722864,0.000479751854324196,0.0218521737779351,0.123836492088219,0.268776908059822
0.622118521334685,0.00262489524462695,0.00257136878255426,0.000479758659569929,0.0218523577669396,0.123837214771562,0.268777980723901
0.622123524461639,0.00260247432765498,0.00254915026150197,0.000479765464960438,0.0218525417582506,0.123837937460933,0.268779053393615
0.622128527588593,0.00258034130676539,0.00252721823666357,0.000479772270495727,0.021852725751868,0.123838660156332,0.268780126068963
0.622133530715548,0.00255849126739427,0.00250556780760179,0.0004797790761758,0.0218529097477918,0.123839382857759,0.268781198749946
0.622138533842502,0.00253691940683258,0.00248419417812065,0.000479785882000661,0.0218530937460222,0.123840105565215,0.268782271436563
0.622143536969456,0.00251562101444457,0.00246309265362132,0.000479792687970314,0.0218532777465592,0.123840828278698,0.268783344128815
0.622148540096411,0.0024945914858037,0.00244225863852886,0.000479799494084763,0.0218534617494027,0.123841550998211,0.268784416826702
0.622153543223365,0.00247382630813967,0.002421687633802,0.000479806300344013,0.0218536457545529,0.123842273723751,0.268785489530224
0.62215854635032,0.00245332106423667,0.00240137523450832,0.000479813106748067,0.0218538297620098,0.123842996455321,0.26878656223938
0.622163549477274,0.00243307143017471,0.00238131712747691,0.00047981991329693,0.0218540137717734,0.123843719192919,0.268787634954172
0.622168552604228,0.00241307317251629,0.0023615090890145,0.000479826719990605,0.0218541977838437,0.123844441936545,0.268788707674598
0.622173555731183,0.0023933221412216,0.00234194698268766,0.000479833526829097,0.0218543817982208,0.1238451646862,0.268789780400659
0.622178558858137,0.00237381427260672,0.00232262675717308,0.00047984033381241,0.0218545658149047,0.123845887441885,0.268790853132355
0.622183561985091,0.00235454558824027,0.00230354444416296,0.000479847140940549,0.0218547498338955,0.123846610203598,0.268791925869686
0.622188565112046,0.00233551219040571,0.00228469615633698,0.000479853948213516,0.0218549338551932,0.12384733297134,0.268792998612652
0.622193568239,0.00231671025825567,0.00226607808538515,0.000479860755631317,0.0218551178787979,0.123848055745111,0.268794071361253
0.622198571365954,0.00229813605202304,0.00224768650009329,0.000479867563193954,0.0218553019047095,0.12384877852491,0.26879514411549
0.622203574492909,0.0022797859000163,0.00222951774447581,0.000479874370901434,0.0218554859329282,0.12384950131074,0.268796216875361
0.622208577619863,0.00226165621486691,0.00221156823596712,0.000479881178753759,0.0218556699634539,0.123850224102598,0.268797289640867
0.622213580746817,0.00224374347183633,0.00219383446365944,0.000479887986750934,0.0218558539962867,0.123850946900485,0.268798362412009
0.622218583873772,0.00222604421884081,0.00217631298658987,0.000479894794892962,0.0218560380314267,0.123851669704402,0.268799435188786
0.622223587000726,0.00220855507352145,0.00215900043207873,0.000479901603179848,0.0218562220688738,0.123852392514349,0.268800507971198
0.62222859012768,0.0021912727174892,0.00214189349410811,0.000479908411611597,0.0218564061086281,0.123853115330324,0.268801580759245
0.622233593254635,0.00217419390357678,0.0021249889317511,0.000479915220188211,0.0218565901506897,0.123853838152329,0.268802653552928
0.622238596381589,0.00215731544066202,0.00210828356763809,0.000479922028909696,0.0218567741950585,0.123854560980364,0.268803726352246
0.622243599508543,0.00214063420460363,0.00209177428647057,0.000479928837776055,0.0218569582417347,0.123855283814428,0.268804799157199
0.622248602635498,0.00212414712964797,0.00207545803357153,0.000479935646787292,0.0218571422907182,0.123856006654523,0.268805871967788
0.622253605762452,0.00210785121243315,0.00205933181347536,0.000479942455943412,0.0218573263420092,0.123856729500646,0.268806944784012
0.622258608889406,0.00209174350390175,0.00204339268855925,0.000479949265244419,0.0218575103956076,0.1238574523528,0.268808017605872
0.622263612016361,0.00207582111407298,0.00202763777770611,0.000479956074690316,0.0218576944515134,0.123858175210984,0.268809090433367
0.622268615143315,0.00206008120603319,0.00201206425500896,0.000479962884281108,0.0218578785097268,0.123858898075197,0.268810163266497
0.62227361827027,0.00204452099926816,0.00199666934850432,0.000479969694016799,0.0218580625702478,0.12385962094544,0.268811236105264
0.622278621397224,0.00202913776155429,0.00198145033894439,0.000479976503897394,0.0218582466330763,0.123860343821714,0.268812308949666
0.622283624524178,0.00201392882291903,0.00196640455859843,0.000479983313922895,0.0218584306982125,0.123861066704018,0.268813381799703
0.622288627651133,0.00199889155025371,0.0019515293900857,0.000479990124093308,0.0218586147656563,0.123861789592352,0.268814454655376
0.622293630778087,0.00198402336934276,0.00193682226524245,0.000479996934408637,0.0218587988354078,0.123862512486716,0.268815527516685
0.622298633905041,0.00196932174932007,0.00192228066401364,0.000480003744868885,0.0218589829074671,0.12386323538711,0.268816600383629
0.622303637031996,0.00195478420934125,0.00190790211337878,0.000480010555474056,0.0218591669818342,0.123863958293535,0.26881767325621
0.62230864015895,0.00194040831154246,0.00189368418630053,0.000480017366224155,0.0218593510585091,0.12386468120599,0.268818746134426
0.622313643285904,0.00192619166720391,0.00187962450070569,0.000480024177119186,0.0218595351374919,0.123865404124476,0.268819819018278
0.622318646412859,0.00191213192693621,0.00186572071848738,0.000480030988159154,0.0218597192187825,0.123866127048993,0.268820891907765
0.622322874033652,0.00190037211317826,0.00185409191211992,0.000480036743571661,0.0218598747684817,0.123866737921806,0.268821798499169
0.622323649539813,0.00189822679026873,0.00185197054453756,0.000480037799344061,0.0218599033023811,0.12386684997954,0.268821964802889
0.622328652666767,0.00188447399326417,0.0018383717258013,0.000480044610673912,0.0218600873882877,0.123867572916117,0.268823037703649
0.622333655793722,0.00187087131497764,0.00182492205035516,0.000480051422148712,0.0218602714765022,0.123868295858726,0.268824110610044
0.622338658920676,0.00185741657627591,0.00181161934651201,0.000480058233768464,0.0218604555670249,0.123869018807365,0.268825183522076
0.62234366204763,0.00184410763697997,0.00179846148194412,0.000480065045533173,0.0218606396598556,0.123869741762036,0.268826256439743
0.622348665174585,0.00183094239183743,0.00178544636283304,0.000480071857442842,0.0218608237549945,0.123870464722737,0.268827329363047
0.622353668301539,0.00181791878138779,0.00177257193303622,0.000480078669497477,0.0218610078524415,0.123871187689469,0.268828402291986
0.622358671428493,0.00180503477543745,0.00175983617327895,0.00048008548169708,0.0218611919521967,0.123871910662233,0.268829475226562
0.622363674555448,0.0017922883808022,0.00174723710036346,0.000480092294041656,0.0218613760542602,0.123872633641027,0.268830548166774
0.622368677682402,0.00177967764497113,0.00173477276639785,0.000480099106531209,0.0218615601586319,0.123873356625853,0.268831621112622
0.622373680809356,0.00176720064581228,0.0017224412580469,0.000480105919165743,0.021861744265312,0.12387407961671,0.268832694064106
0.622378683936311,0.0017548554946554,0.00171024069579722,0.000480112731945263,0.0218619283743005,0.123874802613598,0.268833767021227
0.622383687063265,0.00174264034056592,0.00169816923324493,0.000480119544869772,0.0218621124855973,0.123875525616518,0.268834839983984
0.622388690190219,0.00173055335718813,0.00168622505639645,0.000480126357939275,0.0218622965992025,0.123876248625469,0.268835912952377
0.622393693317174,0.00171859275908807,0.0016744063829907,0.000480133171153775,0.0218624807151163,0.123876971640452,0.268836985926406
0.622398696444128,0.00170675678424095,0.00166271146183359,0.000480139984513278,0.0218626648333385,0.123877694661466,0.268838058906072
0.622403699571083,0.00169504370524076,0.00165113857215259,0.000480146798017786,0.0218628489538693,0.123878417688512,0.268839131891374
0.622408702698037,0.00168345182387786,0.00163968602296435,0.000480153611667304,0.0218630330767087,0.12387914072159,0.268840204882313
0.622413705824991,0.00167197947314235,0.00162835215245755,0.000480160425461836,0.0218632172018568,0.123879863760699,0.268841277878888
0.622418708951946,0.00166062500947964,0.00161713532739318,0.000480167239401387,0.0218634013293134,0.123880586805841,0.2688423508811
0.6224237120789,0.00164938682243995,0.00160603394251535,0.00048017405348596,0.0218635854590788,0.123881309857014,0.268843423888948
0.622428715205854,0.00163826332645591,0.00159504641998019,0.000480180867715559,0.021863769591153,0.123882032914219,0.268844496902433
0.622433718332809,0.00162725296306189,0.00158417120879442,0.000480187682090189,0.0218639537255359,0.123882755977456,0.268845569921554
0.622438721459763,0.00161635420208886,0.00157340678427085,0.000480194496609854,0.0218641378622276,0.123883479046726,0.268846642946312
0.622443724586717,0.00160556553577249,0.00156275164749437,0.000480201311274557,0.0218643220012282,0.123884202122027,0.268847715976707
0.622448727713672,0.00159488548554346,0.0015522043248005,0.000480208126084304,0.0218645061425377,0.123884925203361,0.268848789012738
0.622453730840626,0.00158431259502717,0.00154176336726856,0.000480214941039097,0.0218646902861561,0.123885648290727,0.268849862054406
0.62245873396758,0.00157384543200033,0.00153142735022321,0.000480221756138942,0.0218648744320835,0.123886371384126,0.268850935101711
0.622463737094535,0.00156348259014109,0.00152119487275125,0.000480228571383842,0.0218650585803199,0.123887094483557,0.268852008154652
0.622468740221489,0.00155322268436487,0.0015110645572261,0.000480235386773801,0.0218652427308653,0.12388781758902,0.268853081213231
0.622473743348443,0.00154306435393825,0.00150103504884661,0.000480242202308824,0.0218654268837198,0.123888540700516,0.268854154277446
0.622478746475398,0.00153300625935412,0.0014911050151843,0.000480249017988914,0.0218656110388835,0.123889263818044,0.268855227347298
0.622483749602352,0.00152304708568386,0.00148127314574104,0.000480255833814077,0.0218657951963563,0.123889986941605,0.268856300422787
0.622488752729306,0.00151318553529287,0.00147153815151903,0.000480262649784315,0.0218659793561383,0.123890710071199,0.268857373503913
0.622493755856261,0.00150342033525734,0.00146189876459747,0.000480269465899633,0.0218661635182296,0.123891433206826,0.268858446590677
0.622498758983215,0.00149375023321973,0.00145235373772214,0.000480276282160035,0.0218663476826301,0.123892156348486,0.268859519683077
0.622503762110169,0.00148417399350173,0.00144290184390108,0.000480283098565525,0.02186653184934,0.123892879496178,0.268860592781114
0.622508765237124,0.001474690405674,0.00143354187601266,0.000480289915116108,0.0218667160183592,0.123893602649904,0.268861665884788
0.622513768364078,0.00146529827337827,0.00142427264641926,0.000480296731811787,0.0218669001896878,0.123894325809662,0.268862738994099
0.622518771491033,0.00145599642432731,0.00141509298659267,0.000480303548652567,0.0218670843633258,0.123895048975454,0.268863812109048
0.622523774617987,0.00144678370267008,0.00140600174674591,0.000480310365638452,0.0218672685392733,0.123895772147279,0.268864885229633
0.622528777744941,0.00143765896961308,0.00139699779547321,0.000480317182769445,0.0218674527175303,0.123896495325137,0.268865958355856
0.622533780871895,0.00142862110785366,0.00138808001940011,0.000480324000045551,0.0218676368980969,0.123897218509028,0.268867031487717
0.62253878399885,0.00141966901540108,0.00137924732283827,0.000480330817466774,0.021867821080973,0.123897941698953,0.268868104625214
0.622543787125804,0.00141080160846604,0.0013704986274511,0.000480337635033119,0.0218680052661588,0.123898664894911,0.268869177768349
0.622548790252759,0.00140201781969895,0.00136183287192372,0.000480344452744588,0.0218681894536542,0.123899388096903,0.268870250917121
0.622553793379713,0.00139331659961639,0.00135324901164298,0.000480351270601187,0.0218683736434594,0.123900111304928,0.26887132407153
0.622558796506667,0.00138469691335209,0.00134474601838263,0.00048035808860292,0.0218685578355742,0.123900834518987,0.268872397231577
0.622563799633622,0.00137615774477216,0.00133632287999539,0.00048036490674979,0.0218687420299989,0.12390155773908,0.268873470397261
0.622568802760576,0.00136769809100409,0.00132797860011364,0.000480371725041802,0.0218689262267333,0.123902280965206,0.268874543568583
0.62257380588753,0.00135931696794495,0.00131971219785371,0.00048037854347896,0.0218691104257776,0.123903004197366,0.268875616745543
0.622578809014485,0.00135101340131688,0.00131152270752967,0.000480385362061268,0.0218692946271318,0.12390372743556,0.268876689928139
0.622583812141439,0.00134278643789791,0.00130340917837027,0.00048039218078873,0.021869478830796,0.123904450679788,0.268877763116374
0.622588815268393,0.001334635136346,0.00129537067424498,0.00048039899966135,0.0218696630367701,0.12390517393005,0.268878836310246
0.622593818395348,0.00132655856818377,0.0012874062733929,0.000480405818679132,0.0218698472450542,0.123905897186346,0.268879909509755
0.622598821522302,0.00131855582154674,0.00127951506816028,0.000480412637842081,0.0218700314556483,0.123906620448676,0.268880982714903
0.622603824649256,0.00131062599795857,0.00127169616474181,0.000480419457150201,0.0218702156685525,0.123907343717041,0.268882055925688
0.622608827776211,0.00130276821255195,0.00126394868292741,0.000480426276603495,0.0218703998837669,0.123908066991439,0.26888312914211
0.622613830903165,0.00129498159146839,0.00125627175585614,0.000480433096201968,0.0218705841012914,0.123908790271872,0.268884202364171
0.622618834030119,0.00128726527930441,0.00124866452977275,0.000480439915945624,0.0218707683211261,0.12390951355834,0.268885275591869
0.622623837157074,0.00127961842914748,0.00124112616379207,0.000480446735834467,0.0218709525432711,0.123910236850842,0.268886348825205
0.622628840284028,0.0012720402073132,0.00123365582966565,0.000480453555868501,0.0218711367677263,0.123910960149378,0.268887422064179
0.622633843410982,0.00126452979222249,0.00122625271155582,0.000480460376047731,0.0218713209944918,0.123911683453949,0.268888495308791
0.622638846537937,0.00125708637822946,0.00121891600581278,0.00048046719637216,0.0218715052235677,0.123912406764554,0.268889568559041
0.622643849664891,0.00124970916691595,0.00121164492075638,0.000480474016841793,0.021871689454954,0.123913130081195,0.268890641814929
0.622648852791845,0.0012423973754465,0.00120443867646402,0.000480480837456633,0.0218718736886507,0.12391385340387,0.268891715076455
0.6226538559188,0.0012351502301322,0.00119729650456055,0.000480487658216685,0.0218720579246579,0.123914576732579,0.268892788343619
0.622658859045754,0.00122796696828443,0.00119021764801503,0.000480494479121953,0.0218722421629755,0.123915300067324,0.26889386161642
0.622663862172709,0.00122084684261445,0.00118320136093923,0.000480501300172441,0.0218724264036038,0.123916023408104,0.26889493489486
0.622668865299663,0.00121378911062573,0.00117624690839248,0.000480508121368153,0.0218726106465425,0.123916746754919,0.268896008178939
0.622673868426617,0.00120679304510887,0.00116935356618909,0.000480514942709093,0.021872794891792,0.123917470107768,0.268897081468655
0.622678871553572,0.00119985792815523,0.00116252062070965,0.000480521764195266,0.021872979139352,0.123918193466653,0.268898154764009
0.622683874680526,0.00119298305317175,0.00115574736871764,0.000480528585826676,0.0218731633892228,0.123918916831574,0.268899228065002
0.62268887780748,0.00118616772230559,0.00114903311717764,0.000480535407603326,0.0218733476414043,0.123919640202529,0.268900301371633
0.622693880934435,0.00117941124725646,0.00114237718307942,0.00048054222952522,0.0218735318958966,0.12392036357952,0.268901374683902
0.622698884061389,0.00117271295157909,0.00113577889326341,0.000480549051592364,0.0218737161526997,0.123921086962546,0.26890244800181
0.622703887188343,0.00116607216759986,0.00112923758425187,0.000480555873804761,0.0218739004118136,0.123921810351608,0.268903521325355
0.622708890315298,0.00115948823812121,0.00112275260208118,0.000480562696162415,0.0218740846732385,0.123922533746705,0.26890459465454
0.622713893442252,0.00115296051265432,0.00111632330213969,0.00048056951866533,0.0218742689369742,0.123923257147838,0.268905667989362
0.622718896569206,0.00114648835409768,0.00110994904900729,0.00048057634131351,0.021874453203021,0.123923980555006,0.268906741329824
0.622723899696161,0.00114007113101245,0.00110362921629826,0.00048058316410696,0.0218746374713787,0.12392470396821,0.268907814675923
0.622728902823115,0.00113370822195192,0.00109736318650853,0.000480589987045684,0.0218748217420475,0.12392542738745,0.268908888027661
0.622733905950069,0.0011273990129921,0.00109115035086401,0.000480596810129685,0.0218750060150273,0.123926150812726,0.268909961385038
0.622738909077024,0.00112114290329347,0.00108499010917402,0.000480603633358968,0.0218751902903183,0.123926874244038,0.268911034748053
0.622743912203978,0.00111493929429812,0.00107888186968542,0.000480610456733537,0.0218753745679204,0.123927597681385,0.268912108116707
0.622748915330932,0.00110878759955716,0.0010728250489417,0.000480617280253397,0.0218755588478337,0.123928321124769,0.268913181490999
0.622753918457887,0.0011026872409237,0.0010668190716434,0.00048062410391855,0.0218757431300582,0.123929044574189,0.268914254870931
0.622758921584841,0.0010966376473791,0.00106086337051132,0.000480630927729002,0.0218759274145941,0.123929768029645,0.2689153282565
0.622763924711795,0.00109063825502229,0.00105495738615368,0.000480637751684757,0.0218761117014412,0.123930491491137,0.268916401647709
0.62276892783875,0.00108468850916727,0.00104910056693387,0.000480644575785818,0.0218762959905997,0.123931214958666,0.268917475044556
0.622773930965704,0.00107878786185958,0.0010432923688429,0.00048065140003219,0.0218764802820695,0.123931938432231,0.268918548447043
0.622778934092658,0.00107293577294533,0.00103753225537219,0.000480658224423877,0.0218766645758508,0.123932661911832,0.268919621855168
0.622783937219613,0.00106713171034301,0.00103181969739085,0.000480665048960882,0.0218768488719436,0.12393338539747,0.268920695268932
0.622788940346567,0.00106137514884717,0.00102615417302337,0.000480671873643211,0.0218770331703478,0.123934108889144,0.268921768688334
0.622793943473522,0.00105566556971596,0.00102053516753142,0.000480678698470867,0.0218772174710636,0.123934832386855,0.268922842113376
0.622798946600476,0.00105000246184586,0.00101496217319672,0.000480685523443855,0.021877401774091,0.123935555890603,0.268923915544057
0.62280394972743,0.00104438532118247,0.00100943468920617,0.000480692348562178,0.02187758607943,0.123936279400387,0.268924988980377
0.622808952854385,0.00103881365010741,0.0010039522215403,0.00048069917382584,0.0218777703870807,0.123937002916208,0.268926062422335
0.622813955981339,0.00103328695847824,0.000998514282862091,0.000480705999234847,0.021877954697043,0.123937726438066,0.268927135869933
0.622818959108293,0.00102780476233131,0.00099312039240976,0.000480712824789201,0.0218781390093171,0.123938449965961,0.26892820932317
0.622823962235248,0.00102236658396567,0.000987770075889704,0.000480719650488907,0.0218783233239029,0.123939173499893,0.268929282782046
0.622828965362202,0.0010169719506524,0.000982462865373194,0.00048072647633397,0.0218785076408006,0.123939897039862,0.268930356246561
0.622833968489156,0.00101162040016411,0.000977198299193838,0.000480733302324392,0.0218786919600101,0.123940620585868,0.268931429716716
0.622838971616111,0.00100631147246067,0.000971975921846963,0.000480740128460179,0.0218788762815314,0.123941344137911,0.268932503192509
0.622843974743065,0.00100104471418134,0.000966795283892029,0.000480746954741335,0.0218790606053648,0.123942067695992,0.268933576673942
0.622848977870019,0.000995819680377797,0.000961655941855128,0.000480753781167863,0.02187924493151,0.12394279126011,0.268934650161014
0.622853980996974,0.000990635929058936,0.000956557458135116,0.000480760607739768,0.0218794292599673,0.123943514830265,0.268935723653726
0.622858984123928,0.000985493026734447,0.000951499400909665,0.000480767434457054,0.0218796135907366,0.123944238406457,0.268936797152076
0.622863987250882,0.000980390542732802,0.00094648134404474,0.000480774261319724,0.021879797923818,0.123944961988688,0.268937870656067
0.622868990377837,0.00097532805454901,0.000941502867004613,0.000480781088327784,0.0218799822592115,0.123945685576955,0.268938944165696
0.622873993504791,0.000970305143211367,0.000936563554763538,0.000480787915481238,0.0218801665969172,0.123946409171261,0.268940017680965
0.622878996631745,0.000965321397765292,0.000931662997720131,0.000480794742780088,0.021880350936935,0.123947132771604,0.268941091201874
0.6228839997587,0.000960376409157559,0.000926800791611683,0.000480801570224341,0.0218805352792651,0.123947856377984,0.268942164728422
0.622889002885654,0.000955469776777006,0.000921976537431756,0.000480808397813998,0.0218807196239074,0.123948579990403,0.26894323826061
0.622894006012608,0.000950601103554826,0.000917189841347564,0.000480815225549066,0.0218809039708621,0.123949303608859,0.268944311798437
0.622899009139563,0.000945769998470048,0.000912440314620542,0.000480822053429548,0.0218810883201291,0.123950027233354,0.268945385341904
0.622904012266517,0.000940976073597438,0.000907727573526674,0.000480828881455447,0.0218812726717085,0.123950750863886,0.26894645889101
0.622909015393472,0.000936218948322396,0.000903051239279811,0.000480835709626769,0.0218814570256003,0.123951474500457,0.268947532445757
0.622914018520426,0.000931498246117402,0.000898410937955338,0.000480842537943517,0.0218816413818046,0.123952198143065,0.268948606006142
0.62291902164738,0.000926813594810958,0.000893806300415201,0.000480849366405696,0.0218818257403213,0.123952921791712,0.268949679572168
0.622924024774335,0.00092216462666135,0.000889236962235305,0.000480856195013309,0.0218820101011506,0.123953645446397,0.268950753143833
0.622929027901289,0.000917550981039335,0.000884702563632672,0.000480863023766361,0.0218821944642925,0.123954369107121,0.268951826721139
0.622934031028243,0.000912972298099466,0.000880202749395518,0.000480869852664855,0.021882378829747,0.123955092773883,0.268952900304084
0.622939034155198,0.000908428225125625,0.000875737168812956,0.000480876681708797,0.0218825631975142,0.123955816446683,0.268953973892669
0.622944037282152,0.00090391841342472,0.000871305475607447,0.00048088351089819,0.021882747567594,0.123956540125522,0.268955047486894
0.622949040409106,0.000899442519112285,0.000866907327867438,0.000480890340233037,0.0218829319399866,0.123957263810399,0.268956121086758
0.622954043536061,0.000895000201002746,0.000862542387981208,0.000480897169713345,0.0218831163146919,0.123957987501315,0.268957194692263
0.622959046663015,0.000890591122905164,0.000858210322572825,0.000480903999339115,0.0218833006917101,0.12395871119827,0.268958268303408
0.622964049789969,0.000886214954011563,0.000853910802437794,0.000480910829110353,0.0218834850710411,0.123959434901263,0.268959341920193
0.622969052916924,0.000881871366831206,0.000849643502481352,0.000480917659027063,0.0218836694526849,0.123960158610295,0.268960415542618
0.622974056043878,0.000877560036847385,0.000845408101656318,0.000480924489089249,0.0218838538366417,0.123960882325367,0.268961489170683
0.622979059170832,0.000873280645339718,0.000841204282903539,0.000480931319296915,0.0218840382229115,0.123961606046477,0.268962562804388
0.622984062297787,0.000869032876420362,0.000837031733091858,0.000480938149650065,0.0218842226114942,0.123962329773626,0.268963636443733
0.622989065424741,0.000864816418050688,0.000832890142960532,0.000480944980148703,0.02188440700239,0.123963053506814,0.268964710088718
0.622994068551695,0.000860630963886715,0.000828779207061699,0.000480951810792834,0.0218845913955989,0.123963777246041,0.268965783739344
0.62299907167865,0.000856476207612129,0.000824698623703854,0.000480958641582461,0.0218847757911209,0.123964500991308,0.26896685739561
0.623004074805604,0.000852351850520786,0.000820648094897196,0.000480965472517589,0.021884960188956,0.123965224742614,0.268967931057516
0.623009077932558,0.000848257595702757,0.000816627326298557,0.000480972303598222,0.0218851445891044,0.123965948499959,0.268969004725063
0.623014081059513,0.000844193150151944,0.000812636027158708,0.000480979134824363,0.0218853289915659,0.123966672263344,0.26897007839825
0.623019084186467,0.00084015822341292,0.000808673910269137,0.000480985966196018,0.0218855133963407,0.123967396032768,0.268971152077077
0.623024087313422,0.000836152530658681,0.000804740691911056,0.000480992797713189,0.0218856978034289,0.123968119808232,0.268972225761545
0.623029090440376,0.000832175788507455,0.000800836091804403,0.000480999629375882,0.0218858822128303,0.123968843589735,0.268973299451653
0.62303409356733,0.000828227718479313,0.000796959833057695,0.000481006461184101,0.0218860666245452,0.123969567377278,0.268974373147402
0.623039096694284,0.000824308044977096,0.000793111642119603,0.000481013293137849,0.0218862510385734,0.12397029117086,0.268975446848791
0.623044099821239,0.000820416494595815,0.000789291248730049,0.000481020125237131,0.0218864354549152,0.123971014970483,0.268976520555821
0.623049102948193,0.000816552798576121,0.000785498385873488,0.00048102695748195,0.0218866198735704,0.123971738776145,0.268977594268491
0.623054106075148,0.000812716691412487,0.000781732789731622,0.000481033789872312,0.0218868042945392,0.123972462587847,0.268978667986803
0.623059109202102,0.000808907909837326,0.000777994199638161,0.000481040622408219,0.0218869887178215,0.12397318640559,0.268979741710754
0.623064112329056,0.00080512619415826,0.000774282358033504,0.000481047455089677,0.0218871731434175,0.123973910229372,0.268980815440347
0.623069115456011,0.000801371287978686,0.000770597010420184,0.000481054287916689,0.0218873575713271,0.123974634059194,0.26898188917558
0.623074118582965,0.000797642937585179,0.000766937905319855,0.00048106112088926,0.0218875420015503,0.123975357895056,0.268982962916453
0.623079121709919,0.000793940892474201,0.000763304794229789,0.000481067954007394,0.0218877264340874,0.123976081736959,0.268984036662968
0.623084124836874,0.000790264905272495,0.000759697431581374,0.000481074787271094,0.0218879108689382,0.123976805584902,0.268985110415124
0.623089127963828,0.000786614730925836,0.000756115574698011,0.000481081620680365,0.0218880953061028,0.123977529438886,0.26898618417292
0.623094131090782,0.00078299012738825,0.000752558983754982,0.000481088454235211,0.0218882797455812,0.123978253298909,0.268987257936357
0.623099134217737,0.00077939085606123,0.000749027421738716,0.000481095287935636,0.0218884641873735,0.123978977164974,0.268988331705435
0.623104137344691,0.00077581668101163,0.000745520654407884,0.000481102121781645,0.0218886486314797,0.123979701037078,0.268989405480154
0.623109140471645,0.00077226736787935,0.000742038450254367,0.000481108955773241,0.0218888330778999,0.123980424915224,0.268990479260514
0.6231141435986,0.000768742686787163,0.000738580580464846,0.000481115789910429,0.0218890175266341,0.12398114879941,0.268991553046515
0.623119146725554,0.000765242409406741,0.000735146818883797,0.000481122624193212,0.0218892019776824,0.123981872689637,0.268992626838157
0.623124149852508,0.000761766309963476,0.000731736941975927,0.000481129458621596,0.0218893864310447,0.123982596585904,0.26899370063544
0.623129152979463,0.000758314165741992,0.000728350728790447,0.000481136293195583,0.0218895708867211,0.123983320488213,0.268994774438365
0.623134156106417,0.000754885756514852,0.000724987960924701,0.000481143127915178,0.0218897553447116,0.123984044396562,0.26899584824693
0.623139159233371,0.000751480865079773,0.000721648422489516,0.000481149962780386,0.0218899398050164,0.123984768310953,0.268996922061136
0.623144162360326,0.000748099275137975,0.000718331900074353,0.00048115679779121,0.0218901242676354,0.123985492231384,0.268997995880984
0.62314916548728,0.000744740774467555,0.000715038182713028,0.000481163632947654,0.0218903087325686,0.123986216157857,0.268999069706473
0.623154168614234,0.000741405152531571,0.00071176706185071,0.000481170468249723,0.0218904931998162,0.123986940090371,0.269000143537603
0.623159171741189,0.000738092201524877,0.000708518331310349,0.000481177303697421,0.0218906776693781,0.123987664028926,0.269001217374375
0.623164174868143,0.000734801715572198,0.0007052917872608,0.000481184139290752,0.0218908621412543,0.123988387973522,0.269002291216788
0.623169177995098,0.000731533492081794,0.000702087228184307,0.00048119097502972,0.021891046615445,0.12398911192416,0.269003365064842
0.623174181122052,0.000728287329218071,0.000698904454845638,0.000481197810914329,0.0218912310919502,0.123989835880839,0.269004438918538
0.623179184249006,0.000725063028517244,0.000695743270260576,0.000481204646944584,0.0218914155707698,0.123990559843559,0.269005512777875
0.623184187375961,0.000721860393341622,0.000692603479665964,0.000481211483120488,0.021891600051904,0.123991283812322,0.269006586642854
0.623189190502915,0.000718679230249217,0.000689484890489521,0.000481218319442046,0.0218917845353528,0.123992007787126,0.269007660513474
0.623194193629869,0.000715519346016942,0.000686387312320133,0.000481225155909261,0.0218919690211161,0.123992731767971,0.269008734389735
0.623199196756824,0.000712380551110341,0.000683310556879301,0.000481231992522139,0.0218921535091942,0.123993455754858,0.269009808271638
0.623204199883778,0.000709262657929013,0.000680254437992003,0.000481238829280682,0.0218923379995869,0.123994179747788,0.269010882159183
0.623209203010732,0.000706165480264714,0.000677218771559106,0.000481245666184895,0.0218925224922943,0.123994903746759,0.26901195605237
0.623214206137687,0.000703088835245335,0.000674203375529118,0.000481252503234783,0.0218927069873165,0.123995627751772,0.269013029951198
0.623219209264641,0.000700032540007072,0.000671208069871394,0.00048125934043035,0.0218928914846535,0.123996351762827,0.269014103855667
0.623224212391595,0.000696996415661543,0.000668232676549083,0.000481266177771598,0.0218930759843053,0.123997075779924,0.269015177765779
0.62322921551855,0.000693980284403504,0.000665277019492498,0.000481273015258534,0.0218932604862721,0.123997799803063,0.269016251681532
0.623234218645504,0.000690983970597091,0.000662340924573557,0.00048127985289116,0.0218934449905537,0.123998523832244,0.269017325602927
0.623239221772458,0.000688007300167515,0.000659424219579627,0.000481286690669482,0.0218936294971503,0.123999247867468,0.269018399529964
0.623244224899413,0.000685050101347293,0.000656526734188823,0.000481293528593503,0.0218938140060619,0.123999971908734,0.269019473462642
0.623249228026367,0.000682112204390372,0.00065364829994464,0.000481300366663226,0.0218939985172885,0.124000695956042,0.269020547400963
0.623254231153321,0.000679193440638547,0.000650788750231943,0.000481307204878658,0.0218941830308302,0.124001420009393,0.269021621344926
0.623259234280276,0.000676293644241114,0.000647947920252684,0.000481314043239801,0.0218943675466871,0.124002144068786,0.26902269529453
0.62326423740723,0.000673412650101486,0.000645125647001986,0.000481320881746659,0.021894552064859,0.124002868134222,0.269023769249776
0.623269240534184,0.000670550296332789,0.000642321769245226,0.000481327720399237,0.0218947365853462,0.124003592205701,0.269024843210665
0.623274243661139,0.000667706421189363,0.000639536127494523,0.00048133455919754,0.0218949211081486,0.124004316283222,0.269025917177195
0.623279246788093,0.000664880865640999,0.000636768563986573,0.00048134139814157,0.0218951056332662,0.124005040366786,0.269026991149368
0.623284249915047,0.000662073472498023,0.000634018922659839,0.000481348237231333,0.0218952901606991,0.124005764456393,0.269028065127183
0.623289253042002,0.00065928408556891,0.000631287049133059,0.000481355076466832,0.0218954746904474,0.124006488552043,0.269029139110639
0.623294256168956,0.000656512550715265,0.000628572790683106,0.000481361915848072,0.0218956592225111,0.124007212653736,0.269030213099738
0.623299259295911,0.000653758715284587,0.000625875996224084,0.000481368755375056,0.0218958437568902,0.124007936761471,0.26903128709448
0.623304262422865,0.000651022428583956,0.000623196516286144,0.000481375595047789,0.0218960282935847,0.12400866087525,0.269032361094863
0.623309265549819,0.000648303541589997,0.000620534202994603,0.000481382434866275,0.0218962128325948,0.124009384995072,0.269033435100889
0.623314268676774,0.000645601906017747,0.00061788891004998,0.000481389274830518,0.0218963973739204,0.124010109120937,0.269034509112557
0.623319271803728,0.000642917375869746,0.000615260492707443,0.000481396114940523,0.0218965819175615,0.124010833252846,0.269035583129867
0.623324274930682,0.000640249806984616,0.000612648807757488,0.000481402955196292,0.0218967664635183,0.124011557390798,0.26903665715282
0.623329278057637,0.000637599055634086,0.000610053713505984,0.000481409795597832,0.0218969510117907,0.124012281534793,0.269037731181415
0.623334281184591,0.000634964981453528,0.000607475069755378,0.000481416636145145,0.0218971355623788,0.124013005684832,0.269038805215653
0.623339284311545,0.000632347443102063,0.000604912737785598,0.000481423476838235,0.0218973201152826,0.124013729840914,0.269039879255533
0.6233442874385,0.000629746302199365,0.000602366580335241,0.000481430317677108,0.0218975046705022,0.12401445400304,0.269040953301055
0.623349290565454,0.000627161422075279,0.000599836461583605,0.000481437158661767,0.0218976892280376,0.12401517817121,0.269042027352221
0.623354293692408,0.000624592666988832,0.000597322247132136,0.000481443999792216,0.0218978737878888,0.124015902345423,0.269043101409028
0.623359296819363,0.000622039901995973,0.000594823803987045,0.000481450841068459,0.0218980583500559,0.12401662652568,0.269044175471478
0.623364299946317,0.000619502994826874,0.000592341000541286,0.000481457682490501,0.0218982429145389,0.124017350711981,0.269045249539571
0.623369303073271,0.000616981813614172,0.000589873706557685,0.000481464524058346,0.0218984274813379,0.124018074904326,0.269046323613307
0.623374306200226,0.000614476228337545,0.00058742179315143,0.000481471365771997,0.0218986120504529,0.124018799102715,0.269047397692685
0.62337930932718,0.000611986110080661,0.000584985132773638,0.000481478207631459,0.0218987966218839,0.124019523307148,0.269048471777706
0.623384312454134,0.000609511331961413,0.000582563599194613,0.000481485049636736,0.021898981195631,0.124020247517625,0.26904954586837
0.623389315581089,0.000607051766963018,0.000580157067487354,0.000481491891787833,0.0218991657716942,0.124020971734146,0.269050619964677
0.623394318708043,0.000604607290523252,0.000577765414011825,0.000481498734084753,0.0218993503500736,0.124021695956711,0.269051694066626
0.623399321834997,0.000602177779290432,0.000575388516398663,0.0004815055765275,0.0218995349307691,0.124022420185321,0.269052768174218
0.623404324961952,0.000599763110781811,0.000573026253533962,0.000481512419116079,0.0218997195137808,0.124023144419975,0.269053842287453
0.623409328088906,0.000597363163491597,0.00057067850554343,0.000481519261850494,0.0218999040991089,0.124023868660673,0.269054916406332
0.623414331215861,0.000594977818039834,0.000568345153777566,0.000481526104730749,0.0219000886867532,0.124024592907416,0.269055990530852
0.623419334342815,0.000592606955715092,0.000566026080796519,0.000481532947756848,0.0219002732767139,0.124025317160204,0.269057064661017
0.623424337469769,0.0005902504590969,0.000563721170355167,0.000481539790928795,0.0219004578689909,0.124026041419036,0.269058138796824
0.623429340596724,0.00058790821153444,0.000561430307388925,0.000481546634246595,0.0219006424635844,0.124026765683913,0.269059212938274
0.623434343723678,0.000585580098826137,0.000559153377998979,0.000481553477710251,0.0219008270604943,0.124027489954835,0.269060287085367
0.623439346850632,0.000583266006088408,0.000556890269438554,0.000481560321319767,0.0219010116597207,0.124028214231801,0.269061361238103
0.623444349977587,0.000580965821572912,0.000554640870098556,0.000481567165075149,0.0219011962612637,0.124028938514812,0.269062435396483
0.623449353104541,0.000578679432738283,0.000552405069494177,0.000481574008976399,0.0219013808651232,0.124029662803868,0.269063509560505
0.623454356231495,0.000576406729851718,0.000550182758251185,0.000481580853023523,0.0219015654712994,0.124030387098969,0.269064583730171
0.62345935935845,0.000574147602639925,0.000547973828092412,0.000481587697216524,0.0219017500797922,0.124031111400116,0.26906565790548
0.623464362485404,0.000571901943646679,0.000545778171824915,0.000481594541555406,0.0219019346906016,0.124031835707307,0.269066732086433
0.623469365612358,0.000569669645219495,0.000543595683326595,0.000481601386040173,0.0219021193037278,0.124032560020544,0.269067806273028
0.623474368739313,0.000567450601345671,0.00054142625753377,0.00048160823067083,0.0219023039191708,0.124033284339826,0.269068880465267
0.623479371866267,0.000565244706287713,0.000539269790428148,0.000481615075447382,0.0219024885369306,0.124034008665153,0.26906995466315
0.623484374993221,0.000563051857399934,0.00053712617902476,0.000481621920369831,0.0219026731570072,0.124034732996525,0.269071028866676
0.623489378120176,0.000560871949927086,0.000534995321359286,0.000481628765438182,0.0219028577794007,0.124035457333943,0.269072103075845
0.62349438124713,0.000558704883140714,0.000532877116476272,0.00048163561065244,0.0219030424041111,0.124036181677407,0.269073177290658
0.623499384374084,0.000556550555566658,0.000530771464417038,0.000481642456012607,0.0219032270311384,0.124036906026916,0.269074251511114
0.623504387501039,0.000554408867285862,0.000528678266207753,0.00048164930151869,0.0219034116604828,0.12403763038247,0.269075325737214
0.623509390627993,0.000552279718953149,0.000526597423848141,0.000481656147170691,0.0219035962921442,0.124038354744071,0.269076399968957
0.623514393754947,0.000550163012943693,0.000524528840299647,0.000481662992968615,0.0219037809261227,0.124039079111717,0.269077474206344
0.623519396881902,0.000548058651497781,0.000522472419474496,0.000481669838912466,0.0219039655624182,0.124039803485409,0.269078548449375
0.623524400008856,0.000545966539242558,0.000520428066224182,0.000481676685002248,0.021904150201031,0.124040527865147,0.269079622698049
0.623529403135811,0.00054388658042315,0.000518395686328786,0.000481683531237965,0.0219043348419609,0.124041252250931,0.269080696952367
0.623534406262765,0.000541818681381421,0.000516375186485987,0.000481690377619622,0.021904519485208,0.12404197664276,0.269081771212329
0.623539409389719,0.00053976274751966,0.000514366474300232,0.000481697224147223,0.0219047041307724,0.124042701040636,0.269082845477934
0.623544412516673,0.000537718687430387,0.000512369458272492,0.000481704070820771,0.0219048887786541,0.124043425444558,0.269083919749184
0.623549415643628,0.000535686409027792,0.000510384047789491,0.000481710917640271,0.0219050734288532,0.124044149854527,0.269084994026077
0.623554418770582,0.00053366582156533,0.00050841015311379,0.000481717764605727,0.0219052580813696,0.124044874270541,0.269086068308614
0.623559421897537,0.000531656835480811,0.000506447685373301,0.000481724611717143,0.0219054427362035,0.124045598692602,0.269087142596795
0.623564425024491,0.00052965936179631,0.000504496556551642,0.000481731458974523,0.0219056273933548,0.124046323120709,0.26908821689062
0.623569428151445,0.000527673312135024,0.000502556679477923,0.000481738306377872,0.0219058120528236,0.124047047554863,0.269089291190088
0.6235744312784,0.000525698599214423,0.000500627967817323,0.000481745153927194,0.0219059967146099,0.124047771995063,0.269090365495201
0.623579434405354,0.000523735136929452,0.000498710336061358,0.000481752001622492,0.0219061813787138,0.12404849644131,0.269091439805958
0.623584437532308,0.000521782839273244,0.000496803699518284,0.000481758849463771,0.0219063660451354,0.124049220893604,0.269092514122359
0.623589440659263,0.000519841621664555,0.000494907974304048,0.000481765697451036,0.0219065507138745,0.124049945351944,0.269093588444404
0.623594443786217,0.000517911400146992,0.000493023077332731,0.000481772545584289,0.0219067353849314,0.124050669816331,0.269094662772093
0.623599446913171,0.000515992091109162,0.000491148926307784,0.000481779393863536,0.021906920058306,0.124051394286765,0.269095737105426
0.623604450040126,0.000514083612637191,0.000489285439712718,0.00048178624228878,0.0219071047339983,0.124052118763245,0.269096811444404
0.62360945316708,0.000512185882916396,0.000487432536802539,0.000481793090860026,0.0219072894120085,0.124052843245773,0.269097885789025
0.623614456294034,0.000510298820842054,0.000485590137594878,0.000481799939577278,0.0219074740923365,0.124053567734348,0.269098960139291
0.623619459420989,0.000508422346531098,0.000483758162861246,0.00048180678844054,0.0219076587749823,0.12405429222897,0.269100034495202
0.623624462547943,0.000506556380457381,0.000481936534118804,0.000481813637449816,0.0219078434599461,0.124055016729639,0.269101108856756
0.623629465674897,0.000504700844302297,0.000480125173621642,0.00048182048660511,0.0219080281472279,0.124055741236355,0.269102183223955
0.623634468801852,0.000502855659999681,0.00047832400435281,0.000481827335906426,0.0219082128368276,0.124056465749119,0.269103257596798
0.623639471928806,0.000501020750129688,0.000476532950015814,0.000481834185353769,0.0219083975287454,0.12405719026793,0.269104331975286
0.62364447505576,0.000499196038450308,0.000474751935026822,0.000481841034947143,0.0219085822229813,0.124057914792788,0.269105406359418
0.623649478182715,0.000497381449648677,0.000472980884506576,0.000481847884686552,0.0219087669195352,0.124058639323694,0.269106480749195
0.623654481309669,0.00049557690806989,0.000471219724272407,0.000481854734572,0.0219089516184074,0.124059363860647,0.269107555144616
0.623659484436623,0.000493782339717283,0.000469468380830747,0.00048186158460349,0.0219091363195977,0.124060088403648,0.269108629545682
0.623664487563578,0.000491997670848715,0.000467726781369155,0.000481868434781028,0.0219093210231062,0.124060812952696,0.269109703952392
0.623669490690532,0.000490222828516774,0.000465994853749063,0.000481875285104618,0.021909505728933,0.124061537507793,0.269110778364747
0.623674493817487,0.000488457740303094,0.000464272526498002,0.000481882135574263,0.0219096904370781,0.124062262068937,0.269111852782747
0.623679496944441,0.000486702334753802,0.00046255972880254,0.000481888986189968,0.0219098751475415,0.124062986636129,0.269112927206391
0.623684500071395,0.000484956540965381,0.000460856390500702,0.000481895836951737,0.0219100598603234,0.124063711209369,0.26911400163568
0.62368622100955,0.000484358244577148,0.000460272662859351,0.000481898193459246,0.0219101233969791,0.124063960444046,0.269114371211128
0.62368950319835,0.00048322028832114,0.000459162442075055,0.000481902687859574,0.0219102445754236,0.124064435788657,0.269115076070613
0.623694506325304,0.000481493507279941,0.000457477814645507,0.000481909538913483,0.0219104292928423,0.124065160373993,0.269116150511192
0.623699509452258,0.000479776129112316,0.000455802439962195,0.000481916390113468,0.0219106140125795,0.124065884965377,0.269117224957415
0.623704512579213,0.000478068084861769,0.000454136250398837,0.000481923241459534,0.0219107987346353,0.124066609562809,0.269118299409283
0.623709515706167,0.000476369307036732,0.000452479178945618,0.000481930092951685,0.0219109834590096,0.12406733416629,0.269119373866796
0.623714518833121,0.000474679728381284,0.000450831159202751,0.000481936944589925,0.0219111681857025,0.124068058775819,0.269120448329954
0.623719521960076,0.000472999282574443,0.000449192125373533,0.000481943796374257,0.0219113529147141,0.124068783391396,0.269121522798757
0.62372452508703,0.000471327903177428,0.000447562012258039,0.000481950648304687,0.0219115376460443,0.124069508013021,0.269122597273205
0.623729528213984,0.000469665525275721,0.000445940755246532,0.000481957500381218,0.0219117223796933,0.124070232640695,0.269123671753297
0.623734531340939,0.000468012083795726,0.00044432829031296,0.000481964352603854,0.0219119071156611,0.124070957274418,0.269124746239035
0.623739534467893,0.00046636751490449,0.000442724554008883,0.0004819712049726,0.0219120918539476,0.12407168191419,0.269125820730418
0.623744537594847,0.000464731754448376,0.000441129483456956,0.00048197805748746,0.021912276594553,0.12407240656001,0.269126895227446
0.623749540721802,0.000463104739645671,0.00043954301634505,0.000481984910148437,0.0219124613374773,0.124073131211878,0.269127969730119
0.623754543848756,0.000461486408060527,0.000437965090919887,0.000481991762955537,0.0219126460827205,0.124073855869796,0.269129044238438
0.62375954697571,0.000459876697731411,0.000436395645981317,0.000481998615908763,0.0219128308302827,0.124074580533762,0.269130118752401
0.623764550102665,0.000458275547104703,0.000434834620876109,0.000482005469008119,0.0219130155801638,0.124075305203778,0.26913119327201
0.623769553229619,0.000456682895701666,0.000433281955492332,0.00048201232225361,0.021913200332364,0.124076029879842,0.269132267797264
0.623774556356573,0.000455098683049003,0.000431737590253474,0.000482019175645239,0.0219133850868833,0.124076754561956,0.269133342328163
0.623779559483528,0.000453522849137016,0.000430201466112623,0.000482026029183011,0.0219135698437217,0.124077479250118,0.269134416864708
0.623784562610482,0.000451955335148521,0.000428673524547066,0.00048203288286693,0.0219137546028792,0.12407820394433,0.269135491406898
0.623789565737436,0.000450396082212238,0.000427153707552449,0.000482039736697001,0.0219139393643559,0.124078928644591,0.269136565954733
0.623794568864391,0.000448845032074268,0.000425641957637541,0.000482046590673226,0.0219141241281519,0.124079653350902,0.269137640508214
0.623799571991345,0.000447302126995844,0.000424138217818536,0.000482053444795611,0.0219143088942671,0.124080378063261,0.26913871506734
0.6238045751183,0.000445767310063161,0.000422642431613918,0.00048206029906416,0.0219144936627016,0.124081102781671,0.269139789632112
0.623809578245254,0.000444240524427928,0.000421154543039059,0.000482067153478876,0.0219146784334555,0.124081827506129,0.269140864202529
0.623814581372208,0.000442721714127724,0.000419674496600885,0.000482074008039764,0.0219148632065287,0.124082552236638,0.269141938778592
0.623819584499163,0.000441210823043881,0.000418202237292937,0.000482080862746829,0.0219150479819214,0.124083276973196,0.2691430133603
0.623824587626117,0.000439707796284068,0.000416737710589999,0.000482087717600073,0.0219152327596335,0.124084001715803,0.269144087947654
0.623829590753071,0.000438212579202242,0.000415280862443313,0.000482094572599502,0.0219154175396652,0.124084726464461,0.269145162540654
0.623834593880026,0.000436725117479513,0.000413831639275336,0.00048210142774512,0.0219156023220163,0.124085451219168,0.269146237139299
0.62383959700698,0.00043524535715679,0.000412389987975044,0.00048210828303693,0.0219157871066871,0.124086175979926,0.26914731174359
0.623844600133934,0.000433773245246392,0.000410955855892969,0.000482115138474937,0.0219159718936774,0.124086900746733,0.269148386353527
0.623849603260889,0.000432308728746615,0.000409529190836302,0.000482121994059145,0.0219161566829874,0.12408762551959,0.26914946096911
0.623854606387843,0.000430851755275888,0.000408109941064368,0.000482128849789558,0.0219163414746171,0.124088350298497,0.269150535590338
0.623859609514797,0.000429402272907856,0.000406698055283685,0.00048213570566618,0.0219165262685665,0.124089075083455,0.269151610217212
0.623864612641752,0.000427960230153731,0.000405293482643581,0.000482142561689016,0.0219167110648357,0.124089799874462,0.269152684849732
0.623869615768706,0.000426525575977024,0.000403896172731372,0.00048214941785807,0.0219168958634247,0.12409052467152,0.269153759487898
0.62387461889566,0.000425098259892932,0.000402506075568086,0.000482156274173345,0.0219170806643335,0.124091249474629,0.26915483413171
0.623879622022615,0.000423678231569244,0.000401123141603751,0.000482163130634846,0.0219172654675623,0.124091974283787,0.269155908781168
0.623884625149569,0.000422265441360343,0.000399747321713195,0.000482169987242578,0.0219174502731109,0.124092699098996,0.269156983436272
0.623889628276523,0.000420859839897654,0.000398378567191595,0.000482176843996543,0.0219176350809795,0.124093423920256,0.269158058097022
0.623894631403478,0.000419461378114502,0.00039701682975008,0.000482183700896747,0.0219178198911681,0.124094148747566,0.269159132763418
0.623899634530432,0.000418070007951897,0.000395662061511681,0.000482190557943194,0.0219180047036768,0.124094873580927,0.26916020743546
0.623904637657386,0.000416685680934429,0.000394314215006889,0.000482197415135887,0.0219181895185055,0.124095598420339,0.269161282113149
0.623909640784341,0.000415308349586635,0.000392973243169733,0.000482204272474831,0.0219183743356543,0.124096323265802,0.269162356796483
0.623914643911295,0.000413937966600004,0.000391639099333443,0.00048221112996003,0.0219185591551233,0.124097048117315,0.269163431485464
0.62391964703825,0.000412574485143529,0.000390311737226591,0.000482217987591489,0.0219187439769125,0.124097772974879,0.269164506180091
0.623924650165204,0.000411217858704884,0.000388991110968998,0.000482224845369211,0.0219189288010219,0.124098497838494,0.269165580880364
0.623929653292158,0.000409868041181928,0.000387677175067682,0.0004822317032932,0.0219191136274516,0.124099222708161,0.269166655586284
0.623934656419112,0.000408524986915978,0.000386369884413144,0.000482238561363461,0.0219192984562016,0.124099947583878,0.26916773029785
0.623939659546067,0.000407188650846186,0.00038506919427527,0.000482245419579998,0.0219194832872719,0.124100672465647,0.269168805015062
0.623944662673021,0.00040585898761677,0.000383775060299736,0.000482252277942815,0.0219196681206626,0.124101397353466,0.26916987973792
0.623949665799976,0.000404535952814371,0.000382487438503998,0.000482259136451916,0.0219198529563737,0.124102122247338,0.269170954466425
0.62395466892693,0.000403219502458265,0.000381206285273787,0.000482265995107305,0.0219200377944053,0.12410284714726,0.269172029200577
0.623959672053884,0.00040190959252359,0.000379931557359189,0.000482272853908987,0.0219202226347574,0.124103572053234,0.269173103940375
0.623964675180839,0.000400606179670584,0.000378663211871194,0.000482279712856965,0.0219204074774301,0.124104296965259,0.269174178685819
0.623969678307793,0.000399309220981111,0.000377401206278008,0.000482286571951244,0.0219205923224233,0.124105021883336,0.26917525343691
0.623974681434747,0.000398018673404105,0.000376145498401404,0.000482293431191829,0.0219207771697371,0.124105746807465,0.269176328193648
0.623979684561702,0.000396734494776847,0.000374896046413394,0.000482300290578722,0.0219209620193716,0.124106471737645,0.269177402956032
0.623984687688656,0.000395456642693554,0.000373652808832526,0.000482307150111928,0.0219211468713268,0.124107196673877,0.269178477724063
0.62398969081561,0.00039418507608687,0.000372415744520665,0.000482314009791452,0.0219213317256026,0.124107921616161,0.269179552497741
0.623994693942565,0.000392919753238274,0.00037118481267937,0.000482320869617298,0.0219215165821993,0.124108646564497,0.269180627277065
0.623999697069519,0.000391660633160669,0.000369959972846723,0.000482327729589469,0.0219217014411168,0.124109371518884,0.269181702062037
0.624004700196473,0.000390407675269939,0.000368741184893925,0.000482334589707971,0.0219218863023551,0.124110096479324,0.269182776852654
0.624009703323428,0.000389160839468115,0.000367528409021931,0.000482341449972806,0.0219220711659144,0.124110821445816,0.269183851648919
0.624014706450382,0.000387920085127468,0.000366321605758387,0.00048234831038398,0.0219222560317945,0.124111546418359,0.269184926450831
0.624019709577336,0.000386685373268444,0.000365120735954208,0.000482355170941496,0.0219224408999956,0.124112271396955,0.269186001258389
0.624024712704291,0.000385456664195491,0.000363925760780618,0.000482362031645358,0.0219226257705177,0.124112996381604,0.269187076071595
0.624029715831245,0.000384233918940039,0.0003627366417258,0.000482368892495572,0.0219228106433608,0.124113721372304,0.269188150890447
0.6240347189582,0.000383017098698842,0.00036155334059198,0.00048237575349214,0.0219229955185251,0.124114446369057,0.269189225714946
0.624039722085154,0.000381806165279283,0.00036037581949228,0.000482382614635067,0.0219231803960104,0.124115171371863,0.269190300545093
0.624044725212108,0.000380601080481737,0.000359204040847611,0.000482389475924358,0.0219233652758169,0.12411589638072,0.269191375380886
0.624049728339062,0.000379401806558752,0.000358037967383857,0.000482396337360015,0.0219235501579446,0.124116621395631,0.269192450222327
0.624054731466017,0.000378208306109125,0.000356877562128704,0.000482403198942045,0.0219237350423935,0.124117346416594,0.269193525069414
0.624059734592971,0.000377020541768981,0.000355722788408919,0.00048241006067045,0.0219239199291637,0.12411807144361,0.269194599922149
0.624064737719926,0.000375838476726944,0.000354573609847247,0.000482416922545235,0.0219241048182552,0.124118796476678,0.269195674780531
0.62406974084688,0.000374662074568567,0.000353429990359753,0.000482423784566404,0.021924289709668,0.1241195215158,0.26919674964456
0.624074743973834,0.000373491298981602,0.000352291894152788,0.000482430646733961,0.0219244746034022,0.124120246560974,0.269197824514236
0.624079747100789,0.000372326113763682,0.000351159285720362,0.00048243750904791,0.0219246594994579,0.124120971612201,0.26919889938956
0.624084750227743,0.000371166483428054,0.000350032129841307,0.000482444371508256,0.021924844397835,0.124121696669482,0.269199974270531
0.624089753354697,0.000370012372549878,0.00034891039157646,0.000482451234115003,0.0219250292985337,0.124122421732815,0.269201049157149
0.624094756481652,0.000368863745886966,0.000347794036266133,0.000482458096868155,0.0219252142015538,0.124123146802202,0.269202124049415
0.624099759608606,0.000367720568707061,0.000346683029527239,0.000482464959767715,0.0219253991068956,0.124123871877641,0.269203198947328
0.62410476273556,0.000366582806306232,0.000345577337250843,0.000482471822813689,0.0219255840145589,0.124124596959134,0.269204273850888
0.624109765862515,0.000365450424466291,0.000344476925599348,0.00048247868600608,0.0219257689245439,0.124125322046681,0.269205348760096
0.624114768989469,0.000364323389045955,0.000343381761004078,0.000482485549344893,0.0219259538368507,0.124126047140281,0.269206423674952
0.624119772116423,0.000363201666409874,0.000342291810162647,0.000482492412830131,0.0219261387514791,0.124126772239934,0.269207498595455
0.624124775243378,0.00036208522318494,0.000341207040036357,0.000482499276461799,0.0219263236684293,0.12412749734564,0.269208573521605
0.624129778370332,0.000360974025856202,0.000340127417847862,0.000482506140239901,0.0219265085877013,0.124128222457401,0.269209648453403
0.624134781497286,0.000359868041525832,0.000339052911078501,0.000482513004164441,0.0219266935092952,0.124128947575215,0.269210723390849
0.624139784624241,0.000358767237518782,0.000337983487466044,0.000482519868235424,0.021926878433211,0.124129672699083,0.269211798333943
0.624144787751195,0.000357671581304566,0.000336919115002078,0.000482526732452853,0.0219270633594487,0.124130397829004,0.269212873282684
0.624149790878149,0.000356581041039171,0.000335859761929806,0.000482533596816732,0.0219272482880083,0.124131122964979,0.269213948237073
0.624154794005104,0.000355495584445426,0.000334805396741486,0.000482540461327067,0.02192743321889,0.124131848107009,0.269215023197109
0.624159797132058,0.000354415179821424,0.00033375598817626,0.000482547325983861,0.0219276181520937,0.124132573255092,0.269216098162794
0.624164800259012,0.000353339795831412,0.000332711505217761,0.000482554190787117,0.0219278030876195,0.124133298409229,0.269217173134126
0.624169803385967,0.000352269401223204,0.000331671917091756,0.000482561055736841,0.0219279880254674,0.124134023569421,0.269218248111106
0.624174806512921,0.000351203965017629,0.000330637193264041,0.000482567920833037,0.0219281729656375,0.124134748735666,0.269219323093734
0.624179809639876,0.000350143456426375,0.000329607303438018,0.000482574786075708,0.0219283579081297,0.124135473907966,0.26922039808201
0.62418481276683,0.000349087845211491,0.000328582217552658,0.000482581651464859,0.0219285428529442,0.12413619908632,0.269221473075934
0.624189815893784,0.000348037100967538,0.00032756190578013,0.000482588517000494,0.021928727800081,0.124136924270728,0.269222548075506
0.624194819020739,0.000346991193613459,0.000326546338523786,0.000482595382682617,0.0219289127495401,0.124137649461191,0.269223623080726
0.624199822147693,0.000345950093341495,0.000325535486415953,0.000482602248511232,0.0219290977013215,0.124138374657709,0.269224698091594
0.624204825274647,0.000344913770732476,0.000324529320315739,0.000482609114486344,0.0219292826554253,0.12413909986028,0.26922577310811
0.624209828401602,0.000343882196352108,0.000323527811307093,0.000482615980607956,0.0219294676118516,0.124139825068907,0.269226848130274
0.624214831528556,0.000342855341206158,0.000322530930696551,0.000482622846876074,0.0219296525706003,0.124140550283588,0.269227923158087
0.62421983465551,0.000341833176496613,0.000321538650011354,0.0004826297132907,0.0219298375316715,0.124141275504324,0.269228998191547
0.624224837782465,0.000340815673165594,0.000320550940997245,0.000482636579851839,0.0219300224950653,0.124142000731115,0.269230073230656
0.624229840909419,0.00033980280312412,0.00031956777561661,0.000482643446559496,0.0219302074607816,0.12414272596396,0.269231148275413
0.624234844036373,0.000338794538032602,0.000318589126046424,0.000482650313413674,0.0219303924288206,0.124143451202861,0.269232223325818
0.624239847163328,0.000337790849920629,0.000317614964676216,0.000482657180414378,0.0219305773991822,0.124144176447816,0.269233298381872
0.624244850290282,0.000336791711060891,0.000316645264106276,0.000482664047561612,0.0219307623718666,0.124144901698827,0.269234373443574
0.624249853417236,0.000335797093770039,0.000315679997145557,0.00048267091485538,0.0219309473468736,0.124145626955893,0.269235448510924
0.624254856544191,0.000334806970683465,0.000314719136809941,0.000482677782295686,0.0219311323242034,0.124146352219014,0.269236523583923
0.624259859671145,0.000333821314567672,0.000313762656320181,0.000482684649882534,0.0219313173038561,0.12414707748819,0.26923759866257
0.624264862798099,0.000332840098542823,0.000312810529100209,0.000482691517615929,0.0219315022858316,0.124147802763421,0.269238673746865
0.624269865925054,0.000331863295868099,0.000311862728775119,0.000482698385495874,0.02193168727013,0.124148528044708,0.26923974883681
0.624274869052008,0.000330890880073046,0.000310919229169492,0.000482705253522374,0.0219318722567513,0.12414925333205,0.269240823932402
0.624279872178962,0.000329922824484536,0.000309980004305522,0.000482712121695433,0.0219320572456956,0.124149978625448,0.269241899033644
0.624284875305917,0.000328959103339003,0.000309045028401168,0.000482718990015056,0.0219322422369629,0.124150703924901,0.269242974140533
0.624289878432871,0.000327999690475441,0.000308114275868534,0.000482725858481245,0.0219324272305533,0.12415142923041,0.269244049253072
0.624294881559825,0.000327044559991684,0.000307187721311948,0.000482732727094007,0.0219326122264667,0.124152154541975,0.269245124371259
0.62429988468678,0.000326093686505722,0.000306265339526398,0.000482739595853344,0.0219327972247033,0.124152879859595,0.269246199495095
0.624304887813734,0.000325147044543819,0.000305347105495656,0.000482746464759261,0.021932982225263,0.124153605183272,0.26924727462458
0.624309890940689,0.000324204609010753,0.000304432994390723,0.000482753333811761,0.0219331672281459,0.124154330513004,0.269248349759713
0.624314894067643,0.000323266354905472,0.00030352298156809,0.00048276020301085,0.021933352233352,0.124155055848792,0.269249424900495
0.624319897194597,0.00032233225719564,0.000302617042568019,0.000482767072356532,0.0219335372408815,0.124155781190636,0.269250500046926
0.624324900321552,0.000321402291477265,0.00030171515311304,0.00048277394184881,0.0219337222507342,0.124156506538536,0.269251575199006
0.624329903448506,0.000320476433212855,0.000300817289106165,0.000482780811487688,0.0219339072629103,0.124157231892492,0.269252650356735
0.62433490657546,0.000319554658005718,0.000299923426629438,0.000482787681273172,0.0219340922774098,0.124157957252505,0.269253725520113
0.624339909702415,0.000318636942020936,0.000299033541942184,0.000482794551205264,0.0219342772942327,0.124158682618574,0.269254800689139
0.624344912829369,0.000317723261126871,0.000298147611479594,0.00048280142128397,0.0219344623133791,0.124159407990699,0.269255875863815
0.624349915956323,0.000316813591534347,0.000297265611851004,0.000482808291509293,0.021934647334849,0.124160133368881,0.26925695104414
0.624354919083278,0.00031590791001158,0.000296387519838492,0.000482815161881238,0.0219348323586425,0.124160858753119,0.269258026230114
0.624359922210232,0.000315006192869037,0.000295513312395289,0.000482822032399808,0.0219350173847595,0.124161584143413,0.269259101421736
0.624364925337186,0.000314108416992312,0.000294642966644213,0.000482828903065009,0.0219352024132002,0.124162309539764,0.269260176619008
0.624369928464141,0.000313214559310852,0.000293776459876304,0.000482835773876843,0.0219353874439645,0.124163034942172,0.26926125182193
0.624374931591095,0.000312324596840452,0.000292913769549195,0.000482842644835316,0.0219355724770526,0.124163760350636,0.2692623270305
0.624379934718049,0.000311438507023041,0.000292054873285793,0.000482849515940431,0.0219357575124643,0.124164485765158,0.26926340224472
0.624384937845004,0.000310556267364233,0.000291199748872681,0.000482856387192192,0.0219359425501999,0.124165211185736,0.269264477464588
0.624389940971958,0.000309677855195177,0.000290348374258811,0.000482863258590605,0.0219361275902592,0.124165936612371,0.269265552690106
0.624394944098912,0.000308803248702391,0.000289500727554031,0.000482870130135672,0.0219363126326424,0.124166662045063,0.269266627921274
0.624399947225867,0.000307932425425592,0.000288656787027619,0.000482877001827399,0.0219364976773496,0.124167387483812,0.269267703158091
0.624404950352821,0.000307065363514095,0.000287816531107022,0.000482883873665788,0.0219366827243806,0.124168112928618,0.269268778400557
0.624409953479775,0.000306202041404723,0.000286979938376329,0.000482890745650846,0.0219368677737356,0.124168838379481,0.269269853648673
0.62441495660673,0.000305342437331812,0.000286146987575056,0.000482897617782574,0.0219370528254147,0.124169563836402,0.269270928902437
0.624419959733684,0.000304486530211515,0.000285317657596648,0.000482904490060979,0.0219372378794178,0.124170289299379,0.269272004161852
0.624424962860639,0.000303634298493462,0.000284491927487271,0.000482911362486064,0.0219374229357449,0.124171014768415,0.269273079426916
0.624429965987593,0.000302785721005229,0.000283669776444433,0.000482918235057832,0.0219376079943962,0.124171740243507,0.26927415469763
0.624434969114547,0.000301940776916752,0.000282851183815619,0.00048292510777629,0.0219377930553717,0.124172465724657,0.269275229973993
0.624439972241501,0.000301099445293941,0.000282036129097127,0.000482931980641439,0.0219379781186713,0.124173191211865,0.269276305256006
0.624444975368456,0.000300261705595979,0.000281224591932632,0.000482938853653285,0.0219381631842953,0.12417391670513,0.269277380543668
0.62444997849541,0.000299427537189535,0.000280416552112065,0.000482945726811832,0.0219383482522434,0.124174642204453,0.26927845583698
0.624454981622365,0.000298596919748767,0.00027961198957021,0.000482952600117085,0.021938533322516,0.124175367709833,0.269279531135942
0.624459984749319,0.000297769833094065,0.000278810884385603,0.000482959473569046,0.0219387183951128,0.124176093221272,0.269280606440554
0.624464987876273,0.000296946257058607,0.000278013216779154,0.000482966347167721,0.0219389034700341,0.124176818738768,0.269281681750815
0.624469991003228,0.000296126171719411,0.000277218967113053,0.000482973220913113,0.0219390885472798,0.124177544262322,0.269282757066726
0.624474994130182,0.000295309557321467,0.000276428115889508,0.000482980094805227,0.02193927362685,0.124178269791935,0.269283832388287
0.624479997257136,0.000294496394194682,0.000275640643749498,0.000482986968844067,0.0219394587087446,0.124178995327605,0.269284907715498
0.624485000384091,0.00029368666262263,0.000274856531471706,0.000482993843029636,0.0219396437929639,0.124179720869333,0.269285983048359
0.624490003511045,0.000292880343477209,0.000274075759971215,0.000483000717361941,0.0219398288795077,0.12418044641712,0.269287058386869
0.624495006637999,0.000292077417469374,0.000273298310298479,0.000483007591840983,0.0219400139683762,0.124181171970965,0.26928813373103
0.624500009764954,0.000291277865382642,0.000272524163638038,0.000483014466466768,0.0219401990595693,0.124181897530868,0.269289209080841
0.624505012891908,0.000290481668246176,0.000271753301307501,0.0004830213412393,0.0219403841530871,0.124182623096829,0.269290284436302
0.624510016018862,0.000289688807369377,0.000270985704756368,0.000483028216158583,0.0219405692489297,0.124183348668849,0.269291359797412
0.624515019145817,0.000288899263825748,0.000270221355564861,0.000483035091224621,0.0219407543470971,0.124184074246927,0.269292435164173
0.624520022272771,0.00028811301925399,0.00026946023544294,0.000483041966437419,0.0219409394475892,0.124184799831064,0.269293510536584
0.624525025399725,0.000287330055071077,0.000268702326229076,0.000483048841796979,0.0219411245504063,0.12418552542126,0.269294585914645
0.62453002852668,0.000286550352927217,0.000267947609889296,0.000483055717303308,0.0219413096555482,0.124186251017514,0.269295661298357
0.624535031653634,0.000285773894743763,0.000267196068515985,0.000483062592956408,0.0219414947630151,0.124186976619827,0.269296736687718
0.624540034780588,0.000285000662441801,0.000266447684326951,0.000483069468756284,0.021941679872807,0.124187702228199,0.26929781208273
0.624545037907543,0.00028423063795817,0.000265702439664244,0.000483076344702941,0.0219418649849238,0.12418842784263,0.269298887483392
0.624550041034497,0.000283463803629546,0.00026496031699323,0.000483083220796382,0.0219420500993658,0.12418915346312,0.269299962889705
0.624555044161451,0.000282700141605886,0.000264221298901508,0.000483090097036611,0.0219422352161328,0.124189879089669,0.269301038301668
0.624560047288406,0.000281939634538919,0.000263485368097846,0.000483096973423633,0.0219424203352249,0.124190604722276,0.269302113719281
0.62456505041536,0.000281182264750544,0.000262752507411276,0.000483103849957452,0.0219426054566422,0.124191330360943,0.269303189142545
0.624570053542315,0.000280428015078286,0.000262022699789968,0.000483110726638072,0.0219427905803848,0.124192056005669,0.269304264571459
0.624575056669269,0.000279676868299277,0.000261295928300369,0.000483117603465497,0.0219429757064525,0.124192781656455,0.269305340006024
0.624580059796223,0.000278928807172167,0.000260572176126087,0.000483124480439732,0.0219431608348456,0.1241935073133,0.269306415446239
0.624585062923178,0.000278183814944316,0.000259851426567035,0.00048313135756078,0.021943345965564,0.124194232976204,0.269307490892104
0.624590066050132,0.000277441874575428,0.00025913366303842,0.000483138234828646,0.0219435310986077,0.124194958645167,0.269308566343621
0.624595069177086,0.000276702969491965,0.000258418869069738,0.000483145112243334,0.0219437162339769,0.12419568432019,0.269309641800788
0.624600072304041,0.000275967082869598,0.000257707028303945,0.000483151989804848,0.0219439013716714,0.124196410001273,0.269310717263605
0.624605075430995,0.000275234198422591,0.000256998124496392,0.000483158867513193,0.0219440865116915,0.124197135688416,0.269311792732074
0.624610078557949,0.000274504299643143,0.000256292141514025,0.000483165745368372,0.0219442716540371,0.124197861381618,0.269312868206192
0.624615081684904,0.000273777370319771,0.000255589063334344,0.00048317262337039,0.0219444567987082,0.124198587080879,0.269313943685962
0.624620084811858,0.000273053394066861,0.000254888874044599,0.00048317950151925,0.021944641945705,0.124199312786201,0.269315019171383
0.624625087938812,0.000272332355064535,0.00025419155784085,0.000483186379814958,0.0219448270950273,0.124200038497583,0.269316094662454
0.624630091065767,0.000271614237306552,0.000253497099027021,0.000483193258257517,0.0219450122466754,0.124200764215024,0.269317170159176
0.624635094192721,0.000270899024773489,0.000252805482014134,0.000483200136846931,0.0219451974006491,0.124201489938526,0.269318245661549
0.624640097319675,0.000270186702015257,0.000252116691319302,0.000483207015583205,0.0219453825569486,0.124202215668087,0.269319321169573
0.62464510044663,0.000269477253245385,0.000251430711564994,0.000483213894466342,0.0219455677155739,0.124202941403709,0.269320396683248
0.624650103573584,0.00026877066288532,0.000250747527478049,0.000483220773496348,0.021945752876525,0.124203667145391,0.269321472202574
0.624655106700538,0.000268066915592628,0.00025006712388895,0.000483227652673225,0.021945938039802,0.124204392893134,0.269322547727551
0.624660109827493,0.000267365996012299,0.00024938948573086,0.000483234531996979,0.0219461232054049,0.124205118646937,0.269323623258179
0.624665112954447,0.000266667889025099,0.000248714598038897,0.000483241411467613,0.0219463083733337,0.1242058444068,0.269324698794458
0.624670116081401,0.000265972579394231,0.000248042445949257,0.000483248291085132,0.0219464935435885,0.124206570172723,0.269325774336388
0.624675119208356,0.000265280052139986,0.000247373014698359,0.00048325517084954,0.0219466787161693,0.124207295944707,0.269326849883969
0.62468012233531,0.000264590292431044,0.00024670628962213,0.000483262050760841,0.0219468638910762,0.124208021722752,0.269327925437202
0.624685125462265,0.000263903285446015,0.00024604225615509,0.000483268930819039,0.0219470490683092,0.124208747506858,0.269329000996085
0.624690128589219,0.000263219016439657,0.000245380899829673,0.000483275811024138,0.0219472342478683,0.124209473297024,0.26933007656062
0.624695131716173,0.000262537470842146,0.000244722206275321,0.000483282691376143,0.0219474194297536,0.124210199093251,0.269331152130806
0.624700134843128,0.000261858634003964,0.000244066161217807,0.000483289571875058,0.0219476046139651,0.124210924895538,0.269332227706644
0.624705137970082,0.000261182491750504,0.000243412750478417,0.000483296452520887,0.0219477898005029,0.124211650703887,0.269333303288133
0.624710141097036,0.000260509029462887,0.000242761959973141,0.000483303333313634,0.021947974989367,0.124212376518297,0.269334378875273
0.624715144223991,0.000259838233188427,0.000242113775712017,0.000483310214253303,0.0219481601805573,0.124213102338768,0.269335454468065
0.624720147350945,0.000259170088639631,0.000241468183798261,0.000483317095339898,0.0219483453740741,0.1242138281653,0.269336530066507
0.624725150477899,0.000258504581776152,0.000240825170427643,0.000483323976573424,0.0219485305699172,0.124214553997893,0.269337605670602
0.624730153604854,0.000257841698743616,0.000240184721887627,0.000483330857953886,0.0219487157680868,0.124215279836547,0.269338681280348
0.624735156731808,0.000257181425636454,0.000239546824556759,0.000483337739481286,0.0219489009685829,0.124216005681263,0.269339756895745
0.624740159858762,0.00025652374877214,0.000238911464903831,0.000483344621155629,0.0219490861714055,0.12421673153204,0.269340832516794
0.624745162985717,0.000255868654376162,0.000238278629487258,0.00048335150297692,0.0219492713765547,0.124217457388878,0.269341908143495
0.624750166112671,0.000255216128821003,0.000237648304954328,0.000483358384945162,0.0219494565840304,0.124218183251778,0.269342983775847
0.624755169239625,0.000254566158878767,0.000237020478040454,0.00048336526706036,0.0219496417938329,0.12421890912074,0.269344059413851
0.62476017236658,0.000253918730859271,0.000236395135568579,0.000483372149322518,0.0219498270059619,0.124219634995763,0.269345135057507
0.624765175493534,0.000253273831570988,0.000235772264448364,0.00048337903173164,0.0219500122204177,0.124220360876848,0.269346210706814
0.624770178620488,0.000252631447834877,0.000235151851675625,0.00048338591428773,0.0219501974372003,0.124221086763994,0.269347286361773
0.624775181747443,0.000251991566404089,0.000234533884331536,0.000483392796990793,0.0219503826563096,0.124221812657203,0.269348362022384
0.624780184874397,0.000251354174348928,0.000233918349582056,0.000483399679840832,0.0219505678777458,0.124222538556473,0.269349437688647
0.624785188001351,0.000250719258566914,0.000233305234677222,0.000483406562837853,0.0219507531015089,0.124223264461805,0.269350513360562
0.624790191128306,0.000250086806213282,0.000232694526950448,0.000483413445981858,0.0219509383275988,0.124223990373199,0.269351589038128
0.62479519425526,0.000249456804550753,0.000232086213817964,0.000483420329272853,0.0219511235560157,0.124224716290656,0.269352664721346
0.624800197382214,0.000248829240873384,0.000231480282778062,0.000483427212710841,0.0219513087867596,0.124225442214174,0.269353740410217
0.624805200509169,0.000248204102502097,0.000230876721410563,0.000483434096295826,0.0219514940198305,0.124226168143755,0.269354816104739
0.624810203636123,0.000247581376773884,0.000230275517376069,0.000483440980027814,0.0219516792552285,0.124226894079398,0.269355891804913
0.624815206763078,0.000246961051321202,0.000229676658415429,0.000483447863906807,0.0219518644929536,0.124227620021103,0.26935696751074
0.624820209890032,0.000246343113844593,0.000229080132349074,0.00048345474793281,0.0219520497330058,0.124228345968871,0.269358043222218
0.624825213016986,0.000245727551875222,0.000228485927076358,0.000483461632105828,0.0219522349753852,0.124229071922701,0.269359118939349
0.624830216143941,0.000245114353392509,0.000227894030575036,0.000483468516425865,0.0219524202200919,0.124229797882593,0.269360194662132
0.624835219270895,0.000244503506009558,0.000227304430900554,0.000483475400892924,0.0219526054671258,0.124230523848548,0.269361270390567
0.624840222397849,0.000243894997781256,0.000226717116185547,0.00048348228550701,0.0219527907164869,0.124231249820566,0.269362346124654
0.624845225524804,0.00024328881662258,0.00022613207463914,0.000483489170268127,0.0219529759681754,0.124231975798647,0.269363421864393
0.624850228651758,0.00024268495065771,0.000225549294546461,0.000483496055176279,0.0219531612221913,0.12423270178279,0.269364497609785
0.624855231778712,0.000242083388130664,0.000224968764267949,0.000483502940231471,0.0219533464785346,0.124233427772996,0.269365573360829
0.624860234905667,0.000241484117182866,0.000224390472238866,0.000483509825433706,0.0219535317372054,0.124234153769265,0.269366649117525
0.624865238032621,0.000240887126067095,0.00022381440696868,0.000483516710782989,0.0219537169982036,0.124234879771598,0.269367724879874
0.624870241159575,0.000240292403313055,0.000223240557040457,0.000483523596279324,0.0219539022615294,0.124235605779993,0.269368800647875
0.62487524428653,0.00023969993725866,0.000222668911110387,0.000483530481922716,0.0219540875271827,0.124236331794451,0.269369876421528
0.624880247413484,0.000239109716521626,0.000222099457907118,0.000483537367713168,0.0219542727951637,0.124237057814972,0.269370952200834
0.624885250540438,0.000238521729646155,0.000221532186231304,0.000483544253650684,0.0219544580654723,0.124237783841557,0.269372027985793
0.624890253667393,0.000237935965243026,0.000220967084954953,0.000483551139735269,0.0219546433381085,0.124238509874204,0.269373103776404
0.624895256794347,0.000237352412230944,0.00022040414302097,0.000483558025966927,0.0219548286130725,0.124239235912916,0.269374179572668
0.624900259921301,0.000236771059311112,0.00021984334944258,0.000483564912345662,0.0219550138903643,0.12423996195769,0.269375255374584
0.624905263048256,0.000236191895462036,0.000219284693302749,0.000483571798871479,0.0219551991699838,0.124240688008528,0.269376331182153
0.62491026617521,0.000235614909508346,0.000218728163753749,0.000483578685544381,0.0219553844519312,0.12424141406543,0.269377406995374
0.624915269302164,0.000235040090570348,0.000218173750016524,0.000483585572364373,0.0219555697362065,0.124242140128395,0.269378482814248
0.624920272429119,0.000234467427683425,0.000217621441380271,0.000483592459331458,0.0219557550228097,0.124242866197424,0.269379558638775
0.624925275556073,0.000233896910163683,0.000217071227201824,0.000483599346445642,0.0219559403117408,0.124243592272517,0.269380634468955
0.624930278683027,0.00023332852703791,0.00021652309690524,0.000483606233706928,0.0219561256029999,0.124244318353673,0.269381710304788
0.624935281809982,0.000232762267764772,0.000215977039981191,0.00048361312111532,0.0219563108965871,0.124245044440894,0.269382786146273
0.624940284936936,0.000232198121719561,0.000215433045986548,0.000483620008670823,0.0219564961925023,0.124245770534178,0.269383861993411
0.62494528806389,0.00023163607817885,0.000214891104543845,0.000483626896373441,0.0219566814907456,0.124246496633526,0.269384937846202
0.624950291190845,0.000231076126846418,0.000214351205340747,0.000483633784223178,0.0219568667913171,0.124247222738938,0.269386013704646
0.624955294317799,0.000230518257140284,0.000213813338129643,0.000483640672220038,0.0219570520942168,0.124247948850415,0.269387089568743
0.624960297444754,0.000229962458696205,0.000213277492727068,0.000483647560364025,0.0219572373994447,0.124248674967955,0.269388165438493
0.624965300571708,0.000229408721306725,0.000212743659013311,0.000483654448655144,0.0219574227070008,0.12424940109156,0.269389241313896
0.624970303698662,0.000228857034729905,0.000212211826931847,0.000483661337093399,0.0219576080168853,0.124250127221229,0.269390317194952
0.625049567985448,0.000220382416048646,0.000204045347238696,0.0004837704899059,0.0219605441826687,0.124261632065934,0.269407363078262
0.626412914961346,0.000127055411270785,0.000114625188232251,0.00048565371733157,0.0220111379068413,0.124459754077438,0.26970077475782
0.627776261937244,8.33825827841404e-05,7.33015886522701e-05,0.000487547960978977,0.0220619053551895,0.124658327772842,0.269994606907875
0.629139608913142,5.93911515449452e-05,5.08765501669597e-05,0.000489453306923264,0.0221128473178374,0.124857354450763,0.270288860187316
0.63050295588904,4.47609272556963e-05,3.7364263748573e-05,0.000491369842081763,0.0221639645893705,0.12505683541417,0.270583535255854
0.631866302864939,3.51581026800413e-05,2.85986958043624e-05,0.000493297654223905,0.0222152579688652,0.125256771970394,0.27087863277402
0.633229649840837,2.85008135129559e-05,2.25913719689901e-05,0.000495236831981258,0.0222667282599194,0.125457165431149,0.271174153403158
0.634592996816735,2.36863469374155e-05,1.82956797807741e-05,0.000497187464857711,0.0223183762706831,0.125658017112547,0.271470097805433
0.635956343792633,2.00854958418723e-05,1.51181392700274e-05,0.000499149643239793,0.0223702028138887,0.125859328335112,0.271766466643823
0.637319690768531,1.7317533192088e-05,1.27018532637097e-05,0.000501123458407139,0.0224222087068825,0.126061100423795,0.272063260582123
0.638683037744429,1.51408720612669e-05,1.08217378423831e-05,0.000503109002543096,0.0224743947716552,0.126263334707997,0.27236048028494
0.640046384720327,1.33960715181151e-05,9.33014246145025e-06,0.000505106368745483,0.0225267618348741,0.126466032521575,0.272658126417694
0.641409731696226,1.19743685999474e-05,8.12695158803108e-06,0.000507115651037493,0.0225793107279143,0.126669195202867,0.272956199646618
0.642773078672124,1.07994486061208e-05,7.14233655648696e-06,0.000509136944378751,0.0226320422868906,0.126872824094704,0.273254700638754
0.644136425648022,9.81644496011524e-06,6.32639080082651e-06,0.000511170344676531,0.02268495735269,0.127076920544427,0.273553630061955
0.64549977262392,8.98506470120112e-06,5.64267905695097e-06,0.000513215948797119,0.022738056771004,0.127281485903903,0.273852988584882
0.646863119599818,8.27515933414714e-06,5.06409819133349e-06,0.000515273854577344,0.0227913413923612,0.127486521529543,0.274152776877003
0.648226466575716,7.66379384302474e-06,4.57014923257622e-06,0.000517344160836271,0.0228448120721604,0.127692028782316,0.274452995608593
0.649589813551614,7.13326065651372e-06,4.14509637005782e-06,0.000519426967387052,0.0228984696707037,0.127898009027768,0.274753645450734
0.650953160527513,6.66970521460561e-06,3.77669801497284e-06,0.00052152237504895,0.02295231505323,0.128104463636039,0.275054727075308
0.652316507503411,6.26215662520749e-06,3.45531543400003e-06,0.000523630485659533,0.0230063490899489,0.128311393981875,0.275356241155004
0.653679854479309,5.90183223600605e-06,3.17327581156953e-06,0.000525751402087036,0.0230605726560743,0.128518801444651,0.275658188363311
0.655043201455207,5.5816309395785e-06,2.92441000467833e-06,0.000527885228242904,0.0231149866318593,0.128726687408383,0.275960569374519
0.656406548431105,5.29575873298145e-06,2.70371230353964e-06,0.000530032069094508,0.02316959190263,0.128935053261747,0.276263384863717
0.657769895407003,5.03944842775692e-06,2.50708673643054e-06,0.00053219203067805,0.023224389358821,0.129143900398097,0.276566635506794
0.659133242382901,4.80874732496793e-06,2.33115564494276e-06,0.00053436522011164,0.02327937989601,0.129353230215479,0.276870321980433
0.6604965893588,4.60035461193368e-06,2.17311365501282e-06,0.000536551745608576,0.0233345644149536,0.12956304411665,0.277174444962115
0.661859936334698,4.41149556738495e-06,2.03061514456285e-06,0.000538751716490798,0.0233899438216226,0.129773343509094,0.277479005130114
0.663223283310596,4.23982333349175e-06,1.9016867058715e-06,0.000540965243202549,0.0234455190272381,0.129984129805042,0.2777840031635
0.664586630286494,4.08334153218272e-06,1.78465845358237e-06,0.000543192437324222,0.0235012909483076,0.130195404421484,0.278089439742131
0.665949977262392,3.94034281347744e-06,1.67810968022987e-06,0.000545433411586416,0.0235572605066619,0.130407168780192,0.278395315546658
0.66731332423829,3.80935967871278e-06,1.58082553391258e-06,0.000547688279884188,0.0236134286294914,0.130619424307733,0.27870163125852
0.668676671214188,3.6891248468627e-06,1.49176223534879e-06,0.000549957157291516,0.0236697962493835,0.130832172435488,0.279008387559945
0.670040018190086,3.578539098584e-06,1.41001896343529e-06,0.000552240160075967,0.0237263643043601,0.13104541459967,0.279315585133946
0.671403365165985,3.47664502187001e-06,1.33481498723652e-06,0.000554537405713585,0.0237831337379149,0.131259152241342,0.279623224664321
0.672766712141883,3.38260544864472e-06,1.26547095462128e-06,0.000556849012903993,0.0238401054990518,0.13147338680643,0.279931306835654
0.674130059117781,3.29568564676071e-06,1.20139349597103e-06,0.000559175101585709,0.023897280542323,0.131688119745749,0.280239832333307
0.675493406093679,3.21523853264966e-06,1.14206248833086e-06,0.000561515792951702,0.0239546598278678,0.131903352515011,0.280548801843427
0.676856753069577,3.14069233364658e-06,1.087020467293e-06,0.000563871209465157,0.0240122443214512,0.132119086574852,0.280858216052936
0.678220100045475,3.07154024260504e-06,1.03586378244114e-06,0.000566241474875487,0.0240700349945035,0.132335323390841,0.281168075649537
0.679583447021373,3.00733170629726e-06,9.88235175780366e-07,0.000568626714234576,0.0241280328241597,0.132552064433506,0.281478381321707
0.680946793997272,2.94766505616494e-06,9.43817527394421e-07,0.000571027053913254,0.0241862387932993,0.132769311178346,0.2817891337587
0.68231014097317,2.89218125043122e-06,9.02328563147966e-07,0.000573442621618029,0.0242446538905866,0.132987065105853,0.282100333650539
0.683673487949068,2.84055853858298e-06,8.63516358954366e-07,0.00057587354640806,0.0243032791105113,0.133205327701525,0.282411981688022
0.685036834924966,2.79250789602227e-06,8.27155507476067e-07,0.000578319958712379,0.0243621154534292,0.133424100455891,0.282724078562716
0.686400181900864,2.74776910321388e-06,7.93043838009795e-07,0.000580781990347374,0.0244211639256035,0.133643384864523,0.283036624966955
0.687763528876762,2.70610736727073e-06,7.6099960016787e-07,0.000583259774534538,0.0244804255392461,0.133863182428059,0.283349621593841
0.68912687585266,2.66731040203703e-06,7.30859037894504e-07,0.000585753445918466,0.0245399013125598,0.134083494652216,0.283663069137239
0.690490222828558,2.63118589499471e-06,7.02474293191384e-07,0.000588263140585143,0.0245995922697804,0.134304323047814,0.283976968291779
0.691853569804457,2.59755930551039e-06,6.75711589318066e-07,0.000590788996080491,0.0246594994412189,0.134525669130792,0.284291319752853
0.693216916780355,2.5662719436303e-06,6.50449651681951e-07,0.000593331151429202,0.0247196238633049,0.134747534422223,0.284606124216609
0.694580263756253,2.53717929016591e-06,6.26578331531823e-07,0.000595889747153852,0.0247799665786295,0.134969920448341,0.284921382379957
0.695943610732151,2.51014952356456e-06,6.03997403225386e-07,0.000598464925294307,0.0248405286359889,0.135192828740549,0.285237094940562
0.697306957708049,2.48506222512303e-06,5.82615510496527e-07,0.000601056829427422,0.0249013110904287,0.135416260835448,0.285553262596843
0.698670304683947,2.46180723766118e-06,5.62349240994007e-07,0.000603665604687033,0.0249623150032876,0.135640218274848,0.285869886047971
0.700033651659845,2.4402836574666e-06,5.43122311551839e-07,0.000606291397784265,0.0250235414422427,0.13586470260579,0.286186965993868
0.701396998635744,2.42039894236726e-06,5.24864849304367e-07,0.000608934357028134,0.0250849914813541,0.136089715380566,0.286504503135207
0.702760345611642,2.40206811993526e-06,5.07512755973413e-07,0.000611594632346483,0.0251466662011106,0.136315258156735,0.286822498173405
0.70412369258754,2.38521308370298e-06,4.91007144509218e-07,0.000614272375307218,0.0252085666884751,0.136541332497145,0.287140951810625
0.705487039563438,2.3697619663423e-06,4.75293838824546e-07,0.000616967739139886,0.0252706940369313,0.136767939969948,0.287459864749775
0.706850386539336,2.35564858017572e-06,4.6032292867376e-07,0.000619680878757573,0.0253330493465298,0.136995082148623,0.287779237694502
0.708213733515234,2.34281191681098e-06,4.46048372837617e-07,0.000622411950779152,0.0253956337239351,0.137222760611996,0.288099071349193
0.709577080491132,2.33119569887147e-06,4.32427644714206e-07,0.000625161113551859,0.0254584482824731,0.137450976944254,0.288419366418973
0.710940427467031,2.32074797812231e-06,4.19421415214812e-07,0.000627928527174234,0.0255214941421787,0.137679732734969,0.2887401236097
0.712303774442929,2.31142077367255e-06,4.06993268543621e-07,0.000630714353519407,0.0255847724298438,0.137909029579114,0.289061343627967
0.713667121418827,2.30316974662461e-06,3.95109447021009e-07,0.000633518756258748,0.0256482842790658,0.138138869077086,0.289383027181099
0.715030468394725,2.29595390673614e-06,3.83738621607404e-07,0.000636341900885892,0.0257120308302968,0.138369252834724,0.289705174977148
0.716393815370623,2.2897353472834e-06,3.72851685211493e-07,0.000639183954741131,0.0257760132308925,0.138600182463325,0.290027787724893
0.717757162346521,2.28447900541196e-06,3.62421566233554e-07,0.000642045087036191,0.025840232635162,0.138831659579672,0.290350866133839
0.719120509322419,2.28015244522239e-06,3.52423060111163e-07,0.0006449254688794,0.0259046902044183,0.139063685806043,0.290674410914214
0.720483856298317,2.276725660926e-06,3.42832676907906e-07,0.000647825273301245,0.0259693871070285,0.13929626277024,0.290998422776964
0.721847203274216,2.27417089815209e-06,3.33628503222403e-07,0.000650744675280341,0.0260343245184645,0.139529392105605,0.291322902433755
0.723210550250114,2.27246249143347e-06,3.24790076900303e-07,0.000653683851769803,0.026099503621355,0.139763075451037,0.291647850596969
0.724573897226012,2.27157671661681e-06,3.16298273210428e-07,0.000656642981724035,0.0261649256055372,0.139997314451018,0.291973267979701
0.72593724420191,2.27149165577253e-06,3.08135201301674e-07,0.000659622246125949,0.0262305916681086,0.140232110755629,0.292299155295759
0.727300591177808,2.27218707473877e-06,3.00284109893001e-07,0.000662621828014615,0.02629650301348,0.140467466020571,0.292625513259658
0.728663938153706,2.2736443107576e-06,2.92729301267385e-07,0.000665641912513348,0.0263626608534288,0.140703381907185,0.292952342586621
0.730027285129604,2.27584616984757e-06,2.85456052744544e-07,0.000668682686858249,0.0264290664071523,0.140939860082471,0.293279643992575
0.731390632105503,2.27877683313454e-06,2.78450544898298e-07,0.000671744340427198,0.0264957209013218,0.141176902219113,0.293607418194149
0.732753979081401,2.28242177101647e-06,2.71699795864579e-07,0.000674827064769314,0.0265626255701374,0.141414509995492,0.293935665908673
0.734117326057299,2.28676766429663e-06,2.65191601156558e-07,0.000677931053634891,0.0266297816553822,0.141652685095714,0.294264387854172
0.735480673033197,2.29180233223846e-06,2.58914478465489e-07,0.000681056503005815,0.0266971904064786,0.141891429209623,0.294593584749368
0.736844020009095,2.29751466633006e-06,2.5285761698081e-07,0.000684203611126468,0.0267648530805436,0.14213074403283,0.294923257313674
0.738207366984993,2.30389456922481e-06,2.47010830811509e-07,0.000687372578535142,0.0268327709424451,0.142370631266724,0.295253406267193
0.739570713960891,2.31093289925936e-06,2.41364516133801e-07,0.000690563608095951,0.0269009452648593,0.142611092618501,0.295584032330714
0.740934060936789,2.31862141893431e-06,2.35909611728275e-07,0.000693776905031274,0.0269693773283273,0.14285212980118,0.295915136225713
0.742297407912688,2.3269527476379e-06,2.30637562603535e-07,0.000697012676954717,0.0270380684213135,0.143093744533626,0.296246718674348
0.743660754888586,2.33592031833225e-06,2.25540286433508e-07,0.000700271133904621,0.0271070198402634,0.143335938540567,0.296578780399453
0.745024101864484,2.3455183377052e-06,2.20610142562407e-07,0.000703552488378114,0.0271762328896626,0.143578713552623,0.296911322124543
0.746387448840382,2.35574174909947e-06,2.15839903355284e-07,0.000706856955365724,0.0272457088820961,0.143822071306317,0.297244344573806
0.74775079581628,2.36658619887419e-06,2.1122272769349e-07,0.000710184752386563,0.0273154491383081,0.144066013544103,0.297577848472099
0.749114142792178,2.37804800530977e-06,2.06752136433446e-07,0.00071353609952409,0.0273854549872621,0.144310542014385,0.297911834544951
0.750477489768076,2.39012412977367e-06,2.02421989664274e-07,0.000716911219462463,0.027455727766202,0.144555658471538,0.298246303518555
0.751840836743975,2.40281215041709e-06,1.98226465615146e-07,0.0007203103375235,0.0275262688207131,0.144801364675929,0.298581256119769
0.753204183719873,2.41611023804748e-06,1.94160041077009e-07,0.000723733681704247,0.0275970795047841,0.145047662393939,0.298916693076109
0.754567530695771,2.43001713362519e-06,1.90217473215663e-07,0.000727181482715175,0.0276681611808698,0.145294553397986,0.29925261511575
0.755930877671669,2.44453212788679e-06,1.8639378266435e-07,0.000730653974019017,0.0277395152199533,0.14554203946654,0.299589022967522
0.757294224647567,2.45965504255005e-06,1.82684237793985e-07,0.000734151391870248,0.02781114300161,0.145790122384154,0.299925917360906
0.758657571623465,2.47538621309919e-06,1.79084340068217e-07,0.000737673975355235,0.0278830459140717,0.146038803941477,0.300263299026032
0.760020918599363,2.49172647301981e-06,1.75589810398647e-07,0.000741221966433056,0.0279552253542904,0.146288085935281,0.300601168693677
0.761384265575262,2.50867713924672e-06,1.72196576422895e-07,0.000744795609977013,0.0280276827280045,0.146537970168481,0.30093952709526
0.76274761255116,2.52623999922724e-06,1.68900760634873e-07,0.000748395153816838,0.0281004194498034,0.146788458450157,0.301278374962839
0.764110959527058,2.54441729874842e-06,1.6569866930263e-07,0.000752020848781621,0.0281734369431944,0.147039552595573,0.301617713029112
0.765474306502956,2.56321173108754e-06,1.62586782114618e-07,0.000755672948743464,0.0282467366406694,0.147291254426204,0.301957542027407
0.766837653478854,2.58262642728507e-06,1.59561742500164e-07,0.000759351710661881,0.028320319983772,0.147543565769755,0.302297862691687
0.768201000454752,2.60266494725516e-06,1.56620348574444e-07,0.000763057394628946,0.0283941884231659,0.147796488460184,0.302638675756538
0.76956434743065,2.62333127173393e-06,1.5375954466232e-07,0.000766790263915224,0.028468343418703,0.148050024337721,0.302979981957175
0.770927694406549,2.64462979524914e-06,1.50976413359148e-07,0.000770550585016487,0.0285427864394928,0.148304175248896,0.303321782029431
0.772291041382447,2.66656531979704e-06,1.48268168090013e-07,0.000774338627701224,0.0286175189639723,0.148558943046556,0.303664076709759
0.773654388358345,2.68914304930335e-06,1.45632146131958e-07,0.000778154665058983,0.028692542479976,0.148814329589888,0.304006866735225
0.775017735334243,2.71236858492349e-06,1.43065802066564e-07,0.000781998973549536,0.0287678584848071,0.149070336744447,0.30435015284351
0.776381082310141,2.73624792095232e-06,1.40566701632826e-07,0.000785871833052904,0.028843468485309,0.149326966382168,0.304693935772899
0.777744429286039,2.76078744110092e-06,1.3813251595258e-07,0.000789773526920241,0.0289193739979375,0.1495842203814,0.305038216262286
0.779107776261937,2.78599391595577e-06,1.35761016102912e-07,0.000793704342025614,0.0289955765488339,0.14984210062692,0.305382995051163
0.780471123237835,2.81187450055308e-06,1.3345006801192e-07,0.000797664568818678,0.029072077673898,0.150100609009959,0.305728272879623
0.781834470213734,2.83843673272017e-06,1.31197627655999e-07,0.000801654501378272,0.0291488789188627,0.150359747428224,0.306074050488353
0.783197817189632,2.86568853201781e-06,1.29001736538458e-07,0.00080567443746696,0.0292259818393684,0.150619517785923,0.306420328618629
0.78456116416553,2.89363819904425e-06,1.26860517430801e-07,0.000809724678586528,0.0293033880010387,0.150879921993784,0.30676710801232
0.785924511141428,2.92229441529891e-06,1.24772170359371e-07,0.000813805530034453,0.0293810989795563,0.15114096196908,0.307114389411873
0.787287858117326,2.95166624355392e-06,1.22734968821331e-07,0.00081791730096138,0.02945911636074,0.151402639635653,0.307462173560321
0.788651205093224,2.98176312867611e-06,1.2074725621513e-07,0.000822060304429604,0.0295374417406218,0.151664956923935,0.307810461201272
0.790014552069122,3.01259489889661e-06,1.18807442471672e-07,0.000826234857472604,0.0296160767255252,0.15192791577097,0.308159253078906
0.791377899045021,3.04417176747461e-06,1.1691400087339e-07,0.000830441281155623,0.0296950229321442,0.152191518120442,0.308508549937976
0.792741246020919,3.07650433500752e-06,1.15065465049343e-07,0.000834679900637337,0.0297742819876225,0.152455765922693,0.308858352523799
0.794104592996817,3.10960359163677e-06,1.13260426135296e-07,0.000838951045232624,0.0298538555296337,0.15272066113475,0.309208661582256
0.795467939972715,3.14348092025003e-06,1.11497530088503e-07,0.000843255048476461,0.0299337452064624,0.152986205720346,0.309559477859785
0.796831286948613,3.17814809982596e-06,1.0977547514764e-07,0.000847592248188967,0.030013952677086,0.153252401649942,0.309910802103381
0.798194633924511,3.21361730885613e-06,1.08093009428999e-07,0.000851962986541614,0.0300944796112565,0.153519250900757,0.310262635060587
0.799557980900409,3.24990112986814e-06,1.06448928650628e-07,0.00085636761012465,0.0301753276895841,0.153786755456784,0.310614977479498
0.800921327876307,3.28701255376538e-06,1.04842073976724e-07,0.000860806470015721,0.0302564986036208,0.154054917308817,0.310967830108747
0.802284674852206,3.32496498439843e-06,1.03271329975049e-07,0.000865279921849762,0.030337994055945,0.154323738454475,0.311321193697512
0.803648021828104,3.36377224411762e-06,1.01735622680653e-07,0.000869788325890139,0.0304198157602469,0.154593220898225,0.311675068995501
0.805011368804002,3.40344857922871e-06,1.00233917759631e-07,0.000874332047101113,0.0305019654414145,0.154863366651406,0.312029456752958
0.8063747157799,3.4440086659009e-06,9.87652187670531e-08,0.000878911455221607,0.0305844448356206,0.155134177732252,0.312384357720653
0.807738062755798,3.48546761649228e-06,9.73285654935711e-08,0.000883526924840345,0.0306672556904101,0.155405656165919,0.312739772649878
0.809101409731696,3.52784098624666e-06,9.59230323956069e-08,0.000888178835472363,0.0307503997647888,0.155677803984502,0.313095702292445
0.810464756707594,3.57114478026109e-06,9.45477271043048e-08,0.000892867571636938,0.0308338788293127,0.155950623227069,0.313452147400684
0.811828103683493,3.61539546084801e-06,9.32017890087773e-08,0.000897593522936955,0.0309176946661774,0.156224115939675,0.313809108727433
0.813191450659391,3.66060995511415e-06,9.18843879094373e-08,0.000902357084139745,0.0310018490693096,0.156498284175395,0.314166587026037
0.814554797635289,3.70680566343206e-06,9.05947227374854e-08,0.000907158655259431,0.0310863438444582,0.15677312999434,0.314524583050344
0.815918144611187,3.75400046755048e-06,8.93320203368619e-08,0.000911998641640803,0.0311711808092872,0.15704865546369,0.314883097554703
0.817281491587085,3.80221273948731e-06,8.80955343052068e-08,0.000916877454044768,0.0312563617934688,0.15732486265771,0.315242131293953
0.818644838562983,3.85146135072978e-06,8.68845438905818e-08,0.000921795508735395,0.0313418886387775,0.15760175365778,0.315601685023424
0.820008185538881,3.90176568183259e-06,8.56983529409105e-08,0.000926753227568603,0.0314277631991851,0.157879330552417,0.315961759498933
0.821371532514779,3.95314563209692e-06,8.45362889032768e-08,0.000931751038082513,0.0315139873409566,0.158157595437301,0.316322355476776
0.822734879490678,4.00562163020544e-06,8.33977018703956e-08,0.000936789373589513,0.0316005629427472,0.158436550415298,0.316683473713726
0.824098226466576,4.05921464485368e-06,8.22819636717318e-08,0.000941868673270065,0.0316874918956991,0.158716197596485,0.317045114967029
0.825461573442474,4.1139461955071e-06,8.11884670068929e-08,0.000946989382268293,0.0317747761035409,0.158996539098177,0.317407279994396
0.826824920418372,4.16983836413842e-06,8.01166246190652e-08,0.000952151951789399,0.0318624174826863,0.159277577044949,0.317769969554004
0.82818826739427,4.22691380720337e-06,7.90658685063908e-08,0.000957356839198927,0.0319504179623349,0.15955931356866,0.318133184404485
0.829551614370168,4.28519576735886e-06,7.80356491693086e-08,0.000962604508123942,0.0320387794845729,0.159841750808484,0.318496925304928
0.830914961346066,4.34470808697315e-06,7.70254348919983e-08,0.000967895428556141,0.0321275040044756,0.160124890910926,0.318861193014866
0.832278308321965,4.40547522065499e-06,7.60347110561703e-08,0.00097323007695696,0.0322165934902102,0.160408736029855,0.319225988294282
0.833641655297863,4.46752224889206e-06,7.50629794855507e-08,0.000978608936364702,0.03230604992314,0.160693288326524,0.319591311903595
0.835005002273761,4.53087489220711e-06,7.41097578195007e-08,0.000984032496503746,0.0323958752979291,0.160978549969599,0.319957164603659
0.836368349249659,4.59555952546878e-06,7.31745789142996e-08,0.000989501253895873,0.0324860716226485,0.16126452313518,0.320323547155758
0.837731696225557,4.66160319260637e-06,7.22569902707055e-08,0.000995015711973761,0.032576640918883,0.161551210006829,0.3206904603216
0.839095043201455,4.72903362250969e-06,7.13565534864819e-08,0.0010005763811967,0.0326675852218387,0.161838612775597,0.321057904863316
0.840458390177353,4.7978792444664e-06,7.04728437326551e-08,0.00100618377916855,0.0327589065804525,0.162126733640042,0.321425881543448
0.841821737153252,4.86816920433523e-06,6.96054492523326e-08,0.00101183843075808,0.0328506070575011,0.162415574806266,0.321794391124952
0.84318508412915,4.93993338193e-06,6.87539708809807e-08,0.00101754086822158,0.0329426887297126,0.16270513848793,0.322163434371185
0.844548431105048,5.01320240788806e-06,6.79180215871148e-08,0.00102329163132797,0.0330351536878781,0.162995426906284,0.322533012045906
0.845911778080946,5.08800768169176e-06,6.70972260324178e-08,0.00102909126748637,0.0331280040369645,0.163286442290194,0.32290312491327
0.847275125056844,5.16438139015672e-06,6.62912201503532e-08,0.00103494033187617,0.0332212418962287,0.163578186876164,0.323273773737819
0.848638472032742,5.24235652653142e-06,6.54996507423879e-08,0.00104083938757974,0.0333148693993323,0.163870662908366,0.323644959284481
0.85000181900864,5.32196690968304e-06,6.47221750909897e-08,0.00104678900571776,0.0334088886944579,0.164163872638662,0.324016682318563
0.851365165984538,5.40324720450276e-06,6.39584605886083e-08,0.00105278976558725,0.0335033019444264,0.164457818326631,0.324388943605746
0.852728512960437,5.48623294246383e-06,6.3208184381888e-08,0.00105884225480243,0.033598111326815,0.164752502239596,0.324761743912078
0.854091859936335,5.57096054302231e-06,6.24710330304041e-08,0.00106494706943833,0.0336933190340764,0.165047926652649,0.325135084003973
0.855455206912233,5.65746733564754e-06,6.17467021792464e-08,0.00107110481417736,0.0337889272736596,0.165344093848678,0.325508964648199
0.856818553888131,5.74579158249178e-06,6.10348962448148e-08,0.00107731610245887,0.0338849382681316,0.165641006118392,0.325883386611881
0.858181900864029,5.83597250138386e-06,6.03353281132175e-08,0.00108358155663167,0.0339813542552993,0.165938665760346,0.326258350662486
0.859545247839927,5.92805028995693e-06,5.96477188507007e-08,0.00108990180810975,0.0340781774883344,0.166237075080971,0.326633857567826
0.860908594815825,6.02206615032918e-06,5.89717974255621e-08,0.00109627749753108,0.0341754102358977,0.166536236394596,0.327009908096046
0.862271941791724,6.11806231445418e-06,5.8307300441032e-08,0.00110270927491979,0.0342730547822655,0.166836152023478,0.327386503015623
0.863635288767622,6.2160820705373e-06,5.76539718786294e-08,0.00110919779985156,0.0343711134274572,0.167136824297824,0.327763643095358
0.86499863574352,6.31616978925677e-06,5.70115628515272e-08,0.0011157437416225,0.0344695884873632,0.167438255555821,0.328141329104369
0.866361982719418,6.41837095211494e-06,5.63798313674822e-08,0.0011223477794215,0.0345684822938757,0.167740448143664,0.328519561812088
0.867725329695316,6.52273217952578e-06,5.57585421009088e-08,0.00112901060250613,0.0346677971950186,0.168043404415575,0.328898341988256
0.869088676671214,6.6293012602454e-06,5.51474661736946e-08,0.00113573291038226,0.0347675355550806,0.168347126733839,0.329277670402911
0.870452023647112,6.73812718145966e-06,5.45463809443783e-08,0.00114251541298735,0.0348676997547481,0.168651617468823,0.329657547826391
0.871815370623011,6.84926016029566e-06,5.39550698053263e-08,0.00114935883087762,0.0349682921912402,0.168956878999007,0.33003797502932
0.873178717598909,6.96275167490592e-06,5.33733219875624e-08,0.00115626389541915,0.0350693152784447,0.169262913711009,0.330418952782606
0.874542064574807,7.07865449822413e-06,5.28009323729245e-08,0.00116323134898303,0.0351707714470553,0.169569723999613,0.330800481857436
0.875905411550705,7.19702273132706e-06,5.22377013132331e-08,0.00117026194514449,0.0352726631447104,0.169877312267793,0.331182563025266
0.877268758526603,7.31791183811017e-06,5.16834344561755e-08,0.00117735644888649,0.0353749928361326,0.170185680926744,0.331565197057819
0.878632105502501,7.44137868183002e-06,5.11379425776224e-08,0.00118451563680736,0.0354777630032703,0.170494832395906,0.331948384727076
0.879995452478399,7.56748156150054e-06,5.06010414201057e-08,0.00119174029733311,0.0355809761454403,0.17080476910299,0.332332126805271
0.881358799454298,7.69628024970449e-06,5.00725515372007e-08,0.00119903123093409,0.0356846347794715,0.17111549348401,0.332716424064885
0.882722146430196,7.82783603238787e-06,4.95522981435678e-08,0.00120638925034641,0.0357887414398502,0.171427007983304,0.333101277278639
0.884085493406094,7.9622117482672e-06,4.9040110970418e-08,0.00121381518079807,0.0358932986788671,0.171739315053565,0.333486687219486
0.885448840381992,8.09947183078103e-06,4.85358241261818e-08,0.00122130986023998,0.0359983090667651,0.172052417155866,0.333872654660609
0.88681218735789,8.23968235078174e-06,4.80392759621662e-08,0.00122887413958197,0.0361037751918889,0.17236631675969,0.334259180375411
0.888175534333788,8.38291106026082e-06,4.75503089429972e-08,0.00123650888293395,0.0362096996608361,0.172681016342953,0.334646265137509
0.889538881309686,8.52922743729245e-06,4.70687695216554e-08,0.00124421496785225,0.0363160850986094,0.172996518392036,0.335033909720728
0.890902228285584,8.67870273306116e-06,4.65945080189177e-08,0.00125199328559145,0.0364229341487703,0.173312825401809,0.335422114899095
0.892265575261483,8.83141001953912e-06,4.61273785070294e-08,0.0012598447413616,0.0365302494735948,0.173629939875658,0.335810881446831
0.893628922237381,8.98742423853331e-06,4.56672386974378e-08,0.00126777025459118,0.0366380337542302,0.173947864325515,0.336200210138345
0.894992269213279,9.14682225294552e-06,4.52139498324261e-08,0.00127577075919585,0.036746289690853,0.174266601271885,0.336590101748227
0.896355616189177,9.30968289902541e-06,4.47673765804931e-08,0.00128384720385308,0.0368550200028292,0.174586153243872,0.336980557051242
0.897718963165075,9.47608703975615e-06,4.43273869353318e-08,0.00129200055228296,0.0369642274288755,0.174906522779206,0.337371576822322
0.899082310140973,9.64611762063931e-06,4.38938521182662e-08,0.00130023178353514,0.0370739147272223,0.175227712424274,0.337763161836561
0.900445657116871,9.81985972686777e-06,4.34666464840115e-08,0.00130854189228234,0.0371840846757784,0.175549724734143,0.338155312869204
0.90180900409277,9.99740064172937e-06,4.30456474296284e-08,0.00131693188912026,0.0372947400722967,0.175872562272592,0.338548030695644
0.903172351068668,1.01788299079186e-05,4.263073530655e-08,0.00132540280087432,0.0374058837345424,0.176196227612136,0.338941316091415
0.904535698044566,1.0364239389318e-05,4.22217933355609e-08,0.00133395567091333,0.0375175185004623,0.176520723334057,0.339335169832181
0.905899045020464,1.05537233352729e-05,4.18187075246183e-08,0.00134259155947019,0.0376296472283555,0.17684605202843,0.339729592693734
0.907262391996362,1.07473784471081e-05,4.14213665894058e-08,0.00135131154396991,0.0377422727970464,0.177172216294149,0.340124585451982
0.90862573897226,1.09453039461874e-05,4.10296618765158e-08,0.00136011671936505,0.037855398106059,0.177499218738959,0.340520148882945
0.909989085948158,1.11476016438802e-05,4.06434872891637e-08,0.00136900819847888,0.0379690260757928,0.177827061979482,0.340916283762747
0.911352432924056,1.13543760146732e-05,4.02627392153366e-08,0.00137798711235633,0.0380831596477008,0.178155748641242,0.341312990867605
0.912715779899955,1.15657342700244e-05,3.98873164582878e-08,0.00138705461062307,0.038197801784469,0.178485281358697,0.34171027097383
0.914079126875853,1.17817864356208e-05,3.95171201692885e-08,0.0013962118618528,0.0383129554701975,0.178815662775267,0.34210812485781
0.915442473851751,1.20026454304465e-05,3.9152053782554e-08,0.00140546005394311,0.0384286237105837,0.179146895543357,0.342506553296009
0.916805820827649,1.22284271481325e-05,3.87920229522642e-08,0.00141480039449999,0.0385448095331072,0.179478982324391,0.342905557064956
0.918169167803547,1.24592505415965e-05,3.84369354916021e-08,0.00142423411123136,0.0386615159872163,0.179811925788838,0.343305136941239
0.919532514779445,1.26952377097794e-05,3.80867013137361e-08,0.00143376245234971,0.0387787461445167,0.180145728616236,0.343705293701499
0.920895861755343,1.29365139861093e-05,3.77412323746763e-08,0.00144338668698427,0.0388965030989616,0.180480393495228,0.344106028122415
0.922259208731242,1.31832080314822e-05,3.74004426179361e-08,0.00145310810560281,0.0390147899670442,0.180815923123584,0.344507340980708
0.92362255570714,1.34354519289983e-05,3.70642479209356e-08,0.00146292802044342,0.0391336098879919,0.18115232020823,0.34490923305312
0.924985902683038,1.36933812812687e-05,3.67325660430831e-08,0.00147284776595649,0.039252966023962,0.181489587465278,0.345311705116417
0.926349249658936,1.39571353123827e-05,3.64053165754758e-08,0.0014828686992572,0.0393728615602399,0.181827727620054,0.345714757947374
0.927712596634834,1.42268569715647e-05,3.60824208921619e-08,0.00149299220058881,0.039493299705439,0.182166743407125,0.346118392322773
0.929075943610732,1.45026930394815e-05,3.57638021029085e-08,0.00150321967379701,0.0396142836917029,0.182506637570327,0.346522609019387
0.93043929058663,1.47847942404564e-05,3.54493850074239e-08,0.00151355254681569,0.0397358167749089,0.182847412862797,0.34692740881398
0.931802637562528,1.50733153554434e-05,3.51390960509811e-08,0.00152399227216431,0.0398579022348743,0.183189072046995,0.347332792483293
0.933165984538427,1.53684153399194e-05,3.48328632813957e-08,0.00153454032745742,0.0399805433755642,0.183531617894737,0.34773876080404
0.934529331514325,1.56702574458167e-05,3.45306163073099e-08,0.00154519821592647,0.0401037435253018,0.183875053187223,0.348145314552894
0.935892678490223,1.59790093462623e-05,3.42322862577383e-08,0.00155596746695425,0.0402275060369806,0.184219380715064,0.348552454506488
0.937256025466121,1.62948432644877e-05,3.39378057428314e-08,0.00156684963662254,0.0403518342882785,0.18456460327831,0.348960181441394
0.938619372442019,1.66179361076682e-05,3.36471088158152e-08,0.001577846308273,0.0404767316818742,0.184910723686479,0.349368496134127
0.939982719417917,1.69484696038153e-05,3.33601309360679e-08,0.00158895909308199,0.0406022016456662,0.185257744758587,0.349777399361129
0.941346066393815,1.72866304436181e-05,3.30768089332929e-08,0.00160018963064946,0.0407282476329933,0.185605669323175,0.350186891898761
0.942709413369714,1.76326104278811e-05,3.27970809727529e-08,0.00161153958960254,0.0408548731228577,0.185954500218334,0.350596974523296
0.944072760345612,1.79866066168086e-05,3.25208865215289e-08,0.00162301066821401,0.0409820816201504,0.186304240291742,0.351007648010911
0.94543610732151,1.83488214870721e-05,3.2248166315769e-08,0.00163460459503625,0.0411098766558784,0.186654892400683,0.351418913137676
0.946799454297408,1.87194630928979e-05,3.19788623288949e-08,0.00164632312955107,0.0412382617873949,0.187006459412082,0.351830770679548
0.948162801273306,1.90987452304647e-05,3.17129177407331e-08,0.00165816806283582,0.0413672405986312,0.187358944202531,0.352243221412357
0.949526148249204,1.94868876111628e-05,3.14502769075423e-08,0.00167014121824628,0.0414968167003312,0.187712349658315,0.352656266111803
0.950889495225102,1.98841160375267e-05,3.11908853329042e-08,0.00168224445211691,0.0416269937302884,0.188066678675447,0.353069905553445
0.952252842201,2.02906625865226e-05,3.09346896394524e-08,0.00169447965447874,0.0417577753535852,0.18842193415969,0.353484140512688
0.953616189176899,2.07067657972514e-05,3.06816375414104e-08,0.00170684874979565,0.0418891652628342,0.188778119026588,0.353898971764781
0.954979536152797,2.11326708669706e-05,3.04316778179124e-08,0.00171935369771946,0.0420211671784227,0.189135236201497,0.3543144000848
0.956342883128695,2.15686298506237e-05,3.01847602870821e-08,0.00173199649386437,0.0421537848487591,0.189493288619607,0.354730426247647
0.957706230104593,2.20149018699379e-05,2.99408357808443e-08,0.00174477917060136,0.0422870220505222,0.189852279225977,0.355147051028032
0.959069577080491,2.24717533277606e-05,2.96998561204463e-08,0.00175770379787313,0.0424208825889126,0.190212210975561,0.355564275200471
0.960432924056389,2.29394581285511e-05,2.94617740926661e-08,0.00177077248403016,0.0425553702979072,0.190573086833235,0.355982099539272
0.961796271032287,2.34182979092828e-05,2.92265434266851e-08,0.00178398737668863,0.0426904890405157,0.190934909773827,0.356400524818528
0.963159618008186,2.39085622739727e-05,2.89941187716052e-08,0.00179735066361062,0.0428262427090404,0.191297682782147,0.356819551812105
0.964522964984084,2.44105490385221e-05,2.87644556745882e-08,0.00181086457360754,0.042962635225338,0.191661408853011,0.357239181293636
0.965886311959982,2.49245644842542e-05,2.85375105596e-08,0.00182453137746727,0.0430996705410843,0.192026090991274,0.357659414036506
0.96724965893588,2.54509236177644e-05,2.83132407067385e-08,0.00183835338890585,0.043237352638042,0.192391732211855,0.358080250813848
0.968613005911778,2.59899504408833e-05,2.80916042321286e-08,0.00185233296554441,0.0433756855283307,0.192758335539769,0.358501692398528
0.969976352887676,2.6541978228924e-05,2.78725600683651e-08,0.00186647250991208,0.0435146732547,0.193125904010152,0.35892373956314
0.971339699863574,2.71073498196597e-05,2.76560679454883e-08,0.00188077447047579,0.0436543198908053,0.193494440668289,0.359346393079991
0.972703046839473,2.76864179095795e-05,2.74420883724736e-08,0.00189524134269767,0.0437946295414864,0.193863948569648,0.359769653721096
0.974066393815371,2.82795453638986e-05,2.72305826192214e-08,0.00190987567012089,0.0439356063430491,0.1942344307799,0.360193522258163
0.975429740791269,2.88871055329068e-05,2.70215126990304e-08,0.00192468004548496,0.0440772544635495,0.194605890374954,0.360617999462587
0.976793087767167,2.95094825810609e-05,2.68148413515406e-08,0.00193965711187122,0.0442195781030817,0.194978330440984,0.361043086105438
0.978156434743065,3.01470718295194e-05,2.66105320261301e-08,0.0019548095638796,0.0443625814940678,0.195351754074453,0.361468782957448
0.979519781718963,3.08002801054951e-05,2.64085488657546e-08,0.00197014014883757,0.0445062689015515,0.195726164382148,0.361895090789007
0.980883128694861,3.14695261063164e-05,2.62088566912129e-08,0.00198565166804227,0.0446506446234942,0.196101564481201,0.362322010370146
0.98224647567076,3.21552407792236e-05,2.60114209858288e-08,0.00200134697803691,0.044795712991075,0.196477957499124,0.362749542470532
0.983609822646658,3.28578677068475e-05,2.5816207880534e-08,0.00201722899192253,0.0449414783689927,0.196855346573832,0.363177687859451
0.984973169622556,3.35778635130335e-05,2.56231841393423e-08,0.00203330068070611,0.0450879451557721,0.197233734853673,0.363606447305805
0.986336516598454,3.43156982786306e-05,2.54323171452021e-08,0.00204956507468647,0.0452351177840725,0.197613125497459,0.364035821578096
0.987699863574352,3.50718559720953e-05,2.52435748862164e-08,0.00206602526487882,0.0453830007210002,0.197993521674487,0.364465811444415
0.98906321055025,3.58468348974734e-05,2.50569259422199e-08,0.00208268440447945,0.0455315984684236,0.198374926564574,0.364896417672435
0.990426557526148,3.66411481578102e-05,2.48723394717009e-08,0.00209954571037183,0.0456809155632923,0.198757343358082,0.365327641029396
0.991789904502046,3.74553241292768e-05,2.4689785199061e-08,0.00211661246467531,0.0458309565779587,0.199140775255944,0.365759482282099
0.993153251477945,3.82899069611161e-05,2.45092334021991e-08,0.00213388801633795,0.0459817261205039,0.199525225469697,0.366191942196887
0.994516598453843,3.91454570857138e-05,2.43306549004133e-08,0.00215137578277491,0.0461332288350663,0.199910697221505,0.366625021539642
0.995879945429741,4.00225517489321e-05,2.41540210426095e-08,0.00216907925155379,0.046285469402174,0.200297193744189,0.367058721075771
0.997243292405639,4.09217855618162e-05,2.3979303695809e-08,0.00218700198212859,0.0464384525390805,0.200684718281253,0.36749304157019
0.998606639381537,4.18437710696088e-05,2.38064752339453e-08,0.00220514760762383,0.0465921830001041,0.201073274086915,0.367927983787322
0.999969986357435,4.27891393395218e-05,2.36355085269434e-08,0.00222351983667044,0.0467466655769709,0.201462864426133,0.368363548491077
1.00133333333333,4.37585405744148e-05,2.34663769300721e-08,0.00224212245529532,0.0469019050991615,0.201853492574629,0.368799736444845
1.00269668030923,4.47526447423456e-05,2.32990542735616e-08,0.00226095932886617,0.0470579064342608,0.202245161818922,0.369236548411483
1.00406002728513,4.57721422344259e-05,2.31335148524805e-08,0.00228003440409354,0.0472146744883121,0.202637875456354,0.369673985153303
1.00542337426103,4.68177445434551e-05,2.29697334168624e-08,0.00229935171109209,0.047372214206175,0.203031636795115,0.370112047432062
1.00678672123693,4.78901849686978e-05,2.28076851620768e-08,0.00231891536550288,0.0475305305718867,0.203426449154271,0.370550736008948
1.00815006821282,4.89902193434936e-05,2.26473457194372e-08,0.00233872957067902,0.0476896286090271,0.203822315863795,0.370990051644571
1.00951341518872,5.01186267940684e-05,2.24886911470391e-08,0.00235879861993658,0.0478495133810884,0.204219240264589,0.371429995098948
1.01087676216462,5.1276210520654e-05,2.23316979208218e-08,0.00237912689887322,0.048010189991848,0.204617225708514,0.371870567131493
1.01224010914052,5.24637986113825e-05,2.21763429258482e-08,0.00239971888775673,0.0481716635857456,0.205016275558416,0.372311768501002
1.01360345611642,5.36822448879915e-05,2.20226034477958e-08,0.00242057916398596,0.0483339393482644,0.205416393188155,0.372753599965647
1.01496680309231,5.49324297751127e-05,2.18704571646538e-08,0.00244171240462669,0.0484970225063162,0.205817581982628,0.373196062282955
1.01633015006821,5.62152612071449e-05,2.17198821386199e-08,0.00246312338902493,0.048660918328631,0.206219845337799,0.373639156209805
1.01769349704411,5.75316755750646e-05,2.15708568081921e-08,0.0024848170015005,0.04882563212615,0.206623186660726,0.374082882502409
1.01905684402001,5.88826386908018e-05,2.14233599804494e-08,0.00250679823412368,0.0489911692524241,0.207027609369585,0.3745272419163
1.02042019099591,6.02691468064285e-05,2.12773708235169e-08,0.00252907218957777,0.049157535104015,0.207433116893699,0.374972235206324
1.02178353797181,6.16922276642299e-05,2.11328688592096e-08,0.00255164408411081,0.0493247351209022,0.207839712673562,0.375417863126623
1.0231468849477,6.3152941582796e-05,2.09898339558511e-08,0.00257451925057937,0.0494927747868931,0.208247400160867,0.375864126430623
1.0245102319236,6.46523825884157e-05,2.08482463212612e-08,0.00259770314158802,0.0496616596300388,0.208656182818533,0.376311025871022
1.0258735788995,6.61916795922384e-05,2.07080864959088e-08,0.00262120133272768,0.0498313952230531,0.209066064120731,0.376758562199778
1.0272369258754,6.77719976027217e-05,2.05693353462255e-08,0.00264501952591647,0.050001987183737,0.209477047552906,0.377206736168096
1.0286002728513,6.93945389956467e-05,2.0431974058075e-08,0.00266916355284696,0.0501734411754072,0.209889136611809,0.377655548526411
1.02996361982719,7.10605448271904e-05,2.02959841303753e-08,0.00269363937854339,0.0503457629073293,0.210302334805519,0.378105000024379
1.03132696680309,7.27712961966608e-05,2.01613473688686e-08,0.00271845310503325,0.0505189581351565,0.210716645653471,0.378555091410865
1.03269031377899,7.45281156621138e-05,2.00280458800352e-08,0.00274361097513707,0.0506930326613715,0.211132072686476,0.379005823433925
1.03405366075489,7.63323687182629e-05,1.98960620651479e-08,0.00276911937638111,0.050867992335735,0.211548619446757,0.379457196840795
1.03541700773079,7.81854653174956e-05,1.97653786144636e-08,0.00279498484503729,0.0510438430557375,0.211966289487964,0.37990921237788
1.03678035470668,8.00888614640838e-05,1.9635978501547e-08,0.00282121407029523,0.0512205907670569,0.212385086375205,0.380361870790735
1.03814370168258,8.20440608685853e-05,1.95078449777252e-08,0.00284781389857128,0.0513982414640213,0.212805013685069,0.380815172824057
1.03950704865848,8.40526166545387e-05,1.93809615666669e-08,0.00287479133795981,0.0515768011900758,0.213226075005652,0.381269119221668
1.04087039563438,8.61161331525183e-05,1.92553120590863e-08,0.00290215356283199,0.0517562760382556,0.213648273936582,0.381723710726501
1.04223374261028,8.82362677515434e-05,1.91308805075658e-08,0.00292990791858782,0.0519366721516634,0.214071614089041,0.38217894808059
1.04359708958618,9.04147328214852e-05,1.90076512214955e-08,0.00295806192656719,0.0521179957239524,0.214496099085795,0.382634832025052
1.04496043656207,9.26532977293014e-05,1.88856087621267e-08,0.002986623289126,0.0523002529998148,0.214921732561213,0.383091363300072
1.04632378353797,9.49537909218619e-05,1.87647379377358e-08,0.00301559989488394,0.0524834502754751,0.215348518161295,0.383548542644895
1.04768713051387,9.73181020888977e-05,1.86450237988971e-08,0.00304499982415032,0.0526675938991893,0.215776459543692,0.384006370797805
1.04905047748977,9.97481844303772e-05,1.85264516338593e-08,0.00307483135453503,0.0528526902717495,0.216205560377737,0.384464848496115
1.05041382446567,0.000102246057003666,1.84090069640262e-08,0.00310510296675187,0.0530387458469938,0.216635824344461,0.384923976476153
1.05177717144156,0.000104813807159061,1.82926755395362e-08,0.00313582335062179,0.0532257671323223,0.217067255136622,0.385383755473243
1.05314051841746,0.00010745359310055,1.81774433349396e-08,0.00316700141128387,0.0534137606892182,0.217499856458726,0.385844186221695
1.05450386539336,0.000110167646524328,1.80632965449713e-08,0.00319864627562252,0.0536027331337753,0.217933632027052,0.386305269454789
1.05586721236926,0.000112958275373745,1.79502215804156e-08,0.00323076729891915,0.0537926911372307,0.218368585569674,0.386767005904759
1.05723055934516,0.000115827866726111,1.78382050640616e-08,0.00326337407173777,0.053983641426504,0.218804720826486,0.38722939630278
1.05859390632106,0.000118778889771491,1.77272338267464e-08,0.00329647642705355,0.0541755907847421,0.219242041549219,0.387692441378954
1.05995725329695,0.000121813898929536,1.76172949034845e-08,0.0033300844476344,0.0543685460518701,0.219680551501473,0.38815614186229
1.06132060027285,0.000124935537103195,1.75083755296809e-08,0.00336420847368583,0.0545625141251485,0.220120254458731,0.388620498480696
1.06268394724875,0.000128146539061314,1.74004631374257e-08,0.00339885911076983,0.0547575019597365,0.220561154208387,0.389085511960957
1.06404729422465,0.000131449734949621,1.72935453518682e-08,0.00343404723800912,0.0549535165692614,0.221003254549764,0.389551183028726
1.06541064120055,0.000134848053989316,1.71876099876697e-08,0.0034697840165884,0.0551505650263946,0.22144655929414,0.390017512408504
1.06677398817644,0.00013834452828993,1.70826450455308e-08,0.00350608089856518,0.0553486544634342,0.221891072264765,0.390484500823627
1.06813733515234,0.000141942296844799,1.6978638708794e-08,0.00354294963600286,0.0555477920728935,0.222336797296887,0.390952148996249
1.06950068212824,0.000145644609710047,1.6875579340117e-08,0.00358040229043988,0.0557479851080966,0.222783738237771,0.391420457647328
1.07086402910414,0.000149454832341515,1.67734554782182e-08,0.00361845124270879,0.0559492408837806,0.223231898946719,0.391889427496609
1.07222737608004,0.000153376450123495,1.66722558346893e-08,0.00365710920312037,0.0561515667767046,0.223681283295095,0.39235905926261
1.07359072305593,0.000157413073108057,1.65719692908761e-08,0.00369638922202826,0.0563549702262651,0.22413189516634,0.392829353662603
1.07495407003183,0.000161568440946043,1.64725848948242e-08,0.00373630470079035,0.0565594587351192,0.224583738455998,0.393300311412602
1.07631741700773,0.000165846428039141,1.63740918582892e-08,0.0037768694031441,0.0567650398698136,0.225036817071732,0.393771933227342
1.07768076398363,0.000170251048926876,1.62764795538081e-08,0.00381809746701381,0.056971721261422,0.225491134933347,0.39424421982027
1.07904411095953,0.00017478646389488,1.61797375118333e-08,0.00386000341676844,0.0571795106061887,0.225946695972808,0.394717171903519
1.08040745793543,0.000179456984836671,1.60838554179248e-08,0.0039026021759499,0.0573884156661799,0.226403504134258,0.395190790187903
1.08177080491132,0.000184267081409905,1.59888231100004e-08,0.00394590908049254,0.0575984442699426,0.226861563374041,0.395665075382889
1.08313415188722,0.000189221387391122,1.58946305756438e-08,0.00398993989245535,0.05780960431317,0.227320877660721,0.396140028196592
1.08449749886312,0.000194324707403041,1.58012679494667e-08,0.0040347108142901,0.058021903759376,0.227781450975094,0.396615649335748
1.08586084583902,0.000199582023907455,1.57087255105258e-08,0.00408023850366894,0.0582353506405757,0.228243287310217,0.397091939505703
1.08722419281492,0.000204998504486392,1.56169936797921e-08,0.0041265400888971,0.0584499530579749,0.228706390671416,0.397568899410397
1.08858753979081,0.000210579509504476,1.55260630176723e-08,0.00417363318493682,0.0586657191826667,0.229170765076311,0.398046529752343
1.08995088676671,0.000216330600112733,1.543592422158e-08,0.00422153591007059,0.0588826572563363,0.229636414554832,0.398524831232613
1.09131423374261,0.000222257546574116,1.53465681235564e-08,0.00427026690323279,0.059100775591974,0.230103343149233,0.39900380455082
1.09267758071851,0.000228366337043432,1.52579856879394e-08,0.00431984534204064,0.0593200825745959,0.230571554914115,0.399483450405101
1.09404092769441,0.000234663186717038,1.51701680090788e-08,0.00437029096155669,0.0595405866619732,0.231041053916436,0.399963769492099
1.0954042746703,0.000241154547390797,1.50831063090981e-08,0.00442162407381714,0.0597622963853699,0.231511844235536,0.400444762506947
1.0967676216462,0.000247847117517699,1.49967919357009e-08,0.0044738655881616,0.0599852203502883,0.231983929963144,0.400926430143249
1.0981309686221,0.000254747852691414,1.49112163600213e-08,0.00452703703240224,0.0602093672372241,0.232457315203402,0.401408773093064
1.099494315598,0.000261863976653802,1.48263711745167e-08,0.0045811605748721,0.0604347458024294,0.232932004072873,0.401891792046886
1.1008576625739,0.00026920299282007,1.47422480909028e-08,0.00463625904739425,0.0606613648786842,0.233408000700564,0.402375487693629
1.1022210095498,0.000276772696357296,1.46588389381293e-08,0.00469235596921632,0.0608892333760781,0.233885309227937,0.402859860720607
1.10358435652569,0.000284581186824136,1.45761356603956e-08,0.00474947557195653,0.0611183602827991,0.234363933808922,0.403344911813517
1.10494770350159,0.000292636881452192,1.4494130315206e-08,0.00480764282561075,0.0613487546659338,0.234843878609934,0.40383064165642
1.10631105047749,0.00030094852905539,1.44128150714621e-08,0.00486688346567194,0.061580425672274,0.235325147809888,0.404317050931725
1.10767439745339,0.000309525224599243,1.43321822075938e-08,0.00492722402141699,0.0618133825291356,0.23580774560021,0.404804140320168
1.10903774442929,0.000318376424535982,1.42522241097256e-08,0.00498869184541832,0.0620476345451848,0.236291676184851,0.405291910500794
1.11040109140518,0.000327511962846418,1.41729332698795e-08,0.00505131514434134,0.0622831911112745,0.2367769437803,0.405780362150941
1.11176443838108,0.000336942067883915,1.40943022842123e-08,0.00511512301109194,0.0625200617012911,0.237263552615599,0.406269495946219
1.11312778535698,0.000346677380100258,1.40163238512873e-08,0.00518014545838208,0.06275825587301,0.237751506932351,0.406759312560492
1.11449113233288,0.000356728970597959,1.39389907703792e-08,0.0052464134537851,0.0629977832689617,0.238240810984735,0.40724981266586
1.11585447930878,0.000367108360648358,1.38622959398117e-08,0.00531395895635689,0.0632386536173079,0.238731469039516,0.407740996932636
1.11721782628468,0.000377827542212886,1.37862323553271e-08,0.00538281495490302,0.0634808767327278,0.239223485376057,0.408232866029335
1.11858117326057,0.000388898999487388,1.3710793108487e-08,0.00545301550797682,0.0637244625173142,0.23971686428633,0.408725420622647
1.11994452023647,0.00040033573152395,1.36359713851036e-08,0.00552459578569844,0.0639694209614812,0.240211610074924,0.409218661377421
1.12130786721237,0.000412151276084029,1.35617604637009e-08,0.00559759211348969,0.0642157621448812,0.240707727059058,0.409712588956648
1.12267121418827,0.000424359734672947,1.3488153714005e-08,0.00567204201782597,0.0644634962373335,0.241205219568589,0.410207204021436
1.12403456116417,0.000436975798859015,1.34151445954635e-08,0.00574798427411153,0.0647126334997635,0.241704091946019,0.410702507230995
1.12539790814006,0.000450014778061414,1.3342726655792e-08,0.00582545895679165,0.0649631842851525,0.24220434854651,0.411198499242617
1.12676125511596,0.000463492628687513,1.32708935295489e-08,0.0059045074918214,0.0652151590394997,0.242705993737884,0.411695180711653
1.12812460209186,0.000477425984887629,1.31996389367363e-08,0.00598517271161855,0.065468568302794,0.243209031900638,0.412192552291498
1.12948794906776,0.000491832190921548,1.31289566814273e-08,0.00606749891263521,0.0657234227099986,0.243713467427944,0.412690614633566
1.13085129604366,0.000506729335264807,1.30588406504196e-08,0.00615153191569211,0.0659797329920464,0.244219304725666,0.413189368387273
1.13221464301955,0.000522136286509473,1.29892848119128e-08,0.00623731912922703,0.0662375099768471,0.244726548212355,0.413688814200017
1.13357798999545,0.000538072731312527,1.29202832142119e-08,0.00632490961561967,0.0664967645903069,0.245235202319265,0.414188952717155
1.13494133697135,0.00055455921428826,1.28518299844536e-08,0.00641435416076411,0.0667575078573591,0.24574527149035,0.414689784581987
1.13630468394725,0.00057161718016483,1.2783919327357e-08,0.00650570534707211,0.0670197509030077,0.246256760182278,0.41519131043573
1.13766803092315,0.000589269018241327,1.27165455239966e-08,0.00659901763010104,0.0672835049533833,0.246769672864425,0.415693530917503
1.13903137789905,0.000607538109326857,1.26497029305984e-08,0.00669434741901315,0.067548781336811,0.24728401401889,0.4161964466643
1.14039472487494,0.00062644887527998,1.25833859773581e-08,0.00679175316108654,0.0678155914848913,0.24779978814049,0.416700058310977
1.14175807185084,0.000646026831338737,1.25175891672805e-08,0.00689129543051142,0.068083946933594,0.248316999736768,0.417204366490223
1.14312141882674,0.000666298641401166,1.24523070750408e-08,0.00699303702172199,0.0683538593243643,0.248835653327993,0.417709371832546
1.14448476580264,0.000687292176485271,1.23875343458655e-08,0.00709704304752917,0.0686253404052431,0.249355753447163,0.418215074966244
1.14584811277854,0.000709036576494451,1.23232656944349e-08,0.00720338104233848,0.0688984020319998,0.249877304640008,0.418721476517392
1.14721145975443,0.000731562315525692,1.22594959038047e-08,0.00731212107075509,0.0691730561692788,0.250400311464988,0.419228577109816
1.14857480673033,0.000754901271043692,1.2196219824347e-08,0.00742333584189938,0.0694493148917599,0.250924778493294,0.419736377365072
1.14993815370623,0.000779086797042143,1.21334323727113e-08,0.00753710082977736,0.0697271903853322,0.25145071030885,0.420244877902423
1.15130150068213,0.00080415380144694,1.20711285308026e-08,0.00765349440007482,0.0700066949482822,0.251978111508311,0.42075407933882
1.15266484765803,0.000830138828216932,1.20093033447797e-08,0.00777259794376814,0.070287840992496,0.252506986701062,0.42126398228888
1.15402819463392,0.000857080144270406,1.19479519240697e-08,0.00789449601797349,0.0705706410446761,0.253037340509213,0.421774587364862
1.15539154160982,0.000885017831544276,1.18870694404012e-08,0.00801927649448391,0.0708551077475721,0.253569177567603,0.422285895176646
1.15675488858572,0.000913993884801277,1.18266511268543e-08,0.00814703071647686,0.0711412538612271,0.254102502523792,0.42279790633171
1.15811823556162,0.00094405231521951,1.17666922769273e-08,0.008277853663908,0.0714290922642384,0.254637320038057,0.42331062143511
1.15948158253752,0.000975239260270629,1.17071882436205e-08,0.00841184412814408,0.0717186359550334,0.255173634783391,0.423824041089453
1.16084492951342,0.00100760310069327,1.1648134438535e-08,0.00854910489642818,0.0720098980531609,0.255711451445497,0.424338165894881
1.16220827648931,0.00104119458428467,1.15895263309892e-08,0.00868974294681232,0.0723028918005978,0.256250774722781,0.424852996449043
1.16357162346521,0.00107606695770731,1.15313594471488e-08,0.00883386965424034,0.0725976305630723,0.256791609326346,0.425368533347073
1.16493497044111,0.00111227610663734,1.14736293691736e-08,0.00898160100851289,0.0728941278314013,0.257333959979989,0.425884777181569
1.16629831741701,0.00114988070452737,1.14163317343784e-08,0.00913305784492201,0.0731923972228459,0.257877831420187,0.426401728542568
1.16766166439291,0.00118894237111565,1.13594622344088e-08,0.00928836608840029,0.0734924524824818,0.258423228396094,0.426919388017525
1.1690250113688,0.00122952584113941,1.13030166144312e-08,0.00944765701209508,0.0737943074845872,0.258970155669531,0.427437756191288
1.1703883583447,0.00127169914373361,1.12469906723372e-08,0.00961106751134554,0.0740979762340466,0.259518618014976,0.427956833646075
1.1717517053206,0.00131553379383991,1.11913802579611e-08,0.00977874039411738,0.0744034728677725,0.260068620219553,0.428476620961451
1.1731150522965,0.00136110499603907,1.11361812723117e-08,0.00995082468902962,0.0747108116561434,0.260620167083022,0.428997118714302
1.1744783992724,0.00140849186204008,1.10813896668168e-08,0.0101274759721981,0.0750200070044599,0.261173263417769,0.429518327478817
1.17584174624829,0.00145777764246136,1.10270014425806e-08,0.0103088567142155,0.0753310734544183,0.261727914048791,0.430040247826456
1.17720509322419,0.00150904997459164,1.09730126496544e-08,0.0104951366486925,0.0756440256856016,0.262284123813683,0.430562880325934
1.17856844020009,0.00156240114657306,1.09194193863192e-08,0.0106864931638991,0.0759588785169895,0.262841897562627,0.431086225543191
1.17993178717599,0.00161792837998533,1.0866217798381e-08,0.0108831117191695,0.0762756469084857,0.263401240158374,0.431610284041371
1.18129513415189,0.0016757341317541,1.08134040784773e-08,0.0110851862878674,0.0765943459624649,0.26396215647623,0.432135056380796
1.18265848112779,0.00173592641715038,1.07609744653967e-08,0.0112929198288589,0.0769149909253375,0.264524651404042,0.432660543118943
1.18402182810368,0.00179861915533359,1.07089252434082e-08,0.0115065247885998,0.0772375971891342,0.265088729842178,0.433186744810417
1.18538517507958,0.00186393253947311,1.0657252741604e-08,0.0117262236361189,0.0775621802931095,0.265654396703509,0.43371366200693
1.18674852205548,0.00193199343304579,1.06059533332512e-08,0.0119522494333751,0.0778887559253651,0.266221656913394,0.434241295257272
1.18811186903138,0.00200293579493431,1.05550234351561e-08,0.0121848464436716,0.0782173399244925,0.266790515409658,0.434769645107288
1.18947521600728,0.00207690113510058,1.05044595070382e-08,0.0124242707810458,0.0785479482812365,0.267360977142572,0.435298712099855
1.19083856298317,0.0021540390036561,1.0454258050915e-08,0.0126707911038023,0.0788805971401783,0.267933047074832,0.435828496774852
1.19220190995907,0.00223450751606602,1.04044156104968e-08,0.0129246893556364,0.0792153028014394,0.268506730181539,0.436358999669139
1.19356525693497,0.00231847391748535,1.03549287705923e-08,0.0131862615580973,0.0795520817224071,0.269082031450173,0.43689022131653
1.19492860391087,0.00240611518930538,1.0305794156523e-08,0.0134558186584744,0.0798909505194796,0.269658955880571,0.437422162247764
1.19629195088677,0.00249761870185383,1.02570084335481e-08,0.0137336874375601,0.0802319259698342,0.270237508484905,0.437954822990487
1.19765529786266,0.0025931829170055,1.02085683062989e-08,0.0140202114821411,0.0805750250132155,0.270817694287652,0.438488204069218
1.19901864483856,0.00269301814479567,1.01604705182218e-08,0.0143157522275205,0.0809202647537476,0.27139951832557,0.439022306005329
1.20038199181446,0.00279734735915016,1.01127118510314e-08,0.0146206900758596,0.0812676624617662,0.271982985647672,0.439557129317015
1.20174533879036,0.0029064070778911,1.00652891241718e-08,0.0149354255966713,0.0816172355756754,0.272568101315195,0.440092674519269
1.20310868576626,0.00302044831205071,1.00181991942874e-08,0.0152603808163926,0.0819690017038255,0.273154870401573,0.440628942123857
1.20447203274216,0.00313973759190255,9.9714389547017e-09,0.015596000604626,0.0823229786264155,0.273743297992405,0.441165932639289
1.20583537971805,0.00326455807567342,9.92500533490497e-09,0.0159427541653665,0.0826791842974179,0.274333389185429,0.441703646570795
1.20719872669395,0.00339521074864153,9.87889530005027e-09,0.0163011366423445,0.0830376368465278,0.27492514909048,0.442242084420297
1.20856207366985,0.00353201572163935,9.83310585045749e-09,0.0166716708485049,0.0833983545811353,0.275518582829469,0.44278124668638
1.20992542064575,0.00367531363730177,9.78763402112545e-09,0.0170549091306437,0.0837613559883239,0.27611369553634,0.443321133864269
1.21128876762165,0.00382546719475566,9.74247688125198e-09,0.0174514353813218,0.0841266597368912,0.276710492357037,0.4438617464458
1.21265211459754,0.00398286280445632,9.6976315337616e-09,0.0178618672114078,0.0844942846793965,0.277308978449471,0.44440308491939
1.21401546157344,0.00414791238440479,9.65309511484084e-09,0.0182868582979657,0.0848642498542331,0.27790915898348,0.444945149770015
1.21537880854934,0.00432105531248748,9.60886479348109e-09,0.0187271009237259,0.0852365744877256,0.27851103914079,0.445487941479178
1.21674215552524,0.00450276055081647,9.56493777102863e-09,0.0191833287260761,0.0856112779962539,0.279114624114979,0.446031460524883
1.21810550250114,0.00469352895714523,9.52131128074196e-09,0.019656319675403,0.0859883799884035,0.279719919111432,0.446575707381608
1.21946884947704,0.00489389580420919,9.47798258735608e-09,0.0201468993047348,0.0863679002671417,0.280326929347306,0.447120682520276
1.22083219645293,0.00510443352742287,9.43494898665383e-09,0.0206559442150038,0.0867498588320214,0.280935660051479,0.447666386408225
1.22219554342883,0.00532575472335375,9.39220780504382e-09,0.0211843858829057,0.0871342758814123,0.281546116464513,0.448212819509184
1.22355889040473,0.00555851542642141,9.34975639914528e-09,0.0217332148013055,0.087521171814759,0.282158303838608,0.448759982283242
1.22492223738063,0.00580341869293537,9.30759215537924e-09,0.0223034849854905,0.0879105672348681,0.282772227437551,0.449307875186821
1.22628558435653,0.00606121852315452,9.26571248956637e-09,0.0228963188823217,0.0883024829502224,0.283387892536675,0.449856498672642
1.22764893133242,0.00633272416011878,9.22411484653085e-09,0.0235129127235744,0.0886969399773255,0.284005304422807,0.450405853189707
1.22882377711749,0.0065783481738403,9.18849293543746e-09,0.0240642875076942,0.0890389127596236,0.284538756012576,0.450879838748886
1.22895719939901,0.00660695308793471,9.18446055751408e-09,0.0241281184406636,0.0890778700999287,0.284599420280596,0.450933701649191
1.22901227830832,0.00661880480540377,9.1827966997108e-09,0.0241545423695176,0.089093959543074,0.28462446839422,0.450955939183259
1.22909062168053,0.00663570611004834,9.18043083342708e-09,0.0241922015756648,0.0891168521793117,0.284660101377682,0.45098757155914
1.22922404396205,0.00666460814808082,9.17640376084819e-09,0.0242565382317679,0.0891558590179697,0.284720799308815,0.451041448479146
1.22935746624357,0.0066936601167252,9.17237933745173e-09,0.024321129736602,0.0891948906361191,0.284781514078979,0.451095332409619
1.22949088852509,0.00672286293726329,9.16835756091452e-09,0.0243859774264207,0.0892339470539965,0.284842245693158,0.451149223350972
1.22962431080661,0.0067522175374583,9.16433842891597e-09,0.0244510826461693,0.0892730282918578,0.284902994156337,0.451203121303614
1.22975773308813,0.00678172485163489,9.16032193913801e-09,0.0245164467495521,0.0893121343699792,0.284963759473501,0.451257026267956
1.22989115536966,0.00681138582135014,9.15630808926513e-09,0.0245820710991001,0.0893512653086565,0.285024541649639,0.45131093824441
1.23002457765118,0.00684120139451255,9.15229687698432e-09,0.0246479570662396,0.0893904211282053,0.285085340689738,0.451364857233384
1.2301579999327,0.00687117252583113,9.14828829998513e-09,0.0247141060313612,0.0894296018489613,0.285146156598788,0.451418783235287
1.23029142221422,0.00690130017724618,9.14428235595963e-09,0.0247805193838898,0.08946880749128,0.28520698938178,0.45147271625053
1.23037562528422,0.00692039479599181,9.14175555077449e-09,0.0248225696941706,0.0894935630871597,0.28524538976058,0.451506757094759
1.23042484449574,0.00693158531759464,9.14027904260244e-09,0.0248471985223548,0.0895080380755368,0.285267839043703,0.451526656279522
1.23055826677726,0.00696202892250144,9.13627835761066e-09,0.024914144854461,0.089547293622127,0.285328705589552,0.451580603322669
1.23069168905878,0.00699263197488853,9.13228029868394e-09,0.0249813597971605,0.0895865741514662,0.285389589024319,0.451634557380381
1.2308251113403,0.00702339546472974,9.12828486352442e-09,0.0250488447767247,0.0896258796839895,0.285450489352999,0.451688518453065
1.23095853362182,0.0070543203894909,9.1242920498368e-09,0.0251166012288177,0.0896652102401524,0.285511406580587,0.451742486541129
1.23109195590334,0.00708540775334868,9.12030185532823e-09,0.0251846305985692,0.0897045658404302,0.28557234071208,0.451796461644979
1.23122537818487,0.00711665856801341,9.11631427770842e-09,0.0252529343406494,0.0897439465053186,0.285633291752475,0.451850443765023
1.23135880046639,0.00714807385307501,9.11232931468954e-09,0.0253215139193438,0.089783352255333,0.285694259706771,0.451904432901667
1.23149222274791,0.00717965463484462,9.10834696398629e-09,0.0253903708086285,0.0898227831110091,0.285755244579968,0.451958429055317
1.23162564502943,0.00721140194744965,9.10436722331585e-09,0.025459506492247,0.0898622390929028,0.285816246377067,0.452012432226377
1.23173897226012,0.00723849929528301,9.10098892924275e-09,0.0255184495697471,0.0898957722645022,0.285868073842895,0.452058307361855
1.23175906731095,0.00724331683287796,9.1003900903979e-09,0.0255289224637868,0.08990172022159,0.285877265103068,0.452066442415254
1.23189248959247,0.00727540034033759,9.0964155629546e-09,0.0255986202267574,0.0899412265176668,0.285938300762976,0.452120459622353
1.23202591187399,0.00730765352677462,9.09244363871061e-09,0.0256686012946685,0.0899807580017496,0.285999353361792,0.452174483848078
1.23215933415551,0.00734007745706866,9.08847431539306e-09,0.0257388671911092,0.0900203146944749,0.286060422904524,0.452228515092833
1.23229275643703,0.0073726732040556,9.08450759073158e-09,0.025809419449828,0.0900598966164996,0.286121509396175,0.452282553357022
1.23242617871856,0.00740544184804532,9.08054346245825e-09,0.0258802596148132,0.0900995037885008,0.286182612841753,0.452336598641049
1.23255960100008,0.00743838447781323,9.07658192830765e-09,0.0259513892403745,0.0901391362311757,0.286243733246267,0.452390650945316
1.2326930232816,0.00747150218965987,9.0726229860168e-09,0.0260228098912245,0.0901787939652421,0.286304870614724,0.452444710270227
1.23282644556312,0.00750479608848915,9.06866663332522e-09,0.0260945231425623,0.0902184770114379,0.286366024952134,0.452498776616184
1.23295986784464,0.0075382672870357,9.06471286797488e-09,0.0261665305801566,0.0902581853905216,0.28642719626351,0.452552849983589
1.23309329012616,0.0075719169062725,9.06076168771019e-09,0.0262388338004299,0.0902979191232719,0.286488384553862,0.452606930372843
1.23310231923602,0.00757420055683995,9.06049439211713e-09,0.0262437375146757,0.0903006089477107,0.286492525973464,0.452610590418356
1.23322671240768,0.00760574607579089,9.05681309027806e-09,0.0263114344105444,0.090337678230488,0.286549589828204,0.452661017784348
1.2333601346892,0.00763975593341919,9.05286707342781e-09,0.026384334028487,0.0903774627329893,0.28661081209155,0.452715112218506
1.23349355697072,0.00767394762505748,9.04892363491125e-09,0.0264575342831567,0.090417272651616,0.286672051348914,0.452769213675716
1.23362697925224,0.00770832230584554,9.04498277248261e-09,0.0265310368144518,0.0904571080072286,0.286733307605313,0.452823322156379
1.23376040153377,0.00774288113906441,9.04104448389857e-09,0.0266048432733584,0.090496968820708,0.286794580865765,0.452877437660895
1.23389382381529,0.00777762529658541,9.03710876691827e-09,0.0266789553220395,0.0905368551129557,0.286855871135286,0.452931560189663
1.23402724609681,0.00781255595937243,9.03317561930326e-09,0.0267533746339246,0.0905767669048937,0.286917178418897,0.452985689743083
1.23416066837833,0.00784767431706322,9.02924503881754e-09,0.0268281028938014,0.0906167042174649,0.286978502721617,0.453039826321554
1.23429409065985,0.00788298156818892,9.02531702322754e-09,0.0269031417979068,0.0906566670716322,0.287039844048468,0.453093969925473
1.23442751294137,0.00791847892002912,9.02139157030212e-09,0.0269784930540193,0.0906966554883795,0.287101202404472,0.453148120555239
1.23446566621191,0.00792866482216425,9.02026952351393e-09,0.0270000980773756,0.0907080952295772,0.287118751495817,0.453163606694195
1.23456093522289,0.00795416758938756,9.01746867781257e-09,0.0270541583815529,0.0907366694887112,0.287162577794652,0.45320227821125
1.23469435750441,0.00799004880206939,9.01354834353259e-09,0.027130139511651,0.0907767090936525,0.287223970224033,0.453256442893904
1.23482777978593,0.00802612379280318,9.00963056523831e-09,0.0272064381872817,0.0908167743242491,0.287285379697639,0.453310614603596
1.23496120206745,0.00806239380566896,9.00571534070827e-09,0.0272830561633339,0.0908568652015675,0.287346806220497,0.453364793340724
1.23509462434898,0.00809886009466369,9.00180266772343e-09,0.0273599952067138,0.0908969817466949,0.287408249797635,0.453418979105685
1.2352280466305,0.00813552392261147,8.99789254406715e-09,0.0274372570964433,0.0909371239807392,0.28746971043408,0.453473171898874
1.23536146891202,0.00817238656189686,8.9939849675252e-09,0.0275148436237585,0.0909772919248291,0.287531188134863,0.453527371720687
1.23549489119354,0.00820944929515789,8.99007993588575e-09,0.0275927565922093,0.0910174856001142,0.287592682905013,0.453581578571518
1.23562831347506,0.00824671341411357,8.98617744693939e-09,0.0276709978177603,0.0910577050277647,0.287654194749561,0.453635792451764
1.23576173575658,0.00828418022044635,8.98227749847908e-09,0.027749569128892,0.0910979502289719,0.287715723673541,0.453690013361818
1.23582901318781,0.00830314993053076,8.98031193430387e-09,0.0277893140367961,0.0911182534256002,0.287746755764665,0.453717356615409
1.2358951580381,0.00832185102578169,8.97838008830019e-09,0.0278284723667037,0.0911382212249477,0.287777269681985,0.453744241302074
1.23602858031962,0.00835972715160778,8.97448521420048e-09,0.0279077093850169,0.0911785180369252,0.287838832779929,0.453798476272927
1.23616200260114,0.0083978099298685,8.97059287398009e-09,0.0279872820504796,0.0912188406861581,0.287900412972407,0.453852718274769
1.23629542488266,0.00843610070187481,8.96670306544155e-09,0.0280671922426723,0.0912591891939211,0.287962010264456,0.453906967307994
1.23642884716419,0.00847460081980222,8.96281578638978e-09,0.0281474418542136,0.0912995635815101,0.288023624661114,0.453961223372995
1.23656226944571,0.00851331164608966,8.95893103463205e-09,0.0282280327908687,0.0913399638702416,0.288085256167419,0.454015486470163
1.23669569172723,0.00855223455329068,8.95504880797805e-09,0.0283089669716572,0.0913803900814535,0.28814690478841,0.454069756599891
1.23682911400875,0.00859137092453329,8.9511691042398e-09,0.028390246328963,0.0914208422365044,0.288208570529128,0.454124033762571
1.23696253629027,0.0086307221538543,8.94729192123172e-09,0.0284718728086447,0.0914613203567742,0.288270253394614,0.454178317958593
1.23709595857179,0.00867028964590492,8.94341725677058e-09,0.0285538483701474,0.0915018244636636,0.288331953389912,0.454232609188348
1.23719236016371,0.00869901371981291,8.94061926175726e-09,0.0286132965107693,0.0915311060765406,0.288376544145838,0.454271840604102
1.23722938085331,0.00871007481551226,8.9395451086755e-09,0.0286361749866153,0.0915423545785947,0.288393670520064,0.454286907452227
1.23736280313483,0.00875007908902161,8.935675474768e-09,0.0287188546450057,0.0915829107230104,0.288455404790116,0.454341212750621
1.23749622541635,0.00879030390393204,8.93180835287192e-09,0.028801889346204,0.0916234929183751,0.288517156205112,0.454395525083918
1.23762964769787,0.00883075070798256,8.92794374081347e-09,0.0288852811051389,0.0916641011861742,0.2885789247701,0.454449844452508
1.2377630699794,0.00887142096080563,8.92408163642121e-09,0.0289690319509004,0.0917047355479143,0.288640710490126,0.454504170856781
1.23789649226092,0.00891231613306702,8.92022203752605e-09,0.0290531439268579,0.091745396025123,0.28870251337024,0.454558504297125
1.23802991454244,0.00895343770698897,8.91636494196123e-09,0.029137619090779,0.0917860826393496,0.288764333415492,0.454612844773927
1.23816333682396,0.00899478717573516,8.91251034756234e-09,0.0292224595149507,0.0918267954121642,0.28882617063093,0.454667192287578
1.23829675910548,0.00903636604433602,8.90865825216733e-09,0.0293076672863007,0.0918675343651586,0.288888025021609,0.454721546838462
1.238430181387,0.00907817583010488,8.90480865361646e-09,0.0293932445065206,0.0919082995199456,0.288949896592579,0.454775908426969
1.23855570713961,0.00911772331431142,8.90118916919483e-09,0.0294740960746266,0.0919466759510078,0.289008122016229,0.454827059078416
1.23856360366852,0.00912021806124209,8.90096154975232e-09,0.0294791932921894,0.0919490908981594,0.289011785348895,0.454830277053484
1.23869702595004,0.00916249427815233,8.89711693841984e-09,0.0295655157748994,0.0919899085214557,0.289073691295611,0.454884652718395
1.23883044823156,0.0092050060336449,8.89327481746629e-09,0.0296522141013823,0.0920307524115114,0.289135614437782,0.454939035422087
1.23896387051308,0.00924775489200918,8.88943518474124e-09,0.0297392904336371,0.092071622590025,0.289197554780466,0.454993425164946
1.23909729279461,0.00929074243008748,8.88559803809659e-09,0.0298267469490588,0.0921125190787163,0.289259512328721,0.455047821947357
1.23923071507613,0.00933397023692097,8.88176337538656e-09,0.0299145858405689,0.0921534418993265,0.289321487087604,0.455102225769706
1.23936413735765,0.00937743991431436,8.87793119446768e-09,0.0300028093167466,0.0921943910736185,0.289383479062175,0.455156636632377
1.23949755963917,0.00942115307594007,8.87410149319879e-09,0.0300914196019618,0.0922353666233765,0.289445488257496,0.455211054535754
1.23963098192069,0.00946511134891123,8.87027426944105e-09,0.0301804189365091,0.0922763685704063,0.289507514678627,0.455265479480221
1.23976440420221,0.00950931637274586,8.86644952105792e-09,0.0302698095767432,0.0923173969365353,0.289569558330631,0.455319911466161
1.23989782648373,0.00955376979979485,8.86262724591515e-09,0.0303595937952153,0.0923584517436123,0.289631619218572,0.455374350493958
1.23991905411551,0.00956086540370246,8.86201934564373e-09,0.0303739150055354,0.0923649860480799,0.289641494763733,0.455383012452507
1.24003124876525,0.00959847329564111,8.85880744188082e-09,0.0304497738808116,0.092399533013508,0.289693697347515,0.455428796563995
1.24016467104677,0.00964342853842916,8.85499010682526e-09,0.0305403521388924,0.0924406407681144,0.289755792722525,0.455483249676654
1.24029809332829,0.00968863722062024,8.85117523862113e-09,0.0306313308914329,0.0924817750293454,0.289817905348669,0.455537709832316
1.24043151560982,0.00973410104694284,8.84736283514339e-09,0.0307227124771656,0.0925229358191364,0.289880035231014,0.455592177031364
1.24056493789134,0.00977982173634916,8.84355289426924e-09,0.0308144992517236,0.0925641231594446,0.289942182374629,0.455646651274179
1.24069836017286,0.00982580102111423,8.83974541387823e-09,0.0309066935877852,0.0926053370722489,0.290004346784584,0.455701132561142
1.24083178245438,0.00987204064740542,8.83594039185212e-09,0.0309992978752217,0.09264657757955,0.290066528465949,0.455755620892633
1.2409652047359,0.00991854237496817,8.832137826075e-09,0.0310923145212435,0.0926878447033703,0.290128727423797,0.455810116269032
1.24109862701742,0.00996530797768195,8.82833771443322e-09,0.0311857459505507,0.0927291384657539,0.290190943663198,0.455864618690719
1.24123204929894,0.0100123392438108,8.8245400548154e-09,0.0312795946054832,0.0927704588887669,0.290253177189228,0.455919128158074
1.24128240109141,0.0100301576349681,8.82310750549895e-09,0.0313151207828212,0.0927860595999552,0.290276667787186,0.455939701136507
1.24136547158046,0.0100596379754369,8.82074484511245e-09,0.0313738629461734,0.0928118059944973,0.290315428006961,0.455973644671476
1.24149889386198,0.0101072059893155,8.81695208321751e-09,0.0314685534506998,0.0928531798050546,0.290377696121472,0.456028168231303
1.2416323161435,0.0101550451169395,8.81316176702601e-09,0.0315636686152428,0.0928945803425705,0.290439981537837,0.456082698837933
1.24176573842503,0.010203157203907,8.80937389443566e-09,0.0316592109542407,0.0929360076291987,0.290502284261136,0.456137236491745
1.24189916070655,0.0102515441107902,8.80558846334637e-09,0.0317551830005493,0.0929774616871146,0.290564604296445,0.456191781193116
1.24203258298807,0.0103002077130914,8.80180547166037e-09,0.031851587305601,0.0930189425385156,0.290626941648844,0.456246332942423
1.24216600526959,0.010349149901906,8.79802491728209e-09,0.031948426439567,0.0930604502056212,0.290689296323415,0.456300891740043
1.24229942755111,0.0103983725826883,8.79424679811825e-09,0.0320457029915206,0.0931019847106729,0.290751668325239,0.456355457586352
1.24243284983263,0.0104478776766115,8.7904711120778e-09,0.0321434195696017,0.0931435460759342,0.290814057659397,0.456410030481727
1.24256627211415,0.0104976671205835,8.78669785707192e-09,0.0322415788011838,0.0931851343236907,0.290876464330974,0.456464610426542
1.2426457480673,0.0105274612508769,8.78445138818988e-09,0.0323002609914766,0.0932099200746372,0.290913646496304,0.456497125536499
1.24269969439567,0.0105477428669215,8.78292703101406e-09,0.0323401833330422,0.09322674947625,0.290938888345054,0.456519197421174
1.24283311667719,0.0105981068834601,8.77915863181988e-09,0.0324392358315236,0.0932683915559419,0.291001329706723,0.456573791465998
1.24296653895872,0.0106487611541459,8.7753926574073e-09,0.0325387389827184,0.0933100605851184,0.291063788421066,0.456628392561386
1.24309996124024,0.0106997076793746,8.77162910569645e-09,0.0326386954926334,0.0933517565861535,0.291126264493172,0.456683000707715
1.24323338352176,0.0107509484754296,8.76786797460971e-09,0.0327391080873675,0.0933934795814435,0.291188757928129,0.456737615905358
1.24336680580328,0.0108024855747041,8.76410926207168e-09,0.0328399795132883,0.0934352295934069,0.291251268731027,0.456792238154687
1.2435002280848,0.0108543210265946,8.76035296600916e-09,0.0329413125372112,0.0934770066444845,0.291313796906955,0.456846867456077
1.24363365036632,0.0109064568972548,8.75659908435121e-09,0.0330431099465793,0.0935188107571392,0.291376342461005,0.456901503809899
1.24376707264784,0.0109588952690075,8.75284761502909e-09,0.0331453745496466,0.0935606419538564,0.291438905398269,0.456956147216526
1.24390049492936,0.0110116382415979,8.74909855597627e-09,0.0332481091756615,0.0936025002571436,0.291501485723842,0.45701079767633
1.2440090950432,0.0110547951332272,8.74604875785201e-09,0.0333320797954016,0.0936365911786525,0.291552436311616,0.457055286054483
1.24403391721088,0.0110646879321946,8.74535190512843e-09,0.0333513166750534,0.0936443856895308,0.291564083442816,0.457065455189683
1.2441673394924,0.0111180464751976,8.74160766042348e-09,0.0334549999196202,0.0936862982735702,0.291626698560288,0.457120119756954
1.24430076177393,0.0111717160217625,8.73786581980152e-09,0.0335591618027193,0.0937282380318367,0.291689331081353,0.457174791378516
1.24443418405545,0.0112256987417604,8.73412638120485e-09,0.033663805239458,0.0937702049869274,0.291751981011109,0.457229470054738
1.24456760633697,0.011279996822272,8.73038934257798e-09,0.0337689331668883,0.0938121991614617,0.291814648354655,0.457284155785991
1.24470102861849,0.0113346124682838,8.72665470186763e-09,0.0338745485442028,0.0938542205780818,0.291877333117089,0.457338848572644
1.24483445090001,0.0113895479031714,8.72292245702268e-09,0.0339806543529318,0.0938962692594521,0.291940035303511,0.457393548415067
1.24496787318153,0.0114448053688295,8.71919260599425e-09,0.034087253597144,0.0939383452282597,0.292002754919023,0.457448255313627
1.24510129546305,0.0115003871257194,8.71546514673561e-09,0.0341943493036478,0.0939804485072141,0.292065491968728,0.457502969268694
1.24523471774457,0.0115562954518711,8.71174007720222e-09,0.0343019445221959,0.0940225791190475,0.292128246457727,0.457557690280636
1.24536814002609,0.0116125326457417,8.70801739535176e-09,0.0344100423256908,0.0940647370865147,0.292191018391125,0.45761241834982
1.2453724420191,0.011614351425321,8.70789740300359e-09,0.0344135361690981,0.0940660968598038,0.292193042664401,0.45761418308835
1.24550156230761,0.0116691010241005,8.70429709914406e-09,0.0345186458103936,0.0941069224323929,0.292253807774028,0.457667153476613
1.24563498458914,0.0117260029227535,8.70057918654112e-09,0.034627758096134,0.0941491351794823,0.29231661461154,0.457721895661383
1.24576840687066,0.0117832406970806,8.69686365550715e-09,0.0347373823265231,0.0941913753506054,0.292379438908771,0.457776644904497
1.24590182915218,0.0118408167225096,8.69315050400851e-09,0.0348475216691683,0.0942336429686076,0.292442280670826,0.457831401206319
1.2460352514337,0.0118987333934379,8.68943973001372e-09,0.03495817931589,0.0942759380563571,0.292505139902815,0.457886164567217
1.24616867371522,0.0119569931248003,8.6857313314935e-09,0.0350693584829414,0.0943182606367447,0.292568016609849,0.457940934987555
1.24630209599674,0.0120155983517074,8.68202530642071e-09,0.0351810624112293,0.0943606107326838,0.292630910797038,0.457995712467698
1.24643551827826,0.0120745515295987,8.67832165277038e-09,0.0352932943665388,0.0944029883671111,0.292693822469493,0.458050497008011
1.24656894055978,0.0121338551339245,8.67462036851969e-09,0.035406057639759,0.0944453935629856,0.292756751632329,0.458105288608859
1.2467023628413,0.0121935116618418,8.670921451648e-09,0.0355193555471119,0.0944878263432895,0.292819698290658,0.458160087270605
1.246735788995,0.0122085129331567,8.66999513622725e-09,0.0355478241019478,0.0944984613099555,0.292835470996619,0.458173817031846
1.24683578512282,0.0122535236307091,8.66722490013679e-09,0.0356331914303829,0.0945302867310277,0.292882662449595,0.458214892993612
1.24696920740435,0.0123138935796472,8.66353071196972e-09,0.0357475686571548,0.0945727747492281,0.292945644114257,0.458269705778244
1.24710262968587,0.012374624068434,8.65983888513258e-09,0.0358624906210434,0.0946152904209414,0.29300864328976,0.458324525624864
1.24723605196739,0.0124357176790079,8.65614941761331e-09,0.0359779607419356,0.0946578337692413,0.29307165998122,0.458379352533833
1.24736947424891,0.0124971770152878,8.652462307402e-09,0.0360939824662306,0.0947004048172247,0.293134694193759,0.458434186505513
1.24750289653043,0.0125590047021478,8.64877755249088e-09,0.0362105592670832,0.094743003588011,0.293197745932493,0.458489027540267
1.24763631881195,0.0126212033877466,8.6450951508743e-09,0.0363276946446493,0.0947856301047432,0.293260815202546,0.458543875638455
1.24776974109347,0.0126837757425109,8.64141510054876e-09,0.0364453921263354,0.094828284390587,0.293323902009037,0.458598730800438
1.24790316337499,0.0127467244592474,8.63773739951288e-09,0.0365636552670488,0.0948709664687313,0.293387006357089,0.458653593026576
1.24803658565651,0.012810052253188,8.63406204576743e-09,0.0366824876494519,0.0949136763623881,0.293450128251827,0.45870846231723
1.2480991359709,0.0128398725400069,8.63233979385646e-09,0.0367383950184143,0.0949337089678554,0.293479726760847,0.458734188274546
1.24817000793803,0.0128737618638111,8.63038903731529e-09,0.0368018928842186,0.0949564140947924,0.293513267698373,0.458763338672758
1.24830343021956,0.0129378560530789,8.62671837216146e-09,0.0369218746102937,0.0949991796892026,0.293576424701854,0.458818222093521
1.24843685250108,0.0130023376066481,8.62305004831307e-09,0.0370424364951549,0.0950419731689002,0.293639599267397,0.458873112579877
1.2485702747826,0.0130672093340677,8.61938406377936e-09,0.0371635822350774,0.0950847945571897,0.293702791400128,0.458928010132184
1.24870369706412,0.0131324740692534,8.61572041657169e-09,0.0372853155554015,0.0951276438773992,0.293766001105175,0.458982914750801
1.24883711934564,0.0131981346699726,8.61205910470355e-09,0.0374076402108035,0.0951705211528797,0.293829228387668,0.459037826436085
1.24897054162716,0.0132641940183963,8.60840012619051e-09,0.0375305599855687,0.0952134264070058,0.293892473252737,0.459092745188393
1.24910396390868,0.0133306550213842,8.60474347905026e-09,0.0376540786938676,0.0952563596631752,0.293955735705513,0.459147671008082
1.2492373861902,0.0133975206115537,8.6010891613026e-09,0.0377782001800356,0.0952993209448092,0.294019015751128,0.45920260389551
1.24937080847172,0.0134647937459036,8.59743717096942e-09,0.0379029283188549,0.0953423102753521,0.294082313394716,0.45925754385103
1.24946248294679,0.0135112548912297,8.59492923566673e-09,0.03798898269107,0.0953718645219904,0.294125815420204,0.459295297201819
1.24950423075324,0.013532477407641,8.59378750607472e-09,0.0380282670158399,0.0953853276782718,0.29414562864141,0.459312490875001
1.24963765303477,0.0136005746050331,8.5901401646446e-09,0.0381542202075255,0.0954283731770598,0.294208961496346,0.459367444967776
1.24977107531629,0.0136690883728959,8.58649514470724e-09,0.0382807918617585,0.0954714467952307,0.294272311964658,0.459422406129711
1.24990449759781,0.0137380217719367,8.58285244429293e-09,0.0384079859779927,0.0955145485563228,0.294335680051484,0.45947737436116
1.25003791987933,0.0138073778895459,8.57921206143402e-09,0.0385358065875859,0.0955576784838978,0.294399065761963,0.459532349662478
1.25017134216085,0.0138771598400601,8.57557399416496e-09,0.0386642577541015,0.095600836601541,0.294462469101232,0.459587332034018
1.25030476444237,0.0139473707647163,8.57193824052231e-09,0.0387933435736126,0.0956440229328613,0.294525890074431,0.459642321476133
1.25043818672389,0.0140180138318357,8.56830479854467e-09,0.0389230681750094,0.095687237501491,0.294589328686701,0.459697317989177
1.25057160900541,0.0140890922379334,8.56467366627273e-09,0.0390534357203106,0.0957304803310862,0.294652784943184,0.459752321573501
1.25070503128693,0.0141606092072597,8.56104484174928e-09,0.039184450404977,0.0957737514453264,0.294716258849022,0.459807332229459
1.25082582992269,0.0142257406545571,8.5577613445715e-09,0.039303630962033,0.0958129529134788,0.294773742448281,0.459857144194801
1.25083845356846,0.0142325679917276,8.55741832301915e-09,0.0393161164582298,0.0958170508679151,0.294779750409359,0.459862349957402
1.25097187584998,0.0143049718721783,8.55379410812926e-09,0.0394484381433711,0.0958603786225792,0.294843259629339,0.459917374757681
1.2511052981315,0.014377824158224,8.55017219512857e-09,0.03958141975811,0.0959037347330694,0.294906786514108,0.459972406630647
1.25123872041302,0.0144511281883262,8.54655258206815e-09,0.0397150656348889,0.0959471192231603,0.294970331068812,0.460027445576652
1.25137214269454,0.014524887329938,8.5429352670011e-09,0.0398493801412167,0.09599053211665,0.295033893298598,0.460082491596044
1.25150556497606,0.0145991049811882,8.53932024798259e-09,0.0399843676800035,0.0960339734373605,0.295097473208614,0.460137544689174
1.25163898725758,0.0146737845690561,8.53570752306983e-09,0.0401200326899006,0.0960774432091377,0.29516107080401,0.460192604856392
1.2517724095391,0.0147489295513911,8.53209709032212e-09,0.0402563796456423,0.0961209414558513,0.295224686089937,0.460247672098046
1.25190583182062,0.0148245434159919,8.52848894780077e-09,0.0403934130583934,0.0961644682013948,0.295288319071544,0.460302746414485
1.25203925410214,0.014900629681929,8.52488309356917e-09,0.0405311374760991,0.0962080234696858,0.295351969753984,0.460357827806057
1.25217267638367,0.0149771919004649,8.52127952569276e-09,0.0406695574838396,0.0962516072846656,0.29541563814241,0.46041291627311
1.25218917689859,0.0149866937001906,8.52083402632261e-09,0.0406867246329912,0.0962569993389981,0.295423513329074,0.460419729630358
1.25230609866519,0.0150542336514936,8.51767824223898e-09,0.0408086777041883,0.0962952196702997,0.295479324241976,0.460468011815991
1.25243952094671,0.0151317585498216,8.51407924127737e-09,0.0409485027975739,0.0963388606505772,0.295543028057837,0.460523114435048
1.25257294322823,0.0152097702409248,8.51048252087946e-09,0.0410890374626466,0.0963825302495116,0.295606749595148,0.460578224130627
1.25270636550975,0.0152882724026268,8.50688807911885e-09,0.0412302864366486,0.0964262284911403,0.295670488859067,0.460633340903074
1.25283978779127,0.0153672687457808,8.50329591407115e-09,0.041372254495788,0.0964699553995248,0.29573424585475,0.460688464752735
1.25297321007279,0.015446763014589,8.49970602381402e-09,0.0415149464556179,0.0965137109987506,0.295798020587357,0.460743595679956
1.25310663235431,0.015526758986687,8.49611840642714e-09,0.0416583671714185,0.0965574953129274,0.295861813062047,0.460798733685082
1.25324005463583,0.0156072604732533,8.49253305999221e-09,0.0418025215385849,0.0966013083661889,0.295925623283981,0.460853878768456
1.25337347691735,0.0156882713199884,8.48894998259296e-09,0.0419474144930177,0.0966451501826933,0.295989451258319,0.460909030930424
1.25350689919888,0.0157697954069625,8.48536917231515e-09,0.0420930510115192,0.0966890207866227,0.296053296990225,0.46096419017133
1.25355252387449,0.015797791595576,8.4841452092153e-09,0.042143023935498,0.0967040292537488,0.296075133556901,0.460983053881062
1.2536403214804,0.015851836649081,8.48179062724653e-09,0.0422394361121931,0.0967329202021835,0.296117160484862,0.461019356491516
1.25377374376192,0.0159343989965523,8.4782143454769e-09,0.0423865748548495,0.0967768484536064,0.296181041747393,0.461074529891326
1.25390716604344,0.0160174864352332,8.47464032509805e-09,0.042534472341414,0.0968208055651464,0.296244940782984,0.461129710371103
1.25404058832496,0.0161011029873153,8.47106856420379e-09,0.0426831337163413,0.0968647915610827,0.296308857596801,0.461184897931188
1.25417401060648,0.0161852527104787,8.46749906088994e-09,0.0428325641670334,0.0969088064657191,0.296372792194012,0.461240092571924
1.254307432888,0.0162699396998947,8.46393181325431e-09,0.0429827689242632,0.0969528503033834,0.296436744579783,0.461295294293652
1.25444085516952,0.0163551680879095,8.46036681939673e-09,0.0431337532626025,0.0969969230984281,0.296500714759284,0.461350503096713
1.25457427745104,0.0164409420438704,8.45680407741903e-09,0.0432855225008539,0.09704102487523,0.296564702737685,0.461405718981447
1.25470769973256,0.016527265775438,8.45324358542502e-09,0.043438082002489,0.0970851556581903,0.296628708520156,0.461460941948196
1.25484112201409,0.0166141435285204,8.44968534152053e-09,0.0435914371760909,0.0971293154717348,0.296692732111869,0.461516171997298
1.25491587085039,0.0166630598760193,8.44769284379761e-09,0.0436777030527962,0.0971540683744564,0.296728608636333,0.461547117315152
1.25497454429561,0.0167015795876695,8.44612934381336e-09,0.0437455934758017,0.0971735043403137,0.296756773517997,0.461571409129093
1.25510796657713,0.0167895782765457,8.44257559041333e-09,0.0439005564017754,0.0972177222884018,0.296820832743713,0.46162665334392
1.25524138885865,0.0168781439584366,8.43902407943221e-09,0.0440563315006352,0.0972619693404984,0.296884909794192,0.461681904642119
1.25537481114017,0.0169672810366201,8.43547480898378e-09,0.0442129243659372,0.0973062455211274,0.296949004674609,0.461737163024026
1.25550823342169,0.0170569939547178,8.4319277771838e-09,0.0443703406386382,0.0973505508548374,0.297013117390139,0.46179242848998
1.25564165570321,0.0171472871966633,8.42838298215001e-09,0.0445285860075692,0.0973948853662016,0.297077247945962,0.461847701040318
1.25577507798473,0.017238165289024,8.42484042200212e-09,0.0446876662099152,0.0974392490798178,0.297141396347254,0.461902980675378
1.25590850026625,0.0173296327982418,8.42130009486182e-09,0.0448475870316989,0.0974836420203085,0.297205562599194,0.461958267395495
1.25604192254777,0.01742169433415,8.41776199885278e-09,0.0450083543082713,0.0975280642123211,0.297269746706963,0.462013561201007
1.2561753448293,0.0175143545485806,8.41422613210064e-09,0.0451699739248073,0.0975725156805276,0.297333948675742,0.462068862092248
1.25627921782628,0.0175869106150675,8.4114749025842e-09,0.0452963932333918,0.0976071426824089,0.297383944082114,0.462111920296509
1.25630876711082,0.0176076181371495,8.41069249273298e-09,0.0453324518168069,0.0976169964496248,0.297398168510712,0.462124170069555
1.25644218939234,0.0177014898376499,8.40716107887939e-09,0.0454957939706028,0.0976615065443344,0.297462406217056,0.462179485133262
1.25657561167386,0.0177959744329465,8.40363188867139e-09,0.0456600064238727,0.0977060459894028,0.297526661799957,0.462234807283704
1.25670903395538,0.0178910767500372,8.40010492024246e-09,0.0458250952661591,0.0977506148096014,0.297590935264601,0.462290136521214
1.2568424562369,0.0179868016607326,8.39658017172807e-09,0.0459910666393933,0.0977952130297264,0.297655226616173,0.462345472846128
1.25697587851842,0.0180831540821283,8.39305764126562e-09,0.0461579267384274,0.0978398406745991,0.297719535859859,0.462400816258777
1.25710930079994,0.0181801389771882,8.38953732699446e-09,0.0463256818115704,0.0978844977690654,0.297783863000847,0.462456166759496
1.25724272308146,0.0182777613554807,8.3860192270559e-09,0.0464943381611322,0.0979291843379966,0.297848208044324,0.462511524348616
1.25737614536298,0.0183760262731769,8.3825033395932e-09,0.0466639021439732,0.0979739004062887,0.29791257099548,0.46256688902647
1.25750956764451,0.0184749388342627,8.37898966275155e-09,0.0468343801720601,0.0980186459988629,0.297976951859505,0.46262226079339
1.25764256480218,0.0185741859027014,8.37548937977438e-09,0.0470052311165827,0.0980632784265345,0.298041145419083,0.46267746318462
1.25764298992603,0.0185745041899685,8.37547819467811e-09,0.0470057787130287,0.0980634211406654,0.29804135064159,0.462677639649706
1.25777641220755,0.0186747275405146,8.37196893352197e-09,0.0471781042907525,0.0981082258566674,0.298105767346927,0.46273302559575
1.25790983448907,0.018775614134893,8.36846187743414e-09,0.0473513634859195,0.0981530601718656,0.298170201980708,0.462788418631852
1.25804325677059,0.018877169270841,8.36495702456759e-09,0.0475255629366134,0.0981979241112814,0.298234654548128,0.462843818758343
1.25817667905211,0.0189793982976387,8.3614543730772e-09,0.0477007093389033,0.0982428176999617,0.29829912505438,0.462899225975551
1.25831010133363,0.0190823066132382,8.35795392111981e-09,0.04787680944744,0.0982877409629783,0.298363613504661,0.462954640283807
1.25844352361515,0.0191858996679813,8.35445566685417e-09,0.0480538700760593,0.0983326939254286,0.298428119904167,0.463010061683439
1.25857694589667,0.0192901829640873,8.35095960844095e-09,0.0482318980983919,0.098377676612435,0.298492644258096,0.463065490174775
1.25871036817819,0.0193951620545668,8.34746574404277e-09,0.0484109004484807,0.0984226890491453,0.298557186571644,0.463120925758144
1.25884379045972,0.0195008425469676,8.34397407182415e-09,0.0485908841214061,0.0984677312607326,0.298621746850013,0.463176368433873
1.25897721274124,0.019607230100498,8.34048458995153e-09,0.0487718561739173,0.0985128032723953,0.298686325098401,0.46323181820229
1.25900591177808,0.0196302069385612,8.33973429097444e-09,0.0488109129829615,0.0985225021265151,0.298700218182094,0.463243746334545
1.25911063502276,0.0197143304296299,8.33699729659327e-09,0.0489538237250726,0.0985579051093573,0.29875092132201,0.463287275063721
1.25924405730428,0.0198221493032592,8.33351218991965e-09,0.0491367939568854,0.0986030367968678,0.298815535526041,0.463342739018493
1.2593774795858,0.0199306925435571,8.33002926810286e-09,0.0493207741149803,0.0986481983602016,0.298880167715698,0.463398210066932
1.25951090186732,0.020039966031808,8.32654852931698e-09,0.0495057715092542,0.0986933898246587,0.298944817896183,0.463453688209362
1.25964432414884,0.0201499757029358,8.32306997173803e-09,0.0496917935145477,0.0987386112155649,0.299009486072702,0.46350917344611
1.25977774643036,0.0202607275499393,8.31959359354392e-09,0.0498788475713229,0.0987838625582712,0.299074172250461,0.463564665777501
1.25991116871188,0.0203722276230837,8.31611939291444e-09,0.0500669411863498,0.0988291438781545,0.299138876434664,0.463620165203857
1.26004459099341,0.0204844820314436,8.31264736803132e-09,0.050256081933401,0.0988744552006171,0.299203598630521,0.463675671725505
1.26017801327493,0.0205974969426513,8.30917751707816e-09,0.0504462774539547,0.0989197965510869,0.299268338843238,0.463731185342766
1.26031143555645,0.0207112785838185,8.30570983824046e-09,0.0506375354579055,0.0989651679550174,0.299333097078025,0.463786706055964
1.26036925875398,0.0207608295560039,8.30420767292404e-09,0.0507207557508084,0.0989848405759405,0.299361167915931,0.463810770096891
1.26044485783797,0.0208258332426227,8.30224432970562e-09,0.0508298637242844,0.0990105694378879,0.299397873340092,0.463842233865422
1.26057828011949,0.0209411672673919,8.29878098966292e-09,0.0510232701019873,0.0990560010252033,0.299462667634649,0.463897768771461
1.26071170240101,0.0210572870680014,8.29531981630354e-09,0.0512177625105119,0.0991014627424944,0.29952747996691,0.463953310774405
1.26084512468253,0.0211741991167797,8.29186080782053e-09,0.0514133489407036,0.0991469546153175,0.299592310342085,0.464008859874574
1.26097854696405,0.0212919099491317,8.28840396240885e-09,0.0516100374555106,0.0991924766692548,0.299657158765389,0.464064416072289
1.26111196924557,0.0214104261641606,8.2849492782653e-09,0.051807836190748,0.0992380289299145,0.299722025242036,0.464119979367871
1.26124539152709,0.0215297544245586,8.28149675358861e-09,0.0520067533558702,0.0992836114229303,0.299786909777242,0.46417554976164
1.26137881380862,0.0216499014594578,8.27804638657933e-09,0.0522067972347553,0.0993292241739621,0.299851812376222,0.464231127253916
1.26151223609014,0.0217708740632007,8.27459817543992e-09,0.0524079761864948,0.0993748672086955,0.299916733044194,0.464286711845018
1.26164565837166,0.0218926790963098,8.27115211837471e-09,0.0526102986461966,0.0994205405528421,0.299981671786376,0.464342303535265
1.26173260572988,0.0219725071209832,8.26890758322673e-09,0.0527427656647612,0.0994503208455007,0.300024000175231,0.464378534817772
1.26177908065318,0.0220153234874275,8.2677082135899e-09,0.0528137731257959,0.0994662442321395,0.300046628607987,0.464397902324976
1.2619125029347,0.022138814233129,8.26426645929353e-09,0.0530184082148766,0.0995119782723512,0.300111603514246,0.464453508214468
1.26204592521622,0.0222631583992769,8.26082685369554e-09,0.0532242125815019,0.0995577426992668,0.300176596510374,0.46450912120406
1.26217934749774,0.0223883631195423,8.2573893950077e-09,0.053431194973056,0.099603537538702,0.300241607601593,0.464564741294069
1.26231276977926,0.0225144356002765,8.25395408144368e-09,0.0536393642170954,0.0996493628164984,0.300306636793125,0.464620368484812
1.26244619206078,0.0226413831188681,8.25052091121896e-09,0.0538487292222105,0.0996952185585239,0.300371684090194,0.464676002776604
1.2625796143423,0.0227692130225899,8.24708988255092e-09,0.0540592989788983,0.0997411047906725,0.300436749498023,0.464731644169762
1.26271303662383,0.0228979327345295,8.24366099365875e-09,0.0542710825604453,0.0997870215388643,0.300501833021838,0.464787292664602
1.26284645890535,0.0230275497498352,8.24023424276353e-09,0.0544840891238212,0.0998329688290456,0.300566934666865,0.464842948261439
1.26297988118687,0.0231580716392496,8.23680962808816e-09,0.0546983279105839,0.099878946687189,0.30063205443833,0.464898610960587
1.26309595270578,0.0232723619060746,8.23383210008441e-09,0.0548857157692801,0.0999189702862187,0.300688720524391,0.464947040838784
1.26311330346839,0.0232895060472589,8.23338714785741e-09,0.0549138082477951,0.0999249551392934,0.300697192341462,0.464954280762361
1.26324672574991,0.0234218606961361,8.22996680029786e-09,0.0551305395489478,0.0999709942113839,0.300762348381488,0.465009957667075
1.26338014803143,0.0235551433855674,8.22654858363797e-09,0.0553485313149045,0.100017063929512,0.300827522563639,0.465065641675042
1.26351357031295,0.0236893619921966,8.22313249610802e-09,0.0555677931348476,0.100063164319755,0.300892714893145,0.465121332786575
1.26364699259447,0.0238245244718687,8.21971853594012e-09,0.0557883346872407,0.100109295408218,0.300957925375237,0.465177031001988
1.26378041487599,0.0239606388613583,8.21630670136822e-09,0.056010165740803,0.100155457221031,0.301023154015147,0.465232736321591
1.26391383715751,0.0240977132771034,8.21289699062811e-09,0.0562332961554944,0.100201649784351,0.301088400818108,0.465288448745698
1.26404725943904,0.024235755917959,8.2094894019574e-09,0.056457735883514,0.100247873124362,0.301153665789354,0.465344168274619
1.26418068172056,0.0243747750645704,8.20608393359555e-09,0.0566834949703097,0.100294127267273,0.30121894893412,0.465399894908665
1.26431410400208,0.0245147790827491,8.2026805837838e-09,0.0569105835556017,0.100340412239322,0.301284250257642,0.465455628648147
1.2644475262836,0.0246557764217979,8.19927935076526e-09,0.0571390118744176,0.10038672806677,0.301349569765155,0.465511369493375
1.26445929968167,0.0246682662329802,8.19897932203582e-09,0.0571592334296512,0.100390816532723,0.301355334537486,0.465516288496965
1.26458094856512,0.0247977756164145,8.19588023278484e-09,0.0573687902581406,0.100433074775909,0.301414907461898,0.465567117444659
1.26471437084664,0.0249407852894542,8.19248322808927e-09,0.0575999291355725,0.100479452393054,0.301480263353108,0.465622872502308
1.26484779312816,0.0250848141500828,8.18908833492709e-09,0.0578324390340062,0.100525860944548,0.301545637444026,0.465678634666631
1.26498121540968,0.0252298709966916,8.18569555154866e-09,0.0580663305803151,0.100572300456761,0.301611029739889,0.465734403937935
1.2651146376912,0.0253759647159666,8.18230487620615e-09,0.0583016145020549,0.10061877095609,0.301676440245941,0.465790180316531
1.26524805997272,0.0255231042875512,8.17891630715356e-09,0.0585383016285786,0.100665272468956,0.301741868967421,0.465845963802723
1.26538148225425,0.0256712987821984,8.17552984264666e-09,0.0587764028921665,0.100711805021811,0.301807315909574,0.465901754396821
1.26551490453577,0.0258205573622439,8.17214548094306e-09,0.0590159293291694,0.100758368641131,0.301872781077641,0.465957552099131
1.26564832681729,0.0259708892858046,8.16876322030215e-09,0.0592568920811671,0.100804963353419,0.301938264476869,0.466013356909958
1.26578174909881,0.0261223039054539,8.16538305898512e-09,0.0594993023961407,0.100851589185206,0.302003766112501,0.466069168829609
1.26582264665757,0.0261689348597059,8.16434736769875e-09,0.0595738993617553,0.10086588750656,0.30202384779818,0.46608627812477
1.26591517138033,0.0262748106693009,8.16200499525498e-09,0.0597431716296602,0.100898246163049,0.302069285989784,0.46612498785839
1.26604859366185,0.0264284191233085,8.15862902737652e-09,0.0599885112460866,0.100944934313532,0.302134824113965,0.466180813996604
1.26618201594337,0.0265831389129329,8.15525515361632e-09,0.0602353328197898,0.100991653663267,0.302200380490291,0.466236647244558
1.26631543822489,0.0267389797817065,8.15188337224277e-09,0.060483648036381,0.101038404238891,0.302265955124012,0.466292487602555
1.26644886050641,0.0268959515744267,8.14851368152602e-09,0.0607334686939618,0.10108518606707,0.302331548020376,0.466348335070898
1.26658228278793,0.0270540642394775,8.14514607973804e-09,0.060984806704388,0.101131999174496,0.302397159184634,0.466404189649891
1.26671570506946,0.0272133278267836,8.14178056515256e-09,0.0612376740945504,0.101178843587888,0.302462788622038,0.466460051339838
1.26684912735098,0.0273737524914045,8.13841713604511e-09,0.0614920830076712,0.101225719333993,0.302528436337839,0.466515920141039
1.2669825496325,0.0275353484938138,8.13505579069299e-09,0.0617480457046173,0.101272626439584,0.30259410233729,0.466571796053799
1.26711597191402,0.0276981262030742,8.13169652737528e-09,0.0620055745652297,0.101319564931462,0.302659786625645,0.466627679078417
1.26718599363347,0.0277840303748076,8.12993437551621e-09,0.062141359863252,0.10134421141955,0.302694265899635,0.466657010050031
1.26724939419554,0.0278620960950421,8.12833934437284e-09,0.0622646820896711,0.101366534836455,0.302725489208159,0.466683569215195
1.26738281647706,0.0280272687543424,8.1249842399683e-09,0.0625253808997888,0.101413536181418,0.302791210090087,0.466739466464434
1.26751623875858,0.028193654879076,8.12163121244608e-09,0.0627876837404973,0.101460568993234,0.302856949276686,0.466795370826434
1.2676496610401,0.0283612652785765,8.11828026009233e-09,0.0630516034811763,0.101507633298811,0.302922706773212,0.466851282301495
1.26778308332162,0.0285301108747329,8.114931381195e-09,0.0633171531170882,0.101554729125088,0.302988482584925,0.466907200889917
1.26791650560314,0.0287002027056646,8.1115845740438e-09,0.0635843457708129,0.101601856499029,0.303054276717081,0.466963126591999
1.26804992788467,0.0288715519259712,8.1082398369302e-09,0.0638531946937028,0.101649015447625,0.303120089174943,0.467019059408038
1.26818335016619,0.029044169808053,8.10489716814742e-09,0.0641237132673526,0.101696205997896,0.303185919963769,0.467074999338334
1.26831677244771,0.0292180677412734,8.10155656599045e-09,0.064395915005092,0.101743428176888,0.303251769088822,0.467130946383183
1.26845019472923,0.029393257239391,8.09821802875605e-09,0.0646698135534962,0.101790682011676,0.303317636555364,0.467186900542884
1.26854934060937,0.0295242836331781,8.09573850350627e-09,0.0648744542087317,0.101825816777183,0.303366594444419,0.46722848459593
1.26858361701075,0.0295697499371108,8.0948815547427e-09,0.064945422693915,0.101837967529361,0.303383522368658,0.467242861817733
1.26871703929227,0.0297475575902501,8.09154714225067e-09,0.0652227563440231,0.101885284757072,0.303449426533968,0.467298830208026
1.26885046157379,0.0299266920831599,8.08821478958195e-09,0.0655018285593892,0.101932633721967,0.303515349056559,0.46735480571406
1.26898388385531,0.030107165424998,8.08488449504029e-09,0.0657826535350661,0.101980014451229,0.303581289941696,0.46741078833613
1.26911730613683,0.0302889897546786,8.08155625693119e-09,0.0660652456072016,0.102027426972072,0.303647249194646,0.467466778074531
1.26925072841835,0.0304721773386877,8.07823007356189e-09,0.0663496192546692,0.102074871311733,0.303713226820677,0.467522774929558
1.26938415069988,0.0306567405767993,8.07490594324137e-09,0.0666357891007213,0.102122347497482,0.303779222825057,0.467578778901505
1.2695175729814,0.0308426920018556,8.07158386428035e-09,0.066923769914663,0.102169855556613,0.303845237213054,0.467634789990665
1.26965099526292,0.0310300442794346,8.06826383499128e-09,0.0672135766135478,0.102217395516449,0.303911269989939,0.467690808197334
1.26978441754444,0.0312188102137982,8.06494585368835e-09,0.0675052242638958,0.102264967404341,0.303977321160982,0.467746833521802
1.26991268758527,0.0314016316232896,8.06175792901549e-09,0.0677873594859739,0.102310732382056,0.304040839044412,0.467800702080963
1.26991783982596,0.0314090027454873,8.0616299186875e-09,0.067798728083434,0.102312571247667,0.304043390731455,0.467802865964363
1.27005126210748,0.0316006349566824,8.05831602830637e-09,0.068094103442859,0.102360207073834,0.30410947870663,0.467858905525309
1.270184684389,0.031793720068062,8.05500418086435e-09,0.0683913658676235,0.102407874910276,0.304175585091781,0.467914952204931
1.27031810667052,0.031988271445463,8.05169437468255e-09,0.0686905310397453,0.102455574784456,0.304241709892181,0.467971006003521
1.27045152895204,0.0321843026013228,8.04838660808381e-09,0.0689916147996408,0.102503306723863,0.304307853113106,0.46802706692137
1.27058495123357,0.0323818271916582,8.04508087939267e-09,0.069294633147982,0.102551070756016,0.304374014759832,0.468083134958767
1.27071837351509,0.0325808590217795,8.04177718693543e-09,0.0695996022475778,0.102598866908462,0.304440194837634,0.468139210116003
1.27085179579661,0.0327814120495389,8.03847552904006e-09,0.0699065384252805,0.102646695208774,0.304506393351791,0.468195292393367
1.27098521807813,0.0329835003827079,8.03517590403629e-09,0.0702154581739171,0.102694555684554,0.30457261030758,0.468251381791148
1.27111864035965,0.0331871382857568,8.03187831025553e-09,0.0705263781542457,0.102742448363434,0.304638845710281,0.468307478309635
1.27125206264117,0.0333923401759216,8.02858274603093e-09,0.0708393151969378,0.102790373273072,0.304705099565174,0.468363581949116
1.27127603456116,0.0334293755689039,8.02799084847615e-09,0.0708957555168476,0.102798987337355,0.304717005320713,0.468373662818905
1.27138548492269,0.0335991206314414,8.02528920969732e-09,0.0711542863045888,0.102838330441154,0.304771371877538,0.468419692709878
1.27151890720421,0.0338074943903489,8.02199769959127e-09,0.07147130865375,0.102886319895397,0.304837662652657,0.468475810592209
1.27165232948573,0.034017476351615,8.01870821405101e-09,0.071790399596993,0.102934341663542,0.304903971895812,0.468531935596396
1.27178575176725,0.034229081578553,8.01542075141653e-09,0.0721115766649982,0.102982395773363,0.304970299612286,0.468588067722724
1.27191917404878,0.034442325303522,8.01213531002948e-09,0.0724348575686717,0.103030482252658,0.305036645807364,0.468644206971481
1.2720525963303,0.0346572229220912,8.00885188823322e-09,0.0727602602012908,0.103078601129255,0.30510301048633,0.468700353342951
1.27218601861182,0.0348737900039255,8.0055704843728e-09,0.0730878026406771,0.103126752431012,0.305169393654471,0.46875650683742
1.27231944089334,0.0350920422920568,8.002291096795e-09,0.0734175031513987,0.103174936185814,0.305235795317072,0.468812667455172
1.27245286317486,0.0353119957009902,7.99901372384823e-09,0.0737493801870026,0.103223152421574,0.305302215479421,0.468868835196491
1.27258628545638,0.0355336663246757,7.99573836388265e-09,0.0740834523922749,0.103271401166233,0.305368654146805,0.468925010061662
1.27263938153706,0.0356223625617812,7.99443547716684e-09,0.0742170129324984,0.10329061105038,0.305395098903539,0.468947367118782
1.2727197077379,0.0357570704367041,7.99246501525008e-09,0.0744197386055333,0.103319682447763,0.305435111324515,0.468981192050966
1.27285313001942,0.0359822244909757,7.98919367630403e-09,0.0747582578609484,0.103367996294162,0.30550158701784,0.469037381164688
1.27298655230094,0.0362091451251764,7.9859243453997e-09,0.0750990293908969,0.103416342733458,0.30556808123207,0.46909357740311
1.27311997458246,0.0364378491638975,7.98265702089395e-09,0.0754420726283458,0.103464721793706,0.305634593972498,0.469149780766513
1.27325339686399,0.0366683536198525,7.97939170114537e-09,0.075787407209269,0.103513133502993,0.305701125244414,0.46920599125518
1.27338681914551,0.0369006756981878,7.97612838451416e-09,0.0761350529750954,0.103561577889431,0.305767675053112,0.46926220886939
1.27352024142703,0.037134832795666,7.97286706936226e-09,0.0764850299751906,0.103610054981162,0.305834243403887,0.469318433609426
1.27365366370855,0.0373708425059693,7.96960775405325e-09,0.0768373584693712,0.103658564806358,0.305900830302032,0.469374665475567
1.27378708599007,0.0376087226224153,7.96635043695238e-09,0.0771920589304535,0.103707107393218,0.305967435752843,0.469430904468093
1.27392050827159,0.0378484911364927,7.96309511642659e-09,0.0775491520468357,0.10375568276997,0.306034059761617,0.469487150587282
1.27400272851296,0.0379971945661756,7.96109004897668e-09,0.0777704079668454,0.103785633236111,0.306075125432129,0.46952181528483
1.27405393055311,0.0380901662460851,7.95984179084447e-09,0.077908658725115,0.103804290964873,0.30610070233365,0.469543403833415
1.27418735283463,0.0383337663537424,7.95659045857629e-09,0.0782706000927405,0.103852932006211,0.306167363474242,0.469599664206769
1.27432077511615,0.0385793100731199,7.95334111799397e-09,0.0786349975007009,0.1039016059223,0.306234043188689,0.469655931707623
1.27445419739767,0.0388268162251294,7.95009376747111e-09,0.079001872526249,0.103950312741485,0.306300741482292,0.469712206336254
1.2745876196792,0.0390763038502561,7.94684840538294e-09,0.0793712469756624,0.103999052492137,0.306367458360352,0.469768488092939
1.27472104196072,0.0393277922035321,7.94360503010638e-09,0.0797431428870417,0.10404782520266,0.306434193828168,0.469824776977954
1.27485446424224,0.0395813007598769,7.94036364001999e-09,0.0801175825331482,0.104096630901483,0.306500947891044,0.469881072991576
1.27498788652376,0.0398368492168325,7.93712423350398e-09,0.0804945884242754,0.104145469617068,0.306567720554282,0.469937376134081
1.27512130880528,0.0400944574993136,7.93388680894022e-09,0.0808741833111639,0.104194341377904,0.306634511823186,0.469993686405744
1.2752547310868,0.0403541457611826,7.93065136471223e-09,0.081256390187954,0.104243246212508,0.30670132170306,0.47005000380684
1.27536607548886,0.0405724693609462,7.92795281617292e-09,0.0815773681042097,0.104284083920822,0.306757090554642,0.47009700761647
1.27538815336832,0.0406159343833702,7.92741789920518e-09,0.0816412322951776,0.104292184149428,0.306768150199209,0.470106328337643
1.27552157564984,0.0408798439889793,7.92418641080586e-09,0.082028733122792,0.104341155217241,0.306834997316939,0.470162659998427
1.27565499793136,0.0411458954333803,7.92095689790275e-09,0.0824189164132536,0.104390159444553,0.306901863061557,0.470218998789466
1.27578842021288,0.0414141098143866,7.91772935888593e-09,0.082811806164634,0.104439196859999,0.306968747438371,0.470275344711032
1.27592184249441,0.041684508475132,7.91450379214714e-09,0.0832074266337783,0.104488267492243,0.307035650452688,0.470331697763399
1.27605526477593,0.0419571130035183,7.91128019607975e-09,0.083605802339506,0.10453737136998,0.307102572109819,0.470388057946838
1.27618868705745,0.0422319452422192,7.90805856907877e-09,0.0840069580658557,0.104586508521932,0.307169512415072,0.470444425261621
1.27632210933897,0.0425090272821778,7.90483890954085e-09,0.0844109188653741,0.104635678976852,0.307236471373759,0.47050079970802
1.27645553162049,0.0427883814756323,7.90162121586425e-09,0.084817710062449,0.104684882763522,0.307303448991191,0.470557181286305
1.27658895390201,0.0430700304366679,7.89840548644888e-09,0.0852273572566883,0.104734119910753,0.307370445272681,0.470613569996747
1.27672237618353,0.0433539970388225,7.89519171969628e-09,0.0856398863263454,0.104783390447388,0.307437460223542,0.470669965839615
1.27672942246476,0.0433690587186576,7.89502204917192e-09,0.0856617533750604,0.104785993445737,0.307440999928055,0.470672944408266
1.27685579846505,0.043640304426693,7.89197991400959e-09,0.0860553234317898,0.104832694402295,0.307504493849087,0.47072636881518
1.27698922074657,0.043928976014507,7.8887700677936e-09,0.086473695019027,0.104882031804375,0.307571546154632,0.470782778923709
1.27712264302809,0.0442200354935525,7.88556217945472e-09,0.0868950278232648,0.104931402682559,0.307638617145491,0.470839196165472
1.27725606530962,0.044513506829651,7.88235624740096e-09,0.087319348872529,0.104980807065804,0.307705706826982,0.470895620540736
1.27738948759114,0.0448094142747519,7.87915227004196e-09,0.0877466854913286,0.105030244983101,0.307772815204421,0.47095205204977
1.27752290987266,0.0451077823650975,7.87595024578898e-09,0.0881770653043704,0.105079716463468,0.307839942283126,0.47100849069284
1.27765633215418,0.0454086359244876,7.87275017305488e-09,0.0886105162403254,0.105129221535953,0.307907088068415,0.471064936470214
1.2777897544357,0.0457120000745543,7.86955205025416e-09,0.0890470665356456,0.105178760229634,0.307974252565609,0.471121389382157
1.27792317671722,0.0460179002316073,7.8663558758029e-09,0.0894867447384337,0.105228332573621,0.308041435780027,0.471177849428935
1.27805659899874,0.046326362114902,7.86316164811879e-09,0.0899295797123658,0.105277938597049,0.30810863771699,0.471234316610814
1.27809276944065,0.0464104301100723,7.86229603631344e-09,0.0900501788466843,0.105291392470733,0.308126859218059,0.471249625949897
1.27819002128026,0.046637411747852,7.85996936562116e-09,0.0903756006406663,0.105327578329088,0.30817585838182,0.471290790928059
1.27832344356178,0.0469510754651151,7.85677902673089e-09,0.0908248370301418,0.105377251798935,0.30824309777984,0.471347272380934
1.2784568658433,0.0472673799143897,7.85359062987051e-09,0.0912773187152626,0.105426959035818,0.308310355916373,0.471403760969704
1.27859028812483,0.0475863520604531,7.85040417346412e-09,0.0917330758623069,0.105476700068994,0.308377632796743,0.471460256694631
1.27872371040635,0.0479080191932554,7.84721965593744e-09,0.0921921389735591,0.10552647492775,0.308444928426275,0.471516759555979
1.27885713268787,0.0482324089270345,7.84403707571776e-09,0.0926545388915657,0.105576283641405,0.308512242810295,0.47157326955401
1.27899055496939,0.0485595492094421,7.84085643123399e-09,0.0931203068034494,0.105626126239306,0.308579575954128,0.471629786688987
1.27912397725091,0.0488894683213013,7.83767772091663e-09,0.0935894742452832,0.105676002750831,0.308646927863103,0.471686310961172
1.27925739953243,0.0492221948843179,7.83450094319775e-09,0.0940620731065234,0.105725913205388,0.308714298542547,0.471742842370825
1.27939082181395,0.0495577578680536,7.83132609651102e-09,0.0945381356345044,0.105775857632415,0.30878168799779,0.471799380918208
1.27945611641655,0.0497230192579873,7.82977308363827e-09,0.094772384708817,0.105800311978086,0.30881467409895,0.47182705252612
1.27952424409547,0.049896186586663,7.8281531792917e-09,0.0950176944389942,0.10582583606138,0.308849096234159,0.471855926603581
1.27965766637699,0.0502375107127729,7.82498218997663e-09,0.0955007824968134,0.105875848521783,0.308916523256987,0.471912479427204
1.27979108865852,0.0505817602764408,7.82181312700425e-09,0.0959874331565164,0.105925895043152,0.308983969071603,0.471969039389336
1.27992451094004,0.0509289656716268,7.81864598881454e-09,0.0964776801431379,0.105975975655046,0.30905143368334,0.472025606490237
1.28005793322156,0.0512791576613916,7.81548077384911e-09,0.0969715575630039,0.106026090387056,0.30911891709753,0.472082180730164
1.28019135550308,0.0516323673832471,7.8123174805511e-09,0.0974690999086085,0.1060762392688,0.309186419319507,0.472138762109376
1.2803247777846,0.051988626353709,7.80915610736526e-09,0.0979703420635585,0.10612642232993,0.309253940354604,0.472195350628131
1.28045820006612,0.0523479664732114,7.80599665273789e-09,0.0984753193075845,0.106176639600127,0.309321480208158,0.472251946286686
1.28059162234764,0.0527104200330908,7.80283911511687e-09,0.0989840673216217,0.106226891109101,0.309389038885502,0.472308549085297
1.28072504462916,0.0530760197187478,7.79968349295166e-09,0.0994966221929603,0.106277176886595,0.309456616391975,0.47236515902422
1.28081946339245,0.0533366621656464,7.79745151466895e-09,0.0998616613092981,0.106312783276269,0.309504450253524,0.472405224416734
1.28085846691068,0.053444798617276,7.79652978469327e-09,0.100013020420466,0.106327496962382,0.309524212732912,0.472421776103712
1.2809918891922,0.0538167902193977,7.79337798879428e-09,0.100533298919871,0.106377851366264,0.309591827913652,0.472478400324028
1.28112531147373,0.0541920284271124,7.79022810370884e-09,0.101057495029141,0.106428240128075,0.309659461939534,0.472535031685423
1.28125873375525,0.0545705475633895,7.78708012789266e-09,0.101585646513912,0.10647866327768,0.309727114815897,0.47259167018815
1.28139215603677,0.0549523823732729,7.783934059803e-09,0.102117791573002,0.106529120844974,0.309794786548081,0.472648315832465
1.28152557831829,0.0553375680263933,7.78078989789869e-09,0.102653968844001,0.106579612859882,0.309862477141427,0.47270496861862
1.28165900059981,0.0557261401336646,7.77764764064011e-09,0.103194217408936,0.106630139352362,0.309930186601277,0.472761628546868
1.28179242288133,0.0561181347400869,7.7745072864892e-09,0.103738576800007,0.1066807003524,0.309997914932973,0.472818295617463
1.28192584516285,0.0565135883423681,7.77136883390944e-09,0.104287087005415,0.106731295890016,0.310065662141859,0.472874969830655
1.28205926744437,0.0569125378906266,7.76823228136587e-09,0.104839788475255,0.106781925995258,0.310133428233279,0.472931651186698
1.28218281036835,0.0572850966675484,7.76532967019378e-09,0.10535533754443,0.106828838003792,0.310196193372965,0.472984141896551
1.28219268972589,0.0573150207888076,7.76509762732508e-09,0.105396722127503,0.106832590698207,0.310201213212577,0.472988339685841
1.28232611200741,0.0577210749153284,7.7619648702552e-09,0.10595792935407,0.106883290028973,0.310269017085099,0.473045035328336
1.28245953428894,0.0581307386117162,7.75883400862591e-09,0.106523452026953,0.106934024017699,0.310336839856191,0.473101738114432
1.28259295657046,0.0585440507066629,7.75570504090843e-09,0.107093332504458,0.106984792694558,0.3104046815312,0.473158448044381
1.28272637885198,0.0589610505085854,7.75257796557553e-09,0.107667613637514,0.107035596089754,0.310472542115473,0.47321516511843
1.2828598011335,0.0593817778199421,7.74945278110149e-09,0.108246338776075,0.107086434233522,0.31054042161436,0.473271889336829
1.28299322341502,0.0598062729421044,7.74632948596217e-09,0.108829551775598,0.107137307156129,0.31060832003321,0.473328620699826
1.28312664569654,0.0602345766888049,7.74320807863493e-09,0.109417297003623,0.107188214887873,0.310676237377371,0.473385359207669
1.28326006797806,0.060666730377158,7.74008855759868e-09,0.110009619346431,0.107239157459081,0.310744173652196,0.473442104860605
1.28339349025958,0.0611027758485645,7.73697092133386e-09,0.110606564215798,0.107290134900114,0.310812128863035,0.473498857658882
1.2835269125411,0.0615427554756996,7.73385516832244e-09,0.111208177555836,0.107341147241364,0.310880103015241,0.473555617602746
1.28354615734425,0.0616065452284884,7.73340590805382e-09,0.111295342131954,0.107348508133087,0.310889909156735,0.473563805235358
1.28366033482262,0.061986712161525,7.73074129704792e-09,0.111814505849935,0.107392194513254,0.310948096114167,0.473612384692442
1.28379375710415,0.0624346893558452,7.72762930599531e-09,0.112425596127786,0.107443276746236,0.311016108165166,0.473669158928218
1.28392717938567,0.0628867310575173,7.72451919365117e-09,0.113041495972506,0.107494393970796,0.311084139173592,0.473725940310317
1.28406060166719,0.0633428818202583,7.72141095850357e-09,0.113662253527862,0.107545546217452,0.311152189144802,0.473782728838984
1.28419402394871,0.0638031867710039,7.71830459904209e-09,0.114287917505584,0.107596733516751,0.31122025808415,0.473839524514464
1.28432744623023,0.0642676916017267,7.71520011375785e-09,0.11491853719278,0.107647955899274,0.311288345996993,0.473896327337
1.28446086851175,0.0647364425918447,7.71209750114346e-09,0.115554162459452,0.107699213395631,0.311356452888689,0.473953137306836
1.28459429079327,0.0652094866141699,7.70899675969308e-09,0.116194843766107,0.107750506036465,0.311424578764596,0.474009954424213
1.28472771307479,0.0656868711305512,7.70589788790235e-09,0.116840632171476,0.107801833852451,0.311492723630072,0.474066778689376
1.28486113535631,0.0661686442185128,7.70280088426845e-09,0.117491579340329,0.107853196874294,0.311560887490477,0.474123610102564
1.28490950432015,0.0663443925106268,7.70167860293308e-09,0.117728848447091,0.107871825974452,0.311585603312455,0.47414421469788
1.28499455763783,0.0666548545683678,7.69970574729004e-09,0.118147737551402,0.107904595132734,0.311629070351171,0.47418044866402
1.28512797991936,0.0671455514932787,7.69661247546732e-09,0.11880915970542,0.107956028658538,0.311697272217516,0.474237294373985
1.28526140220088,0.0676407849425159,7.69352106730196e-09,0.119475899333231,0.108007497482508,0.311765493094873,0.474294147232698
1.2853948244824,0.0681406055052947,7.69043152129717e-09,0.120148010604046,0.108059001635478,0.311833732988603,0.474351007240401
1.28552824676392,0.0686450644223655,7.68734383595764e-09,0.12082554833379,0.108110541148312,0.311901991904072,0.474407874397332
1.28566166904544,0.0691542135957409,7.68425800978957e-09,0.12150856799356,0.108162116051907,0.311970269846642,0.47446474870373
1.28579509132696,0.0696681055963435,7.68117404130065e-09,0.122197125718193,0.108213726377191,0.312038566821678,0.474521630159835
1.28592851360848,0.0701867936753636,7.67809192900008e-09,0.122891278314948,0.108265372155124,0.312106882834545,0.474578518765883
1.28606193589,0.0707103317756222,7.67501167139854e-09,0.123591083272298,0.1083170534167,0.31217521789061,0.474635414522112
1.28619535817152,0.0712387745342003,7.67193326700821e-09,0.124296598768843,0.108368770192943,0.312243571995239,0.474692317428761
1.28627285129604,0.0715479733241839,7.67014614615158e-09,0.124709014703373,0.10839882418003,0.312283281555796,0.474725370543749
1.28632878045304,0.0717721772959847,7.66885671434278e-09,0.125007883682328,0.108420522514909,0.3123119451538,0.474749227486065
1.28646220273457,0.0723105961321663,7.66578201191739e-09,0.125724997598788,0.108472310413687,0.31238033737166,0.47480614469426
1.28659562501609,0.0728540878357769,7.6627091582487e-09,0.126448000821801,0.108524133920398,0.312448748654189,0.474863069053582
1.28672904729761,0.0734027099432503,7.65963815185485e-09,0.127176954381867,0.108575993066194,0.312517179006757,0.474920000564267
1.28686246957913,0.073956520739324,7.65656899125546e-09,0.127911920045904,0.10862788788226,0.312585628434733,0.474976939226549
1.28699589186065,0.0745155792698861,7.65350167497163e-09,0.128652960326861,0.108679818399815,0.31265409694349,0.475033885040662
1.28712931414217,0.0750799453536847,7.65043620152595e-09,0.129400138493461,0.108731784650106,0.312722584538398,0.475090838006841
1.28726273642369,0.0756496795882315,7.64737256944248e-09,0.130153518580057,0.108783786664417,0.312791091224829,0.475147798125318
1.28739615870521,0.076224843370096,7.64431077724676e-09,0.130913165396624,0.108835824474061,0.312859617008159,0.475204765396326
1.28752958098673,0.0768054988948981,7.6412508234658e-09,0.131679144538862,0.108887898110385,0.312928161893759,0.475261739820098
1.28763619827194,0.0772734885681206,7.63880694546145e-09,0.132295832171679,0.108929535747846,0.312982949610355,0.47530727302747
1.28766300326826,0.0773917091808832,7.63819270662811e-09,0.132451522398436,0.108940007604768,0.312996725887005,0.475318721396866
1.28779642554978,0.0779835380686811,7.63513642526364e-09,0.133230366173338,0.108992152988622,0.313065308993272,0.47537571012686
1.2879298478313,0.0785810502456795,7.63208197790382e-09,0.134015743878377,0.109044334293389,0.313133911217936,0.475432706010313
1.28806327011282,0.0791843112421912,7.62902936308155e-09,0.134807724355799,0.109096551550547,0.313202532566374,0.475489709047454
1.28819669239434,0.0797933874583928,7.62597857933122e-09,0.135606377286033,0.109148804791605,0.313271173043963,0.475546719238513
1.28833011467586,0.0804083461725708,7.62292962518863e-09,0.136411773198579,0.109201094048104,0.313339832656081,0.47560373658372
1.28846353695738,0.0810292555464816,7.61988249919109e-09,0.137223983483004,0.109253419351619,0.313408511408108,0.475660761083305
1.2885969592389,0.0816561846498316,7.61683719987736e-09,0.138043080400098,0.109305780733756,0.313477209305422,0.475717792737494
1.28873038152042,0.0822892034588953,7.61379372578766e-09,0.138869137093142,0.109358178226154,0.313545926353404,0.475774831546517
1.28886380380194,0.0829283828851481,7.61075207546366e-09,0.139702227599319,0.109410611860487,0.313614662557435,0.475831877510602
1.28899722608347,0.0835737947750315,7.60771224744849e-09,0.140542426861256,0.10946308166846,0.313683417922897,0.475888930629974
1.28899954524784,0.0835850689531007,7.60765942484595e-09,0.140557094626236,0.109463994025891,0.313684613207538,0.47588992239838
1.28913064836499,0.0842255119307926,7.60467424028673e-09,0.141389810738701,0.10951558768181,0.313752192455171,0.475945990904861
1.28926407064651,0.0848836081237113,7.60163805252443e-09,0.142244456020339,0.109568129932308,0.313820986159641,0.47600305833549
1.28939749292803,0.0855481581047664,7.59860368270908e-09,0.143106440435737,0.109620708451758,0.31388979904169,0.476060132922084
1.28953091520955,0.0862192376222756,7.5955711293896e-09,0.143975842667429,0.109673323271997,0.313958631106703,0.476117214664871
1.28966433749107,0.0868969234324346,7.5925403911164e-09,0.144852742363139,0.109725974424894,0.314027482360065,0.476174303564075
1.28979775977259,0.0875812933169895,7.5895114664413e-09,0.145737220148139,0.109778661942352,0.314096352807161,0.476231399619919
1.28993118205411,0.0882724260931886,7.58648435391757e-09,0.146629357637745,0.109831385856307,0.314165242453379,0.476288502832627
1.29006460433563,0.0889704016338976,7.58345905209993e-09,0.147529237449946,0.109884146198727,0.314234151304105,0.476345613202424
1.29019802661715,0.0896753008769973,7.58043555954455e-09,0.14843694321818,0.109936943001615,0.314303079364727,0.476402730729531
1.29033144889868,0.0903872058543811,7.57741387480902e-09,0.149352559604238,0.109989776297005,0.314372026640634,0.476459855414171
1.29036289222374,0.0905560079324138,7.57670202432128e-09,0.149569501922824,0.110002232716256,0.314388278086437,0.476473318900618
1.2904648711802,0.091106199678269,7.57439399645237e-09,0.150276172311307,0.110042646116966,0.314440993137214,0.476516987256565
1.29059829346172,0.0918323665913438,7.57137592303508e-09,0.151207868097161,0.1100955524936,0.314509978859858,0.476574126256935
1.29073171574324,0.092565791958598,7.56835965311904e-09,0.15214773478747,0.11014849545904,0.314578983813956,0.476631272415503
1.29086513802476,0.0933065622924511,7.5653451852676e-09,0.153095861289263,0.110201475045456,0.3146480080049,0.476688425732487
1.29099856030628,0.0940547652676173,7.56233251804551e-09,0.154052337604517,0.110254491285049,0.314717051438081,0.476745586208109
1.2911319825878,0.0948104897359803,7.55932165001898e-09,0.155017254843889,0.110307544210053,0.314786114118892,0.476802753842587
1.29126540486932,0.0955738257497023,7.55631257975563e-09,0.155990705240571,0.110360633852738,0.314855196052726,0.47685992863614
1.29139882715084,0.096344864564636,7.55330530582449e-09,0.156972782164298,0.110413760245404,0.314924297244977,0.476917110588987
1.29153224943236,0.0971236986671242,7.55029982679605e-09,0.157963580135466,0.110466923420387,0.31499341770104,0.476974299701346
1.29166567171389,0.0979104218017639,7.54729614124219e-09,0.158963194839411,0.110520123410057,0.31506255742631,0.477031495973434
1.29172623919964,0.0982701864499052,7.54593319974129e-09,0.159419908983522,0.110544285879318,0.315093949993706,0.477057462773088
1.29179909399541,0.0987051289581614,7.54429424773623e-09,0.159971723140779,0.110573360246815,0.315131716426183,0.477088699405468
1.29193251627693,0.099507916421938,7.54129414485289e-09,0.160989263098075,0.110626633963097,0.315200894706056,0.477145909997665
1.29206593855845,0.100318881768647,7.53829583116832e-09,0.162015913978294,0.110679944591374,0.315270092271326,0.47720312775024
1.29219936083997,0.101138123899893,7.53529930526008e-09,0.163051776271709,0.110733292164149,0.315339309127391,0.47726035266341
1.29233278312149,0.101965743043321,7.53230456570715e-09,0.16409695170677,0.110786676713958,0.315408545279649,0.477317584737389
1.29246620540301,0.102801840786902,7.52931161108991e-09,0.165151543265128,0.110840098273373,0.3154778007335,0.477374823972391
1.29259962768453,0.103646520091558,7.52632043999017e-09,0.166215655196782,0.110893556875,0.315547075494345,0.477432070368631
1.29273304996605,0.104499885303425,7.52333105099112e-09,0.167289393035338,0.110947052551475,0.315616369567582,0.477489323926322
1.29286647224757,0.105362042195428,7.52034344267738e-09,0.168372863613389,0.111000585335473,0.315685682958615,0.477546584645677
1.2929998945291,0.1062330979471,7.51735761363496e-09,0.169466175078007,0.111054155259699,0.315755015672844,0.47760385252691
1.29308958617553,0.10682371164141,7.51535142260489e-09,0.17020672760652,0.111090187937974,0.315801634683435,0.477642354249422
1.29313331681062,0.107113161213621,7.51437356245128e-09,0.170569436906335,0.111107762356893,0.315824367715673,0.477661127570231
1.29326673909214,0.108002342101687,7.51139128771517e-09,0.171682759921302,0.111161406659832,0.315893739092504,0.477718409775853
1.29340016137366,0.108900752218145,7.50841078801684e-09,0.172806256307421,0.111215088201322,0.315963129808742,0.477775699143986
1.29353358365518,0.109808504675767,7.50543206194792e-09,0.173940039626701,0.111268807014207,0.316032539869791,0.477832995674842
1.2936670059367,0.110725714118015,7.50245510810142e-09,0.175084224834642,0.111322563131363,0.316101969281056,0.47789029936863
1.29380042821822,0.111652496747567,7.49947992507174e-09,0.176238928296329,0.111376356585701,0.316171418047944,0.47794761022556
1.29393385049974,0.112588970333997,7.4965065114547e-09,0.177404267802602,0.111430187410167,0.316240886175861,0.478004928245842
1.29406727278126,0.113535254237324,7.49353486584749e-09,0.178580362586317,0.11148405563774,0.316310373670214,0.478062253429683
1.29420069506278,0.114491469437562,7.49056498684869e-09,0.179767333338668,0.111537961301434,0.316379880536411,0.478119585777292
1.29433411734431,0.115457738551373,7.48759687305828e-09,0.180965302225589,0.111591904434296,0.31644940677986,0.478176925288876
1.29445293315143,0.116326788777954,7.48495517986628e-09,0.182041481099532,0.111639973681932,0.316511337917021,0.478227993557947
1.29446753962583,0.116434185854269,7.48463052307761e-09,0.182174392904217,0.111645885069409,0.316518952405971,0.478234271964644
1.29460096190735,0.117420937301011,7.48166593550944e-09,0.183394730539403,0.11169990323989,0.316588517420154,0.478291625804801
1.29473438418887,0.118418120551163,7.47870310895789e-09,0.184626441820287,0.11175395897889,0.316658101827818,0.478348986809553
1.29486780647039,0.119425864985363,7.47574204202847e-09,0.185869654976898,0.111808052319595,0.316727705634376,0.478406354979107
1.29500122875191,0.12044430174497,7.47278273332808e-09,0.187124499796803,0.111862183295225,0.316797328845238,0.478463730313668
1.29513465103343,0.121473563725504,7.46982518146497e-09,0.188391107641774,0.111916351939036,0.316866971465817,0.478521112813439
1.29526807331495,0.122513785617314,7.4668693850488e-09,0.18966961146448,0.111970558284315,0.316936633501526,0.478578502478626
1.29540149559647,0.123565103947077,7.46391534269058e-09,0.190960145825173,0.112024802364389,0.31700631495778,0.478635899309432
1.29553491787799,0.124627657057715,7.46096305300272e-09,0.192262846908391,0.112079084212615,0.317076015839991,0.478693303306061
1.29566834015952,0.125701585172749,7.45801251459896e-09,0.193577852539634,0.112133403862387,0.317145736153575,0.478750714468715
1.29580176244104,0.126787030394813,7.45506372609446e-09,0.194905302202033,0.112187761347133,0.317215475903948,0.478808132797596
1.29581628012733,0.126905838610424,7.4547429737477e-09,0.195050498731853,0.112193678272051,0.317223065463036,0.478814380921646
1.29593518472256,0.127884136745258,7.45211668610572e-09,0.19624533705297,0.112242156700317,0.317285235096526,0.478865558292906
1.29606860700408,0.128993050163469,7.4491713932506e-09,0.197598099940662,0.112296589955436,0.317355013736726,0.478922990954846
1.2962020292856,0.13011391857187,7.44622784614835e-09,0.198963735420689,0.112351061146023,0.317424811829964,0.478980430783617
1.29633545156712,0.131246891856007,7.44328604341956e-09,0.200342389772441,0.112405570305646,0.31749462938166,0.47903787777942
1.29646887384864,0.132392121922746,7.4403459836862e-09,0.201734211015489,0.112460117467909,0.317564466397232,0.479095331942454
1.29660229613016,0.133549762699442,7.43740766557159e-09,0.203139348925855,0.112514702666447,0.3176343228821,0.479152793272917
1.29673571841168,0.134719970190057,7.43447108770042e-09,0.204557955052161,0.112569325934935,0.317704198841682,0.47921026177101
1.2968691406932,0.135902902459644,7.43153624869872e-09,0.205990182731654,0.11262398730708,0.317774094281401,0.47926773743693
1.29700256297473,0.137098719692968,7.42860314719389e-09,0.207436187106079,0.112678686816626,0.317844009206677,0.479325220270875
1.29713598525625,0.138307584196185,7.42567178181468e-09,0.208896125137386,0.11273342449735,0.317913943622932,0.479382710273042
1.29717962710323,0.138705857962055,7.424713321555e-09,0.209376715400695,0.112751337244732,0.317936823097099,0.479401516558125
1.29726940753777,0.13952966043953,7.42274215119119e-09,0.210370155623256,0.112788200383066,0.317983897535589,0.479440207443628
1.29740282981929,0.140765115074211,7.41981425395487e-09,0.211858439212419,0.112843014507623,0.31805387095007,0.47949771178283
1.29753625210081,0.142014116951932,7.41688808873853e-09,0.213361138419747,0.112897866904904,0.3181238638718,0.479555223290842
1.29766967438233,0.143276837166359,7.41396365417631e-09,0.214878417641105,0.11295275760883,0.318193876306203,0.479612741967861
1.29780309666385,0.144553449050978,7.41104094890372e-09,0.21641044316793,0.113007686653354,0.318263908258703,0.47967026781408
1.29793651894537,0.145844128241173,7.40811997155758e-09,0.21795738320152,0.113062654072466,0.318333959734727,0.479727800829695
1.29806994122689,0.147149052660015,7.40520072077609e-09,0.219519407867,0.113117659900193,0.318404030739701,0.479785341014898
1.29820336350842,0.148468402574161,7.40228319519877e-09,0.221096689226958,0.113172704170595,0.31847412127905,0.479842888369884
1.29833678578994,0.149802360604797,7.39936739346648e-09,0.222689401294696,0.113227786917769,0.318544231358204,0.479900442894845
1.29847020807146,0.151151111738358,7.39645331422144e-09,0.22429772004709,0.113282908175847,0.31861436098259,0.479958004589973
1.29854297407913,0.151892996183008,7.39486475549571e-09,0.225181507276854,0.113312986516371,0.318652616601736,0.479989400679573
1.29860363035298,0.152514843397786,7.39354095610716e-09,0.225921823437035,0.113338067978997,0.318684510157636,0.480015573455459
1.2987370526345,0.153893745411659,7.39063031776854e-09,0.227561891405401,0.113393266361423,0.318754678888772,0.480073149491496
1.29887047491602,0.155288010067592,7.38772139785177e-09,0.229218105892527,0.113448503357363,0.318824867181427,0.480130732698274
1.29900389719754,0.156697832131548,7.3848141950044e-09,0.230890650849178,0.113503779001092,0.318895075041033,0.480188323075983
1.29913731947906,0.158123408879329,7.3819087078753e-09,0.232579712246942,0.113559093326922,0.31896530247302,0.480245920624812
1.29927074176058,0.159564940109876,7.37900493511466e-09,0.234285478088034,0.113614446369198,0.31903554948282,0.480303525344952
1.2994041640421,0.161022628160617,7.37610287537401e-09,0.236008138414463,0.113669838162303,0.319105816075865,0.48036113723659
1.29953758632363,0.162496677955874,7.37320252730621e-09,0.237747885316526,0.113725268740656,0.319176102257588,0.480418756299915
1.29967100860515,0.163987297019764,7.37030388956542e-09,0.239504912940579,0.11378073813871,0.319246408033423,0.480476382535115
1.29980443088667,0.165494695468021,7.36740696080714e-09,0.241279417496056,0.113836246390956,0.319316733408804,0.480534015942377
1.29990632105503,0.166657277234865,7.36519582249966e-09,0.242646440099718,0.113878662387856,0.319370451766245,0.480578033492731
1.29993785316819,0.167019086085336,7.3645117396882e-09,0.243071597261678,0.11389179353192,0.319387078389165,0.480591656521887
1.30007127544971,0.16856068429789,7.36161822486673e-09,0.244881652590806,0.113947379596165,0.319457442979941,0.480649304273832
1.30020469773123,0.170119708230404,7.35872641500219e-09,0.2467097859159,0.114003004618288,0.319527827186569,0.480706959198397
1.30033812001275,0.171696378694152,7.35583630875534e-09,0.248556201752011,0.114058668632925,0.319598231014485,0.480764621295768
1.30047154229427,0.173290919233178,7.35294790478829e-09,0.250421106699279,0.114114371674747,0.319668654469127,0.480822290566129
1.30060496457579,0.174903556134263,7.35006120176441e-09,0.252304709444356,0.11417011377846,0.319739097555931,0.480879967009664
1.30073838685731,0.176534518428305,7.34717619834843e-09,0.254207220760717,0.114225894978807,0.319809560280336,0.480937650626557
1.30087180913884,0.178184037959088,7.34429289320637e-09,0.256128853507778,0.11428171531057,0.31988004264778,0.480995341416992
1.30100523142036,0.179852349329157,7.34141128500556e-09,0.258069822628783,0.114337574808563,0.319950544663704,0.48105303938115
1.30113865370188,0.181539689986791,7.33853137241463e-09,0.260030345147365,0.114393473507639,0.320021066333548,0.481110744519213
1.30126966803092,0.183215327771137,7.33570508404212e-09,0.261974724088264,0.114448401549125,0.320090334386557,0.481167415198851
1.3012720759834,0.183246300161367,7.33565315410353e-09,0.262010640162738,0.114449411442687,0.320091607662751,0.481168456831365
1.30140549826492,0.184972422970418,7.3327766287435e-09,0.264010928843441,0.114505388648632,0.320162168656755,0.481226176317785
1.30153892054644,0.186718304367117,7.32990179500709e-09,0.266031434419549,0.114561405160437,0.320232749321002,0.481283902978654
1.30167234282796,0.188484193163163,7.32702865156815e-09,0.268072382173293,0.114617461013099,0.320303349660934,0.481341636814152
1.30180576510948,0.190270341067189,7.32415719710184e-09,0.270133999427994,0.114673556241655,0.320373969681994,0.48139937782446
1.301939187391,0.192077002656904,7.32128743028458e-09,0.272216515535252,0.114729690881175,0.320444609389625,0.481457126009754
1.30207260967252,0.193904435427643,7.31841934979414e-09,0.274320161860255,0.114785864966769,0.320515268789273,0.481514881370216
1.30220603195405,0.195752899762926,7.31555295430953e-09,0.276445171765182,0.114842078533581,0.32058594788638,0.481572643906022
1.30233945423557,0.197622658951405,7.31268824251111e-09,0.278591780590561,0.114898331616794,0.320656646686393,0.48163041361735
1.30247287651709,0.199513979220224,7.30982521308048e-09,0.280760225634508,0.114954624251627,0.320727365194758,0.481688190504376
1.30260629879861,0.201427129686967,7.30696386470056e-09,0.282950746129738,0.115010956473335,0.32079810341692,0.481745974567279
1.30263301500682,0.201812862259914,7.30639111596949e-09,0.283392045481235,0.11502224108378,0.320812270265094,0.481757545993659
1.30273972108013,0.203362382398518,7.30410419605556e-09,0.285163583218248,0.11506732831721,0.320868861358326,0.481803765806232
1.30287314336165,0.205320012312695,7.30124620583095e-09,0.287398979923567,0.115123739818584,0.320939639024425,0.481861564221413
1.30300656564317,0.207300297315748,7.29838989271351e-09,0.289657181120457,0.115180191012822,0.321010436420664,0.481919369812995
1.30313998792469,0.209303518184359,7.29553525539131e-09,0.291938433501957,0.115236681935328,0.321081253552492,0.481977182581154
1.30327341020621,0.21132995858706,7.29268229255368e-09,0.29424298554364,0.115293212621543,0.321152090425358,0.482035002526063
1.30340683248773,0.213379905112236,7.28983100289124e-09,0.296571087464979,0.115349783106944,0.321222947044711,0.482092829647896
1.30354025476926,0.215453647208256,7.28698138509589e-09,0.298922991187665,0.115406393427047,0.321293823416003,0.482150663946825
1.30367367705078,0.217551477196194,7.28413343786082e-09,0.301298950290778,0.115463043617405,0.321364719544684,0.482208505423023
1.3038070993323,0.219673690246087,7.28128715988048e-09,0.303699219962644,0.115519733713606,0.321435635436206,0.482266354076662
1.30394052161382,0.221820584350176,7.27844254985059e-09,0.306124056949262,0.115576463751277,0.32150657109602,0.482324209907913
1.30399636198272,0.22272650839789,7.27725250832728e-09,0.307146262748787,0.115600218473751,0.321536265210624,0.482348426067322
1.30407394389534,0.223992460311113,7.27559960646817e-09,0.308573719499135,0.115633233766084,0.321577526529579,0.482382072916947
1.30420736617686,0.226189621686552,7.2727583284315e-09,0.311048467304366,0.115690043793726,0.321648501742336,0.482439943103935
1.30434078845838,0.228412374833508,7.26991871444011e-09,0.313548561437859,0.115746893869944,0.321719496739745,0.482497820469045
1.3044742107399,0.230661028794353,7.26708076319482e-09,0.316074264286462,0.115803784030515,0.32179051152726,0.482555705012448
1.30460763302142,0.232935895280306,7.26424447339773e-09,0.318625839479885,0.115860714311251,0.321861546110337,0.482613596734312
1.30474105530294,0.235237288696651,7.26140984375217e-09,0.321203551815232,0.115917684748004,0.321932600494429,0.482671495634805
1.30487447758447,0.237565525997151,7.25857687296277e-09,0.323807667176948,0.115974695376665,0.322003674684994,0.482729401714095
1.30500789986599,0.239920926704276,7.2557455597354e-09,0.326438452452022,0.116031746233159,0.322074768687487,0.48278731497235
1.30514132214751,0.242303812842808,7.25291590277721e-09,0.329096175440239,0.116088837353451,0.322145882507366,0.482845235409736
1.30527474442903,0.24471450887916,7.25008790079659e-09,0.331781104759317,0.116145968773544,0.322217016150088,0.482903163026419
1.30535970895862,0.246264305422164,7.24828786519061e-09,0.333505194719457,0.116182371604024,0.322262325038116,0.48294005560441
1.30540816671055,0.247153341677526,7.2472615525032e-09,0.334493509744641,0.116203140529477,0.322288169621111,0.482961097822565
1.30554158899207,0.249620640393607,7.24443685660796e-09,0.33723366034356,0.116260352657329,0.322359342925894,0.483019039798338
1.30567501127359,0.252116736436475,7.24161381182304e-09,0.340001827003825,0.116317605193215,0.322430536069895,0.483076988953905
1.30580843355511,0.254641963399873,7.23879241686186e-09,0.342798280556116,0.116374898173289,0.322501749058576,0.483134945289428
1.30594185583663,0.257196656949312,7.23597267043911e-09,0.345623292090353,0.116432231633742,0.322572981897395,0.483192908805071
1.30607527811815,0.259781154766351,7.23315457127072e-09,0.348477132825584,0.116489605610804,0.322644234591814,0.483250879500998
1.30620870039968,0.262395796432086,7.23033811807386e-09,0.351360073973205,0.116547020140744,0.322715507147293,0.48330885737737
1.3063421226812,0.265040923342353,7.22752330956697e-09,0.354272386593284,0.116604475259865,0.322786799569296,0.48336684243435
1.30647554496272,0.267716878588232,7.22471014446972e-09,0.357214341443725,0.116661971004514,0.322858111863283,0.4834248346721
1.30660896724424,0.270424006853964,7.22189862150304e-09,0.360186208822028,0.11671950741107,0.322929444034719,0.483482834090779
1.30672305593452,0.272763843841343,7.21949580449705e-09,0.362751365391448,0.11676873876742,0.322990455568592,0.483532434783856
1.30674238952576,0.273162654311485,7.2190887393891e-09,0.363188258399384,0.116777084515956,0.323000796089066,0.48354084069055
1.30687581180728,0.275933168445055,7.21628049685129e-09,0.366220759046828,0.116834702355628,0.323072168031788,0.483598854471571
1.3070092340888,0.278735897985462,7.21347389261427e-09,0.369283978653194,0.116892360966585,0.323143559868351,0.483656875434002
1.30714265637032,0.281571192679273,7.21066892540393e-09,0.372378183934577,0.116950060385362,0.323214971604218,0.483714903578002
1.30727607865184,0.284439403265484,7.2078655939474e-09,0.37550364023503,0.117007800648531,0.323286403244855,0.483772938903729
1.30740950093337,0.287340881169193,7.20506389697305e-09,0.3786606113182,0.117065581792705,0.323357854795729,0.483830981411341
1.30754292321489,0.290275978427193,7.20226383321047e-09,0.38184935914961,0.117123403854535,0.323429326262306,0.483889031100995
1.30767634549641,0.293245047522926,7.1994654013905e-09,0.385070143669278,0.117181266870709,0.323500817650053,0.483947087972849
1.30780976777793,0.296248441104594,7.1966686002452e-09,0.388323222554383,0.117239170877956,0.323572328964438,0.484005152027057
1.30794319005945,0.299286511902638,7.19387342850788e-09,0.391608850971651,0.117297115913041,0.323643860210929,0.484063223263777
1.30807661234097,0.302359612443772,7.19107988491306e-09,0.394927281319156,0.117355102012769,0.323715411394995,0.484121301683163
1.30808640291041,0.302586506686601,7.19087495788168e-09,0.395172087422482,0.117359358669436,0.323720662628974,0.484125563778921
1.30821003462249,0.305468094882192,7.18828796819651e-09,0.398278762957203,0.117413129213984,0.323786982522104,0.48417938728537
1.30834345690401,0.308612310715087,7.18549767709519e-09,0.401663541927991,0.117471197553569,0.323858573597726,0.484237480070552
1.30847687918553,0.311792610603373,7.18270901034733e-09,0.405081860663704,0.117529307068444,0.323930184627332,0.484295580038862
1.30861030146705,0.315009344112088,7.17992196669235e-09,0.408533957682715,0.11758745779557,0.324001815616393,0.484353687190454
1.30874372374858,0.318262859359157,7.17713654487091e-09,0.412020067273557,0.117645649771945,0.324073466570379,0.484411801525481
1.3088771460301,0.321553502915699,7.17435274362489e-09,0.415540419166364,0.117703883034607,0.324145137494762,0.484469923044093
1.30901056831162,0.324881619317931,7.17157056169738e-09,0.419095238191353,0.117762157620633,0.324216828395014,0.484528051746443
1.30914399059314,0.328247550939027,7.16878999783269e-09,0.422684743924133,0.117820473567139,0.324288539276609,0.484586187632682
1.30927741287466,0.331651637521772,7.16601105077636e-09,0.426309150317402,0.11787883091128,0.324360270145019,0.48464433070296
1.30941083515618,0.335094215990118,7.16323371927514e-09,0.429968665318748,0.11793722969025,0.324432021005718,0.484702480957428
1.30944974988631,0.336105597460756,7.16242397051455e-09,0.431042663553481,0.117954270433143,0.324452952051931,0.484719442757157
1.3095442574377,0.338575620009925,7.16045800207698e-09,0.43366349047419,0.117995669941281,0.32450379186418,0.484760638396233
1.30967767971922,0.342096179631604,7.15768389793107e-09,0.437393820517145,0.118054151701647,0.324575582725881,0.484818803019526
1.30981110200074,0.345656220987543,7.15491140558778e-09,0.441159842942473,0.118112675008658,0.324647393596295,0.484876974827454
1.30994452428226,0.349256065839359,7.1521405237987e-09,0.444961737565292,0.118171239899667,0.324719224480898,0.484935153820166
1.31007794656379,0.35289603120749,7.14937125131665e-09,0.44879967606422,0.118229846412062,0.324791075385166,0.484993339997808
1.31021136884531,0.356576428887237,7.14660358689563e-09,0.452673821508749,0.118288494583274,0.324862946314576,0.485051533360528
1.31034479112683,0.360297565101992,7.14383752929087e-09,0.456584327870427,0.118347184450772,0.324934837274605,0.485109733908471
1.31047821340835,0.36405973996698,7.14107307725877e-09,0.460531339517574,0.118405916052064,0.325006748270731,0.485167941641783
1.31061163568987,0.367863247050979,7.13831022955696e-09,0.464514990693214,0.118464689424698,0.325078679308432,0.48522615656061
1.31074505797139,0.371708372899204,7.13554898494426e-09,0.46853540497598,0.118523504606263,0.325150630393187,0.485284378665095
1.31081309686221,0.373685313955749,7.13414150094035e-09,0.470599811700019,0.11855351360414,0.325187329675727,0.485314071880368
1.31087848025291,0.375595396453148,7.13278934218071e-09,0.472592694723712,0.118582361634384,0.325222601530474,0.485342607955383
1.31101190253443,0.379524588605325,7.13003130002752e-09,0.476686960499511,0.118641260546729,0.325294592725774,0.485400844431618
1.31114532481595,0.383496211587369,7.12727485724712e-09,0.480818290480025,0.118700201381005,0.325366603984567,0.485459088093942
1.31127874709747,0.387510518417126,7.12452001260311e-09,0.48498675984575,0.118759184174958,0.325438635312333,0.485517338942498
1.311412169379,0.391567752352812,7.12176676486032e-09,0.489192430153183,0.118818208966374,0.325510686714553,0.485575596977427
1.31154559166052,0.395668146163318,7.11901511278474e-09,0.493435348688642,0.118877275793079,0.32558275819671,0.485633862198872
1.31167901394204,0.399811921622989,7.11626505514357e-09,0.497715547803635,0.118936384692939,0.325654849764284,0.485692134606973
1.31181243622356,0.403999288814612,7.1135165907052e-09,0.502033044231671,0.11899553570386,0.325726961422758,0.48575041420187
1.31194585850508,0.408230445425665,7.11076971823919e-09,0.506387838386442,0.119054728863787,0.325799093177616,0.485808700983703
1.3120792807866,0.412505576066984,7.10802443651633e-09,0.510779913641321,0.119113964210706,0.325871245034341,0.485866994952611
1.31217644383811,0.415646655123899,7.10602622092028e-09,0.514001827052241,0.119157128155573,0.325923801344057,0.485909451304573
1.31221270306812,0.416824851586585,7.10528074430854e-09,0.515209235590239,0.119173241782644,0.325943416998416,0.485925296108733
1.31234612534964,0.421188428249439,7.10253864038897e-09,0.519675751289846,0.119232561617666,0.326015609075327,0.485983604452208
1.31247954763116,0.425596447116122,7.09979812353193e-09,0.524179388483213,0.119291923753879,0.326087821270558,0.486041919983172
1.31261296991268,0.430049033069868,7.09705919251292e-09,0.528720054805075,0.119351328229428,0.326160053589594,0.486100242701763
1.31274639219421,0.434546294181604,7.09432184610863e-09,0.533297636968849,0.1194107750825,0.326232306037922,0.486158572608118
1.31287981447573,0.439088320771157,7.0915860830969e-09,0.537911999935659,0.119470264351323,0.326304578621027,0.486216909702372
1.31301323675725,0.443675184568755,7.08885190225678e-09,0.54256298606565,0.119529796074164,0.326376871344396,0.486275253984661
1.31314665903877,0.448306937905981,7.08611930236849e-09,0.547250414251954,0.119589370289329,0.326449184213517,0.486333605455119
1.31328008132029,0.452983612716538,7.0833882822134e-09,0.551974079037725,0.119648987035168,0.326521517233877,0.486391964113882
1.31341350360181,0.457705219717885,7.08065884057409e-09,0.556733749716727,0.11970864635007,0.326593870410964,0.486450329961083
1.31353979081401,0.462215709696625,7.07807681527605e-09,0.561271822886352,0.119765154493211,0.32666237290589,0.48650558117997
1.31354692588333,0.462471747355834,7.07793097623428e-09,0.561529169418047,0.119768348272462,0.326666243750266,0.486508702996855
1.31368034816485,0.467283160957472,7.07520468797889e-09,0.566360054175564,0.119828092840815,0.326738637257274,0.486567083221332
1.31381377044637,0.47213940167098,7.072479974594e-09,0.571226091982896,0.11988788009364,0.326811050937475,0.486625470634644
1.31394719272789,0.477040385483397,7.06975683486684e-09,0.576126941834641,0.119947710069487,0.326883484796361,0.486683865236925
1.31408061500942,0.481986002162301,7.06703526758583e-09,0.581062232754796,0.120007582806948,0.326955938839422,0.486742267028305
1.31421403729094,0.48697611425827,7.06431527154055e-09,0.58603156281337,0.120067498344656,0.327028413072148,0.486800676008915
1.31434745957246,0.492010556038699,7.06159684552174e-09,0.591034498132251,0.120127456721284,0.32710090750003,0.486859092178884
1.31448088185398,0.497089132326696,7.0588799883213e-09,0.59607057188156,0.120187457975547,0.327173422128561,0.486917515538343
1.3146143041355,0.502211617488174,7.05616469873231e-09,0.601139283267772,0.120247502146199,0.327245956963232,0.486975946087421
1.31474772641702,0.507377754340405,7.05345097554899e-09,0.606240096515028,0.120307589272036,0.327318512009537,0.487034383826244
1.31488114869854,0.512587252806057,7.05073881756673e-09,0.611372439841177,0.120367719391896,0.327391087272967,0.487092828754943
1.3149031377899,0.513449961219965,7.05029198173616e-09,0.612221277101731,0.120377633460581,0.327403050215305,0.487102461650894
1.31501457098006,0.51783978909452,7.04802822358207e-09,0.616535704430208,0.120427892544658,0.327463682759018,0.487151280873644
1.31514799326158,0.523135004254099,7.04531919239271e-09,0.621729243402834,0.120488108769239,0.327536298473182,0.487209740182473
1.3152814155431,0.528472503207549,7.04261172279751e-09,0.626952370787168,0.120548368104601,0.327608934420954,0.487268206681558
1.31541483782463,0.533851853401996,7.03990581359649e-09,0.632204360491494,0.120608670589745,0.327681590607828,0.487326680371023
1.31554826010615,0.539272583766888,7.0372014635908e-09,0.637484445281397,0.120669016263715,0.327754267039301,0.487385161250994
1.31568168238767,0.544734183468659,7.03449867158275e-09,0.642791815763412,0.120729405165594,0.327826963720867,0.487443649321596
1.31581510466919,0.550236100657712,7.03179743637581e-09,0.64812561937785,0.120789837334508,0.327899680658023,0.487502144582952
1.31594852695071,0.555777741403092,7.02909775677459e-09,0.653484959403261,0.120850312809623,0.327972417856265,0.487560647035186
1.31608194923223,0.561358468342476,7.02639963158486e-09,0.658868893975352,0.120910831630149,0.328045175321091,0.487619156678422
1.31621537151375,0.566977599705791,7.0237030596135e-09,0.664276435123247,0.120971393835335,0.328117953057997,0.487677673512781
1.3162664847658,0.569140276982175,7.02267043078413e-09,0.666354068496722,0.120994606344167,0.328145839131325,0.487700092855782
1.31634879379527,0.572634407834467,7.02100803966858e-09,0.669706547826135,0.121031999464472,0.328190751072481,0.487736197538385
1.31648221607679,0.578328118263878,7.01831457055929e-09,0.675158149093518,0.121092648556893,0.328263569370043,0.487794728755356
1.31661563835831,0.584057908491212,7.01562265109595e-09,0.680630107072405,0.121153341151973,0.328336407956179,0.487853267163815
1.31674906063984,0.589822906719995,7.01293228009006e-09,0.68612124018494,0.121214077289129,0.32840926683639,0.487911812763881
1.31688248292136,0.595622190932252,7.0102434563542e-09,0.691630316300134,0.121274857007817,0.328482146016174,0.487970365555675
1.31701590520288,0.601454787597443,7.00755617870215e-09,0.697156051943465,0.121335680347539,0.328555045501033,0.488028925539315
1.3171493274844,0.607319670715596,7.00487044594879e-09,0.702697111548293,0.121396547347835,0.328627965296465,0.488087492714921
1.31728274976592,0.61321576067905,7.00218625691014e-09,0.708252106753155,0.121457458048288,0.328700905407972,0.488146067082609
1.31741617204744,0.619141923337958,6.99950361040336e-09,0.713819595749137,0.121518412488525,0.328773865841055,0.488204648642499
1.31754959432896,0.625096969051061,6.99682250524675e-09,0.719398082681645,0.121579410708213,0.328846846601216,0.488263237394706
1.3176298317417,0.628691600668853,6.99521088550892e-09,0.722757520480683,0.121616114878672,0.328890745517748,0.488298474927132
1.31768301661048,0.63107965158104,6.99414294025971e-09,0.72498601711102,0.121640452747061,0.328919847693956,0.488321833339347
1.317816438892,0.637088667473134,6.99146491426281e-09,0.730581793536542,0.12170153864482,0.328992869124777,0.488380436476537
1.31794986117353,0.643122654966367,6.98878842607773e-09,0.736183750988466,0.121762668441284,0.329065910899184,0.488439046806393
1.31808328345505,0.649180193479147,6.98611347452726e-09,0.741790172692839,0.121823842176288,0.329138973022678,0.488497664329029
1.31821670573657,0.655259802555405,6.98344005843536e-09,0.747399285813881,0.121885059889711,0.329212055500763,0.488556289044559
1.31835012801809,0.661359941608377,6.98076817662707e-09,0.75300926127882,0.121946321621473,0.329285158338944,0.488614920953097
1.31848355029961,0.667479009129771,6.97809782792859e-09,0.758618213690076,0.122007627411536,0.329358281542725,0.488673560054755
1.31861697258113,0.67361534214185,6.97542901116721e-09,0.764224201329739,0.122068977299905,0.32943142511761,0.488732206349646
1.31875039486265,0.679767216015168,6.97276172517137e-09,0.769825226261281,0.122130371326627,0.329504589069104,0.488790859837883
1.31888381714417,0.685932843931561,6.9700959687706e-09,0.775419234533484,0.122191809531792,0.329577773402714,0.488849520519576
1.3189931787176,0.690995556342862,6.96791208145734e-09,0.779997737587112,0.122242201252337,0.32963777524298,0.48889760799147
1.31901723942569,0.692110376771272,6.96743174079557e-09,0.781004116491359,0.122253291955532,0.329650978123945,0.488908188394837
1.31915066170721,0.698297902922981,6.96476904007807e-09,0.786577707199075,0.122314818638022,0.329724203238304,0.488966863463775
1.31928408398874,0.704493448326623,6.96210786545099e-09,0.79213778697954,0.12237638961948,0.329797448751297,0.489025545726501
1.31941750627026,0.710694976515062,6.95944821574835e-09,0.797682082075334,0.122438004940164,0.329870714668431,0.489084235183124
1.31955092855178,0.716900388858751,6.95679008980526e-09,0.803208265435525,0.122499664640379,0.329944000995215,0.489142931833752
1.3196843508333,0.7231075248316,6.95413348645798e-09,0.808713957632726,0.122561368760469,0.330017307737155,0.489201635678494
1.31981777311482,0.729314162540839,6.95147840454384e-09,0.814196727914565,0.122623117340822,0.330090634899761,0.489260346717456
1.31995119539634,0.735518019263812,6.9488248429013e-09,0.819654095393531,0.122684910421871,0.33016398248854,0.489319064950746
1.32008461767786,0.74171675214386,6.94617280036994e-09,0.825083530378875,0.122746748044088,0.330237350509003,0.489377790378471
1.32021803995938,0.74790795907068,6.94352227579042e-09,0.830482455853998,0.122808630247991,0.330310738966657,0.489436523000736
1.3203514622409,0.754089179800279,6.94087326800453e-09,0.835848249102396,0.122870557074139,0.330384147867014,0.489495262817646
1.3203565256935,0.754323530506594,6.94077276648847e-09,0.836051195959968,0.122872908112332,0.330386934179855,0.489497492169304
1.32048488452242,0.760257896922127,6.93822577585514e-09,0.841178243484922,0.122932528563136,0.330457577215584,0.489554009829306
1.32061830680395,0.766411537291822,6.93557979818625e-09,0.846469730370695,0.122994544755628,0.330531027017876,0.489612764035821
1.32075172908547,0.772547473527245,6.93293533384294e-09,0.851719961223598,0.123056605692304,0.330604497279402,0.489671525437293
1.32088515136699,0.778663025522055,6.93029238167141e-09,0.856926149845831,0.123118711413896,0.330677988005673,0.489730294033827
1.32101857364851,0.784755462317502,6.92765094051893e-09,0.862085474779505,0.123180861961181,0.330751499202201,0.489789069825524
1.32115199593003,0.79082200409334,6.92501100923391e-09,0.867195081866737,0.123243057374977,0.330825030874498,0.489847852812487
1.32128541821155,0.796859824208709,6.92237258666581e-09,0.872252086968152,0.123305297696146,0.330898583028076,0.489906642994816
1.32141884049307,0.80286605161012,6.91973567166523e-09,0.877253578839114,0.123367582965594,0.330972155668448,0.489965440372613
1.32155226277459,0.808837773147094,6.91710026308383e-09,0.882196622162392,0.123429913224271,0.331045748801127,0.490024244945978
1.32168568505611,0.814772036393137,6.91446635977439e-09,0.887078260735328,0.123492288513169,0.331119362431627,0.490083056715011
1.3217198726694,0.816286219422413,6.91379170063008e-09,0.888318870570102,0.123508278570197,0.331138228205465,0.490098127575091
1.32181910733763,0.820665852329157,6.91183396059075e-09,0.891895520808903,0.123554708873324,0.331192996565462,0.49014187567981
1.32195252961916,0.826516198290868,6.90920306438788e-09,0.89664541457541,0.123617174345816,0.331266651208145,0.490200701840474
1.32208595190068,0.83232002130036,6.90657367002182e-09,0.901324943800726,0.123679684971768,0.331340326365192,0.490259535197102
1.3222193741822,0.838074241119633,6.90394577634967e-09,0.905931103596508,0.123742240792349,0.331414022042117,0.490318375749791
1.32235279646372,0.843775753953495,6.90131938222967e-09,0.910460886326686,0.123804841848768,0.331487738244435,0.490377223498636
1.32248621874524,0.849421435882259,6.89869448652112e-09,0.914911285642334,0.12386748818228,0.331561474977662,0.490436078443736
1.32261964102676,0.855008146802007,6.89607108808438e-09,0.919279300637598,0.123930179834185,0.331635232247315,0.490494940585186
1.32275306330828,0.860532734250986,6.89344918578095e-09,0.923561940119236,0.123992916845824,0.331709010058909,0.49055380992308
1.3228864855898,0.865992037478818,6.89082877847335e-09,0.927756226981168,0.124055699258583,0.331782808417961,0.490612686457514
1.32301990787132,0.871382891758551,6.88820986502523e-09,0.931859202674838,0.124118527113895,0.331856627329988,0.490671570188581
1.32308321964529,0.873916109404534,6.88696765593704e-09,0.93377336091985,0.124148356207364,0.331891663200979,0.490699514317195
1.32315333015284,0.87670213250371,6.88559244430129e-09,0.935867931765465,0.124181400453231,0.331930466800508,0.490730461116376
1.32328675243437,0.881946599988053,6.88297651516732e-09,0.939779506563524,0.124244319318112,0.332004326835038,0.49078935924099
1.32342017471589,0.887113143583833,6.88036207649019e-09,0.94359105182011,0.124307283750101,0.332078207439096,0.490848264562516
1.32355359699741,0.892198626704556,6.87774912713784e-09,0.947299729474223,0.124370293790803,0.332152108618201,0.490907177081047
1.32368701927893,0.897199931341128,6.87513766597928e-09,0.950902743439333,0.12443334948187,0.332226030377871,0.490966096796673
1.32382044156045,0.902113962925765,6.8725276918846e-09,0.95439734441607,0.124496450864999,0.332299972723626,0.491025023709484
1.32395386384197,0.906937655267644,6.86991920372497e-09,0.957780834717299,0.124559597981928,0.332373935660984,0.491083957819572
1.32408728612349,0.911667975392748,6.86731220037261e-09,0.961050573091404,0.124622790874442,0.332447919195466,0.491142899127025
1.32422070840501,0.916301928532267,6.86470668070082e-09,0.964203979529142,0.124686029584369,0.332521923332591,0.491201847631933
1.32435413068653,0.92083656307478,6.86210264358399e-09,0.967238540039112,0.124749314153583,0.33259594807788,0.491260803334384
1.32444656662119,0.923918420921956,6.86029941635153e-09,0.969269926187007,0.12479318508073,0.33264724505146,0.491301652497849
1.32448755296805,0.925268975604787,6.85950008789753e-09,0.970151811376532,0.124812644624003,0.332669993436853,0.491319766234465
1.32462097524958,0.929596315837465,6.85689901251797e-09,0.972941425709866,0.124876021037589,0.332744059415033,0.491378736332265
1.3247543975311,0.933815791586581,6.85429941632286e-09,0.975605095209625,0.12493944343635,0.332818146017939,0.491437713627869
1.32488781981262,0.937924673678191,6.85170129819084e-09,0.978140616543633,0.125002911862337,0.332892253251094,0.491496698121364
1.32502124209414,0.941920300798931,6.8491046570016e-09,0.980545875263052,0.125066426357646,0.332966381120019,0.491555689812834
1.32515466437566,0.945800084327699,6.8465094916359e-09,0.982818850063551,0.12512998696442,0.333040529630237,0.491614688702367
1.32528808665718,0.94956151296149,6.84391580097555e-09,0.984957616906173,0.125193593724844,0.333114698787271,0.491673694790045
1.3254215089387,0.953202157370075,6.84132358390343e-09,0.98696035298274,0.125257246681151,0.333188888596643,0.491732708075952
1.32555493122022,0.95671967468475,6.83873283930348e-09,0.988825340510958,0.125320945875614,0.333263099063877,0.491791728560172
1.32568835350174,0.960111812768442,6.83614356606067e-09,0.990550970344835,0.125384691350558,0.333337330194495,0.491850756242787
1.32580991359709,0.963091387507048,6.83378577756525e-09,0.992000588934397,0.125442809728304,0.333404979645683,0.491904542213116
1.32582177578326,0.963376414527899,6.83355576306106e-09,0.99213574538657,0.125448483148346,0.333411581994023,0.49190979112388
1.32595519806479,0.966511421824372,6.83096942919173e-09,0.993578283786604,0.125512321311392,0.333485854467985,0.491968833203532
1.32608862034631,0.969514879397071,6.82838456334085e-09,0.994877321919318,0.125576205882151,0.333560147621904,0.492027882481824
1.32622204262783,0.972384938468328,6.82580116439761e-09,0.996031717122517,0.125640136903126,0.333634461461305,0.492086938958836
1.32635546490935,0.975119860253297,6.82321923125227e-09,0.997040450189765,0.125704114416863,0.333708795991715,0.492146002634648
1.32648888719087,0.977718019108273,6.82063876279612e-09,0.99790262760549,0.125768138465955,0.333783151218657,0.49220507350934
1.32662230947239,0.980177905613492,6.81805975792152e-09,0.998617483513774,0.125832209093041,0.333857527147658,0.49226415158299
1.32675573175391,0.982498129257797,6.81548221552187e-09,0.99918438141278,0.125896326340803,0.333931923784243,0.492323236855676
1.32688915403543,0.9846774209513,6.81290613449161e-09,0.999602815567837,0.12596049025197,0.33400634113394,0.492382329327476
1.32702257631695,0.98671463530354,6.81033151372621e-09,0.999872412137348,0.126024700869317,0.334080779202274,0.492441428998466
1.32715599859848,0.988608752526512,6.80775835212223e-09,0.999992930006847,0.126088958235664,0.334155237994772,0.492500535868723
1.32717326057299,0.988843308356676,6.80742554688347e-09,0.999997623840547,0.126097275174911,0.334164872875947,0.492508183552849
1.32728942088,0.990358880174141,6.80518664857722e-09,0.99996426132774,0.126153262393876,0.334229717516962,0.492559649938324
1.32742284316152,0.991964254556987,6.8026164019898e-09,0.999786431758484,0.126217613386865,0.334304217774371,0.492618771207342
1.32755626544304,0.993424241793006,6.80004761125962e-09,0.999459600407199,0.126282011257589,0.334378738772526,0.492677899675852
1.32768968772456,0.994738338716027,6.79748027528738e-09,0.998984059475941,0.126346456049049,0.334453280516956,0.49273703534393
1.32782311000608,0.995906173356065,6.7949143929748e-09,0.998360233608143,0.126410947804294,0.33452784301319,0.492796178211647
1.3279565322876,0.996927505229445,6.79234996322464e-09,0.99758867894192,0.126475486566421,0.334602426266754,0.492855328279077
1.32808995456912,0.997802225236197,6.78978698494072e-09,0.996670081873178,0.126540072378569,0.334677030283179,0.492914485546293
1.32822337685064,0.998530355343397,6.78722545702787e-09,0.995605257533654,0.126604705283925,0.334751655067994,0.492973650013366
1.32835679913216,0.99911204792025,6.78466537839194e-09,0.994395147990173,0.126669385325721,0.334826300626728,0.493032821680367
1.32849022141369,0.999547584881081,6.78210674793984e-09,0.993040820172489,0.126734112547238,0.33490096696491,0.493092000547367
1.32853660754889,0.999664837361418,6.78121754309087e-09,0.992536397868799,0.126756626937975,0.334926930637887,0.493112576600652
1.32862364369521,0.999837376416111,6.7795495645795e-09,0.991543463538205,0.1267988869918,0.334975654088071,0.493151186614436
1.32875706597673,0.99998195953119,6.77699382721987e-09,0.989904387484212,0.126863708702778,0.335050362001741,0.493210379881643
1.32882377711749,1.00000000000724,6.77571650044966e-09,0.989032145965218,0.12689613729674,0.335087723756745,0.49323997921532
1.32889048825825,0.999981996317158,6.77443953477095e-09,0.988125018515083,0.126928577723591,0.33512509071145,0.493269580349057
1.32902391053977,0.999838271944315,6.77188668614375e-09,0.986206897179717,0.126993494097702,0.335199840222729,0.493328788016746
1.32915733282129,0.999551692391211,6.76933528025029e-09,0.984151674788337,0.127058457868622,0.33527461054111,0.493388002884779
1.32929075510281,0.999123281957574,6.76678531600365e-09,0.981961109922724,0.127123469079907,0.335349401672122,0.493447224953221
1.32942417738433,0.998554180541156,6.76423679231792e-09,0.979637064753134,0.127188527775162,0.335424213621299,0.493506454222141
1.32955759966585,0.997845640694706,6.7616897081082e-09,0.977181501176027,0.127253633998035,0.335499046394172,0.493565690691602
1.32969102194737,0.996999024464639,6.75914406229062e-09,0.974596476787138,0.127318787792225,0.335573899996272,0.493624934361672
1.3298244442289,0.996015800074933,6.75659985378233e-09,0.971884140704883,0.127383989201474,0.335648774433133,0.493684185232414
1.32989995452478,0.995399401408834,6.75516059631922e-09,0.970293524226891,0.127420911033357,0.335691158830279,0.493717721433839
1.32995786651042,0.994897538383979,6.75405708150151e-09,0.969046729259368,0.127449238269571,0.335723669710286,0.493743443303893
1.33009128879194,0.993645909212723,6.75151574436733e-09,0.966086561562528,0.127514535040355,0.335798585833266,0.493802708576173
1.33022471107346,0.992262677514816,6.74897584130001e-09,0.963006034975051,0.127579879557707,0.335873522807604,0.493861981049316
1.33035813335498,0.990749699365527,6.74643737122075e-09,0.959807620485815,0.12764527186556,0.335948480638834,0.493921260723385
1.3304915556365,0.989108917948661,6.7439003330518e-09,0.956493858019533,0.12771071200789,0.336023459332489,0.493980547598442
1.33062497791802,0.987342359267906,6.74136472571639e-09,0.953067351688205,0.127776200028722,0.336098458894105,0.494039841674548
1.33075840019954,0.985452127894994,6.73883054813879e-09,0.949530765001795,0.127841735972128,0.336173479329213,0.494099142951763
1.33089182248106,0.983440402632074,6.73629779924426e-09,0.945886816053313,0.127907319882225,0.33624852064335,0.494158451430148
1.33102524476258,0.981309432033736,6.73376647795908e-09,0.94213827269313,0.12797295180318,0.336323582842049,0.494217767109762
1.33115866704411,0.979061529941979,6.73123658321054e-09,0.938287947707016,0.128038631779205,0.336398665930846,0.494277089990665
1.33126330150068,0.977218376975706,6.72925354791683e-09,0.935199028786015,0.128090173981268,0.336457563354847,0.494323618123397
1.33129208932563,0.976699071035671,6.72870811392693e-09,0.934338694011884,0.128104359854562,0.336473769915274,0.494336420072914
1.33142551160715,0.974224486159171,6.72618106903756e-09,0.930293399882802,0.128170136073556,0.336548894800871,0.494395757356567
1.33155893388867,0.9716402580106,6.72365544747271e-09,0.926154984224195,0.128235960480544,0.33662404059317,0.494455101841681
1.33169235617019,0.968948916356395,6.72113124816372e-09,0.921926391897651,0.128301833119928,0.336699207297709,0.494514453528314
1.33182577845171,0.966153033747877,6.71860847004288e-09,0.917610589118048,0.128367754036157,0.336774394920022,0.49457381241652
1.33195920073323,0.963255220944043,6.71608711204351e-09,0.91321055892909,0.128433723273729,0.336849603465646,0.494633178506356
1.33209262301475,0.960258122492971,6.71356717309993e-09,0.90872929676862,0.128499740877189,0.336924832940117,0.494692551797875
1.33222604529627,0.957164412340586,6.71104865214745e-09,0.904169806133391,0.128565806891129,0.337000083348973,0.494751932291133
1.33235946757779,0.953976789683706,6.70853154812238e-09,0.899535094352225,0.12863192136019,0.337075354697749,0.494811319986183
1.33249288985932,0.950697974452692,6.70601585996203e-09,0.894828168475692,0.12869808432906,0.337150646991984,0.494870714883078
1.33262631214084,0.947330703421908,6.7035015866047e-09,0.890052031289873,0.128764295842474,0.337225960237214,0.49493011698187
1.33262664847658,0.947322105629878,6.70349525031975e-09,0.89003990650237,0.128764462812246,0.337226150116062,0.494930266733943
1.33275973442236,0.943877726088576,6.7009887269897e-09,0.885209677460715,0.128830555945218,0.337301294438977,0.494989526282611
1.33289315670388,0.940341800682371,6.69847728005732e-09,0.880304089815032,0.128896864682121,0.33737664960281,0.495048942785353
1.3330265789854,0.936725690348526,6.69596724474885e-09,0.875338235763278,0.128963222098064,0.337452025734252,0.495108366490146
1.33316000126692,0.933032159443533,6.69345862000656e-09,0.87031506386855,0.129029628237975,0.337527422838841,0.49516779739704
1.33329342354844,0.929263969936165,6.69095140477372e-09,0.865237500565546,0.129096083146829,0.337602840922115,0.495227235506085
1.33342684582996,0.925423877911402,6.6884455979946e-09,0.860108447032504,0.129162586869651,0.337678279989613,0.495286680817329
1.33356026811148,0.921514630207338,6.68594119861443e-09,0.854930776218458,0.129229139451512,0.337753740046873,0.495346133330821
1.333693690393,0.91753896125105,6.68343820557945e-09,0.849707330027508,0.129295740937532,0.337829221099434,0.495405593046608
1.33382711267453,0.913499589976403,6.68093661783689e-09,0.844440916661144,0.129362391372882,0.337904723152836,0.495465059964738
1.33396053495605,0.909399216827693,6.67843643433495e-09,0.839134308119082,0.129429090802777,0.337980246212619,0.495524534085257
1.33398999545248,0.90848587396406,6.67788456692467e-09,0.837957430842005,0.129443825073205,0.337996925020946,0.495537667323686
1.33409395723757,0.905240520982266,6.67593765402281e-09,0.833790237858494,0.129495839272483,0.33805579028432,0.495584015408212
1.33422737951909,0.901026157845984,6.67344027585064e-09,0.828411398610956,0.129562636827314,0.338131355373482,0.495643503933646
1.33436080180061,0.896758756290324,6.67094429876961e-09,0.823000440355937,0.129629483512633,0.338206941485643,0.495702999661606
1.33449422408213,0.892440916473185,6.66844972173183e-09,0.817559968449196,0.129696379373851,0.338282548626343,0.495762502592134
1.33462764636365,0.888075207565456,6.66595654369044e-09,0.81209254190397,0.129763324456427,0.338358176801123,0.495822012725276
1.33476106864517,0.883664165653042,6.66346476359951e-09,0.80660067182246,0.12983031880587,0.338433826015524,0.495881530061073
1.33489449092669,0.879210291796877,6.66097438041411e-09,0.801086819974746,0.129897362467737,0.338509496275086,0.495941054599568
1.33502791320822,0.874716050250686,6.6584853930903e-09,0.79555339752189,0.129964455487635,0.33858518758535,0.496000586340803
1.33516133548974,0.870183866822724,6.65599780058509e-09,0.790002763879728,0.130031597911218,0.338660899951858,0.496060125284818
1.33529475777126,0.865616127226767,6.65351160185646e-09,0.784437225719529,0.130098789784189,0.33873663338015,0.496119671431655
1.33535334242838,0.863599839195519,6.65242037196355e-09,0.781989314076979,0.130128308833551,0.338769893978862,0.496145819944386
1.33542818005278,0.861015175901413,6.6510267958634e-09,0.778859036101503,0.130166031152303,0.338812387875769,0.496179224781353
1.3355616023343,0.856383314484068,6.64854338156584e-09,0.77327039373688,0.13023332206136,0.338888163444255,0.496238785333952
1.33569502461582,0.85172280091185,6.64606135792468e-09,0.767673442374167,0.130300662557211,0.33896396009115,0.49629835308949
1.33582844689734,0.847035848203816,6.64358072390181e-09,0.762070270304917,0.130368052685758,0.339039777821997,0.496357928048006
1.33596186917886,0.842324623688479,6.64110147846007e-09,0.756462909984518,0.130435492492948,0.339115616642338,0.496417510209537
1.33609529146038,0.837591248257748,6.63862362056328e-09,0.750853337762816,0.130502982024781,0.339191476557715,0.49647709957412
1.3362287137419,0.832837795450321,6.63614714917621e-09,0.745243473720174,0.130570521327305,0.33926735757367,0.496536696141791
1.33636213602343,0.828066291208541,6.63367206326462e-09,0.739635181603663,0.130638110446616,0.339343259695747,0.496596299912587
1.33649555830495,0.823278713211233,6.63119836179521e-09,0.734030268858644,0.130705749428862,0.339419182929488,0.496655910886541
1.33662898058647,0.818476990559447,6.62872604373566e-09,0.728430486750735,0.130773438320239,0.339495127280436,0.49671552906369
1.33671668940427,0.815313649580465,6.62710155037989e-09,0.724752930822018,0.13081796269137,0.339545062901311,0.496754724641311
1.33676240286799,0.813663003526818,6.6262551080546e-09,0.722837530573247,0.130841177166992,0.339571092754134,0.496775154444066
1.33689582514951,0.808838583347678,6.62378555372163e-09,0.717253039935178,0.130908966015418,0.339647079356126,0.496834787027704
1.33702924743103,0.80400551216941,6.6213173797073e-09,0.71167859912494,0.13097680491186,0.339723087091955,0.496894426814635
1.33716266971255,0.799165523010246,6.61885058498313e-09,0.706115737545013,0.131044693902714,0.339799115967164,0.496954073804892
1.33729609199407,0.794320299881315,6.6163851685216e-09,0.700565930212854,0.131112633034425,0.339875165987298,0.497013727998506
1.33742951427559,0.789471477768444,6.61392112929613e-09,0.695030598323425,0.131180622353486,0.339951237157901,0.497073389395509
1.33756293655711,0.784620643065294,6.61145846628111e-09,0.689511109868846,0.131248661906443,0.340027329484516,0.497133057995931
1.33769635883864,0.779769333744761,6.60899717845187e-09,0.684008780310777,0.131316751739888,0.340103442972687,0.497192733799801
1.33782978112016,0.774919039543802,6.60653726478472e-09,0.678524873301242,0.131384891900468,0.34017957762796,0.497252416807148
1.33796320340168,0.77007120271899,6.60407872425689e-09,0.673060601447755,0.131453082434875,0.340255733455879,0.497312107018001
1.33808003638017,0.765829247766395,6.60192699770671e-09,0.668292780903183,0.13151283577968,0.340322437701721,0.497364381453202
1.3380966256832,0.765227218149261,6.60162155584658e-09,0.667617127118736,0.131521323389854,0.340331910461987,0.497371804432389
1.33823004796472,0.760388433903308,6.59916575853294e-09,0.662195563285321,0.131589614812201,0.340408108651831,0.497431509050338
1.33836347024624,0.755556151902056,6.59671133129606e-09,0.656796974395855,0.131657956748759,0.340484328030955,0.497491220871874
1.33849689252776,0.750731628472837,6.594258273117e-09,0.651422377279461,0.131726349246424,0.340560568604904,0.497550939897025
1.33863031480928,0.74591607483266,6.59180658297773e-09,0.646072742075247,0.131794792352142,0.340636830379223,0.497610666125814
1.3387637370908,0.74111065786162,6.58935625986121e-09,0.640748993183867,0.131863286112908,0.340713113359458,0.497670399558269
1.33889715937232,0.736316500806825,6.58690730275131e-09,0.635452010238273,0.131931830575769,0.340789417551154,0.497730140194411
1.33903058165385,0.731534683864023,6.58445971063285e-09,0.63018262909069,0.132000425787821,0.340865742959857,0.497789888034266
1.33916400393537,0.726766245104074,6.58201348249161e-09,0.624941642812948,0.132069071796213,0.340942089591112,0.497849643077856
1.33929742621689,0.722012180997144,6.57956861731431e-09,0.619729802707494,0.132137768648143,0.341018457450466,0.497909405325204
1.33943084849841,0.717273447473835,6.57712511408858e-09,0.614547819326475,0.132206516390858,0.341094846543463,0.497969174776331
1.33944338335607,0.716829070306645,6.57689561994599e-09,0.614062537065792,0.132212977772764,0.341102024295233,0.497974790412227
1.33956427077993,0.712550960518023,6.57468297180302e-09,0.609396363496626,0.13227531507166,0.341171256875651,0.498028951431259
1.33969769306145,0.707845596997562,6.57224218944716e-09,0.604276067347509,0.132344164737898,0.341247688452576,0.498088735290008
1.33983111534297,0.703158195633391,6.56980276601148e-09,0.59918752534112,0.132413065436974,0.341324141279784,0.498148526352599
1.33996453762449,0.698489557653279,6.56736470048737e-09,0.594131295300807,0.13248201721634,0.34140061536282,0.49820832461905
1.34009795990601,0.693840447795344,6.56492799186717e-09,0.589107899437664,0.1325510201235,0.341477110707233,0.49826813008938
1.34023138218753,0.689211595006115,6.56249263914416e-09,0.584117825372646,0.132620074206007,0.341553627318568,0.498327942763608
1.34036480446906,0.684603693487218,6.56005864131255e-09,0.579161527152815,0.132689179511467,0.341630165202372,0.498387762641751
1.34049822675058,0.68001740329359,6.55762599736749e-09,0.574239426260222,0.132758336087537,0.341706724364193,0.498447589723826
1.3406316490321,0.675453351440697,6.55519470630503e-09,0.569351912612041,0.132827543981925,0.341783304809576,0.49850742400985
1.34076507131362,0.670912132646089,6.55276476712218e-09,0.564499345550707,0.132896803242389,0.34185990654407,0.498567265499837
1.34080673033197,0.66949897556466,6.55200633344996e-09,0.562991419555236,0.132918438892565,0.341883828598489,0.498585951543943
1.34089849359514,0.666394310145151,6.55033617881688e-09,0.559682054822897,0.13296611391674,0.341936529573221,0.498627114193804
1.34103191587666,0.661900416639355,6.54790894038798e-09,0.554900341546285,0.133035476052841,0.342013173902576,0.498686970091764
1.34116533815818,0.657430955059814,6.54548305083528e-09,0.550154479163146,0.133104889698604,0.342089839537684,0.498746833193732
1.3412987604397,0.652986399492524,6.54305850915948e-09,0.54544471437991,0.133174354901994,0.342166526484091,0.498806703499721
1.34143218272122,0.648567195885068,6.54063531436222e-09,0.540771268091919,0.133243871711028,0.342243234747345,0.498866581009742
1.34156560500274,0.644173762983392,6.53821346544607e-09,0.536134336292687,0.133313440173774,0.342319964332993,0.498926465723809
1.34169902728427,0.639806493151556,6.53579296141451e-09,0.531534090967048,0.133383060338352,0.342396715246584,0.498986357641933
1.34183244956579,0.635465753006276,6.53337380127196e-09,0.526970680967675,0.133452732252933,0.342473487493665,0.499046256764125
1.34196587184731,0.63115188445877,6.53095598402373e-09,0.522444232874486,0.133522455965741,0.342550281079784,0.499106163090394
1.34209929412883,0.626865205335307,6.52853950867608e-09,0.517954851836569,0.133592231525051,0.342627096010489,0.49916607662075
1.34217007730787,0.624602176968761,6.52725806480367e-09,0.515588224186346,0.133629269915159,0.342667856529407,0.499197864867254
1.34223271641035,0.622606010211255,6.52612437423618e-09,0.513502622396268,0.13366205897919,0.342703932291328,0.499225997355203
1.34236613869187,0.618374571083371,6.52371057971212e-09,0.509087609295185,0.133731938376538,0.34278078992785,0.49928592529376
1.34249956097339,0.614171138263148,6.52129812411289e-09,0.504709858261871,0.133801869765526,0.342857668925601,0.49934586043643
1.34263298325491,0.609995940957652,6.51888700644843e-09,0.500369396781047,0.133871853194637,0.342934569290132,0.499405802783218
1.34276640553643,0.605849188154188,6.51647722572955e-09,0.496066234844215,0.133941888712407,0.343011491026989,0.499465752334132
1.34289982781795,0.601731069110727,6.51406878096801e-09,0.491800365681689,0.134011976367423,0.343088434141722,0.499525709089178
1.34303325009948,0.597641754246648,6.51166167117647e-09,0.487571766475874,0.134082116208326,0.343165398639879,0.499585673048361
1.343166672381,0.593581395745843,6.50925589536851e-09,0.483380399055933,0.134152308283809,0.343242384527009,0.499645644211686
1.34330009466252,0.589550128165063,6.50685145255861e-09,0.479226210573829,0.134222552642616,0.343319391808659,0.499705622579155
1.34343351694404,0.585548069160306,6.50444834176215e-09,0.475109134161855,0.134292849333545,0.34339642049038,0.499765608150774
1.34353342428377,0.582570491253626,6.50264975070937e-09,0.472050496407207,0.134345522177294,0.343454114006964,0.49981053039437
1.34356693922556,0.581575320084671,6.50204656199546e-09,0.471029089571744,0.134363198405445,0.343473470577718,0.499825600926543
1.34370036150708,0.577631966599391,6.49964611227573e-09,0.466985983795531,0.13443359990722,0.343550542076225,0.499885600906467
1.3438337837886,0.573718079289037,6.49724699162108e-09,0.462979711668311,0.134504053887823,0.343627634991447,0.499945608090546
1.34396720607012,0.569833714265827,6.49484919905055e-09,0.459010156453102,0.134574560396265,0.343704749328935,0.50000562247878
1.34410062835164,0.565978913719045,6.49245273358405e-09,0.455077190408016,0.134645119481604,0.343781885094237,0.500065644071171
1.34423405063316,0.562153706434171,6.49005759424242e-09,0.451180675335986,0.134715731192955,0.343859042292902,0.500125672867718
1.34436747291469,0.558358108446175,6.4876637800474e-09,0.447320463117286,0.134786395579484,0.343936220930478,0.500185708868419
1.34450089519621,0.554592123413762,6.48527129002162e-09,0.443496396225109,0.13485711269041,0.344013421012516,0.500245752073274
1.34463431747773,0.55085574336624,6.48288012318862e-09,0.439708308224495,0.134927882575006,0.344090642544565,0.50030580248228
1.34476773975925,0.54714894888043,6.48049027857284e-09,0.435956024254889,0.134998705282598,0.344167885532173,0.500365860095434
1.34489677125966,0.543592253873144,6.47818033787224e-09,0.43236110792367,0.135067247583008,0.344242606950966,0.500423948130764
1.34490116204077,0.543471709870351,6.47810175519962e-09,0.432239361496631,0.135069580862564,0.34424514998089,0.500425924912733
1.34503458432229,0.539823985936385,6.47571455209519e-09,0.42855812962169,0.135140509364337,0.344322435896264,0.500485996934172
1.34516800660381,0.536205726739993,6.47332866828668e-09,0.424912131228964,0.1352114908374,0.344399743283846,0.500546076159747
1.34530142888533,0.532616872558617,6.47094410280212e-09,0.421301162264453,0.135282525331293,0.344477072149185,0.500606162589453
1.34543485116685,0.529057354719347,6.46856085467044e-09,0.417725012426661,0.135353612895608,0.344554422497829,0.500666256223283
1.34556827344838,0.525527095969292,6.46617892292144e-09,0.414183465557526,0.13542475357999,0.344631794335329,0.500726357061231
1.3457016957299,0.522026010892312,6.46379830658585e-09,0.410676300019244,0.135495947434138,0.344709187667234,0.500786465103289
1.34583511801142,0.518554006273034,6.46141900469526e-09,0.4072032890573,0.135567194507804,0.344786602499092,0.500846580349451
1.34596854029294,0.515110981577397,6.45904101628217e-09,0.403764201150069,0.135638494850794,0.344864038836455,0.500906702799706
1.34610196257446,0.511696829155659,6.45666434037995e-09,0.400358800345274,0.135709848512969,0.34494149668487,0.500966832454046
1.34623538485598,0.508311434777215,6.45428897602289e-09,0.396986846583739,0.135781255544241,0.345018976049888,0.501026969312462
1.34626011823556,0.507687011712565,6.45384878288768e-09,0.396365420378539,0.135794498610317,0.345033341281827,0.501038118075134
1.3463688071375,0.504954677847804,6.45191492224613e-09,0.393648096010649,0.135852715994578,0.345096476937058,0.501087113374943
1.34650222941902,0.501626431787,6.44954217808572e-09,0.390342301274745,0.135924229914001,0.345173999351929,0.501147264641478
1.34663565170054,0.498326564327377,6.44717074257861e-09,0.387069211815746,0.135995797352586,0.345251543300051,0.501207423112055
1.34676907398206,0.495054937889359,6.4448006147626e-09,0.383828574140337,0.136067418360461,0.345329108786974,0.501267588786662
1.34690249626359,0.491811409792727,6.44243179367641e-09,0.380620132087052,0.13613909298781,0.345406695818248,0.501327761665286
1.34703591854511,0.488595832585308,6.44006427835961e-09,0.377443627080364,0.13621082128487,0.34548430439942,0.501387941747914
1.34716934082663,0.485408054350132,6.43769806785267e-09,0.374298798374315,0.136282603301933,0.345561934536043,0.501448129034531
1.34730276310815,0.482247918882226,6.43533316119694e-09,0.37118538328599,0.136354439089345,0.345639586233663,0.501508323525122
1.34743618538967,0.479115266092604,6.43296955743465e-09,0.368103117419143,0.136426328697505,0.345717259497832,0.501568525219673
1.34756960767119,0.476009932136742,6.43060725560892e-09,0.365051734878289,0.136498272176869,0.345794954334099,0.501628734118167
1.34762346521146,0.474764127625333,6.42965405213009e-09,0.363828695613867,0.136527328317975,0.345826322920327,0.501653040219359
1.34770302995271,0.472931749669167,6.42824625476371e-09,0.362030968473548,0.136570269577945,0.345872670748014,0.501688950220588
1.34783645223423,0.469880548137795,6.42588655394391e-09,0.359040549916551,0.136642320951296,0.345950408745125,0.501749173526917
1.34796987451575,0.466856153953487,6.42352815219524e-09,0.356080210007676,0.136714426347541,0.346028168330982,0.501809404037138
1.34810329679727,0.463858390713714,6.42117104856433e-09,0.35314967881491,0.136786585817353,0.346105949511136,0.501869641751231
1.3482367190788,0.460887079408793,6.41881524209867e-09,0.350248685844613,0.136858799411458,0.346183752291135,0.501929886669178
1.34837014136032,0.457942038643838,6.41646073184661e-09,0.347376960204448,0.136931067180639,0.346261576676528,0.501990138790958
1.34850356364184,0.455023084817481,6.4141075168574e-09,0.344534230758741,0.137003389175733,0.346339422672866,0.50205039811655
1.34863698592336,0.452130032241192,6.41175559618115e-09,0.341720226276541,0.137075765447631,0.346417290285698,0.502110664645935
1.34877040820488,0.449262693444549,6.40940496886882e-09,0.338934675572612,0.13714819604728,0.346495179520573,0.50217093837909
1.3489038304864,0.446420879207977,6.40705563397228e-09,0.336177307641622,0.137220681025682,0.34657309038304,0.502231219315992
1.34898681218736,0.444666209122702,6.40559512164311e-09,0.334476464168063,0.137265790352311,0.346621557787387,0.502268714548456
1.34903725276792,0.443604398833084,6.40470759054423e-09,0.333447851785762,0.137293220433894,0.34665102287865,0.502291507456619
1.34917067504944,0.440813060241018,6.40236083763826e-09,0.330746037736022,0.137365814323028,0.34672897701295,0.502351802800947
1.34930409733096,0.438046670093443,6.40001537430883e-09,0.328071595767363,0.137438462744251,0.346806952791491,0.502412105348951
1.34943751961248,0.435305034043552,6.39767119961124e-09,0.325424256807984,0.137511165748784,0.346884950219821,0.502472415100607
1.34957094189401,0.432587956751096,6.39532831260169e-09,0.322803752542952,0.137583923387907,0.346962969303491,0.502532732055889
1.34970436417553,0.429895242068494,6.39298671233721e-09,0.320209815512333,0.137656735712952,0.347041010048048,0.502593056214771
1.34983778645705,0.427226693189563,6.39064639787571e-09,0.317642179204075,0.137729602775307,0.347119072459043,0.502653387577226
1.34997120873857,0.424582112687991,6.38830736827598e-09,0.315100578141835,0.137802524626417,0.347197156542024,0.502713726143227
1.35010463102009,0.42196130275059,6.38596962259763e-09,0.312584747967927,0.13787550131778,0.347275262302541,0.502774071912744
1.35023805330161,0.419364065194096,6.38363315990116e-09,0.310094425521594,0.137948532900954,0.347353389746142,0.502834424885751
1.35035015916326,0.41719985822597,6.38167097703124e-09,0.30802150196792,0.138009938954139,0.347419051803825,0.502885141040541
1.35037147558313,0.416790201566806,6.38129797924793e-09,0.307629348912768,0.138021619427547,0.347431538878376,0.502894785062216
1.35050489786465,0.414239513343969,6.37896407970013e-09,0.30518925759151,0.138094760949228,0.347509709704793,0.50295515244211
1.35063832014617,0.411711801894623,6.37663146032085e-09,0.302773892413284,0.138167957517718,0.347587902230941,0.503015527025403
1.35077174242769,0.409206868676478,6.37430012017399e-09,0.300382995700246,0.138241209184796,0.347666116462368,0.503075908812062
1.35090516470922,0.406724515225296,6.37197005832435e-09,0.29801631129869,0.138314516002296,0.347744352404624,0.503136297802057
1.35103858699074,0.404264543379396,6.36964127383755e-09,0.295673584632821,0.138387878022109,0.347822610063258,0.503196693995354
1.35117200927226,0.401826755218462,6.36731376578008e-09,0.293354562754989,0.138461295296181,0.347900889443817,0.50325709739192
1.35130543155378,0.399410953174202,6.36498753321928e-09,0.291058994392545,0.138534767876516,0.347979190551851,0.503317507991721
1.3514388538353,0.397016940153911,6.36266257522334e-09,0.288786629991444,0.13860829581517,0.348057513392907,0.503377925794722
1.35157227611682,0.394644519568298,6.36033889086131e-09,0.286537221756738,0.138681879164261,0.348135857972535,0.50343835080089
1.35170569839834,0.392293495382536,6.35801647920307e-09,0.284310523690087,0.138755517975959,0.348214224296283,0.503498783010186
1.35171350613915,0.392156574280293,6.35788061335296e-09,0.284180917682474,0.138759828965744,0.348218810890116,0.503502319666786
1.35183912067986,0.389963672195508,6.35569533931936e-09,0.282106291624415,0.138829212302491,0.348292612369698,0.503559222422576
1.35197254296138,0.387654855302623,6.35337547028178e-09,0.279924283255832,0.138902962196144,0.348371022198329,0.503619669038021
1.3521059652429,0.38536685075951,6.35105687116275e-09,0.27776425817294,0.138976767709256,0.348449453787725,0.503680122856485
1.35223938752443,0.383099465387745,6.34873954103556e-09,0.275625977883634,0.139050628894226,0.348527907143433,0.503740583877928
1.35237280980595,0.380852506854822,6.34642347897435e-09,0.273509205839512,0.139124545803508,0.348606382271001,0.503801052102312
1.35250623208747,0.378625783737291,6.34410868405407e-09,0.271413707457997,0.139198518489612,0.348684879175977,0.503861527529597
1.35263965436899,0.376419105539812,6.34179515535055e-09,0.269339250142272,0.139272547005106,0.348763397863908,0.503922010159742
1.35277307665051,0.374232282726154,6.33948289194043e-09,0.267285603299114,0.139346631402615,0.348841938340344,0.503982499992707
1.35290649893203,0.372065126772899,6.33717189290122e-09,0.265252538354786,0.13942077173482,0.34892050061083,0.50404299702845
1.35303992121355,0.369917450239369,6.33486215731126e-09,0.263239828768933,0.13949496805446,0.348999084680914,0.504103501266928
1.35307685311505,0.36932638072207,6.33422303501515e-09,0.262686268386299,0.139515515837938,0.349020840966147,0.504120250391373
1.35317334349507,0.367789066714286,6.33255368424972e-09,0.261247250046767,0.139569220414329,0.349077690556145,0.504164012708099
1.35330676577659,0.365679790953504,6.33024647279663e-09,0.259274579749451,0.139643528867281,0.349156318242068,0.504224531351918
1.35344018805811,0.363589438794059,6.32794052203283e-09,0.25732159750286,0.139717893466224,0.349234967744232,0.504285057198343
1.35357361033964,0.361517827322401,6.32563583104003e-09,0.255388085004776,0.139792314264127,0.349313639068184,0.504345590247327
1.35370703262116,0.359464774746681,6.32333239890074e-09,0.253473826030578,0.139866791314013,0.34939233221947,0.504406130498826
1.35384045490268,0.357430100523971,6.32103022469833e-09,0.251578606437513,0.139941324668964,0.349471047203637,0.504466677952792
1.3539738771842,0.355413625388383,6.318729307517e-09,0.249702214167622,0.140015914382119,0.349549784026232,0.50452723260918
1.35410729946572,0.353415171270119,6.31642964644178e-09,0.247844439249367,0.140090560506674,0.349628542692802,0.504587794467942
1.35424072174724,0.351434561442176,6.31413124055853e-09,0.246005073798052,0.140165263095885,0.349707323208893,0.504648363529029
1.35437414402876,0.349471620439797,6.31183408895394e-09,0.244183912015074,0.140240022203061,0.349786125580052,0.504708939792393
1.35444020009095,0.348506273236694,6.31069725566896e-09,0.24328894712063,0.140277055637198,0.349825147950971,0.504738933171458
1.35450756631028,0.347526174134772,6.30953819071554e-09,0.242380750186084,0.140314837881574,0.349864949811825,0.504769523257984
1.3546409885918,0.345598049725052,6.30724354493169e-09,0.240595386678096,0.14038971018485,0.349943795909758,0.504830113925752
1.35477441087333,0.343687075735684,6.30495015069157e-09,0.238827621935621,0.140464639166375,0.350022663879397,0.504890711795646
1.35490783315485,0.341793082074198,6.30265800708519e-09,0.237077258475855,0.140539624879691,0.350101553726288,0.504951316867616
1.35504125543637,0.339915899995421,6.30036711320338e-09,0.235344100882996,0.140614667378399,0.350180465455977,0.505011929141608
1.35517467771789,0.338055362123996,6.29807746813781e-09,0.233627955801712,0.140689766716159,0.35025939907401,0.505072548617571
1.35530809999941,0.336211302474616,6.29578907098097e-09,0.231928631929834,0.140764922946687,0.350338354585932,0.50513317529545
1.35544152228093,0.334383556481562,6.29350192082617e-09,0.230245940010298,0.140840136123759,0.350417331997288,0.505193809175192
1.35557494456245,0.332571960932446,6.29121601676755e-09,0.228579692822389,0.140915406301208,0.350496331313625,0.505254450256742
1.35570836684397,0.330776354034808,6.28893135790008e-09,0.226929705172323,0.140990733532926,0.350575352540486,0.505315098540045
1.35580354706685,0.329505094189499,6.287302298107e-09,0.225762479490535,0.141044505052875,0.350631737762552,0.505358367957124
1.35584178912549,0.328996575422194,6.28664794331951e-09,0.225295793883213,0.141066117872863,0.350654395683416,0.505375754025045
1.35597521140701,0.327232466099352,6.28436577212247e-09,0.223677777784454,0.141141559375028,0.350733460747962,0.505436416711684
1.35610863368854,0.325483868516395,6.28208484340636e-09,0.222075477700542,0.141217058093487,0.350812547739667,0.505497086599907
1.35624205597006,0.323750626539183,6.27980515626944e-09,0.220488716439431,0.141292614082367,0.350891656664076,0.505557763689654
1.35637547825158,0.322032585425918,6.27752670981076e-09,0.218917318780341,0.141368227395852,0.350970787526733,0.505618447980867
1.3565089005331,0.320329591866411,6.27524950313018e-09,0.217361111461186,0.141443898088184,0.351049940333182,0.505679139473487
1.35664232281462,0.318641493969563,6.27297353532841e-09,0.215819923165543,0.141519626213665,0.351129115088968,0.505739838167454
1.35677574509614,0.316968141258022,6.27069880550694e-09,0.214293584509254,0.141595411826656,0.351208311799635,0.505800544062707
1.35690916737766,0.315309384640763,6.2684253127681e-09,0.212781928026661,0.141671254981577,0.351287530470726,0.505861257159185
1.35704258965918,0.313665076483175,6.26615305621502e-09,0.211284788156512,0.141747155732905,0.351366771107785,0.505921977456827
1.35716689404275,0.312146010597102,6.26403719416183e-09,0.209902879289095,0.141817921404484,0.351440616317511,0.505978554691339
1.3571760119407,0.312035070519785,6.26388203495166e-09,0.209802001227555,0.141823114135179,0.351446033716355,0.505982704955569
1.35730943422222,0.310419221925754,6.26161224808276e-09,0.208333405443856,0.141899130242994,0.351525318301979,0.506043439655348
1.35744285650375,0.308817387243562,6.25934369471389e-09,0.206878840869852,0.141975204111006,0.351604624870201,0.506104181556101
1.35757627878527,0.307229424439467,6.25707637395145e-09,0.205438149415166,0.14205133579393,0.351683953426564,0.506164930657762
1.35770970106679,0.305655192841889,6.2548102849026e-09,0.204011174819207,0.142127525346541,0.351763303976609,0.506225686960267
1.35784312334831,0.304094553197897,6.25254542667536e-09,0.202597762635577,0.142203772823672,0.351842676525881,0.50628645046355
1.35797654562983,0.302547367601301,6.25028179837851e-09,0.20119776021629,0.142280078280216,0.35192207107992,0.506347221167544
1.35810996791135,0.301013499550452,6.24801939912169e-09,0.199811016695848,0.142356441771125,0.35200148764427,0.506407999072181
1.35824339019287,0.299492813902334,6.24575822801529e-09,0.198437382975159,0.142432863351412,0.352080926224472,0.506468784177395
1.35837681247439,0.297985176872697,6.24349828417054e-09,0.197076711705341,0.142509343076148,0.352160386826068,0.506529576483117
1.35851023475591,0.296490456026173,6.24123956669947e-09,0.195728857271415,0.142585881000465,0.3522398694546,0.506590375989276
1.35853024101864,0.296267432666307,6.24090098460584e-09,0.195527846721363,0.142597362649063,0.352251789530872,0.506599493309913
1.35864365703743,0.295008520279247,6.2389820747149e-09,0.194393675775899,0.142662477179554,0.352319374115609,0.506651182695805
1.35877707931896,0.293539239912598,6.23672580733046e-09,0.19307102502233,0.142739131668665,0.352398900814637,0.506711996602631
1.35891050160048,0.292082486483502,6.23447076366058e-09,0.191760764498713,0.142815844523111,0.352478449557224,0.506772817709684
1.359043923882,0.290638132916164,6.23221694282049e-09,0.190462755360923,0.142892615798261,0.352558020348911,0.506833646016892
1.35917734616352,0.289206053444157,6.22996434392623e-09,0.189176860416062,0.142969445549547,0.35263761319524,0.506894481524182
1.35931076844504,0.287786123598456,6.22771296609462e-09,0.187902944105787,0.143046333832459,0.352717228101749,0.506955324231481
1.35944419072656,0.286378220203952,6.22546280844328e-09,0.186640872489619,0.143123280702549,0.35279686507398,0.507016174138716
1.35957761300808,0.284982221380247,6.22321387009066e-09,0.185390513228262,0.143200286215429,0.352876524117473,0.507077031245811
1.3597110352896,0.283598006534366,6.22096615015595e-09,0.184151735566883,0.14327735042677,0.352956205237768,0.507137895552692
1.35984445757112,0.282225456323661,6.21871964775918e-09,0.182924410318464,0.143354473392304,0.353035908440403,0.507198767059283
1.35989358799454,0.281722953663979,6.21789271905232e-09,0.182475328836079,0.143382887388613,0.353065263315792,0.507221183741457
1.35997787985264,0.280864452679799,6.21647436202116e-09,0.181708409847107,0.143431655167824,0.353115633730919,0.507259645765507
1.36011130213417,0.279514878784805,6.21423029206348e-09,0.180503608051429,0.143508895809183,0.353195381114854,0.507320531671287
1.36024472441569,0.278176619040925,6.21198743700855e-09,0.179309880347958,0.143586195372295,0.353275150597748,0.507381424776545
1.36037814669721,0.27684955912949,6.20974579597955e-09,0.178127103654586,0.143663553913134,0.353354942185139,0.507442325081203
1.36051156897873,0.275533585905216,6.20750536810047e-09,0.17695515637407,0.143740971487735,0.353434755882565,0.507503232585181
1.36064499126025,0.274228587447306,6.20526615249605e-09,0.175793918377601,0.143818448152195,0.353514591695566,0.5075641472884
1.36077841354177,0.272934453046273,6.20302814829188e-09,0.174643270988423,0.143895983962669,0.353594449629679,0.507625069190779
1.36091183582329,0.27165107316869,6.20079135461428e-09,0.173503096965541,0.143973578975376,0.353674329690441,0.507685998292237
1.36104525810481,0.27037833948759,6.19855577059039e-09,0.172373280487488,0.144051233246594,0.353754231883391,0.507746934592691
1.36117868038633,0.269116144811542,6.19632139534813e-09,0.171253707136188,0.144128946832663,0.353834156214065,0.50780787809206
1.36125693497044,0.268380705584323,6.19501145585791e-09,0.170601777420228,0.144174554877618,0.353881043583303,0.507843625907337
1.36131210266785,0.267864383126186,6.19408822801622e-09,0.170144263880898,0.144206719789984,0.353914102688001,0.50786882879026
1.36144552494938,0.266622949556364,6.19185626772412e-09,0.169044839062245,0.144284552175019,0.353994071310736,0.507929786687207
1.3615789472309,0.265391740397723,6.18962551360213e-09,0.167955322376358,0.144362444044292,0.354074062087806,0.507990751782817
1.36171236951242,0.264170653032361,6.1873959647813e-09,0.166875604859096,0.144440395454386,0.354154075024747,0.508051724077005
1.36184579179394,0.262959585986592,6.18516762039346e-09,0.16580557887039,0.144518406461949,0.354234110127096,0.508112703569684
1.36197921407546,0.261758438885309,6.18294047957124e-09,0.164745138078679,0.144596477123688,0.354314167400388,0.508173690260767
1.36211263635698,0.260567112445067,6.18071454144804e-09,0.163694177445466,0.144674607496371,0.354394246850159,0.508234684150169
1.3622460586385,0.259385508487444,6.17848980515805e-09,0.162652593209985,0.144752797636831,0.354474348481945,0.5082956852378
1.36237948092002,0.258213529872759,6.17626626983621e-09,0.161620282873979,0.144831047601959,0.35455447230128,0.508356693523572
1.36251290320154,0.257051080570714,6.17404393461828e-09,0.160597145186609,0.144909357448709,0.354634618313699,0.508417709007396
1.36262028194634,0.256122393270587,6.17225626202622e-09,0.159780313939172,0.144972425030633,0.354699136242039,0.508466819721632
1.36264632548306,0.255898065587088,6.17182279864077e-09,0.159583080129468,0.144987727234098,0.354714786524737,0.508478731689182
1.36277974776459,0.254754390952009,6.16960286104096e-09,0.158577988901731,0.145066157015204,0.354794976939928,0.50853976156884
1.36291317004611,0.253619963770537,6.16738412095694e-09,0.157581773905428,0.145144646849166,0.354875189564806,0.508600798646276
1.36304659232763,0.252494692114776,6.16516657752753e-09,0.156594338730832,0.145223196793188,0.354955424404904,0.508661842921401
1.36318001460915,0.251378485136599,6.16295022989236e-09,0.155615588142002,0.145301806904531,0.355035681465757,0.508722894394121
1.36331343689067,0.250271252933134,6.16073507719182e-09,0.154645428062422,0.145380477240524,0.355115960752897,0.508783953064343
1.36344685917219,0.249172906632765,6.15852111856707e-09,0.153683765560803,0.145459207858554,0.355196262271857,0.508845018931973
1.36358028145371,0.248083358325416,6.15630835316005e-09,0.152730508836995,0.145537998816073,0.35527658602817,0.508906091996916
1.36371370373523,0.247002521070154,6.15409678011345e-09,0.151785567208047,0.145616850170593,0.355356932027368,0.508967172259077
1.36384712601675,0.245930308903569,6.15188639857075e-09,0.150848851094391,0.145695761979691,0.355437300274983,0.509028259718359
1.36398054829827,0.24486663679751,6.1496772076762e-09,0.14992027200617,0.145774734301005,0.355517690776547,0.509089354374667
1.36398362892224,0.244842177574156,6.14962621311274e-09,0.149898927196427,0.145776558429956,0.355519547197963,0.50909076509109
1.3641139705798,0.243811420677463,6.14746920657481e-09,0.148999742529697,0.145853767192235,0.355598103537591,0.509150456227901
1.36424739286132,0.242764577389212,6.14526239441235e-09,0.148087176314049,0.145932860711145,0.355678538563647,0.509211565277966
1.36438081514284,0.241726024720106,6.14305677033537e-09,0.147182488057804,0.146012014915561,0.355758995860245,0.509272681524761
1.36451423742436,0.240695681342045,6.14085233349119e-09,0.146285593495907,0.146091229863373,0.355839475432916,0.509333804968187
1.36464765970588,0.239673466838753,6.13864908302786e-09,0.145396409386683,0.146170505612532,0.35591997728719,0.509394935608144
1.3647810819874,0.238659301694966,6.13644701809425e-09,0.144514853498978,0.146249842221054,0.356000501428597,0.509456073444531
1.36491450426892,0.237653107270532,6.13424613783994e-09,0.143640844599441,0.146329239747016,0.356081047862667,0.509517218477247
1.36504792655044,0.236654805790951,6.13204644141531e-09,0.142774302439948,0.146408698248559,0.356161616594929,0.509578370706189
1.36518134883196,0.23566432035008,6.12984792797148e-09,0.141915147745157,0.146488217783888,0.356242207630912,0.509639530131255
1.36531477111349,0.234681574901639,6.12765059666034e-09,0.141063302200201,0.14656779841127,0.356322820976145,0.509700696752341
1.36534697589814,0.234445516014275,6.12712039313094e-09,0.140858774465105,0.146587016333377,0.356342282354095,0.509715461915085
1.36544819339501,0.233706494239675,6.12545444663453e-09,0.140218688438521,0.146647440189036,0.356403456636155,0.509761870569343
1.36558161567653,0.232739003979025,6.12325947704747e-09,0.139381230029834,0.14672714317558,0.356484114616472,0.509823051582155
1.36571503795805,0.231779030582787,6.12106568705331e-09,0.138550851468235,0.146806907429359,0.356564794922623,0.509884239790673
1.36584846023957,0.23082650131025,6.11887307580697e-09,0.137727478160438,0.146886733008896,0.356645497560135,0.50994543519479
1.36598188252109,0.2298813442356,6.11668164246415e-09,0.136911036414149,0.146966619972774,0.356726222534535,0.510006637794399
1.36611530480261,0.228943488229458,6.11449138618127e-09,0.136101453426576,0.147046568379642,0.35680696985135,0.510067847589392
1.36624872708413,0.228012862961251,6.11230230611552e-09,0.135298657273071,0.147126578288212,0.356887739516107,0.510129064579661
1.36638214936565,0.227089398857626,6.11011440142484e-09,0.134502576895901,0.147206649757261,0.356968531534332,0.510190288765097
1.36651557164717,0.226173027137853,6.10792767126794e-09,0.133713142093172,0.147286782845627,0.357049345911549,0.510251520145589
1.3666489939287,0.225263679765404,6.10574211480426e-09,0.132930283507846,0.147366977612215,0.357130182653286,0.510312758721029
1.36671032287403,0.224848026709667,6.10473789445955e-09,0.1325726216544,0.147403860681999,0.357167347610226,0.510340910085574
1.36678241621022,0.224361289481111,6.103557731194e-09,0.132153932616931,0.147447234115993,0.357211041765066,0.510374004491304
1.36691583849174,0.223465789742155,6.10137451959812e-09,0.131384021720775,0.147527552415992,0.357291923252415,0.510435257456304
1.36704926077326,0.222577114757648,6.09919247917832e-09,0.130620483932496,0.147607932571309,0.357372827120856,0.510496517615914
1.36718268305478,0.221695199467065,6.09701160909705e-09,0.129863253167539,0.147688374641104,0.357453753375914,0.510557784970023
1.3673161053363,0.220819979526058,6.09483190851751e-09,0.129112264133368,0.147768878684602,0.357534702023113,0.510619059518516
1.36744952761782,0.219951391301287,6.09265337660365e-09,0.128367452319271,0.147849444761092,0.357615673067975,0.510680341261278
1.36758294989934,0.219089371851638,6.09047601252017e-09,0.127628753986306,0.147930072929927,0.357696666516024,0.510741630198195
1.36771637218086,0.218233858953934,6.0882998154325e-09,0.126896106157357,0.148010763250525,0.357777682372782,0.510802926329151
1.36784979446238,0.217384791052439,6.08612478450684e-09,0.126169446607323,0.148091515782369,0.357858720643771,0.510864229654029
1.36798321674391,0.216542107269955,6.08395091891011e-09,0.125448713853427,0.148172330585007,0.357939781334514,0.510925540172711
1.36807366984993,0.215974413711868,6.08247781775112e-09,0.124963436104612,0.14822715410814,0.35799474886264,0.51096710948705
1.36811663902543,0.215705747419986,6.08177821781e-09,0.124733847145645,0.14825320771805,0.358020864450531,0.51098685788508
1.36825006130695,0.214875651954529,6.07960668037492e-09,0.124024786457257,0.148334147241175,0.358101969997344,0.511048182791017
1.36838348358847,0.214051762000214,6.07743630577402e-09,0.123321472475517,0.148415149214124,0.358183097980473,0.511109514890402
1.36851690586999,0.213234019321843,6.07526709317722e-09,0.122623846592439,0.148496213696704,0.35826424840544,0.511170854183116
1.36865032815151,0.212422366329704,6.07309904175515e-09,0.121931850895703,0.148577340748787,0.358345421277763,0.511232200669038
1.36878375043303,0.211616746057254,6.07093215067919e-09,0.121245428159677,0.14865853043031,0.358426616602962,0.511293554348045
1.36891717271455,0.210817102168397,6.06876641912147e-09,0.120564521836552,0.148739782801274,0.358507834386557,0.511354915220017
1.36905059499607,0.210023378961553,6.06660184625485e-09,0.11988907604759,0.148821097921747,0.358589074634066,0.51141628328483
1.36918401727759,0.209235521317969,6.06443843125293e-09,0.119219035574488,0.148902475851862,0.358670337351007,0.51147765854236
1.36931743955912,0.208453474739728,6.06227617329003e-09,0.118554345850851,0.148983916651817,0.3587516225429,0.511539040992484
1.36943701682583,0.207757473478959,6.06033927184161e-09,0.117963132357979,0.149056959943318,0.358824492003822,0.511594059996501
1.36945086184064,0.207677185315559,6.06011507154122e-09,0.117894952953774,0.149065420381875,0.35883293021526,0.511600430635076
1.36958428412216,0.206906599744314,6.05795512518232e-09,0.11724080359554,0.149146987102366,0.358914260373606,0.511661827470011
1.36971770640368,0.206141665274754,6.05579633338985e-09,0.116591845115411,0.149228616873684,0.358995613023455,0.511723231497162
1.3698511286852,0.20538232975964,6.0536386953411e-09,0.115948025471549,0.14931030975629,0.359076988170322,0.511784642716403
1.36998455096672,0.20462854161349,6.05148221021406e-09,0.115309293233015,0.14939206581071,0.359158385819724,0.511846061127605
1.37011797324824,0.203880249800065,6.04932687718748e-09,0.1146755975719,0.149473885097536,0.359239805977176,0.511907486730641
1.37025139552976,0.203137403856393,6.04717269544081e-09,0.114046888255537,0.149555767677426,0.359321248648193,0.51196891952538
1.37038481781128,0.20239995385482,6.04501966415426e-09,0.113423115638829,0.149637713611104,0.359402713838291,0.512030359511694
1.3705182400928,0.20166785042574,6.04286778250876e-09,0.112804230656671,0.149719722959361,0.359484201552983,0.512091806689452
1.37065166237433,0.200941044721527,6.04071704968596e-09,0.112190184816478,0.149801795783051,0.359565711797784,0.512153261058521
1.37078508465585,0.200219488423831,6.03856746486824e-09,0.111580930190802,0.149883932143098,0.359647244578207,0.512214722618772
1.37080036380173,0.200137190662091,6.03832137366123e-09,0.111511463676462,0.149893342226296,0.359656582922171,0.512221761483364
1.37091850693737,0.199503133755479,6.03641902723873e-09,0.110976419410059,0.149966132100491,0.359728799899764,0.51227619137007
1.37105192921889,0.198791933434071,6.03427173598125e-09,0.110376605655342,0.150048395716284,0.35981037776797,0.512337667312283
1.37118535150041,0.198085840707226,6.03212559028037e-09,0.109781442651336,0.150130723051599,0.359891978188335,0.512399150445277
1.37131877378193,0.19738480931487,6.02998058932139e-09,0.109190884659321,0.150213114167624,0.359973601166372,0.512460640768916
1.37145219606345,0.196688793504221,6.0278367322903e-09,0.108604886470278,0.150295569125614,0.360055246707591,0.512522138283066
1.37158561834497,0.195997748012545,6.02569401837386e-09,0.108023403398075,0.150378087986889,0.360136914817505,0.51258364298759
1.37171904062649,0.195311628063994,6.02355244675951e-09,0.107446391272749,0.150460670812838,0.360218605501623,0.512645154882351
1.37185246290801,0.194630389366147,6.02141201663544e-09,0.106873806433884,0.150543317664916,0.360300318765455,0.512706673967212
1.37198588518954,0.193953988103132,6.01927272719056e-09,0.106305605724068,0.150626028604644,0.360382054614511,0.512768200242035
1.37211930747106,0.193282380927389,6.01713457761447e-09,0.105741746482439,0.150708803693611,0.3604638130543,0.51282973370668
1.37216371077763,0.19305992401445,6.01642324814636e-09,0.105555048123011,0.150736365711225,0.360491027501702,0.512850213809482
1.37225272975258,0.192615524956879,6.01499756709753e-09,0.105182186538326,0.150791642993472,0.36054559409033,0.512891274361009
1.3723861520341,0.191953377767828,6.0128616948308e-09,0.104626884204962,0.15087454656595,0.360627397728111,0.51295282220488
1.37251957431562,0.191295897398427,6.01072696000604e-09,0.104075798273294,0.150957514472836,0.360709223973148,0.513014377238152
1.37265299659714,0.190643042322468,6.00859336181577e-09,0.103528888005869,0.151040546775986,0.360791072830951,0.513075939460685
1.37278641887866,0.1899947714703,6.00646089945319e-09,0.102986113130802,0.151123643537325,0.360872944307025,0.513137508872334
1.37291984116018,0.189351044199106,6.00432957211223e-09,0.10244743383583,0.151206804818845,0.360954838406878,0.513199085472958
1.3730532634417,0.188711820303744,6.00219937898753e-09,0.101912810762438,0.151290030682605,0.361036755136014,0.513260669262412
1.37318668572322,0.188077060007274,6.00007031927445e-09,0.101382205000078,0.151373321190733,0.361118694499939,0.513322260240552
1.37332010800475,0.187446723954694,5.99794239216905e-09,0.100855578080444,0.151456676405422,0.361200656504159,0.513383858407232
1.37345353028627,0.18682077321022,5.99581559686813e-09,0.100332891971851,0.151540096388935,0.361282641154177,0.513445463762306
1.37352705775352,0.18647767927173,5.99464402815265e-09,0.100046516331331,0.15158609587585,0.361327831621747,0.513479416829058
1.37358695256779,0.186199169249071,5.99368993256918e-09,0.099814109073667,0.151623581203603,0.361364648455498,0.513507076305629
1.37372037484931,0.185581873955875,5.9915653984704e-09,0.0992991922108309,0.151707130911823,0.361446678413624,0.513568696037051
1.37385379713083,0.184968849615392,5.9894419937707e-09,0.0987881046284452,0.151790745576061,0.36152873103406,0.513630322956425
1.37398721941235,0.184360058912782,5.98731971766972e-09,0.0982808099864369,0.151874425258851,0.361610806322308,0.513691957063602
1.37412064169387,0.183755464918637,5.9851985693678e-09,0.0977772723542939,0.151958170022795,0.361692904283869,0.513753598358434
1.37425406397539,0.183155031118275,5.98307854806596e-09,0.0972774562058713,0.152041979930563,0.361775024924245,0.513815246840768
1.37438748625691,0.182558721352629,5.98095965296597e-09,0.096781326414268,0.152125855044893,0.361857168248937,0.513876902510455
1.37452090853844,0.181966499853325,5.97884188327028e-09,0.0962888482467729,0.152209795428592,0.361939334263446,0.513938565367343
1.37465433081996,0.181378331230375,5.97672523818205e-09,0.0957999873598794,0.152293801144535,0.362021522973272,0.514000235411278
1.37478775310148,0.180794180463294,5.97460971690516e-09,0.0953147097943669,0.152377872255666,0.362103734383914,0.51406191264211
1.37489040472942,0.180347463064868,5.97298285436909e-09,0.094943767769477,0.152442598929799,0.362167001156656,0.514109370388609
1.374921175383,0.180214012895825,5.97249531864417e-09,0.0948329819704496,0.152462008824997,0.362185968500871,0.514123597059682
1.37505459766452,0.179637794230455,5.97038204260436e-09,0.09435477068299,0.152546210915608,0.362268225329641,0.514185288663841
1.37518801994604,0.179065490542129,5.96826988799171e-09,0.0938800430967781,0.152630478590649,0.362350504875724,0.514246987454432
1.37532144222756,0.178497068241032,5.96615885401289e-09,0.0934087667418737,0.152714811913338,0.362432807144615,0.514308693431299
1.37545486450908,0.177932494102064,5.9640489398753e-09,0.0929409095090125,0.152799210946961,0.362515132141813,0.514370406594284
1.3755882867906,0.177371735236564,5.96194014478702e-09,0.0924764396450732,0.152883675754875,0.362597479872813,0.514432126943231
1.37572170907212,0.176814759105601,5.95983246795683e-09,0.0920153257486076,0.152968206400505,0.362679850343111,0.514493854477981
1.37585513135365,0.176261533499503,5.9577259085942e-09,0.0915575367654291,0.153052802947344,0.362762243558203,0.514555589198376
1.37598855363517,0.175712026542089,5.95562046590933e-09,0.0911030419842631,0.153137465458955,0.362844659523584,0.514617331104256
1.37612197591669,0.175166206699554,5.95351613911308e-09,0.0906518110324541,0.153222193998972,0.362927098244747,0.514679080195461
1.37625375170532,0.174630711147345,5.95143887523333e-09,0.0902093227779303,0.153305941822945,0.363008541975485,0.514740074326926
1.37625539819821,0.174624042747072,5.95141292741704e-09,0.0902038138717328,0.153306988631095,0.363009559727188,0.51474083647183
1.37638882047973,0.174085503792709,5.94931083003348e-09,0.0897590207940385,0.153391849419096,0.363092043976398,0.5148025999332
1.37652224276125,0.173550559259071,5.94720984617536e-09,0.0893174024174006,0.153476776426814,0.36317455099787,0.514864370579411
1.37665566504277,0.173019178887287,5.94510997505634e-09,0.0888789296818698,0.153561769718161,0.363257080797097,0.514926148410298
1.37678908732429,0.172491332722015,5.94301121589079e-09,0.0884435738455167,0.153646829357115,0.363339633379571,0.514987933425698
1.37692250960581,0.171966991122063,5.94091356789374e-09,0.0880113064804665,0.153731955407726,0.363422208750781,0.515049725625446
1.37705593188733,0.171446124749944,5.93881703028095e-09,0.0875820994690045,0.153817147934113,0.36350480691622,0.515111525009377
1.37718935416886,0.170928704561959,5.93672160226883e-09,0.0871559249997235,0.153902407000465,0.363587427881376,0.515173331577325
1.37732277645038,0.170414701816563,5.93462728307452e-09,0.0867327555637267,0.15398773267104,0.363670071651739,0.515235145329123
1.3774561987319,0.169904088058555,5.93253407191584e-09,0.0863125639508819,0.154073125010168,0.363752738232798,0.515296966264604
1.37758962101342,0.169396835139057,5.93044196801128e-09,0.0858953232461255,0.154158584082247,0.363835427630041,0.5153587943836
1.37761709868122,0.169292783670933,5.93001124684794e-09,0.0858097585643506,0.154176192253849,0.363852459941691,0.515371528475024
1.37772304329494,0.168892915177124,5.92835097058004e-09,0.0854810068258166,0.154244109951746,0.363918139848956,0.515420629685941
1.37785646557646,0.168392300585656,5.92626107884199e-09,0.0850695883541405,0.154329702683204,0.36400087489503,0.515482472171459
1.37798988785798,0.167894964054547,5.92417229201772e-09,0.0846610417795596,0.154415362341232,0.364083632773749,0.515544321839982
1.3781233101395,0.167400878549529,5.92208460932847e-09,0.0842553413313139,0.154501088990508,0.364166413490599,0.515606178691341
1.37825673242102,0.166910017310127,5.91999802999618e-09,0.0838524615159662,0.154586882695783,0.364249217051066,0.515668042725362
1.37839015470254,0.166422353848649,5.91791255324349e-09,0.0834523771139959,0.154672743521879,0.364332043460635,0.515729913941873
1.37852357698407,0.165937861937645,5.9158281782937e-09,0.0830550631764373,0.154758671533687,0.364414892724789,0.515791792340702
1.37865699926559,0.165456515628039,5.9137449043708e-09,0.0826604950215633,0.154844666796168,0.364497764849012,0.515853677921675
1.37879042154711,0.164978289216373,5.91166273069948e-09,0.0822686482316139,0.154930729374356,0.364580659838788,0.515915570684616
1.37892384382863,0.164503157264069,5.90958165650509e-09,0.0818794986495683,0.155016859333355,0.364663577699598,0.51597747062935
1.37898044565712,0.164302520387666,5.90869913289778e-09,0.0817152184346156,0.155053418678273,0.364698760912812,0.5160037326561
1.37905726611015,0.16403109459277,5.90750168101367e-09,0.0814930223759602,0.15510305673834,0.364746518436925,0.516039377755702
1.37919068839167,0.163562076263682,5.90542280345196e-09,0.0811091957657364,0.155189321654555,0.36482948205625,0.516101292063494
1.37932411067319,0.163096077596699,5.90334502304734e-09,0.0807279954251562,0.155275654147319,0.364912468563053,0.516163213552549
1.37945753295471,0.162633074160511,5.90126833902791e-09,0.0803493982087339,0.155362054282019,0.364995477962814,0.516225142222688
1.37959095523623,0.162173041760874,5.89919275062243e-09,0.0799733812162207,0.155448522124114,0.365078510261013,0.516287078073733
1.37972437751775,0.161715956445145,5.89711825706032e-09,0.0795999217896279,0.155535057739136,0.365161565463129,0.516349021105503
1.37985779979928,0.161261794505668,5.89504485757172e-09,0.0792289975102899,0.155621661192684,0.365244643574639,0.516410971317819
1.3799912220808,0.16081053245936,5.8929725513874e-09,0.0788605861959633,0.155708332550435,0.365327744601022,0.516472928710499
1.38012464436232,0.160362147063867,5.89090133773885e-09,0.0784946658979738,0.155795071878131,0.365410868547754,0.516534893283361
1.38025806664384,0.159916615301032,5.88883121585821e-09,0.0781312148983862,0.15588187924159,0.365494015420312,0.516596865036223
1.38034379263302,0.159631849070237,5.88750170456838e-09,0.0778989846921244,0.155937690317778,0.365547450740154,0.516636686685485
1.38039148892536,0.159473914390838,5.88676218497828e-09,0.0777702117072273,0.155968754706701,0.365577185224171,0.516658843968901
1.38052491120688,0.159034021767511,5.88469424433257e-09,0.0774116350597362,0.156055698339423,0.365660377964806,0.516720830081211
1.3806583334884,0.158596915089953,5.88262739315524e-09,0.0770554639136541,0.156142710205788,0.365743593647692,0.516782823372968
1.38079175576992,0.158162572243124,5.88056163068113e-09,0.0767016774465507,0.1562297903719,0.365826832278302,0.516844823843987
1.38092517805144,0.157730971323609,5.87849695614575e-09,0.0763502550531847,0.156316938903935,0.36591009386211,0.516906831494081
1.38105860033296,0.157302090638107,5.87643336878527e-09,0.0760011763429002,0.156404155868141,0.365993378404589,0.516968846323063
1.38119202261449,0.156875908713037,5.87437086783656e-09,0.0756544211370576,0.156491441330839,0.366076685911209,0.517030868330746
1.38132544489601,0.156452404290685,5.87230945253712e-09,0.075309969466498,0.156578795358421,0.366160016387443,0.517092897516941
1.38145886717753,0.156031556305857,5.87024912212514e-09,0.0749678015690416,0.156666218017351,0.366243369838761,0.517154933881458
1.38159228945905,0.155613343911724,5.86818987583949e-09,0.074627897887019,0.156753709374167,0.366326746270632,0.517216977424109
1.38170713960891,0.155255440942622,5.8664181404654e-09,0.074337106762511,0.156829077168386,0.366398535268464,0.5172703903706
1.38172571174057,0.155197746457375,5.86613171291968e-09,0.0742902390648351,0.156841269495479,0.366410145688527,0.517279028144701
1.38185913402209,0.154784743497169,5.86407463260591e-09,0.073954805946565,0.156928898447969,0.366493568097913,0.517341086043045
1.38199255630361,0.15437431477628,5.86201863413904e-09,0.0736215795735821,0.157016596298392,0.366577013504259,0.517403151118947
1.38212597858513,0.153966440245731,5.85996371676058e-09,0.0732905411822168,0.157104363113575,0.366660481913032,0.517465223372214
1.38225940086665,0.153561100046821,5.85790987971273e-09,0.0729616722014465,0.15719219896042,0.366743973329698,0.517527302802653
1.38239282314818,0.153158274512351,5.85585712223832e-09,0.0726349542506158,0.1572801039059,0.366827487759723,0.51758938941007
1.3825262454297,0.152757944164782,5.85380544358089e-09,0.0723103691371863,0.15736807801706,0.366911025208574,0.51765148319427
1.38265966771122,0.152360089713088,5.8517548429846e-09,0.0719878988545167,0.157456121361021,0.366994585681713,0.517713584155056
1.38279308999274,0.151964692057984,5.84970531969429e-09,0.0716675255796716,0.157544234004976,0.367078169184606,0.517775692292233
1.38292651227426,0.151571732273238,5.84765687295546e-09,0.0713492316712585,0.157632416016189,0.367161775722715,0.517837807605602
1.38305993455578,0.151181191622933,5.84560950201427e-09,0.0710329996672941,0.157720667462001,0.367245405301503,0.517899930094966
1.38307048658481,0.151150407432667,5.84544762653502e-09,0.0710080771535623,0.157727650009325,0.367252020335602,0.517904843510911
1.3831933568373,0.150793051549554,5.84356320611754e-09,0.0707188122830982,0.157808988409823,0.367329057926432,0.517962059760126
1.38332677911882,0.150407293669117,5.84151798451274e-09,0.0704066524092126,0.157897378927141,0.367412733602963,0.518024196600883
1.38346020140034,0.150023899777849,5.83947383644803e-09,0.070096503109355,0.157985839081516,0.367496432336556,0.518086340617035
1.38359362368186,0.149642851840782,5.83743076117217e-09,0.0697883476183866,0.15807436894058,0.367580154132671,0.518148491808383
1.38372704596339,0.14926413199958,5.83538875793464e-09,0.0694821693403198,0.15816296857204,0.367663898996768,0.518210650174724
1.38386046824491,0.148887722560908,5.83334782598554e-09,0.0691779518463425,0.158251638043676,0.367747666934304,0.518272815715856
1.38399389052643,0.148513606000202,5.83130796457562e-09,0.0688756788728722,0.158340377423344,0.367831457950737,0.518334988431576
1.38412731280795,0.148141764966456,5.82926917295632e-09,0.0685753343196341,0.15842918677897,0.367915272051524,0.51839716832168
1.38426073508947,0.147772182262621,5.82723145037969e-09,0.0682769022477645,0.158518066178559,0.367999109242122,0.518459355385962
1.38439415737099,0.147404840858419,5.82519479609847e-09,0.0679803668779387,0.158607015690186,0.368082969527986,0.518521549624219
1.38443383356071,0.147296033277859,5.82458935598536e-09,0.0678925488186386,0.158633480411848,0.368107911772218,0.518540045897883
1.38452757965251,0.147039723882234,5.82315920936604e-09,0.0676857125885232,0.158696035382002,0.36816685291457,0.518583751036243
1.38466100193403,0.146676814629679,5.82112468943641e-09,0.0673929239137516,0.158785125322231,0.368250759407329,0.518645959621827
1.38479442421555,0.146316096543471,5.81909123556429e-09,0.0671019855419243,0.158874285579174,0.368334689011716,0.518708175380764
1.38492784649707,0.145957553222558,5.81705884700499e-09,0.0668128823136312,0.158963516221204,0.368418641733184,0.518770398312845
1.3850612687786,0.145601168433982,5.81502752301451e-09,0.0665255992199975,0.159052817316768,0.368502617577184,0.518832628417862
1.38519469106012,0.145246926072017,5.81299726284947e-09,0.0662401214009522,0.159142188934391,0.368586616549168,0.518894865695604
1.38532811334164,0.144894810200411,5.81096806576716e-09,0.0659564341435183,0.159231631142669,0.368670638654586,0.518957110145861
1.38546153562316,0.144544805028148,5.80893993102551e-09,0.065674522880126,0.159321144010274,0.368754683898888,0.519019361768421
1.38559495790468,0.144196894908901,5.80691285788308e-09,0.065394373186946,0.159410727605954,0.368838752287523,0.519081620563072
1.3857283801862,0.143851064341994,5.80488684559911e-09,0.0651159707822462,0.15950038199853,0.368922843825938,0.519143886529601
1.38579718053661,0.14367354144095,5.8038425292089e-09,0.0649730883487196,0.159546640748119,0.368966215401406,0.519175997314933
1.38586180246772,0.143507297970622,5.80286189343347e-09,0.0648393015247673,0.159590107256899,0.369006958519582,0.519206159667795
1.38599522474924,0.143165580584029,5.80083800064666e-09,0.0645643514121211,0.159679903450034,0.3690910963739,0.51926843997744
1.38612864703076,0.142825897106864,5.79881516649985e-09,0.0642911065792077,0.159769770646982,0.36917525739434,0.519330727458319
1.38626206931228,0.142488232607475,5.79679339025485e-09,0.0640195532966541,0.159859708916864,0.369259441586345,0.519393022110218
1.38639549159381,0.1421525722886,5.79477267117409e-09,0.063749677969272,0.15994971832888,0.369343648955361,0.51945532393292
1.38652891387533,0.141818901496068,5.79275300852067e-09,0.0634814671345359,0.1600397989523,0.369427879506831,0.519517632926206
1.38666233615685,0.141487205700195,5.79073440155832e-09,0.0632149074610779,0.160129950856476,0.369512133246197,0.51957994908986
1.38679575843837,0.141157470514175,5.78871684955141e-09,0.0629499857472089,0.160220174110829,0.369596410178903,0.519642272423663
1.38692918071989,0.140829681681409,5.78670035176495e-09,0.0626866889194471,0.160310468784861,0.369680710310389,0.519704602927394
1.38706260300141,0.1405038250698,5.7846849074646e-09,0.0624250040310765,0.160400834948147,0.369765033646095,0.519766940600833
1.38716052751251,0.140265885866514,5.78320635370583e-09,0.0622339601744068,0.160467204200183,0.369826937038373,0.519812697537383
1.38719602528293,0.1401798866857,5.78267051591665e-09,0.0621649182607167,0.160491272670337,0.369849380191463,0.51982928544376
1.38732944756445,0.139857852656337,5.78065717638803e-09,0.0619064189109132,0.16058178202116,0.369933749951929,0.519891637455952
1.38746286984597,0.139537709237231,5.77864488814632e-09,0.0616494934067449,0.160672363070419,0.370018142932933,0.519953996637187
1.38759629212749,0.139219442813091,5.7766336504597e-09,0.06139412929445,0.160763015887992,0.370102559139913,0.520016362987241
1.38772971440902,0.138903039886493,5.77462346259704e-09,0.061140314240068,0.160853740543835,0.370186998578304,0.52007873650589
1.38786313669054,0.138588487087932,5.77261432382781e-09,0.0608880360280999,0.16094453710798,0.370271461253542,0.52014111719291
1.38799655897206,0.138275771165271,5.77060623342211e-09,0.0606372825601847,0.161035405650534,0.370355947171063,0.520203505048075
1.38812998125358,0.137964878984115,5.76859919065071e-09,0.0603880418537926,0.161126346241682,0.3704404563363,0.520265900071158
1.3882634035351,0.137655797537006,5.76659319478499e-09,0.0601403020409346,0.161217358951685,0.370524988754687,0.520328302261932
1.38839682581662,0.137348513930106,5.76458824509695e-09,0.0598940513668885,0.161308443850879,0.370609544431657,0.52039071162017
1.3885238744884,0.137057568697007,5.76268004400838e-09,0.0596609376206036,0.161395244768994,0.370690082490093,0.520450146332417
1.38853024809814,0.137043015381603,5.76258434085926e-09,0.0596492781889404,0.161399601009679,0.370694123372641,0.520453128145643
1.38866367037966,0.136739289228229,5.76058148134518e-09,0.0594059709751426,0.161490830498576,0.370778725583071,0.520515551838121
1.38879709266118,0.136437322924139,5.75857966582864e-09,0.0591641183030859,0.161582132388136,0.370863351068375,0.520577982697374
1.3889305149427,0.136137104029402,5.75657889358417e-09,0.058923708858689,0.161673506749004,0.370947999833984,0.520640420723171
1.38906393722423,0.135838620217577,5.75457916388695e-09,0.0586847314350007,0.161764953651902,0.371032671885327,0.520702865915281
1.38919735950575,0.135541859274599,5.75258047601278e-09,0.0584471749310193,0.161856473167627,0.37111736722783,0.520765318273472
1.38933078178727,0.135246809094745,5.75058282923809e-09,0.0582110283505249,0.161948065367055,0.371202085866921,0.520827777797509
1.38946420406879,0.13495345767985,5.74858622283995e-09,0.0579762808009272,0.162039730321138,0.371286827808025,0.52089024448716
1.38959762635031,0.134661793136383,5.74659065609603e-09,0.0577429214921273,0.162131468100908,0.371371593056568,0.520952718342189
1.38973104863183,0.13437180368067,5.74459612828465e-09,0.0575109397353935,0.16222327877747,0.371456381617974,0.521015199362362
1.38986447091335,0.134083477632668,5.74260263868475e-09,0.0572803249422513,0.162315162422009,0.371541193497666,0.521077687547441
1.3898872214643,0.134034478769811,5.74226282160609e-09,0.0572411372312091,0.162330837283532,0.371555657554958,0.521088343459034
1.38999789319487,0.133796803409918,5.74061018657589e-09,0.0570510666233854,0.162407119105789,0.371626028701068,0.52114018289719
1.39013131547639,0.133511769541846,5.73861877123828e-09,0.0568231543875607,0.162499148900149,0.3717108872336,0.521202685411371
1.39026473775791,0.133228364656123,5.7366283919527e-09,0.0565965779405471,0.162591251876506,0.371795769100684,0.521265195089746
1.39039816003944,0.132946577474001,5.73463904800061e-09,0.0563713270840688,0.162683428106355,0.371880674307739,0.521327711932075
1.39053158232096,0.132666396824938,5.73265073866407e-09,0.0561473917147556,0.162775677661271,0.371965602860185,0.521390235938118
1.39066500460248,0.13238781163178,5.73066346322575e-09,0.0559247618231162,0.162868000612905,0.372050554763441,0.521452767107636
1.390798426884,0.132110810919801,5.72867722096897e-09,0.0557034274925185,0.162960397032985,0.372135530022923,0.521515305440385
1.39093184916552,0.131835383803783,5.72669201117764e-09,0.0554833788981842,0.16305286699332,0.372220528644049,0.521577850936124
1.39106527144704,0.131561519494122,5.72470783313631e-09,0.0552646063061956,0.163145410565794,0.372305550632233,0.521640403594611
1.39119869372856,0.131289207305686,5.72272468613015e-09,0.0550471000725149,0.163238027822372,0.372390595992891,0.5217029634156
1.3912505684402,0.131183748826638,5.72195391487194e-09,0.0549628732781369,0.163274057409971,0.372423668022423,0.521727288667996
1.39133211601008,0.131018436632164,5.72074256944494e-09,0.0548308506420145,0.163330718835096,0.372475664731437,0.521765530398847
1.3914655382916,0.130749196971345,5.71876148236707e-09,0.0546158485475204,0.163423483676087,0.372560756853283,0.521828104544108
1.39159896057312,0.130481477902643,5.71678142418358e-09,0.0544020844088658,0.163516322417545,0.372645872363842,0.521890685851135
1.39173238285465,0.130215269109484,5.71480239418209e-09,0.0541895489319576,0.163609235131746,0.372731011268526,0.521953274319683
1.39186580513617,0.129950560350187,5.71282439165087e-09,0.0539782329078533,0.163702221891048,0.372816173572744,0.522015869949503
1.39199922741769,0.129687341479566,5.71084741587877e-09,0.0537681272118496,0.163795282767886,0.372901359281906,0.522078472740348
1.39213264969921,0.129425602442606,5.70887146615529e-09,0.0535592228025814,0.163888417834775,0.37298656840142,0.522141082691967
1.39226607198073,0.129165333260633,5.70689654177052e-09,0.0533515107211328,0.163981627164307,0.373071800936695,0.522203699804111
1.39239949426225,0.128906524054663,5.70492264201517e-09,0.0531449820901577,0.164074910829156,0.373157056893137,0.52226632407653
1.39253291654377,0.128649165019619,5.70294976618057e-09,0.0529396281130116,0.164168268902073,0.373242336276152,0.522328955508971
1.3926139154161,0.128493629112371,5.70175255898949e-09,0.0528155297972764,0.164224981660934,0.373294119672659,0.522366981701791
1.39266633882529,0.128393246442132,5.70097791355866e-09,0.0527354400728939,0.164261701455888,0.373327639091145,0.522391594101183
1.39279976110681,0.128138758688132,5.69900708344198e-09,0.0525324093320003,0.164355208563511,0.37341296534352,0.522454239852913
1.39293318338834,0.127885692203699,5.69703727512371e-09,0.0523305273306856,0.164448790297932,0.37349831503868,0.522516892763906
1.39306660566986,0.127634037530418,5.6950684878976e-09,0.0521297855866361,0.16454244673222,0.373583688182027,0.522579552833909
1.39320002795138,0.127383785270126,5.69310072105805e-09,0.0519301756940528,0.164636177939523,0.373669084778962,0.522642220062666
1.3933334502329,0.127134926120557,5.69113397390004e-09,0.0517316893228434,0.164729983993069,0.373754504834886,0.522704894449921
1.39346687251442,0.126887450848521,5.68916824571917e-09,0.0515343182178249,0.164823864966165,0.373839948355199,0.522767575995417
1.39360029479594,0.126641350311856,5.68720353581166e-09,0.0513380541979338,0.164917820932201,0.373925415345298,0.522830264698896
1.39373371707746,0.126396615435032,5.68523984347432e-09,0.0511428891554505,0.165011851964642,0.374010905810582,0.522892960560101
1.39386713935898,0.126153237222716,5.68327716800456e-09,0.0509488150552249,0.165105958137038,0.374096419756446,0.522955663578771
1.393977262392,0.125953375283908,5.68165799588086e-09,0.0507894478623853,0.165183687404807,0.37416701827618,0.523007422294577
1.3940005616405,0.125911206759095,5.68131550870043e-09,0.0507558239339202,0.165200139523014,0.374181957188287,0.523018373754648
1.39413398392202,0.125670515196712,5.67935486486055e-09,0.050563907899259,0.165294396196279,0.374267518111499,0.52308109108747
1.39426740620355,0.125431153771033,5.67739523578417e-09,0.0503730591292816,0.16538872823062,0.374353102531476,0.523143815576976
1.39440082848507,0.125193113784326,5.67543662077113e-09,0.050183269871612,0.165483135699907,0.374438710453611,0.523206547222903
1.39453425076659,0.124956386618399,5.67347901912187e-09,0.0499945324427332,0.165577618678087,0.374524341883295,0.523269286024989
1.39466767304811,0.124720963723714,5.67152243013745e-09,0.0498068392272701,0.16567217723919,0.374609996825919,0.52333203198297
1.39480109532963,0.124486836620585,5.66956685311952e-09,0.0496201826772825,0.165766811457326,0.374695675286873,0.523394785096581
1.39493451761115,0.12425399690808,5.66761228737034e-09,0.0494345553115642,0.165861521406684,0.374781377271547,0.523457545365557
1.39506793989267,0.124022436245822,5.66565873219276e-09,0.0492499497149528,0.165956307161537,0.374867102785328,0.523520312789632
1.39520136217419,0.123792146371071,5.66370618689024e-09,0.0490663585376456,0.166051168796235,0.374952851833603,0.523583087368539
1.39533478445571,0.123563119084593,5.66175465076684e-09,0.0488837744945247,0.166146106385213,0.375038624421757,0.52364586910201
1.39534060936789,0.1235531489157,5.66166947413562e-09,0.0488758261241612,0.166150252875122,0.375042369593486,0.52364861017214
1.39546820673723,0.123335346261319,5.65980412312721e-09,0.0487021903644896,0.166241120002983,0.375124420555177,0.523708657989777
1.39560162901876,0.123108819837412,5.65785460327661e-09,0.0485215989897977,0.166336209724141,0.375210240239246,0.523771454031571
1.39573505130028,0.12288353182032,5.6559060905209e-09,0.0483419932754128,0.166431375623363,0.375296083479347,0.523834257227121
1.3958684735818,0.122659474285096,5.65395858416651e-09,0.0481633661883604,0.166526617775407,0.375381950280862,0.523897067576157
1.39600189586332,0.122436639366107,5.65201208352052e-09,0.0479857107570915,0.166621936255111,0.375467840649172,0.523959885078407
1.39613531814484,0.122215019266748,5.65006658789054e-09,0.0478090200708534,0.166717331137395,0.375553754589658,0.524022709733599
1.39626874042636,0.121994606256092,5.64812209658484e-09,0.0476332872790674,0.166812802497261,0.375639692107697,0.52408554154146
1.39640216270788,0.121775392666734,5.64617860891223e-09,0.0474585055907149,0.166908350409793,0.375725653208669,0.524148380501716
1.3965355849894,0.121557370892744,5.64423612418216e-09,0.047284668273729,0.167003974950155,0.37581163789795,0.524211226614093
1.39666900727092,0.121340533390082,5.64229464170464e-09,0.0471117686543948,0.167099676193594,0.375897646180916,0.524274079878314
1.39670395634379,0.121283929060904,5.64178624894052e-09,0.0470666329130976,0.167124757180003,0.375920179374689,0.524290545051846
1.39680242955244,0.121124872678464,5.6403541607903e-09,0.0469398001167558,0.16719545421544,0.375983678062943,0.524336940294104
1.39693585183397,0.120910381341538,5.63841468075033e-09,0.0467687561020259,0.167291309091102,0.376069733549403,0.524399807861185
1.39706927411549,0.120697052017369,5.63647620089655e-09,0.0465986301080127,0.167387240896073,0.376155812645671,0.52446268257928
1.39720269639701,0.120484877405358,5.63453872054134e-09,0.0464294156885405,0.167483249705928,0.376241915357118,0.524525564448111
1.39733611867853,0.120273850272248,5.63260223899768e-09,0.0462611064528867,0.167579335596324,0.376328041689114,0.524588453467397
1.39746954096005,0.120063963435418,5.63066675557916e-09,0.0460936960652204,0.167675498643,0.376414191647031,0.52465134963686
1.39760296324157,0.119855209772597,5.62873226959994e-09,0.045927178244049,0.167771738921778,0.376500365236236,0.524714252956217
1.39773638552309,0.119647582223494,5.62679878037476e-09,0.0457615467616713,0.167868056508563,0.376586562462097,0.524777163425187
1.39786980780461,0.119441073780089,5.62486628721897e-09,0.0455967954436362,0.16796445147934,0.376672783329981,0.524840081043488
1.39800323008613,0.119235677493477,5.6229347894485e-09,0.045432918168208,0.168060923910179,0.376759027845254,0.524903005810836
1.39806730331969,0.11913743352249,5.62200758201012e-09,0.0453545284373972,0.168107280311688,0.376800453359139,0.524933226642593
1.39813665236765,0.119031386467124,5.62100428637986e-09,0.0452699088658379,0.168157473877232,0.376845296013281,0.524965937726948
1.39827007464918,0.118828193871529,5.61907477733015e-09,0.0451077615186414,0.168254101456734,0.376931587839424,0.525028876791538
1.3984034969307,0.118626092918925,5.61714626161707e-09,0.0449464701598815,0.168350806725003,0.377017903329047,0.525091823004321
1.39853691921222,0.118425076883307,5.61521873855887e-09,0.0447860288734581,0.168447589758439,0.37710424248751,0.525154776365011
1.39867034149374,0.118225139090392,5.61329220747444e-09,0.0446264317934027,0.168544450633527,0.377190605320175,0.52521773687332
1.39880376377526,0.118026272925712,5.6113666676832e-09,0.0444676731033798,0.168641389426833,0.3772769918324,0.52528070452896
1.39893718605678,0.117828471815206,5.60944211850518e-09,0.044309747036193,0.168738406215007,0.377363402029544,0.525343679331643
1.3990706083383,0.117631729249734,5.60751855926099e-09,0.044152647873297,0.168835501074784,0.377449835916963,0.525406661281078
1.39920403061982,0.117436038769301,5.60559598927182e-09,0.0439963699443154,0.16893267408298,0.377536293500015,0.525469650376976
1.39933745290134,0.117241393956909,5.60367440785944e-09,0.0438409076265634,0.169029925316495,0.377622774784054,0.525532646619046
1.39943065029559,0.117106048659006,5.60233274151826e-09,0.0437327958067688,0.169097903156098,0.377683197275048,0.525576654644764
1.39947087518286,0.117047788462626,5.60175381434621e-09,0.0436862553445766,0.169127254852314,0.377709279774433,0.525595650006995
1.39960429746439,0.116855215970945,5.59983420805506e-09,0.0435324075696447,0.169224662767505,0.377795808476507,0.525658660540532
1.39973771974591,0.116663670230358,5.59791558830951e-09,0.0433793588193502,0.169322149139219,0.377882360895625,0.525721678219361
1.39987114202743,0.116473145026988,5.59599795443365e-09,0.0432271036571127,0.169419714044692,0.37796893703714,0.525784703043189
1.40000456430895,0.1162836342034,5.59408130575215e-09,0.0430756366917384,0.169517357561243,0.3780555369064,0.525847735011722
1.40013798659047,0.116095131654254,5.59216564159027e-09,0.0429249525769744,0.169615079766274,0.378142160508754,0.525910774124662
1.40027140887199,0.115907631311786,5.59025096127382e-09,0.0427750460110671,0.169712880737276,0.37822880784955,0.525973820381714
1.40040483115351,0.115721127164567,5.58833726412922e-09,0.0426259117363288,0.169810760551817,0.378315478934133,0.52603687378258
1.40053825343503,0.115535613244454,5.58642454948345e-09,0.0424775445387039,0.169908719287555,0.378402173767849,0.526099934326961
1.40067167571655,0.115351083635364,5.58451281666407e-09,0.0423299392473451,0.170006757022231,0.378488892356041,0.526163002014559
1.40079399727149,0.115182766735354,5.58276100203035e-09,0.0421952797840738,0.170096707502482,0.378568416839099,0.52622082875018
1.40080509799807,0.115167532463408,5.5826020649992e-09,0.0421830907341912,0.170104873833668,0.378575634704053,0.526226076845074
1.4009385202796,0.114984953898838,5.58069229381755e-09,0.0420369939135506,0.170203069799777,0.378662400817225,0.526289158818205
1.40107194256112,0.114803342166097,5.57878350244841e-09,0.0418916437416891,0.170301344998552,0.3787491907009,0.526352247933651
1.40120536484264,0.114622691526333,5.57687569022164e-09,0.0417470352164231,0.170399699508071,0.378836004360416,0.52641534419111
1.40133878712416,0.114442996288055,5.57496885646764e-09,0.041603163376716,0.170498133406499,0.378922841801111,0.526478447590278
1.40147220940568,0.11426425080651,5.57306300051744e-09,0.0414600233022803,0.170596646772083,0.379009703028323,0.526541558130851
1.4016056316872,0.114086449479538,5.57115812170259e-09,0.0413176101131834,0.170695239683157,0.379096588047387,0.526604675812525
1.40173905396872,0.113909586749448,5.56925421935525e-09,0.0411759189694578,0.170793912218141,0.37918349686364,0.526667800634996
1.40187247625024,0.11373365709896,5.56735129280812e-09,0.041034945070716,0.170892664455537,0.379270429482414,0.526730932597955
1.40200589853176,0.113558655057579,5.56544934139448e-09,0.0408946836557691,0.170991496473935,0.379357385909041,0.526794071701098
1.40213932081329,0.113384575194347,5.56354836444819e-09,0.0407551300022503,0.17109040835201,0.379444366148854,0.526857217944115
1.40215734424739,0.113361129910264,5.56329164443653e-09,0.0407363323136901,0.171103776053112,0.379456117756067,0.526865748642052
1.40227274309481,0.113211412121229,5.56164836130368e-09,0.0406162794262416,0.171189400168521,0.379531370207183,0.526920371326697
1.40240616537633,0.113039160491468,5.55974933129592e-09,0.0404781272819053,0.171288472002314,0.379618398089356,0.526983531848537
1.40253958765785,0.112867815002929,5.55785127376047e-09,0.0403406689611195,0.17138762393232,0.379705449800703,0.527046699509323
1.40267300993937,0.112697370388868,5.55595418803346e-09,0.0402038998931174,0.171486856037555,0.379792525346548,0.527109874308745
1.40280643222089,0.112527821427576,5.55405807345159e-09,0.0400678155441302,0.171586168397123,0.379879624732219,0.52717305624649
1.40293985450241,0.112359162936437,5.55216292935209e-09,0.0399324114170349,0.171685561090211,0.37996674796304,0.527236245322246
1.40307327678393,0.112191389769954,5.5502687550728e-09,0.0397976830510048,0.171785034196094,0.380053895044333,0.527299441535701
1.40320669906545,0.112024496826807,5.5483755499521e-09,0.0396636260211646,0.171884587794133,0.38014106598142,0.527362644886538
1.40334012134697,0.111858479039395,5.54648331332894e-09,0.0395302359382489,0.171984221963774,0.380228260779624,0.527425855374444
1.4034735436285,0.111693331386424,5.54459204454284e-09,0.0393975084482646,0.17208393678455,0.380315479444262,0.527489072999103
1.40352069122328,0.111635180088467,5.54392395588556e-09,0.0393507640016202,0.172119192433043,0.380346305718418,0.52751141399493
1.40360696591002,0.1115290488751,5.54270174293386e-09,0.0392654392321559,0.17218373233608,0.380402721980655,0.527552297760198
1.40374038819154,0.111365626559932,5.54081240784266e-09,0.0391340240054763,0.17228360869807,0.380489988394118,0.527615529657412
1.40387381047306,0.111203059527524,5.53892403861042e-09,0.0390032585180585,0.172383565950312,0.380577278689969,0.527678768690426
1.40400723275458,0.111041342904974,5.53703663457892e-09,0.0388731385536936,0.172483604172684,0.380664592873521,0.527742014858922
1.4041406550361,0.110880471853171,5.53515019509046e-09,0.0387436599298101,0.172583723445153,0.380751930950089,0.52780526816258
1.40427407731762,0.110720441570627,5.53326471948795e-09,0.0386148184971578,0.172683923847769,0.380839292924985,0.527868528601078
1.40440749959914,0.11056124729834,5.53138020711481e-09,0.038486610139495,0.172784205460673,0.38092667880352,0.527931796174097
1.40454092188066,0.110402884303795,5.52949665731504e-09,0.0383590307732782,0.17288456836409,0.381014088591004,0.527995070881312
1.40467434416218,0.110245347895953,5.52761406943322e-09,0.0382320763473568,0.172985012638333,0.381101522292746,0.528058352722402
1.40480776644371,0.110088633418011,5.52573244281445e-09,0.0381057428426691,0.173085538363802,0.381188979914054,0.528121641697043
1.40488403819918,0.109999413969216,5.52465722971963e-09,0.0380338008308077,0.173143041199924,0.381238986405914,0.528157824474661
1.40494118872523,0.109932736249241,5.52385177680441e-09,0.0379800262719432,0.173186145620985,0.381276461460233,0.52818493780491
1.40507461100675,0.109777651801891,5.52197207074933e-09,0.0378549226794003,0.173286834490456,0.381363966936589,0.528248241045677
1.40520803328827,0.109623375522004,5.52009332399599e-09,0.0377304281404611,0.173387605052877,0.381451496348426,0.528311551419018
1.40534145556979,0.109469902895108,5.51821553589174e-09,0.0376065387614556,0.173488457388998,0.381539049701046,0.528374868924606
1.40547487785131,0.109317229432753,5.51633870578448e-09,0.0374832506793362,0.173589391579656,0.38162662699975,0.528438193562114
1.40560830013283,0.10916535068749,5.51446283302266e-09,0.0373605600613931,0.173690407705776,0.381714228249839,0.528501525331212
1.40574172241435,0.10901426223929,5.51258791695527e-09,0.0372384631049738,0.17379150584837,0.381801853456611,0.528564864231571
1.40587514469587,0.108863959707037,5.5107139569319e-09,0.0371169560372044,0.173892686088538,0.381889502625364,0.528628210262861
1.40600856697739,0.108714438735043,5.50884095230263e-09,0.0369960351147147,0.17399394850747,0.381977175761394,0.528691563424751
1.40614198925892,0.10856569500601,5.50696890241814e-09,0.0368756966233661,0.17409529318644,0.382064872869997,0.528754923716908
1.40624738517508,0.108448742703475,5.50549076540987e-09,0.0367810454884585,0.174175407853866,0.382134165485213,0.528804979738338
1.40627541154044,0.108417724234713,5.50509780662965e-09,0.0367559368779818,0.174196720206814,0.382152593956465,0.528818291139
1.40640883382196,0.10827052216317,5.50322766428891e-09,0.0366367522220809,0.174298229650044,0.382240339026092,0.528881665690694
1.40654225610348,0.108124084569823,5.50135847474825e-09,0.036518139027614,0.174399821597671,0.382328108084168,0.528945047371655
1.406675678385,0.107978407259782,5.49949023736053e-09,0.0364000936947025,0.174501496131325,0.382415901135984,0.529008436181547
1.40680910066652,0.107833486073281,5.49762295147916e-09,0.0362826126513807,0.174603253332723,0.382503718186828,0.529071832120036
1.40694252294804,0.107689316879791,5.49575661645812e-09,0.0361656923533398,0.174705093283671,0.382591559241988,0.529135235186784
1.40707594522956,0.107545895577823,5.49389123165192e-09,0.0360493292836759,0.174807016066065,0.382679424306749,0.529198645381453
1.40720936751108,0.107403218100924,5.49202679641561e-09,0.0359335199526382,0.174909021761888,0.382767313386397,0.529262062703705
1.4073427897926,0.107261280406189,5.4901633101048e-09,0.0358182608973839,0.175011110453212,0.382855226486214,0.529325487153201
1.40747621207413,0.107120078484362,5.48830077207565e-09,0.0357035486817309,0.1751132822222,0.382943163611483,0.5293889187296
1.40760963435565,0.106979608353402,5.48643918168485e-09,0.0355893798959167,0.175215537151101,0.383031124767485,0.529452357432563
1.40761073215098,0.106978455594692,5.48642386849265e-09,0.0355884427625321,0.175216378847365,0.383031848609457,0.529452879434248
1.40774305663717,0.106839866065313,5.48457853828966e-09,0.0354757511563583,0.175317875322255,0.3831191099595,0.529515803261747
1.40787647891869,0.106700847695627,5.48271884124786e-09,0.0353626591054147,0.175420296818092,0.383207119192804,0.529579256216809
1.40800990120021,0.106562549347712,5.48086008991779e-09,0.0352501004111521,0.175522801721128,0.383295152472677,0.529642716297407
1.40814332348173,0.106424967162863,5.47900228365832e-09,0.0351380717671113,0.175625390113971,0.383383209804392,0.529706183503196
1.40827674576325,0.106288097296493,5.47714542182888e-09,0.0350265698920777,0.175728062079319,0.383471291193224,0.529769657833831
1.40841016804477,0.106151935944309,5.47528950378942e-09,0.0349155915298537,0.175830817699958,0.383559396644446,0.529833139288967
1.40854359032629,0.106016479322503,5.47343452890047e-09,0.0348051334490332,0.175933657058763,0.38364752616333,0.529896627868257
1.40867701260781,0.10588172367842,5.47158049652306e-09,0.0346951924427789,0.1760365802387,0.383735679755146,0.529960123571353
1.40881043488934,0.105747665285265,5.46972740601878e-09,0.0345857653286013,0.176139587322826,0.383823857425163,0.530023626397907
1.40894385717086,0.105614300441021,5.46787525674977e-09,0.0344768489481406,0.176242678394285,0.383912059178648,0.530087136347571
1.40897407912688,0.105584187459328,5.46745585050672e-09,0.034452248533918,0.176266041595265,0.383932041417862,0.530101523201829
1.40907727945238,0.105481625477881,5.46602404807869e-09,0.0343684401669501,0.176345853536313,0.384000285020868,0.530150653419993
1.4092107017339,0.105349636745276,5.46417377936875e-09,0.0342605358742827,0.176449112832236,0.384088534957087,0.530214177614825
1.40934412401542,0.105218330624671,5.4623244499837e-09,0.034153132982879,0.176552456365469,0.384176808992569,0.530277708931714
1.40947754629694,0.105087703519302,5.46047605928782e-09,0.0340462284287575,0.176655884219519,0.384265107132576,0.530341247370307
1.40961096857846,0.104957751866474,5.45862860664593e-09,0.0339398191710074,0.176759396477982,0.384353429382369,0.530404792930252
1.40974439085998,0.104828472121726,5.45678209142341e-09,0.0338339021915833,0.176862993224544,0.384441775747207,0.530468345611195
1.4098778131415,0.104699860764773,5.45493651298613e-09,0.0337284744951019,0.176966674542984,0.384530146232349,0.53053190541278
1.41001123542302,0.104571914310019,5.45309187070055e-09,0.0336235331086409,0.177070440517169,0.38461854084305,0.530595472334653
1.41014465770455,0.10444462928585,5.45124816393362e-09,0.0335190750815398,0.177174291231058,0.384706959584566,0.530659046376456
1.41027807998607,0.104318002253109,5.44940539205285e-09,0.033415097485203,0.177278226768701,0.384795402462151,0.530722627537833
1.41033742610277,0.104261889188981,5.44858602893102e-09,0.0333690019506634,0.177324484484779,0.3848347495353,0.530750910671621
1.41041150226759,0.104192029794397,5.44756355442628e-09,0.0333115974129048,0.177382247214238,0.384883869481058,0.530786215818426
1.41054492454911,0.10406670851734,5.44572265042247e-09,0.0332085719795955,0.177486352651901,0.384972360646538,0.530849811217874
1.41067834683063,0.103942035052706,5.44388267941054e-09,0.0331060183217121,0.177590543166012,0.385060875963839,0.53091341373582
1.41081176911215,0.10381800605467,5.44204364076012e-09,0.0330039335969868,0.177694818840986,0.385149415438212,0.530977023371901
1.41094519139367,0.103694618205206,5.44020553384139e-09,0.0329023149842615,0.177799179761326,0.385237979074901,0.531040640125758
1.41107861367519,0.103571868207403,5.43836835802504e-09,0.0328011596833017,0.17790362601163,0.385326566879154,0.531104263997027
1.41121203595671,0.103449752785709,5.43653211268231e-09,0.032700464914613,0.178008157676586,0.385415178856214,0.531167894985345
1.41134545823823,0.103328268688091,5.43469679718496e-09,0.0326002279192595,0.178112774840972,0.385503815011324,0.531231533090349
1.41147888051976,0.103207412691726,5.43286241090528e-09,0.0325004459586841,0.178217477589661,0.385592475349725,0.531295178311674
1.41161230280128,0.103087181588343,5.43102895321611e-09,0.0324011163145301,0.178322266007614,0.385681159876656,0.531358830648954
1.41170077307867,0.103007801178557,5.42981372712333e-09,0.0323355004224063,0.17839179688555,0.38573997857188,0.531401041465212
1.4117457250828,0.102967572197165,5.42919642349079e-09,0.0323022362884653,0.178427140179886,0.385769868597357,0.531422490101823
1.41187914736432,0.10284858135969,5.4273648211032e-09,0.0322038032020074,0.178532100191625,0.385858601517064,0.531486156669913
1.41201256964584,0.102730205937346,5.42553414542776e-09,0.0321058143963512,0.178637146128067,0.385947358641013,0.531549830352858
1.41214599192736,0.102612442815188,5.4237043958394e-09,0.0320082672321977,0.178742278074545,0.386036139974438,0.531613511150287
1.41227941420888,0.102495288899031,5.42187557171358e-09,0.0319111590895848,0.17884749611648,0.386124945522572,0.531677199061832
1.4124128364904,0.102378741119676,5.42004767242629e-09,0.0318144873677194,0.178952800339388,0.386213775290645,0.531740894087121
1.41254625877192,0.102262796425098,5.41822069735405e-09,0.031718249484812,0.179058190828876,0.386302629283887,0.531804596225783
1.41267968105345,0.102147451787134,5.41639464587391e-09,0.031622442877912,0.179163667670644,0.386391507507527,0.531868305477447
1.41281310333497,0.102032704198326,5.41456951736342e-09,0.0315270650027451,0.179269230950485,0.386480409966792,0.531932021841738
1.41294652561649,0.101918550673544,5.41274531120068e-09,0.0314321133335523,0.179374880754283,0.386569336666908,0.531995745318284
1.41306412005457,0.101818429315496,5.41113827425954e-09,0.0313487771179728,0.179468069159752,0.386647734122515,0.532051915195195
1.41307994789801,0.101804988245587,5.4109220267643e-09,0.0313375853629304,0.179480617168017,0.386658287613096,0.53205947590671
1.41321337017953,0.101692013967978,5.40909966343341e-09,0.0312434786016743,0.179586440277757,0.386747262810582,0.532123213606639
1.41334679246105,0.101579624921749,5.40727822058769e-09,0.0311497905786206,0.179692350169666,0.386836262264585,0.532186958417696
1.41348021474257,0.101467818197763,5.4054576976073e-09,0.0310565188404927,0.179798346930001,0.386925285980324,0.532250710339504
1.41361363702409,0.101356590913638,5.40363809387296e-09,0.0309636609517476,0.179904430645112,0.387014333963019,0.532314469371684
1.41374705930561,0.101245940206196,5.40181940876588e-09,0.0308712144944245,0.180010601401441,0.387103406217885,0.532378235513857
1.41388048158713,0.10113586323104,5.40000164166782e-09,0.0307791770679938,0.180116859285525,0.387192502750138,0.532442008765645
1.41401390386866,0.101026357163482,5.39818479196104e-09,0.0306875462892095,0.180223204383993,0.38728162356499,0.532505789126666
1.41414732615018,0.100917419197873,5.39636885902832e-09,0.0305963197919605,0.180329636783569,0.387370768667654,0.532569576596539
1.4142807484317,0.100809046551553,5.39455384225296e-09,0.0305054952271261,0.180436156571067,0.387459938063342,0.532633371174882
1.41441417071322,0.100701236455507,5.39273974101879e-09,0.0304150702624305,0.1805427638334,0.387549131757261,0.532697172861311
1.41442746703047,0.100690523262772,5.3925590052738e-09,0.0304060806879767,0.180553392672235,0.387558021766493,0.532703531465116
1.41454759299474,0.100593986164078,5.39092655471016e-09,0.0303250425823005,0.18064945865757,0.387638349754619,0.532760981655444
1.41468101527626,0.100487292946573,5.3891142827119e-09,0.0302354098877235,0.180756241130675,0.387727592060622,0.532824797556895
1.41481443755778,0.100381154098444,5.38730292440941e-09,0.0301461698961072,0.180863111339907,0.387816858680475,0.532888620565278
1.4149478598393,0.1002755669245,5.38549247918858e-09,0.030057320341141,0.180970069372552,0.387906149619381,0.532952450680207
1.41508128212082,0.100170528751736,5.3836829464358e-09,0.0299688589726584,0.18107711531599,0.387995464882541,0.533016287901296
1.41521470440234,0.100066036930295,5.381874325538e-09,0.0298807835565007,0.181184249257693,0.388084804475155,0.533080132228155
1.41534812668387,0.0999620888199641,5.38006661588261e-09,0.0297930918743823,0.181291471285231,0.388174168402422,0.533143983660396
1.41548154896539,0.0998586818049751,5.3782598168576e-09,0.0297057817237568,0.181398781486266,0.388263556669538,0.53320784219763
1.41561497124691,0.0997558132857417,5.37645392785142e-09,0.0296188509176851,0.181506179948556,0.388352969281698,0.533271707839465
1.41574839352843,0.0996534806780316,5.37464894825305e-09,0.0295322972847043,0.181613666759952,0.388442406244098,0.53333558058551
1.41579081400637,0.0996210567630571,5.37407526079925e-09,0.0295048569679883,0.181647859800699,0.388470847067041,0.533355889869426
1.41588181580995,0.0995516814182566,5.37284487745198e-09,0.0294461186686979,0.1817212420084,0.388531867561927,0.533399460435373
1.41601523809147,0.099450412958533,5.37104171483822e-09,0.0293603129287675,0.181828905781941,0.388621353240378,0.533463347388661
1.41614866037299,0.0993496727698657,5.36923945980228e-09,0.0292748779391053,0.181936658168711,0.38871086328464,0.53352724144498
1.41628208265451,0.0992494583379814,5.36743811173518e-09,0.0291898115888683,0.182044499256942,0.3888003976999,0.533591142603934
1.41641550493603,0.0991497671685236,5.36563767002847e-09,0.0291051117820534,0.182152429134959,0.388889956491343,0.533655050865129
1.41654892721755,0.0990505967803817,5.36383813407419e-09,0.0290207764373739,0.182260447891183,0.388979539664155,0.533718966228168
1.41668234949908,0.0989519447148168,5.36203950326489e-09,0.0289368034881369,0.18236855561413,0.389069147223518,0.533782888692653
1.4168157717806,0.0988538085236276,5.36024177699365e-09,0.0288531908821223,0.182476752392411,0.389158779174614,0.533846818258186
1.41694919406212,0.0987561857774397,5.35844495465403e-09,0.0287699365814626,0.182585038314735,0.389248435522621,0.533910754924369
1.41708261634364,0.0986590740669418,5.35664903564012e-09,0.0286870385625239,0.182693413469902,0.389338116272719,0.5339746986908
1.41715416098226,0.0986072097894052,5.35568638710953e-09,0.0286427324471879,0.182751563945906,0.389386215570881,0.534008989993429
1.41721603862516,0.0985624709934109,5.35485401934651e-09,0.0286044948157878,0.182801877946812,0.389427821430084,0.53403864955708
1.41734946090668,0.0984663741761061,5.3530599051683e-09,0.0285223033457358,0.182910431834457,0.38951755099989,0.534102607522808
1.4174828831882,0.0983707812523666,5.35126669250109e-09,0.0284404621707323,0.183019075221927,0.389607304987312,0.534166572587579
1.41761630546972,0.0982756898733395,5.34947438074098e-09,0.0283589693229112,0.183127808198408,0.38969708339752,0.534230544750992
1.41774972775124,0.0981810977053488,5.3476829692846e-09,0.0282778228480619,0.18323663085318,0.389786886235685,0.534294524012642
1.41788315003276,0.098087002433733,5.34589245752906e-09,0.0281970208055175,0.183345543275621,0.389876713506975,0.534358510372124
1.41801657231429,0.0979934017548624,5.344102844872e-09,0.0281165612680429,0.183454545555204,0.389966565216557,0.534422503829032
1.41814999459581,0.0979002933837675,5.34231413071153e-09,0.0280364423217253,0.183563637781499,0.390056441369597,0.53448650438296
1.41828341687733,0.0978076750503136,5.3405263144463e-09,0.0279566620658646,0.183672820044172,0.390146341971258,0.5345505120335
1.41841683915885,0.097715544495241,5.33873939547543e-09,0.0278772186128652,0.183782092432985,0.390236267026701,0.534614526780244
1.41851750795816,0.0976463523279956,5.33739173606101e-09,0.0278174993129521,0.183864599541923,0.390304132807783,0.534662831413239
1.41855026144037,0.097623899482324,5.33695337319857e-09,0.0277981100881296,0.183891455037797,0.390326216541089,0.534678548622782
1.41868368372189,0.0975327377835057,5.33516824701586e-09,0.0277193346299511,0.184000907948563,0.390416190519578,0.534742577560704
1.41881710600341,0.0974420571885574,5.33338401632793e-09,0.02764089038941,0.184110451255336,0.390506188967327,0.5348066135936
1.41895052828493,0.097351855501743,5.33160068053593e-09,0.0275627755302686,0.184220085048264,0.39059621188949,0.534870656721057
1.41908395056645,0.0972621305400067,5.32981823904151e-09,0.0274849882288682,0.184329809417593,0.390686259291222,0.534934706942663
1.41921737284797,0.0971728801376464,5.3280366912468e-09,0.0274075266740274,0.184439624453666,0.390776331177674,0.534998764258005
1.4193507951295,0.0970841021390457,5.32625603655446e-09,0.0273303890669403,0.184549530246923,0.390866427553998,0.535062828666668
1.41948421741102,0.0969957944100098,5.32447627436761e-09,0.0272535736210766,0.1846595268879,0.390956548425342,0.535126900168236
1.41961763969254,0.0969079548219953,5.3226974040899e-09,0.0271770785620822,0.184769614467232,0.391046693796853,0.535190978762295
1.41975106197406,0.0968205812667307,5.32091942512548e-09,0.0271009021276805,0.184879793075651,0.391136863673677,0.535255064448426
1.41988085493406,0.0967360296222298,5.31919066503562e-09,0.0270271019041011,0.184987062066381,0.391224604290109,0.535317413695722
1.41988448425558,0.096733671646739,5.31914233687897e-09,0.0270250425675755,0.184990062803985,0.391227058060957,0.535319157226213
1.4200179065371,0.0966472238806975,5.31736613875551e-09,0.0269494981433545,0.185100423743161,0.391317276963836,0.535383257095235
1.42015132881862,0.0965612358975785,5.31559083016073e-09,0.0268742671283931,0.185210875984202,0.391407520387454,0.535447364055075
1.42028475110014,0.0964757056416453,5.31381641050075e-09,0.02679934780776,0.185321419618232,0.39149778833695,0.535511478105312
1.42041817338166,0.0963906310747789,5.3120428791822e-09,0.0267247384781231,0.185432054736468,0.391588080817461,0.535575599245524
1.42055159566319,0.0963060101635631,5.31027023561219e-09,0.0266504374476562,0.185542781430229,0.391678397834123,0.535639727475289
1.42068501794471,0.0962218408954387,5.30849847919833e-09,0.026576443035948,0.18565359979093,0.391768739392069,0.535703862794185
1.42081844022623,0.0961381212682804,5.30672760934872e-09,0.0265027535739088,0.185764509910085,0.391859105496431,0.535768005201787
1.42095186250775,0.0960548492931782,5.30495762547197e-09,0.026429367403682,0.185875511879306,0.39194949615234,0.535832154697671
1.42108528478927,0.095972022992358,5.30318852697716e-09,0.0263562828785529,0.185986605790301,0.392039911364923,0.535896311281412
1.42121870707079,0.0958896404046156,5.30142031327388e-09,0.0262834983628607,0.186097791734881,0.392130351139309,0.535960474952583
1.42124420190996,0.0958739487561169,5.30108253688448e-09,0.026269624424979,0.186119048050768,0.39214763551236,0.535972736398451
1.42135212935231,0.0958076995789467,5.29965298377221e-09,0.0262110122319103,0.186209069804951,0.392220815480622,0.536024645710757
1.42148555163383,0.0957261985776681,5.2978865378827e-09,0.026138822871885,0.186320440092516,0.392311304393986,0.536088823555505
1.42161897391535,0.0956451354762374,5.29612097501643e-09,0.0260669286797601,0.186431902689681,0.392401817884521,0.5361530084864
1.42175239619687,0.0955645083611789,5.29435629458493e-09,0.0259953280632173,0.186543457688649,0.392492355957349,0.53621720050301
1.4218858184784,0.0954843153337541,5.29259249600026e-09,0.0259240194405598,0.18665510518172,0.392582918617588,0.536281399604906
1.42201924075992,0.0954045545066884,5.29082957867493e-09,0.0258530012406286,0.186766845261296,0.392673505870354,0.536345605791656
1.42215266304144,0.0953252240010205,5.28906754202196e-09,0.0257822719027184,0.186878678019875,0.392764117720761,0.536409819062827
1.42228608532296,0.0952463219586949,5.28730638545487e-09,0.0257118298764959,0.186990603550056,0.392854754173923,0.536474039417986
1.42241950760448,0.095167846522875,5.28554610838764e-09,0.0256416736219177,0.187102621944537,0.392945415234951,0.5365382668567
1.422552929886,0.0950897958588517,5.28378671023476e-09,0.025571801609149,0.187214733296114,0.393036100908955,0.536602501378532
1.42260754888586,0.0950579664168353,5.28306671987209e-09,0.0255432797895388,0.187260655090726,0.393073231950712,0.536628799069658
1.42268635216752,0.0950121681363395,5.2820281904112e-09,0.0255022123184836,0.187326937697684,0.393126811201042,0.536666742983048
1.42281977444904,0.0949349615404401,5.28027054833241e-09,0.0254329042402643,0.187439235242243,0.393217546116319,0.53673099166981
1.42295319673056,0.0948581742672705,5.27851378341433e-09,0.0253638758748039,0.187551626022886,0.393308305659888,0.53679524743838
1.42308661901208,0.0947818045239559,5.2767578950734e-09,0.0252951257323071,0.187664110132808,0.393399089836854,0.536859510288322
1.42322004129361,0.0947058505313798,5.27500288272653e-09,0.0252266523327933,0.187776687665304,0.393489898652316,0.536923780219194
1.42335346357513,0.0946303105174294,5.27324874579112e-09,0.0251584542060194,0.187889358713769,0.393580732111374,0.536988057230557
1.42348688585665,0.0945551827263507,5.27149548368504e-09,0.025090529891404,0.188002123371696,0.393671590219124,0.53705234132197
1.42362030813817,0.0944804654092453,5.26974309582666e-09,0.0250228779379523,0.18811498173268,0.393762472980661,0.537116632492991
1.42375373041969,0.0944061568330636,5.26799158163484e-09,0.0249554969041809,0.188227933890417,0.39385338040108,0.537180930743177
1.42388715270121,0.094332255271502,5.2662409405289e-09,0.0248883853580441,0.1883409799387,0.393944312485472,0.537245236072084
1.42397089586176,0.0942860777257232,5.26514258762126e-09,0.0248463994794995,0.188411981856378,0.394001399062542,0.537285601248178
1.42402057498273,0.0942587590111838,5.26449117192867e-09,0.0248215418768607,0.188454119971425,0.394035269238927,0.537309548479268
1.42415399726425,0.0941856663523704,5.26274227525443e-09,0.0247549650472405,0.188567354082588,0.394126250666533,0.537373867964284
1.42428741954577,0.0941129755986756,5.26099424992697e-09,0.0246886534650137,0.188680682366285,0.394217256773376,0.537438194526684
1.42442084182729,0.0940406850724997,5.25924709536753e-09,0.0246226057351579,0.188794104916711,0.39430828756454,0.537502528166023
1.42455426410882,0.0939687931025224,5.25750081099787e-09,0.0245568204717285,0.188907621828165,0.394399343045109,0.537566868881851
1.42468768639034,0.0938972980294091,5.2557553962402e-09,0.0244912962977882,0.189021233195045,0.394490423220163,0.537631216673721
1.42482110867186,0.0938261982049309,5.25401085051722e-09,0.0244260318453373,0.189134939111849,0.394581528094781,0.537695571541182
1.42495453095338,0.0937554919894494,5.2522671732521e-09,0.024361025755245,0.189248739673177,0.39467265767404,0.537759933483784
1.4250879532349,0.0936851777563375,5.25052436386851e-09,0.0242962766771812,0.18936263497373,0.394763811963016,0.537824302501074
1.42522137551642,0.0936152538872431,5.24878242179057e-09,0.0242317832695486,0.189476625108311,0.394854990966781,0.537888678592602
1.42533424283765,0.0935564060441613,5.24730951905864e-09,0.0241774243136907,0.189573128102647,0.39493214228596,0.537943142463406
1.42535479779794,0.0935457187737392,5.2470413464429e-09,0.0241675441994161,0.189590710171821,0.394946194690408,0.537953061757913
1.42548822007946,0.0934765708174838,5.24530113725059e-09,0.0241035581424516,0.189704890259267,0.395037423138966,0.538017451996553
1.42562164236098,0.093407808434805,5.2435617936392e-09,0.0240398237828568,0.189819165465754,0.395128676317524,0.538081849308067
1.4257550646425,0.0933394300458846,5.24182331503477e-09,0.0239763398133016,0.189933535886489,0.395219954231146,0.538146253692001
1.42588848692403,0.0932714340832305,5.24008570086383e-09,0.0239131049348593,0.190048001616781,0.395311256884898,0.538210665147895
1.42602190920555,0.0932038189926889,5.23834895055335e-09,0.0238501178569426,0.190162562752042,0.395402584283842,0.538275083675294
1.42615533148707,0.0931365832227955,5.23661306353082e-09,0.0237873772972401,0.190277219387783,0.395493936433038,0.538339509273738
1.42628875376859,0.093069725237549,5.23487803922416e-09,0.0237248819816529,0.19039197161962,0.395585313337544,0.538403941942768
1.42642217605011,0.0930032435083906,5.2331438770618e-09,0.0236626306442326,0.190506819543269,0.395676715002418,0.538468381681924
1.42655559833163,0.0929371365176062,5.23141057647262e-09,0.0236006220271189,0.190621763254547,0.395768141432714,0.538532828490744
1.42668902061315,0.0928714027550916,5.22967813688599e-09,0.0235388548804788,0.190736802849377,0.395859592633485,0.538597282368767
1.42669758981355,0.092867193648524,5.22956689836096e-09,0.0235348960371678,0.190744194679589,0.395865467039328,0.538601422235239
1.42682244289467,0.0928060407220253,5.22794655773174e-09,0.023477327962445,0.19085193842378,0.395951068609782,0.53866174331553
1.42695586517619,0.0927410489285904,5.22621583844016e-09,0.0234160400390563,0.190967170073882,0.396042569366654,0.538726211330568
1.42708928745771,0.0926764258936318,5.22448597844205e-09,0.0233549898841975,0.19108249789591,0.396134094909148,0.538790686413418
1.42722270973924,0.0926121701444203,5.22275697716864e-09,0.02329417627954,0.191197921986195,0.39622564524231,0.538855168563613
1.42735613202076,0.0925482802199374,5.22102883405167e-09,0.0232335980144834,0.191313442441169,0.396317220371183,0.538919657780687
1.42748955430228,0.0924847546681847,5.2193015485233e-09,0.0231732538860966,0.191429059357369,0.396408820300808,0.538984154064174
1.4276229765838,0.0924215920421469,5.2175751200162e-09,0.0231131426990614,0.191544772831431,0.396500445036225,0.539048657413604
1.42775639886532,0.092358790908735,5.2158495479635e-09,0.0230532632656137,0.191660582960099,0.396592094582471,0.539113167828508
1.42788982114684,0.0922963498421534,5.2141248317988e-09,0.0229936144054876,0.191776489840214,0.396683768944583,0.539177685308417
1.42802324342836,0.0922342674240769,5.21240097095615e-09,0.0229341949458594,0.191892493568726,0.396775468127593,0.53924220985286
1.42806093678945,0.0922167931904754,5.2119141149018e-09,0.0229174496487543,0.191925283542725,0.396801378720771,0.539260440074033
1.42815666570988,0.0921725422456421,5.21067796487008e-09,0.0228750037212912,0.192008594242683,0.396867192136534,0.539306741461364
1.4282900879914,0.092111172907579,5.20895581297561e-09,0.0228160395736759,0.192124791959241,0.396958940976436,0.539371280133459
1.42842351027292,0.0920501580212249,5.20723451470818e-09,0.0227573013521826,0.192241086815656,0.397050714652325,0.539435825868668
1.42855693255445,0.0919894961999886,5.20551406950374e-09,0.0226987879132021,0.192357478909289,0.39714251316923,0.53950037866652
1.42869035483597,0.0919291860730742,5.20379447679868e-09,0.022640498120293,0.192473968337603,0.397234336532172,0.539564938526537
1.42882377711749,0.091869226274023,5.20207573602986e-09,0.0225824308441284,0.192590555198166,0.397326184746175,0.539629505448245
1.42942428376535,0.0916036598819615,5.19435056319912e-09,0.0223238063945465,0.193116497763364,0.397739882707694,0.539920195480546
1.43078763074125,0.0910263443136508,5.17687564286329e-09,0.0217527673627339,0.194317941538916,0.39868098435628,0.540580687945892
1.43215097771714,0.0904834858745562,5.15948875854581e-09,0.0212032076219973,0.195529720203186,0.39962468900099,0.541241916951489
1.43351432469304,0.0899738066957511,5.14218931988858e-09,0.0206740708518505,0.196751940236649,0.400571001954057,0.541903881969004
1.43487767166894,0.0894961060810231,5.12497674147381e-09,0.0201643644186939,0.197984709276692,0.401519928504971,0.542566582460309
1.43624101864484,0.0890492553826757,5.10785044277446e-09,0.0196731548561362,0.199228136127821,0.402471473919964,0.543230017877425
1.43760436562074,0.0886321932764508,5.09080984810534e-09,0.0191995637123899,0.200482330771826,0.403425643441481,0.543894187662469
1.43896771259663,0.0882439213996384,5.07385438657467e-09,0.01874276373132,0.201747404377896,0.404382442287653,0.544559091247608
1.44033105957253,0.0878835003335421,5.05698349203633e-09,0.0183019753370814,0.203023469312673,0.405341875651759,0.545224728055003
1.44169440654843,0.0875500458870915,5.04019660304253e-09,0.017876463395274,0.204310639150246,0.406303948701687,0.545891097496758
1.44305775352433,0.0872427256498499,5.02349316279717e-09,0.0174655342262047,0.205609028682068,0.407268666579381,0.546558198974869
1.44442110050023,0.0869607558240873,5.00687261910962e-09,0.0170685328482319,0.206918753926787,0.408236034400293,0.547226031881173
1.44578444747613,0.0867033982733511,4.99033442434909e-09,0.0166848404312878,0.208239932139996,0.409206057252818,0.547894595597292
1.44714779445202,0.0864699577885076,4.97387803539954e-09,0.0163138719425818,0.209572681823868,0.410178740197731,0.548563889494584
1.44851114142792,0.0862597795627579,4.95750291361506e-09,0.0159550739681889,0.210917122736697,0.411154088267613,0.549233912934089
1.44987448840382,0.0860722468360453,4.94120852477583e-09,0.0156079226957576,0.212273375902298,0.412132106466274,0.549904665266476
1.45123783537972,0.085906778713221,4.92499433904451e-09,0.0152719220449399,0.213641563619296,0.413112799768169,0.550576145831994
1.45260118235562,0.0857628281331731,4.9088598309232e-09,0.0149466019333826,0.215021809470254,0.414096173117802,0.551248353960414
1.45396452933151,0.0856398799858476,4.89280447921083e-09,0.0146315166672226,0.216414238330662,0.415082231429138,0.551921288970978
1.45532787630741,0.0855374493501806,4.87682776696111e-09,0.0143262434460327,0.217818976377744,0.416070979584989,0.552594950172346
1.45669122328331,0.0854550798613258,4.86092918144086e-09,0.0140303809730574,0.219236151099099,0.417062422436414,0.553269336862546
1.45805457025921,0.0853923421851773,4.84510821408893e-09,0.0137435481623955,0.220665891301144,0.418056564802095,0.553944448328914
1.45941791723511,0.0853488325961878,4.8293643604755e-09,0.0134653829355158,0.222108327117344,0.419053411467718,0.554620283848046
1.46078126421101,0.0853241716538098,4.81369712026188e-09,0.0131955411001552,0.223563590016235,0.420052967185342,0.555296842685741
1.4621446111869,0.0853180029610536,4.79810599716074e-09,0.0129336953052494,0.225031812809197,0.421055236672764,0.555974124096949
1.4635079581628,0.0853299920141385,4.78259049889684e-09,0.0126795340660863,0.226513129657987,0.422060224612876,0.556652127325719
1.4648713051387,0.0853598251160849,4.76715013716816e-09,0.0124327608543678,0.228007676081999,0.423067935653016,0.557330851605141
1.4662346521146,0.0854072083693994,4.75178442760744e-09,0.0121930932483081,0.229515588965237,0.424078374404311,0.558010296157294
1.4675979990905,0.0854718667349728,4.73649288974427e-09,0.0119602621383057,0.231037006562994,0.425091545441016,0.558690460193191
1.46896134606639,0.0855535431415948,4.72127504696746e-09,0.0117340109840919,0.232572068508203,0.426107453299841,0.559371342912726
1.47032469304229,0.0856519976661895,4.70613042648793e-09,0.0115140951195948,0.234120915817457,0.42712610247928,0.56005294350462
1.47168804001819,0.0857670067528268,4.69105855930199e-09,0.0113002811020627,0.235683690896659,0.428147497438922,0.560735261146362
1.47305138699409,0.0858983624916521,4.67605898015504e-09,0.0110923461022686,0.237260537546304,0.429171642598764,0.561418295004161
1.47441473396999,0.0860458719364495,4.66113122750563e-09,0.0108900773328709,0.238851600966357,0.430198542338514,0.562102044232886
1.47577808094588,0.0862093564661253,4.64627484348999e-09,0.010693271512237,0.2404570277607,0.431228200996886,0.562786507976013
1.47714142792178,0.0863886511877911,4.6314893738869e-09,0.0105017343612463,0.242076965941149,0.432260622870885,0.563471685365568
1.47850477489768,0.0865836043778557,4.61677436808297e-09,0.010315280130785,0.243711564930985,0.433295812215096,0.564157575522079
1.47986812187358,0.0867940769523219,4.60212937903833e-09,0.0101337311578179,0.245360975568004,0.434333773240953,0.564844177554509
1.48123146884948,0.0870199419748049,4.58755396325264e-09,0.00995691744808738,0.247025350107039,0.435374510116006,0.56553149056021
1.48259481582538,0.0872610841901063,4.57304768073155e-09,0.00978467628363574,0.248704842221935,0.436418026963184,0.566219513624867
1.48395816280127,0.0875173995936897,4.55861009495347e-09,0.00961685185348362,0.250399607006956,0.437464327860045,0.566908245822435
1.48532150977717,0.0877887950175773,4.54424077283675e-09,0.00945329490592163,0.252109800977583,0.438513416838024,0.567597686215092
1.48668485675307,0.0880751877489253,4.52993928470716e-09,0.0092938624209862,0.253835582070679,0.439565297881668,0.568287833853178
1.48804820372897,0.0883765051699932,4.51570520426584e-09,0.0091384173017967,0.255577109643993,0.440619974927866,0.568978687775142
1.48941155070487,0.0886926844171296,4.50153810855745e-09,0.00898682808352583,0.257334544474966,0.441677451865077,0.569670247007482
1.49077489768076,0.0890236720611382,4.48743757793881e-09,0.00883896865886587,0.259108048758806,0.442737732532541,0.570362510564695
1.49213824465666,0.0893694238139705,4.47340319604781e-09,0.00869471801893339,0.260897786105806,0.443800820719487,0.571055477449214
1.49350159163256,0.0897299042415293,4.45943454977266e-09,0.00855396000863188,0.262703921537851,0.444866720164337,0.571749146651359
1.49486493860846,0.0901050865012568,4.4455312292215e-09,0.00841658309555978,0.264526621484098,0.445935434553894,0.572443517149272
1.49622828558436,0.0904949520966041,4.43169282769233e-09,0.00828248015161634,0.266366053775781,0.447006967522532,0.573138587908868
1.49759163256025,0.0908994906419438,4.41791894164324e-09,0.0081515482465166,0.268222387640092,0.44808132265137,0.573834357883777
1.49895497953615,0.0913186996413429,4.40420917066307e-09,0.00802368845248072,0.270095793693118,0.449158503467442,0.574530826015281
1.50031832651205,0.0917525842899507,4.39056311744219e-09,0.00789880565941448,0.271986443931773,0.45023851344286,0.575227991232268
1.50168167348795,0.0922011572747141,4.37698038774383e-09,0.00777680839994279,0.273894511724691,0.451321355993968,0.575925852451165
1.50304502046385,0.092664438594843,4.36346059037554e-09,0.00765760868370299,0.275820171802027,0.452407034480487,0.576624408575886
1.50440836743975,0.0931424553944165,4.35000333716102e-09,0.00754112184034261,0.277763600244127,0.453495552204655,0.577323658497777
1.50577171441564,0.093635241801322,4.3366082429123e-09,0.0074272663707053,0.279724974469015,0.454586912410355,0.578023601095552
1.50713506139154,0.0941428387771479,4.32327492540213e-09,0.00731596380572082,0.281704473218646,0.45568111828224,0.578724235235242
1.50849840836744,0.0946652939779382,4.31000300533676e-09,0.00720713857254862,0.283702276543865,0.456778172944846,0.579425559770137
1.50986175534334,0.095202661627105,4.29679210632892e-09,0.00710071786755241,0.285718565788041,0.457878079461696,0.580127573540724
1.51122510231924,0.0957550023840466,4.28364185487116e-09,0.00699663153571165,0.287753523569291,0.458980840834403,0.580830275374636
1.51258844929513,0.0963223832369206,4.27055188030944e-09,0.00689481195610045,0.289807333761264,0.460086460001757,0.581533664086587
1.51395179627103,0.0969048773927657,4.25752181481702e-09,0.00679519393308861,0.291880181472399,0.461194939838806,0.582237738478323
1.51531514324693,0.0975025641767497,4.24455129336861e-09,0.00669771459294085,0.293972253023622,0.462306283155933,0.582942497338556
1.51667849022283,0.0981155289401114,4.2316399537148e-09,0.00660231328551111,0.296083735924403,0.463420492697919,0.583647939442912
1.51804183719873,0.0987438629702107,4.21878743635681e-09,0.00650893149074789,0.298214818847103,0.464537571142999,0.584354063553872
1.51940518417463,0.0993876634115161,4.2059933845214e-09,0.00641751272974348,0.300365691599564,0.465657521101915,0.58506086842071
1.52076853115052,0.100047033189968,4.19325744413615e-09,0.00632800248007767,0.302536545095851,0.466780345116953,0.58576835277944
1.52213187812642,0.100722080941225,4.18057926380496e-09,0.0062403480952205,0.304727571325091,0.467906045660976,0.586476515352756
1.52349522510232,0.101412920943916,4.1679584947838e-09,0.00615449872777418,0.306938963318318,0.469034625136449,0.587185354849974
1.52485857207822,0.102119673062215,4.15539479095675e-09,0.00607040525634647,0.309170915113271,0.470166085874455,0.587894869966974
1.52622191905412,0.102842462687654,4.14288780881223e-09,0.00598802021586154,0.311423621717041,0.471300430133696,0.588605059386139
1.52758526603001,0.103581420684432,4.13043720741956e-09,0.00590729773112461,0.313697279066506,0.472437660099502,0.589315921776301
1.52894861300591,0.104336683348647,4.11804264840571e-09,0.0058281934534688,0.315992083986462,0.47357777788281,0.59002745579268
1.53031195998181,0.105108392352675,4.10570379593228e-09,0.00575066450032175,0.318308234145364,0.474720785519152,0.590739660076827
1.53167530695771,0.105896694714549,4.09342031667283e-09,0.00567466939753988,0.320645928008594,0.475866684967628,0.591452533256563
1.53303865393361,0.106701742752365,4.08119187979026e-09,0.00560016802436637,0.323005364789158,0.477015478109865,0.592166073945922
1.5344020009095,0.10752369405312,4.06901815691464e-09,0.00552712156087773,0.325386744395731,0.478167166748978,0.592880280745093
1.5357653478854,0.108362711441701,4.05689882212107e-09,0.00545549243779152,0.327790267377935,0.479321752608516,0.593595152240359
1.5371286948613,0.109218962947033,4.04483355190796e-09,0.00538524428851468,0.330216134868777,0.480479237331398,0.594310687004043
1.5384920418372,0.110092621776803,4.03282202517535e-09,0.00531634190331952,0.332664548524118,0.481639622478843,0.595026883594443
1.5398553888131,0.110983866294356,4.02086392320361e-09,0.00524875118553991,0.335135710459094,0.482802909529294,0.595743740555775
1.541218735789,0.111892879994128,4.00895892963227e-09,0.00518243910968713,0.337629823181365,0.483969099877328,0.596461256418119
1.54258208276489,0.112819851479501,3.99710673043911e-09,0.00511737368138958,0.340147089521096,0.485138194832558,0.597179429697352
1.54394542974079,0.113764974446975,3.98530701391942e-09,0.00505352389906673,0.342687712557543,0.486310195618531,0.597898258895097
1.54530877671669,0.11472844766308,3.97355947066555e-09,0.00499085971725181,0.345251895542146,0.487485103371611,0.598617742498657
1.54667212369259,0.115710474953653,3.9618637935466e-09,0.00492935201148313,0.347839841817997,0.488662919139858,0.59933787898096
1.54803547066849,0.116711265182676,3.95021967768835e-09,0.00486897254468761,0.350451754735574,0.489843643881896,0.600058666800499
1.54939881764438,0.117731032243264,3.9386268204534e-09,0.00480969393498502,0.353087837564604,0.491027278465772,0.600780104401273
1.55076216462028,0.118769995037396,3.9270849214215e-09,0.00475148962484441,0.355748293401943,0.492213823667806,0.601502190212727
1.55212551159618,0.119828377472132,3.91559368237006e-09,0.00469433385152861,0.358433325075338,0.493403280171435,0.602224922649692
1.55348885857208,0.120906408438778,3.90415280725494e-09,0.00463820161876572,0.361143135042935,0.494595648566044,0.602948300112329
1.55485220554798,0.122004321803295,3.89276200219134e-09,0.00458306866958964,0.363877925288405,0.495790929345789,0.603672320986067
1.55621555252387,0.123122356397271,3.88142097543495e-09,0.00452891146029524,0.366637897211545,0.496989122908415,0.604396983641544
1.55757889949977,0.124260756004053,3.87012943736326e-09,0.00447570713545593,0.36942325151422,0.498190229554063,0.605122286434548
1.55894224647567,0.125419769342961,3.85888710045706e-09,0.00442343350395479,0.372234188081491,0.499394249484061,0.605848227705957
1.56030559345157,0.126599650064013,3.84769367928215e-09,0.00437206901598224,0.375070905857808,0.500601182799721,0.606574805781682
1.56166894042747,0.127800656730001,3.83654889047123e-09,0.00432159274095642,0.377933602718078,0.501811029501112,0.607302018972604
1.56303228740337,0.12902305280283,3.82545245270594e-09,0.00427198434632397,0.38082247533351,0.503023789485835,0.608029865574516
1.56439563437926,0.130267106631127,3.81440408669912e-09,0.00422322407720162,0.383737719032031,0.504239462547781,0.608758343868067
1.56575898135516,0.131533091433668,3.80340351517726e-09,0.00417529273682045,0.386679527653159,0.505458048375887,0.609487452118695
1.56712232833106,0.132821285285731,3.79245046286306e-09,0.00412817166773725,0.389648093397147,0.506679546552878,0.610217188576576
1.56848567530696,0.134131971094164,3.78154465645824e-09,0.00408184273377859,0.392643606668257,0.507903956554004,0.610947551476558
1.56984902228286,0.135465436583188,3.77068582462647e-09,0.00403628830268525,0.395666255911982,0.509131277745765,0.611678539038106
1.57121236925875,0.136821974275396,3.75987369797653e-09,0.00399149122942617,0.398716227446073,0.510361509384628,0.612410149465237
1.57257571623465,0.138201881458429,3.74910800904555e-09,0.0039474348401526,0.401793705285188,0.511594650615735,0.61314238094647
1.57393906321055,0.139605460172169,3.73838849228252e-09,0.00390410291676462,0.404898870959002,0.512830700471606,0.613875231654754
1.57530241018645,0.14103301717318,3.72771488403185e-09,0.00386147968206339,0.408031903323613,0.514069657870825,0.614608699747419
1.57666575716235,0.142484863904597,3.71708692251725e-09,0.00381954978546399,0.411192978366056,0.515311521616725,0.615342783366113
1.57802910413824,0.143961316467379,3.70650434782558e-09,0.00377829828924482,0.414382269001787,0.51655629039606,0.61607748063674
1.57939245111414,0.145462695580739,3.69596690189105e-09,0.00373771065531063,0.417599944864924,0.517803962777671,0.616812789669404
1.58075579809004,0.146989326543531,3.68547432847939e-09,0.0036977727324474,0.420846172091105,0.519054537211138,0.617548708558348
1.58211914506594,0.148541539194058,3.67502637317238e-09,0.0036584707440484,0.42412111309277,0.520308012025431,0.618285235381895
1.58348249204184,0.15011966786266,3.66462278335234e-09,0.00361979127629152,0.427424926326713,0.521564385427544,0.619022368202388
1.58484583901774,0.151724051320814,3.6542633081869e-09,0.00358172126674924,0.430757766053706,0.522823655501128,0.619760105066132
1.58620918599363,0.153355032729405,3.64394769861387e-09,0.00354424799341293,0.434119782090055,0.524085820205108,0.620498444003332
1.58757253296953,0.155012959577959,3.63367570732629e-09,0.00350735906411475,0.437511119550883,0.5253508773723,0.621237383028038
1.58893587994543,0.156698183624638,3.62344708875759e-09,0.00347104240633052,0.440931918585009,0.526618824708008,0.62197692013808
1.59029922692133,0.158411060828037,3.61326159906688e-09,0.00343528625734804,0.444382314101224,0.527889659788624,0.622717053315015
1.59166257389723,0.160151951272858,3.6031189961245e-09,0.00340007915478606,0.447862435485817,0.529163380060212,0.623457780524062
1.59302592087312,0.161921219093019,3.59301903949756e-09,0.00336540992744965,0.451372406311193,0.530439982837087,0.624199099714045
1.59438926784902,0.163719232388215,3.5829614904357e-09,0.00333126768650837,0.454912344035406,0.531719465300382,0.624941008817337
1.59575261482492,0.165546363136003,3.57294611185703e-09,0.00329764181698436,0.458482359692487,0.533001824496611,0.625683505749796
1.59711596180082,0.167402987091329,3.56297266833408e-09,0.00326452196953796,0.462082557573383,0.534287057336221,0.626426588410708
1.59847930877672,0.169289483693227,3.55304092608004e-09,0.00323189805253904,0.465713034897393,0.535575160592136,0.627170254682729
1.59984265575261,0.171206235945182,3.54315065293502e-09,0.00319976022441276,0.469373881473942,0.53686613089829,0.627914502431823
1.60120600272851,0.173153630309624,3.53330161835247e-09,0.00316809888624899,0.47306517935459,0.538159964748162,0.628659329507206
1.60256934970441,0.175132056579764,3.52349359338578e-09,0.00313690467466501,0.476787002475123,0.539456658493287,0.629404733741287
1.60393269668031,0.177141907748166,3.51372635067496e-09,0.00310616845491166,0.480539416287646,0.540756208341774,0.630150712949607
1.60529604365621,0.179183579868671,3.50399966443346e-09,0.0030758813142136,0.484322477382537,0.542058610356803,0.630897264930783
1.60665939063211,0.181257471914962,3.49431331043512e-09,0.00304603455533448,0.488136233100213,0.543363860455125,0.631644387466445
1.608022737608,0.183363985616174,3.48466706600124e-09,0.00301661969035848,0.491980721132583,0.54467195440555,0.632392078321183
1.6093860845839,0.185503525296652,3.47506070998783e-09,0.00298762843467998,0.495855969114142,0.54598288782742,0.633140335242484
1.6107494315598,0.187676497709424,3.46549402277285e-09,0.00295905270119336,0.499761994202659,0.547296656189088,0.633889155960676
1.6121127785357,0.189883311837341,3.45596678624374e-09,0.00293088459467549,0.503698802649377,0.548613254806379,0.634638538188868
1.6134761255116,0.192124378713688,3.44647878378494e-09,0.00290311640635347,0.507666389358753,0.549932678841044,0.635388479622893
1.61483947248749,0.194400111215295,3.43702980026559e-09,0.00287574060865086,0.511664737437674,0.551254923299211,0.636138977941248
1.61620281946339,0.196710923843348,3.42761962202735e-09,0.00284874985010555,0.515693817734207,0.552579983029829,0.636890030805038
1.61756616643929,0.199057232504661,3.4182480368723e-09,0.00282213695045311,0.519753588365865,0.553907852723094,0.637641635857917
1.61892951341519,0.201439454275549,3.40891483405096e-09,0.00279589489586929,0.523843994237483,0.555238526908885,0.638393790726028
1.62029286039109,0.203858007145963,3.39961980425051e-09,0.00277001683436599,0.527964966548729,0.556571999955174,0.639146493017949
1.62165620736699,0.206313309769928,3.39036273958299e-09,0.00274449607133488,0.532116422291384,0.557908266066446,0.639899740324633
1.62301955434288,0.2088057811888,3.38114343357368e-09,0.00271932606523355,0.536298263736482,0.559247319282098,0.640653530219347
1.62438290131878,0.211335840543396,3.37196168114964e-09,0.0026945004234087,0.540510377911471,0.560589153474841,0.641407860257623
1.62574624829468,0.213903906781812,3.36281727862824e-09,0.0026700128980517,0.544752636067566,0.561933762349091,0.642162727977192
1.62710959527058,0.216510398346757,3.35371002370591e-09,0.00264585738228159,0.54902489313749,0.563281139439351,0.642918130897929
1.62847294224648,0.219155732844434,3.34463971544693e-09,0.00262202790635094,0.553326987183853,0.56463127810859,0.6436740665218
1.62983628922237,0.221840326716091,3.33560615427234e-09,0.00259851863397037,0.55765873883842,0.565984171546616,0.644430532332799
1.63119963619827,0.224564594875257,3.326609141949e-09,0.00257532385874729,0.562019950732588,0.567339812768441,0.645187525796893
1.63256298317417,0.227328950349031,3.31764848157865e-09,0.00255243800073494,0.566410406919399,0.568698194612635,0.645945044361967
1.63392633015007,0.230133803882396,3.30872397758721e-09,0.00252985560308783,0.570829872287479,0.570059309739687,0.646703085457766
1.63528967712597,0.232979563556368,3.29983543571405e-09,0.00250757132881991,0.575278091967306,0.571423150630343,0.647461646495836
1.63665302410186,0.235866634357495,3.29098266300146e-09,0.00248557995766172,0.579754790730293,0.572789709583952,0.64822072486947
1.63801637107776,0.238795417765508,3.28216546778413e-09,0.00246387638301325,0.58425967238116,0.5741589787168,0.648980317953653
1.63937971805366,0.241766311291178,3.27338365967883e-09,0.00244245560898914,0.588792419144183,0.575530949960439,0.649740423105001
1.64074306502956,0.244779708026177,3.26463704957411e-09,0.00242131274755299,0.59335269104388,0.576905615060009,0.650501037661709
1.64210641200546,0.2478359961617,3.25592544962011e-09,0.00240044301573779,0.597940125280818,0.578282965572559,0.651262158943494
1.64346975898136,0.250935558492593,3.24724867321846e-09,0.0023798417329495,0.602554335603214,0.579662992865359,0.652023784251539
1.64483310595725,0.25407877190218,3.23860653501235e-09,0.00235950431835093,0.607194911675107,0.581045688114209,0.652785910868435
1.64619645293315,0.257266006847137,3.22999885087656e-09,0.0023394262883233,0.611861418441895,0.582431042301744,0.65354853605813
1.64755979990905,0.26049762679165,3.22142543790769e-09,0.00231960325400268,0.616553395494101,0.583819046215726,0.654311657065871
1.64892314688495,0.263773987662229,3.21288611441443e-09,0.00230003091888893,0.621270356430313,0.585209690447347,0.655075271118148
1.65028649386085,0.267095437255358,3.20438069990796e-09,0.00228070507652479,0.626011788220254,0.586602965389512,0.65583937542264
1.65164984083674,0.270462314648569,3.19590901509237e-09,0.00226162160824248,0.630777150569062,0.587998861235129,0.656603967168163
1.65301318781264,0.273874949579948,3.18747088185524e-09,0.00224277648097594,0.63556587528385,0.589397367975388,0.657369043524608
1.65437653478854,0.277333661822363,3.17906612325827e-09,0.00222416574513629,0.640377365643768,0.590798475398037,0.658134601642896
1.65573988176444,0.280838760527159,3.17069456352802e-09,0.0022057855325485,0.645210995774759,0.59220217308566,0.658900638654913
1.65710322874034,0.284390543561288,3.16235602804669e-09,0.00218763205444731,0.650066110030364,0.593608450413947,0.659667151673468
1.65846657571623,0.287989296832152,3.15405034334303e-09,0.0021697015995304,0.6549420223799,0.595017296549955,0.660434137792226
1.65982992269213,0.291635293576836,3.14577733708332e-09,0.00215199053206697,0.659838015805511,0.596428700450382,0.661201594085667
1.66119326966803,0.295328793655243,3.13753683806244e-09,0.00213449529005998,0.664753341709553,0.597842650859819,0.661969517609022
1.66255661664393,0.299070042814955,3.12932867619499e-09,0.00211721238346025,0.669687219333933,0.599259136309015,0.662737905398226
1.66391996361983,0.30285927194773,3.12115268250652e-09,0.00210013839243081,0.674638835193028,0.600678145113129,0.663506754469862
1.66528331059573,0.306696696327051,3.11300868912485e-09,0.00208326996565981,0.679607342521925,0.602099665369985,0.664276061821108
1.66664665757162,0.310582514839711,3.10489652927143e-09,0.0020666038187206,0.684591860741764,0.603523684958326,0.665045824429688
1.66801000454752,0.314516909172211,3.09681603725283e-09,0.00205013673247731,0.689591474944026,0.604950191536059,0.665816039253814
1.66937335152342,0.318500043044359,3.08876704845223e-09,0.00203386555153458,0.694605235395732,0.60637917253851,0.666586703232137
1.67073669849932,0.322532061369816,3.0807493993211e-09,0.00201778718273006,0.699632157067492,0.607810615176662,0.667357813283695
1.67210004547522,0.326613089438686,3.07276292737084e-09,0.0020018985936683,0.704671219186509,0.609244506435413,0.668129366307859
1.67346339245111,0.330743232072889,3.06480747116458e-09,0.00198619681129471,0.709721364816614,0.610680833071807,0.668901359184285
1.67482673942701,0.334922572794864,3.05688287030898e-09,0.00197067892050849,0.714781500467538,0.612119581613292,0.669673788772857
1.67619008640291,0.339151172951188,3.04898896544622e-09,0.00195534206281311,0.719850495735632,0.613560738355953,0.670446651913644
1.67755343337881,0.343429070880248,3.0411255982459e-09,0.00194018343500331,0.724927182978341,0.615004289362764,0.671219945426839
1.67891678035471,0.347756281011777,3.03329261139716e-09,0.00192520028788754,0.730010357024742,0.616450220461825,0.671993666112719
1.6802801273306,0.352132793018398,3.0254898486008e-09,0.00191038992504458,0.735098774924548,0.617898517244614,0.672767810751586
1.6816434743065,0.356558570925104,3.01771715456148e-09,0.0018957497016135,0.740191155737985,0.619349165064226,0.673542376103722
1.6830068212824,0.361033552236961,3.00997437497998e-09,0.00188127702311578,0.745286180368993,0.620802149033624,0.674317358909336
1.6843701682583,0.365557647061427,3.00226135654555e-09,0.00186696934430871,0.750382491444245,0.622257454023881,0.675092755888517
1.6857335152342,0.370130737225992,2.99457794692835e-09,0.00185282416806912,0.75547869324047,0.623715064662436,0.675868563741183
1.6870968622101,0.374752675411765,2.98692399477188e-09,0.00183883904430646,0.760573351662623,0.625174965331337,0.676644779147033
1.68846020918599,0.37942328427611,2.97929934968555e-09,0.00182501156890442,0.765664994275391,0.626637140165501,0.677421398765498
1.68982355616189,0.384142355598131,2.97170386223731e-09,0.00181133938269025,0.77075211039061,0.628101573050966,0.67819841923569
1.69118690313779,0.388909649433922,2.96413738394629e-09,0.00179782017043088,0.775833151213053,0.62956824762315,0.678975837176359
1.69255025011369,0.393724893243541,2.95659976727558e-09,0.00178445165985505,0.780906530047142,0.63103714726511,0.67975364918584
1.69391359708959,0.398587781104771,2.949090865625e-09,0.00177123162070084,0.785970622566997,0.632508255105811,0.680531851842008
1.69527694406548,0.403497972869856,2.94161053332401e-09,0.00175815786378762,0.791023767152296,0.633981554018392,0.681310441702231
1.69664029104138,0.408455093393935,2.93415862562464e-09,0.00174522824011184,0.7960642652923,0.635457026618436,0.682089415303321
1.69800363801728,0.413458731740805,2.92673499869444e-09,0.001732440639966,0.801090382060367,0.636934655262253,0.682868769161489
1.69936698499318,0.418508440456635,2.91933950960961e-09,0.00171979299207998,0.806100346661198,0.638414422045156,0.683648499772299
1.70073033196908,0.423603734828312,2.91197201634806e-09,0.00170728326278422,0.811092353052972,0.639896308799748,0.684428603610619
1.70209367894498,0.428744092192888,2.90463237778265e-09,0.00169490945519408,0.816064560646432,0.641380297094218,0.685209077130579
1.70345702592087,0.433928951282258,2.89732045367437e-09,0.00168266960841469,0.821015095082863,0.642866368230635,0.685989916765523
1.70482037289677,0.439157711578342,2.89003610466568e-09,0.00167056179676585,0.825942049092793,0.644354503243254,0.686771118927966
1.70618371987267,0.444429732742326,2.88277919227386e-09,0.00165858412902625,0.830843483437084,0.645844682896826,0.687552680009547
1.70754706684857,0.449744334042445,2.87554957888443e-09,0.00164673474769659,0.835717427931953,0.647336887684912,0.688334596380985
1.70891041382447,0.455100793844433,2.86834712774464e-09,0.00163501182828099,0.840561882559279,0.648831097828215,0.689116864392037
1.71027376080036,0.460498349164786,2.86117170295694e-09,0.00162341357858618,0.845374818663376,0.650327293272905,0.689899480371453
1.71163710777626,0.465936195245347,2.85402316947268e-09,0.00161193823803802,0.850154180235199,0.651825453688962,0.690682440626931
1.71300045475216,0.471413485168152,2.84690139308564e-09,0.00160058407701475,0.854897885284785,0.653325558468527,0.691465741445077
1.71436380172806,0.476929329595597,2.83980624042582e-09,0.00158934939619666,0.859603827302427,0.654827586724256,0.692249379091361
1.71572714870396,0.482482796462562,2.83273757895313e-09,0.00157823252593159,0.864269876808936,0.656331517287689,0.693033349810073
1.71709049567985,0.488072910823477,2.82569527695126e-09,0.00156723182561587,0.868893882995002,0.657837328707624,0.693817649824286
1.71845384265575,0.493698654705358,2.8186792035215e-09,0.0015563456830903,0.873473675449469,0.659344999248507,0.694602275335807
1.71981718963165,0.499358967046862,2.81168922857666e-09,0.00154557251405066,0.878007065976013,0.660854506888826,0.695387222525145
1.72118053660755,0.505052743702198,2.80472522283507e-09,0.00153491076147251,0.882491850497451,0.662365829319521,0.696172487551462
1.72254388358345,0.510778837525441,2.79778705781456e-09,0.0015243588950497,0.886925811046603,0.663878943942403,0.696958066552537
1.72390723055935,0.51653605849964,2.79087460582658e-09,0.0015139154106464,0.891306717842277,0.665393827868583,0.697743955644726
1.72527057753524,0.522323173976251,2.78398773997031e-09,0.00150357882976208,0.895632331448711,0.666910457916917,0.698530150922921
1.72663392451114,0.528138908989087,2.77712633412679e-09,0.00149334769900932,0.899900405016371,0.668428810612465,0.699316648460513
1.72799727148704,0.533981946590891,2.77029026295321e-09,0.00148322058960389,0.904108686601764,0.669948862184954,0.70010344430935
1.72936061846294,0.53985092836759,2.76347940187716e-09,0.00147319609686694,0.908254921563504,0.671470588567265,0.700890534499701
1.73072396543884,0.545744454954337,2.75669362709095e-09,0.00146327283973878,0.912336855031585,0.672993965393931,0.701677915040219
1.73208731241473,0.551661086673644,2.74993281554599e-09,0.00145344946030421,0.916352234446423,0.674518967999644,0.702465581917902
1.73345065939063,0.557599344257625,2.74319684494719e-09,0.00144372462332882,0.920298812163898,0.676045571417787,0.703253531098055
1.73481400636653,0.563557709640427,2.7364855937475e-09,0.00143409701580614,0.924174348122269,0.67757375037897,0.704041758524257
1.73617735334243,0.569534626858998,2.72979894114231e-09,0.00142456534651526,0.927976612566509,0.679103479309594,0.70483026011832
1.73754070031833,0.575528503036818,2.72313676706413e-09,0.00141512834558874,0.931703388825225,0.680634732330423,0.705619031780259
1.73890404729422,0.58153770943399,2.71649895217713e-09,0.00140578476409042,0.935352476135037,0.682167483255174,0.706408069388252
1.74026739427012,0.587560582623771,2.70988537787181e-09,0.001396533373603,0.938921692506926,0.683701705589129,0.707197368798607
1.74163074124602,0.593595425727751,2.70329592625973e-09,0.00138737296582497,0.942408877628768,0.68523737252776,0.707986925845728
1.74299408822192,0.599640509755351,2.6967304801682e-09,0.00137830235217684,0.945811895797957,0.686774456955378,0.708776736342082
1.74435743519782,0.605694075002218,2.69018892313514e-09,0.00136932036341628,0.949128638877727,0.688312931443795,0.709566796078164
1.74572078217372,0.611754332591333,2.68367113940385e-09,0.00136042584926198,0.952357029270523,0.689852768251006,0.710357100822464
1.74708412914961,0.617819466030251,2.67717701391794e-09,0.00135161767802607,0.955495022901499,0.691393939319902,0.711147646321437
1.74844747612551,0.623887632883499,2.67070643231622e-09,0.00134289473625473,0.958540612205013,0.692936416276985,0.711938428299468
1.74981082310141,0.629956966556255,2.66425928092769e-09,0.00133425592837697,0.961491829106752,0.694480170431121,0.712729442458844
1.75117417007731,0.63602557807721,2.65783544676651e-09,0.00132570017636123,0.964346747993961,0.696025172772308,0.713520684479719
1.75253751705321,0.642091558034189,2.6514348175271e-09,0.00131722641937964,0.967103488666062,0.697571393970464,0.714312150020087
1.7539008640291,0.648152978529492,2.64505728157918e-09,0.00130883361347976,0.969760219257867,0.699118804374241,0.715103834715752
1.755264211005,0.654207895226229,2.63870272796297e-09,0.0013005207312636,0.972315159127427,0.700667374009863,0.715895734180298
1.7566275579809,0.660254349464175,2.63237104638426e-09,0.00129228676157373,0.974766581700552,0.702217072579986,0.716687844005056
1.7579909049568,0.666290370409792,2.62606212720975e-09,0.00128413070918636,0.977112817263958,0.703767869462582,0.717480159759085
1.7593542519327,0.672313977287448,2.61977586146219e-09,0.00127605159451104,0.979352255699022,0.705319733709853,0.718272676989136
1.7607175989086,0.678323181652119,2.61351214081576e-09,0.0012680484532971,0.981483349148148,0.706872634047166,0.719065391219627
1.76208094588449,0.684315989704057,2.60727085759134e-09,0.00126012033634638,0.983504614605816,0.708426538872013,0.719858297952617
1.76344429286039,0.690290404647021,2.60105190475193e-09,0.00125226630923223,0.985414636426515,0.709981416253002,0.720651392667784
1.76480763983629,0.696244429079593,2.59485517589803e-09,0.00124448545202468,0.987212068741845,0.711537233928877,0.721444670822389
1.76617098681219,0.702176067448393,2.5886805652631e-09,0.00123677685902146,0.988895637779343,0.713093959307559,0.722238127851262
1.76753433378809,0.708083328447888,2.58252796770905e-09,0.00122913963848489,0.990464144075698,0.71465155946522,0.72303175916677
1.76889768076398,0.713964227530197,2.57639727872176e-09,0.00122157291238442,0.991916464577367,0.71621000114539,0.723825560158798
1.77026102773988,0.719816789363897,2.57028839440664e-09,0.00121407581614462,0.993251554621816,0.717769250758084,0.724619526194722
1.77162437471578,0.725639050321812,2.56420121148423e-09,0.00120664749839866,0.994468449792983,0.719329274378973,0.725413652619389
1.77298772169168,0.731429060973312,2.55813562728584e-09,0.00119928712074696,0.995566267644866,0.72089003774857,0.726207934755094
1.77435106866758,0.737184888540579,2.55209153974921e-09,0.00119199385752103,0.996544209287576,0.722451506271463,0.727002367901557
1.77571441564347,0.742904619382435,2.54606884741423e-09,0.00118476689555222,0.997401560830558,0.724013645015573,0.727796947335905
1.77707776261937,0.748586361443311,2.54006744941866e-09,0.00117760543394548,0.998137694678161,0.725576418711441,0.728591668312649
1.77844110959527,0.754228246639417,2.53408724549395e-09,0.00117050868385778,0.998752070673186,0.727139791751559,0.729386526063666
1.77980445657117,0.759828433272116,2.52812813596099e-09,0.00116347586828121,0.99924423708455,0.728703728189727,0.730181515798178
1.78116780354707,0.765385108367862,2.52219002172601e-09,0.00115650622183062,0.999613831435696,0.730268191740448,0.730976632702736
1.78253115052297,0.770896489964047,2.51627280427644e-09,0.00114959899053572,0.999860581170923,0.731833145778358,0.731771871941201
1.78389449749886,0.77636082937129,2.51037638567682e-09,0.00114275343163744,0.999984304157357,0.733398553337693,0.732567228654727
1.78525784447476,0.781776413370826,2.50450066856475e-09,0.00113596881338861,0.99998490902084,0.734964377111791,0.733362697961742
1.78662119145066,0.787141566307525,2.49864555614689e-09,0.00112924441485863,0.999862395314575,0.736530579452633,0.734158274957936
1.78798453842656,0.792454652195696,2.49281095219493e-09,0.00112257952574229,0.999616853519947,0.738097122370423,0.734953954716245
1.78934788540246,0.797714076677357,2.48699676104167e-09,0.00111597344617246,0.999248464879531,0.739663967533204,0.735749732286833
1.79071123237835,0.802918288919477,2.48120288757712e-09,0.00110942548653661,0.998757501062838,0.741231076266516,0.736545602697082
1.79207457935425,0.808065783462822,2.47542923724455e-09,0.00110293496729714,0.99814432366597,0.74279840955309,0.737341560951575
1.79343792633015,0.81315510194141,2.46967571603667e-09,0.00109650121881529,0.997409383546895,0.744365928032592,0.738137602032089
1.79480127330605,0.81818483470509,2.4639422304918e-09,0.0010901235811787,0.996553219998611,0.745933592001395,0.738933720897576
1.79616462028195,0.823153622395287,2.45822868769008e-09,0.00108380140403241,0.995576459763042,0.747501361412406,0.739729912484157
1.79752796725784,0.828060157381362,2.45253499524969e-09,0.00107753404641332,0.994479815888992,0.749069195874925,0.74052617170511
1.79889131423374,0.832903185082442,2.44686106132311e-09,0.00107132087658793,0.993264086438056,0.750637054654556,0.741322493450859
1.80025466120964,0.837681505213205,2.44120679459346e-09,0.00106516127189341,0.991930153042819,0.752204896673157,0.742118872588965
1.80161800818554,0.842393972942294,2.43557210427076e-09,0.0010590546185818,0.990478979322194,0.753772680508835,0.74291530396412
1.80298135516144,0.847039499849893,2.42995690008834e-09,0.00105300031166731,0.988911609159144,0.755340364395988,0.743711782398136
1.80434470213734,0.851617054876817,2.4243610922992e-09,0.00104699775477674,0.987229164846495,0.756907906225393,0.744508302689941
1.80570804911323,0.856125665113474,2.41878459167244e-09,0.00104104636000277,0.985432845106895,0.758475263544337,0.745304859615568
1.80707139608913,0.86056441646515,2.41322730948966e-09,0.00103514554776024,0.983523922993345,0.760042393556804,0.746101447928156
1.80843474306503,0.86493245421892,2.40768915754149e-09,0.00102929474664519,0.981503743677046,0.761609253123697,0.74689806235794
1.80979809004093,0.869228983510454,2.40217004812406e-09,0.00102349339329676,0.979373722129587,0.763175798763121,0.747694697612249
1.81116143701683,0.873453269628623,2.39666989403552e-09,0.00101774093226176,0.977135340706763,0.764741986650709,0.748491348375501
1.81252478399272,0.877604638296782,2.39118860857261e-09,0.00101203681586184,0.974790146641503,0.766307772619997,0.749288009309204
1.81388813096862,0.881682475719746,2.38572610552724e-09,0.00100638050406337,0.972339749453598,0.767873112162855,0.75008467505195
1.81525147794452,0.885686228632041,2.3802822991831e-09,0.00100077146434974,0.969785818284038,0.769437960429961,0.750881340219415
1.81661482492042,0.889615404169247,2.37485710431229e-09,0.000995209171596238,0.967130079161877,0.771002272231337,0.751677999404362
1.81797817189632,0.89346956968177,2.369450436172e-09,0.000989693107947251,0.964374312211631,0.772566002036931,0.752474647176637
1.81934151887221,0.897248352378869,2.36406221050119e-09,0.000984222762695925,0.961520348809228,0.77412910397725,0.753271278083173
1.82070486584811,0.900951438959537,2.3586923435173e-09,0.000978797632166098,0.95857006869454,0.775691531844054,0.754067886647991
1.82206821282401,0.904578575052593,2.353340751913e-09,0.000973417219596506,0.955525397048484,0.7772532390911,0.754864467372202
1.82343155979991,0.90812956464258,2.34800735285298e-09,0.00096808103502722,0.952388301542631,0.778814178834941,0.755661014734012
1.82479490677581,0.911604269346067,2.3426920639707e-09,0.000962788595188233,0.94916078936913,0.780374303855781,0.756457523188729
1.82615825375171,0.915002607641927,2.33739480336525e-09,0.000957539423390192,0.945844904258666,0.78193356659839,0.757253987168761
1.8275216007276,0.918324553980403,2.33211548959818e-09,0.000952333049417182,0.942442723493975,0.783491919173068,0.758050401083628
1.8288849477035,0.921570137849384,2.32685404169035e-09,0.000947169009421566,0.938956354926273,0.785049313356677,0.758846759319969
1.8302482946794,0.924739442738289,2.32161037911888e-09,0.000942046845820791,0.935387934001758,0.786605700593721,0.759643056241547
1.8316116416553,0.927832605034787,2.31638442181401e-09,0.000936966107196153,0.931739620805087,0.788161031997493,0.760439286189257
1.8329749886312,0.930849812882537,2.31117609015606e-09,0.000931926348193457,0.928013597126484,0.789715258351274,0.761235443481139
1.83433833560709,0.933791304931017,2.30598530497243e-09,0.000926927129425544,0.924212063558889,0.7912683301096,0.762031522412385
1.83570168258299,0.936657369063994,2.30081198753453e-09,0.00092196801737664,0.920337236631215,0.792820197399584,0.762827517255352
1.83706502955889,0.939448341063411,2.29565605955487e-09,0.000917048584308479,0.91639134598354,0.794370810022297,0.763623422259574
1.83842837653479,0.942164603223819,2.29051744318403e-09,0.000912168408168193,0.912376631589685,0.795920117454222,0.764419231651771
1.83979172351069,0.944806582918981,2.28539606100776e-09,0.000907327072497883,0.908295341032347,0.797468068848757,0.76521493963587
1.84115507048658,0.947374751155261,2.28029183604405e-09,0.000902524166345889,0.904149726835596,0.799014613037786,0.766010540393012
1.84251841746248,0.949869621039928,2.27520469174026e-09,0.000897759284179675,0.899942043859199,0.80055969853332,0.766806028081571
1.84388176443838,0.952291746274779,2.27013455197019e-09,0.000893032025800336,0.895674546758915,0.802103273529188,0.767601396837172
1.84524511141428,0.954641719595659,2.26508134103132e-09,0.000888341996258658,0.89134948751652,0.803645285902809,0.768396640772706
1.84660845839018,0.956920171179308,2.2600449836419e-09,0.000883688805772729,0.886969113043004,0.805185683217015,0.769191753978345
1.84797180536608,0.959127767082694,2.25502540493821e-09,0.000879072069647041,0.882535662857997,0.806724412721946,0.769986730521568
1.84933515234197,0.961265207600034,2.25002253047173e-09,0.000874491408193073,0.878051366848181,0.808261421357012,0.770781564447175
1.85069849931787,0.96333322568124,2.24503628620642e-09,0.000869946446651317,0.873518443107038,0.809796655752921,0.771576249777313
1.85206184629377,0.965332585282434,2.24006659851595e-09,0.000865436815114714,0.868939095858039,0.811330062233768,0.772370780511491
1.85342519326967,0.967264079785098,2.23511339418099e-09,0.000860962148453472,0.864315513462933,0.812861586819202,0.773165150626609
1.85478854024557,0.969128530328989,2.23017660038652e-09,0.000856522086241241,0.859649866516588,0.814391175226656,0.773959354076979
1.85615188722146,0.970926784257966,2.22525614471917e-09,0.000852116272682619,0.854944306029445,0.815918772873638,0.774753384794349
1.85751523419736,0.972659713474979,2.22035195516451e-09,0.000847744356541951,0.85020096169837,0.817444324880107,0.775547236687928
1.85887858117326,0.974328212872098,2.21546396010448e-09,0.000843405991073404,0.84542194026642,0.818967776070904,0.776340903644415
1.86024192814916,0.975933198766946,2.21059208831473e-09,0.000839100833952294,0.840609323971708,0.820489070978263,0.777134379528026
1.86160527512506,0.977475607335748,2.20573626896204e-09,0.000834828547207627,0.835765169085345,0.822008153844381,0.777927658180519
1.86296862210096,0.978956393081814,2.20089643160176e-09,0.000830588797155844,0.830891504538144,0.823524968624072,0.778720733421226
1.86433196907685,0.980376527343452,2.19607250617523e-09,0.000826381254335737,0.82599033063554,0.825039458987482,0.779513599047084
1.86569531605275,0.981736996794229,2.19126442300726e-09,0.000822205593444512,0.821063617859962,0.82655156832288,0.780306248832663
1.86705866302865,0.983038801990016,2.18647211280362e-09,0.000818061493274983,0.816113305759691,0.828061239739519,0.781098676530203
1.86842201000455,0.984282955949311,2.1816955066485e-09,0.000813948636653865,0.811141301922999,0.829568416070568,0.781890875869643
1.86978535698045,0.985470482769813,2.1769345360021e-09,0.000809866710381151,0.806149481036243,0.831073039876122,0.782682840558656
1.87114870395634,0.986602416250337,2.17218913269813e-09,0.000805815405170551,0.801139684024364,0.832575053446279,0.783474564282686
1.87251205093224,0.987679798572087,2.16745922894137e-09,0.000801794415590965,0.79611371727212,0.834074398804291,0.784266040704982
1.87387539790814,0.988703679023468,2.16274475730527e-09,0.000797803440008977,0.791073351924244,0.83557101770979,0.785057263466638
1.87523874488404,0.989675112724193,2.15804565072949e-09,0.000793842180532349,0.78602032326255,0.837064851662088,0.785848226186628
1.87660209185994,0.990595159430242,2.15336184251762e-09,0.000789910342954487,0.780956330157974,0.838555841903551,0.786638922461847
1.87796543883583,0.991464882352309,2.14869326633472e-09,0.000786007636699873,0.775883034595345,0.840043929423041,0.787429345867152
1.87932878581173,0.992285347014215,2.14403985620498e-09,0.000782133774770435,0.770802061268685,0.841529054959444,0.788219489955401
1.88069213278763,0.993057620162125,2.13940154650946e-09,0.000778288473692836,0.765714997244693,0.84301115900526,0.789009348257496
1.88205547976353,0.993782768715905,2.13477827198369e-09,0.000774471453466667,0.760623391692056,0.844490181810279,0.78979891428243
1.88341882673943,0.994461858730962,2.13016996771543e-09,0.000770682437513528,0.755528755674126,0.845966063385324,0.790588181517324
1.88478217371533,0.99509595444839,2.12557656914237e-09,0.000766921152626983,0.750432562002552,0.847438743506071,0.791377143427481
1.88614552069122,0.995686117344246,2.12099801204988e-09,0.000763187328923348,0.745336245149296,0.848908161716947,0.792165793456426
1.88750886766712,0.996233405250481,2.11643423256875e-09,0.00075948069979334,0.740241201214592,0.850374257335099,0.792954125025955
1.88887221464302,0.996738871479558,2.11188516717297e-09,0.000755801001854525,0.735148787948265,0.851836969454446,0.793742131536186
1.89023556161892,0.997203564031523,2.10735075267752e-09,0.000752147974904576,0.730060324821917,0.853296236949792,0.794529806365608
1.89159890859482,0.997628524815973,2.10283092623619e-09,0.000748521361875323,0.724977093149453,0.854751998481034,0.795317142871129
1.89296225557071,0.998014788909293,2.09832562533937e-09,0.000744920908787569,0.719900336253434,0.856204192497427,0.79610413438813
1.89432560254661,0.998363383869639,2.09383478781193e-09,0.000741346364706668,0.714831259674791,0.857652757241937,0.796890774230518
1.89568894952251,0.998675329067544,2.08935835181103e-09,0.000737797481698841,0.709771031423432,0.859097630755668,0.797677055690781
1.89705229649841,0.998951635087863,2.08489625582402e-09,0.000734274014788233,0.704720782267331,0.860538750882357,0.79846297204004
1.89841564347431,0.999193303128695,2.08044843866634e-09,0.000730775721914671,0.699681606057721,0.86197605527295,0.799248516528108
1.8997789904502,0.999401324447958,2.07601483947936e-09,0.000727302363892133,0.694654560088045,0.863409481390258,0.800033682383544
1.9011423374261,0.999576679886185,2.07159539772839e-09,0.0007238537043679,0.689640665484393,0.864838966513679,0.800818462813719
1.902505684402,0.999720339353405,2.06719005320053e-09,0.000720429509782393,0.684640907625182,0.866264447744,0.801602851004864
1.9038690313779,0.999833261412757,2.06279874600267e-09,0.000717029549329657,0.679656236587907,0.867685862008277,0.802386840122141
1.9052323783538,0.999916392846482,2.05842141655943e-09,0.00071365359491851,0.674687567620849,0.869103146064781,0.803170423309699
1.9065957253297,0.999970668300166,2.05405800561114e-09,0.000710301421134323,0.669735781637664,0.870516236508032,0.803953593690741
1.90795907230559,0.999997009936022,2.04970845421188e-09,0.000706972805201425,0.6648017257329,0.871925069773892,0.804736344367581
1.90932241928149,0.999996327082624,2.0453727037274e-09,0.000703667526946131,0.659886213716476,0.873329582144746,0.805518668421718
1.91068576625739,0.999969515990696,2.04105069583323e-09,0.000700385368760356,0.654990026665281,0.874729709754749,0.806300558913896
1.91204911323329,0.999917459545679,2.03674237251266e-09,0.000697126115565843,0.650113913490118,0.876125388595148,0.807082008884174
1.91341246020919,0.999841027051308,2.03244767605484e-09,0.000693889554778952,0.645258591516234,0.877516554519681,0.807863011351994
1.91477580718508,0.999741074002836,2.02816654905281e-09,0.000690675476276032,0.640424747075829,0.878903143250046,0.80864355931625
1.91613915416098,0.999618441919587,2.02389893440159e-09,0.000687483672359344,0.63561303611091,0.880285090381442,0.809423645755362
1.91750250113688,0.999473958187083,2.01964477529629e-09,0.000684313937723541,0.630824084785031,0.881662331388184,0.810203263627343
1.91886584811278,0.99930843592183,2.01540401523022e-09,0.000681166069422679,0.626058490102429,0.883034801629392,0.810982405869876
1.92022919508868,0.999122673850304,2.01117659799299e-09,0.000678039866837766,0.621316820533203,0.884402436354745,0.811761065400389
1.92159254206457,0.998917456233987,2.00696246766865e-09,0.00067493513164482,0.616599616643227,0.885765170710316,0.812539235116127
1.92295588904047,0.998693552779832,2.00276156863389e-09,0.00067185166778345,0.611907391727548,0.887122939744467,0.813316907894231
1.92431923601637,0.998451718602156,1.99857384555614e-09,0.000668789281425923,0.607240632446097,0.88847567841382,0.814094076591816
1.92568258299227,0.998192694181376,1.99439924339178e-09,0.000665747780946737,0.60259979946061,0.8898233215893,0.81487073404605
1.92704592996817,0.997917205361379,1.99023770738432e-09,0.000662726976892668,0.597985328071691,0.891165804062238,0.815646873074233
1.92840927694407,0.997625963336066,1.98608918306262e-09,0.000659726681953291,0.593397628855061,0.892503060550552,0.816422486473881
1.92977262391996,0.997319664665276,1.98195361623911e-09,0.000656746710931972,0.58883708829604,0.893835025704991,0.817197567022806
1.93113597089586,0.996998991319573,1.97783095300798e-09,0.000653786880717313,0.584304069421405,0.895161634115444,0.817972107479201
1.93249931787176,0.996664610719934,1.97372113974349e-09,0.000650847010255045,0.57979891242783,0.896482820317321,0.818746100581727
1.93386266484766,0.996317175786897,1.96962412309814e-09,0.000647926920520366,0.57532193530612,0.897798518797997,0.819519539049596
1.93522601182356,0.995957325027309,1.96553985000103e-09,0.000645026434490709,0.570873434460577,0.899108664003318,0.82029241558266
1.93658935879945,0.995585682607955,1.96146826765608e-09,0.000642145377118934,0.566453685322809,0.900413190344176,0.8210647228615
1.93795270577535,0.995202858447027,1.95740932354035e-09,0.000639283575306942,0.562062942959422,0.901712032203146,0.821836453547517
1.93931605275125,0.994809448329723,1.95336296540233e-09,0.000636440857879695,0.557701442673005,0.903005123941184,0.822607600283019
1.94067939972715,0.994406034010321,1.94932914126027e-09,0.000633617055559643,0.553369400595934,0.904292399904388,0.823378155691318
1.94204274670305,0.993993183347973,1.94530779940051e-09,0.000630812000941542,0.549067014276509,0.905573794430819,0.824148112376824
1.94340609367895,0.993571450422099,1.94129888837582e-09,0.000628025528467666,0.544794463257026,0.906849241857385,0.824917462925133
1.94476944065484,0.993141375681274,1.93730235700374e-09,0.000625257474403395,0.540551909643382,0.90811867652678,0.825686199903133
1.94613278763074,0.992703486082562,1.933318154365e-09,0.000622507676813186,0.536339498665897,0.909382032794483,0.826454315859092
1.94749613460664,0.992258295252406,1.92934622980181e-09,0.000619775975536906,0.532157359231026,0.910639245035815,0.827221803322763
1.94885948158254,0.99180630364218,1.92538653291634e-09,0.00061706221216653,0.528005604463705,0.911890247653051,0.827988654805481
1.95022282855844,0.99134799868511,1.92143901356905e-09,0.000614366230023197,0.523884332240103,0.913134975082587,0.828754862800265
1.95158617553433,0.990883854963106,1.91750362187715e-09,0.000611687874134609,0.519793625710552,0.914373361802161,0.82952041978192
1.95294952251023,0.990414334403345,1.91358030821299e-09,0.000609026991212784,0.515733553812508,0.915605342338126,0.830285318207139
1.95431286948613,0.989939886414987,1.90966902320255e-09,0.000606383429632136,0.511704171773371,0.916830851272782,0.831049550514611
1.95567621646203,0.989460948105538,1.9057697177238e-09,0.000603757039407896,0.507705521603072,0.918049823251745,0.831813109125125
1.95703956343793,0.988977944448592,1.90188234290524e-09,0.000601147672174851,0.503737632576306,0.919262192991376,0.832575986441677
1.95840291041382,0.988491288470804,1.89800685012433e-09,0.000598555181166413,0.49980052170436,0.920467895286258,0.833338174849581
1.95976625738972,0.988001381435362,1.89414319100596e-09,0.000595979421193988,0.495894194196475,0.921666865016715,0.834099666716576
1.96112960436562,0.987508613050734,1.89029131742097e-09,0.000593420248626676,0.492018643910724,0.922859037156376,0.834860454392937
1.96249295134152,0.987013361639397,1.88645118148463e-09,0.000590877521371256,0.488173853794385,0.924044346779794,0.835620530211593
1.96385629831742,0.986515994341363,1.88262273555517e-09,0.000588351098852478,0.484359796313831,0.925222729070095,0.836379886488231
1.96521964529332,0.98601686731508,1.87880593223228e-09,0.000585840841993651,0.480576433873957,0.926394119326677,0.83713851552142
1.96658299226921,0.985516325925333,1.87500072435564e-09,0.000583346613197517,0.476823719227186,0.927558452972945,0.837896409592723
1.96794633924511,0.985014704931965,1.87120706500351e-09,0.000580868276327409,0.473101595872107,0.928715665564089,0.838653560966814
1.96930968622101,0.984512328703073,1.86742490749122e-09,0.000578405696688689,0.469409998441824,0.929865692794897,0.8394099618916
1.97067303319691,0.984009511388393,1.86365420536978e-09,0.000575958741010462,0.465748853082093,0.931008470507605,0.840165604598335
1.97203638017281,0.983506557139452,1.85989491242443e-09,0.000573527277427556,0.462118077819329,0.932143934699781,0.84092048130175
1.9733997271487,0.983003760282977,1.85614698267324e-09,0.000571111175462773,0.458517582918617,0.933272021532244,0.841674584200168
1.9747630741246,0.982501405518657,1.85241037036569e-09,0.000568710306009395,0.454947271231794,0.934392667337012,0.842427905475631
1.9761264211005,0.981999768124879,1.84868502998128e-09,0.000566324541313953,0.451407038535776,0.93550580862528,0.843180437294026
1.9774897680764,0.98149911414246,1.84497091622814e-09,0.00056395375495924,0.447896773861212,0.936611382095433,0.84393217180521
1.9788531150523,0.98099970055468,1.84126798404167e-09,0.000561597821847581,0.444416359811639,0.937709324641076,0.844683101143139
1.98021646202819,0.980501775501713,1.83757618858314e-09,0.000559256618184342,0.440965672873245,0.938799573359099,0.845433217425996
1.98157980900409,0.980005578436745,1.83389548523836e-09,0.000556930021461677,0.43754458371543,0.939882065557755,0.846182512756321
1.98294315597999,0.979511340348195,1.83022582961634e-09,0.000554617910442516,0.434152957482268,0.940956738764772,0.846930979221144
1.98430650295589,0.97901928390804,1.8265671775479e-09,0.000552320165144783,0.430790654075077,0.942023530735477,0.847678608892118
1.98566984993179,0.978529623684095,1.82291948508443e-09,0.00055003666682584,0.427457528426221,0.943082379460939,0.848425393825652
1.98703319690769,0.97804256630161,1.81928270849645e-09,0.000547767297967157,0.424153430764319,0.944133223176135,0.849171326063049
1.98839654388358,0.977558310630759,1.81565680427243e-09,0.000545511942259205,0.420878206871042,0.945176000368125,0.849916397630638
1.98975989085948,0.977077047955869,1.81204172911739e-09,0.00054327048458656,0.417631698329638,0.94621064978424,0.850660600539917
1.99112323783538,0.976598962164415,1.80843743995164e-09,0.00054104281101323,0.414413742765385,0.94723711044029,0.851403926787692
1.99248658481128,0.976124229905217,1.80484389390951e-09,0.000538828808768182,0.411224174078118,0.948255321628769,0.852146368356214
1.99384993178718,0.975653020754439,1.80126104833808e-09,0.000536628366231082,0.408062822667021,0.949265222927079,0.852887917213325
1.99521327876307,0.975185497401414,1.79768886079586e-09,0.000534441372918234,0.404929515647846,0.950266754205755,0.853628565312601
1.99657662573897,0.974721815794868,1.7941272890516e-09,0.000532267719468726,0.401824077062735,0.951259855636695,0.854368304593492
1.99793997271487,0.974262125316516,1.79057629108302e-09,0.000530107297630763,0.398746328082815,0.952244467701391,0.855107126981476
1.99930331969077,0.973806568941962,1.78703582507554e-09,0.000527960000248201,0.395696087203752,0.953220531199161,0.855845024388198
2.00066666666667,0.973355283380672,1.78350584942109e-09,0.00052582572124727,0.392673170434404,0.954187987255385,0.856581988711624
2.00203001364256,0.972908399260369,1.77998632271686e-09,0.000523704355623479,0.389677391478784,0.955146777329727,0.857318011836191
2.00339336061846,0.972466041246421,1.7764772037641e-09,0.000521595799428715,0.386708561911469,0.956096843224361,0.858053085632953
2.00475670759436,0.972028328222409,1.77297845156693e-09,0.000519499949758515,0.383766491346643,0.957038127092184,0.858787201959739
2.00612005457026,0.971595373404408,1.7694900253311e-09,0.000517416704739517,0.380850987600921,0.957970571445023,0.859520352661304
2.00748340154616,0.971167284532024,1.76601188446282e-09,0.000515345963517094,0.377961856850151,0.958894119161829,0.860252529569485
2.00884674852206,0.970744163949769,1.76254398856761e-09,0.000513287626243153,0.37509890378031,0.959808713496856,0.860983724503357
2.01021009549795,0.970326108801562,1.75908629744909e-09,0.000511241594064106,0.372261931732702,0.96071429808783,0.861713929269391
2.01157344247385,0.969913211134297,1.75563877110781e-09,0.000509207769109009,0.36945074284358,0.961610816964097,0.862443135661611
2.01293678944975,0.969505558046497,1.75220136974013e-09,0.00050718605447787,0.366665138178371,0.962498214554747,0.863171335461759
2.01430013642565,0.969103231815429,1.74877405373704e-09,0.000505176354230109,0.363904917860641,0.96337643569673,0.863898520439451
2.01566348340155,0.968706310020325,1.74535678368304e-09,0.000503178573373188,0.361169881195966,0.964245425642931,0.864624682352343
2.01702683037744,0.968314865684036,1.74194952035498e-09,0.000501192617851388,0.358459826790842,0.965105130070234,0.865349812946295
2.01839017735334,0.96792896737723,1.73855222472096e-09,0.000499218394534753,0.355774552666794,0.965955495087551,0.866073903955535
2.01975352432924,0.967548679365097,1.7351648579392e-09,0.000497255811208173,0.353113856369821,0.966796467243824,0.866796947102828
2.02111687130514,0.967174061695065,1.73178738135693e-09,0.000495304776560625,0.350477535075312,0.967627993535993,0.867518934099641
2.02248021828104,0.966805170347334,1.72841975650931e-09,0.000493365200174561,0.347865385688579,0.968450021416931,0.868239856646316
2.02384356525693,0.966442057319716,1.72506194511828e-09,0.000491436992515434,0.345277204941138,0.969262498803348,0.868959706432236
2.02520691223283,0.96608477074972,1.72171390909154e-09,0.000489520064921376,0.34271278948287,0.970065374083644,0.869678475136002
2.02657025920873,0.965733355032966,1.71837561052141e-09,0.000487614329593013,0.340171935970194,0.970858596125738,0.870396154425602
2.02793360618463,0.965387850925785,1.71504701168381e-09,0.000485719699583414,0.337654441150374,0.971642114284844,0.871112735958586
2.02929695316053,0.965048295631334,1.71172807503714e-09,0.000483836088788184,0.335160101942079,0.972415878411205,0.871828211382246
2.03066030013643,0.964714722938611,1.70841876322127e-09,0.000481963411935685,0.332688715512336,0.973179838857782,0.872542572333786
2.03202364711232,0.964387163280556,1.70511903905645e-09,0.000480101584577394,0.33024007934997,0.973933946487894,0.873255810440506
2.03338699408822,0.964065643869037,1.70182886554232e-09,0.000478250523078384,0.327813991335659,0.974678152682805,0.873967917319979
2.03475034106412,0.963750188760302,1.69854820585679e-09,0.000476410144607942,0.325410249808715,0.975412409349265,0.874678884580232
2.03611368804002,0.963440818979381,1.69527702335508e-09,0.000474580367130307,0.323028653630696,0.976136668926985,0.875388703819928
2.03747703501592,0.963137552576938,1.69201528156867e-09,0.000472761109395531,0.320669002245963,0.976850884396069,0.876097366628551
2.03884038199181,0.962840404751636,1.6887629442043e-09,0.000470952290930471,0.318331095739274,0.977555009284373,0.876804864586588
2.04020372896771,0.962549387911708,1.68551997514292e-09,0.000469153832029889,0.31601473489053,0.978248997674814,0.877511189265715
2.04156707594361,0.962264511772462,1.68228633843873e-09,0.000467365653747679,0.313719721226759,0.978932804212609,0.878216332228987
2.04293042291951,0.96198578344567,1.67906199831817e-09,0.000465587677888213,0.311445857071448,0.979606384112454,0.878920285031024
2.04429376989541,0.961713207498625,1.67584691917892e-09,0.00046381982699779,0.309192945591291,0.98026969316563,0.8796230392182
2.0456571168713,0.961446786061231,1.67264106558894e-09,0.000462062024356213,0.306960790840481,0.980922687747046,0.880324586328834
2.0470204638472,0.961186518885304,1.66944440228546e-09,0.000460314193968463,0.304749197802594,0.981565324822206,0.881024917893386
2.0483838108231,0.960932403422723,1.66625689417404e-09,0.000458576260556498,0.302557972430185,0.982197561954105,0.881724025434644
2.049747157799,0.96068443490711,1.6630785063276e-09,0.000456848149551148,0.300386921682151,0.982819357310049,0.882421900467924
2.0511105047749,0.960442606414458,1.65990920398546e-09,0.00045512978708412,0.298235853558969,0.983430669668397,0.883118534501262
2.0524738517508,0.96020690894105,1.65674895255238e-09,0.000453421099980112,0.296104577135853,0.984031458425228,0.883813919035612
2.05383719872669,0.95997733147357,1.65359771759764e-09,0.000451722015749026,0.293992902593951,0.984621683600918,0.884508045565046
2.05520054570259,0.959753861056536,1.65045546485406e-09,0.000450032462578283,0.291900641249606,0.985201305846645,0.885200905576952
2.05656389267849,0.959536482841098,1.64732216021714e-09,0.000448352369325242,0.289827605581801,0.9857702864508,0.885892490552231
2.05792723965439,0.959325180173482,1.64419776974405e-09,0.000446681665509712,0.28777360925781,0.986328587345314,0.886582791965509
2.05929058663029,0.959119934647596,1.64108225965277e-09,0.000445020281306569,0.28573846715717,0.9868761711119,0.887271801285327
2.06065393360618,0.95892072615001,1.63797559632116e-09,0.00044336814753846,0.283721995394001,0.987413000988195,0.887959509974355
2.06201728058208,0.958727532946501,1.63487774628604e-09,0.000441725195668609,0.281724011337753,0.987939040873822,0.888645909489593
2.06338062755798,0.958540331724774,1.63178867624231e-09,0.000440091357793714,0.279744333632446,0.988454255336345,0.88933099128258
2.06474397453388,0.958359097639174,1.62870835304204e-09,0.000438466566636929,0.277782782214451,0.988958609617138,0.890014746799599
2.06610732150978,0.958183804391564,1.6256367436936e-09,0.00043685075554095,0.275839178328882,0.989452069637147,0.890697167481888
2.06747066848568,0.958014424267787,1.62257381536073e-09,0.00043524385846118,0.273913344544638,0.989934602002561,0.89137824476585
2.06883401546157,0.957850928192305,1.61951953536172e-09,0.00043364580995898,0.272005104768169,0.990406174010378,0.892057970083262
2.07019736243747,0.957693285775691,1.61647387116851e-09,0.000432056545195014,0.270114284255996,0.990866753653862,0.89273633486149
2.07156070941337,0.957541465376572,1.61343679040583e-09,0.000430475999922678,0.268240709626059,0.991316309627907,0.893413330523704
2.07292405638927,0.957395434144375,1.61040826085032e-09,0.000428904110481605,0.266384208867921,0.991754811334282,0.894088948489088
2.07428740336517,0.957255158045215,1.6073882504297e-09,0.000427340813791262,0.264544611351889,0.992182228886778,0.894763180173059
2.07565075034106,0.957120601946863,1.60437672722192e-09,0.000425786047344625,0.262721747837087,0.992598533116241,0.895436016987484
2.07701409731696,0.95699172963454,1.60137365945431e-09,0.000424239749201933,0.260915450478538,0.993003695575491,0.896107450340897
2.07837744429286,0.956868503855538,1.59837901550272e-09,0.000422701857984524,0.259125552833282,0.993397688544134,0.896777471638719
2.07974079126876,0.956750886377216,1.59539276389073e-09,0.000421172312868744,0.257351889865586,0.993780485033256,0.89744607228348
2.08110413824466,0.95663883802174,1.5924148732888e-09,0.000419651053579942,0.255594297951272,0.99415205879,0.898113243675037
2.08246748522055,0.956532318698632,1.58944531251343e-09,0.000418138020386528,0.253852614881213,0.994512384302033,0.898778977210798
2.08383083219645,0.956431287444327,1.58648405052638e-09,0.00041663315409412,0.25212667986403,0.994861436801882,0.899443264285947
2.08519417917235,0.956335702477823,1.58353105643385e-09,0.000415136396039753,0.250416333528019,0.995199192271164,0.900106096293668
2.08655752614825,0.956245521213336,1.58058629948564e-09,0.000413647688086167,0.248721417922354,0.995525627444682,0.90076746462537
2.08792087312415,0.956160700316195,1.5776497490744e-09,0.000412166972616163,0.247041776517588,0.995840719814412,0.901427360670916
2.08928422010005,0.956081195730049,1.5747213747348e-09,0.000410694192527032,0.2453772542055,0.996144447633349,0.902085775818848
2.09064756707594,0.956006962701095,1.57180114614276e-09,0.000409229291225055,0.243727697298292,0.996436789919244,0.902742701456619
2.09201091405184,0.95593795583579,1.56888903311463e-09,0.000407772212620064,0.242092953527202,0.996717726458208,0.903398128970821
2.09337426102774,0.955874129109086,1.56598500560647e-09,0.000406322901120081,0.240472872040522,0.996987237808183,0.904052049747418
2.09473760800364,0.955815435912299,1.56308903371321e-09,0.000404881301626013,0.238867303401088,0.997245305302299,0.904704455171977
2.09610095497954,0.955761829074052,1.56020108766793e-09,0.000403447359526423,0.237276099583235,0.997491911052083,0.9053553366299
2.09746430195543,0.955713260895496,1.55732113784107e-09,0.00040202102069236,0.235699113969265,0.997727037950552,0.906004685506661
2.09882764893133,0.955669683175337,1.55444915473968e-09,0.000400602231472249,0.234136201345443,0.997950669675172,0.90665249318804
2.10019099590723,0.955631047243956,1.55158510900665e-09,0.000399190938686852,0.232587217897549,0.998162790690674,0.90729875106036
2.10155434288313,0.955597303991447,1.54872897141997e-09,0.000397787089624289,0.231052021206,0.99836338625175,0.907943450510721
2.10291768985903,0.955568403878309,1.545880712892e-09,0.000396390632035113,0.229530470240584,0.998552442405608,0.908586582927243
2.10428103683492,0.955544296990622,1.54304030446871e-09,0.000395001514127459,0.228022425354803,0.998729945994389,0.909228139699301
2.10564438381082,0.955524933033287,1.54020771732893e-09,0.000393619684562234,0.226527748279857,0.998895884657456,0.909868112217769
2.10700773078672,0.955510261386425,1.53738292278366e-09,0.000392245092448386,0.225046302118304,0.99905024683354,0.910506491875259
2.10837107776262,0.955500231099262,1.53456589227532e-09,0.000390877687338215,0.223577951337375,0.99919302176275,0.911143270066361
2.10973442473852,0.955494790936482,1.53175659737701e-09,0.000389517419222747,0.222122561762013,0.999324199488446,0.911778438187892
2.11109777171442,0.955493889392319,1.52895500979184e-09,0.000388164238527167,0.220680000567603,0.999443770858974,0.912411987639133
2.11246111869031,0.95549747470862,1.52616110135215e-09,0.000386818096106301,0.219250136272457,0.999551727529257,0.91304390982208
2.11382446566621,0.955505494906631,1.52337484401889e-09,0.000385478943240157,0.21783283873003,0.999648061962255,0.913674196141685
2.11518781264211,0.955517897804473,1.52059620988082e-09,0.000384146731629523,0.216427979120909,0.999732767430273,0.914302838006105
2.11655115961801,0.955534631019732,1.5178251711539e-09,0.000382821413391608,0.21503542994458,0.999805838016143,0.914929826826952
2.11791450659391,0.955555642021904,1.51506170018054e-09,0.000381502941055743,0.213655065010983,0.999867268614249,0.915555154019535
2.1192778535698,0.955580878127154,1.51230576942891e-09,0.000380191267559138,0.212286759431884,0.999917054931424,0.916178811003115
2.1206412005457,0.955610286524794,1.50955735149228e-09,0.000378886346242676,0.210930389612061,0.999955193487698,0.916800789201154
2.1220045475216,0.9556438143037,1.50681641908833e-09,0.000377588130846772,0.209585833240319,0.999981681616905,0.917421080041565
2.1233678944975,0.955681408444489,1.50408294505847e-09,0.000376296575507272,0.208252969280362,0.99999651746715,0.918039674956963
2.1247312414734,0.955723015874862,1.50135690236717e-09,0.000375011634751405,0.206931677961512,0.999999700001135,0.918656565384922
2.1260945884493,0.955768583442119,1.49863826410128e-09,0.000373733263493783,0.205621840769298,0.999991228996334,0.919271742768224
2.12745793542519,0.955818057977043,1.49592700346937e-09,0.000372461417032448,0.204323340435929,0.99997110504504,0.919885198555113
2.12882128240109,0.955871386271849,1.4932230938011e-09,0.000371196051044964,0.20303606093065,0.999939329554253,0.920496924199557
2.13018462937699,0.955928515107486,1.4905265085465e-09,0.000369937121584561,0.201759887449999,0.999895904745443,0.921106911161496
2.13154797635289,0.955989391278501,1.48783722127541e-09,0.000368684585076318,0.200494706407978,0.999840833654153,0.921715150907101
2.13291132332879,0.956053961592901,1.48515520567672e-09,0.000367438398313398,0.199240405426128,0.999774120129475,0.922321634909036
2.13427467030468,0.956122172900292,1.48248043555783e-09,0.000366198518453317,0.197996873323545,0.999695768833374,0.922926354646709
2.13563801728058,0.956193972088847,1.47981288484395e-09,0.000364964903014271,0.196764000106823,0.999605785239877,0.923529301606537
2.13700136425648,0.956269306116016,1.47715252757748e-09,0.000363737509871494,0.195541676959939,0.999504175634114,0.924130467282204
2.13836471123238,0.956348122001631,1.47449933791738e-09,0.000362516297253665,0.194329796234089,0.999390947111222,0.924729843174918
2.13972805820828,0.956430366868767,1.47185329013855e-09,0.000361301223739358,0.193128251437483,0.999266107575109,0.925327420793677
2.14109140518417,0.956515987928125,1.46921435863118e-09,0.000360092248253526,0.191936937225098,0.999129665737072,0.925923191655529
2.14245475216007,0.95660493249654,1.46658251790017e-09,0.000358889330064038,0.190755749388411,0.998981631114282,0.926517147285834
2.14381809913597,0.956697148024995,1.46395774256448e-09,0.000357692428778242,0.189584584845099,0.998822014028128,0.927109279218527
2.14518144611187,0.956792582091509,1.46134000735654e-09,0.000356501504339584,0.188423341628731,0.998650825602413,0.927699578996382
2.14654479308777,0.956891182411327,1.45872928712162e-09,0.000355316517024252,0.187271918878439,0.998468077761425,0.928288038171279
2.14790814006367,0.956992896870237,1.45612555681724e-09,0.000354137427437868,0.18613021682859,0.998273783227863,0.928874648304466
2.14927148703956,0.95709767350014,1.45352879151259e-09,0.000352964196512213,0.184998136798456,0.998067955520626,0.929459400966825
2.15063483401546,0.957205460520813,1.45093896638788e-09,0.000351796785501998,0.183875581181887,0.997850608952467,0.930042287739139
2.15199818099136,0.957316206326041,1.4483560567338e-09,0.000350635155981656,0.182762453436992,0.99762175862751,0.930623300212362
2.15336152796726,0.957429859508148,1.4457800379509e-09,0.000349479269842194,0.181658658075835,0.997381420438635,0.93120242998788
2.15472487494316,0.95754636886081,1.44321088554902e-09,0.000348329089288059,0.180564100654148,0.997129611064725,0.931779668677785
2.15608822191905,0.95766568338597,1.44064857514669e-09,0.000347184576834055,0.179478687761066,0.996866347967785,0.93235500790514
2.15745156889495,0.957787752305961,1.43809308247056e-09,0.000346045695302289,0.178402327008888,0.996591649389923,0.932928439304251
2.15881491587085,0.957912525067657,1.43554438335486e-09,0.000344912407819152,0.177334927022862,0.996305534350204,0.933499954520934
2.16017826284675,0.958039951354707,1.43300245374075e-09,0.000343784677812337,0.176276397431014,0.996008022641374,0.934069545212787
2.16154160982265,0.958169981094033,1.43046726967584e-09,0.00034266246900789,0.175226648853998,0.995699134826451,0.934637203049462
2.16290495679854,0.958302564461095,1.42793880731355e-09,0.000341545745427294,0.174185592894999,0.99537889223519,0.93520291971293
2.16426830377444,0.958437651884116,1.4254170429126e-09,0.000340434471384585,0.173153142129667,0.995047316960426,0.935766686897763
2.16563165075034,0.958575194056663,1.42290195283644e-09,0.000339328611483504,0.172129210096102,0.99470443185428,0.936328496311396
2.16699499772624,0.958715141953069,1.42039351355269e-09,0.000338228130614681,0.171113711284884,0.994350260524254,0.936888339674406
2.16835834470214,0.958857446808665,1.41789170163259e-09,0.000337132993952845,0.170106561129152,0.993984827329191,0.937446208720781
2.16972169167804,0.959002060143063,1.41539649375046e-09,0.000336043166954076,0.169107675994737,0.993608157375119,0.938002095198198
2.17108503865393,0.959148933777618,1.41290786668313e-09,0.000334958615353078,0.168116973170349,0.993220276510976,0.938555990868292
2.17244838562983,0.959298019816321,1.41042579730944e-09,0.000333879305160486,0.167134370857817,0.992821211324206,0.939107887506934
2.17381173260573,0.959449270663495,1.40795026260969e-09,0.000332805202660208,0.16615978816239,0.992410989136254,0.939657776904503
2.17517507958163,0.959602639033381,1.40548123966508e-09,0.000331736274406792,0.1651931450831,0.991989637997923,0.940205650866163
2.17653842655753,0.959758077949222,1.40301870565722e-09,0.000330672487222821,0.164234362503179,0.991557186684637,0.940751501212137
2.17790177353342,0.959915540739357,1.40056263786757e-09,0.000329613808196341,0.163283362180552,0.991113664691573,0.941295319777982
2.17926512050932,0.960074981071937,1.39811301367693e-09,0.000328560204678318,0.162340066738378,0.990659102228692,0.941837098414866
2.18062846748522,0.960236352920839,1.39566981056492e-09,0.000327511644280121,0.161404399655673,0.990193530215657,0.942376828989845
2.18199181446112,0.960399610598087,1.39323300610945e-09,0.000326468094871032,0.16047628525799,0.989716980276639,0.942914503386139
2.18335516143702,0.960564708748388,1.39080257798624e-09,0.000325429524575788,0.159555648708171,0.989229484735015,0.943450113503407
2.18471850841292,0.960731602347536,1.38837850396826e-09,0.000324395901772149,0.158642415997169,0.988731076607968,0.943983651258026
2.18608185538881,0.960900246715277,1.38596076192525e-09,0.000323367195088489,0.15773651393494,0.988221789600975,0.944515108583367
2.18744520236471,0.961070597519833,1.38354932982321e-09,0.000322343373401415,0.156837870141406,0.987701658102194,0.945044477430075
2.18880854934061,0.961242610772405,1.38114418572393e-09,0.000321324405833421,0.15594641303749,0.987170717176754,0.945571749766342
2.19017189631651,0.961416242831448,1.37874530778441e-09,0.000320310261750555,0.155062071836223,0.986629002560943,0.946096917578191
2.19153524329241,0.961591450421981,1.37635267425645e-09,0.000319300910760117,0.154184776533933,0.986076550656298,0.946619972869747
2.1928985902683,0.9617681906127,1.37396626348611e-09,0.000318296322708389,0.153314457901493,0.985513398523602,0.947140907663523
2.1942619372442,0.961946420841879,1.37158605391323e-09,0.000317296467678376,0.152451047475659,0.984939583876788,0.947659714000691
2.1956252842201,0.962126098908944,1.36921202407095e-09,0.000316301315987586,0.151594477550471,0.984355145076749,0.948176383941366
2.196988631196,0.962307182976516,1.3668441525852e-09,0.000315310838185823,0.150744681168743,0.983760121125057,0.94869090956488
2.1983519781719,0.962489631576477,1.36448241817427e-09,0.000314325005053015,0.149901592113615,0.983154551657598,0.949203282970065
2.19971532514779,0.962673403609091,1.36212679964829e-09,0.000313343787597053,0.149065144900192,0.982538476938119,0.949713496275529
2.20107867212369,0.96285845835091,1.35977727590874e-09,0.000312367157051664,0.148235274767255,0.98191193785169,0.950221541619936
2.20244201909959,0.963044755453332,1.35743382594805e-09,0.000311395084874304,0.147411917669049,0.981274975898084,0.950727411162284
2.20380536607549,0.963232254939841,1.35509642884904e-09,0.000310427542744074,0.146595010267152,0.980627633185078,0.951231097082183
2.20516871305139,0.963420917218584,1.35276506378452e-09,0.000309464502559652,0.145784489922412,0.979969952421675,0.951732591580137
2.20653206002729,0.963610703065816,1.3504397100168e-09,0.000308505936437263,0.144980294686975,0.979301976911248,0.95223188687782
2.20789540700318,0.963801573651502,1.34812034689724e-09,0.000307551816708652,0.144182363296375,0.978623750544611,0.952728975218357
2.20925875397908,0.963993490525728,1.34580695386576e-09,0.000306602115919098,0.143390635161718,0.977935317793022,0.953223848866599
2.21062210095498,0.964186415618728,1.34349951045042e-09,0.000305656806825428,0.142605050361922,0.977236723701103,0.953716500109407
2.21198544793088,0.964380311250998,1.34119799626696e-09,0.000304715862394075,0.141825549636059,0.976528013879711,0.954206921255926
2.21334879490678,0.964575140126433,1.33890239101835e-09,0.00030377925579914,0.141052074375753,0.975809234498719,0.954695104637868
2.21471214188267,0.964770865336552,1.33661267449431e-09,0.000302846960420482,0.140284566617664,0.975080432279759,0.955181042609786
2.21607548885857,0.964967450365179,1.33432882657093e-09,0.000301918949841828,0.139522969036053,0.974341654488877,0.955664727549354
2.21743883583447,0.965164859076868,1.33205082721016e-09,0.000300995197848902,0.138767224935412,0.97359294892915,0.956146151857648
2.21880218281037,0.965363055739318,1.32977865645941e-09,0.000300075678427574,0.138017278243179,0.972834363933229,0.956625307959419
2.22016552978627,0.965562004997162,1.32751229445111e-09,0.00029916036576203,0.137273073502528,0.972065948355836,0.957102188303374
2.22152887676216,0.965761671890979,1.32525172140226e-09,0.00029824923423296,0.136534555865232,0.971287751566202,0.957576785362455
2.22289222373806,0.965962021858896,1.32299691761401e-09,0.000297342258415768,0.1358016710846,0.970499823440452,0.958049091634113
2.22425557071396,0.966163020725314,1.32074786347123e-09,0.000296439413078795,0.135074365508498,0.96970221435395,0.958519099640586
2.22561891768986,0.966364634696397,1.31850453944209e-09,0.000295540673181569,0.134352586072431,0.968894975173583,0.958986801929178
2.22698226466576,0.966566830393552,1.31626692607762e-09,0.000294646013873069,0.133636280292711,0.968078157250008,0.959452191072534
2.22834561164166,0.96676957481345,1.31403500401129e-09,0.000293755410490003,0.132925396259694,0.967251812409855,0.959915259668916
2.22970895861755,0.966972835342095,1.31180875395861e-09,0.000292868838555115,0.13221988263109,0.966415992947885,0.960376000342481
2.23107230559345,0.967176579768079,1.3095881567167e-09,0.000291986273775502,0.131519688625348,0.965570751619113,0.960834405743556
2.23243565256935,0.96738077627158,1.30737319316385e-09,0.000291107692040946,0.130824764015112,0.964716141630891,0.961290468548912
2.23379899954525,0.967585393408547,1.30516384425918e-09,0.000290233069422277,0.130135059120751,0.963852216634956,0.961744181462039
2.23516234652115,0.967790400146435,1.30296009104215e-09,0.000289362382169735,0.129450524803957,0.962979030719449,0.962195537213426
2.23652569349704,0.96799576582906,1.30076191463221e-09,0.000288495606711363,0.128771112461421,0.962096638400897,0.962644528560826
2.23788904047294,0.968201460196007,1.29856929622836e-09,0.000287632719651413,0.128096774018574,0.961205094616172,0.96309114828954
2.23925238744884,0.968407453371808,1.29638221710877e-09,0.000286773697768766,0.127427461923397,0.960304454714417,0.963535389212683
2.24061573442474,0.968613715876734,1.29420065863037e-09,0.00028591851801537,0.126763129140309,0.959394774448958,0.963977244171459
2.24197908140064,0.968820218611546,1.29202460222846e-09,0.000285067157514695,0.126103729144115,0.958476109969177,0.964416706035436
2.24334242837653,0.969026932870175,1.2898540294163e-09,0.000284219593560206,0.125449215914027,0.957548517812384,0.964853767702817
2.24470577535243,0.969233830327758,1.28768892178475e-09,0.000283375803613846,0.124799543927755,0.956612054895653,0.965288422100708
2.24606912232833,0.969440883044555,1.28552926100184e-09,0.000282535765304541,0.124154668155658,0.955666778507652,0.965720662185394
2.24743246930423,0.969648063471984,1.2833750288124e-09,0.000281699456426714,0.123514544054976,0.954712746300458,0.966150480942607
2.24879581628013,0.969855344440215,1.28122620703767e-09,0.000280866854938825,0.122879127564112,0.953750016281352,0.966577871387798
2.25015916325603,0.970062699153822,1.27908277757495e-09,0.00028003793896191,0.122248375096991,0.952778646804614,0.967002826566402
2.25152251023192,0.970270101211219,1.27694472239714e-09,0.000279212686778153,0.121622243537481,0.9517986965633,0.967425339554112
2.25288585720782,0.970477524586845,1.27481202355246e-09,0.000278391076829459,0.121000690233878,0.950810224581022,0.967845403457146
2.25424920418372,0.970684943623432,1.27268466316399e-09,0.000277573087716046,0.120383672993458,0.949813290203713,0.968263011412509
2.25561255115962,0.970892333059712,1.27056262342934e-09,0.000276758698195055,0.119771150077088,0.948807953091398,0.968678156588271
2.25697589813552,0.971099667988809,1.26844588662026e-09,0.000275947887179172,0.119163080193907,0.947794273209963,0.969090832183819
2.25833924511141,0.971306923891549,1.2663344350823e-09,0.000275140633735258,0.118559422496061,0.946772310822918,0.969501031430138
2.25970259208731,0.971514076619864,1.26422825123437e-09,0.000274336917083003,0.117960136573506,0.945742126483175,0.969908747590064
2.26106593906321,0.971721102393299,1.26212731756848e-09,0.00027353671659359,0.11736518244887,0.944703781024819,0.970313973958552
2.26242928603911,0.971927977798451,1.26003161664927e-09,0.000272740011788368,0.116774520572377,0.943657335554897,0.970716703862942
2.26379263301501,0.972134679801112,1.25794113111373e-09,0.000271946782337544,0.11618811181683,0.942602851445206,0.971116930663219
2.2651559799909,0.97234118571652,1.25585584367078e-09,0.000271157008058887,0.115605917472655,0.9415403903241,0.971514647752273
2.2665193269668,0.972547473237244,1.25377573710095e-09,0.000270370668916445,0.115027899242997,0.940470014068302,0.971909848556167
2.2678826739427,0.972753520414056,1.25170079425602e-09,0.000269587745019273,0.114454019238889,0.939391784794734,0.972302526534388
2.2692460209186,0.972959305657238,1.24963099805866e-09,0.000268808216620177,0.113884239974464,0.938305764852367,0.972692675180115
2.2706093678945,0.973164807736533,1.24756633150207e-09,0.000268032064114469,0.113318524362229,0.937212016814077,0.973080288020472
2.2719727148704,0.973370005781229,1.24550677764964e-09,0.000267259268038734,0.112756835708401,0.936110603468532,0.973465358616788
2.27333606184629,0.973574879270062,1.24345231963461e-09,0.000266489809069613,0.112199137708291,0.935001587812098,0.973847880564854
2.27469940882219,0.973779408039071,1.2414029406597e-09,0.00026572366802259,0.11164539444175,0.93388503304076,0.974227847495178
2.27606275579809,0.973983572274189,1.23935862399681e-09,0.000264960825850803,0.111095570368664,0.932761002542074,0.97460525307324
2.27742610277399,0.974187352505784,1.23731935298664e-09,0.000264201263643857,0.110549630324505,0.931629559887149,0.974980090999747
2.27878944974989,0.974390729620288,1.23528511103834e-09,0.000263444962626651,0.110007539515941,0.930490768822646,0.975352355010888
2.28015279672578,0.974593684842058,1.23325588162924e-09,0.000262691904158222,0.109469263516492,0.929344693262815,0.97572203887858
2.28151614370168,0.974796199734441,1.23123164830443e-09,0.000261942069730596,0.10893476826224,0.928191397281558,0.976089136410726
2.28287949067758,0.974998256212461,1.22921239467649e-09,0.000261195440967649,0.108404020047595,0.927030945104527,0.976453641451462
2.28424283765348,0.975199836516173,1.22719810442511e-09,0.000260451999623981,0.107876985521107,0.925863401101257,0.976815547881404
2.28560618462938,0.975400923231946,1.22518876129682e-09,0.000259711727583807,0.107353631681332,0.924688829777329,0.977174849617902
2.28696953160527,0.975601499272211,1.22318434910461e-09,0.000258974606859849,0.106833925872749,0.923507295766574,0.977531540615282
2.28833287858117,0.975801547884148,1.2211848517276e-09,0.000258240619592242,0.106317835781722,0.922318863823317,0.977885614865093
2.28969622555707,0.976001052641737,1.21919025311077e-09,0.00025750974804746,0.105805329432517,0.921123598814654,0.978237066396352
2.29105957253297,0.976199997447018,1.21720053726458e-09,0.000256781974617239,0.105296375183364,0.919921565712781,0.97858588927579
2.29242291950887,0.97639836652686,1.21521568826469e-09,0.000256057281817518,0.104790941722566,0.918712829587349,0.978932077608091
2.29378626648477,0.976596144425631,1.21323569025162e-09,0.000255335652287389,0.10428899806466,0.917497455597882,0.979275625536136
2.29514961346066,0.976793316012435,1.21126052743043e-09,0.00025461706878806,0.10379051354662,0.916275508986222,0.979616527241241
2.29651296043656,0.976989866470138,1.20929018407044e-09,0.000253901514201824,0.10329545782411,0.915047055069038,0.979954776943399
2.29787630741246,0.977185781289778,1.20732464450485e-09,0.000253188971531041,0.10280380086778,0.913812159230364,0.980290368901514
2.29923965438836,0.977381046290592,1.2053638931305e-09,0.000252479423897125,0.102315512959609,0.912570886914201,0.980623297413643
2.30060300136426,0.977575647582472,1.20340791440752e-09,0.000251772854539551,0.101830564689291,0.911323303617163,0.980953556817224
2.30196634834015,0.977769571594592,1.20145669285903e-09,0.00025106924681486,0.10134892695067,0.910069474881171,0.981281141489319
2.30332969531605,0.977962805051871,1.19951021307084e-09,0.000250368584195683,0.100870570938212,0.908809466286205,0.981606045846838
2.30469304229195,0.978155334988175,1.19756845969113e-09,0.00024967085026977,0.100395468143527,0.907543343443109,0.981928264346778
2.30605638926785,0.978347148730063,1.19563141743017e-09,0.000248976028739026,0.0999235903519242,0.906271171986442,0.982247791486447
2.30741973624375,0.978538233908118,1.19369907106001e-09,0.000248284103418565,0.0994549096390222,0.904993017567399,0.982564621803697
2.30878308321965,0.978728578438066,1.19177140541415e-09,0.000247595058235763,0.0989893983673899,0.903708945846777,0.982878749877152
2.31014643019554,0.978918170529477,1.18984840538731e-09,0.000246908877229329,0.0985270291832342,0.902419022488,0.98319017032643
2.31150977717144,0.979106998686065,1.18793005593507e-09,0.000246225544548374,0.0980677750131265,0.901123313150209,0.983498877812371
2.31287312414734,0.979295051690546,1.1860163420736e-09,0.000245545044451507,0.0976116090607704,0.899821883481405,0.983804867037261
2.31423647112324,0.979482318607151,1.18410724887938e-09,0.000244867361305919,0.0971585048038082,0.898514799111656,0.984108132745051
2.31559981809914,0.979668788787987,1.18220276148888e-09,0.000244192479586488,0.0967084359906673,0.897202125646364,0.984408669721579
2.31696316507503,0.979854451864422,1.1803028650983e-09,0.000243520383874894,0.0962613766374448,0.89588392865959,0.984706472794791
2.31832651205093,0.980039297729752,1.17840754496327e-09,0.000242851058858734,0.0958173010248311,0.894560273687456,0.985001536834957
2.31968985902683,0.980223316565365,1.17651678639855e-09,0.000242184489330651,0.0953761836950709,0.893231226221589,0.985293856754883
2.32105320600273,0.980406498807909,1.17463057477778e-09,0.000241520660187473,0.0949379994489615,0.891896851702651,0.985583427510136
2.32241655297863,0.980588835173151,1.17274889553315e-09,0.000240859556429356,0.094502723342888,0.89055721551392,0.985870244099245
2.32377989995452,0.980770316636013,1.17087173415517e-09,0.000240201163158935,0.0940703306858955,0.889212382974944,0.986154301563922
2.32514324693042,0.980950934428755,1.16899907619235e-09,0.000239545465580489,0.0936407970367968,0.887862419335259,0.986435594989266
2.32650659390632,0.98113068005564,1.16713090725095e-09,0.000238892448999107,0.0932140982013157,0.886507389768175,0.986714119503977
2.32786994088222,0.981309545262355,1.16526721299467e-09,0.000238242098819867,0.0927902102292656,0.88514735936463,0.986989870280556
2.32923328785812,0.981487522050551,1.16340797914441e-09,0.000237594400547018,0.0923691094117625,0.883782393127112,0.987262842535517
2.33059663483402,0.981664602683284,1.16155319147797e-09,0.000236949339783177,0.0919507722784729,0.882412555963655,0.987533031529585
2.33195998180991,0.981840779661471,1.15970283582982e-09,0.000236306902228522,0.091535175594895,0.881037912681894,0.987800432567903
2.33332332878581,0.982016045732097,1.15785689809077e-09,0.000235667073680009,0.0911222963596737,0.879658527983204,0.988065041000228
2.33468667576171,0.982190393886255,1.15601536420774e-09,0.000235029840030579,0.0907121118019474,0.878274466456896,0.988326852221135
2.33605002273761,0.982363817359726,1.15417822018347e-09,0.000234395187268385,0.0903045993787299,0.876885792574498,0.988585861670208
2.33741336971351,0.982536309616347,1.15234545207629e-09,0.000233763101476021,0.0898997367723219,0.875492570684095,0.988842064832238
2.3387767166894,0.982707864356197,1.15051704599982e-09,0.00023313356882976,0.089497501887756,0.874094865004753,0.989095457237418
2.3401400636653,0.982878475514177,1.14869298812272e-09,0.000232506575598797,0.0890978728502715,0.872692739621002,0.989346034461535
2.3415034106412,0.983048137258345,1.14687326466843e-09,0.0002318821081445,0.0887008280028226,0.871286258477406,0.989593792126156
2.3428667576171,0.983216843966906,1.1450578619149e-09,0.000231260152919671,0.0883063459036146,0.869875485373199,0.989838725898822
2.344230104593,0.98338459026044,1.14324676619436e-09,0.000230640696467811,0.087914405323672,0.868460483956991,0.99008083149323
2.34559345156889,0.983551370965204,1.14143996389302e-09,0.00023002372542239,0.0875249852444362,0.867041317721558,0.990320104669421
2.34695679854479,0.983717181132586,1.13963744145084e-09,0.000229409226506129,0.0871380648553915,0.865618049998694,0.990556541233962
2.34832014552069,0.98388201602469,1.13783918536128e-09,0.000228797186530282,0.0867536235517224,0.864190743954151,0.990790137040126
2.34968349249659,0.98404587112282,1.13604518217103e-09,0.000228187592393935,0.0863716409319973,0.862759462582642,0.991020887988074
2.35104683947249,0.984208742113538,1.13425541847977e-09,0.000227580431083299,0.0859920967958823,0.861324268702923,0.991248790025032
2.35241018644839,0.984370624887833,1.13246988093993e-09,0.000226975689671018,0.0856149711418819,0.859885224952953,0.991473839145463
2.35377353342428,0.984531515542419,1.1306885562564e-09,0.000226373355315481,0.0852402441651083,0.858442393785123,0.991696031391247
2.35513688040018,0.984691410383995,1.12891143118634e-09,0.000225773415260141,0.0848678962550769,0.85699583746157,0.991915362851847
2.35650022737608,0.984850305903396,1.12713849253888e-09,0.00022517585683284,0.0844979079935301,0.855545618049552,0.992131829664483
2.35786357435198,0.985008198799592,1.12536972717491e-09,0.000224580667445138,0.0841302601522862,0.854091797416911,0.992345428014301
2.35922692132788,0.985165085957265,1.12360512200682e-09,0.000223987834591652,0.083764933691116,0.852634437227608,0.992556154134534
2.36059026830377,0.985320964458214,1.12184466399829e-09,0.000223397345849399,0.0834019097556446,0.851173598937333,0.992764004306672
2.36195361527967,0.985475831569739,1.12008834016399e-09,0.000222809188877146,0.0830411696752788,0.849709343789185,0.992968974860621
2.36331696225557,0.985629684743626,1.11833613756938e-09,0.000222223351414763,0.0826826949611603,0.848241732809439,0.993171062174864
2.36468030923147,0.985782521616348,1.11658804333048e-09,0.000221639821282586,0.0823264673041427,0.846770826803381,0.993370262676621
2.36604365620737,0.985934340000985,1.11484404461361e-09,0.000221058586380787,0.081972468572795,0.845296686351218,0.993566572842003
2.36740700318327,0.986085137894278,1.11310412863517e-09,0.000220479634688739,0.0816206808114279,0.843819371804067,0.993759989196167
2.36877035015916,0.986234913469029,1.11136828266138e-09,0.000219902954264405,0.0812710862381447,0.842338943280019,0.993950508313471
2.37013369713506,0.986383665061055,1.10963649400809e-09,0.000219328533243712,0.0809236672429157,0.840855460660274,0.994138126817621
2.37149704411096,0.986531391182198,1.10790875004051e-09,0.000218756359839949,0.0805784063856766,0.839368983585357,0.994322841381821
2.37286039108686,0.986678090514278,1.10618503817299e-09,0.000218186422343159,0.0802352863944493,0.837879571451407,0.994504648728919
2.37422373806276,0.986823761894928,1.10446534586881e-09,0.000217618709119541,0.0798942901634863,0.836387283406537,0.99468354563155
2.37558708503865,0.986968404340685,1.10274966063993e-09,0.000217053208610854,0.0795554007514362,0.834892178347273,0.994859528912283
2.37695043201455,0.987112017007015,1.10103797004676e-09,0.000216489909333833,0.0792186013795336,0.833394314915069,0.995032595443753
2.37831377899045,0.987254599224412,1.09933026169796e-09,0.000215928799879603,0.0788838754298093,0.83189375149289,0.995202742148806
2.37967712596635,0.987396150466173,1.09762652325018e-09,0.000215369868913104,0.0785512064433225,0.830390546201875,0.99536996600063
2.38104047294225,0.987536670369087,1.09592674240788e-09,0.000214813105172515,0.078220578118415,0.828884756898069,0.995534264022894
2.38240381991814,0.987676158706907,1.09423090692308e-09,0.00021425849746869,0.0778919743089856,0.827376441169234,0.995695633289875
2.38376716689404,0.987814615411762,1.09253900459513e-09,0.000213706034684596,0.0775653790227865,0.825865656331729,0.995854070926587
2.38513051386994,0.98795204055155,1.09085102327051e-09,0.000213155705774756,0.0772407764197395,0.824352459427461,0.996009574108913
2.38649386084584,0.988088434344581,1.08916695084263e-09,0.000212607499764694,0.0769181508102725,0.822836907220918,0.996162140063727
2.38785720782174,0.98822379714706,1.08748677525156e-09,0.000212061405750391,0.0765974866536764,0.821319056196261,0.996311766069015
2.38922055479764,0.988358129444537,1.08581048448386e-09,0.000211517412897743,0.0762787685564821,0.819798962554502,0.996458449454002
2.39058390177353,0.988491431876167,1.08413806657233e-09,0.000210975510442022,0.0759619812708561,0.818276682210742,0.996602187599263
2.39194724874943,0.988623705196592,1.08246950959585e-09,0.000210435687687347,0.0756471096930166,0.816752270791485,0.996742977936844
2.39331059572533,0.988754950299338,1.08080480167911e-09,0.000209897934006151,0.0753341388616673,0.815225783632024,0.996880817950377
2.39467394270123,0.988885168204152,1.07914393099242e-09,0.000209362238838662,0.0750230539564518,0.813697275773899,0.997015705175189
2.39603728967713,0.989014360057433,1.07748688575151e-09,0.000208828591692386,0.0747138402964247,0.812166801962415,0.997147637198411
2.39740063665302,0.989142527130436,1.0758336542173e-09,0.000208296982141588,0.0744064833385427,0.810634416644247,0.99727661165909
2.39876398362892,0.989269670812649,1.07418422469573e-09,0.000207767399826787,0.074100968676172,0.809100173965092,0.997402626248291
2.40012733060482,0.989395792612672,1.07253858553751e-09,0.000207239834454253,0.0737972820376157,0.807564127767413,0.9975256787092
2.40149067758072,0.989520894161442,1.07089672513793e-09,0.000206714275795502,0.0734954092846573,0.806026331588235,0.997645766837223
2.40285402455662,0.989644977201194,1.06925863193667e-09,0.000206190713686802,0.0731953364111219,0.804486838657014,0.997762888480091
2.40421737153251,0.989768043586324,1.06762429441756e-09,0.000205669138028686,0.0728970495414553,0.802945701893574,0.997877041537948
2.40558071850841,0.989890095279267,1.06599370110844e-09,0.000205149538785459,0.0726005349293189,0.80140297390611,0.997988223963451
2.40694406548431,0.990011134354793,1.06436684058089e-09,0.000204631905984719,0.0723057789562028,0.799858706989259,0.998096433761856
2.40830741246021,0.990131162988573,1.06274370145007e-09,0.000204116229716877,0.0720127681300542,0.798312953122236,0.998201668991113
2.40967075943611,0.990250183470118,1.06112427237451e-09,0.000203602500134685,0.071721489083923,0.796765763967031,0.99830392776195
2.41103410641201,0.990368198177226,1.05950854205591e-09,0.000203090707452762,0.0714319285746226,0.795217190866678,0.998403208237955
2.4123974533879,0.990485209597203,1.05789649923896e-09,0.000202580841947134,0.0711440734814077,0.793667284843585,0.998499508635665
2.4137608003638,0.990601220311843,1.05628813271111e-09,0.000202072893954767,0.0708579108046674,0.792116096597927,0.998592827224638
2.4151241473397,0.990716232997588,1.05468343130242e-09,0.000201566853873111,0.0705734276646335,0.790563676506103,0.998683162327537
2.4164874943156,0.990830250420835,1.0530823838853e-09,0.000201062712159647,0.0702906113001041,0.789010074619255,0.998770512320203
2.4178508412915,0.990943275448604,1.0514849793744e-09,0.000200560459331438,0.0700094490671833,0.787455340661851,0.998854875631725
2.41921418826739,0.991055311028626,1.04989120672636e-09,0.00020006008596468,0.0697299284380347,0.785899524030327,0.998936250744516
2.42057753524329,0.991166360203586,1.04830105493963e-09,0.000199561582694263,0.0694520369996499,0.784342673791792,0.999014636194375
2.42194088221919,0.99127642609167,1.0467145130543e-09,0.000199064940213332,0.0691757624526325,0.782784838682792,0.99909003057056
2.42330422919509,0.991385511904627,1.04513157015187e-09,0.000198570149272853,0.0689010926099947,0.781226067108134,0.999162432515845
2.42466757617099,0.991493620926379,1.04355221535512e-09,0.000198077200681181,0.06862801539597,0.779666407139768,0.999231840726582
2.42603092314689,0.991600756530729,1.04197643782788e-09,0.000197586085303635,0.0683565188448385,0.778105906515733,0.999298253952763
2.42739427012278,0.99170692216119,1.04040422677484e-09,0.000197096794062075,0.0680865910997669,0.776544612639153,0.999361670998076
2.42875761709868,0.991812121335734,1.0388355714414e-09,0.000196609317934481,0.0678182204116614,0.774982572577293,0.999422090719952
2.43012096407458,0.99191635765697,1.03727046111347e-09,0.000196123647954538,0.0675513951380349,0.773419833060677,0.999479512029626
2.43148431105048,0.992019634791152,1.03570888511727e-09,0.000195639775211226,0.0672861037418869,0.771856440482254,0.999533933892179
2.43284765802638,0.99212195647326,1.03415083281917e-09,0.000195157690848406,0.0670223347905969,0.770292440896628,0.999585355326589
2.43421100500227,0.992223326512113,1.0325962936255e-09,0.000194677386064421,0.0667600769548303,0.76872788001933,0.999633775405771
2.43557435197817,0.992323748780341,1.03104525698237e-09,0.000194198852111691,0.0664993190074577,0.76716280322616,0.999679193256622
2.43693769895407,0.992423227221108,1.02949771237549e-09,0.000193722080296313,0.0662400498224869,0.765597255552573,0.99972160806006
2.43830104592997,0.992521765831473,1.02795364933001e-09,0.000193247061977672,0.0659822583740063,0.764031281693115,0.999761019051059
2.43966439290587,0.992619368673724,1.02641305741031e-09,0.000192773788568043,0.0657259337351422,0.762464926000922,0.999797425518686
2.44102773988176,0.992716039874081,1.02487592621983e-09,0.000192302251532209,0.0654710650770268,0.76089823248726,0.999830826806131
2.44239108685766,0.992811783610774,1.02334224540093e-09,0.000191832442387072,0.0652176416677794,0.759331244821123,0.999861222310738
2.44375443383356,0.992906604124848,1.02181200463468e-09,0.000191364352701272,0.064965652871499,0.757764006328878,0.99988861148403
2.44511778080946,0.993000505707878,1.0202851936407e-09,0.000190897974094812,0.0647150881472683,0.756196559993961,0.999912993831737
2.44648112778536,0.99309349270391,1.01876180217697e-09,0.00019043329823868,0.0644659370481695,0.754628948456618,0.999934368913816
2.44784447476126,0.993185569512373,1.01724182003969e-09,0.000189970316854477,0.0642181892203119,0.753061214013702,0.999952736344471
2.44920782173715,0.993276740575691,1.01572523706308e-09,0.00018950902171405,0.0639718344018707,0.751493398618511,0.999968095792173
2.45057116871305,0.993367010402079,1.01421204311923e-09,0.000189049404639127,0.0637268624221359,0.749925543880678,0.99998044697967
2.45193451568895,0.99345638352165,1.01270222811792e-09,0.000188591457500952,0.0634832632005738,0.748357691066099,0.999989789684003
2.45329786266485,0.993544864525943,1.01119578200645e-09,0.000188135172219929,0.0632410267458981,0.746789881096918,0.999996123736516
2.45466120964075,0.993632458048244,1.00969269476948e-09,0.000187680540765262,0.0630001431551527,0.74522215455155,0.999999449022865
2.45602455661664,0.993719168763058,1.00819295642886e-09,0.000187227555154605,0.062760602612804,0.743654551664747,0.999999765483017
2.45738790359254,0.993805001386057,1.00669655704347e-09,0.000186776207453709,0.0625223953898446,0.742087112327716,0.999997073111259
2.45875125056844,0.993889960670361,1.00520348670904e-09,0.000186326489776079,0.062285511842907,0.740519876088268,0.999991371956197
2.46011459754434,0.993974051411522,1.003713735558e-09,0.000185878394282623,0.0620499424133873,0.738952882151022,0.999982662120751
2.46147794452024,0.994057278433895,1.00222729375932e-09,0.000185431913181316,0.0618156776265793,0.73738616937764,0.999970943762155
2.46284129149613,0.994139646610823,1.00074415151833e-09,0.00018498703872686,0.0615827080908183,0.735819776287112,0.999956217091944
2.46420463847203,0.994221160833157,9.99264299076588e-10,0.000184543763220346,0.0613510244966347,0.734253741056073,0.999938482375949
2.46556798544793,0.994301826033335,9.97787726711675e-10,0.000184102079008924,0.0611206176159176,0.732688101519169,0.999917739934285
2.46693133242383,0.994381647174771,9.96314424737082e-10,0.000183661978485469,0.0608914783010878,0.731122895169451,0.999893990141334
2.46829467939973,0.99446062925163,9.94844383502023e-10,0.000183223454088259,0.06066359748428,0.729558159158821,0.999867233425728
2.46965802637563,0.994538777278929,9.93377593391285e-10,0.000182786498300646,0.0604369661765345,0.7279939302985,0.999837470270334
2.47102137335152,0.994616096311998,9.91914044825071e-10,0.000182351103650734,0.0602115754669986,0.726430245059551,0.999804701212227
2.47238472032742,0.994692591420005,9.90453728258843e-10,0.000181917262711062,0.0599874165221364,0.724867139573419,0.999768926842667
2.47374806730332,0.994768267701548,9.88996634183166e-10,0.000181484968098287,0.0597644805849478,0.723304649632528,0.999730147807078
2.47511141427922,0.994843130279053,9.87542753123554e-10,0.000181054212472866,0.0595427589741967,0.721742810690892,0.999688364805008
2.47647476125512,0.99491718429971,9.86092075640314e-10,0.00018062498853875,0.0593222430836474,0.720181657864779,0.999643578590109
2.47783810823101,0.994990434926297,9.84644592328397e-10,0.000180197289043073,0.0591029243813104,0.718621225933395,0.999595789970093
2.47920145520691,0.995062887343479,9.83200293817241e-10,0.000179771106775844,0.058884794408696,0.717061549339612,0.999544999806706
2.48056480218281,0.99513454676046,9.81759170770621e-10,0.000179346434569645,0.0586678447800769,0.715502662190721,0.999491209015677
2.48192814915871,0.995205418396742,9.80321213886498e-10,0.00017892326529933,0.0584520671817587,0.713944598259221,0.999434418566689
2.48329149613461,0.995275507488746,9.78886413896871e-10,0.000178501591881724,0.0582374533713591,0.712387390983638,0.999374629483325
2.4846548431105,0.995344819295807,9.77454761567625e-10,0.000178081407275331,0.0580239951770949,0.710831073469377,0.999311842843029
2.4860181900864,0.995413359077971,9.76026247698383e-10,0.000177662704480034,0.0578116844970773,0.709275678489602,0.999246059777056
2.4873815370623,0.995481132123862,9.74600863122358e-10,0.000177245476536809,0.0576005132986146,0.707721238486145,0.999177281470416
2.4887448840382,0.995548143727953,9.73178598706207e-10,0.000176829716527433,0.0573904736175233,0.706167785570446,0.999105509161829
2.4901082310141,0.995614399192015,9.71759445349884e-10,0.000176415417574199,0.057181557557447,0.704615351524521,0.999030744143662
2.49147157799,0.995679903831021,9.70343393986496e-10,0.000176002572839629,0.0569737572891826,0.703063967801961,0.998952987761877
2.49283492496589,0.995744662972599,9.68930435582153e-10,0.000175591175526194,0.0567670650500137,0.701513665528946,0.998872241415963
2.49419827194179,0.995808681947683,9.67520561135833e-10,0.000175181218876035,0.0565614731430526,0.699964475505303,0.998788506558882
2.49556161891769,0.995871966096926,9.66113761679227e-10,0.000174772696170683,0.0563569739365886,0.698416428205579,0.998701784696996
2.49692496589359,0.995934520767426,9.64710028276608e-10,0.000174365600730787,0.0561535598634439,0.696869553780139,0.998612077390005
2.49828831286949,0.995996351306584,9.63309352024682e-10,0.000173959925915838,0.0559512234203371,0.695323882056296,0.998519386250872
2.49965165984538,0.996057463077411,9.61911724052448e-10,0.000173555665123898,0.0557499571672529,0.693779442539458,0.998423712945757
2.50101500682128,0.996117861434725,9.60517135521057e-10,0.000173152811791337,0.0555497537268201,0.692236264414304,0.998325059193934
2.50237835379718,0.996177551738015,9.59125577623677e-10,0.000172751359392558,0.0553506057836952,0.690694376545979,0.998223426767722
2.50374170077308,0.996236539357647,9.57737041585347e-10,0.000172351301439741,0.0551525060839537,0.689153807481316,0.998118817492401
2.50510504774898,0.99629482965835,9.56351518662844e-10,0.000171952631482576,0.0549554474344875,0.687614585450075,0.998011233246129
2.50646839472487,0.99635242799936,9.54969000144541e-10,0.000171555343108005,0.05475942270241,0.68607673836621,0.997900675959864
2.50783174170077,0.996409339752345,9.53589477350276e-10,0.000171159429939961,0.0545644248144669,0.68454029382915,0.997787147617271
2.50919508867667,0.99646557027383,9.52212941631211e-10,0.000170764885639119,0.0543704467564535,0.683005279125103,0.997670650254636
2.51055843565257,0.996521124925858,9.50839384369694e-10,0.000170371703902634,0.0541774815726391,0.681471721228385,0.997551185960777
2.51192178262847,0.996576009070557,9.49468796979133e-10,0.000169979878463896,0.053985522365197,0.679939646802759,0.997428756876947
2.51328512960437,0.996630228052111,9.48101170903854e-10,0.000169589403092278,0.0537945622936415,0.6784090822028,0.997303365196739
2.51464847658026,0.996683787229342,9.46736497618969e-10,0.000169200271592886,0.0536045945742707,0.676880053475278,0.997175013165991
2.51601182355616,0.996736691935678,9.45374768630248e-10,0.000168812477806318,0.0534156124796153,0.675352586360552,0.997043703082684
2.51737517053206,0.996788947520234,9.44015975473978e-10,0.000168426015608415,0.0532276093378935,0.673826706293989,0.996909437296836
2.51873851750796,0.996840559305794,9.42660109716841e-10,0.000168040878910025,0.0530405785324726,0.672302438407399,0.996772218210406
2.52010186448386,0.996891532614246,9.41307162955776e-10,0.000167657061656758,0.0528545135013354,0.670779807530479,0.996632048277176
2.52146521145975,0.996941872764077,9.39957126817853e-10,0.000167274557828752,0.052669407736553,0.669258838192285,0.996488930002652
2.52282855843565,0.996991585060978,9.3860999296014e-10,0.000166893361440435,0.0524852547837634,0.667739554622703,0.996342865943945
2.52419190541155,0.997040674802813,9.37265753069578e-10,0.000166513466540289,0.0523020482416562,0.666221980753953,0.996193858709661
2.52555525238745,0.997089147273395,9.35924398862849e-10,0.000166134867210624,0.0521197817614614,0.664706140222095,0.996041910959785
2.52691859936335,0.997137007750028,9.34585922086253e-10,0.000165757557567341,0.051938449046446,0.663192056368552,0.995887025405562
2.52828194633924,0.997184261496084,9.33250314515575e-10,0.000165381531759707,0.0517580438514138,0.661679752241645,0.995729204809376
2.52964529331514,0.99723091376592,9.31917567955963e-10,0.000165006783970127,0.0515785599822125,0.660169250598148,0.99556845198463
2.53100864029104,0.997276969799923,9.30587674241802e-10,0.000164633308413919,0.0513999912952452,0.658660573904846,0.995404769795618
2.53237198726694,0.997322434824209,9.29260625236588e-10,0.000164261099339092,0.0512223316969871,0.657153744340108,0.995238161157401
2.53373533424284,0.997367314053987,9.27936412832803e-10,0.000163890151026123,0.0510455751435083,0.65564878379548,0.995068629035677
2.53509868121874,0.997411612682882,9.26615028951791e-10,0.000163520457787739,0.0508697156400004,0.654145713877272,0.994896176446649
2.53646202819463,0.99745533590042,9.25296465543638e-10,0.000163152013968696,0.0506947472403097,0.652644555908176,0.994720806456893
2.53782537517053,0.997498488876775,9.23980714587044e-10,0.000162784813945568,0.0505206640464745,0.651145330928876,0.994542522183221
2.53918872214643,0.99754107676018,9.22667768089206e-10,0.000162418852126527,0.0503474602082677,0.649648059699682,0.994361326792548
2.54055206912233,0.997583104691771,9.21357618085695e-10,0.000162054122951133,0.0501751299227438,0.64815276270216,0.994177223501745
2.54191541609823,0.997624577794904,9.20050256640334e-10,0.000161690620890123,0.0500036674337921,0.646659460140788,0.993990215577502
2.54327876307412,0.997665501170492,9.18745675845077e-10,0.0001613283404452,0.0498330670316933,0.645168171944605,0.993800306336186
2.54464211005002,0.997705879901617,9.17443867819895e-10,0.000160967276148827,0.0496633230526813,0.643678917768874,0.99360749914369
2.54600545702592,0.997745719057105,9.1614482471265e-10,0.000160607422564019,0.04949442987851,0.642191716996757,0.993411797415289
2.54736880400182,0.997785023689418,9.14848538698979e-10,0.000160248774284138,0.0493263819360248,0.64070658874099,0.993213204615488
2.54873215097772,0.997823798826848,9.13555001982181e-10,0.000159891325932694,0.0491591736967379,0.639223551845572,0.993011724257872
2.55009549795362,0.997862049480463,9.12264206793091e-10,0.000159535072163137,0.0489927996764092,0.637742624887456,0.99280735990495
2.55145884492951,0.997899780642098,9.10976145389971e-10,0.000159180007658664,0.0488272544346306,0.636263826178249,0.992600115167999
2.55282219190541,0.997936997280719,9.09690810058388e-10,0.000158826127132016,0.0486625325744156,0.634787173765912,0.992389993706908
2.55418553888131,0.997973704350138,9.08408193111106e-10,0.000158473425325282,0.0484986287417932,0.633312685436478,0.992176999230017
2.55554888585721,0.998009906779517,9.07128286887961e-10,0.000158121897009704,0.0483355376254051,0.631840378715764,0.991961135493955
2.55691223283311,0.998045609472872,9.05851083755757e-10,0.000157771536985486,0.0481732539561089,0.63037027087109,0.991742406303475
2.558275579809,0.998080817322525,9.04576576108143e-10,0.000157422340081596,0.0480117725065834,0.628902378913008,0.991520815511289
2.5596389267849,0.998115535192638,9.03304756365506e-10,0.000157074301155581,0.0478510880909406,0.627436719597027,0.991296367017902
2.5610022737608,0.99814976791872,9.02035616974857e-10,0.000156727415093375,0.0476911955643393,0.62597330942535,0.991069064771439
2.5623656207367,0.998183520329569,9.00769150409718e-10,0.000156381676809111,0.0475320898226045,0.624512164648612,0.990838912767477
2.5637289677126,0.998216797219635,8.99505349170008e-10,0.000156037081244935,0.04737376580185,0.623053301267614,0.990605915048868
2.56509231468849,0.99824960336202,8.98244205781938e-10,0.00015569362337082,0.0472162184781056,0.621596735035072,0.990370075705566
2.56645566166439,0.998281943507294,8.96985712797895e-10,0.000155351298184386,0.0470594428669473,0.62014248145736,0.99013139887445
2.56781900864029,0.99831382238296,8.95729862796335e-10,0.000155010100710714,0.0469034340231326,0.618690555796258,0.989889888739142
2.56918235561619,0.998345244690133,8.94476648381673e-10,0.000154670026002167,0.0467481870402384,0.617240973070705,0.98964554952983
2.57054570259209,0.998376215109865,8.93226062184171e-10,0.00015433106913821,0.0465936970503037,0.615793748058546,0.989398385523083
2.57190904956799,0.998406738292854,8.91978096859836e-10,0.000153993225225234,0.0464399592234753,0.614348895298288,0.989148401041668
2.57327239654388,0.998436818869644,8.90732745090307e-10,0.000153656489396376,0.0462869687676579,0.612906429090853,0.98889560045436
2.57463574351978,0.998466461443194,8.8948999958275e-10,0.000153320856811347,0.0461347209281674,0.611466363501337,0.98863998817576
2.57599909049568,0.998495670593096,8.88249853069749e-10,0.000152986322656257,0.0459832109873877,0.610028712360759,0.9883815686661
2.57736243747158,0.998524450871726,8.87012298309203e-10,0.000152652882143441,0.0458324342644315,0.608593489267821,0.988120346431054
2.57872578444748,0.998552806809583,8.85777328084218e-10,0.00015232053051129,0.0456823861148046,0.607160707590665,0.987856326021544
2.58008913142337,0.998580742903965,8.84544935203004e-10,0.000151989263024079,0.0455330619300733,0.605730380468628,0.987589512033544
2.58145247839927,0.998608263634472,8.83315112498765e-10,0.000151659074971799,0.0453844571375356,0.604302520813993,0.987319909107886
2.58281582537517,0.998635373448756,8.820878528296e-10,0.000151329961669993,0.0452365671998959,0.602877141313751,0.98704752193006
2.58417917235107,0.998662076768039,8.80863149078401e-10,0.000151001918459582,0.0450893876149425,0.60145425443135,0.986772355230012
2.58554251932697,0.998688377990306,8.79640994152742e-10,0.000150674940706709,0.0449429139152292,0.600033872408449,0.986494413781947
2.58690586630286,0.998714281485683,8.78421380984783e-10,0.00015034902380257,0.0447971416677598,0.598616007266665,0.98621370240412
2.58826921327876,0.99873979159549,8.77204302531167e-10,0.000150024163163252,0.0446520664736756,0.59720067080933,0.985930225958637
2.58963256025466,0.998764912635558,8.75989751772914e-10,0.000149700354229575,0.044507683967947,0.595787874623231,0.985643989351244
2.59099590723056,0.998789648897749,8.74777721715326e-10,0.000149377592466926,0.0443639898190672,0.59437763008036,0.98535499753112
2.59235925420646,0.998814004632606,8.73568205387882e-10,0.000149055873365109,0.0442209797287497,0.592969948339654,0.985063255490668
2.59372260118236,0.998837984085995,8.72361195844136e-10,0.000148735192438179,0.0440786494316289,0.591564840348736,0.984768768265304
2.59508594815825,0.998861591456592,8.71156686161625e-10,0.000148415545224292,0.0439369946949637,0.590162316845654,0.984471540933243
2.59644929513415,0.998884830925031,8.69954669441763e-10,0.000148096927285544,0.0437960113183438,0.588762388360614,0.984171578615285
2.59781264211005,0.998907706641856,8.68755138809743e-10,0.000147779334207823,0.0436556951333997,0.587365065217712,0.983868886474601
2.59917598908595,0.998930222727845,8.67558087414441e-10,0.000147462761600652,0.0435160420035151,0.585970357536661,0.983563469716513
2.60053933606185,0.998952383276243,8.66363508428317e-10,0.000147147205097038,0.0433770478235424,0.584578275234517,0.983255333588275
2.60190268303774,0.998974192360367,8.65171395047318e-10,0.000146832660353323,0.0432387085195212,0.583188828027399,0.982944483378858
2.60326603001364,0.998995654010447,8.63981740490779e-10,0.000146519123049033,0.0431010200483996,0.581802025432206,0.98263092441872
2.60462937698954,0.999016772240434,8.62794538001331e-10,0.000146206588886731,0.0429639783977585,0.580417876768326,0.982314662079591
2.60599272396544,0.999037551032065,8.61609780844799e-10,0.000145895053591867,0.0428275795855382,0.579036391159352,0.981995701774244
2.60735607094134,0.999057994334811,8.60427462310115e-10,0.000145584512912637,0.0426918196597686,0.577657577534779,0.981674048956267
2.60871941791724,0.99907810608011,8.59247575709212e-10,0.000145274962619831,0.0425566946983013,0.576281444631705,0.981349709119844
2.61008276489313,0.999097890161906,8.58070114376941e-10,0.000144966398506696,0.0424222008085451,0.574908000996527,0.981022687799517
2.61144611186903,0.999117350443653,8.56895071670966e-10,0.000144658816388788,0.0422883341272035,0.57353725498663,0.980692990569963
2.61280945884493,0.999136490771567,8.55722440971679e-10,0.000144352212103833,0.0421550908200159,0.572169214772069,0.980360623045756
2.61417280582083,0.999155314952053,8.54552215682102e-10,0.000144046581511585,0.0420224670815001,0.570803888337251,0.980025590881144
2.61553615279673,0.999173826768991,8.53384389227796e-10,0.000143741920493688,0.0418904591346983,0.56944128348261,0.979687899769804
2.61689949977262,0.999192029974423,8.52218955056767e-10,0.000143438224953532,0.0417590632309256,0.568081407826268,0.979347555444617
2.61826284674852,0.999209928293826,8.51055906639376e-10,0.000143135490816124,0.0416282756495206,0.566724268805705,0.979004563677424
2.61962619372442,0.999227525425064,8.49895237468247e-10,0.000142833714027943,0.0414980926975989,0.565369873679413,0.978658930278792
2.62098954070032,0.999244825034684,8.48736941058176e-10,0.000142532890556809,0.0413685107098091,0.564018229528548,0.978310661097777
2.62235288767622,0.99926183076247,8.47581010946039e-10,0.000142233016391747,0.0412395260480905,0.562669343258569,0.977959762021678
2.62371623465211,0.99927854621578,8.46427440690704e-10,0.000141934087542855,0.0411111351014348,0.561323221600884,0.977606238975802
2.62507958162801,0.999294974977397,8.45276223872941e-10,0.000141636100041167,0.0409833342856482,0.559979871114479,0.977250097923219
2.62644292860391,0.99931112060375,8.44127354095329e-10,0.000141339049938527,0.0408561200431177,0.558639298187542,0.976891344864518
2.62780627557981,0.99932698661389,8.42980824982174e-10,0.000141042933307452,0.0407294888425786,0.557301509039083,0.976529985837564
2.62916962255571,0.99934257650697,8.41836630179414e-10,0.000140747746241009,0.0406034371788842,0.555966509720549,0.976166026917249
2.63053296953161,0.99935789375026,8.40694763354533e-10,0.000140453484852681,0.0404779615727793,0.554634306117426,0.975799474215251
2.6318963165075,0.999372941777637,8.39555218196478e-10,0.000140160145276241,0.040353058570674,0.553304903950839,0.97543033387978
2.6332596634834,0.999387724003198,8.38417988415563e-10,0.000139867723665624,0.040228724744421,0.551978308779145,0.975058612095333
2.6346230104593,0.999402243808065,8.37283067743391e-10,0.000139576216194802,0.0401049566910947,0.550654525999515,0.974684315082442
2.6359863574352,0.999416504544493,8.3615044993276e-10,0.000139285619057661,0.0399817510327727,0.549333560849517,0.974307449097426
2.6373497044111,0.999430509537246,8.35020128757583e-10,0.000138995928467871,0.0398591044163191,0.548015418408677,0.973928020432135
2.63871305138699,0.999444262082229,8.338920980128e-10,0.000138707140658769,0.0397370135131704,0.546700103600052,0.973546035413699
2.64007639836289,0.999457765448899,8.32766351514292e-10,0.000138419251883232,0.0396154750191232,0.545387621191777,0.973161500404274
2.64143974533879,0.999471022874364,8.31642883098797e-10,0.000138132258413557,0.0394944856541238,0.54407797579862,0.972774421800788
2.64280309231469,0.999484037571208,8.30521686623828e-10,0.000137846156541341,0.0393740421620609,0.542771171883516,0.972384806034685
2.64416643929059,0.999496812723278,8.29402755967584e-10,0.000137560942577362,0.0392541413105586,0.541467213759104,0.971992659571666
2.64552978626648,0.999509351483825,8.28286085028872e-10,0.000137276612851457,0.0391347798907735,0.540166105589251,0.971597988911434
2.64689313324238,0.999521656986573,8.27171667727018e-10,0.000136993163712406,0.0390159547171918,0.538867851390565,0.971200800587435
2.64825648021828,0.999533732322267,8.2605949800179e-10,0.000136710591527816,0.0388976626274299,0.537572455033911,0.970801101166598
2.64961982719418,0.99954558056512,8.24949569813312e-10,0.000136428892684002,0.0387799004820363,0.536279920245906,0.970398897249076
2.65098317417008,0.999557204760373,8.23841877141982e-10,0.000136148063585874,0.0386626651642954,0.534990250610417,0.969994195467984
2.65234652114598,0.999568607924648,8.22736413988394e-10,0.000135868100656818,0.0385459535800332,0.533703449570042,0.969587002489137
2.65370986812187,0.99957979304654,8.21633174373251e-10,0.000135589000338589,0.0384297626574257,0.532419520427588,0.96917732501079
2.65507321509777,0.999590763081815,8.20532152337289e-10,0.000135310759091192,0.0383140893468075,0.531138466347543,0.96876516976337
2.65643656207367,0.99960152097047,8.19433341941195e-10,0.000135033373392773,0.0381989306204844,0.52986029035753,0.968350543509218
2.65779990904957,0.999612069612354,8.18336737265525e-10,0.000134756839739505,0.0380842834725457,0.528584995349764,0.96793345304232
2.65916325602547,0.999622411890588,8.17242332410629e-10,0.00013448115464548,0.0379701449186801,0.527312584082496,0.967513905188041
2.66052660300136,0.999632550656033,8.16150121496564e-10,0.000134206314642598,0.0378565119959921,0.526043059181445,0.967091906802862
2.66188994997726,0.999642488735989,8.15060098663025e-10,0.000133932316280457,0.037743381762821,0.524776423141228,0.966667464774113
2.66325329695316,0.999652228921915,8.13972258069256e-10,0.000133659156126248,0.0376307512985612,0.523512678326775,0.966240586019702
2.66461664392906,0.999661773987641,8.1288659389398e-10,0.000133386830764642,0.0375186177034845,0.522251826974742,0.965811277487851
2.66597999090496,0.999671126678898,8.11803100335318e-10,0.00013311533679769,0.0374069780985641,0.520993871194913,0.965379546156823
2.66734333788086,0.999680289710119,8.10721771610709e-10,0.00013284467084471,0.0372958296253,0.519738812971587,0.964945399034659
2.66870668485675,0.999689265776595,8.09642601956837e-10,0.000132574829542187,0.0371851694455463,0.51848665416497,0.964508843158901
2.67007003183265,0.999698057534949,8.08565585629552e-10,0.000132305809543667,0.0370749947413405,0.517237396512545,0.964069885596328
2.67143337880855,0.99970666763308,8.07490716903794e-10,0.000132037607519654,0.0369653027147336,0.515991041630437,0.963628533442678
2.67279672578445,0.999715098675974,8.06417990073517e-10,0.000131770220157502,0.0368560905876229,0.51474759101478,0.963184793822385
2.67416007276035,0.999723353254182,8.05347399451614e-10,0.000131503644161322,0.0367473556015854,0.513507046043055,0.962738673888299
2.67552341973624,0.999731433924102,8.04278939369838e-10,0.000131237876251872,0.0366390950177134,0.51226940797544,0.962290180821419
2.67688676671214,0.99973934321968,8.03212604178734e-10,0.000130972913166461,0.0365313061164518,0.511034677956134,0.961839321830617
2.67825011368804,0.999747083654583,8.02148388247556e-10,0.000130708751658845,0.036423986197436,0.509802857014685,0.961386104152368
2.67961346066394,0.999754657706379,8.010862859642e-10,0.000130445388499132,0.0363171325793328,0.508573946067304,0.96093053505047
2.68097680763984,0.999762067836153,8.00026291735124e-10,0.00013018282047368,0.0362107425996816,0.507347945918167,0.960472621815777
2.68234015461573,0.999769316472448,7.9896839998528e-10,0.000129921044385002,0.0361048136147376,0.506124857260712,0.960012371765919
2.68370350159163,0.999776406027752,7.97912605158035e-10,0.000129660057051665,0.0359993429993165,0.504904680678931,0.959549792245031
2.68506684856753,0.999783338880238,7.96858901715103e-10,0.000129399855308195,0.0358943281466409,0.503687416648642,0.959084890623473
2.68643019554343,0.999790117386417,7.95807284136471e-10,0.000129140436004982,0.0357897664681873,0.502473065538765,0.958617674297559
2.68779354251933,0.999796743880026,7.94757746920321e-10,0.000128881796008184,0.0356856553935357,0.501261627612577,0.958148150689279
2.68915688949523,0.99980322067054,7.93710284582969e-10,0.000128623932199632,0.0355819923702198,0.500053103028968,0.95767632724602
2.69052023647112,0.999809550039104,7.92664891658784e-10,0.000128366841476737,0.035478774863579,0.498847491843685,0.957202211440296
2.69188358344702,0.99981573424632,7.91621562700122e-10,0.000128110520752394,0.0353760003566118,0.497644794010561,0.956725810769463
2.69324693042292,0.999821775523528,7.9058029227725e-10,0.000127854966954894,0.0352736663498299,0.496445009382745,0.956247132755448
2.69461027739882,0.999827676081704,7.89541074978282e-10,0.000127600177027827,0.035171770361115,0.495248137713917,0.955766184944469
2.69597362437472,0.999833438111189,7.88503905409102e-10,0.000127346147929994,0.035070309925576,0.494054178659495,0.955282974906758
2.69733697135061,0.999839063772006,7.874687781933e-10,0.000127092876635316,0.0349692825954073,0.492863131777833,0.954797510236283
2.69870031832651,0.999844555203669,7.86435687972097e-10,0.000126840360132742,0.0348686859397495,0.491674996531412,0.954309798550469
2.70006366530241,0.999849914521601,7.8540462940428e-10,0.000126588595426161,0.0347685175445502,0.490489772288022,0.953819847489923
2.70142701227831,0.999855143819027,7.8437559716613e-10,0.000126337579534312,0.0346687750124273,0.489307458321929,0.953327664718152
2.70279035925421,0.999860245165578,7.83348585951354e-10,0.000126087309490698,0.0345694559625326,0.488128053815044,0.952833257921288
2.7041537062301,0.999865220605555,7.82323590471019e-10,0.000125837782343497,0.034470558030417,0.486951557858075,0.952336634807804
2.705517053206,0.999870072163544,7.81300605453479e-10,0.000125588995155472,0.0343720788678973,0.485777969451667,0.951837803108242
2.7068804001819,0.999874801837269,7.80279625644311e-10,0.000125340945003891,0.0342740161429238,0.484607287507549,0.951336770574931
2.7082437471578,0.999879411606447,7.79260645806249e-10,0.000125093628980436,0.0341763675394491,0.483439510849654,0.950833544981708
2.7096070941337,0.99988390342641,7.78243660719111e-10,0.00012484704419112,0.0340791307572987,0.482274638215239,0.950328134123639
2.7109704411096,0.999888279230786,7.77228665179736e-10,0.000124601187756201,0.0339823035120423,0.481112668255997,0.949820545816741
2.71233378808549,0.999892540928089,7.7621565400192e-10,0.000124356056810098,0.0338858835348661,0.479953599539157,0.949310787897704
2.71369713506139,0.99989669040838,7.75204622016344e-10,0.000124111648501311,0.0337898685724472,0.478797430548577,0.94879886822361
2.71506048203729,0.999900729537514,7.74195564070512e-10,0.000123867959992332,0.033694256386828,0.477644159685828,0.948284794671655
2.71642382901319,0.999904660162093,7.73188475028683e-10,0.000123624988459569,0.0335990447552926,0.476493785271267,0.94776857513887
2.71778717598909,0.999908484103254,7.72183349771808e-10,0.000123382731093258,0.0335042314702439,0.475346305545109,0.947250217541845
2.71915052296498,0.999912203168689,7.71180183197464e-10,0.000123141185097388,0.0334098143390826,0.474201718668478,0.946729729816445
2.72051386994088,0.999915819132156,7.70178970219787e-10,0.000122900347689616,0.0333157911840857,0.473060022724459,0.946207119917537
2.72187721691678,0.999919333756773,7.69179705769412e-10,0.000122660216101187,0.0332221598422883,0.471921215719141,0.945682395818706
2.72324056389268,0.999922748780351,7.68182384793405e-10,0.000122420787576858,0.0331289181653643,0.470785295582643,0.945155565511981
2.72460391086858,0.999926065925462,7.671870022552e-10,0.000122182059374814,0.0330360640195099,0.469652260170144,0.944626637007557
2.72596725784447,0.999929286885211,7.66193553134539e-10,0.000121944028766594,0.0329435952853274,0.468522107262891,0.944095618333511
2.72733060482037,0.99993241333442,7.65202032427401e-10,0.000121706693037011,0.0328515098577101,0.467394834569211,0.943562517535532
2.72869395179627,0.99993544693277,7.64212435145948e-10,0.000121470049484075,0.0327598056457281,0.466270439725506,0.943027342676638
2.73005729877217,0.999938389317995,7.63224756318454e-10,0.000121234095418913,0.0326684805725158,0.465148920297242,0.9424901018369
2.73142064574807,0.999941242105831,7.6223899098925e-10,0.0001209988281657,0.0325775325751597,0.464030273779929,0.941950803113165
2.73278399272397,0.99994400688981,7.61255134218656e-10,0.000120764245061574,0.0324869596045878,0.462914497600097,0.941409454618779
2.73414733969986,0.999946685249358,7.60273181082921e-10,0.00012053034345657,0.0323967596254594,0.461801589116256,0.940866064483309
2.73551068667576,0.999949278742197,7.59293126674165e-10,0.000120297120713537,0.0323069306160565,0.460691545619855,0.940320640852267
2.73687403365166,0.999951788904535,7.5831496610031e-10,0.000120064574208069,0.0322174705681758,0.459584364336224,0.939773191886835
2.73823738062756,0.999954217256583,7.57338694485027e-10,0.000119832701328427,0.0321283774870221,0.458480042425521,0.939223725763587
2.73960072760346,0.999956565298586,7.5636430696767e-10,0.000119601499475471,0.0320396493911019,0.457378576983657,0.938672250674215
2.74096407457935,0.999958834506964,7.55391798703218e-10,0.000119370966062583,0.0319512843121188,0.456279965043217,0.938118774825252
2.74232742155525,0.999961026346309,7.54421164862212e-10,0.000119141098515595,0.0318632802948694,0.455184203574383,0.9375633064378
2.74369076853115,0.999963142260837,7.53452400630699e-10,0.000118911894272719,0.0317756353971403,0.45409128948583,0.93700585374725
2.74505411550705,0.999965183675984,7.52485501210171e-10,0.000118683350784474,0.0316883476896061,0.453001219625631,0.936446425003012
2.74641746248295,0.999967151994403,7.51520461817501e-10,0.000118455465513617,0.0316014152557277,0.451913990782144,0.935885028468243
2.74778080945884,0.999969048606037,7.50557277684893e-10,0.000118228235935069,0.0315148361916525,0.450829599684896,0.935321672419565
2.74914415643474,0.999970874883741,7.49595944059812e-10,0.000118001659535851,0.0314286086061149,0.449748043005456,0.934756365146802
2.75050750341064,0.999972632176603,7.48636456204936e-10,0.000117775733815006,0.0313427306203377,0.448669317358301,0.9341891149527
2.75187085038654,0.999974321820254,7.4767880939809e-10,0.00011755045628354,0.0312572003679347,0.447593419301672,0.933619930152659
2.75323419736244,0.999975945134815,7.46722998932192e-10,0.000117325824464346,0.0311720159948136,0.446520345338428,0.933048819074458
2.75459754433834,0.999977503414889,7.45769020115195e-10,0.000117101835892137,0.0310871756590806,0.445450091916889,0.932475790057986
2.75596089131423,0.999978997947767,7.44816868270024e-10,0.000116878488113383,0.0310026775309451,0.444382655431665,0.931900851454972
2.75732423829013,0.999980429996407,7.43866538734528e-10,0.000116655778686238,0.0309185197926256,0.443318032224489,0.931324011628711
2.75868758526603,0.999981800809441,7.42918026861415e-10,0.000116433705180475,0.0308347006382565,0.44225621858503,0.930745278953796
2.76005093224193,0.999983111619747,7.41971328018199e-10,0.000116212265177424,0.0307512182737955,0.441197210751711,0.930164661815851
2.76141427921783,0.999984363642095,7.41026437587142e-10,0.0001159914562699,0.030668070916932,0.440141004912509,0.929582168611259
2.76277762619372,0.999985558073764,7.40083350965199e-10,0.000115771276062141,0.0305852567969964,0.43908759720575,0.928997807746895
2.76414097316962,0.999986696098525,7.3914206356396e-10,0.000115551722169741,0.0305027741548697,0.4380369837209,0.928411587639858
2.76550432014552,0.999987778883577,7.38202570809596e-10,0.000115332792219589,0.0304206212428948,0.436989160499346,0.927823516717206
2.76686766712142,0.999988807577478,7.37264868142803e-10,0.0001151144838498,0.0303387963247875,0.435944123535168,0.927233603415686
2.76823101409732,0.999989783315807,7.36328951018747e-10,0.000114896794709658,0.0302572976755496,0.434901868775907,0.926641856181469
2.76959436107321,0.999990707215622,7.35394814907007e-10,0.000114679722459543,0.0301761235813812,0.433862392123322,0.926048283469889
2.77095770804911,0.999991580378348,7.34462455291522e-10,0.000114463264770878,0.030095272339595,0.432825689434141,0.925452893745173
2.77232105502501,0.999992403893981,7.33531867670536e-10,0.000114247419326061,0.0300147422585313,0.431791756520808,0.924855695480178
2.77368440200091,0.999993178835613,7.32603047556545e-10,0.000114032183818405,0.0299345316574728,0.430760589152218,0.924256697156131
2.77504774897681,0.999993906259848,7.31675990476239e-10,0.000113817555952075,0.029854638866561,0.429732183054444,0.923655907262361
2.77641109595271,0.999994587206082,7.30750691970453e-10,0.000113603533442026,0.0297750622267133,0.428706533911464,0.923053334296044
2.7777744429286,0.999995222703617,7.29827147594109e-10,0.000113390114013947,0.0296958000895404,0.427683637365874,0.922448986761934
2.7791377899045,0.999995813764172,7.28905352916168e-10,0.000113177295404195,0.0296168508172647,0.426663489019596,0.921842873172108
2.7805011368804,0.999996361386465,7.27985303519569e-10,0.000112965075359737,0.0295382127826395,0.425646084434579,0.921235002045705
2.7818644838563,0.999996866555407,7.27066995001184e-10,0.000112753451638093,0.0294598843688687,0.424631419133494,0.920625381908664
2.7832278308322,0.999997330236056,7.26150422971761e-10,0.000112542422007271,0.0293818639695271,0.423619488600418,0.920014021293469
2.78459117780809,0.999997753385381,7.25235583055872e-10,0.000112331984245715,0.029304149988482,0.422610288281521,0.91940092873889
2.78595452478399,0.999998136949557,7.24322470891862e-10,0.00011212213614224,0.0292267408398148,0.421603813585733,0.918786112789726
2.78731787175989,0.999998481848272,7.23411082131796e-10,0.00011191287549598,0.0291496349477434,0.420600059885411,0.918169581996549
2.78868121873579,0.999998788999742,7.22501412441407e-10,0.000111704200116324,0.0290728307465458,0.419599022517002,0.917551344915448
2.79004456571169,0.999999059301365,7.21593457500046e-10,0.000111496107822866,0.0289963266804838,0.418600696781693,0.916931410107776
2.79140791268759,0.9999992936389,7.20687213000628e-10,0.00011128859644534,0.0289201212037278,0.41760507794606,0.916309786139897
2.79277125966348,0.999999492890565,7.19782674649585e-10,0.00011108166382357,0.0288442127802815,0.416612161242706,0.915686481582927
2.79413460663938,0.999999657911404,7.18879838166811e-10,0.00011087530780741,0.0287685998839081,0.415621941870891,0.915061505012491
2.79549795361528,0.999999789550092,7.17978699285613e-10,0.000110669526256691,0.0286932809980572,0.414634414997166,0.914434865008465
2.79686130059118,0.999999888640285,7.17079253752662e-10,0.000110464317041162,0.0286182546157911,0.413649575755985,0.913806570154728
2.79822464756708,0.999999956006217,7.16181497327942e-10,0.000110259678040439,0.0285435192397134,0.412667419250323,0.913176629038911
2.79958799454297,0.999999992452495,7.15285425784696e-10,0.000110055607143946,0.0284690733818967,0.411687940552282,0.912545050252153
2.80095134151887,0.999999998778826,7.14391034909384e-10,0.000109852102250863,0.0283949155638122,0.410711134703691,0.911911842388845
2.80231468849477,0.999999975767717,7.13498320501627e-10,0.000109649161270072,0.028321044316259,0.409736996716703,0.911277014046393
2.80367803547067,0.999999924189394,7.1260727837416e-10,0.000109446782120104,0.0282474581792947,0.408765521574378,0.910640573824963
2.80504138244657,0.999999844803312,7.11717904352783e-10,0.000109244962729083,0.0281741557021656,0.407796704231269,0.910002530327241
2.80640472942246,0.999999738365721,7.10830194276313e-10,0.000109043701034674,0.0281011354432387,0.406830539613995,0.909362892158188
2.80776807639836,0.999999605600788,7.09944143996534e-10,0.000108842994984032,0.0280283959699338,0.405867022621815,0.908721667924797
2.80913142337426,0.999999447236901,7.09059749378148e-10,0.000108642842533749,0.0279559358586554,0.404906148127184,0.908078866235848
2.81049477035016,0.999999263987807,7.08177006298727e-10,0.0001084432416498,0.0278837536947269,0.403947910976316,0.90743449570167
2.81185811732606,0.999999056551929,7.07295910648668e-10,0.000108244190307493,0.0278118480723233,0.402992305989734,0.906788564933901
2.81322146430196,0.999998825622577,7.0641645833114e-10,0.000108045686491418,0.0277402175944064,0.402039327962813,0.906141082545243
2.81458481127785,0.999998571878948,7.0553864526204e-10,0.000107847728195396,0.0276688608726593,0.401088971666321,0.905492057149232
2.81594815825375,0.99999829598505,7.04662467369947e-10,0.000107650313422426,0.0275977765274219,0.400141231846955,0.904841497359992
2.81731150522965,0.999997998598317,7.03787920596068e-10,0.000107453440184638,0.0275269631876266,0.399196103227863,0.904189411792006
2.81867485220555,0.99999768036403,7.029150008942e-10,0.00010725710650324,0.0274564194907355,0.39825358050917,0.903535809059874
2.82003819918145,0.999997341918948,7.02043704230675e-10,0.000107061310408472,0.0273861440826769,0.397313658368492,0.902880697778085
2.82140154615734,0.999996983887033,7.0117402658432e-10,0.000106866049939552,0.0273161356177833,0.396376331461447,0.902224086560776
2.82276489313324,0.999996606882946,7.00305963946406e-10,0.000106671323144629,0.0272463927587291,0.395441594422161,0.901565984021508
2.82412824010914,0.999996211508976,6.99439512320602e-10,0.000106477128080737,0.0271769141764696,0.394509441863765,0.900906398773028
2.82549158708504,0.999995798360461,6.98574667722934e-10,0.000106283462813741,0.0271076985501804,0.393579868378889,0.900245339427041
2.82685493406094,0.999995368016407,6.97711426181734e-10,0.000106090325418294,0.0270387445671966,0.39265286854015,0.899582814593982
2.82821828103683,0.999994921056548,6.96849783737596e-10,0.000105897713977785,0.0269700509229531,0.391728436900634,0.898918832882786
2.82958162801273,0.999994458040947,6.95989736443329e-10,0.000105705626584295,0.0269016163209259,0.390806567994375,0.89825340290066
2.83094497498863,0.999993979523668,6.95131280363917e-10,0.000105514061338547,0.0268334394725724,0.389887256336824,0.897586533252862
2.83230832196453,0.999993486047021,6.94274411576467e-10,0.000105323016349861,0.0267655190972738,0.388970496425318,0.896918232542467
2.83367166894043,0.99999297814938,6.93419126170172e-10,0.000105132489736107,0.0266978539222773,0.388056282739536,0.896248509370154
2.83503501591633,0.999992456354928,6.92565420246256e-10,0.000104942479623657,0.0266304426826381,0.387144609741961,0.895577372333973
2.83639836289222,0.999991921178109,6.91713289917941e-10,0.00010475298414734,0.0265632841211636,0.386235471878326,0.89490483002913
2.83776170986812,0.999991373126536,6.90862731310394e-10,0.000104564001450399,0.0264963769883561,0.38532886357806,0.894230891047763
2.83912505684402,0.999990812698516,6.90013740560689e-10,0.000104375529684439,0.0264297200423576,0.38442477925473,0.893555563978726
2.84048840381992,0.99999024038043,6.89166313817758e-10,0.00010418756700939,0.0263633120488938,0.383523213306475,0.892878857407365
2.84185175079582,0.999989656654129,6.8832044724235e-10,0.000104000111593454,0.0262971517812197,0.382624160116432,0.892200779915307
2.84321509777171,0.999989061992342,6.87476137006989e-10,0.000103813161613066,0.0262312380200648,0.381727614053169,0.891521340080238
2.84457844474761,0.999988456858746,6.86633379295929e-10,0.000103626715252848,0.0261655695535793,0.380833569471099,0.890840546475695
2.84594179172351,0.999987841699366,6.85792170305108e-10,0.000103440770705565,0.02610014517728,0.379942020710894,0.890158407670843
2.84730513869941,0.999987216969089,6.84952506242112e-10,0.00010325532617208,0.0260349636939977,0.3790529620999,0.889474932230271
2.84866848567531,0.999986583100112,6.84114383326123e-10,0.000103070379861312,0.0259700239138245,0.37816638795254,0.888790128713775
2.8500318326512,0.999985940521668,6.83277797787888e-10,0.000102885929990192,0.0259053246540611,0.377282292570713,0.888104005676152
2.8513951796271,0.999985289656743,6.82442745869665e-10,0.000102701974783622,0.0258408647391652,0.376400670244192,0.887416571666985
2.852758526603,0.999984630916259,6.81609223825188e-10,0.000102518512474427,0.0257766430007003,0.375521515251013,0.886727835230441
2.8541218735789,0.999983964706873,6.80777227919624e-10,0.00010233554130332,0.0257126582772845,0.374644821857864,0.886037804905059
2.8554852205548,0.999983291424558,6.79946754429529e-10,0.000102153059518853,0.02564890941454,0.373770584320463,0.885346489223549
2.8568485675307,0.999982611458018,6.79117799642809e-10,0.00010197106537738,0.0255853952650431,0.372898796883938,0.884653896712584
2.85821191450659,0.999981925194395,6.78290359858674e-10,0.000101789557143013,0.025522114688274,0.372029453783199,0.883960035892598
2.85957526148249,0.999981233001584,6.77464431387602e-10,0.000101608533087581,0.0254590665505683,0.371162549243304,0.883264915277584
2.86093860845839,0.999980535250455,6.76640010551296e-10,0.000101427991490588,0.0253962497250674,0.370298077479826,0.882568543374894
2.86230195543429,0.999979832300031,6.75817093682643e-10,0.000101247930639174,0.0253336630916703,0.369436032699209,0.881870928685039
2.86366530241019,0.999979124501494,6.74995677125671e-10,0.000101068348828073,0.0252713055369854,0.368576409099122,0.881172079701486
2.86502864938608,0.999978412202014,6.74175757235511e-10,0.000100889244359573,0.025209175954283,0.367719200868814,0.880472004910469
2.86639199636198,0.999977695739339,6.73357330378356e-10,0.000100710615543476,0.0251472732434478,0.366864402189456,0.879770712790787
2.86775534333788,0.999976975446561,6.72540392931422e-10,0.000100532460697059,0.0250855963109317,0.366012007234483,0.879068211813612
2.86911869031378,0.999976251645107,6.71724941282904e-10,0.000100354778145033,0.0250241440697081,0.365162010169931,0.878364510442292
2.87048203728968,0.999975524652893,6.7091097183194e-10,0.000100177566219502,0.0249629154392246,0.364314405154774,0.877659617132163
2.87184538426558,0.999974794783931,6.70098480988571e-10,0.000100000823259928,0.0249019093453584,0.363469186341249,0.876953540330356
2.87320873124147,0.999974062343155,6.69287465173698e-10,9.98245476130904e-05,0.0248411247203698,0.362626347875181,0.876246288475607
2.87457207821737,0.999973327624392,6.68477920819046e-10,9.96487376330455e-05,0.024780560502858,0.361785883896309,0.875537869998068
2.87593542519327,0.999972590923343,6.67669844367123e-10,9.94733916810902e-05,0.0247202156377158,0.360947788538594,0.87482829331912
2.87729877216917,0.999971852522649,6.66863232271183e-10,9.92985081257232e-05,0.024660089076086,0.36011205593054,0.874117566851189
2.87866211914507,0.999971112705214,6.66058080995183e-10,9.9124085342607e-05,0.0246001797753165,0.359278680195499,0.873405698997557
2.88002546612096,0.999970371741878,6.6525438701375e-10,9.89501217145302e-05,0.0245404866989176,0.358447655451975,0.872692698152183
2.88138881309686,0.999969629898751,6.64452146812137e-10,9.87766156313699e-05,0.0244810088165181,0.357618975813928,0.871978572699515
2.88275216007276,0.999968887439172,6.63651356886187e-10,9.86035654900546e-05,0.024421745103823,0.356792635391068,0.871263331014316
2.88411550704866,0.999968144615869,6.62852013742296e-10,9.84309696945274e-05,0.0243626945425704,0.35596862828915,0.870546981461478
2.88547885402456,0.999967401682945,6.62054113897372e-10,9.82588266557087e-05,0.0243038561204897,0.355146948610263,0.869829532395849
2.88684220100045,0.999966658875467,6.61257653878798e-10,9.808713479146e-05,0.0242452288312594,0.354327590453116,0.869110992162049
2.88820554797635,0.999965916440105,6.60462630224398e-10,9.79158925265472e-05,0.0241868116744658,0.353510547913319,0.8683913690943
2.88956889495225,0.999965174606851,6.59669039482392e-10,9.77450982926052e-05,0.024128603655562,0.352695815083663,0.86767067151625
2.89093224192815,0.999964433603383,6.58876878211364e-10,9.75747505281009e-05,0.0240706037858266,0.351883386054392,0.866948907740796
2.89229558890405,0.999963693646709,6.58086142980226e-10,9.74048476782987e-05,0.0240128110823233,0.351073254913477,0.866226086069917
2.89365893587995,0.999962954958649,6.57296830368175e-10,9.72353881952239e-05,0.023955224567861,0.35026541574688,0.8655022147945
2.89502228285584,0.999962217746971,6.5650893696466e-10,9.70663705376284e-05,0.0238978432709535,0.34945986263882,0.86477730219417
2.89638562983174,0.999961482222443,6.55722459369344e-10,9.68977931709551e-05,0.0238406662257803,0.348656589672036,0.864051356537125
2.89774897680764,0.99996074858024,6.54937394192069e-10,9.67296545673032e-05,0.0237836924721471,0.347855590928037,0.863324386079966
2.89911232378354,0.999960017019056,6.54153738052816e-10,9.65619532053937e-05,0.023726921055447,0.347056860487362,0.86259639906753
2.90047567075944,0.999959287727868,6.53371487581674e-10,9.63946875705347e-05,0.0236703510266218,0.346260392429826,0.861867403732732
2.90183901773533,0.999958560897379,6.52590639418797e-10,9.62278561545875e-05,0.0236139814421236,0.345466180834767,0.861137408296394
2.90320236471123,0.999957836703253,6.51811190214374e-10,9.60614574559328e-05,0.0235578113638772,0.344674219781292,0.860406420967089
2.90456571168713,0.999957115326819,6.51033136628588e-10,9.58954899794362e-05,0.023501839859242,0.343884503348514,0.859674449940977
2.90592905866303,0.999956396937583,6.50256475331585e-10,9.57299522364152e-05,0.0234460660009745,0.343097025615791,0.858941503401647
2.90729240563893,0.99995568170149,6.49481203003436e-10,9.55648427446058e-05,0.0233904888671918,0.342311780662956,0.858207589519961
2.90865575261483,0.999954969784155,6.48707316334099e-10,9.5400160028129e-05,0.0233351075413339,0.341528762570551,0.857472716453893
2.91001909959072,0.999954261343752,6.47934812023391e-10,9.52359026174582e-05,0.0232799211121282,0.340747965420051,0.856736892348378
2.91138244656662,0.999953556531478,6.47163686780942e-10,9.50720690493859e-05,0.0232249286735523,0.33996938329409,0.856000125335156
2.91274579354252,0.999952855500979,6.46393937326172e-10,9.49086578669919e-05,0.0231701293247987,0.339193010276682,0.855262423532618
2.91410914051842,0.999952158396726,6.45625560388246e-10,9.47456676196102e-05,0.023115522170239,0.338418840453435,0.854523795045657
2.91547248749432,0.99995146535696,6.44858552706046e-10,9.45830968627971e-05,0.0230611063193882,0.33764686791177,0.853784247965516
2.91683583447021,0.999950776521647,6.44092911028132e-10,9.44209441582992e-05,0.02300688088687,0.33687708674113,0.853043790369641
2.91819918144611,0.99995009202625,6.43328632112711e-10,9.42592080740215e-05,0.022952844992382,0.336109491033189,0.852302430321532
2.91956252842201,0.999949411993733,6.42565712727599e-10,9.40978871839961e-05,0.0228989977606606,0.335344074882058,0.851560175870597
2.92092587539791,0.999948736556181,6.41804149650191e-10,9.39369800683502e-05,0.0228453383214474,0.334580832384487,0.850817035052007
2.92228922237381,0.999948065832353,6.41043939667424e-10,9.37764853132753e-05,0.0227918658094548,0.333819757640067,0.850073015886553
2.9236525693497,0.999947399937386,6.40285079575743e-10,9.36164015109963e-05,0.0227385793643323,0.333060844751421,0.849328126380503
2.9250159163256,0.999946738988953,6.3952756618107e-10,9.34567272597399e-05,0.0226854781306332,0.332304087824407,0.848582374525462
2.9263792633015,0.999946083096779,6.38771396298768e-10,9.32974611637048e-05,0.0226325612577811,0.3315494809683,0.847835768298231
2.9277426102774,0.999945432365479,6.38016566753608e-10,9.31386018330306e-05,0.0225798279000372,0.330797018295987,0.847088315660669
2.9291059572533,0.999944786899195,6.37263074379734e-10,9.29801478837676e-05,0.0225272772164676,0.330046693924149,0.846340024559555
2.9304693042292,0.999944146798079,6.36510916020635e-10,9.2822097937847e-05,0.0224749083709104,0.329298501973446,0.845590902926455
2.93183265120509,0.999943512158633,6.35760088529106e-10,9.26644506230502e-05,0.0224227205319443,0.328552436568695,0.844840958677585
2.93319599818099,0.999942883073356,6.35010588767219e-10,9.25072045729802e-05,0.0223707128728561,0.327808491839051,0.844090199713677
2.93455934515689,0.999942259632458,6.34262413606287e-10,9.23503584270305e-05,0.0223188845716089,0.327066661918178,0.84333863391985
2.93592269213279,0.999941641921771,6.33515559926836e-10,9.21939108303569e-05,0.0222672348108113,0.326326940944423,0.842586269165477
2.93728603910869,0.999941030024196,6.32770024618568e-10,9.20378604338479e-05,0.0222157627776854,0.325589323060986,0.841833113304055
2.93864938608458,0.999940424019134,6.3202580458033e-10,9.18822058940952e-05,0.0221644676640367,0.324853802416086,0.841079174173083
2.94001273306048,0.999939823983996,6.31282896720081e-10,9.17269458733653e-05,0.0221133486662224,0.324120373163129,0.840324459593924
2.94137608003638,0.999939229992491,6.30541297954865e-10,9.15720790395706e-05,0.0220624049851219,0.323389029460863,0.839568977371692
2.94273942701228,0.999938642115547,6.29801005210771e-10,9.14176040662407e-05,0.0220116358261058,0.322659765473546,0.838812735295118
2.94410277398818,0.99993806042214,6.29062015422907e-10,9.12635196324941e-05,0.0219610403990063,0.321932575371096,0.838055741136433
2.94546612096407,0.999937484978236,6.28324325535364e-10,9.11098244230101e-05,0.0219106179180874,0.32120745332925,0.837298002651242
2.94682946793997,0.999936915840206,6.27587932501191e-10,9.09565171280005e-05,0.0218603676020152,0.320484393529715,0.83653952757841
2.94819281491587,0.999936353074544,6.26852833282355e-10,9.08035964431817e-05,0.0218102886738285,0.319763390160316,0.835780323639935
2.94955616189177,0.999935796735239,6.26119024849717e-10,9.06510610697474e-05,0.0217603803609101,0.319044437415149,0.835020398540837
2.95091950886767,0.999935246874023,6.25386504182996e-10,9.04989097143404e-05,0.0217106418949575,0.318327529494719,0.834259759969036
2.95228285584357,0.999934703545297,6.24655268270741e-10,9.03471410890255e-05,0.0216610725119545,0.317612660606088,0.833498415595243
2.95364620281946,0.999934166796329,6.23925314110297e-10,9.01957539112623e-05,0.0216116714521425,0.316899824963014,0.832736373072839
2.95500954979536,0.999933636671281,6.23196638707777e-10,9.00447469038781e-05,0.0215624379599928,0.316189016786088,0.831973640037767
2.95637289677126,0.999933113218612,6.22469239078031e-10,8.98941187950407e-05,0.0215133712841782,0.315480230302874,0.831210224108422
2.95773624374716,0.999932596478566,6.21743112244614e-10,8.97438683182321e-05,0.021464470677545,0.314773459748038,0.830446132885535
2.95909959072306,0.999932086487594,6.21018255239754e-10,8.95939942122212e-05,0.0214157353970862,0.314068699363483,0.829681373952069
2.96046293769895,0.99993158328251,6.20294665104328e-10,8.94444952210382e-05,0.0213671647039132,0.313365943398479,0.828915954873109
2.96182628467485,0.999931086902539,6.19572338887825e-10,8.92953700939475e-05,0.0213187578632296,0.312665186109788,0.828149883195758
2.96318963165075,0.999930597370162,6.18851273648318e-10,8.9146617585422e-05,0.0212705141443033,0.31196642176179,0.827383166449029
2.96455297862665,0.999930114722439,6.18131466452437e-10,8.89982364551169e-05,0.0212224328204407,0.311269644626608,0.826615812143744
2.96591632560255,0.999929638986571,6.17412914375335e-10,8.8850225467844e-05,0.0211745131689593,0.310574848984227,0.825847827772428
2.96727967257844,0.99992917018396,6.1669561450066e-10,8.87025833935459e-05,0.0211267544711619,0.309882029122615,0.825079220809213
2.96864301955434,0.999928708343004,6.15979563920529e-10,8.85553090072704e-05,0.0210791560123106,0.30919117933784,0.824309998709731
2.97000636653024,0.999928253479287,6.15264759735488e-10,8.84084010891452e-05,0.0210317170816001,0.308502293934181,0.823540168911021
2.97136971350614,0.99992780561569,6.14551199054497e-10,8.82618584243525e-05,0.0209844369721329,0.307815367224248,0.822769738831429
2.97273306048204,0.999927364770345,6.1383887899489e-10,8.81156798031041e-05,0.0209373149808931,0.307130393529088,0.821998715870511
2.97409640745794,0.999926930954819,6.13127796682348e-10,8.79698640206164e-05,0.0208903504087213,0.306447367178298,0.82122710740894
2.97545975443383,0.999926504185972,6.12417949250874e-10,8.78244098770852e-05,0.0208435425602893,0.305766282510127,0.82045492080841
2.97682310140973,0.999926084477944,6.11709333842761e-10,8.76793161776616e-05,0.0207968907440753,0.305087133871588,0.819682163411544
2.97818644838563,0.999925671836467,6.11001947608562e-10,8.75345817324271e-05,0.0207503942723392,0.304409915618558,0.818908842541804
2.97954979536153,0.999925266264629,6.10295787707065e-10,8.73902053563692e-05,0.0207040524610976,0.303734622115878,0.818134965503399
2.98091314233743,0.999924867776788,6.09590851305261e-10,8.72461858693573e-05,0.0206578646300997,0.303061247737457,0.817360539581195
2.98227648931332,0.999924476374649,6.08887135578318e-10,8.71025220961186e-05,0.0206118301028031,0.302389786866369,0.816585572040632
2.98363983628922,0.999924092061822,6.08184637709553e-10,8.6959212866214e-05,0.0205659482063496,0.301720233894947,0.815810070127632
2.98500318326512,0.999923714836797,6.07483354890399e-10,8.68162570140142e-05,0.0205202182715413,0.30105258322488,0.815034041068515
2.98636653024102,0.999923344701729,6.06783284320385e-10,8.66736533786764e-05,0.0204746396328173,0.300386829267306,0.81425749206992
2.98772987721692,0.99992298165436,6.06084423207099e-10,8.653140080412e-05,0.0204292116282294,0.299722966442902,0.813480430318713
2.98909322419281,0.999922625690055,6.05386768766169e-10,8.63894981390041e-05,0.0203839335994198,0.299060989181972,0.812702862981913
2.99045657116871,0.999922276804652,6.04690318221229e-10,8.62479442367034e-05,0.020338804891597,0.298400891924538,0.811924797206607
2.99181991814461,0.999921934991861,6.03995068803893e-10,8.61067379552856e-05,0.0202938248535135,0.297742669120426,0.811146240119873
2.99318326512051,0.999921600245574,6.03301017753728e-10,8.59658781574879e-05,0.0202489928374424,0.297086315229345,0.810367198828702
2.99454661209641,0.999921272552303,6.02608162318228e-10,8.58253637106945e-05,0.0202043081991553,0.296431824720979,0.809587680419917
2.99590995907231,0.99992095190355,6.01916499752783e-10,8.56851934869137e-05,0.0201597702978995,0.295779192075058,0.808807691960103
2.9972733060482,0.999920638289325,6.01226027320656e-10,8.55453663627553e-05,0.0201153784963758,0.295128411781446,0.808027240495529
2.9986366530241,0.999920331692525,6.00536742292953e-10,8.54058812194077e-05,0.0200711321607161,0.294479478340216,0.807246333052074
3,0.999920032102005,5.99848641948597e-10,8.52667369426162e-05,0.0200270306604618,0.293832386261723,0.806464976635156
