theta_rad,eigenvalue_index_sorted,real_energy,imag_energy,in_teacher_plot_window,distance_from_rotated_continuum_ray,resonance_track
0,0,-0.297959637856473,0,1,0,
0,1,0.000565401100619777,0,1,0,
0,2,0.000565401105783717,0,1,0,
0,3,0.00226143444664931,0,1,0,
0,4,0.00226143446765241,0,1,0,
0,5,0.00508759173138633,0,1,0,
0,6,0.00508759177996967,0,1,0,
0,7,0.00904303096471134,0,1,0,
0,8,0.00904303105450426,0,1,0,
0,9,0.0141265842013227,0,1,0,
0,10,0.0141265843488353,0,1,0,
0,11,0.0203367682492614,0,1,0,
0,12,0.0203367684751425,0,1,0,
0,13,0.0276717982380575,0,1,0,
0,14,0.0276717985687535,0,1,0,
0,15,0.0361296038788112,0,1,0,
0,16,0.0361296043488045,0,1,0,
0,17,0.0457078481939144,0,1,0,
0,18,0.0457078488487834,0,1,0,
0,19,0.0564039484326347,0,1,0,
0,20,0.0564039493332797,0,1,0,
0,21,0.0682150988220508,0,1,0,
0,22,0.0682151000506618,0,1,0,
0,23,0.0811382947339101,0,1,0,
0,24,0.0811382964023789,0,1,0,
0,25,0.095170357781217,0,1,0,
0,26,0.0951703600431638,0,1,0,
0,27,0.110307961298641,0,1,0,
0,28,0.110307964366804,0,1,0,
0,29,0.126547655614757,0,1,0,
0,30,0.126547659786306,0,1,0,
0,31,0.143885892496398,0,1,0,
0,32,0.143885898190245,0,1,0,
0,33,0.162319048142096,0,1,0,
0,34,0.162319055954523,0,1,0,
0,35,0.181843444124893,0,1,0,
0,36,0.181843454913469,0,1,0,
0,37,0.202455365736263,0,1,0,
0,38,0.20245538074831,0,1,0,
0,39,0.224151077259172,0,1,0,
0,40,0.224151098331334,0,1,0,
0,41,0.246926833793396,0,1,0,
0,42,0.24692686366717,0,1,0,
0,43,0.270778889358659,0,1,0,
0,44,0.270778932189202,0,1,0,
0,45,0.295703501094586,0,1,0,
0,46,0.295703563290082,0,1,0,
0,47,0.321696929434407,0,1,0,
0,48,0.32169702107854,0,1,0,
0,49,0.34875543410687,0,1,0,
0,50,0.348755571448433,0,1,0,
0,51,0.376875265623387,0,1,0,
0,52,0.376875475609766,0,1,0,
0,53,0.406052651299409,0,1,0,
0,54,0.406052980254935,0,1,0,
0,55,0.436283773151578,0,1,0,
0,56,0.436284304509781,0,1,0,
0,57,0.46756472984392,0,1,0,
0,58,0.46756562374027,0,1,0,
0,59,0.499891456443371,0,1,0,
0,60,0.499893050144035,0,1,0,
0,61,0.53325949115171,0,1,0,
0,62,0.533262609839049,0,1,0,
0,63,0.567662884805676,0,1,0,
0,64,0.567670215847237,0,1,0,
0,65,0.603080174856441,0,1,0,
0,66,0.603111635917841,0,1,0,
0,67,0.620972220434375,0,1,0,
0,68,0.639582453470042,0,1,0,
0,69,0.639626338010827,0,1,0,
0,70,0.677078018919062,0,1,0,
0,71,0.677099415732375,0,1,0,
0,72,0.715593387032897,0,1,0,
0,73,0.715612197817888,0,1,0,
0,74,0.755123233268012,0,1,0,
0,75,0.755143123942879,0,1,0,
0,76,0.79566173731186,0,1,0,
0,77,0.795684919790302,0,1,0,
0,78,0.837202413391321,0,1,0,
0,79,0.837231230083296,0,1,0,
0,80,0.879737850131741,0,1,0,
0,81,0.879775478396143,0,1,0,
0,82,0.923259288335571,0,1,0,
0,83,0.923310527100828,0,1,0,
0,84,0.967755889487659,0,1,0,
0,85,0.967828442160019,0,1,0,
0,86,1.01321336792086,0,1,0,
0,87,1.01332023640878,0,1,0,
0,88,1.0596111866961,0,1,0,
0,89,1.05977553833062,0,1,0,
0,90,1.1069161071829,0,1,0,
0,91,1.1071821367616,0,1,0,
0,92,1.15506491611823,0,1,0,
0,93,1.15552533338384,0,1,0,
0,94,1.20390708819639,0,1,0,
0,95,1.20478699756133,0,1,0,
0,96,1.25293934474088,0,1,0,
0,97,1.25494415339517,0,1,0,
0,98,1.29925024357968,0,1,0,
0,99,1.30596681886595,0,1,0,
0,100,1.33028104932414,0,1,0,
0,101,1.35781463210117,0,1,0,
0,102,1.36612069192479,0,1,0,
0,103,1.41043150229973,0,1,0,
0,104,1.41584896241593,0,1,0,
0,105,1.46373710774425,0,1,0,
0,106,1.4688051461999,0,1,0,
0,107,1.51761377255259,0,1,0,
0,108,1.52319364401193,0,1,0,
0,109,1.57188845147053,0,1,0,
0,110,1.57864494281606,0,1,0,
0,111,1.62631756860962,0,1,0,
0,112,1.63502809869555,0,1,0,
0,113,1.68061134240757,0,1,0,
0,114,1.69227582337427,0,1,0,
0,115,1.73458839668902,0,1,0,
0,116,1.75034379423994,0,1,0,
0,117,1.78849911059192,0,1,0,
0,118,1.80919905428231,0,1,0,
0,119,1.84315187489053,0,1,0,
0,120,1.86881742976111,0,1,0,
0,121,1.89939934746227,0,1,0,
0,122,1.92918465375051,0,1,0,
0,123,1.95758447482351,0,1,0,
0,124,1.99029908112214,0,1,0,
0,125,2.017607518967,0,1,0,
0,126,2.0521743931575,0,1,0,
0,127,2.07923128657033,0,1,0,
0,128,2.11484061273095,0,1,0,
0,129,2.14224327886581,0,1,0,
0,130,2.17834202354878,0,1,0,
0,131,2.20649003839586,0,1,0,
0,132,2.242731667167,0,1,0,
0,133,2.27186835107802,0,1,0,
0,134,2.30806368138134,0,1,0,
0,135,2.3383106148648,0,1,0,
0,136,2.37438585491518,0,1,0,
0,137,2.40577340712154,0,1,0,
0,138,2.44173458936245,0,1,0,
0,139,2.47422975224796,0,1,0,
0,140,2.51013317513987,0,1,0,
0,141,2.54366400839909,0,1,0,
0,142,2.57959288296514,0,1,0,
0,143,2.61406839508325,0,1,0,
0,144,2.65011564487806,0,1,0,
0,145,2.68544052190623,0,1,0,
0,146,2.72169713686035,0,1,0,
0,147,2.75778154863329,0,1,0,
0,148,2.79432950516903,0,1,0,
0,149,2.83109477938201,0,1,0,
0,150,2.86800342633006,0,1,0,
0,151,2.90538459118705,0,1,0,
0,152,2.94270948587432,0,1,0,
0,153,2.980655644035,0,1,0,
0,154,3.01843899673231,0,0,0,
0,155,3.05691233577406,0,0,0,
0,156,3.09518441044426,0,0,0,
0,157,3.13415846627607,0,0,0,
0,158,3.17293945749563,0,0,0,
0,159,3.21239707143411,0,0,0,
0,160,3.25169912121911,0,0,0,
0,161,3.29163038514758,0,0,0,
0,162,3.33145951884607,0,0,0,
0,163,3.37185988877962,0,0,0,
0,164,3.41221773877452,0,0,0,
0,165,3.45308641253771,0,0,0,
0,166,3.49397166535092,0,0,0,
0,167,3.53531026045233,0,0,0,
0,168,3.57671981016234,0,0,0,
0,169,3.61853133850982,0,0,0,
0,170,3.66046116051069,0,0,0,
0,171,3.70274927278244,0,0,0,
0,172,3.7451950501753,0,0,0,
0,173,3.78796351037391,0,0,0,
0,174,3.83092105390709,0,0,0,
0,175,3.87417340042736,0,0,0,
0,176,3.91763890476145,0,0,0,
0,177,3.96137825541044,0,0,0,
0,178,4.00534843198506,0,0,0,
0,179,4.04957739465469,0,0,0,
0,180,4.09404951645878,0,0,0,
0,181,4.13877017298644,0,0,0,
0,182,4.18374206046599,0,0,0,
0,183,4.2289559975277,0,0,0,
0,184,4.27442596865077,0,0,0,
0,185,4.32013433560229,0,0,0,
0,186,4.36610113733078,0,0,0,
0,187,4.41230471632609,0,0,0,
0,188,4.45876744974087,0,0,0,
0,189,4.50546672801563,0,0,0,
0,190,4.55242477523328,0,0,0,
0,191,4.59962001309035,0,0,0,
0,192,4.64707297089961,0,0,0,
0,193,4.69476426172074,0,0,0,
0,194,4.7427118844772,0,0,0,
0,195,4.79089920510849,0,0,0,
0,196,4.83934135774053,0,0,0,
0,197,4.88802460898569,0,0,0,
0,198,4.93696122985251,0,0,0,
0,199,4.98614026768686,0,0,0,
0,200,5.03557134036144,0,0,0,
0,201,5.08524599897431,0,0,0,
0,202,5.13517153168469,0,0,0,
0,203,5.18534163967521,0,0,0,
0,204,5.23576165102796,0,0,0,
0,205,5.28642704210777,0,0,0,
0,206,5.33734155175869,0,0,0,
0,207,5.38850207122583,0,0,0,
0,208,5.43991109429278,0,0,0,
0,209,5.49156660238579,0,0,0,
0,210,5.54347014657399,0,0,0,
0,211,5.59562051963208,0,0,0,
0,212,5.64801858423021,0,0,0,
0,213,5.70066371440016,0,0,0,
0,214,5.75355629048717,0,0,0,
0,215,5.80669608454543,0,0,0,
0,216,5.86008315591092,0,0,0,
0,217,5.91371753361901,0,0,0,
0,218,5.96759907803876,0,0,0,
0,219,6.02172797032537,0,0,0,
0,220,6.07610396094618,0,0,0,
0,221,6.13072730810997,0,0,0,
0,222,6.18559771478631,0,0,0,
0,223,6.24071546483698,0,0,0,
0,224,6.29608025532765,0,0,0,
0,225,6.35169236252792,0,0,0,
0,226,6.40755150350841,0,0,0,
0,227,6.46365792713973,0,0,0,
0,228,6.52001138501834,0,0,0,
0,229,6.57661208836852,0,0,0,
0,230,6.63345982991445,0,0,0,
0,231,6.69055477946907,0,0,0,
0,232,6.74789677227311,0,0,0,
0,233,6.80548593708513,0,0,0,
0,234,6.86332214987849,0,0,0,
0,235,6.92140550108723,0,0,0,
0,236,6.97973590394597,0,0,0,
0,237,7.038313414417,0,0,0,
0,238,7.09713797887797,0,0,0,
0,239,7.15620962293804,0,0,0,
0,240,7.21552832204958,0,0,0,
0,241,7.27509407529376,0,0,0,
0,242,7.33490688362104,0,0,0,
0,243,7.3949667227735,0,0,0,
0,244,7.45527361637464,0,0,0,
0,245,7.51582751918778,0,0,0,
0,246,7.57662847557374,0,0,0,
0,247,7.63767642075396,0,0,0,
0,248,7.69897141884214,0,0,0,
0,249,7.76051338599337,0,0,0,
0,250,7.82230240606228,0,0,0,
0,251,7.88433837564092,0,0,0,
0,252,7.94662139929127,0,0,0,
0,253,8.00915135256781,0,0,0,
0,254,8.07192836269402,0,0,0,
0,255,8.13495228171847,0,0,0,
0,256,8.19822326249282,0,0,0,
0,257,8.26174113006183,0,0,0,
0,258,8.3255060669327,0,0,0,
0,259,8.38951786655738,0,0,0,
0,260,8.45377674626236,0,0,0,
0,261,8.51828246213593,0,0,0,
0,262,8.58303527272935,0,0,0,
0,263,8.64803488969446,0,0,0,
0,264,8.71328162058845,0,0,0,
0,265,8.77877512410421,0,0,0,
0,266,8.8445157661214,0,0,0,
0,267,8.91050314222988,0,0,0,
0,268,8.97673768766509,0,0,0,
0,269,9.04321892295776,0,0,0,
0,270,9.10994736564493,0,0,0,
0,271,9.17692244722895,0,0,0,
0,272,9.24414478260895,0,0,0,
0,273,9.31161369807361,0,0,0,
0,274,9.37932992325741,0,0,0,
0,275,9.447292660641,0,0,0,
0,276,9.51550277446277,0,0,0,
0,277,9.58395932221986,0,0,0,
0,278,9.65266332527421,0,0,0,
0,279,9.72161367224396,0,0,0,
0,280,9.79081156690297,0,0,0,
0,281,9.86025570227868,0,0,0,
0,282,9.92994749268598,0,0,0,
0,283,9.99988540598631,0,0,0,
0,284,10.0700710980297,0,0,0,
0,285,10.1405027790722,0,0,0,
0,286,10.2111823803412,0,0,0,
0,287,10.2821078192186,0,0,0,
0,288,10.3532813389599,0,0,0,
0,289,10.4247005260201,0,0,0,
0,290,10.4963679751146,0,0,0,
0,291,10.5682809009445,0,0,0,
0,292,10.6404422919382,0,0,0,
0,293,10.7128489473528,0,0,0,
0,294,10.7855042945876,0,0,0,
0,295,10.8584046706234,0,0,0,
0,296,10.9315539905253,0,0,0,
0,297,11.0049480784406,0,0,0,
0,298,11.0785913900386,0,0,0,
0,299,11.1524791813178,0,0,0,
0,300,11.2266165070792,0,0,0,
0,301,11.3009979934437,0,0,0,
0,302,11.3756293605267,0,0,0,
0,303,11.4505045339493,0,0,0,
0,304,11.5256299759915,0,0,0,
0,305,11.6009988287157,0,0,0,
0,306,11.6766183882964,0,0,0,
0,307,11.7524809128581,0,0,0,
0,308,11.828594644798,0,0,0,
0,309,11.9049508340502,0,0,0,
0,310,11.9815588097475,0,0,0,
0,311,12.0584086568862,0,0,0,
0,312,12.1355109699335,0,0,0,
0,313,12.2128544685262,0,0,0,
0,314,12.2904512419084,0,0,0,
0,315,12.3682883859241,0,0,0,
0,316,12.4463797811608,0,0,0,
0,317,12.5247105650039,0,0,0,
0,318,12.6032967936594,0,0,0,
0,319,12.6821212122062,0,0,0,
0,320,12.7612025502272,0,0,0,
0,321,12.8405205988653,0,0,0,
0,322,12.9200974041901,0,0,0,
0,323,12.9999090788577,0,0,0,
0,324,13.0799818126326,0,0,0,
0,325,13.1602871098492,0,0,0,
0,326,13.2408563613368,0,0,0,
0,327,13.3216552782126,0,0,0,
0,328,13.4027217930346,0,0,0,
0,329,13.484014327236,0,0,0,
0,330,13.5655790379142,0,0,0,
0,331,13.6473651875548,0,0,0,
0,332,13.7294292443752,0,0,0,
0,333,13.8117090077923,0,0,0,
0,334,13.8942738068466,0,0,0,
0,335,13.9770471822137,0,0,0,
0,336,14.0601143861289,0,0,0,
0,337,14.143381370853,0,0,0,
0,338,14.226952916365,0,0,0,
0,339,14.3107135062193,0,0,0,
0,340,14.3947915915846,0,0,0,
0,341,14.4790457795381,0,0,0,
0,342,14.5636328240931,0,0,0,
0,343,14.6483805988225,0,0,0,
0,344,14.7334791670887,0,0,0,
0,345,14.8187205111903,0,0,0,
0,346,14.9043331950634,0,0,0,
0,347,14.9900680830275,0,0,0,
0,348,15.0761973379629,0,0,0,
0,349,15.1624257340243,0,0,0,
0,350,15.2490736687755,0,0,0,
0,351,15.33579552481,0,0,0,
0,352,15.4229636490607,0,0,0,
0,353,15.5101789027503,0,0,0,
0,354,15.5978678425989,0,0,0,
0,355,15.6855764161399,0,0,0,
0,356,15.7737856134702,0,0,0,
0,357,15.8619874131385,0,0,0,
0,358,15.9507148310933,0,0,0,
0,359,16.0394097480175,0,0,0,
0,360,16.1286516108977,0,0,0,
0,361,16.2178395234097,0,0,0,
0,362,16.3075901254506,0,0,0,
0,363,16.3972709033962,0,0,0,
0,364,16.4875225274128,0,0,0,
0,365,16.5776960387878,0,0,0,
0,366,16.6684390332412,0,0,0,
0,367,16.7591051534598,0,0,0,
0,368,16.8503282256405,0,0,0,
0,369,16.9414868496024,0,0,0,
0,370,17.0331776435635,0,0,0,
0,371,17.1248287004071,0,0,0,
0,372,17.2169747404288,0,0,0,
0,373,17.3091182103753,0,0,0,
0,374,17.4017083026575,0,0,0,
0,375,17.4943442345968,0,0,0,
0,376,17.5873704299146,0,0,0,
0,377,17.6804989573228,0,0,0,
0,378,17.7739591867935,0,0,0,
0,379,17.8675805382632,0,0,0,
0,380,17.9614820554826,0,0,0,
0,381,18.0555965547944,0,0,0,
0,382,18.1499603934687,0,0,0,
0,383,18.2445684430732,0,0,0,
0,384,18.3394353496444,0,0,0,
0,385,18.4345373909924,0,0,0,
0,386,18.529976431184,0,0,0,
0,387,18.62557287525,0,0,0,
0,388,18.7216960122513,0,0,0,
0,389,18.8177871314997,0,0,0,
0,390,18.9147793080133,0,0,0,
0,391,19.0113650683228,0,0,0,
0,392,19.109560644327,0,0,0,
0,393,19.2066403996673,0,0,0,
0,394,19.3067709731535,0,0,0,
0,395,19.4043426817149,0,0,0,
0,396,19.5087398709029,0,0,0,
0,397,19.6067964985652,0,0,0,
0,398,19.7445211890393,0,0,0,
0,399,19.8428615839271,0,0,0,
0.05,0,-0.29795963785894,1.42246978085403e-12,1,0.0297463286688942,
0.05,1,0.000562059859386385,-6.0389795674982e-05,1,3.97574211431733e-06,
0.05,2,0.000562059864487247,-6.03897964967153e-05,1,3.97574242270896e-06,
0.05,3,0.00224807559797307,-0.000241514293934115,1,1.58746606126124e-05,
0.05,4,0.00224807561869152,-0.000241514297338629,1,1.58746619317249e-05,
0.05,5,0.00505755714410813,-0.000543239409889331,1,3.56122660001708e-05,
0.05,6,0.00505755719199808,-0.000543239417905225,1,3.56122691950016e-05,
0.05,7,0.00898969252247624,-0.000965343599016955,1,6.30491828231045e-05,
0.05,8,0.00898969261090325,-0.000965343614196765,1,6.30491890991084e-05,
0.05,9,0.014043355024021,-0.00150752072617878,1,9.79932885584234e-05,
0.05,10,0.0140433551691116,-0.00150752075188608,1,9.79932996524093e-05,
0.05,11,0.0202171131477738,-0.00216938402687258,1,0.000140202662548064,
0.05,12,0.0202171133695972,-0.00216938406768434,1,0.000140202681010546,
0.05,13,0.0275092432103226,-0.00295047110033583,1,0.000189389295311526,
0.05,14,0.0275092435344619,-0.00295047116260189,1,0.000189389324906581,
0.05,15,0.0359177444781363,-0.00385024985022212,1,0.000245223488832018,
0.05,16,0.03591774493775,-0.00385024994285813,1,0.000245223535120413,
0.05,17,0.045440356630699,-0.00486812526108343,1,0.000307338855780155,
0.05,18,0.0454403572693527,-0.00486812539673037,1,0.000307338926990441,
0.05,19,0.0560745793090324,-0.00600344686838028,1,0.000375337800609454,
0.05,20,0.0560745801845549,-0.00600344706507694,1,0.000375337908917058,
0.05,21,0.067817693445363,-0.0072555167473902,1,0.000448797339139929,
0.05,22,0.0678176946352185,-0.00725551703105767,1,0.000448797502602899,
0.05,23,0.0806667840081412,-0.00862359781453201,1,0.000527275087697379,
0.05,24,0.0806667856169378,-0.00862359822265113,1,0.00052727533316594,
0.05,25,0.0946187637352747,-0.010106922205792,1,0.000610315230312556,
0.05,26,0.094618765905349,-0.0101069227929208,1,0.000610315597862221,
0.05,27,0.109670397371661,-0.0117046994746379,1,0.00069745425596398,
0.05,28,0.109670400298132,-0.0117047003207428,1,0.000697454805682265,
0.05,29,0.12581832587975,-0.0134161243392152,1,0.000788226250047613,
0.05,30,0.125818329832119,-0.0134161255623918,1,0.000788227072534813,
0.05,31,0.143059090059088,-0.0152403837088663,1,0.000882167527772357,
0.05,32,0.143059095412463,-0.0152403854849536,1,0.000882168760540863,
0.05,33,0.161389152997289,-0.0171766627351764,1,0.000978820413619309,
0.05,34,0.161389160277924,-0.0171766653283269,1,0.000978822266964231,
0.05,35,0.180804920784576,-0.0192241496632721,1,0.00107773600040048,
0.05,36,0.180804930736969,-0.0192241534742228,1,0.00107773879873095,
0.05,37,0.201302760959105,-0.0213820393037784,1,0.00117847576241075,
0.05,38,0.20130277464575,-0.0213820449470936,1,0.00117848001114834,
0.05,39,0.222879018210028,-0.0236495350005098,1,0.00128061194559801,
0.05,40,0.222879037161308,-0.0236495434301326,1,0.00128061844113674,
0.05,41,0.245530026947085,-0.0260258490274697,1,0.00138372670771406,
0.05,42,0.2455300533889,-0.0260258617443289,1,0.00138373672126527,
0.05,43,0.269252120442577,-0.0285102014012347,1,0.00148741002395823,
0.05,44,0.269252157645769,-0.0285102208034203,1,0.00148742561509186,
0.05,45,0.2940416363547,-0.0311018171280652,1,0.00159125639642647,
0.05,46,0.29404168917721,-0.0311018471150278,1,0.00159128096012742,
0.05,47,0.319894918538872,-0.0337999218980535,1,0.00169486038894085,
0.05,48,0.319894994274512,-0.0337999689409364,1,0.00169489963585759,
0.05,49,0.346808315133777,-0.0366037361537774,1,0.00179781091641155,
0.05,50,0.346808424847961,-0.0366038112509556,1,0.00179787468527475,
0.05,51,0.374778172969206,-0.039512467217702,1,0.00189968396985316,
0.05,52,0.374778333590735,-0.0395125896001093,1,0.0018997897054621,
0.05,53,0.40380082842639,-0.042525298563937,1,0.00200003285418288,
0.05,54,0.403801065922058,-0.0425255030246094,1,0.00200021258339956,
0.05,55,0.433872595246092,-0.0456413738463574,1,0.00209837351329342,
0.05,56,0.433872948913309,-0.0456417259859839,1,0.00209868858588192,
0.05,57,0.46498975168775,-0.0488597695422908,1,0.0021941585923555,
0.05,58,0.464990277373208,-0.0488603992921998,1,0.00219473271516264,
0.05,59,0.497148539178852,-0.0521794407316,1,0.00228672362261558,
0.05,60,0.497149297195225,-0.052180619784957,1,0.00228782111025243,
0.05,61,0.530345234023794,-0.0555991099472773,1,0.00237516926833481,
0.05,62,0.53034618594943,-0.0556014283928508,1,0.00237738109734881,
0.05,63,0.564576570377143,-0.0591171690751257,1,0.00245822148969669,
0.05,64,0.564577030530447,-0.0591217958898847,1,0.00246277925097739,
0.05,65,0.599837801449428,-0.0627406053276382,1,0.00254330648044657,
0.05,66,0.599840793711757,-0.0627329197432176,1,0.00253536056416374,
0.05,67,0.620970951583025,-5.82649906319189e-05,1,0.0619356778265969,E1
0.05,68,0.636124323076464,-0.0664566295548606,1,0.00261815863255092,
0.05,69,0.636133807250053,-0.066449931692637,1,0.00261054739428649,
0.05,70,0.673432238796215,-0.0702685013694221,1,0.00268641027127083,
0.05,71,0.673445269162951,-0.0702663959532919,1,0.0026830145074202,
0.05,72,0.711756969641214,-0.0741746724273456,1,0.00274697792186679,
0.05,73,0.711771439745819,-0.0741764798718184,1,0.00274733173666388,
0.05,74,0.75109366456501,-0.0781733546244651,1,0.00279856670978741,
0.05,75,0.75110966748774,-0.0781785033275818,1,0.00280209206438185,
0.05,76,0.791437140293326,-0.0822624334411665,1,0.00283959014318928,
0.05,77,0.791455478169392,-0.0822712715540198,1,0.00284655336946972,
0.05,78,0.832781809215548,-0.0864393350987719,1,0.00286804513182593,
0.05,79,0.832803600272583,-0.0864530567177279,1,0.00287952272416536,
0.05,80,0.875121596710178,-0.09070081515165,1,0.00288130988899926,
0.05,81,0.875148279664805,-0.0907216362086007,1,0.00289936307686406,
0.05,82,0.918449859440729,-0.0950426089997812,1,0.00287580434690607,
0.05,83,0.918483272885241,-0.0950742927214106,1,0.00290399400357126,
0.05,84,0.962759347558606,-0.0994588322544331,1,0.00284639729140264,
0.05,85,0.962801757353855,-0.0995077263504767,1,0.00289081320586456,
0.05,86,1.00804234848966,-0.103940918258111,1,0.00278533483522787,
0.05,87,1.00809620511772,-0.104017891687676,1,0.00285654702707255,
0.05,88,1.05429143725304,-0.108475703806608,1,0.00268026079657435,
0.05,89,1.05435822351429,-0.108599749526439,1,0.002797019303845,
0.05,90,1.10150213640636,-0.113042080092286,1,0.00251061882228988,
0.05,91,1.10157835672019,-0.113246900781469,1,0.00270680692681395,
0.05,92,1.14968139311198,-0.117606187979637,1,0.00224202537255481,
0.05,93,1.14974584014374,-0.11795104491562,1,0.00257872549291009,
0.05,94,1.19884830108637,-0.122701167536788,1,0.00240305084488302,
0.05,95,1.19887204633779,-0.122121422568898,1,0.00182383161745547,
0.05,96,1.24887140588852,-0.127482300126552,1,0.00216632022276411,
0.05,97,1.24920308514155,-0.126572679631498,1,0.00122813136830183,
0.05,98,1.29979847127376,-0.132273589305963,1,0.00184944997612503,
0.05,99,1.3008563182672,-0.131159916787259,1,0.000635732701613968,
0.05,100,1.32719708740054,-0.0154473107070842,1,0.117128481303022,E2
0.05,101,1.35161009510473,-0.137045225866134,1,0.00142471679962131,
0.05,102,1.35361877358811,-0.136298232193292,1,0.000480921747766782,
0.05,103,1.40428392966993,-0.141753434558895,1,0.000850795187383268,
0.05,104,1.40695917756546,-0.141847542208339,1,0.000677353552777094,
0.05,105,1.45779480795071,-0.146332015995716,1,6.43289815425046e-05,
0.05,106,1.46087083990817,-0.147395733121788,1,0.000815641172632472,
0.05,107,1.51211539717436,-0.150677276119502,1,0.00103512911254085,
0.05,108,1.51553672192836,-0.152837594960298,1,0.000772834592729249,
0.05,109,1.56721660222819,-0.154618502551848,1,0.00261453395793363,
0.05,110,1.57103884519912,-0.158198695126852,1,0.000566184991650522,
0.05,111,1.62306072858699,-0.157849734241541,1,0.00497455490176621,
0.05,112,1.62738940599636,-0.163508780044511,1,0.000224072588348722,
0.05,113,1.67953661316537,-0.159726055535651,1,0.00874578791433968,
0.05,114,1.68457265030843,-0.168783599835333,1,0.000236258403317342,
0.05,115,1.73576856619944,-0.158463835816675,1,0.0156155297883306,
0.05,116,1.74256134709551,-0.174030011755435,1,0.000805266417202788,
0.05,117,1.78332792257878,-0.153959042661411,1,0.0248458307824092,
0.05,118,1.80132212338856,-0.179252907428005,1,0.00147475253033745,
0.05,119,1.82782607829025,-0.165283590911237,1,0.0180202610230982,
0.05,120,1.86081772612719,-0.184461937144957,1,0.0022313955617737,
0.05,121,1.88439278258893,-0.177832127093796,1,0.0111816626118981,
0.05,122,1.92101003258908,-0.189678643629933,1,0.00304995449013325,
0.05,123,1.94403780264476,-0.187288687378082,1,0.00772691187797272,
0.05,124,1.98186656175894,-0.194943570198243,1,0.00388684585707622,
0.05,125,2.00512509948239,-0.195407931233967,1,0.00574678397947929,
0.05,126,2.04337247153721,-0.200320271500419,1,0.0046773507830919,
0.05,127,2.06738443539976,-0.202851890390589,1,0.0045555758352735,
0.05,128,2.10554665150517,-0.205890154830426,1,0.00534235448303808,
0.05,129,2.13072160488308,-0.209924210107483,1,0.00384175428904513,
0.05,130,2.16845337417358,-0.211733152245898,1,0.00580874077097662,
0.05,131,2.19508412109494,-0.216790705462995,1,0.00343509270686531,
0.05,132,2.23219631544829,-0.217899499428282,1,0.00603687525452612,
0.05,133,2.26043615223249,-0.223552328144049,1,0.00323156652845107,
0.05,134,2.29689121679115,-0.224390784537443,1,0.00603673257359116,
0.05,135,2.32675228153642,-0.230275540569996,1,0.00316250792778835,
0.05,136,2.36263289444778,-0.231164958748878,1,0.00585961731345051,
0.05,137,2.39401540459391,-0.237006946962991,1,0.00317983791774481,
0.05,138,2.42947732226066,-0.238159375192681,1,0.00557345143053973,
0.05,139,2.46221561340799,-0.243780851880234,1,0.00324843417182767,
0.05,140,2.49744367487679,-0.245313763982738,1,0.00524011798310464,
0.05,141,2.53134924851474,-0.250623214098629,1,0.00334210226210451,
0.05,142,2.56652663711945,-0.252582332585767,1,0.00490465010025161,
0.05,143,2.60141785643155,-0.257553670393925,1,0.00344145790903002,
0.05,144,2.63670879172382,-0.259935773871117,1,0.00459446967399134,
0.05,145,2.67242697666746,-0.264586574089713,1,0.00353277252395847,
0.05,146,2.70796896011329,-0.267358274282437,1,0.00432319692909851,
0.05,147,2.74438479665119,-0.271731629519129,1,0.00360720763398015,
0.05,148,2.78028663769922,-0.274843401149639,1,0.00409518535596448,
0.05,149,2.81730079482665,-0.278994466241908,1,0.00366010806915043,
0.05,150,2.8536439013082,-0.282390581551475,1,0.00390921568197962,
0.05,151,2.89118452628039,-0.28637731046654,1,0.00369021265968677,
0.05,152,2.92802597027286,-0.290002565180664,1,0.00376107634691136,
0.05,153,2.96604468267592,-0.293879768904411,1,0.00369878044786199,
0.05,154,3.00342113832857,-0.297683747194833,0,0.00364522547421739,
0.05,155,3.04188849421551,-0.30149965478226,0,0.00368870909797431,
0.05,156,3.07982044675211,-0.305439114992455,0,0.00355580620169725,
0.05,157,3.11872146681207,-0.309233759732855,0,0.0036637406228815,
0.05,158,3.15721727276317,-0.313273613374169,0,0.00348723725733271,
0.05,159,3.19654739090836,-0.317078493884729,0,0.00362782537249751,
0.05,160,3.23560691020891,-0.321191781509959,0,0.00343453231676438,
0.05,161,3.2753685323378,-0.325030355448841,0,0.00358467384739499,
0.05,162,3.3149861757169,-0.329197565372794,0,0.00339344731350642,
0.05,163,3.35518591743191,-0.333086229197674,0,0.0035374881741131,
0.05,164,3.39535305483272,-0.337294243986345,0,0.00336051849547915,
0.05,165,3.43599964309979,-0.341243538985199,0,0.00348884130344603,
0.05,166,3.47670639470024,-0.345484429534628,0,0.00333303163514277,
0.05,167,3.51780916635994,-0.349500290841787,0,0.0034406630357832,
0.05,168,3.55904564588304,-0.353770114340298,0,0.00330894951104152,
0.05,169,3.60061354917204,-0.357855043591961,0,0.00339429369895673,
0.05,170,3.64237065322952,-0.362152745501967,0,0.00328681676471253,
0.05,171,3.68441165015285,-0.366306838214338,0,0.00335057357504662,
0.05,172,3.72668149340716,-0.370633313010173,0,0.00326565600542364,
0.05,173,3.7692022646235,-0.374855109266043,0,0.00330994501486312,
0.05,174,3.81197835480503,-0.379212440846998,0,0.00324486517593119,
0.05,175,3.85498421961266,-0.38349959406731,0,0.00327255228413258,
0.05,176,3.89826145408882,-0.387890473599349,0,0.00322412304130138,
0.05,177,3.94175643243152,-0.392240249097071,0,0.00323833059797482,
0.05,178,3.98553098291381,-0.396667553722422,0,0.00320330699162222,
0.05,179,4.02951794152901,-0.401077178448209,0,0.00320708038860857,
0.05,180,4.07378707816371,-0.405543686799865,0,0.00318242513670959,
0.05,181,4.11826791744475,-0.410010576067516,0,0.00317852587030645,
0.05,182,4.16302980948468,-0.414518793918515,0,0.00316156294850385,
0.05,183,4.2080056603812,-0.419040681546434,0,0.00315235878540279,
0.05,184,4.25325917866321,-0.423592751580133,0,0.00314084348661822,
0.05,185,4.29873058954221,-0.428167748116105,0,0.00312826918499569,
0.05,186,4.34447512637256,-0.432765420427223,0,0.0031203994895497,
0.05,187,4.39044222811001,-0.437392020967441,0,0.00310596550075804,
0.05,188,4.43667754283615,-0.442036664523397,0,0.00310035525520132,
0.05,189,4.48314018662688,-0.446713723862856,0,0.00308518620726052,
0.05,190,4.52986627991367,-0.451406363084192,0,0.00308081617526375,
0.05,191,4.57682414664038,-0.456133052084844,0,0.00306570520541477,
0.05,192,4.62404116294058,-0.460874416491716,0,0.003061863932593,
0.05,193,4.67149384575628,-0.465650169977294,0,0.00304733277665226,
0.05,194,4.7192020013152,-0.470440748228544,0,0.00304355563393391,
0.05,195,4.76714906470707,-0.475265211609073,0,0.00302991363166791,
0.05,196,4.81534859732769,-0.480105304099928,0,0.00302592546523368,
0.05,197,4.86378961665585,-0.484978283379363,0,0.00301332325026735,
0.05,198,4.91248075307819,-0.489868049828499,0,0.00300898777559927,
0.05,199,4.96141533869805,-0.494789467662348,0,0.00299746340647315,
0.05,200,5.01059827556114,-0.499728967834449,0,0.00299274078860846,
0.05,201,5.06002608536232,-0.504698826836556,0,0.00298225751048852,
0.05,202,5.10970098012615,-0.509688053776009,0,0.00297717039006034,
0.05,203,5.15962172382844,-0.514706407253301,0,0.00296764618266788,
0.05,204,5.20978869259044,-0.519745313228158,0,0.00296225364356569,
0.05,205,5.2602021305506,-0.524812242866802,0,0.00295358330442069,
0.05,206,5.31086125029021,-0.529900758723245,0,0.00294796184010277,
0.05,207,5.36176718898108,-0.535016358376925,0,0.00294003266392004,
0.05,208,5.41291850234321,-0.5401544072629,0,0.00293426299988541,
0.05,209,5.46431678811801,-0.545318771828438,0,0.00292696522484995,
0.05,210,5.51596030936116,-0.550506278330327,0,0.00292112382143989,
0.05,211,5.56785082164381,-0.555719496673909,0,0.00291435698780275,
0.05,212,5.61998654280761,-0.560956392379832,0,0.00290851112041215,
0.05,213,5.67236918746182,-0.566218543346418,0,0.00290218737916401,
0.05,214,5.72499708415588,-0.571504769750268,0,0.00289639282663495,
0.05,215,5.77787178748554,-0.576815920409159,0,0.00289043808620624,
0.05,216,5.83099182396182,-0.582151429934197,0,0.00288473861874375,
0.05,217,5.88435852756968,-0.58751163535672,0,0.00287909225293885,
0.05,218,5.93797066093128,-0.592896391131486,0,0.00287352027525638,
0.05,219,5.99182931750876,-0.59830569514181,0,0.00286813395586674,
0.05,220,6.04593350103442,-0.603739670019486,0,0.00286271181481574,
0.05,221,6.10028407105123,-0.609198106494382,0,0.0028575478878706,
0.05,222,6.15488025669851,-0.614681281680136,0,0.00285228948814784,
0.05,223,6.2097227059006,-0.62018887609096,0,0.00284731918984165,
0.05,224,6.26481084609204,-0.625721239633726,0,0.00284223167298694,
0.05,225,6.3201451436875,-0.63127801062127,0,0.00283743338159153,
0.05,226,6.37572519250445,-0.63685955593944,0,0.0028325187121194,
0.05,227,6.43155130990717,-0.642465516789159,0,0.00282787635470332,
0.05,228,6.48762322381654,-0.648096241332157,0,0.00282313272438645,
0.05,229,6.54394113382448,-0.653751401275497,0,0.00281863439995092,
0.05,230,6.60050487205308,-0.659431305373331,0,0.00281405740990426,
0.05,231,6.65731454835006,-0.665135670682728,0,0.0028096942501149,
0.05,232,6.7143700730079,-0.670864756600997,0,0.00280527786337079,
0.05,233,6.77167148989597,-0.676618331474474,0,0.00280104312566206,
0.05,234,6.82921876592926,-0.682396602668991,0,0.00279678040413282,
0.05,235,6.88701189821639,-0.688199389918286,0,0.00279266877580904,
0.05,236,6.94505089325618,-0.694026850470141,0,0.00278855242729025,
0.05,237,7.00333571624139,-0.699878852036009,0,0.00278455951130755,
0.05,238,7.06186640039595,-0.705755506240912,0,0.00278058227735667,
0.05,239,7.12064288990943,-0.711656723563734,0,0.00277670422757469,
0.05,240,7.17966523553561,-0.717582575647124,0,0.00277285914415178,
0.05,241,7.23893336800308,-0.723533009921153,0,0.00276909241878402,
0.05,242,7.29844734948052,-0.729508063851736,0,0.00276537297924244,
0.05,243,7.35820710199269,-0.73550771618936,0,0.00276171418434467,
0.05,244,7.41821269551609,-0.741531975566263,0,0.00275811443097321,
0.05,245,7.47846404589044,-0.747580847095475,0,0.00275456022963191,
0.05,246,7.53896122928828,-0.753654315087885,0,0.00275107479561823,
0.05,247,7.59970415611732,-0.759752407002225,0,0.00274762186307186,
0.05,248,7.66069290870147,-0.7658750863243,0,0.00274424598245012,
0.05,249,7.72192739138448,-0.772022399900662,0,0.00274089099154519,
0.05,250,7.78340769383196,-0.778194292808353,0,0.00273762049055514,
0.05,251,7.84513371259039,-0.784390829404562,0,0.00273436011568925,
0.05,252,7.90710554685597,-0.7906119377043,0,0.0027311913954082,
0.05,253,7.96932308273438,-0.796857698745243,0,0.00272802232642671,
0.05,254,8.03178643199336,-0.803128023807565,0,0.00272495234349831,
0.05,255,8.09449546684763,-0.809423010766002,0,0.00272187130360918,
0.05,256,8.15745031546564,-0.815742553539696,0,0.00271889755315056,
0.05,257,8.22065083194171,-0.822086767915975,0,0.00271590131698707,
0.05,258,8.28409716547042,-0.828455528940411,0,0.00271302181989786,
0.05,259,8.34778914697517,-0.834848972243574,0,0.00271010722940741,
0.05,260,8.41172695217089,-0.841266951658539,0,0.00270732052443719,
0.05,261,8.47591038283847,-0.847709625390377,0,0.0027044845013899,
0.05,262,8.54033964770181,-0.854176822944258,0,0.0027017896409531,
0.05,263,8.60501451235648,-0.860668728586811,0,0.00269902919566821,
0.05,264,8.66993522619088,-0.867185143644963,0,0.00269642574336434,
0.05,265,8.73510151030758,-0.873726282651524,0,0.00269373797972286,
0.05,266,8.80051366379372,-0.880291914207578,0,0.00269122600651646,
0.05,267,8.86617135345856,-0.886882287997047,0,0.00268860812363369,
0.05,268,8.93207493874134,-0.893497134690263,0,0.0026861881992639,
0.05,269,8.99822402061129,-0.900136744644278,0,0.00268363749032463,
0.05,270,9.06461903139429,-0.906800804786497,0,0.00268131066592364,
0.05,271,9.13125949265812,-0.913489652248762,0,0.00267882451494923,
0.05,272,9.19814592430054,-0.920202923864127,0,0.00267659229319605,
0.05,273,9.26527775263988,-0.926941010141366,0,0.00267416817020405,
0.05,274,9.33265560224873,-0.933703491021241,0,0.00267203245988395,
0.05,275,9.40027878580027,-0.940490817385048,0,0.00266966791528011,
0.05,276,9.46814805231004,-0.947302505159283,0,0.00266763096832735,
0.05,277,9.53626257962899,-0.954139072848402,0,0.00266532362698365,
0.05,278,9.6046232638599,-0.96099996507188,0,0.0026633879581862,
0.05,279,9.67322912388483,-0.967885775294208,0,0.00266113551393849,
0.05,280,9.74208122857235,-0.974795869545004,0,0.00265930380621274,
0.05,281,9.81117841059144,-0.98173092347888,0,0.00265710401721224,
0.05,282,9.88052194038092,-0.988690217461004,0,0.00265537901883965,
0.05,283,9.95011043400004,-0.995674516255218,0,0.00265322970435369,
0.05,284,10.0199453954038,-1.00268300789493,0,0.00265161412886002,
0.05,285,10.0900251905176,-1.0097165526672,0,0.00264951316790159,
0.05,286,10.1603515918385,-1.0167742401885,0,0.0026480096113145,
0.05,287,10.2309226786037,-1.02385703202201,0,0.00264595494342756,
0.05,288,10.3017405298367,-1.03096391398295,0,0.00264456583832817,
0.05,289,10.3728028986503,-1.03809595392101,0,0.00264255546671068,
0.05,290,10.4441122113851,-1.04525202919053,0,0.00264128309554629,
0.05,291,10.515665852866,-1.05243331822918,0,0.00263931509258588,
0.05,292,10.587466640226,-1.05963858588279,0,0.00263816168538204,
0.05,293,10.6595115452028,-1.06686912496186,0,0.00263623420033589,
0.05,294,10.7318038218706,-1.07412358407535,0,0.00263520214249199,
0.05,295,10.8043399813752,-1.0814033740683,0,0.00263331341094356,
0.05,296,10.8771237637686,-1.08870702339138,0,0.00263240558555977,
0.05,297,10.9501511690355,-1.09603606509445,0,0.00263055394014853,
0.05,298,11.0234264757154,-1.10338890259056,0,0.00262977422662102,
0.05,299,11.096945118188,-1.11076719671226,0,0.00262795810814642,
0.05,300,11.1707119705915,-1.11816921895583,0,0.00262731205503744,
0.05,301,11.2447218419337,-1.12559676610711,0,0.00262553002340094,
0.05,302,11.3189802655396,-1.13304796753451,0,0.00262502571020705,
0.05,303,11.3934813576538,-1.14052476822055,0,0.00262327645431955,
0.05,304,11.4682313837055,-1.14802514023379,0,0.00262292555519234,
0.05,305,11.5432236887533,-1.15555119484764,0,0.00262120790143821,
0.05,306,11.618465356677,-1.16310072477021,0,0.00262102696561834,
0.05,307,11.6939488671028,-1.17067603358814,0,0.00261933988482369,
0.05,308,11.7696822277853,-1.17827470346841,0,0.00261935185446121,
0.05,309,11.8456569363436,-1.18589926664684,0,0.00261769446762344,
0.05,310,11.9218820564671,-1.19354705189887,0,0.00261793046294829,
0.05,311,11.9983479562483,-1.20122086947172,0,0.00261630204650095,
0.05,312,12.0750649239302,-1.20891773733776,0,0.00261680345866622,
0.05,313,12.1520220083891,-1.21664080921343,0,0.00261520345033603,
0.05,314,12.2292309404362,-1.22438671703385,0,0.00261602438708084,
0.05,315,12.3066792034215,-1.2321590429906,0,0.00261445239340211,
0.05,316,12.3843802545886,-1.23995393628351,0,0.00261566251411793,
0.05,317,12.4623196903758,-1.24777551596298,0,0.00261411832015155,
0.05,318,12.5405130650923,-1.25561932635794,0,0.00261580606261298,
0.05,319,12.6189436684207,-1.26349015925755,0,0.00261428964324523,
0.05,320,12.6976296355081,-1.27138280240562,0,0.00261656577235667,
0.05,321,12.7765514016239,-1.27930288787215,0,0.00261507730294148,
0.05,322,12.8557303125237,-1.28724426157603,0,0.00261807859105113,
0.05,323,12.9351432372252,-1.29521359880492,0,0.00261661845266722,
0.05,324,13.01481554815,-1.30320358177614,0,0.00262051112757853,
0.05,325,13.0947196278306,-1.31122216982343,0,0.00261907989940558,
0.05,326,13.1748859259826,-1.31926062166877,0,0.0026240622753555,
0.05,327,13.2552811576572,-1.32732845948423,0,0.00262266070436143,
0.05,328,13.3359421911652,-1.33541522272111,0,0.00262896416542663,
0.05,329,13.416828572457,-1.34353230921226,0,0.00262759310135979,
0.05,330,13.4979852829228,-1.35166721426815,0,0.00263548037623939,
0.05,331,13.5793628119795,-1.35983354840405,0,0.00263414065997115,
0.05,332,13.6610163674738,-1.36801642260601,0,0.00264390017142154,
0.05,333,13.7428850427669,-1.37623200356644,0,0.00264259246648006,
0.05,334,13.8250368678091,-1.38446268500305,0,0.00265452753171671,
0.05,335,13.9073966877648,-1.39272751237342,0,0.00265325209348332,
0.05,336,13.9900484853557,-1.40100586914546,0,0.00266766396915155,
0.05,337,14.07289944776,-1.40931994314925,0,0.0026664203542493,
0.05,338,14.15605320709,-1.41764589787617,0,0.0026835846219946,
0.05,339,14.2393953082139,-1.42600921962716,0,0.00268237134991877,
0.05,340,14.3230532905099,-1.43438277814639,0,0.00270250794747487,
0.05,341,14.406886523913,-1.44279534989256,0,0.00270132213852484,
0.05,342,14.4910512183061,-1.45121663195086,0,0.00272456041583436,
0.05,343,14.5753755733048,-1.45967845727373,0,0.0027233974397695,
0.05,344,14.6600496149477,-1.46814772581461,0,0.00274973884325038,
0.05,345,14.744865074767,-1.47665880974312,0,0.0027485920215768,
0.05,346,14.8300511189448,-1.48517649436334,0,0.00277787418683227,
0.05,347,14.9153576586246,-1.49373684336261,0,0.00277673459488615,
0.05,348,15.0010582074399,-1.50230355290268,0,0.00280860151653154,
0.05,349,15.0868557916188,-1.51091317470615,0,0.00280745792923177,
0.05,350,15.1730729739321,-1.51952969399582,0,0.00284134122980627,
0.05,351,15.2593615546881,-1.52818859726368,0,0.00284018024602398,
0.05,352,15.3460968651208,-1.53685586391662,0,0.00287529620919209,
0.05,353,15.4328763801035,-1.54556405772208,0,0.00287410257639216,
0.05,354,15.5201303886546,-1.55428311656935,0,0.00290946849583487,
0.05,355,15.6074007597899,-1.56304060973488,0,0.0029082256412141,
0.05,356,15.6951728095343,-1.57181254483705,0,0.00294269728908517,
0.05,357,15.7829339426176,-1.58061934516097,0,0.00294138804852024,
0.05,358,15.8712218586872,-1.58944519202607,0,0.00297371796550103,
0.05,359,15.959473644215,-1.59830130545451,0,0.00297232549045043,
0.05,360,16.0482734827174,-1.60718194873042,0,0.00300123971594917,
0.05,361,16.1370157983193,-1.61608737853796,0,0.00299974853154395,
0.05,362,16.2263216692187,-1.62502344269284,0,0.00302403769475428,
0.05,363,16.3155543840642,-1.63397818874033,0,0.00302243487818566,
0.05,364,16.4053583878975,-1.64296993089616,0,0.00304105451128043,
0.05,365,16.49508136943,-1.65197398903606,0,0.00303933095580451,
0.05,366,16.5853736947546,-1.66102120417907,0,0.00305150553847977,
0.05,367,16.67558681805,-1.67007456588224,0,0.00304965725902212,
0.05,368,16.7663560553487,-1.67917651533777,0,0.003054982724579,
0.05,369,16.8570592152502,-1.68827916761976,0,0.00305301214254,
0.05,370,16.9482929538241,-1.69743454223687,0,0.00305155209914192,
0.05,371,17.0394860797296,-1.70658646796585,0,0.00304946921233666,
0.05,372,17.1311718662467,-1.71579339811311,0,0.00304184069233974,
0.05,373,17.222854938939,-1.72499457677552,0,0.00303966399333068,
0.05,374,17.31498168822,-1.73425070186736,0,0.00302710911790062,
0.05,375,17.407154757373,-1.74350111083689,0,0.00302486607906501,
0.05,376,17.4997147160322,-1.75280372093015,0,0.00300930720594442,
0.05,377,17.5923779159692,-1.76210333720868,0,0.00300703412046716,
0.05,378,17.6853692890361,-1.77144959661278,0,0.00299111357557243,
0.05,379,17.7785228490134,-1.78079839886493,0,0.00298885455965672,
0.05,380,17.871953221319,-1.79018565424726,0,0.00297596963957455,
0.05,381,17.9655974652671,-1.79958362472004,0,0.0029737746966401,
0.05,382,18.0594882268241,-1.8090097852047,0,0.00296814126963594,
0.05,383,18.1536235564442,-1.81845691082084,0,0.00296606351483022,
0.05,384,18.2480157948596,-1.82792086369683,0,0.00297289064917345,
0.05,385,18.3426426495533,-1.83741713527334,0,0.00297098308654329,
0.05,386,18.4376057181753,-1.84691912986545,0,0.00299694648474539,
0.05,387,18.5327245051781,-1.85646453804908,0,0.00299525907654052,
0.05,388,18.628370585319,-1.86600643578718,0,0.00304970605182814,
0.05,389,18.7239815711883,-1.87560096168501,0,0.00304828420791748,
0.05,390,18.8204958042621,-1.88518620147043,0,0.00314627633904813,
0.05,391,18.916598945757,-1.89482979790762,0,0.00314516268170192,
0.05,392,19.0143161062982,-1.90446273601705,0,0.00331578714080891,
0.05,393,19.1109107416512,-1.91415528682352,0,0.00331503119325855,
0.05,394,19.2105639840055,-1.92383819059778,0,0.00362922527003676,
0.05,395,19.3076480352669,-1.93357939354635,0,0.00362892030073091,
0.05,396,19.411577120706,-1.94328822935289,0,0.00434418392159672,
0.05,397,19.5091434090047,-1.95307703749521,0,0.00434465495728492,
0.05,398,19.646109547299,-1.95918243610183,0,0.0119435554638536,
0.05,399,19.743958848605,-1.96904587744633,0,0.0118980203079872,
0.1,0,-0.297959637858956,-1.92847821045561e-12,1,0.0591954418592676,
0.1,1,0.00055208349116664,-0.000120008991083331,1,7.93474346814299e-06,
0.1,2,0.000552083496069876,-0.000120008992718386,1,7.93474409648324e-06,
0.1,3,0.00220818800705988,-0.000479949504630173,1,3.16832349072271e-05,
0.1,4,0.0022081880269252,-0.000479949511339257,1,3.16832375359456e-05,
0.1,5,0.00496787679815567,-0.00107956323759753,1,7.10790888735237e-05,
0.1,6,0.00496787684398678,-0.00107956325337789,1,7.10790952340869e-05,
0.1,7,0.00883042568590044,-0.00191842325905661,1,0.000125847756701289,
0.1,8,0.00883042577028501,-0.00191842328889309,1,0.000125847769178404,
0.1,9,0.0137948286417253,-0.00299593932560254,1,0.00019561062757917,
0.1,10,0.013794828779661,-0.00299593937603173,1,0.000195610649599532,
0.1,11,0.0198598055423453,-0.00431136522744226,1,0.000279890687465284,
0.1,12,0.0198598057522279,-0.00431136530730173,1,0.000279890724035626,
0.1,13,0.0270238120415722,-0.00586380806095247,1,0.000378119645584911,
0.1,14,0.0270238123464542,-0.00586380818242819,1,0.000378119704068492,
0.1,15,0.0352850514761266,-0.00765223928249002,1,0.000489646402580957,
0.1,16,0.035285051905366,-0.00765223946257515,1,0.000489646493799676,
0.1,17,0.0446414886960498,-0.00967550735058567,1,0.000613746693026779,
0.1,18,0.0446414892874343,-0.00967550761319147,1,0.000613746832907984,
0.1,19,0.0550908656787725,-0.0119323517103326,1,0.000749633689021448,
0.1,20,0.0550908664813664,-0.0119323520893148,1,0.000749633900998428,
0.1,21,0.0666307187498977,-0.0144214178164065,1,0.000896469302508101,
0.1,22,0.0666307198278007,-0.0144214183599727,1,0.000896469621092936,
0.1,23,0.0792583971929608,-0.0171412728331176,1,0.00105337587518192,
0.1,24,0.0792583986303271,-0.0171412736103027,1,0.00105337635131443,
0.1,25,0.0929710829860388,-0.020090421595462,1,0.00121944790032382,
0.1,26,0.09297108489377,-0.0200904227056501,1,0.00121944860937435,
0.1,27,0.107765811356084,-0.0232673223696279,1,0.00139376338563016,
0.1,28,0.107765813880748,-0.023267323956739,1,0.0013937644395314,
0.1,29,0.123639491794667,-0.0266704019208553,1,0.00157539444553524,
0.1,30,0.123639495130307,-0.0266704041945508,1,0.00157539601121885,
0.1,31,0.140588929134247,-0.0302980693864064,1,0.00176341671043662,
0.1,32,0.140588933537911,-0.0302980726541008,1,0.00176341903812166,
0.1,33,0.158610844246207,-0.034148728466566,1,0.00195691716262349,
0.1,34,0.158610850058064,-0.0341487331821253,1,0.00195692062954787,
0.1,35,0.177701893895258,-0.0382207874897023,1,0.00215500005624389,
0.1,36,0.177701901563963,-0.0382207943281611,1,0.00215500523485253,
0.1,37,0.197858689274443,-0.042512666978168,1,0.00235679065005581,
0.1,38,0.197858699387645,-0.042512676951443,1,0.00235679841534625,
0.1,39,0.219077812756006,-0.0470228044365751,1,0.00256143657237059,
0.1,40,0.219077826073744,-0.0470228190743845,1,0.00256144827257241,
0.1,41,0.241355832430211,-0.0517496561945506,1,0.00276810673865906,
0.1,42,0.241355849913499,-0.051749677830075,1,0.00276812446952032,
0.1,43,0.264689314070604,-0.0566916962506924,1,0.00297598784142059,
0.1,44,0.264689336885213,-0.0566917284760647,1,0.00297601489186789,
0.1,45,0.289074830264206,-0.0618474121676726,1,0.0031842785132219,
0.1,46,0.2890748597114,-0.0618474605669079,1,0.00318432009744044,
0.1,47,0.314508966585581,-0.0672152981428874,1,0.00339218130887477,
0.1,48,0.314509003848075,-0.0672153714798429,1,0.00339224578105913,
0.1,49,0.340988324893066,-0.0727938454090737,1,0.00359889264254084,
0.1,50,0.340988370340939,-0.072793957558339,1,0.003598993527189,
0.1,51,0.368509524132867,-0.0785815301027021,1,0.00380359073820061,
0.1,52,0.368509575608042,-0.0785817031664846,1,0.00380375012569115,
0.1,53,0.397069199571163,-0.0845767987304059,1,0.00400542153834289,
0.1,54,0.397069248329381,-0.0845770679256602,1,0.00400567568085188,
0.1,55,0.426664002383084,-0.0907780516371173,1,0.00420348258329542,
0.1,56,0.426664023732556,-0.0907784723304156,1,0.00420389064925126,
0.1,57,0.45729053565554,-0.0971842818126202,1,0.00439746179845231,
0.1,58,0.457290603308569,-0.097183626448343,1,0.00439680605724593,
0.1,59,0.488945406843941,-0.103792789143312,1,0.00458538688727874,
0.1,60,0.488945705740541,-0.103791789414138,1,0.00458434770454052,
0.1,61,0.521625238010433,-0.110602194831253,1,0.00476657762864893,
0.1,62,0.521626066262152,-0.110600758462697,1,0.00476500534361937,
0.1,63,0.555326596271118,-0.117610584893837,1,0.00493984020092723,
0.1,64,0.555328471315129,-0.117608794494494,1,0.00493771297663175,
0.1,65,0.590046003716198,-0.124815905032058,1,0.00510385220832951,
0.1,66,0.590049525632739,-0.124814288653336,1,0.00510156835276483,
0.1,67,0.620970951041406,-5.82666463295749e-05,1,0.123310778093898,E1
0.1,68,0.625779927139714,-0.132215929823114,1,0.00525713452800835,
0.1,69,0.625785325102135,-0.132215487863373,1,0.00525562896845546,
0.1,70,0.662524770458706,-0.139808225036553,1,0.0053980158834497,
0.1,71,0.662531681055177,-0.139809946538039,1,0.00539833014594368,
0.1,72,0.700276872292536,-0.147590100580183,1,0.00552458720924815,
0.1,73,0.700284710243491,-0.147594651674759,1,0.00552749042446376,
0.1,74,0.739032512885949,-0.155558550945125,1,0.00563464190788712,
0.1,75,0.73904078597137,-0.155566495083544,1,0.00564078408409739,
0.1,76,0.778787937626653,-0.163710179567668,1,0.00572559704710658,
0.1,77,0.77879620527461,-0.163722292657752,1,0.0057358261537654,
0.1,78,0.819539409805729,-0.172041103928658,1,0.00579438986910563,
0.1,79,0.819547072600496,-0.172058582160843,1,0.00580999733800191,
0.1,80,0.861283314508688,-0.180546841246329,1,0.00583734512194206,
0.1,81,0.861289319078024,-0.180571457693588,1,0.00586027795539472,
0.1,82,0.9040163504969,-0.189222184693858,1,0.00585001562354038,
0.1,83,0.90401874602547,-0.18925643950275,1,0.00588311169880721,
0.1,84,0.94773107391516,-0.198108335857285,1,0.00587426053706339,
0.1,85,0.947735868261457,-0.198061107419465,1,0.00582702103406209,
0.1,86,0.992422010473761,-0.207121071506108,1,0.00582862306269151,
0.1,87,0.992440432511206,-0.207056797810398,1,0.00576197066784048,
0.1,88,1.03808736012708,-0.216287466954485,1,0.00573999642477461,
0.1,89,1.03813066782996,-0.216202071151258,1,0.00564769893979304,
0.1,90,1.08472320576764,-0.22559895469403,1,0.00560076210380957,
0.1,91,1.08481026138186,-0.225490646868492,1,0.00547731794326144,
0.1,92,1.13232620986957,-0.235045218672452,1,0.00540147274576162,
0.1,93,1.13248635644676,-0.234919987133663,1,0.00524692128678372,
0.1,94,1.18089410967959,-0.244613746266666,1,0.00513031468662444,
0.1,95,1.18116720546487,-0.244495785081957,1,0.00496044911510314,
0.1,96,1.23042652730913,-0.254289294061961,1,0.00477242343997506,
0.1,97,1.23085404630074,-0.254235046472306,1,0.0046343222784611,
0.1,98,1.2809262915466,-0.264053302631904,1,0.0043090475387662,
0.1,99,1.28152878309729,-0.264159705833203,1,0.00429363316694874,
0.1,100,1.32719707262262,-0.0154473188511586,1,0.248533953327823,E2
0.1,101,1.33240159329442,-0.273883380332237,1,0.00371661439973203,
0.1,102,1.33315113961524,-0.274277154028105,1,0.00395362697232756,
0.1,103,1.38486950070955,-0.283753181584492,1,0.0029659126826205,
0.1,104,1.38567706853201,-0.284565159035885,1,0.00360126568583249,
0.1,105,1.43836167791175,-0.293633508673872,1,0.00202203599352937,
0.1,106,1.43908096593395,-0.294980950924414,1,0.00319971863883669,
0.1,107,1.49293354314222,-0.303496743201845,1,0.000846906558230279,
0.1,108,1.49335783631305,-0.305481472890856,1,0.00270777975216839,
0.1,109,1.54851116701331,-0.316032630508121,1,0.00209134138904621,
0.1,110,1.54867795602028,-0.313330032783589,1,0.000590520174515973,
0.1,111,1.60454240691817,-0.326606692911913,1,0.0013229376074946,
0.1,112,1.60574002628706,-0.323170739924458,1,0.00228245531710853,
0.1,113,1.66144609382595,-0.337176388578727,1,0.000376925670751368,
0.1,114,1.66430338504556,-0.333189143512605,1,0.00409849609070269,
0.1,115,1.71920738871986,-0.347710005927652,1,0.000774825824227662,
0.1,116,1.72443578864283,-0.343797336195615,1,0.00564822537255266,
0.1,117,1.77779842465919,-0.358167903172529,1,0.00216563216068207,
0.1,118,1.78458286893777,-0.173750708670719,1,0.184254621875795,E3
0.1,119,1.78573886202075,-0.355473248226919,1,0.00638409478853067,
0.1,120,1.83717032647892,-0.368500303185344,1,0.0038345682417904,
0.1,121,1.84749338677465,-0.368130631621643,1,0.00624774646686295,
0.1,122,1.89723654987337,-0.378648473705493,1,0.0058220018939203,
0.1,123,1.90942370982564,-0.381214909862815,1,0.00572793850397573,
0.1,124,1.95784089125442,-0.388559106482092,1,0.00814914588976801,
0.1,125,1.97168283435803,-0.394347085692661,1,0.00522651048554589,
0.1,126,2.018709519919,-0.398244379073576,1,0.0107496636487775,
0.1,127,2.03447345631327,-0.407406261958785,1,0.00490221913703373,
0.1,128,2.07945060066649,-0.407955445618696,1,0.0132995617565855,
0.1,129,2.09792901088491,-0.420388599433898,1,0.00478533663739677,
0.1,130,2.13985358954248,-0.418410640432352,1,0.0150529961329159,
0.1,131,2.1621221711837,-0.433327467448694,1,0.00485759673917782,
0.1,132,2.20049950000424,-0.430449217444284,1,0.0153028716056486,
0.1,133,2.22708832578257,-0.446265617878242,1,0.00508413038258139,
0.1,134,2.26247004771893,-0.444054861510624,1,0.0142800818297057,
0.1,135,2.29284271587625,-0.459247604394411,1,0.00542429996084686,
0.1,136,2.32626367419079,-0.458508524450969,1,0.012788366934646,
0.1,137,2.35939178006492,-0.472318474851728,1,0.00583523472973768,
0.1,138,2.3917641576055,-0.47325029482921,1,0.011353387695475,
0.1,139,2.42674105535813,-0.485523505959718,1,0.00627366053347758,
0.1,140,2.45872387620883,-0.488052266625835,1,0.0101493123366033,
0.1,141,2.49490077528019,-0.49890694072913,1,0.00669824936335297,
0.1,142,2.52695413811156,-0.502858005575934,1,0.00919396290355671,
0.1,143,2.56388916107929,-0.512509154922218,1,0.00707305028740753,
0.1,144,2.59633423771462,-0.517672720890465,1,0.00845825352218697,
0.1,145,2.63373291038414,-0.52636280610528,1,0.00737136071643143,
0.1,146,2.66678878087458,-0.532519736120289,1,0.00790434705579657,
0.1,147,2.70446476709293,-0.54048938205921,1,0.0075786264028758,
0.1,148,2.73826993313339,-0.547425747463038,1,0.00749657621356519,
0.1,149,2.77611905634638,-0.554897684789713,1,0.0076930401478705,
0.1,150,2.81074680070061,-0.562416216856714,1,0.00720384895237215,
0.1,151,2.84872689713763,-0.569584949854763,1,0.00772349367819071,
0.1,152,2.88419938259709,-0.577514099375396,1,0.00699969419018199,
0.1,153,2.92231274482437,-0.584540055120557,1,0.00768574595500073,
0.1,154,2.95861507084263,-0.592739594733946,1,0.00686181004258452,
0.1,155,2.99689302827096,-0.599747498324515,1,0.00759825413922314,
0.1,156,3.03398651416461,-0.608110166054702,0,0.00677162101462195,
0.1,157,3.07247663817716,-0.615190897297526,0,0.00747884015664755,
0.1,158,3.11031019778234,-0.623640605063417,0,0.00671393195112801,
0.1,159,3.14906648957691,-0.630855367314,0,0.00734267115718717,
0.1,160,3.18758539760078,-0.639343107423516,0,0.00667664643450596,
0.1,161,3.22666138824195,-0.646728731325427,0,0.00720144420257285,
0.1,162,3.26581334011842,-0.655227378315251,0,0.00665049640959318,
0.1,163,3.3052577088289,-0.662801846549538,0,0.00706339958359385,
0.1,164,3.34499649702903,-0.671300794271374,0,0.00662874343292897,
0.1,165,3.38485068157757,-0.679068398140831,0,0.00693377866420489,
0.1,166,3.42513799513081,-0.687568633306377,0,0.00660683589781411,
0.1,167,3.4654352717598,-0.695524442050055,0,0.00681544662918325,
0.1,168,3.50624114374688,-0.704034366594418,0,0.0065820292834854,
0.1,169,3.5470067209048,-0.712167878392106,0,0.00670951614353279,
0.1,170,3.58830908445811,-0.720699989894011,0,0.00655299174949106,
0.1,171,3.62956083895601,-0.728997953171977,0,0.00661589373682135,
0.1,172,3.67134456063985,-0.737566365613948,0,0.00651942310234321,
0.1,173,3.71309412693398,-0.746014831497809,0,0.00653372245217886,
0.1,174,3.75534979433412,-0.754633547149101,0,0.00648171246311388,
0.1,175,3.79760379140082,-0.76321925454777,0,0.00646172091521222,
0.1,176,3.84032645013515,-0.771901063640825,0,0.00644065200844663,
0.1,177,3.8830876945265,-0.780612277246189,0,0.0063984305085866,
0.1,178,3.92627566211566,-0.789368152434186,0,0.00639721449641792,
0.1,179,3.96954426980196,-0.798195077073831,0,0.00634238600545109,
0.1,180,4.01319810032591,-0.807033935397427,0,0.00635239367305432,
0.1,181,4.05697242348515,-0.815968822360114,0,0.00629222507218745,
0.1,182,4.10109405684231,-0.824897542194807,0,0.00630710055194782,
0.1,183,4.14537143487845,-0.833934588390422,0,0.00624675067701954,
0.1,184,4.18996353619081,-0.842958187945944,0,0.00626210526730084,
0.1,185,4.23474086362167,-0.852093310531326,0,0.00620495861236584,
0.1,186,4.27980633996602,-0.861215214657455,0,0.00621801327936676,
0.1,187,4.32508046868498,-0.870445764809024,0,0.00616604043565337,
0.1,188,4.37062213981136,-0.87966810596886,0,0.00617526542141541,
0.1,189,4.4163901412264,-0.888992567750888,0,0.00612937028544325,
0.1,190,4.4624105362718,-0.898316483791084,0,0.00613415288644418,
0.1,191,4.50866985168741,-0.907734188717846,0,0.00609448228441142,
0.1,192,4.55517110334834,-0.917160093904855,0,0.0060948401933317,
0.1,193,4.60191961027804,-0.926670969348086,0,0.00606104363280153,
0.1,194,4.64890342000741,-0.936198785935349,0,0.00605739107296209,
0.1,195,4.69613943924729,-0.945803146044159,0,0.00602882706057358,
0.1,196,4.7436070906385,-0.955432491576849,0,0.00602179387380604,
0.1,197,4.79132935494962,-0.965130872611836,0,0.00599768507695972,
0.1,198,4.83928175670546,-0.974861203627813,0,0.00598798442371842,
0.1,199,4.88748935761982,-0.984654241163923,0,0.00596752745192368,
0.1,200,4.9359271017828,-0.994484957356744,0,0.00595586529317707,
0.1,201,4.98461942687407,-1.004373300214,0,0.005938302589287,
0.1,202,5.03354285193024,-1.01430381494141,0,0.00592532112030306,
0.1,203,5.08271952118766,-1.02428806950248,0,0.00590998289243516,
0.1,204,5.13212877303977,-1.03431785317921,0,0.00589623012843908,
0.1,205,5.18178957989994,-1.04439855153531,0,0.00588255385398324,
0.1,206,5.23168466644404,-1.05452715431064,0,0.00586847224732841,
0.1,207,5.28182952661141,-1.06470474009761,0,0.00585600638666639,
0.1,208,5.33221036375084,-1.07493179959055,0,0.00584193438743314,
0.1,209,5.3828392731392,-1.08520662616314,0,0.00583033181759126,
0.1,210,5.43370572157939,-1.09553186514371,0,0.00581651345603953,
0.1,211,5.48481872345799,-1.10590420168372,0,0.00580551895720347,
0.1,212,5.53617061663657,-1.11632741961907,0,0.00579211767806873,
0.1,213,5.58776777726848,-1.12679746174238,0,0.00578155269808514,
0.1,214,5.63960494138435,-1.13731852318456,0,0.00576866672040216,
0.1,215,5.69168633300306,-1.14788640551111,0,0.00575841367335262,
0.1,216,5.74400860040849,-1.15850522746081,0,0.00574609103552175,
0.1,217,5.79657429019832,-1.16917103639039,0,0.00573607859133376,
0.1,218,5.84938150750373,-1.17988757606099,0,0.00572433075328233,
0.1,219,5.9024315512462,-1.19065136163437,0,0.00571452095072383,
0.1,220,5.95572358342514,-1.20146560547622,0,0.00570333436640184,
0.1,221,6.00925802258591,-1.21232739169481,0,0.00569371192046804,
0.1,222,6.06303475422196,-1.22323934611301,0,0.00568305738273871,
0.1,223,6.11705361542431,-1.23419913945182,0,0.00567362123670336,
0.1,224,6.17131495005337,-1.24520882334759,0,0.0056634610566694,
0.1,225,6.22581824608099,-1.25626661944537,0,0.00565421802457824,
0.1,226,6.28056410438538,-1.26737405851053,0,0.00564451126454717,
0.1,227,6.33555183605182,-1.27852984717751,0,0.00563547149468754,
0.1,228,6.39078215347478,-1.28973506975237,0,0.00562617755381481,
0.1,229,6.4462543118741,-1.30098883852231,0,0.00561735149459715,
0.1,230,6.5019690360588,-1.31229187276853,0,0.00560843237088296,
0.1,231,6.5579256048632,-1.32364360925678,0,0.00559982891625093,
0.1,232,6.61412469318451,-1.33504448138118,0,0.00559125045697079,
0.1,233,6.67056565077684,-1.34649417471006,0,0.00558287597309606,
0.1,234,6.72724906812465,-1.35799290798766,0,0.00557460839188348,
0.1,235,6.78417438944845,-1.36954054951854,0,0.00556646636726541,
0.1,236,6.84134210634342,-1.38113716389188,0,0.00555848426244933,
0.1,237,6.89875176442008,-1.39278274746989,0,0.00555057536944898,
0.1,238,6.95640375548287,-1.40447725953787,0,0.00554285743090792,
0.1,239,7.01429772259348,-1.41622078141684,0,0.00553517983411609,
0.1,240,7.07243396535511,-1.42801320466488,0,0.00552770838135176,
0.1,241,7.13081221391282,-1.4398546632428,0,0.00552025817018324,
0.1,242,7.18943268792814,-1.45174500840155,0,0.00551301862461226,
0.1,243,7.24829519108284,-1.46368440386247,0,0.00550579028440217,
0.1,244,7.3073998773023,-1.47567267931477,0,0.00549877064571654,
0.1,245,7.36674660932632,-1.48771001324397,0,0.0054917575114828,
0.1,246,7.42633548967609,-1.49979622542509,0,0.00548494788197897,
0.1,247,7.48616642617908,-1.51193150044119,0,0.00547814254168477,
0.1,248,7.54623948330318,-1.52411565419874,0,0.00547153472228799,
0.1,249,7.60655460132018,-1.53634887362759,0,0.00546492935393072,
0.1,250,7.66711181844494,-1.54863097252318,0,0.00545851652161715,
0.1,251,7.72791109643567,-1.5609621401258,0,0.0054521031597651,
0.1,252,7.78895245732266,-1.57334218667144,0,0.00544587962650432,
0.1,253,7.85023587511227,-1.58577130642858,0,0.00543965036164285,
0.1,254,7.91176136407416,-1.59824930225876,0,0.00543361140894294,
0.1,255,7.97352890276065,-1.61077637820926,0,0.00542755852748327,
0.1,256,8.0355385047208,-1.62335232419463,0,0.00542170030677112,
0.1,257,8.09779014656516,-1.63597736032106,0,0.00541581638133043,
0.1,258,8.16028384714891,-1.64865125663256,0,0.00541013586929083,
0.1,259,8.2230195754618,-1.6613742567865,0,0.00540441380940521,
0.1,260,8.28599736111097,-1.67414610292057,0,0.0053989088059441,
0.1,261,8.34921716014281,-1.68696707077918,0,0.00539334187880305,
0.1,262,8.41267901824989,-1.69983686555598,0,0.00538801103552706,
0.1,263,8.47638287308963,-1.71275580460257,0,0.00538259286487491,
0.1,264,8.54032879214943,-1.72572354614919,0,0.00537743573163562,
0.1,265,8.60451668863375,-1.73874045967093,0,0.00537216028200661,
0.1,266,8.66894665841158,-1.75180614540261,0,0.00536717735872158,
0.1,267,8.73361858304523,-1.7649210365,0,0.00536203891033541,
0.1,268,8.79853259475982,-1.77808466311196,0,0.00535723169132969,
0.1,269,8.86368853464608,-1.79129753471565,0,0.00535222480977745,
0.1,270,8.92908658116403,-1.8045590981982,0,0.00534759580763199,
0.1,271,8.9947265239443,-1.81786995308961,0,0.00534271531164404,
0.1,272,9.06060859997982,-1.83122944877837,0,0.00533826804765243,
0.1,273,9.12673253378062,-1.84463828961183,0,0.0053335089769196,
0.1,274,9.1930986360896,-1.85809571228233,0,0.00532924792688802,
0.1,275,9.25970654947465,-1.87160254160636,0,0.00532460551166313,
0.1,276,9.32655667703022,-1.88515788561981,0,0.00532053599797026,
0.1,277,9.39364855895751,-1.89876270589649,0,0.00531600563153154,
0.1,278,9.46098271308872,-1.91241596539719,0,0.0053121336571958,
0.1,279,9.52855855287008,-1.92611877901818,0,0.00530771087215347,
0.1,280,9.59637673734441,-1.93986994817659,0,0.0053040428990068,
0.1,281,9.66443652460715,-1.95367075747495,0,0.00529972334806646,
0.1,282,9.73273874563712,-1.96751983076076,0,0.00529626603041069,
0.1,283,9.80128247028829,-1.98141863801792,0,0.00529204547246682,
0.1,284,9.87006873644613,-1.99536561047749,0,0.00528880536823228,
0.1,285,9.93909638863834,-2.00936241792456,0,0.00528467966026419,
0.1,286,10.0083667106719,-2.02340728542613,0,0.00528166295413654,
0.1,287,10.0778782807719,-2.03750209523947,0,0.00527762804933917,
0.1,288,10.1476326713253,-2.05164485463962,0,0.00527484033405544,
0.1,289,10.2176281498873,-2.06583766893041,0,0.00527089228672736,
0.1,290,10.2878666231498,-2.0800783181091,0,0.00526833845906017,
0.1,291,10.3583460008925,-2.09436913890724,0,0.00526447343588899,
0.1,292,10.4290685722193,-2.10870767661497,0,0.00526215777103509,
0.1,293,10.5000318400109,-2.12309650584839,0,0.00525837206827804,
0.1,294,10.571238525583,-2.13753293131346,0,0.00525629853719699,
0.1,295,10.6426856744331,-2.15201977078379,0,0.00525258860305081,
0.1,296,10.714376491045,-2.16655408303559,0,0.00525076149359169,
0.1,297,10.7863075121064,-2.18113893439231,0,0.0052471239537606,
0.1,298,10.8584824771938,-2.19577113127164,0,0.00524554884601071,
0.1,299,10.9308973617717,-2.21045399598639,0,0.0052419805308156,
0.1,300,11.0035564938026,-2.22518407283067,0,0.00524066566341731,
0.1,301,11.0764552333733,-2.23996495217417,0,0.00523716363406271,
0.1,302,11.1495985527357,-2.25479290018125,0,0.00523612168421351,
0.1,303,11.2229811389718,-2.26967179520443,0,0.0052326832563287,
0.1,304,11.2966086694966,-2.28459759948857,0,0.0052319335474982,
0.1,305,11.3704750942975,-2.29957451100922,0,0.00522855631024064,
0.1,306,11.4445868655581,-2.31459814836335,0,0.00522812746223461,
0.1,307,11.5189371210811,-2.32967307695795,0,0.00522480929250954,
0.1,308,11.5935331716249,-2.34479451332265,0,0.00522474234400939,
0.1,309,11.6683672503166,-2.35996745932269,0,0.00522148141633536,
0.1,310,11.7434476320109,-2.37518664693947,0,0.00522183347827351,
0.1,311,11.8187655266375,-2.39045761042956,0,0.00521862827254965,
0.1,312,11.8943303103762,-2.40577448462998,0,0.00521947680877766,
0.1,313,11.9701320140482,-2.42114346544446,0,0.00521632611865455,
0.1,314,12.0461812971551,-2.43655794101362,0,0.00521777398067018,
0.1,315,12.1224668033539,-2.45202493872843,0,0.00521467692670795,
0.1,316,12.1990007191452,-2.46753690580388,0,0.00521685827287393,
0.1,317,12.2757700217504,-2.48310191972175,0,0.00521381432251877,
0.1,318,12.3527887518666,-2.4987112392762,0,0.0052169014952268,
0.1,319,12.4300418451926,-2.51437426840529,0,0.00521391049096166,
0.1,320,12.5075456354327,-2.53008076753732,0,0.00521812177785554,
0.1,321,12.5852825142767,-2.54584181056818,0,0.00521518396942332,
0.1,322,12.6632716947221,-2.56164527811075,0,0.00522079190530952,
0.1,323,12.7414923544301,-2.57750433340161,0,0.00521790797714172,
0.1,324,12.8199673645465,-2.5934045167495,0,0.00522524744027486,
0.1,325,12.8986718010926,-2.60936158233549,0,0.00522241851823817,
0.1,326,12.9776332201608,-2.62535818685878,0,0.00523189335092247,
0.1,327,13.0568214302273,-2.64141326050529,0,0.00522912096597739,
0.1,328,13.1362700127934,-2.65750595338363,0,0.00524120725946343,
0.1,329,13.2159419938299,-2.67365903270732,0,0.00523849324075652,
0.1,330,13.2958787088111,-2.68984745337562,0,0.00525373686698138,
0.1,331,13.3760344590305,-2.70609853605383,0,0.00525108313579278,
0.1,332,13.456460529683,-2.72238231554352,0,0.0052700887320166,
0.1,333,13.5371000479386,-2.73873139962649,0,0.00526749697146217,
0.1,334,13.6180169881344,-2.75511019074965,0,0.0052909055649037,
0.1,335,13.6991402736125,-2.77155727507665,0,0.00528837675090099,
0.1,336,13.7805499140019,-2.78803079449157,0,0.0053168297293476,
0.1,337,13.8621569656525,-2.80457587919241,0,0.005314363526076,
0.1,338,13.9440614615827,-2.82114396082587,0,0.0053484518537359,
0.1,339,14.0261522772211,-2.83778704786765,0,0.00534604589929745,
0.1,340,14.1085540891496,-2.85444970500169,0,0.00538624537632688,
0.1,341,14.1911286641773,-2.87119079871703,0,0.00538389451084994,
0.1,342,14.274030501177,-2.88794828948476,0,0.00543049035933817,
0.1,343,14.357088826906,-2.90478739700042,0,0.00542818587209751,
0.1,344,14.4404935450908,-2.9216402854694,0,0.00548119269048866,
0.1,345,14.5240356067039,-2.93857741694572,0,0.00547892167996739,
0.1,346,14.6079460572103,-2.95552661993356,0,0.00553800735934975,
0.1,347,14.6919718314511,-2.97256178853081,0,0.00553575230724979,
0.1,348,14.7763906569487,-2.98960859737315,0,0.00560017627014284,
0.1,349,14.8609001096944,-3.00674181888126,0,0.00559791492214133,
0.1,350,14.9458294939072,-3.02388788603559,0,0.0056664914891492,
0.1,351,15.0308225778401,-3.04111917813788,0,0.00566419711382572,
0.1,352,15.1162639586362,-3.05836646097325,0,0.00573529359326619,
0.1,353,15.2017406112796,-3.07569584215687,0,0.0057329356598025,
0.1,354,15.2876943738163,-3.09304650039571,0,0.00580451189885938,
0.1,355,15.3736545162346,-3.11047398856394,0,0.00580205717874131,
0.1,356,15.4601196878224,-3.12793023707322,0,0.00587174921674161,
0.1,357,15.546563224311,-3.14545584795218,0,0.00586916328375415,
0.1,358,15.6335371967943,-3.16301977212796,0,0.00593440913318318,
0.1,359,15.7204640158962,-3.18064351758451,0,0.0059316582139555,
0.1,360,15.8079423246369,-3.19831686359485,0,0.00598985952720766,
0.1,361,15.8953523018299,-3.21603874999648,0,0.0059869126424024,
0.1,362,15.9833284934602,-3.23382270600407,0,0.00603562285465324,
0.1,363,16.0712214958557,-3.25164273275612,0,0.00603245418621223,
0.1,364,16.1596871208198,-3.26953771969478,0,0.00606958208671024,
0.1,365,16.2480630141945,-3.28745587809168,0,0.00606617350062522,
0.1,366,16.3370077857419,-3.30546136983973,0,0.0060901910617983,
0.1,367,16.4258664441617,-3.32347764237197,0,0.00608653469927998,
0.1,368,16.5152786135803,-3.34159203582539,0,0.00609667896105085,
0.1,369,16.604619931737,-3.35970639609383,0,0.00609277977352021,
0.1,370,16.6944869402613,-3.3779269523739,0,0.0060892399778105,
0.1,371,16.7843108483557,-3.39613936576964,0,0.00608511801733388,
0.1,372,16.874620328412,-3.41446224499633,0,0.00606920044466333,
0.1,373,16.9649268089343,-3.43277267029417,0,0.0060648926360164,
0.1,374,17.0556680193628,-3.45119308364731,0,0.00603915670994818,
0.1,375,17.1464571243548,-3.46960147559754,0,0.00603471773998742,
0.1,376,17.2376229142556,-3.48811397811049,0,0.0060030792258314,
0.1,377,17.3288947805877,-3.50662029095721,0,0.00599858113028319,
0.1,378,17.420484186202,-3.52521923329648,0,0.00596638528169031,
0.1,379,17.5122390451107,-3.54382342485418,0,0.00596191534482125,
0.1,380,17.6042606474102,-3.56250356733744,0,0.00593600217520498,
0.1,381,17.6964988232503,-3.5812056027986,0,0.00593165895002612,
0.1,382,17.7889750760857,-3.59996286494342,0,0.00592048849530698,
0.1,383,17.8816969682715,-3.61876271899192,0,0.00591637614469777,
0.1,384,17.9746699709785,-3.63759499048924,0,0.00593038049514826,
0.1,385,18.0678760127214,-3.65649264563949,0,0.0059266022219315,
0.1,386,18.1614159652542,-3.6754005232622,0,0.00597914307831038,
0.1,387,18.2551065525303,-3.6943959616513,0,0.005975795057629,
0.1,388,18.3493262728874,-3.71338320742171,0,0.00608559886384805,
0.1,389,18.4435016544856,-3.73247639208673,0,0.00608276674859942,
0.1,390,18.538586863814,-3.75154980334045,0,0.00628006875917829,
0.1,391,18.6332469690236,-3.77074064095927,0,0.00627782996318261,
0.1,392,18.7295336698023,-3.7899086047964,0,0.00662116364930245,
0.1,393,18.8246777892715,-3.80919686493768,0,0.00661960308416491,
0.1,394,18.9229037769167,-3.82846288429379,0,0.0072521126573453,
0.1,395,19.018529722744,-3.84784796740895,0,0.00725138325167024,
0.1,396,19.1210590395184,-3.86715887159239,0,0.00869484222403785,
0.1,397,19.2171591883854,-3.88663870470306,0,0.0086954611150453,
0.1,398,19.3518579742731,-3.89882893418496,0,0.0235087422748361,
0.1,399,19.448238934409,-3.91845725425869,0,0.0234196226429951,
0.15,0,-0.297959637854888,3.01817073191729e-13,1,0.088053093755326,
0.15,1,0.000535613161094405,-0.000178099465346098,1,1.18604058817374e-05,
0.15,2,0.000535613165643144,-0.00017809946773096,1,1.18604068158386e-05,
0.15,3,0.00214233497238751,-0.000712276204001008,1,4.73601742402636e-05,
0.15,4,0.00214233499086672,-0.000712276213819228,1,4.73601781589874e-05,
0.15,5,0.0048198130571827,-0.00160216665520682,1,0.000106256116651746,
0.15,6,0.00481981309966712,-0.00160216667825801,1,0.00010625612611838,
0.15,7,0.00856746225100183,-0.00284716957394429,1,0.000188146769737896,
0.15,8,0.00856746232883355,-0.00284716961741969,1,0.000188146788270688,
0.15,9,0.0133844677962933,-0.0044464530126762,1,0.000292478120979402,
0.15,10,0.0133844679226772,-0.00444645308591326,1,0.000292478153596463,
0.15,11,0.0192697898145449,-0.00639896398605303,1,0.000418551520162219,
0.15,12,0.0192697900052314,-0.00639896410155479,1,0.000418551574153534,
0.15,13,0.0262221690564799,-0.00870344069930954,1,0.000565533662311757,
0.15,14,0.026222169330598,-0.00870344087412562,1,0.000565533748312493,
0.15,15,0.0342401339321434,-0.0113584271741183,1,0.000732468482772083,
0.15,16,0.0342401343131783,-0.0113584274317576,1,0.000732468616300832,
0.15,17,0.0433220088234317,-0.0143622900508996,1,0.000918290752545129,
0.15,18,0.0433220093403906,-0.0143622904240221,1,0.000918290956230824,
0.15,19,0.0534659236810587,-0.0177132372841389,1,0.00112184110251217,
0.15,20,0.0534659243698331,-0.0177132378183502,1,0.00112184140931696,
0.15,21,0.0646698249042776,-0.0214093383782751,1,0.00134188214033873,
0.15,22,0.0646698258091772,-0.021409339137538,1,0.00134188259827409,
0.15,23,0.0769314874928076,-0.0254485457390774,1,0.00157711525708384,
0.15,24,0.0769314886681923,-0.0254485468134413,1,0.00157711593611293,
0.15,25,0.0902485284439312,-0.029828716642802,1,0.00182619765602465,
0.15,26,0.0902485299557324,-0.0298287181594914,1,0.00182619865820558,
0.15,27,0.104618421341261,-0.0345476352583795,1,0.0020877590799797,
0.15,28,0.104618423267947,-0.0345476373977518,1,0.00208776055442556,
0.15,29,0.120038512043313,-0.03960303410275,1,0.00236041767208323,
0.15,30,0.120038514475484,-0.0396030371213587,1,0.00236041983711463,
0.15,31,0.136506035329155,-0.0449926142736448,1,0.00264279438577441,
0.15,32,0.136506038366133,-0.0449926185376089,1,0.00264279756180662,
0.15,33,0.154018132296014,-0.0507140637946962,1,0.00293352536920542,
0.15,34,0.154018136036534,-0.0507140698280989,1,0.00293353002773598,
0.15,35,0.172571868233579,-0.0567650734314556,1,0.0032312717926433,
0.15,36,0.172571872755212,-0.0567650819865478,1,0.00323127862940122,
0.15,37,0.19216425062797,-0.0631433493981196,1,0.00353472666713194,
0.15,38,0.192164255945707,-0.063143361556966,1,0.00353473671142264,
0.15,39,0.212792246884569,-0.0698466224748473,1,0.00384261831714353,
0.15,40,0.212792252871387,-0.0698466397958021,1,0.00384263309525809,
0.15,41,0.234452801314534,-0.0768726531921448,1,0.00415371031355271,
0.15,42,0.234452807553206,-0.0768726779187982,1,0.00415373209217353,
0.15,43,0.257142850917919,-0.0842192329048813,1,0.00446679783545159,
0.15,44,0.257142856429456,-0.084219268258432,1,0.004466829981218,
0.15,45,0.280859339530208,-0.0918841807642726,1,0.00478070059678817,
0.15,46,0.280859342282184,-0.0918842313382332,1,0.00478074809867369,
0.15,47,0.30559922601538,-0.0998654090487812,1,0.00509432283814464,
0.15,48,0.3055992299898,-0.0998653367922235,1,0.00509425263429695,
0.15,49,0.331359495977322,-0.108160654267907,1,0.00540639297941534,
0.15,50,0.331359514138263,-0.108160551467172,1,0.00540628940319685,
0.15,51,0.358137174669712,-0.116767817385705,1,0.00571578483261827,
0.15,52,0.358137220675068,-0.11676767246437,1,0.00571563278846569,
0.15,53,0.385929322870933,-0.125684730258613,1,0.00602129569047293,
0.15,54,0.385929421102851,-0.125684529517101,1,0.0060210748852651,
0.15,55,0.414733041407104,-0.134909188117135,1,0.00632167602069675,
0.15,56,0.414733234037659,-0.134908918880091,1,0.00632136188250212,
0.15,57,0.444545471020141,-0.144438929888873,1,0.00661561070686051,
0.15,58,0.444545827528963,-0.144438589587009,1,0.00661518024851172,
0.15,59,0.475363790997074,-0.154271617281634,1,0.00690169947079224,
0.15,60,0.475364416806607,-0.15427123388229,1,0.00690114825604681,
0.15,61,0.507185217437152,-0.164404812819714,1,0.00717843640193459,
0.15,62,0.507186250771658,-0.164404481004065,1,0.00717781403511082,
0.15,63,0.540007002251352,-0.174835956869111,1,0.00744418830436224,
0.15,64,0.54000857993786,-0.174835882321125,1,0.00744365084770776,
0.15,65,0.573826434232726,-0.185562343565008,1,0.00769717138311974,
0.15,66,0.573828616517157,-0.185562863061672,1,0.00769702276809218,
0.15,67,0.608640843837946,-0.196581095524865,1,0.00793542567366806,
0.15,68,0.608643531023349,-0.196582636152912,1,0.00793610337427209,
0.15,69,0.620970951083305,-5.82666254815092e-05,1,0.183453799561406,E1
0.15,70,0.644447613717437,-0.207889137378772,1,0.00815678664260275,
0.15,71,0.644450514550503,-0.207892133419343,1,0.00815879161469562,
0.15,72,0.68124419755254,-0.219483168612071,1,0.0083588536764541,
0.15,73,0.681246853519615,-0.219488006253472,1,0.00836269035986651,
0.15,74,0.719028150384173,-0.231359637214412,1,0.00853895594493891,
0.15,75,0.719029951708328,-0.231366656389226,1,0.0085451292910755,
0.15,76,0.757797174201012,-0.243514717512696,1,0.00869411775173009,
0.15,77,0.757797316594221,-0.243524232189977,1,0.00870316539004902,
0.15,78,0.797546559620518,-0.255956584067565,1,0.0088335402705947,
0.15,79,0.79754918264184,-0.2559442988333,1,0.00882102858222095,
0.15,80,0.838275430186061,-0.268659203613263,1,0.00893261198346785,
0.15,81,0.838282387159332,-0.268643996863769,1,0.00891602849461651,
0.15,82,0.879981881810565,-0.281627162218731,1,0.00899627682555748,
0.15,83,0.879995401593394,-0.281609206979591,1,0.00897512816142012,
0.15,84,0.922664169201019,-0.29485505395606,1,0.0090198860860251,
0.15,85,0.922687348698625,-0.294835226912414,1,0.00899409457783634,
0.15,86,0.96632098143168,-0.308336945848576,1,0.00899815918081228,
0.15,87,0.96635792510249,-0.308317478796786,1,0.00896864399466858,
0.15,88,1.01095162179726,-0.32206634300885,1,0.00892509719745443,
0.15,89,1.01100733736348,-0.322051841915589,1,0.00889477869828759,
0.15,90,1.05655624847846,-0.336036184080945,1,0.00879390741937262,
0.15,91,1.05663597450417,-0.336035038714927,1,0.00876925255782633,
0.15,92,1.10313619196014,-0.350238894586897,1,0.00859696048621491,
0.15,93,1.10324368706596,-0.350264872224193,1,0.00859001089513869,
0.15,94,1.15069436349781,-0.364666544333747,1,0.00832582006045713,
0.15,95,1.15082870805188,-0.364739933612717,1,0.00835622998618523,
0.15,96,1.19923575927651,-0.379311182912955,1,0.00797141435308067,
0.15,97,1.19938664586959,-0.379458385791372,1,0.00806745259696689,
0.15,98,1.24876803762848,-0.39416546706296,1,0.00752446488643961,
0.15,99,1.24891038033685,-0.394415878683641,1,0.00772162709838285,
0.15,100,1.29930208318475,-0.409223744014705,1,0.00697635473557885,
0.15,101,1.299391504966,-0.409603482516905,1,0.00731270683978003,
0.15,102,1.32719707280803,-0.0154473188021161,1,0.377456165925735,E2
0.15,103,1.35082291951017,-0.425006887912077,1,0.00682911981560321,
0.15,104,1.35085233930559,-0.42448380076145,1,0.00632070142959388,
0.15,105,1.40320120691026,-0.44060727352316,1,0.00625389511726088,
0.15,106,1.40343644060234,-0.439949475624756,1,0.00555596047314713,
0.15,107,1.45652771567876,-0.456382915514174,1,0.00556588065886283,
0.15,108,1.45707327662191,-0.455634107006939,1,0.00468929228586948,
0.15,109,1.51080847822167,-0.472310214705283,1,0.00474074858493359,
0.15,110,1.51177817993005,-0.471564056959293,1,0.00374135041428758,
0.15,111,1.56605391344114,-0.488363450500345,1,0.00375084807534158,
0.15,112,1.56755407830298,-0.487779932068338,1,0.00275006259516944,
0.15,113,1.622279265886,-0.504513234345441,1,0.00256359809994083,
0.15,114,1.62437968782936,-0.504331070272496,1,0.0017688529872704,
0.15,115,1.67950652969745,-0.520723712595316,1,0.00113824665000149,
0.15,116,1.68220126340952,-0.521259490654746,1,0.000853746716759349,
0.15,117,1.73776888591379,-0.536948112577467,1,0.000579695582512378,
0.15,118,1.74093866319951,-0.538577658927438,1,4.03362677904406e-05,
0.15,119,1.78458286912986,-0.17375070986213,1,0.361389905146773,E3
0.15,120,1.79712011648491,-0.553121329863882,1,0.00266831888622339,
0.15,121,1.80050862860781,-0.556255863635126,1,0.000675158200992763,
0.15,122,1.85765593294335,-0.569146615945109,1,0.00524833533436284,
0.15,123,1.86085021379822,-0.574231507398649,1,0.00133452752391934,
0.15,124,1.91956959197096,-0.584870577263843,1,0.00852339864397487,
0.15,125,1.92193382081547,-0.592432237701653,1,0.00199814590608213,
0.15,126,1.98333135703309,-0.600044026312007,1,0.0128705390906289,
0.15,127,1.98375258246895,-0.61079503604591,1,0.00272418782474305,
0.15,128,2.04630755900264,-0.629273708413226,1,0.00355709743458098,
0.15,129,2.05047113939362,-0.614474760278163,1,0.0189254947262774,
0.15,130,2.10959551203447,-0.647838636326921,1,0.00452421333978157,
0.15,131,2.12429016172031,-0.564767758942671,1,0.0882274196006083,
0.15,132,2.12439825925909,-0.633109612718491,1,0.0229698979610803,
0.15,133,2.17360123114744,-0.666475017160988,1,0.00563518204352643,
0.15,134,2.19357358237356,-0.659168297967084,1,0.0185177908671144,
0.15,135,2.23829353565779,-0.685183734542148,1,0.00687994486286497,
0.15,136,2.25979766478287,-0.683244102265191,1,0.0150878510356427,
0.15,137,2.30362496172761,-0.703986977047625,1,0.00822327771713594,
0.15,138,2.32611467549902,-0.706079476630842,1,0.0128704013732901,
0.15,139,2.36953792625185,-0.722938756179311,1,0.00959656447665379,
0.15,140,2.39307233598345,-0.728328628494078,1,0.0114023164101649,
0.15,141,2.43598275901531,-0.74213598879208,1,0.0108925383812789,
0.15,142,2.46081465285354,-0.750301770497302,1,0.0104297955549128,
0.15,143,2.50295004453635,-0.761717370363181,1,0.0119759161156408,
0.15,144,2.52938740044545,-0.772166452616294,1,0.0098062994432051,
0.15,145,2.57050392606187,-0.781833133568805,1,0.0127221305478967,
0.15,146,2.59880467958466,-0.794025553196385,1,0.00943771171666336,
0.15,147,2.63878410574662,-0.802588443238294,1,0.0130719986888412,
0.15,148,2.66906897472937,-0.815949777796485,1,0.00925721898247915,
0.15,149,2.70795927438082,-0.824000112478941,1,0.0130593099007744,
0.15,150,2.74017891052074,-0.837992725123164,1,0.00921320999417131,
0.15,151,2.77816480449438,-0.846004464216359,1,0.012784902534394,
0.15,152,2.81213302646962,-0.860198307174337,1,0.0092633024137607,
0.15,153,2.84947222962546,-0.868502478350914,1,0.0123645137100159,
0.15,154,2.88493197093639,-0.882604317148575,1,0.00937158262320385,
0.15,155,2.92189753143993,-0.891401029535372,1,0.011891832375114,
0.15,156,2.95857980111848,-0.905243817541193,1,0.00950766379813422,
0.15,157,2.99542447062841,-0.914631079036774,1,0.0114280147063841,
0.15,158,3.03308451371132,-0.928145257162601,0,0.00964673093697596,
0.15,159,3.07002411125054,-0.93814858595583,0,0.0110065834268603,
0.15,160,3.1084577980672,-0.95133197034376,0,0.00976994634171983,
0.15,161,3.14566593619975,-0.961928803620091,0,0.0106421615140738,
0.15,162,3.1847140806551,-0.97482160585033,0,0.00986471281563362,
0.15,163,3.22232271974269,-0.985960041069557,0,0.0103378720143621,
0.15,164,3.26186908780843,-0.998625903138528,0,0.00992446267713314,
0.15,165,3.29997204691955,-1.01023883654706,0,0.0100903979971021,
0.15,166,3.33993827461846,-1.0227510285944,0,0.00994787224438761,
0.15,167,3.37859634673394,-1.03476665446972,0,0.00989314786671193,
0.15,168,3.41893547192178,-1.04719845075937,0,0.00993762585787436,
0.15,169,3.45818237714283,-1.0595477247768,0,0.00973816731655766,
0.15,170,3.49887198870491,-1.07196615717575,0,0.00989898812590155,
0.15,171,3.53872056611065,-1.08458764222214,0,0.00961728274423261,
0.15,172,3.57975623894741,-1.09704995151909,0,0.00983845445129948,
0.15,173,3.62020435926935,-1.1098924537303,0,0.00952278035384758,
0.15,174,3.66159381843196,-1.12244461026539,0,0.0097626687240002,
0.15,175,3.70262961950093,-1.13546806382239,0,0.00944779673897485,
0.15,176,3.74438788223101,-1.14814477236746,0,0.00967768493568186,
0.15,177,3.78599408719314,-1.16131985748945,0,0.00938651966010714,
0.15,178,3.82813966633544,-1.17414552990934,0,0.00958855705780384,
0.15,179,3.87029690144928,-1.18745248070996,0,0.00933425623208691,
0.15,180,3.91284903062324,-1.20044275239344,0,0.00949918969656855,
0.15,181,3.955538183166,-1.21386974008279,0,0.0092874055995361,
0.15,182,3.99851494654945,-1.22703320716552,0,0.00941236716871106,
0.15,183,4.0417186824573,-1.24057459279111,0,0.00924336433129475,
0.15,184,4.08513589346362,-1.25391454250905,0,0.00932988677189193,
0.15,185,4.12883949259822,-1.26756920220296,0,0.00920038876780767,
0.15,186,4.17271015555771,-1.28108519015506,0,0.00925273967473805,
0.15,187,4.21690183032051,-1.29485503665152,0,0.00915743572563222,
0.15,188,4.26123602749316,-1.3085442295872,0,0.00918130131811999,
0.15,189,4.30590687885859,-1.32243299135926,0,0.00911399963574684,
0.15,190,4.35071194395687,-1.33629124276912,0,0.00911550848574715,
0.15,191,4.39585568677205,-1.35030351677976,0,0.00906996003396346,
0.15,192,4.44113655015884,-1.36432617687123,0,0.00905501127984771,
0.15,193,4.486749113117,-1.37846674068646,0,0.00902544872209657,
0.15,194,4.53250872919555,-1.39264922454,0,0.00899929559065088,
0.15,195,4.57858780839966,-1.40692257561566,0,0.00898074149513279,
0.15,196,4.62482759989064,-1.42126072579524,0,0.00894777617940859,
0.15,197,4.67137222088139,-1.43567080721232,0,0.00893617560456979,
0.15,198,4.71809249608269,-1.45016109213002,0,0.0088998630676215,
0.15,199,4.7651026189164,-1.46471116223762,0,0.00889209138949439,
0.15,200,4.81230293579468,-1.47935075126433,0,0.00885500520482571,
0.15,201,4.85977912168803,-1.49404335730509,0,0.00884879480043035,
0.15,202,4.90745858647063,-1.50883010983747,0,0.00881271583663128,
0.15,203,4.95540173258826,-1.52366713083292,0,0.0088065367384358,
0.15,204,5.00355923056233,-1.53859953081338,0,0.00877258392047643,
0.15,205,5.0519703712834,-1.55358226137645,0,0.00876550501743158,
0.15,206,5.10060473419643,-1.56865932230076,0,0.00873427554657297,
0.15,207,5.14948490205354,-1.58378857562568,0,0.00872582509882997,
0.15,208,5.19859502043327,-1.59900973470642,0,0.00869752875495804,
0.15,209,5.24794515720879,-1.61428594910866,0,0.00868756633945212,
0.15,210,5.29753004771391,-1.62965096352695,0,0.00866214449907361,
0.15,211,5.34735095527078,-1.64507430219742,0,0.0086507511802953,
0.15,212,5.39740979344783,-1.66058315555774,0,0.00862797586398951,
0.15,213,5.44770211419363,-1.67615359348638,0,0.00861536537936779,
0.15,214,5.49823424227544,-1.6918064167908,0,0.00859491705259408,
0.15,215,5.54899846024427,-1.70752381209126,0,0.00858136799320641,
0.15,216,5.60000337830783,-1.72332082074075,0,0.00856289313819939,
0.15,217,5.65123983332095,-1.73918496994482,0,0.00854870030869727,
0.15,218,5.70271718055621,-1.75512641634835,0,0.00853185116330082,
0.15,219,5.75442608952011,-1.77113709477194,0,0.00851729331284131,
0.15,220,5.80637562076905,-1.7872232349509,0,0.00850175284132828,
0.15,221,5.85855710170814,-1.80338022411626,0,0.00848707356827146,
0.15,222,5.91097866297406,-1.81961129607167,0,0.00847256889045867,
0.15,223,5.96363275875512,-1.83591440056265,0,0.00845796755098,
0.15,224,6.01652626412357,-1.85229061197078,0,0.00844427487668585,
0.15,225,6.06965296396385,-1.86873966814061,0,0.00842990462200331,
0.15,226,6.12301837537117,-1.88526119102768,0,0.00841684835972828,
0.15,227,6.17661763310551,-1.90185606979688,0,0.0084028188614392,
0.15,228,6.23045494362092,-1.91852304009974,0,0.00839026709754631,
0.15,229,6.28452669235674,-1.93526364577186,0,0.00837665000985626,
0.15,230,6.33883591310208,-1.95207616603709,0,0.00836450806459572,
0.15,231,6.39338007633578,-1.96896243269576,0,0.00835134375146449,
0.15,232,6.44816122680802,-1.98592057653919,0,0.00833954705869245,
0.15,233,6.50317772635502,-2.00295246322478,0,0.00832685154521366,
0.15,234,6.55843082771383,-2.02005628052808,0,0.00831535870426024,
0.15,235,6.61391958894581,-2.0372337660555,0,0.00830313017515312,
0.15,236,6.6696446597347,-2.05448328818841,0,0.00829191669734889,
0.15,237,6.72560561466916,-2.07180636618146,0,0.00828014115382357,
0.15,238,6.78180266842729,-2.08920161079734,0,0.00826919417536987,
0.15,239,6.83823575719631,-2.10667028528389,0,0.00825785007726675,
0.15,240,6.89490480145689,-2.12421126043914,0,0.00824716412779601,
0.15,241,6.95180997262714,-2.14182554217566,0,0.00823622599948601,
0.15,242,7.00895100886683,-2.15951224967237,0,0.0082257997937918,
0.15,243,7.06632821900577,-2.17727215324132,0,0.00821524086892833,
0.15,244,7.12394124319024,-2.19510459119507,0,0.00820507501502736,
0.15,245,7.18179045599268,-2.21301013283635,0,0.00819486905011907,
0.15,246,7.23987545944579,-2.23098829753553,0,0.00818496452987739,
0.15,247,7.29819664465432,-2.24903949362404,0,0.00817508693971699,
0.15,248,7.35675361505293,-2.26716338078111,0,0.00816544420743705,
0.15,249,7.41554674733842,-2.28536024684034,0,0.00815587267659519,
0.15,250,7.47457566969906,-2.30362985234812,0,0.00814649122809153,
0.15,251,7.53384072760739,-2.32197240248463,0,0.00813720593994091,
0.15,252,7.59334158518581,-2.34038772278927,0,0.00812808422208311,
0.15,253,7.65307855021247,-2.35887596943958,0,0.00811906782708501,
0.15,254,7.71305132527567,-2.3774370016309,0,0.00811020337961158,
0.15,255,7.77326018109577,-2.39607095552676,0,0.00810144080101663,
0.15,256,7.83370485555639,-2.41477769723135,0,0.00809283054614988,
0.15,257,7.89438558741427,-2.4335573675055,0,0.00808430869850547,
0.15,258,7.95530214333863,-2.4524098166526,0,0.00807594931476103,
0.15,259,8.01645473758547,-2.47133521102469,0,0.00806765678971982,
0.15,260,8.07784315759858,-2.49033336553963,0,0.00805954512443738,
0.15,261,8.13946760135917,-2.50940449053777,0,0.00805147188056013,
0.15,262,8.20132786897596,-2.52854834800564,0,0.00804360536911792,
0.15,263,8.26342414992092,-2.54776520919315,0,0.0080357424479814,
0.15,264,8.3257562498371,-2.56705476652689,0,0.00802811951684533,
0.15,265,8.3883243560373,-2.58641736871468,0,0.00802045879712183,
0.15,266,8.4511282744076,-2.60585262185566,0,0.00801307923208359,
0.15,267,8.51416819424887,-2.62536096928951,0,0.0080056132253875,
0.15,268,8.57744391897773,-2.64494191296661,0,0.00799847848766235,
0.15,269,8.64095564111712,-2.66459600948501,0,0.00799120017488838,
0.15,270,8.70470316217602,-2.68432263705636,0,0.00798431364606018,
0.15,271,8.76868667552413,-2.70412248621848,0,0.00797721634985967,
0.15,272,8.83290598529912,-2.72399478962003,0,0.00797058348373692,
0.15,273,8.89736127901618,-2.74394039480594,0,0.00796366077162275,
0.15,274,8.96205237267613,-2.76395836462889,0,0.00795728912908897,
0.15,275,9.02697943617241,-2.78404972911548,0,0.00795053474105854,
0.15,276,9.0921423120321,-2.80421335482931,0,0.00794443388426573,
0.15,277,9.15754113496709,-2.82445048184538,0,0.00793784167990152,
0.15,278,9.22317579480696,-2.8447597521744,0,0.00793202290709743,
0.15,279,9.28904636708256,-2.86514264493806,0,0.00792558682782615,
0.15,280,9.35515281637446,-2.88559754838391,0,0.00792006274085001,
0.15,281,9.42149512812053,-2.90612621012495,0,0.00791377678431381,
0.15,282,9.48807337610193,-2.9267267356072,0,0.00790856069857146,
0.15,283,9.55488741765387,-2.94740116957574,0,0.00790241890371199,
0.15,284,9.62193747719773,-2.96814730713823,0,0.00789752413489815,
0.15,285,9.68922323906675,-2.98896751660074,0,0.00789152057702881,
0.15,286,9.75674512630135,-3.00985925810338,0,0.00788695966790911,
0.15,287,9.82450259914128,-3.03082524632668,0,0.00788108846412094,
0.15,288,9.89249633280545,-3.05186258601943,0,0.00787687244561263,
0.15,289,9.96072550737715,-3.07297435624278,0,0.00787112777097023,
0.15,290,10.0291911079267,-3.0941572910993,0,0.0078672655793653,
0.15,291,10.0978919750668,-3.11541484649603,0,0.00786164169432976,
0.15,292,10.1668294635964,-3.13674337617956,0,0.0078581398852158,
0.15,293,10.2360020141927,-3.15814671980958,0,0.00785263117367705,
0.15,294,10.3054114112856,-3.17962084615469,0,0.00784949407724454,
0.15,295,10.3750556362635,-3.20116998091052,0,0.00784409509414009,
0.15,296,10.4449369609267,-3.22278970683046,0,0.00784132554415666,
0.15,297,10.5150528512499,-3.24448463538087,0,0.007836031069556,
0.15,298,10.5854061201242,-3.26624996315435,0,0.00783363180679691,
0.15,299,10.6559936668114,-3.28809068789005,0,0.00782843690255396,
0.15,300,10.7268188938629,-3.31000161683113,0,0.00782641270960258,
0.15,301,10.7978780880182,-3.33198813981756,0,0.00782131277360975,
0.15,302,10.869175284906,-3.35404466337978,0,0.00781967335002736,
0.15,303,10.9407061177613,-3.37617698632116,0,0.0078146641630758,
0.15,304,11.0124752950488,-3.39837908871677,0,0.00781342771316301,
0.15,305,11.0844777580137,-3.42065721293442,0,0.00780850547426897,
0.15,306,11.1567189273523,-3.44300486534797,0,0.00780770296972678,
0.15,307,11.2291930120631,-3.46542879177299,0,0.00780286431775121,
0.15,308,11.3019061894521,-3.48792194820886,0,0.0078025444279478,
0.15,309,11.3748518878149,-3.5104916773864,0,0.00779778645020069,
0.15,310,11.4480370980486,-3.53313027011245,0,0.00779802120936559,
0.15,311,11.5214544022717,-3.5558458022115,0,0.00779334144177651,
0.15,312,11.5951116847649,-3.5786297366676,0,0.00779423283451087,
0.15,313,11.6690005873777,-3.60149107148747,0,0.00778962926109181,
0.15,314,11.7431300037181,-3.62442022045177,0,0.00779131702748258,
0.15,315,11.8174904975808,-3.64742735741617,0,0.00778678808882628,
0.15,316,11.892092141409,-3.67050155422076,0,0.00778945912553119,
0.15,317,11.9669242197214,-3.69365449235186,0,0.00778500374620265,
0.15,318,12.0419982298448,-3.71687352307436,0,0.00778890344143886,
0.15,319,12.1173018861678,-3.74017226094472,0,0.00778452108223846,
0.15,320,12.1928484641169,-3.7635358558351,0,0.0077899666943989,
0.15,321,12.2686236924229,-3.78698039150392,0,0.00778565742816861,
0.15,322,12.3446431258419,-3.81048821647148,0,0.00779305313092415,
0.15,323,12.4208899206081,-3.83407854742233,0,0.00778881772960714,
0.15,324,12.4973826137964,-3.85773019719765,0,0.00779867017030795,
0.15,325,12.5741009701488,-3.88146632030826,0,0.0077945101763481,
0.15,326,12.6510674825783,-3.90526131582825,0,0.00780744235669409,
0.15,327,12.7282573964771,-3.92914322741157,0,0.00780336009859976,
0.15,328,12.8056984890581,-3.95308102089403,0,0.00782012019927467,
0.15,329,12.8833599574961,-3.97710871685671,0,0.00781611869893139,
0.15,330,12.9612766446801,-4.00118870868522,0,0.00783757934630072,
0.15,331,13.0394096658415,-4.02536218484595,0,0.00783366206164334,
0.15,332,13.1178032693735,-4.04958375647499,0,0.00786080477715882,
0.15,333,13.196407842671,-4.07390300907169,0,0.00785697512865499,
0.15,334,13.2752800401302,-4.09826557536686,0,0.00789085467111103,
0.15,335,13.354356166021,-4.12273060175514,0,0.00788711532019826,
0.15,336,13.4337090246166,-4.1472336842605,0,0.00792879967811729,
0.15,337,13.5132567040892,-4.17184448377052,0,0.00792515155683039,
0.15,338,13.5930926880651,-4.19648780326538,0,0.00797563571377169,
0.15,339,13.6731119216948,-4.22124437814029,0,0.00797207684912641,
0.15,340,13.7534338608114,-4.24602796070841,0,0.00803217213770868,
0.15,341,13.8339246473189,-4.27093031700858,0,0.00802869636199477,
0.15,342,13.9147356548564,-4.29585460322255,0,0.0080989019243715,
0.15,343,13.995697989155,-4.32090275154883,0,0.00809549760693431,
0.15,344,14.0770013211284,-4.34596869413043,0,0.00817586549145559,
0.15,345,14.1584351919184,-4.37116265001118,0,0.00817251445825362,
0.15,346,14.240234044699,-4.39637178251232,0,0.00826252419909036,
0.15,347,14.3221394317523,-4.4217115663164,0,0.00825920101315346,
0.15,348,14.4044366825217,-4.44706602497826,0,0.00835766204648526,
0.15,349,14.4868135538726,-4.47255166126011,0,0.00835433380359697,
0.15,350,14.5696114562515,-4.49805414488195,0,0.00845933385845716,
0.15,351,14.6524597655766,-4.52368566113094,0,0.00845596060748332,
0.15,352,14.7357596200643,-4.54933931951897,0,0.00856487488288974,
0.15,353,14.8190793045669,-4.57511674435813,0,0.0085614107215323,
0.15,354,14.9028811288952,-4.60092499397482,0,0.00867098058632547,
0.15,355,14.9866721080293,-4.62684835492449,0,0.00866737542038848,
0.15,356,15.0709743354979,-4.65281462937713,0,0.00877385763267986,
0.15,357,15.1552365108559,-4.67888395034897,0,0.00877005953709227,
0.15,358,15.2400357452973,-4.7050114017625,0,0.00886943912073396,
0.15,359,15.3247690019758,-4.73122670047805,0,0.00886539720917062,
0.15,360,15.4100598571443,-4.75751787425946,0,0.00895365069954002,
0.15,361,15.4952640668849,-4.78387915979482,0,0.00894931839831229,
0.15,362,15.5810391173149,-4.81033566914498,0,0.00902271027069214,
0.15,363,15.6667141437077,-4.83684293979863,0,0.00901804889344273,
0.15,364,15.7529640151166,-4.86346516772134,0,0.00907344296032279,
0.15,365,15.8391097211291,-4.89011840939787,0,0.00906842547706056,
0.15,366,15.9258233525754,-4.91690526579029,0,0.0091035944217736,
0.15,367,16.012439610614,-4.94370445109812,0,0.00909820929416086,
0.15,368,16.099604728453,-4.9706532120602,0,0.00911212824779132,
0.15,369,16.1866914330172,-4.99759830033628,0,0.00910638314520794,
0.15,370,16.2742952877623,-5.02470455727187,0,0.00909949606965214,
0.15,371,16.3618523704713,-5.05179549576069,0,0.00909342118343278,
0.15,372,16.449882800442,-5.07905324362159,0,0.00906787089796316,
0.15,373,16.5379102467097,-5.10628997001809,0,0.00906152143997194,
0.15,374,16.6263571445223,-5.13369186628711,0,0.00902133558307902,
0.15,375,16.7148550103942,-5.16107431275537,0,0.00901479292195673,
0.15,376,16.8037122782114,-5.1886121386122,0,0.00896602119845137,
0.15,377,16.8926807048192,-5.21614023714988,0,0.00895939200662611,
0.15,378,16.9819487943246,-5.2438055844583,0,0.00891020049746681,
0.15,379,17.0713880161718,-5.27147927302643,0,0.00890361334352301,
0.15,380,17.1610771750623,-5.29926445802989,0,0.00886437102321851,
0.15,381,17.2509875171239,-5.32708368618056,0,0.00885797013860198,
0.15,382,17.3411219539568,-5.35498284583497,0,0.00884143230497092,
0.15,383,17.4315038117097,-5.3829475776972,0,0.00883536882994013,
0.15,384,17.522127271848,-5.41095783435281,0,0.00885721224552538,
0.15,385,17.6129810680474,-5.43906804590082,0,0.00885163406546579,
0.15,386,17.7041651077726,-5.46719053574893,0,0.00893191961230203,
0.15,387,17.7954912194959,-5.49544620230776,0,0.00892696173413269,
0.15,388,17.8873496588395,-5.52368665853952,0,0.00909384840479052,
0.15,389,17.9791483051096,-5.55208772677255,0,0.00908962650859413,
0.15,390,18.0718677761616,-5.58045613343792,0,0.00938872972964205,
0.15,391,18.1641388401399,-5.60900246609373,0,0.00938534040854273,
0.15,392,18.2580573363888,-5.63751057224884,0,0.00990531978351799,
0.15,393,18.3508000282282,-5.66620182893977,0,0.00990285480650926,
0.15,394,18.4466629718665,-5.69485225321189,0,0.0108614959855663,
0.15,395,18.5398749154679,-5.72368754864518,0,0.0108600989198241,
0.15,396,18.6400862027233,-5.75238736559576,0,0.013056576875234,
0.15,397,18.7337590008817,-5.7813636543967,0,0.0130566755345681,
0.15,398,18.86470707469,-5.79960016774261,0,0.0343324707345311,
0.15,399,18.9586572126311,-5.82879719528824,0,0.0342036491263859,
0.2,0,-0.297959637861137,4.4804437937529e-12,1,0.116030948246643,
0.2,1,0.000512881164542862,-0.000233927772598252,1,1.57364138566152e-05,
0.2,2,0.000512881168646577,-0.000233927775686156,1,1.57364151027016e-05,
0.2,3,0.00205144353050243,-0.000935563162342199,1,6.28409972713282e-05,
0.2,4,0.00205144354709961,-0.000935563174984006,1,6.28410024519537e-05,
0.2,5,0.00461544378229389,-0.0021044639239236,1,0.000141001166892626,
0.2,6,0.00461544382025403,-0.00210446395353376,1,0.000141001179383014,
0.2,7,0.00820447662554397,-0.00373989809878689,1,0.000249700573308746,
0.2,8,0.00820447669456856,-0.00373989815443205,1,0.000249700597681893,
0.2,9,0.0128179751600962,-0.00584085164494603,1,0.000388225983319272,
0.2,10,0.0128179752710484,-0.0058408517382563,1,0.000388226026056864,
0.2,11,0.018455211456007,-0.00840603902441839,1,0.000555676807304,
0.2,12,0.0184552116212497,-0.00840603917074054,1,0.000555676877727065,
0.2,13,0.0251152973924801,-0.011433916646148,1,0.000750977154278806,
0.2,14,0.0251152976261794,-0.011433916866085,1,0.000750977265847391,
0.2,15,0.0327971858443479,-0.0149226990227736,1,0.00097289025122701,
0.2,16,0.0327971861627027,-0.014922699344262,1,0.000972890423364286,
0.2,17,0.0414996723292263,-0.0188703774525833,1,0.00122003500888655,
0.2,18,0.0414996727505409,-0.0188703779137315,1,0.00122003526956454,
0.2,19,0.0512213972597474,-0.023274740983078,1,0.00149090445340979,
0.2,20,0.0512213978041866,-0.0232747416360399,1,0.0014909048428129,
0.2,21,0.0619608489766709,-0.0281333993493191,1,0.00178388567283212,
0.2,22,0.061960849665464,-0.0281334002656208,1,0.00178388624857326,
0.2,23,0.0737163677670024,-0.0334438075092101,1,0.00209728085083333,
0.2,24,0.0737163686206411,-0.0334438087870513,1,0.00209728169538041,
0.2,25,0.0864861510914771,-0.0392032913206635,1,0.00242932888129649,
0.2,26,0.0864861521262301,-0.0392032930949107,1,0.00242933011253463,
0.2,27,0.100268260252461,-0.0454090738249943,1,0.00277822698031411,
0.2,28,0.100268261474057,-0.0454090762808033,1,0.00277822876655197,
0.2,29,0.115060628720547,-0.0520583015214223,1,0.00314215164407657,
0.2,30,0.11506063011317,-0.0520583049126683,1,0.00314215422530811,
0.2,31,0.130861072300209,-0.0591480699454462,1,0.00351927824942517,
0.2,32,0.130861073807831,-0.0591480746194117,1,0.00351928196733655,
0.2,33,0.147667301248095,-0.0666754478073787,1,0.00390779856782638,
0.2,34,0.147667302743381,-0.066675454237244,1,0.00390780390783283,
0.2,35,0.16547693436056,-0.0746374989161261,1,0.00430593547256971,
0.2,36,0.165476935593758,-0.0746375077426642,1,0.00430594312211993,
0.2,37,0.184287514922926,-0.08303130111813,1,0.00471195417175128,
0.2,38,0.184287515438777,-0.0830313132009057,1,0.00471196509984267,
0.2,39,0.204096527274017,-0.0918539780080645,1,0.0051241849652271,
0.2,40,0.204096528269918,-0.0918539615325001,1,0.00512416940240515,
0.2,41,0.224901416704415,-0.101102649806916,1,0.00554097025158293,
0.2,42,0.224901420558203,-0.101102627469006,1,0.00554094817626938,
0.2,43,0.246699609273376,-0.110774522613429,1,0.00596073901709038,
0.2,44,0.246699618216299,-0.110774492580111,1,0.0059607078720344,
0.2,45,0.269488529773491,-0.120866837899014,1,0.0063819533216629,
0.2,46,0.269488547434519,-0.120866798020383,1,0.00638190971348351,
0.2,47,0.293265620834952,-0.131376880620093,1,0.00680310833127722,
0.2,48,0.293265653005783,-0.131376828658755,1,0.00680304794380402,
0.2,49,0.318028360111132,-0.142301970451632,1,0.0072227175511334,
0.2,50,0.318028415834089,-0.142301904696367,1,0.00722263528698268,
0.2,51,0.343774275488047,-0.153639448738209,1,0.00763929488395739,
0.2,52,0.343774368478085,-0.153639369360009,1,0.00763918555976762,
0.2,53,0.370500957934434,-0.165386661896932,1,0.00805133433901271,
0.2,54,0.370501108148012,-0.165386573621054,1,0.00805119453562267,
0.2,55,0.398206071869396,-0.177540942165939,1,0.00845728826294911,
0.2,56,0.39820630655745,-0.177540859028034,1,0.00845712029603508,
0.2,57,0.426887363230782,-0.190099586674968,1,0.00885554492054183,
0.2,58,0.426887715925751,-0.190099539525535,1,0.00885536414714788,
0.2,59,0.456542665748622,-0.203059835819216,1,0.00924440613270918,
0.2,60,0.456543170469003,-0.203059882263583,1,0.00924425236342932,
0.2,61,0.487169906230689,-0.216418851860715,1,0.00962206550877783,
0.2,62,0.487170583671745,-0.21641908587819,1,0.00962201724517251,
0.2,63,0.518767109919751,-0.23017369859602,1,0.00998658763297153,
0.2,64,0.518767944424328,-0.230174253782532,1,0.00998677402222355,
0.2,65,0.551332407157785,-0.244321322863314,1,0.0103358884361615,
0.2,66,0.551333318741025,-0.244322362324824,1,0.0103364908563784,
0.2,67,0.584864042664127,-0.258858538673271,1,0.010667716966337,
0.2,68,0.584864863508756,-0.258860229740748,1,0.0106689548906738,
0.2,69,0.619360388668613,-0.273782014894596,1,0.0109796389319563,
0.2,70,0.619360851299082,-0.273784495230503,1,0.0109817433158225,
0.2,71,0.620970951022395,-5.82665793837991e-05,1,0.241763811295443,E1
0.2,72,0.654819697739854,-0.289091611387161,1,0.0112722057372492,
0.2,73,0.654819962876168,-0.289088267753632,1,0.0112690227978832,
0.2,74,0.6912399854065,-0.304777843553356,1,0.0115374542788549,
0.2,75,0.691241451669144,-0.304773659928872,1,0.0115330299159606,
0.2,76,0.728620487254405,-0.32083926821609,1,0.0117743529795381,
0.2,77,0.728623737900688,-0.320834408664092,1,0.0117686111744575,
0.2,78,0.766960197228261,-0.337271768950012,1,0.0119795021368647,
0.2,79,0.766965930853737,-0.337266605851592,1,0.0119725138293731,
0.2,80,0.806258373656884,-0.354071034248463,1,0.0121492194105869,
0.2,81,0.806267393195474,-0.354066252912551,1,0.012141303134813,
0.2,82,0.846514597404973,-0.371232563532221,1,0.0122795227117073,
0.2,83,0.846527756042359,-0.37122931153649,1,0.0122714032105289,
0.2,84,0.887728844543219,-0.388751687882438,1,0.0123661209997039,
0.2,85,0.887746909303669,-0.388751766460512,1,0.0123591586258337,
0.2,86,0.929901572032684,-0.406623612834181,1,0.0124044203309191,
0.2,87,0.929924952583878,-0.406629686956686,1,0.012400910152743,
0.2,88,0.973033813139253,-0.424843492418497,1,0.0123895548996854,
0.2,89,0.973062096656506,-0.424859259513368,1,0.0123930632353564,
0.2,90,1.01712727580899,-0.443406546124645,1,0.0123164564585008,
0.2,91,1.01715852296345,-0.443436749687443,1,0.0123321075669807,
0.2,92,1.06218443105709,-0.462308232711955,1,0.0121799799890827,
0.2,93,1.06221424192339,-0.462358347843294,1,0.0122145301836293,
0.2,94,1.10820856855585,-0.481544495388451,1,0.0119751078798423,
0.2,95,1.1082290315516,-0.481619878081844,1,0.012036571272466,
0.2,96,1.15520255942002,-0.50121641026379,1,0.0117938193280696,
0.2,97,1.15520378221834,-0.501112089204201,1,0.0116972570891362,
0.2,98,1.20313475984815,-0.521141890724921,1,0.0114807241336554,
0.2,99,1.20317482984214,-0.521008989170741,1,0.0113427097054226,
0.2,100,1.25202644890019,-0.541388945396011,1,0.0110901759313262,
0.2,101,1.25212679091106,-0.541234849985858,1,0.0109091696401419,
0.2,102,1.30188006225927,-0.561948965181594,1,0.0106132967193652,
0.2,103,1.30206443497518,-0.561791437532714,1,0.0103964060291082,
0.2,104,1.32719707260809,-0.0154473185608081,1,0.502606961343638,E2
0.2,105,1.35270037205196,-0.582812477024414,1,0.0100395028806194,
0.2,106,1.35299123008635,-0.582682874676704,1,0.00980686575981434,
0.2,107,1.4044951079276,-0.60396971713728,1,0.00935679130432799,
0.2,108,1.40490799945667,-0.60391545208646,1,0.00914602234787719,
0.2,109,1.45727552529085,-0.625411328598284,1,0.00855216063366953,
0.2,110,1.45781140740797,-0.62549669868565,1,0.00842210936547444,
0.2,111,1.51105705012882,-0.647129211687229,1,0.00761214336997729,
0.2,112,1.51169271191676,-0.647433484229472,1,0.00764485858045629,
0.2,113,1.56586013868943,-0.66911772830732,1,0.00652358044406178,
0.2,114,1.5665374384543,-0.669729241629661,1,0.00682306856089904,
0.2,115,1.62171140148455,-0.691375688965755,1,0.00527501363907521,
0.2,116,1.62232656224996,-0.692380917999183,1,0.00596133600628768,
0.2,117,1.67864478421021,-0.713909864476827,1,0.00385946021128972,
0.2,118,1.67903924190754,-0.715376682322707,1,0.0050568798518313,
0.2,119,1.73665631386254,-0.738695276830815,1,0.00409758303882446,
0.2,120,1.73670192491389,-0.736741173691667,1,0.00227997307909,
0.2,121,1.78458286924732,-0.173750709263324,1,0.534914301671924,E3
0.2,122,1.79516323880187,-0.76230708191861,1,0.00306182597974217,
0.2,123,1.79592912945732,-0.759914887383006,1,0.000560217033493069,
0.2,124,1.85455145138208,-0.78617598958243,1,0.00191968650268206,
0.2,125,1.85636494629896,-0.783514542889223,1,0.0012378764183636,
0.2,126,1.91481786370198,-0.810260727407616,1,0.000634352681742057,
0.2,127,1.91800863093651,-0.807671085520481,1,0.00299340873609498,
0.2,128,1.97596290767609,-0.834514456948731,1,0.000837484743628408,
0.2,129,1.98076894491107,-0.832539997016813,1,0.0045276418242585,
0.2,130,2.03798748645655,-0.858881792076763,1,0.00254719148048028,
0.2,131,2.04443831115159,-0.858216987865264,1,0.0056715861676057,
0.2,132,2.10088841983831,-0.883292254814168,1,0.00455844361468869,
0.2,133,2.10876907445518,-0.884644863047619,1,0.00638148038789923,
0.2,134,2.12442189284593,-0.564794982665159,1,0.307078223734853,E4
0.2,135,2.16465002521943,-0.907648209332195,1,0.0069550626068801,
0.2,136,2.17360769071807,-0.911637664060131,1,0.00676881071907419,
0.2,137,2.2292242329447,-0.931803319387451,1,0.00985311385740347,
0.2,138,2.23893448013051,-0.939000079149776,1,0.00700580751962439,
0.2,139,2.29447468419734,-0.955526749622238,1,0.0134121101858901,
0.2,140,2.30480306935804,-0.966601665212071,1,0.00723350005222252,
0.2,141,2.36000368309269,-0.9784754747821,1,0.0177931287020191,
0.2,142,2.3712780850983,-0.994377338553446,1,0.00753700118982933,
0.2,143,2.42468971260049,-1.00045786858889,1,0.0227359295932271,
0.2,144,2.43840781446754,-1.02230366118319,1,0.00795670264023376,
0.2,145,2.48674377832474,-1.0230509358345,1,0.0260913280262591,
0.2,146,2.50621908924969,-1.05038018621137,1,0.00850346480512523,
0.2,147,2.54754278065526,-1.04977732948328,1,0.0251509360275732,
0.2,148,2.57472012170154,-1.0786201715088,1,0.00916827438028241,
0.2,149,2.61093523601221,-1.0800246489586,1,0.0219774947656989,
0.2,150,2.64390539642463,-1.1070477731751,1,0.00992673432724165,
0.2,151,2.67731549578412,-1.11123891029177,1,0.0190769469174955,
0.2,152,2.71376150822943,-1.13569861496639,1,0.0107408127670818,
0.2,153,2.74578129640899,-1.14254647423149,1,0.0169026095395393,
0.2,154,2.78427441163997,-1.16462110796163,1,0.0115604505773447,
0.2,155,2.81576950176985,-1.17384635714751,1,0.0153281991815192,
0.2,156,2.85543824462321,-1.19387584546544,1,0.0123275548454595,
0.2,157,2.88699783676961,-1.20518716032114,1,0.0141990279985763,
0.2,158,2.92726422314425,-1.22353056254964,1,0.0129841051413744,
0.2,159,2.95931692549206,-1.23663040751319,1,0.0134002591327585,
0.2,160,2.99978602326761,-1.25364988697878,1,0.0134836894292516,
0.2,161,3.03264041684253,-1.26822866843017,0,0.0128498459777893,
0.2,162,3.07305779543888,-1.28428270749644,0,0.0138023653710991,
0.2,163,3.1069144579843,-1.30002496252804,0,0.0124871937083839,
0.2,164,3.14714426576906,-1.31545296041258,0,0.0139432917003159,
0.2,165,3.18210374140377,-1.33205521405183,0,0.0122654645103019,
0.2,166,3.22210734188414,-1.34715847387846,0,0.013932576787149,
0.2,167,3.25818476500102,-1.36435036846557,0,0.0121470035748952,
0.2,168,3.29799554627894,-1.37937754776599,0,0.0138091033226556,
0.2,169,3.33514239678421,-1.39693770458015,0,0.0121007927783036,
0.2,170,3.37483978307604,-1.41207882761072,0,0.0136137853131958,
0.2,171,3.41296797640157,-1.42984144645579,0,0.0121011477837175,
0.2,172,3.45265472300224,-1.44522990919452,0,0.0133821820702613,
0.2,173,3.49165808235389,-1.46308287989166,0,0.0121271306772346,
0.2,174,3.5314430037952,-1.47880259871325,0,0.013141288990533,
0.2,175,3.57121351852971,-1.49668019085196,0,0.0121623041255494,
0.2,176,3.61119978380104,-1.51277503006762,0,0.0129093606563369,
0.2,177,3.65163831372704,-1.53064823131049,0,0.0121945574427446,
0.2,178,3.69191640996917,-1.54713175559887,0,0.0126972556469718,
0.2,179,3.7329386836558,-1.56499838148893,0,0.0122158292619791,
0.2,180,3.77358292489061,-1.58186286341894,0,0.0125102258182258,
0.2,181,3.81512200307724,-1.59973861495996,0,0.012221647303775,
0.2,182,3.85618958973443,-1.61696279475549,0,0.0123495986590811,
0.2,183,3.8981958795977,-1.63487379678485,0,0.0122104930914291,
0.2,184,3.93972770850421,-1.65242919756493,0,0.0122141541646243,
0.2,185,3.98216741600608,-1.67040617602064,0,0.012183061062481,
0.2,186,4.02419000094907,-1.68826194560125,0,0.0121011735518993,
0.2,187,4.06704271119551,-1.70633599097075,0,0.0121415067458171,
0.2,188,4.10957069959867,-1.72446235008632,0,0.0120072031468598,
0.2,189,4.1528266026771,-1.74266209493253,0,0.0120887701400744,
0.2,190,4.19586548458071,-1.76103255040221,0,0.0119285902106039,
0.2,191,4.23952261506949,-1.77938252570075,0,0.0120280311071013,
0.2,192,4.2830713274583,-1.79797505876727,0,0.0118618415079417,
0.2,193,4.32713305795084,-1.81649497081446,0,0.0119623189565715,
0.2,194,4.37118628920834,-1.83529243370673,0,0.0118038453899144,
0.2,195,4.41565921296822,-1.85399711011274,0,0.0118942697950925,
0.2,196,4.46020930205444,-1.87298705989382,0,0.0117519896153162,
0.2,197,4.5051015585898,-1.89188683996417,0,0.0118260075197825,
0.2,198,4.55013995549988,-1.91106101451385,0,0.0117042011148257,
0.2,199,4.59545999475338,-1.93016239714249,0,0.0117591172035234,
0.2,200,4.64097830052624,-1.94951600209087,0,0.0116589297709976,
0.2,201,4.68673404386485,-1.96882240582422,0,0.0116946800797578,
0.2,202,4.73272468090909,-1.98835334106135,0,0.0116150950959347,
0.2,203,4.77892301636684,-2.0078658711066,0,0.0116333439883137,
0.2,204,4.82537959632107,-2.02757398678835,0,0.0115720117236603,
0.2,205,4.87202613754591,-2.04729213930654,0,0.0115754093235688,
0.2,206,4.91894359824472,-2.06717857749717,0,0.0115293065671969,
0.2,207,4.96604263758612,-2.08710084098443,0,0.0115209165814893,
0.2,208,5.01341721683107,-2.10716749183482,0,0.011486837320059,
0.2,209,5.06097180978375,-2.12729182828704,0,0.0114697267405197,
0.2,210,5.10880091482375,-2.1475409092612,0,0.0114446188895959,
0.2,211,5.15681304304311,-2.16786511439112,0,0.0114215896922077,
0.2,212,5.20509506354039,-2.18829886702457,0,0.0114027615658044,
0.2,213,5.25356583489477,-2.20882081975566,0,0.0113761988156627,
0.2,214,5.30229993556074,-2.22944130981878,0,0.0113614224365431,
0.2,215,5.35122979076367,-2.25015912756047,0,0.0113332317363429,
0.2,216,5.40041570903469,-2.27096813018999,0,0.0113207698482168,
0.2,217,5.44980461437993,-2.29188024903828,0,0.0112923785230836,
0.2,218,5.4994424791844,-2.31287919926709,0,0.01128095958022,
0.2,219,5.54929009326671,-2.33398439828699,0,0.0112533592362933,
0.2,220,5.59938027343716,-2.35517438843111,0,0.0112421207791606,
0.2,221,5.64968608228424,-2.37647177546337,0,0.0112159329992937,
0.2,222,5.70022906753452,-2.39785358316051,0,0.0112043494796747,
0.2,223,5.75099248733741,-2.41934255691174,0,0.0111799007458279,
0.2,224,5.80198880080588,-2.44091669057435,0,0.0111677076045382,
0.2,225,5.85320925060357,-2.46259689067856,0,0.0111451035988882,
0.2,226,5.90465938951304,-2.48436364223573,0,0.011132225579108,
0.2,227,5.95633633802952,-2.50623489592949,0,0.0111114185387052,
0.2,228,6.0082407377372,-2.52819439365526,0,0.011097907028292,
0.2,229,6.06037372938747,-2.55025666496057,0,0.0110787526779022,
0.2,230,6.11273274569234,-2.57240892172189,0,0.0110647343802656,
0.2,231,6.16532141084978,-2.59466226672157,0,0.0110470371248026,
0.2,232,6.21813531562334,-2.61700722103713,0,0.0110326745397294,
0.2,233,6.27117936983389,-2.63945175101515,0,0.0110162211082518,
0.2,234,6.32444835560981,-2.66198929987839,0,0.0110016840872126,
0.2,235,6.37794759175565,-2.68462515276842,0,0.0109862667789061,
0.2,236,6.43167178167045,-2.70735517629008,0,0.0109717136988321,
0.2,237,6.48562605828522,-2.73018249597989,0,0.0109571448947056,
0.2,238,6.53980551857427,-2.7531048746097,0,0.0109427116619614,
0.2,239,6.59421474671101,-2.77612379711248,0,0.0109288314479717,
0.2,240,6.6488494997365,-2.79923842258564,0,0.0109146264892954,
0.2,241,6.70371363005839,-2.82244906783404,0,0.0109013051875076,
0.2,242,6.75880366652168,-2.84575584913228,0,0.010887408715198,
0.2,243,6.81412267766784,-2.86915831709758,0,0.0108745459276487,
0.2,244,6.86966796721625,-2.89265718269276,0,0.0108610120036103,
0.2,245,6.92544185600277,-2.9162515526142,0,0.0108485335062503,
0.2,246,6.98144235586619,-2.93994245013272,0,0.0108353937142929,
0.2,247,7.0376711295188,-2.96372878180351,0,0.0108232472477593,
0.2,248,7.0941267911184,-2.98761167606561,0,0.0108105150730985,
0.2,249,7.15081046148106,-3.01159001231968,0,0.0107986657969893,
0.2,250,7.20772123515424,-3.03566488250239,0,0.0107863410793156,
0.2,251,7.26485981466447,-3.05983525224931,0,0.0107747672095489,
0.2,252,7.32222565276648,-3.08410208872354,0,0.0107628402641227,
0.2,253,7.37981915190565,-3.1084645100666,0,0.0107515292080951,
0.2,254,7.43764001060195,-3.13292331128177,0,0.0107399843931033,
0.2,255,7.49568843650548,-3.1574777944162,0,0.0107289295390647,
0.2,256,7.55396427657701,-3.18212856405962,0,0.0107177481856573,
0.2,257,7.6124676325001,-3.20687511377743,0,0.0107069463874891,
0.2,258,7.6711984194624,-3.23171785832227,0,0.0106961091046001,
0.2,259,7.73015670483301,-3.25665647604901,0,0.0106855588265384,
0.2,260,7.78934240863434,-3.28169120272479,0,0.0106750472526327,
0.2,261,7.84875561947135,-3.30682188808241,0,0.0106647472925615,
0.2,262,7.90839621399138,-3.33204860325124,0,0.0106545453960172,
0.2,263,7.96826434351376,-3.35737135518576,0,0.010644494084048,
0.2,264,8.02835980603943,-3.38279006308225,0,0.010634589119657,
0.2,265,8.088682845341,-3.40830488062013,0,0.0106247838842534,
0.2,266,8.14923315615451,-3.43391558240906,0,0.0106151671006959,
0.2,267,8.21001109485704,-3.4596224651154,0,0.0106056043009584,
0.2,268,8.2710162370281,-3.48542515823091,0,0.0105962714685846,
0.2,269,8.33224906386156,-3.51132410644333,0,0.0105869464047888,
0.2,270,8.39370902329897,-3.53731878419338,0,0.0105778982000142,
0.2,271,8.45539672657946,-3.56340979909767,0,0.0105688052300428,
0.2,272,8.51731149235425,-3.58959645054004,0,0.0105600474753707,
0.2,273,8.57945406035241,-3.61587953414365,0,0.0105511801826219,
0.2,274,8.64182362526456,-3.64225814425861,0,0.0105427239083201,
0.2,275,8.70442104646668,-3.66873329930614,0,0.0105340752811901,
0.2,276,8.76724540778429,-3.69530384950129,0,0.0105259365481389,
0.2,277,8.83029767105532,-3.72197107936364,0,0.0105174991456368,
0.2,278,8.89357683131297,-3.74873354834044,0,0.0105096985581086,
0.2,279,8.95708392597758,-3.77559285689875,0,0.0105014646482932,
0.2,280,9.02081789368425,-3.80254722188689,0,0.010494026492683,
0.2,281,9.08477980953852,-3.8295986134229,0,0.0104859881582253,
0.2,282,9.1489685996231,-3.85674485174461,0,0.0104789391357225,
0.2,283,9.21338532689497,-3.88398833084134,0,0.0104710883499483,
0.2,284,9.27802896071349,-3.91132642170817,0,0.0104644559244204,
0.2,285,9.34290048998534,-3.93876199316005,0,0.0104567846039951,
0.2,286,9.4079989947398,-3.96629191953452,0,0.010450595060942,
0.2,287,9.47332531684826,-3.9939195882623,0,0.0104430951051575,
0.2,288,9.53887872432466,-4.02164133855137,0,0.010437371500548,
0.2,289,9.60465983025187,-4.04946110951633,0,0.0104300348280314,
0.2,290,9.67066817487601,-4.07737467881489,0,0.0104247950857971,
0.2,291,9.73690405564488,-4.10538655692789,0,0.0104176136775202,
0.2,292,9.80336737196488,-4.13349194751503,0,0.0104128691521588,
0.2,293,9.87005801855236,-4.16169593753813,0,0.0104058351082253,
0.2,294,9.93697633838327,-4.18999315836214,0,0.0104015899471785,
0.2,295,10.0041217416601,-4.21838926480359,0,0.0103946955601012,
0.2,296,10.0714950912297,-4.24687832977068,0,0.0103909471684906,
0.2,297,10.1390952419356,-4.27546655677879,0,0.0103841850113318,
0.2,298,10.2069236394404,-4.30414748178743,0,0.0103809258317176,
0.2,299,10.2749785281975,-4.33292783305134,0,0.0103742888546052,
0.2,300,10.3432619821836,-4.36180063186046,0,0.0103715095422024,
0.2,301,10.411771599546,-4.39077311052797,0,0.0103649911674398,
0.2,302,10.4805101084631,-4.41983778968325,0,0.0103626850896082,
0.2,303,10.5494744449947,-4.4490023983054,0,0.0103562792929146,
0.2,304,10.618667998139,-4.47825895143076,0,0.0103544481540851,
0.2,305,10.6880870445061,-4.50761569194017,0,0.0103481495207242,
0.2,306,10.7577356243999,-4.53706409369339,0,0.0103468098564855,
0.2,307,10.8276093714628,-4.56661296741732,0,0.0103406136047783,
0.2,308,10.897712957572,-4.59625316728416,0,0.0103398039455496,
0.2,309,10.9680413964574,-4.62599417498598,0,0.0103337059169362,
0.2,310,11.0385999700921,-4.65582609085482,0,0.0103334946142578,
0.2,311,11.1093830922318,-4.685759232789,0,0.0103274912378091,
0.2,312,11.1803966425782,-4.71578274395156,0,0.0103279852603131,
0.2,313,11.2516344397097,-4.74590801991142,0,0.0103220735088076,
0.2,314,11.3231029712695,-4.77612295886969,0,0.0103234288853877,
0.2,315,11.3947954354027,-4.80644036820361,0,0.0103176062474971,
0.2,316,11.4667189776561,-4.83684651055655,0,0.0103200411453628,
0.2,317,11.5388661010252,-4.86735605213175,0,0.0103143056402666,
0.2,318,11.6112447218398,-4.89795310401514,0,0.0103181171552135,
0.2,319,11.6838464968719,-4.92865477611833,0,0.0103124674119796,
0.2,320,11.7566803218835,-4.95944235930474,0,0.0103180528393809,
0.2,321,11.8297367412254,-4.99033615948737,0,0.0103124882497449,
0.2,322,11.9030259819001,-5.02131379538599,0,0.010320370749705,
0.2,323,11.9765370385391,-5.05239972028383,0,0.0103148916815122,
0.2,324,12.0502820315896,-5.08356681566334,0,0.0103257487784008,
0.2,325,12.1242477190983,-5.11484486084664,0,0.0103203568087303,
0.2,326,12.1984489790702,-5.14620069994168,0,0.0103350481395551,
0.2,327,12.2728692919731,-5.17767085987234,0,0.0103297462371246,
0.2,328,12.3475275769189,-5.20921460926469,0,0.0103493346304359,
0.2,329,12.4224025111475,-5.24087687744897,0,0.0103441271919853,
0.2,330,12.4975188982851,-5.27260761122566,0,0.0103698849585316,
0.2,331,12.5728484516353,-5.30446198064404,0,0.0103647775911763,
0.2,332,12.6484244159318,-5.33637873323739,0,0.0103981684569366,
0.2,333,12.7242085883988,-5.36842519710736,0,0.0103931674059289,
0.2,334,12.8002460726125,-5.40052704935615,0,0.0104357945201168,
0.2,335,12.8764848664389,-5.43276560223275,0,0.0104309056738779,
0.2,336,12.9529863271327,-5.46505180221729,0,0.010484418231105,
0.2,337,13.0296797463964,-5.49748244137002,0,0.0104796456926147,
0.2,338,13.1066481578937,-5.52995255550912,0,0.0105456013036744,
0.2,339,13.1837962074829,-5.5625752824367,0,0.0105409455960553,
0.2,340,13.2612350058197,-5.59522936480395,0,0.0106206325112931,
0.2,341,13.3388376897001,-5.62804418668124,0,0.0106160885703846,
0.2,342,13.416750642261,-5.66088294676017,0,0.010710320400885,
0.2,343,13.494807961037,-5.69388987756767,0,0.0107058755851416,
0.2,344,13.5731989550094,-5.72691482048965,0,0.0108147797552085,
0.2,345,13.6517109028936,-5.76011388157392,0,0.0108104121494843,
0.2,346,13.7305836562765,-5.79332739218741,0,0.0109332399251452,
0.2,347,13.8095502177049,-5.82671861204809,0,0.0109289172185852,
0.2,348,13.8889079286624,-5.86012395643196,0,0.011063905765841,
0.2,349,13.9683290748843,-5.89370736962103,0,0.0110595849379142,
0.2,350,14.0481740363557,-5.92730859531613,0,0.011203899137348,
0.2,351,14.1280497223872,-5.96108424045443,0,0.011199527098334,
0.2,352,14.2083829365816,-5.99488596878,0,0.0113493007116471,
0.2,353,14.2887130989157,-6.02885388581334,0,0.0113448159382661,
0.2,354,14.3695339290247,-6.06286100389719,0,0.0114952996378512,
0.2,355,14.450318484461,-6.09702123081192,0,0.0114906347425289,
0.2,356,14.5316243784268,-6.13123850449515,0,0.0116364450798829,
0.2,357,14.6128632243278,-6.16559107376708,0,0.0116315301815555,
0.2,358,14.6946495392411,-6.20002271272,0,0.0117669817594853,
0.2,359,14.7763425554695,-6.23456764778346,0,0.0117617484900214,
0.2,360,14.8586025037848,-6.26921685952278,0,0.0118812437953581,
0.2,361,14.9407495565414,-6.30395417153113,0,0.0118756297779791,
0.2,362,15.0234742897023,-6.3388227416273,0,0.0119740784011481,
0.2,363,15.1060752374658,-6.37375242674865,0,0.0119680320542636,
0.2,364,15.1892540811438,-6.40884035983291,0,0.0120412729504349,
0.2,365,15.2723087828995,-6.44396239730992,0,0.0120347584790652,
0.2,366,15.3559296420722,-6.47926764977846,0,0.0120799639083273,
0.2,367,15.4394379679621,-6.51458200098719,0,0.012072966318484,
0.2,368,15.5234879292653,-6.55010033381318,0,0.0120890119822586,
0.2,369,15.6074497736574,-6.58560694258259,0,0.0120815418757688,
0.2,370,15.6919159453423,-6.6213319228789,0,0.0120693325720157,
0.2,371,15.7763312420133,-6.65703071735438,0,0.0120614303428252,
0.2,372,15.8612018858704,-6.69295390037684,0,0.012024173121903,
0.2,373,15.9460706244959,-6.72884479668866,0,0.0120159119986446,
0.2,374,16.0313366464832,-6.76495612391803,0,0.0119593299835464,
0.2,375,16.1166588888342,-6.80103903177558,0,0.011950817184152,
0.2,376,16.2023157644174,-6.83732748108171,0,0.0118833004923775,
0.2,377,16.2880916576304,-6.8736023110776,0,0.0118746756641378,
0.2,378,16.3741418779173,-6.91005682439454,0,0.0118073795319467,
0.2,379,16.4603716609989,-6.94652349619258,0,0.0117988097429618,
0.2,380,16.5468278150171,-6.98313417916371,0,0.0117457498745862,
0.2,381,16.6335118136323,-7.01979262883692,0,0.0117374208254004,
0.2,382,16.7204005230918,-7.05655215679756,0,0.0117157106659533,
0.2,383,16.8075391269486,-7.09340234046203,0,0.0117078145357676,
0.2,384,16.8949063539914,-7.13030741310415,0,0.0117383923713536,
0.2,385,16.982499970924,-7.16734930283978,0,0.0117311136944433,
0.2,386,17.0704190543693,-7.20440187260289,0,0.0118407406906472,
0.2,387,17.1584680347413,-7.24163543949554,0,0.0118342425366249,
0.2,388,17.2470540728066,-7.27884329732283,0,0.0120605641165936,
0.2,389,17.3355585936868,-7.31626847433628,0,0.0120549771838379,
0.2,390,17.4249993755457,-7.35364450725519,0,0.0124592521579422,
0.2,391,17.513959254873,-7.39126111695005,0,0.0124546689810077,
0.2,392,17.6045954334531,-7.4288193899097,0,0.0131565991716153,
0.2,393,17.6940097663983,-7.46662698964499,0,0.0131530750927202,
0.2,394,17.786597159576,-7.50436592288929,0,0.0144484448960436,
0.2,395,17.8764632968519,-7.54236336357168,0,0.0144460066192148,
0.2,396,17.9734598605839,-7.58013336709316,0,0.0174297706904029,
0.2,397,18.0637682559691,-7.61831674300014,0,0.0174282981505884,
0.2,398,18.189526477331,-7.64254790653792,0,0.0440824766710727,
0.2,399,18.2801077480069,-7.68102175730543,0,0.0439197217108465,
0.25,0,-0.29795963786326,-9.6281038697299e-12,1,0.142849459873356,
0.25,1,0.00048420654309477,-0.000286796779886142,1,1.95468701155006e-05,
0.25,2,0.000484206546652507,-0.000286796783575338,1,1.95468716474047e-05,
0.25,3,0.00193678709441846,-0.00114702370277263,1,7.80628037249465e-05,
0.25,4,0.00193678710870073,-0.00114702371787801,1,7.80628101338817e-05,
0.25,5,0.00435762391386072,-0.00258019196127299,1,0.000175175279605662,
0.25,6,0.00435762394628329,-0.00258019199653523,1,0.000175175295006986,
0.25,7,0.00774651909317282,-0.00458549167852715,1,0.000310268446216715,
0.25,8,0.0077465191514779,-0.00458549174449771,1,0.000310268476158386,
0.25,9,0.0121031920879726,-0.00716179908491677,1,0.000482490603079011,
0.25,10,0.0121031921803012,-0.0071617991948975,1,0.000482490655331463,
0.25,11,0.0174272763552417,-0.0103076865111054,1,0.000690764582562659,
0.25,12,0.0174272764900817,-0.0103076866823161,1,0.000690764668168487,
0.25,13,0.0237183151980732,-0.0140214351398651,1,0.000933800932802049,
0.25,14,0.0237183153840452,-0.0140214353949561,1,0.000933801067505738,
0.25,15,0.0309757569608466,-0.0183010504376499,1,0.00121011376373094,
0.25,16,0.0309757572061992,-0.0183010508066464,1,0.00121011396992754,
0.25,17,0.0391989497665273,-0.0231442801609622,1,0.00151803907222927,
0.25,18,0.0391989500781925,-0.0231442806838131,1,0.00151803938165386,
0.25,19,0.0483871360432536,-0.0285486348005159,1,0.00185575530765771,
0.25,20,0.0483871364251866,-0.0285486355304113,1,0.00185575576509269,
0.25,21,0.0585394471477634,-0.0345114102860125,1,0.00222130587483982,
0.25,22,0.0585394475981754,-0.0345114112936589,1,0.00222130654319378,
0.25,23,0.0696548984556486,-0.0410297127238468,1,0.00261262319729911,
0.25,24,0.0696548989625425,-0.0410297141029372,1,0.00261262416454693,
0.25,25,0.0817323853475963,-0.0481004848773221,1,0.00302755388013188,
0.25,26,0.0817323858816718,-0.0481004867513945,1,0.00302755526873565,
0.25,27,0.0947706805701962,-0.0557205340223077,1,0.0034638844209433,
0.25,28,0.0947706810737878,-0.0557205365531083,1,0.00346388640049507,
0.25,29,0.108768433481297,-0.0638865607206653,1,0.00391936682270006,
0.25,30,0.108768433851362,-0.0638865641178996,1,0.00391936962663511,
0.25,31,0.123724171693606,-0.0725951879510623,1,0.00439174337044066,
0.25,32,0.123724171755823,-0.0725951924829357,1,0.00439174731770505,
0.25,33,0.13963630506633,-0.0818429959300001,1,0.00487877527590679,
0.25,34,0.13963630559647,-0.0818429899270334,1,0.00487876975364524,
0.25,35,0.15650313458056,-0.0916265277086447,1,0.0053782433341405,
0.25,36,0.156503136155451,-0.0916265198243275,1,0.00537823565995836,
0.25,37,0.17432286293229,-0.101942345791725,1,0.00588799253267706,
0.25,38,0.174322866256413,-0.101942335547322,1,0.00588798194869709,
0.25,39,0.193093609523676,-0.112787035728489,1,0.00640592801571051,
0.25,40,0.193093615673894,-0.112787022605295,1,0.00640591355045268,
0.25,41,0.212813428916441,-0.124157229651508,1,0.00693002689430954,
0.25,42,0.212813439508981,-0.124157213164344,1,0.00693000734712805,
0.25,43,0.233480332261778,-0.136049620557575,1,0.00745834050503892,
0.25,44,0.233480349674235,-0.136049600410011,1,0.00745831447591124,
0.25,45,0.255092311080049,-0.148460971134854,1,0.00798899075591463,
0.25,46,0.255092338726917,-0.148460947515302,1,0.0079889567731926,
0.25,47,0.277647362463299,-0.161388116655776,1,0.00852016058243479,
0.25,48,0.277647405097592,-0.161388090763603,1,0.0085201174199462,
0.25,49,0.301143514605708,-0.174827961790509,1,0.00905007891118228,
0.25,50,0.30114357856372,-0.174827936713926,1,0.009050026241306,
0.25,51,0.325578851506518,-0.188777471595402,1,0.00957700090822992,
0.25,52,0.325578944709413,-0.188777453680484,1,0.00957694050256207,
0.25,53,0.350951535763147,-0.203233657355716,1,0.0100991846273608,
0.25,54,0.350951667124402,-0.203233658166446,1,0.0100991223609026,
0.25,55,0.3772598285861,-0.218193558362122,1,0.0106148654217876,
0.25,56,0.377260006264342,-0.218193597160843,1,0.0106148142873816,
0.25,57,0.404502106504936,-0.233654221024198,1,0.0111222296052518,
0.25,58,0.404502334281304,-0.233654327312341,1,0.0111222136800643,
0.25,59,0.43267687465293,-0.249612676929867,1,0.0116193888283625,
0.25,60,0.432677145812905,-0.249612891962527,1,0.0116194475362583,
0.25,61,0.461782776954662,-0.266065921525086,1,0.0121043564840745,
0.25,62,0.461783065682897,-0.266066297057094,1,0.0121045476207264,
0.25,63,0.491818603922303,-0.283010895016886,1,0.0125750272107884,
0.25,64,0.491818855421484,-0.283011487361162,1,0.0125754264666655,
0.25,65,0.522783299021419,-0.300444466922855,1,0.0130291602813205,
0.25,66,0.522783420816265,-0.300445325206702,1,0.013029855104698,
0.25,67,0.55467582187103,-0.318364574534674,1,0.0134654442840298,
0.25,68,0.554675964637193,-0.318363425443446,1,0.013464367415862,
0.25,69,0.587495285092139,-0.336765892350341,1,0.0138796310833817,
0.25,70,0.587495868518506,-0.336764472560558,1,0.013878105391126,
0.25,71,0.62097095098986,-5.82667218788172e-05,1,0.297658198776818,E1
0.25,72,0.621241217286519,-0.355645827976869,1,0.0142696716408439,
0.25,73,0.621242451186743,-0.355644225483252,1,0.0142676737571099,
0.25,74,0.655913220678722,-0.37500082905278,1,0.0146326391696385,
0.25,75,0.655915334184641,-0.374999224742981,1,0.0146302179866216,
0.25,76,0.691511110232387,-0.394827253228276,1,0.0149654259182568,
0.25,77,0.691514328266942,-0.39482594880201,1,0.0149627383685627,
0.25,78,0.728034934328917,-0.415121385682532,1,0.0152647486294411,
0.25,79,0.728039439829444,-0.415120834340324,1,0.0152621047291174,
0.25,80,0.765484999119836,-0.435879463854402,1,0.0155271585682833,
0.25,81,0.765490873283303,-0.435880300272757,1,0.0155250763704616,
0.25,82,0.80386189543665,-0.45709771152111,1,0.0157490585278106,
0.25,83,0.803869027115946,-0.457100771943625,1,0.0157483251920544,
0.25,84,0.843166525575829,-0.478772384558259,1,0.0159267301457737,
0.25,85,0.84317448260071,-0.478778700031562,1,0.0159284576940754,
0.25,86,0.883400125659614,-0.50089983049658,1,0.0160563754502614,
0.25,87,0.883407987084811,-0.500910567134856,1,0.0160620287687757,
0.25,88,0.9245642774892,-0.523476563286933,1,0.0161341767894494,
0.25,89,0.924570438652358,-0.523492875080486,1,0.0161455379160586,
0.25,90,0.966660901795612,-0.546499353181539,1,0.016156378945501,
0.25,91,0.966662884850832,-0.546522109385083,1,0.0161753986655891,
0.25,92,1.00968655269971,-0.569994685185623,1,0.0161478767396154,
0.25,93,1.00969222273208,-0.569965328853779,1,0.0161193957763858,
0.25,94,1.05364292683932,-0.593906890625727,1,0.0160590029032192,
0.25,95,1.05366069188616,-0.593872084275524,1,0.0160199404400884,
0.25,96,1.09853388458087,-0.618254855474184,1,0.0159044806780472,
0.25,97,1.09856886009032,-0.618217776045876,1,0.0158551722659016,
0.25,98,1.14436188127883,-0.643034579005887,1,0.0156796219378609,
0.25,99,1.1444191885721,-0.643001187914932,1,0.0156228439187735,
0.25,100,1.1911301619522,-0.668242047678757,1,0.0153793487231472,
0.25,101,1.19121379973504,-0.668221729367767,1,0.0153214196386501,
0.25,102,1.23884296267367,-0.693873460961241,1,0.0149982948722529,
0.25,103,1.23895418422096,-0.693879327398004,1,0.0149501207046427,
0.25,104,1.28750566195248,-0.719925569581604,1,0.0145310302862821,
0.25,105,1.28764090538612,-0.719974170439928,1,0.0145088423960239,
0.25,106,1.32719707232902,-0.0154473190932113,1,0.622735873371101,E2
0.25,107,1.33712484490535,-0.74639612242433,1,0.0139724223523751,
0.25,108,1.33727337142604,-0.746506277902757,1,0.0139978854721617,
0.25,109,1.38770824193437,-0.773284418995072,1,0.0133181501767265,
0.25,110,1.38784976935523,-0.773474903318673,1,0.0134174640374604,
0.25,111,1.4392644883906,-0.800591967609791,1,0.0125653974232902,
0.25,112,1.43936725851864,-0.800877831672054,1,0.0127669961154142,
0.25,113,1.4918026165114,-0.828323240225404,1,0.011713758318208,
0.25,114,1.49182249006973,-0.828710686576969,1,0.0120442465886012,
0.25,115,1.54521245248725,-0.856966393000149,1,0.0112444503313994,
0.25,116,1.54533113983487,-0.85648647047313,1,0.010766376945071,
0.25,117,1.59953556548773,-0.885634920217,1,0.0103595621830761,
0.25,118,1.59985654592112,-0.885094333320276,1,0.00973126633216393,
0.25,119,1.65479289872451,-0.914703354767424,1,0.00937773669710441,
0.25,120,1.65538103412929,-0.914164149008914,1,0.00862257199295633,
0.25,121,1.71098941662194,-0.944156255837779,1,0.00828304321287386,
0.25,122,1.71189953392901,-0.943716993388531,1,0.00746122066718639,
0.25,123,1.76813525765578,-0.97397617831963,1,0.00705531156323331,
0.25,124,1.76939655091187,-0.973774933047691,1,0.00627400602327692,
0.25,125,1.78458286809809,-0.173750709491788,1,0.703094009955689,E3
0.25,126,1.82624722866877,-1.00414425809777,1,0.00566992929999062,
0.25,127,1.82784418682556,-1.00435591660117,1,0.00509005458720744,
0.25,128,1.88535091842864,-1.03464087045682,1,0.00409740620640013,
0.25,129,1.88720323843748,-1.03546704441732,1,0.00393439254931965,
0.25,130,1.94548413899705,-1.06544664899967,1,0.00230261860204982,
0.25,131,1.94742855298129,-1.0670986944339,1,0.00282022314491195,
0.25,132,2.00670288583775,-1.09654478282857,1,0.000243967880850394,
0.25,133,2.00847738145317,-1.09922269723717,1,0.00174332035189704,
0.25,134,2.06909178676462,-1.12792714302007,1,0.00212625249391815,
0.25,135,2.07031701749554,-1.13179588146855,1,0.000681478001897882,
0.25,136,2.12442189106119,-0.564794979897362,1,0.522847883943423,E4
0.25,137,2.13278173156494,-1.1596114701118,1,0.00485522564255221,
0.25,138,2.13292815992352,-1.1647669539703,1,0.000401064404904792,
0.25,139,2.19630320196409,-1.19808297886214,1,0.00154711559268245,
0.25,140,2.19797373418841,-1.19169054222633,1,0.00795790232365665,
0.25,141,2.26044119515297,-1.23169288257807,1,0.00280104211433949,
0.25,142,2.26493116130362,-1.22446616785702,1,0.0112956853733767,
0.25,143,2.32534160079798,-1.26554763824544,1,0.00420561083558691,
0.25,144,2.33371724336856,-1.25868648881346,1,0.014242332882174,
0.25,145,2.3909976823297,-1.29959817740807,1,0.0058006536944824,
0.25,146,2.40339686338046,-1.29519995435375,1,0.0156049416037691,
0.25,147,2.45548627567658,-1.1115315686615,1,0.20176210860349,E5
0.25,148,2.4573887962801,-1.33379250847019,1,0.00762190060306653,
0.25,149,2.47252919706982,-1.33340842045393,1,0.0152176643516581,
0.25,150,2.5244694364197,-1.36807406093562,1,0.00969717999371156,
0.25,151,2.54106163395294,-1.37202132835252,1,0.0141878501805262,
0.25,152,2.59215184718456,-1.40238560397929,1,0.0120346443820178,
0.25,153,2.60959391959534,-1.41055546571555,1,0.013227091149123,
0.25,154,2.66028043774663,-1.43668982147258,1,0.0145924475351739,
0.25,155,2.6785261650851,-1.44899900203543,1,0.0125375929785265,
0.25,156,2.72861014707672,-1.47102973493386,1,0.0172153460029724,
0.25,157,2.74805134148838,-1.48743639449895,1,0.0121377527717072,
0.25,158,2.79684923848,-1.50564630540674,1,0.0195520105534111,
0.25,159,2.81825534597907,-1.52594921629343,1,0.0119971646207976,
0.25,160,2.8648734714239,-1.54105712950431,1,0.0210886433404782,
0.25,161,2.88917220321386,-1.56460279779752,1,0.0120748080141055,
0.25,162,2.93300579555567,-1.57782675383181,1,0.0214846384166377,
0.25,163,2.96080986253351,-1.60345018194095,1,0.0123279445184349,
0.25,164,3.00188718401579,-1.61611473234019,0,0.0209072729099462,
0.25,165,3.03316299771517,-1.64253802045177,0,0.0127130798635305,
0.25,166,3.07199494373143,-1.65563660800274,0,0.0198350144772991,
0.25,167,3.10622060056339,-1.68191139960814,0,0.0131853695078387,
0.25,168,3.14346542986864,-1.69601341997388,0,0.0186658046973345,
0.25,169,3.17997172299876,-1.72161692086368,0,0.0136986680394546,
0.25,170,3.2162411478943,-1.73698298846724,0,0.0176021636311454,
0.25,171,3.25441053798858,-1.76170360903416,0,0.0142071585066546,
0.25,172,3.29021551016073,-1.77840666206615,0,0.0167146685037912,
0.25,173,3.32954056115972,-1.80222132840525,0,0.0146687663631935,
0.25,174,3.36529103609343,-1.82022173743644,0,0.0160116119909664,
0.25,175,3.40537706253296,-1.84321692608326,0,0.0150497002434202,
0.25,176,3.44139154848416,-1.86240511844065,0,0.0154767415610857,
0.25,177,3.48194662903032,-1.88472925103427,0,0.0153286134215733,
0.25,178,3.51846018276048,-1.90495342818076,0,0.0150857583926696,
0.25,179,3.55928368245917,-1.92678492693849,0,0.0154986441137002,
0.25,180,3.59645500618946,-1.94787309498578,0,0.0148129174732138,
0.25,181,3.63742506199038,-1.96939657799004,0,0.0155663751865358,
0.25,182,3.67534531881125,-1.99117544266882,0,0.0146335628770215,
0.25,183,3.71640459472437,-2.01256405415496,0,0.0155481558830838,
0.25,184,3.75510902724026,-2.03487413134829,0,0.0145251145890909,
0.25,185,3.79624930980554,-2.05627785702142,0,0.0154652803060526,
0.25,186,3.83573084374954,-2.07898366870887,0,0.0144675115916014,
0.25,187,3.87697792336886,-2.1005233062865,0,0.0153396046263807,
0.25,188,3.91720099683731,-2.12351840749856,0,0.0144434734556926,
0.25,189,3.95860123370744,-2.14528419841449,0,0.0151905257619279,
0.25,190,3.99951420887392,-2.16849178827859,0,0.0144386747487826,
0.25,191,4.04112361713636,-2.19054535065514,0,0.0150334659467769,
0.25,192,4.082668786344,-2.21391575388244,0,0.0144418227339332,
0.25,193,4.12454486980156,-2.23629399636446,0,0.0148795312322371,
0.25,194,4.16666574986356,-2.25980033567962,0,0.0144446033655738,
0.25,195,4.20886191668936,-2.28252029380983,0,0.0147358843111174,
0.25,196,4.25150799470404,-2.30615343049781,0,0.0144414745925169,
0.25,197,4.29407017797597,-2.32921727112089,0,0.0146064478908028,
0.25,198,4.33719951228286,-2.35298077434651,0,0.0144293161802922,
0.25,199,4.38016455656814,-2.3763804721323,0,0.0144926889476043,
0.25,200,4.4237447173789,-2.4002860933617,0,0.0144069746946868,
0.25,201,4.46714009327045,-2.4240074812516,0,0.0143943497984009,
0.25,202,4.51114791876488,-2.44807138842477,0,0.0143747599327529,
0.25,203,4.55499236097587,-2.47209743219027,0,0.014310068214735,
0.25,204,4.59941295113751,-2.49633729680775,0,0.0143339510872158,
0.25,205,4.64371766667073,-2.52065055561408,0,0.0142378712432674,
0.25,206,4.68854296348871,-2.54508347441785,0,0.0142863598350511,
0.25,207,4.73331311814536,-2.56966779095621,0,0.0141755478546563,
0.25,208,4.77854034091307,-2.59430895289028,0,0.0142339794715776,
0.25,209,4.82377659966944,-2.61915047108726,0,0.0141209140097358,
0.25,210,4.86940672683912,-2.64401244160718,0,0.0141787305221259,
0.25,211,4.91510669040191,-2.66910007961711,0,0.0140719865308766,
0.25,212,4.9611431106952,-2.69419256067289,0,0.014122298316277,
0.25,213,5.00730255120992,-2.7195180756856,0,0.0140270826006754,
0.25,214,5.05374994984701,-2.74484800371633,0,0.0140660485753147,
0.25,215,5.10036379925432,-2.77040577824273,0,0.0139848611887332,
0.25,216,5.14722730148306,-2.79597763789105,0,0.0140110028831594,
0.25,217,5.19429038451832,-2.82176430016583,0,0.0139443216740066,
0.25,218,5.24157494767136,-2.84758055284403,0,0.0139578556675753,
0.25,219,5.28908247800139,-2.87359452180959,0,0.013904773454069,
0.25,220,5.33679250360376,-2.89965607168402,0,0.0139070164696704,
0.25,221,5.38474037744194,-2.92589709363355,0,0.0138657884403703,
0.25,222,5.43287950441498,-2.95220373621339,0,0.0138586645274135,
0.25,223,5.48126443318337,-2.97867245830225,0,0.0138271461218182,
0.25,224,5.52983546979072,-3.00522327684412,0,0.0138128061515966,
0.25,225,5.57865499423969,-3.03192088394932,0,0.013788778515222,
0.25,226,5.6276599480294,-3.05871457536982,0,0.0137693285208277,
0.25,227,5.67691237279093,-3.08564250192864,0,0.013750720013801,
0.25,228,5.72635254258908,-3.11267762653782,0,0.0137280461324135,
0.25,229,5.77603682421887,-3.13983734411715,0,0.0137130650794446,
0.25,230,5.82591292471605,-3.16711250238127,0,0.0136887381583981,
0.25,231,5.87602853929733,-3.19450537649517,0,0.013675935029089,
0.25,232,5.92634083578023,-3.22201932163356,0,0.0136511764065554,
0.25,233,5.97688764513495,-3.24964652716781,0,0.0136394538955526,
0.25,234,6.02763608262582,-3.27739822527731,0,0.0136151445491938,
0.25,235,6.07861421178915,-3.30526070813375,0,0.0136037324945741,
0.25,236,6.12979852874165,-3.33324935835792,0,0.0135804498500297,
0.25,237,6.18120826198085,-3.36134783093242,0,0.0135688593505958,
0.25,238,6.23282808347335,-3.38957285757693,0,0.0135469288801766,
0.25,239,6.28466978192838,-3.41790781683382,0,0.0135348969484169,
0.25,240,6.33672469091599,-3.44636884381874,0,0.0135144487513379,
0.25,241,6.38899873189351,-3.47494060251812,0,0.0135018818048899,
0.25,242,6.44148831959224,-3.50363741860274,0,0.013482905280825,
0.25,243,6.49419505554701,-3.53244614228823,0,0.0134698270173066,
0.25,244,6.5471189535692,-3.5613786634379,0,0.0134522192991611,
0.25,245,6.6002586876781,-3.59042440781926,0,0.0134387261793897,
0.25,246,6.65361658530634,-3.61959264113862,0,0.0134223320663804,
0.25,247,6.70718956008949,-3.6488753863269,0,0.0134085578149058,
0.25,248,6.76098121026382,-3.67827939830019,0,0.0133932005147676,
0.25,249,6.81498760573993,-3.70779907787292,0,0.0133792897283488,
0.25,250,6.86921282312256,-3.73743896829455,0,0.0133647928075874,
0.25,251,6.92365276133305,-3.76719549234777,0,0.0133508828941536,
0.25,252,6.97831141536634,-3.79707137430938,0,0.0133370845128379,
0.25,253,7.03318496862169,-3.82706464650012,0,0.0133232946887915,
0.25,254,7.0882769739364,-3.85717663209981,0,0.0133100555433922,
0.25,255,7.1435841747223,-3.88740656123445,0,0.0132964814131292,
0.25,256,7.19910948067343,-3.91775475224335,0,0.0132836879105844,
0.25,257,7.25485033172538,-3.94822125927424,0,0.013270400156397,
0.25,258,7.31080891230274,-3.97880574178574,0,0.0132579642726928,
0.25,259,7.36698339586643,-4.00950876319813,0,0.0132450101221699,
0.25,260,7.4233752407764,-4.04032960523753,0,0.0132328672244553,
0.25,261,7.47998332649363,-4.0712690937954,0,0.0132202735766013,
0.25,262,7.53680843385636,-4.10232634493788,0,0.013208379257331,
0.25,263,7.59385008504123,-4.13350226865967,0,0.013196156590447,
0.25,264,7.65110845589141,-4.16479596084855,0,0.0131844833127677,
0.25,265,7.7085836341932,-4.1962083009386,0,0.0131726297352754,
0.25,266,7.76627526880097,-4.22773844988432,0,0.0131611638414899,
0.25,267,7.82418393740116,-4.25938719818666,0,0.0131496688591964,
0.25,268,7.88230883331833,-4.29115380492997,0,0.0131384082622419,
0.25,269,7.94065095889042,-4.32303896131451,0,0.013127256011733,
0.25,270,7.99920911056105,-4.35504201374059,0,0.0131162086797075,
0.25,271,8.05798466425479,-4.38716358369332,0,0.0131053805150265,
0.25,272,8.11697606397499,-4.41940305796301,0,0.0130945636753034,
0.25,273,8.17618502168005,-4.45176105053739,0,0.0130840400922009,
0.25,274,8.23560966164376,-4.48423691254769,0,0.0130734799305585,
0.25,275,8.29525200376151,-4.51683133874446,0,0.0130632418788736,
0.25,276,8.35510987886781,-4.54954354582326,0,0.0130529733981072,
0.25,277,8.41518558977826,-4.58237441740237,0,0.013043003068898,
0.25,278,8.4754767008041,-4.6153229204713,0,0.0130330697118165,
0.25,279,8.53598576817439,-4.64839024915551,0,0.0130233509046931,
0.25,280,8.59671012484804,-4.68157499555322,0,0.0130138035499724,
0.25,281,8.6576525388857,-4.71487879255718,0,0.0130043217284057,
0.25,282,8.71881016234583,-4.74829972959784,0,0.012995216746615,
0.25,283,8.78018591506737,-4.78184000540535,0,0.0129859588827117,
0.25,284,8.84177683918947,-4.81549708457136,0,0.0129773550928237,
0.25,285,8.90358592374725,-4.84927384888116,0,0.0129683093922084,
0.25,286,8.96561019488889,-4.88316703033492,0,0.0129602639800133,
0.25,287,9.02785260498144,-4.9171802921019,0,0.0129514195629484,
0.25,288,9.09031027985635,-4.95130954899486,0,0.0129439832802784,
0.25,289,9.15298600923586,-4.98555931650438,0,0.0129353298803104,
0.25,290,9.21587715087412,-5.01992463840329,0,0.0129285421014308,
0.25,291,9.27898619296007,-5.05441091933314,0,0.0129200698257965,
0.25,292,9.34231086502671,-5.08901231403253,0,0.0129139542330108,
0.25,293,9.40585321263163,-5.12373511547362,0,0.0129056534129866,
0.25,294,9.46961147270758,-5.15857260855122,0,0.0129002151654854,
0.25,295,9.53358711787808,-5.19353193697649,0,0.0128920763074893,
0.25,296,9.59777901058609,-5.22860556869017,0,0.0128873014689579,
0.25,297,9.66218794455976,-5.26380142987924,0,0.0128793152999705,
0.25,298,9.7268134955703,-5.29911124937342,0,0.0128751730491985,
0.25,299,9.79165570884272,-5.33454364831386,0,0.0128673306355461,
0.25,300,9.85671492075107,-5.37008970553418,0,0.0128637783853651,
0.25,301,9.92199040323589,-5.40575864632867,0,0.0128560712909501,
0.25,302,9.98748325403809,-5.44154098242932,0,0.0128530623758952,
0.25,303,10.0531919952946,-5.47744646823997,0,0.0128454828201546,
0.25,304,10.1191184397314,-5.5134651054894,0,0.0128429759994041,
0.25,305,10.1852604292202,-5.54960713854312,0,0.0128355169751962,
0.25,306,10.2516204027014,-5.58586207067886,0,0.0128334867783652,
0.25,307,10.3181956300243,-5.62224065234411,0,0.0128261420995758,
0.25,308,10.3849890543449,-5.6587318359395,0,0.0128245891436479,
0.25,309,10.4519975094232,-5.69534696686488,0,0.0128173534091461,
0.25,310,10.51922429924,-5.73207431357563,0,0.0128163143078416,
0.25,311,10.5866659723956,-5.76892599385945,0,0.0128091827913939,
0.25,312,10.6543260416275,-5.80588936255309,0,0.0128087401306341,
0.25,313,10.7222009235494,-5.84297759189533,0,0.0128017086316129,
0.25,314,10.7902941916175,-5.88017677887757,0,0.0128020025383756,
0.25,315,10.8586022732253,-5.91750155665686,0,0.0127950672486513,
0.25,316,10.9271286723529,-5.9549362818192,0,0.012796311047414,
0.25,317,10.9958699446004,-5.99249760704217,0,0.0127894685017979,
0.25,318,11.064829431059,-6.03016749410077,0,0.0127919714481134,
0.25,319,11.1340038847523,-6.06796536519386,0,0.0127852186197654,
0.25,320,11.2033964585911,-6.10586991553011,0,0.0127894183161924,
0.25,321,11.2730040843126,-6.14390432997973,0,0.0127827528959806,
0.25,322,11.3428298232131,-6.1820428920051,0,0.0127892584077575,
0.25,323,11.4128706114457,-6.22031384590281,0,0.0127826792628816,
0.25,324,11.4831297242873,-6.25868558516251,0,0.0127923230350918,
0.25,325,11.5536036658076,-6.29719307276327,0,0.0127858307853858,
0.25,326,11.6242965697603,-6.33579695165935,0,0.0127997233978813,
0.25,327,11.69520365632,-6.37454096510204,0,0.0127933209876627,
0.25,328,11.7663310774571,-6.41337574432904,0,0.0128128981314071,
0.25,329,11.8376713026976,-6.45235627369109,0,0.012806591220048,
0.25,330,11.9092343942867,-6.49142054919362,0,0.0128336379754654,
0.25,331,11.9810077547463,-6.53063758303502,0,0.0128274349429267,
0.25,332,12.0530082200968,-6.56992987140255,0,0.0128640697352376,
0.25,333,12.1252147160881,-6.60938339790135,0,0.012857981106199,
0.25,334,12.1976549152869,-6.64890227869815,0,0.0129065819709863,
0.25,335,12.2702945513638,-6.68859228738155,0,0.0129006191193107,
0.25,336,12.3431775651583,-6.72833660257934,0,0.0129636793109864,
0.25,337,12.4162503498791,-6.76826308653019,0,0.0129578524102277,
0.25,338,12.4895799714687,-6.80823218547264,0,0.0130377614900869,
0.25,339,12.5630859162142,-6.8483951437541,0,0.0130320768185457,
0.25,340,12.6368665447568,-6.88858914860605,0,0.0131308366455553,
0.25,341,12.7108056614759,-6.92898858853889,0,0.0131252935073137,
0.25,342,12.7850420808441,-6.96940864280291,0,0.0132441940741909,
0.25,343,12.8594143787723,-7.01004458167281,0,0.0132387817273864,
0.25,344,12.9341114210755,-7.05069303664833,0,0.0133780762114163,
0.25,345,13.0089169026656,-7.09156550244871,0,0.0133727712654732,
0.25,346,13.0840790158143,-7.13244599673179,0,0.0135313989400916,
0.25,347,13.1593176722918,-7.17355502766148,0,0.0135261636655718,
0.25,348,13.2349484301506,-7.2146724246229,0,0.0137015699234137,
0.25,349,13.310620237218,-7.25601806723792,0,0.0136963518147602,
0.25,350,13.3867218447532,-7.29737823393107,0,0.0138844449492037,
0.25,351,13.4628267589908,-7.33896054005564,0,0.0138791777098374,
0.25,352,13.5393996093985,-7.38056997445031,0,0.0140744437241382,
0.25,353,13.6159375658445,-7.42238899712944,0,0.0140690496584111,
0.25,354,13.6929799007815,-7.4642543334506,0,0.0142648234777815,
0.25,355,13.7699508120574,-7.50631012233845,0,0.0142592171185952,
0.25,356,13.8474585219131,-7.54843756126738,0,0.0144480868810081,
0.25,357,13.9248622791287,-7.59073015787555,0,0.0144421795936723,
0.25,358,14.0028288624969,-7.63312487619512,0,0.0146164853046251,
0.25,359,14.0806653380713,-7.67565430938827,0,0.0146101905925306,
0.25,360,14.1590820237616,-7.71831990217002,0,0.0147625721471971,
0.25,361,14.2373510762545,-7.76108618422981,0,0.0147558114220841,
0.25,362,14.3162071018235,-7.80402418454004,0,0.0148797636379776,
0.25,363,14.3949085828604,-7.84702730805476,0,0.0148724722697175,
0.25,364,14.4741916229627,-7.89023681861347,0,0.0149628734987925,
0.25,365,14.553325386352,-7.93347675442639,0,0.0149550069868044,
0.25,366,14.6330221319013,-7.97695421687521,0,0.0150085992664428,
0.25,367,14.7125880450019,-8.02043091333936,0,0.015000139343716,
0.25,368,14.7926849479572,-8.06417003671387,0,0.0150159482377516,
0.25,369,14.8726829052177,-8.10788342054745,0,0.0150069086110301,
0.25,370,14.9531671203964,-8.15187529220984,0,0.014986597386344,
0.25,371,15.0335970586764,-8.19582527128384,0,0.0149770286353644,
0.25,372,15.1144576297025,-8.24005867974277,0,0.0149251835348558,
0.25,373,15.1953195444504,-8.28424514809786,0,0.0149151764654808,
0.25,374,15.2765488928155,-8.32870715411104,0,0.0148395194120735,
0.25,375,15.3578428533756,-8.37312999931097,0,0.0148292059418404,
0.25,376,15.4394386371285,-8.41780679289625,0,0.014740733543823,
0.25,377,15.5211647984252,-8.46246590537994,0,0.0147302840963487,
0.25,378,15.6031322164606,-8.5073439724525,0,0.0146433485617499,
0.25,379,15.6852908231764,-8.55223925576851,0,0.0146329650881632,
0.25,380,15.767645474617,-8.59730683798275,0,0.0145653639538607,
0.25,381,15.8502368530058,-8.64243821767281,0,0.0145552682119416,
0.25,382,15.9330083762903,-8.68768697350853,0,0.0145285312750043,
0.25,383,16.0160329082166,-8.73305440108649,0,0.0145189488909021,
0.25,384,16.0992699579522,-8.77848106369824,0,0.0145592693392939,
0.25,385,16.1827280316164,-8.82408451087946,0,0.0145504112482732,
0.25,386,16.2665060358906,-8.8696921961702,0,0.0146912167712817,
0.25,387,16.3503979669226,-8.91553163328076,0,0.0146832603357238,
0.25,388,16.4348334525964,-8.96133026978517,0,0.0149717037775655,
0.25,389,16.5191593637478,-9.00740561990284,0,0.0149647753533785,
0.25,390,16.6044413997672,-9.05341057297077,0,0.0154780168322561,
0.25,391,16.6892010242342,-9.09972162424453,0,0.0154721744235382,
0.25,392,16.7756734355847,-9.14594780685199,0,0.0163619650505966,
0.25,393,16.8608657173458,-9.19249402703941,0,0.0163571694604496,
0.25,394,16.9492970691705,-9.2389310146911,0,0.0180011273486509,
0.25,395,17.0349189930215,-9.28571102906838,0,0.0179971394447627,
0.25,396,17.1278326237375,-9.33212835893052,0,0.021807267637964,
0.25,397,17.2138730675119,-9.37913761487457,0,0.0218027504722776,
0.25,398,17.3330681928278,-9.40930518519124,0,0.0524734039813457,
0.25,399,17.419376389836,-9.45667107618074,0,0.0522842778571724,
