resonance,energy,part3_absT2,bw_theta_0.05,bw_theta_0.10,bw_theta_0.15,bw_theta_0.20,bw_theta_0.25
1,0.6204703037,0.013274533056264,0.0133631221401702,0.0133639000012152,0.0133638883587291,0.0133638707038998,0.0133639369087661
1,0.620470859564369,0.0133037400341547,0.0133924474480194,0.0133932270246837,0.0133932153545366,0.0133931976650637,0.013393264015153
1,0.620471415428738,0.0133329470120454,0.0134218689545719,0.0134226502524859,0.0134226385545806,0.0134226208303643,0.0134226873261507
1,0.620471971293107,0.0133621539899361,0.0134513870791059,0.0134521701039243,0.0134521583781629,0.0134521406191034,0.0134522072610629
1,0.620472527157476,0.0133914156804187,0.0134810022431754,0.0134817870005774,0.0134817752468619,0.0134817574528588,0.0134818242414694
1,0.620473083021845,0.0134215018749043,0.0135107148706252,0.0135115013663149,0.0135114895845465,0.0135114717554991,0.0135115386912411
1,0.620473638886215,0.0134515880693899,0.0135405253876057,0.013541313627312,0.0135413018173917,0.0135412839531988,0.0135413510365544
1,0.620474194750584,0.0134816742638755,0.0135704342225881,0.0135712242120646,0.0135712123738928,0.0135711944744531,0.0135712617059065
1,0.620474750614953,0.0135117604583611,0.0136004418063791,0.0136012335514048,0.0136012216848814,0.013601203750093,0.0136012711301307
1,0.620475306479322,0.0135418466528468,0.0136305485721364,0.0136313420785154,0.01363133018354,0.0136313122133007,0.0136313797424112
1,0.620475862343691,0.0135719328473324,0.0136607549553841,0.0136615502289458,0.0136615383054174,0.0136615202996246,0.0136615879782986
1,0.62047641820806,0.013602019041818,0.0136910613940279,0.0136918584406273,0.0136918464884446,0.0136918284469952,0.0136918962757255
1,0.620476974072429,0.0136321052363036,0.0137214683283708,0.0137222671538887,0.0137222551729496,0.0137222370957403,0.0137223050750218
1,0.620477529936798,0.0136622477768013,0.013751976201135,0.0137527768114778,0.0137527648016799,0.013752746688607,0.0137528148189368
1,0.620478085801167,0.0136932486285829,0.0137825854574533,0.0137833878585532,0.0137833758197938,0.0137833576707531,0.0137834259526304
1,0.620478641665536,0.0137242494803645,0.0138132965449212,0.0138141007427368,0.0138140886749123,0.0138140704897993,0.0138141389237256
1,0.620479197529906,0.0137552503321462,0.0138441099135891,0.013844915914105,0.0138449038171117,0.0138448855958215,0.0138449541823004
1,0.620479753394275,0.0137862511839278,0.0138750260159843,0.0138758338252115,0.0138758216989451,0.0138758034413723,0.0138758721809097
1,0.620480309258644,0.0138172520357094,0.0139060453071275,0.0139068549311034,0.0139068427754591,0.013906824481498,0.0139068933746019
1,0.620480865123013,0.013848252887491,0.0139371682445488,0.0139379796893376,0.01393796750421,0.0139379491737545,0.0139380182209352
1,0.620481420987382,0.0138792537392727,0.0139683952883047,0.0139692085599973,0.0139691963452807,0.0139691779782242,0.0139692471799942
1,0.620481976851751,0.0139102545910543,0.0139997269009946,0.0140005420057087,0.0140005297612967,0.0140005113575324,0.0140005807144066
1,0.62048253271612,0.0139413134879215,0.0140311635477773,0.014031980491658,0.0140319682174438,0.0140319497768644,0.0140320192893597
1,0.620483088580489,0.0139732662415361,0.0140627056963886,0.014063524485608,0.0140635121814843,0.014063493703982,0.0140635633726178
1,0.620483644444858,0.0140052189951506,0.0140943538171577,0.0140951744579154,0.0140951621237743,0.014095143609241,0.0140952134345389
1,0.620484200309227,0.0140371717487652,0.0141261083830249,0.0141269308815479,0.0141269185172811,0.0141268999656082,0.0141269699480921
1,0.620484756173596,0.0140691245023797,0.0141579698695584,0.0141587942321014,0.0141587818376001,0.0141587632486787,0.0141588333888748
1,0.620485312037966,0.0141010772559943,0.0141899387549722,0.0141907649878178,0.0141907525629726,0.0141907339366933,0.0141908042351303
1,0.620485867902335,0.0141330300096088,0.0142220155201436,0.0142228436296024,0.0142228311743033,0.0142228125105564,0.0142228829677651
1,0.620486423766704,0.0141649827632234,0.0142542006486307,0.0142550306410413,0.014255018155178,0.0142549994538533,0.014255070070367
1,0.620486979631073,0.0141969355168379,0.0142864946266905,0.01428732650842,0.0142873139918815,0.0142872952528683,0.0142873660292226
1,0.620487535495442,0.01422894808219,0.0143188979432968,0.0143197317207406,0.0143197191734155,0.0143197003966028,0.0143197713333357
1,0.620488091359811,0.0142618918736776,0.0143514110901585,0.0143522467697406,0.0143522341915168,0.0143522153767932,0.0143522864744451
1,0.62048864722418,0.0142948356651652,0.0143840345617375,0.0143848721499108,0.0143848595406758,0.0143848406879294,0.0143849119470431
1,0.620489203088549,0.0143277794566528,0.0144167688552675,0.0144176083585138,0.0144175957181545,0.014417576827273,0.0144176482483937
1,0.620489758952918,0.0143607232481404,0.0144496144707725,0.0144504558956026,0.0144504432240054,0.0144504242948761,0.0144504958785514
1,0.620490314817287,0.0143936670396281,0.0144825719110855,0.0144834152640393,0.01448340256109,0.0144833835935998,0.0144834553403799
1,0.620490870681656,0.0144266108311157,0.014515641681867,0.0145164869695142,0.0145164742350981,0.0145164552291332,0.0145165271395707
1,0.620491426546026,0.0144595546226033,0.0145488242916246,0.0145496715205642,0.014549658754566,0.0145496397100126,0.0145497117846625
1,0.620491982410395,0.0144924984140975,0.0145821202517385,0.0145829694285994,0.0145829566309032,0.0145829375476468,0.0145830097870665
1,0.620492538274764,0.0145255038564308,0.0146155300764541,0.0146163812078949,0.0146163683783844,0.0146163492563101,0.0146164216610597
1,0.620493094139133,0.014559479854514,0.0146490542829415,0.0146499073756511,0.0146498945142093,0.0146498753532017,0.0146499479238438
1,0.620493650003502,0.0145934558525973,0.0146826933912886,0.0146835484519859,0.0146835355584953,0.0146835163584387,0.0146835890955383
1,0.620494205867871,0.0146274318506806,0.0147164479245271,0.0147173049599618,0.0147172920343042,0.0147172727950824,0.0147173456992071
1,0.62049476173224,0.0146614078487638,0.0147503184086531,0.014751177425605,0.014751164467662,0.0147511451891582,0.0147512182608782
1,0.620495317596609,0.0146953838468471,0.0147843053726466,0.0147851663779265,0.0147851533875786,0.0147851340696759,0.0147852073095638
1,0.620495873460978,0.0147293598449304,0.0148184093484917,0.0148192723489414,0.0148192593260689,0.0148192399686496,0.0148193133772809
1,0.620496429325347,0.0147633358430136,0.0148526308711975,0.0148534958736898,0.0148534828181722,0.0148534634211184,0.0148535369990709
1,0.620496985189717,0.0147973118410969,0.0148869704788181,0.0148878374902571,0.0148878244019736,0.0148878049651668,0.014887878713021
1,0.620497541054086,0.0148313514044796,0.0149214287124739,0.0149222977397951,0.0149222846186239,0.0149222651419452,0.0149223390602844
1,0.620498096918455,0.0148664029239922,0.0149560061163717,0.0149568771665423,0.0149568640123614,0.0149568444956914,0.0149569185851012
1,0.620498652782824,0.0149014544435047,0.0149907032378265,0.0149915763178455,0.014991563130532,0.0149915435737509,0.0149916178348199
1,0.620499208647193,0.0149365059630173,0.0150255206272822,0.0150263957441805,0.0150263825236111,0.0150263629265986,0.015026437359918
1,0.620499764511562,0.0149715574825298,0.0150604588383333,0.015061335999174,0.0150613227452247,0.01506130310786,0.0150613777140236
1,0.620500320375931,0.0150066090020424,0.0150955184277461,0.0150963976396247,0.015096384352171,0.0150963646743329,0.0150964394539371
1,0.6205008762403,0.015041660521555,0.0151306999554807,0.0151315812255253,0.0151315679044419,0.0151315481860087,0.0151316231396528
1,0.620501432104669,0.0150767120410675,0.0151660039847129,0.0151668873200842,0.0151668739652453,0.0151668542060949,0.0151669293343809
1,0.620501987969038,0.0151117635605801,0.0152014310818561,0.0152023164897476,0.0152023031010268,0.0152022833010366,0.0152023586045692
1,0.620502543833407,0.0151468806385253,0.0152369818165835,0.015237869304222,0.0152378558814923,0.0152378360405391,0.0152379115199259
1,0.620503099697777,0.0151830532662694,0.0152726567618508,0.0152735463364963,0.0152735328796299,0.0152735129975901,0.0152735886534414
1,0.620503655562146,0.0152192258940135,0.0153084564939183,0.0153093481628644,0.015309334671733,0.0153093147484827,0.0153093905814114
1,0.620504211426515,0.0152553985217575,0.0153443815923745,0.0153452753629481,0.0153452618374229,0.0153452418728374,0.0153453178834595
1,0.620504767290884,0.0152915711495016,0.015380432640158,0.0153813285197203,0.0153813149596715,0.0153812949536259,0.01538137114256
1,0.620505323155253,0.0153277437772457,0.0154166102235816,0.0154175082195275,0.015417494624825,0.0154174745771937,0.0154175509450615
1,0.620505879019622,0.0153639164049969,0.0154529149323621,0.0154538150521209,0.0154538014226338,0.0154537813332909,0.0154538578807167
1,0.620506434883991,0.015400089032741,0.0154893473596156,0.015490249610651,0.0154902359462478,0.0154902158150667,0.0154902925426779
1,0.62050699074836,0.0154362616604851,0.0155259081019238,0.0155268124917342,0.0155267987922827,0.0155267786191365,0.0155268555275632
1,0.620507546612729,0.0154725019239243,0.0155625977593298,0.0155635042954483,0.0155634905608156,0.0155634703455769,0.0155635474354522
1,0.620508102477098,0.015509843686559,0.0155994169353688,0.0156003256253636,0.0156003118554163,0.015600291597957,0.015600368869917
1,0.620508658341468,0.0155471854491938,0.0156363662370925,0.0156372770885671,0.015637263283171,0.0156372429833627,0.0156373204380463
1,0.620509214205837,0.0155845272118285,0.0156734462750939,0.0156743592956871,0.0156743454547074,0.0156743251124211,0.0156744027504703
1,0.620509770070206,0.0156218689744632,0.0157106576635316,0.015711572860918,0.0157115589842191,0.0157115385993254,0.0157116164213851
1,0.620510325934575,0.015659210737098,0.0157480010201549,0.0157489184020448,0.0157489044894906,0.0157488840618594,0.0157489620685775
1,0.620510881798944,0.0156965524997327,0.0157854769663286,0.0157863965404685,0.0157863825919221,0.015786362121423,0.0157864403134504
1,0.620511437663313,0.0157338942623675,0.0158230861270588,0.0158240079012313,0.0158239939165551,0.0158239734030572,0.0158240517810477
1,0.620511993527682,0.0157712360250022,0.0158608291310177,0.015861753113042,0.0158617390920978,0.0158617185354695,0.0158617971000802
1,0.620512549392051,0.0158086475874772,0.0158987066105699,0.0158996328083018,0.0158996187509507,0.0158995981510599,0.0158996769029509
1,0.62051310525642,0.0158472090796261,0.0159367192017979,0.0159376476231302,0.0159376335292324,0.0159376128859468,0.0159376918257811
1,0.620513661120789,0.015885770571775,0.0159748675445285,0.015975798197391,0.0159757840668063,0.0159757633799926,0.0159758425084365
1,0.620514216985158,0.015924332063924,0.0160131522823588,0.0160140851747187,0.016014071007306,0.0160140502768307,0.0160141295945535
1,0.620514772849527,0.0159628935560729,0.016051574062683,0.0160525092025451,0.0160524949981626,0.0160524742238916,0.0160525537315659
1,0.620515328713897,0.0160014550482219,0.0160901335367193,0.0160910709321259,0.0160910566906311,0.0160910358724299,0.0160911155707312
1,0.620515884578266,0.0160400165403708,0.0161288313595362,0.0161297710185679,0.0161297567398177,0.0161297358775509,0.0161298157671581
1,0.620516440442635,0.0160785780325198,0.0161676681900805,0.016168610120856,0.0161685958047063,0.0161685748982384,0.0161686549798335
1,0.620516996307004,0.0161171395246687,0.0162066446912043,0.0162075889018807,0.0162075745481869,0.0162075535973816,0.0162076338716497
1,0.620517552171373,0.0161557730745474,0.0162457615296927,0.0162467080284657,0.0162466936370824,0.0162466726418029,0.0162467531094325
1,0.620518108035742,0.0161956076651594,0.0162850193762915,0.0162859681713958,0.0162859537421768,0.0162859327022859,0.0162860133639686
1,0.620518663900111,0.0162354422557714,0.0163244189057357,0.016325370005445,0.0163253555382435,0.0163253344536033,0.0163254153100341
1,0.62051921976448,0.0162752768463834,0.0163639607967775,0.016364914209405,0.0163648997040733,0.0163648785745455,0.0163649596264225
1,0.620519775628849,0.0163151114370034,0.0164036457322231,0.0164046014661213,0.016404586922511,0.0164045657479566,0.0164046469959815
1,0.620520331493219,0.0163549460276153,0.0164434743989293,0.0164444324624908,0.0164444178804527,0.0164443966607322,0.0164444781056098
1,0.620520887357588,0.0163947806182273,0.0164834474878806,0.0164844078895378,0.0164843932689221,0.0164843720038955,0.0164844536463339
1,0.620521443221957,0.0164346152088393,0.0165235656941865,0.0165245284424122,0.0165245137830681,0.0165244924725948,0.0165245743133057
1,0.620521999086326,0.0164744497994513,0.016563829717119,0.0165647948204265,0.0165647801222026,0.0165647587661414,0.0165648408058396
1,0.620522554950695,0.0165143588013796,0.0166042402601423,0.0166052077270857,0.0166051929898298,0.0166051715880391,0.0166052538274429
1,0.620523110815064,0.0165555227615909,0.0166447980309432,0.0166457678701175,0.0166457530936764,0.0166457316460139,0.0166458140858452
1,0.620523666679433,0.0165966867218022,0.0166855037414608,0.0166864759615021,0.0166864611457222,0.0166864396520451,0.0166865222930289
1,0.620524222543802,0.0166378506820136,0.0167263581079173,0.0167273327175035,0.0167273178622301,0.0167272963223949,0.01672737916526
1,0.620524778408171,0.0166790146422249,0.0167673618508488,0.0167683388586993,0.016768323963777,0.0167683023776398,0.0167683854231183
1,0.62052533427254,0.0167201786024362,0.0168085156951362,0.0168094951100124,0.016809480175285,0.0168094585427013,0.0168095417915288
1,0.620525890136909,0.0167613425626476,0.0168498203700366,0.0168508022007423,0.0168507872260527,0.0168507655468773,0.016850848999793
1,0.620526446001278,0.0168025065228589,0.0168912766092149,0.0168922608645961,0.0168922458497866,0.0168922241238738,0.0168923077816204
1,0.620527001865648,0.0168436704830702,0.0169328851507752,0.0169338718397209,0.0169338567846327,0.0169338350118364,0.0169339188751601
1,0.620527557730017,0.0168849113122322,0.0169746467372936,0.0169756358687355,0.0169756207732093,0.0169755989533824,0.0169756830230332
1,0.620528113594386,0.016927464064621,0.0170165621158498,0.0170175536987631,0.0170175385626384,0.0170175166956336,0.0170176009723649
1,0.620528669458755,0.0169700168170098,0.0170586320380601,0.0170596260814633,0.0170596109045792,0.0170595889902484,0.0170596734748172
1,0.620529225323124,0.0170125695693986,0.0171008572601104,0.0171018537730659,0.0171018385552602,0.0171018165934549,0.0171019012866219
1,0.620529781187493,0.0170551223217874,0.017143238542789,0.0171442375344032,0.0171442222755131,0.017144200266084,0.0171442851686137
1,0.620530337051862,0.0170976750741762,0.0171857766515204,0.0171867781309438,0.0171867628308057,0.017186740773603,0.0171868258862636
1,0.620530892916231,0.017140227826565,0.0172284723563988,0.0172294763328266,0.017229460991276,0.0172294388861493,0.0172295242097124
1,0.6205314487806,0.0171827805789539,0.0172713264322221,0.0172723329148945,0.0172723175317659,0.0172722953785641,0.0172723809138054
1,0.620532004644969,0.0172253333313427,0.0173143396585264,0.0173153486567284,0.0173153332318556,0.0173153110304272,0.017315396778126
1,0.620532560509338,0.0172679655173413,0.0173575128196206,0.0173585243426827,0.0173585088758985,0.0173584866260912,0.0173585725870306
1,0.620533116373708,0.0173119697983781,0.0174008467046209,0.0174018607619192,0.0174018452530556,0.0174018229547166,0.0174019091296835
1,0.620533672238077,0.0173559740794149,0.0174443421074865,0.0174453587084429,0.0174453431573311,0.0174453208103069,0.017445407200092
1,0.620534228102446,0.0173999783604605,0.0174879998270633,0.0174890189811461,0.0174890033876162,0.0174889809917528,0.0174890675971507
1,0.620534783966815,0.0174439826414972,0.0175318206670852,0.0175328423838091,0.0175328267476905,0.0175328043028331,0.0175328911246423
1,0.620535339831184,0.017487986922534,0.0175758054362624,0.0175768297251888,0.0175768140463097,0.0175767915523031,0.0175768785913259
1,0.620535895695553,0.0175319912035708,0.0176199549482826,0.0176209818190199,0.0176209660972081,0.0176209435538962,0.0176210308109389
1,0.620536451559922,0.0175759954846076,0.0176642700218569,0.017665299484061,0.0176652837191429,0.0176652611263693,0.0176653486022421
1,0.620537007424291,0.0176199997656444,0.0177087514807567,0.0177097835441309,0.0177097677359321,0.0177097450935396,0.0177098327890567
1,0.62053756328866,0.0176640861598424,0.0177534001538506,0.0177544348281462,0.0177544189764915,0.0177543962843222,0.0177544842003018
1,0.620538119153029,0.0177096082802272,0.0177982168751427,0.017799254170159,0.0177992382748724,0.0177992155327678,0.0177993036700321
1,0.620538675017399,0.0177551304006121,0.0178432024838099,0.0178442424093951,0.0178442264702993,0.0178442036781004,0.0178442920374756
1,0.620539230881768,0.0178006525209969,0.0178883578242411,0.0178894003902918,0.0178893844072086,0.0178893615647556,0.0178894501470721
1,0.620539786746137,0.0178461746413818,0.0179336837460747,0.0179347289625367,0.0179347129352873,0.0179346900424198,0.0179347788485118
1,0.620540342610506,0.0178916967617666,0.0179791811042385,0.017980228981107,0.0179802129095113,0.0179801899660683,0.0179802789967745
1,0.620540898474875,0.0179372188821515,0.0180248507589886,0.0180259013063084,0.0180258851901856,0.0180258621960053,0.0180259514521682
1,0.620541454339244,0.0179827410025363,0.0180706935759489,0.018071746803815,0.018071730642983,0.0180717075979031,0.0180717970803697
1,0.620542010203613,0.0180282631229211,0.0181167104261516,0.0181177663447091,0.018117750138985,0.0181177270428425,0.0181178167524637
1,0.620542566067982,0.0180738701555659,0.0181629021860768,0.0181639608055214,0.0181639445547215,0.0181639214073527,0.0181640113449837
1,0.620543121932351,0.0181209802127118,0.0182092697376939,0.0182103310682722,0.0182103147722115,0.0182102915734521,0.0182103817399525
1,0.62054367779672,0.0181680902698576,0.0182558139685019,0.0182568780205119,0.0182568616790046,0.0182568384286896,0.018256928824923
1,0.620544233661089,0.0182152003270035,0.0183025357715715,0.0183036025553625,0.0183035861682218,0.0183035628661855,0.0183036534930199
1,0.620544789525459,0.0182623103841494,0.0183494360455863,0.0183505055715597,0.0183504891385977,0.0183504657846737,0.0183505566429816
1,0.620545345389828,0.0183094204412953,0.0183965156948852,0.0183975879734945,0.0183975714945222,0.0183975480885436,0.0183976391792015
1,0.620545901254197,0.0183565304984412,0.0184437756295047,0.0184448506712558,0.0184448341460834,0.0184448106878824,0.0184449020117715
1,0.620546457118566,0.018403640555587,0.0184912167652218,0.0184922945806735,0.01849227800911,0.0184922544985183,0.0184923460565241
1,0.620547012982935,0.0184507506127329,0.0185388400235972,0.0185399206233615,0.018539904005215,0.0185398804420634,0.0185399722350758
1,0.620547568847304,0.0184979485093898,0.018586646332019,0.0185877297267613,0.0185877130618388,0.0185876894459576,0.0185877814748709
1,0.620548124711673,0.018546720684676,0.018634636623756,0.0186357228241957,0.0186357061123031,0.0186356824435219,0.0186357747092349
1,0.620548680576042,0.0185954928599525,0.018682811837964,0.0186839008548745,0.0186838840958167,0.0186838603739643,0.0186839528773804
1,0.620549236440411,0.0186442650352289,0.0187311729197879,0.0187322647639971,0.0187322479575779,0.0187322241824824,0.0187323169245096
1,0.62054979230478,0.0186930372105054,0.0187797208203685,0.0187808155027592,0.0187807986487813,0.0187807748202702,0.0187808678018208
1,0.62055034816915,0.0187418093857818,0.0188284564968975,0.0188295540284076,0.0188295371266728,0.0188295132445728,0.0188296064665639
1,0.620550904033519,0.0187905815610583,0.0188773809126637,0.0188784813042868,0.0188784643545956,0.0188784404187327,0.0188785338820859
1,0.620551459897888,0.0188393537363347,0.0189264950370993,0.0189275982998846,0.0189275813020365,0.0189275573122361,0.0189276510178778
1,0.620552015762257,0.0188881259116112,0.0189757998458263,0.0189769059908794,0.0189768889446728,0.0189768649007595,0.0189769588496207
1,0.620552571626626,0.0189369889867214,0.0190252963207041,0.0190264053591872,0.0190263882644193,0.0190263641662169,0.0190264583592334
1,0.620553127490995,0.0189875017863802,0.0190749854498768,0.0190760973930089,0.019076080249476,0.0190760560968077,0.0190761505349199
1,0.620553683355364,0.019038014586039,0.0191248682278212,0.0191259830868787,0.0191259658943757,0.019125941687064,0.0191260363712171
1,0.620554239219733,0.0190885273856979,0.0191749456553954,0.0191760634417123,0.0191760462000332,0.0191760219378997,0.0191761168690437
1,0.620554795084102,0.0191390401853567,0.0192252187398874,0.0192263394648557,0.0192263221737934,0.0192262978566591,0.0192263930357489
1,0.620555350948471,0.0191895529850155,0.0192756884950647,0.0192768121701349,0.0192767948294808,0.019276770457166,0.0192768658851613
1,0.62055590681284,0.0192400657846743,0.0193263559412238,0.0193274825779049,0.0193274651874496,0.0193274407597737,0.0193275364376392
1,0.62055646267721,0.0192905785843331,0.0193772221052402,0.0193783517151005,0.0193783342746334,0.0193783097914151,0.0193784057201203
1,0.620557018541579,0.0193410913839919,0.0194282880206194,0.0194294206152867,0.0194294031245958,0.0194293785856533,0.0194294747661725
1,0.620557574405948,0.0193916982880079,0.0194795547275478,0.0194806903187097,0.019480672777582,0.0194806481827324,0.0194807446160452
1,0.620558130270317,0.0194440349161333,0.0195310232729439,0.0195321618723483,0.0195321442805696,0.0195321196296295,0.0195322163167204
1,0.620558686134686,0.0194963715442587,0.0195826947105109,0.0195838363299663,0.0195838186873212,0.0195837939801064,0.0195838909219648
1,0.620559241999055,0.0195487081723841,0.0196345701007886,0.0196357147521646,0.0196356970584365,0.0196356722947618,0.0196357694923824
1,0.620559797863424,0.0196010448005096,0.0196866505112066,0.0196877982064341,0.0196877804614052,0.0196877556410849,0.0196878530954674
1,0.620560353727793,0.019653381428635,0.0197389370161376,0.0197400877672093,0.0197400699706605,0.0197400450935081,0.0197401428056574
1,0.620560909592162,0.0197057180567604,0.0197914306969512,0.0197925845159221,0.0197925666676332,0.0197925417334613,0.0197926397043873
1,0.620561465456531,0.0197580546848858,0.0198441326420683,0.0198452895410559,0.0198452716408054,0.019845246649426,0.019845344880144
1,0.620562021320901,0.0198103913130217,0.0198970439470267,0.0198982039382115,0.0198981859857767,0.0198981609370008,0.0198982594285313
1,0.62056257718527,0.019862825397823,0.0199501657144938,0.0199513288101198,0.0199513108052765,0.0199512856989146,0.0199513844522833
1,0.620563133049639,0.0199170739997742,0.0200034990543861,0.020004665266761,0.0200046472092841,0.0200046220451456,0.0200047210613836
1,0.620563688914008,0.0199713226017253,0.0200570450838831,0.0200582144253788,0.0200581963150418,0.0200581710929356,0.0200582703730793
1,0.620564244778377,0.0200255712036765,0.020110804927495,0.0201119774105481,0.0201119592471232,0.0201119339668572,0.0201120335119483
1,0.620564800642746,0.0200798198056277,0.0201647797171196,0.0201659553542318,0.0201659371374898,0.0201659117988713,0.020166011609957
1,0.620565356507115,0.0201340684075788,0.0202189705921008,0.0202201493958391,0.0202201311255497,0.0202201057283849,0.020220205806518
1,0.620565912371484,0.02018831700953,0.0202733786992864,0.0202745606822838,0.0202745423582153,0.0202745169023098,0.0202746172485482
1,0.620566468235853,0.0202425656114811,0.0203280051930874,0.0203291903680431,0.0203291719899625,0.0203291464751212,0.0203292470905286
1,0.620567024100222,0.0202968142134323,0.0203828512355373,0.0203840396152173,0.0203840211828903,0.0203839956089171,0.0203840964945627
1,0.620567579964591,0.0203511637858896,0.0204379179963524,0.0204391095935899,0.0204390911067807,0.0204390654734787,0.0204391666304373
1,0.620568135828961,0.0204074179048834,0.0204932066529918,0.0204944014806876,0.0204943829391594,0.0204943572463309,0.0204944586756828
1,0.62056869169333,0.0204636720238771,0.0205487183907192,0.0205499164618422,0.0205498978653565,0.0205498721128031,0.0205499738156343
1,0.620569247557699,0.0205199261428709,0.0206044544026643,0.0206056557302517,0.0206056370785689,0.0206056112660911,0.0206057132434934
1,0.620569803422068,0.0205761802618646,0.0206604158898846,0.0206616204870428,0.0206616017799217,0.0206615759073195,0.0206616781603903
1,0.620570359286437,0.0206324343808583,0.020716604061429,0.0207178119413336,0.0207177931785318,0.0207177672456041,0.0207178697754467
1,0.620570915150806,0.0206886884998521,0.0207730201344008,0.0207742313102972,0.0207742124915708,0.0207741864981158,0.0207742893058392
1,0.620571471015175,0.0207449426188458,0.0208296653340213,0.0208308798192253,0.0208308609443291,0.0208308348901442,0.0208309379768633
1,0.620572026879544,0.0208011967378396,0.0208865408936952,0.0208877587015933,0.0208877397702806,0.0208877136551622,0.0208878170219978
1,0.620572582743913,0.0208575555077202,0.020943648055075,0.020944869199125,0.0209448502111477,0.0209448240348914,0.0209449276829701
1,0.620573138608282,0.0209159143898407,0.0210009880681272,0.0210022125618584,0.0210021935169671,0.0210021672793676,0.0210022712098221
1,0.620573694472651,0.0209742732719613,0.0210585621911984,0.0210597900482125,0.0210597709461561,0.0210597446470074,0.0210598488609763
1,0.620574250337021,0.0210326321540818,0.0211163716910825,0.0211176029250535,0.0211175837655797,0.0211175574046749,0.0211176619033029
1,0.62057480620139,0.0210909910362024,0.0211744178430882,0.0211756524677635,0.0211756332506184,0.0211756068277496,0.0211757116121874
1,0.620575362065759,0.0211493499183229,0.021232701931107,0.0212339399603075,0.0212339206852357,0.0212338942001943,0.0212339992715988
1,0.620575917930128,0.0212077088004435,0.0212912252476827,0.0212924666953032,0.021292447362048,0.0212924208146243,0.0212925261741585
1,0.620576473794497,0.0212660676825757,0.0213499890940918,0.0213512339741018,0.0213512145824049,0.0213511879723886,0.0213512936212217
1,0.620577029658866,0.0213244265646963,0.0214089947803673,0.0214102431068115,0.021410223656413,0.0214101969835927,0.0214103029229002
1,0.620577585523235,0.0213828939575853,0.0214682436254398,0.0214694954124382,0.0214694759030769,0.0214694491672403,0.0214695553982038
1,0.620578141387604,0.0214434630335081,0.0215277369571618,0.0215289922189105,0.0215289726503234,0.0215289458512575,0.0215290523750652
1,0.620578697251973,0.021504032109431,0.0215874761123918,0.0215887348631634,0.0215887152350863,0.0215886883725771,0.0215887951904233
1,0.620579253116342,0.0215646011853539,0.0216474624370668,0.0216487246912112,0.0216487050033781,0.0216486780772106,0.0216487851902962
1,0.620579808980712,0.0216251702612767,0.0217076972862764,0.0217089630582208,0.0217089433103642,0.0217089163203227,0.0217090237298549
1,0.620580364845081,0.0216857393371996,0.0217681820243363,0.021769451328586,0.0217694315204369,0.0217694044663047,0.0217695121734971
1,0.62058092070945,0.0217463084131225,0.0218289180248633,0.0218301908760025,0.0218301710072902,0.0218301438888496,0.0218302518949226
1,0.620581476573819,0.0218068774890453,0.0218899066708513,0.021891183083543,0.0218911631539953,0.0218911359710279,0.0218912442772082
1,0.620582032438188,0.0218674465649682,0.0219511493547471,0.0219524293437341,0.0219524093530773,0.0219523821053635,0.0219524907128846
1,0.620582588302557,0.0219281282007667,0.0220126474785276,0.0220139310586329,0.0220139110065915,0.0220138836939109,0.022013992604013
1,0.620583144166926,0.0219910195257807,0.0220744024537776,0.022075689639905,0.0220756695262018,0.0220756421483333,0.0220757513622631
1,0.620583700031295,0.0220539108507946,0.0221364157017682,0.0221377065089025,0.0221376863332589,0.0221376588899801,0.0221377684089912
1,0.620584255895664,0.0221168021758085,0.0221986886535358,0.0221999830967438,0.0221999628588795,0.0221999353499672,0.02220004517532
1,0.620584811760033,0.0221796935008225,0.0222612227499623,0.0222625208443932,0.0222625005440262,0.0222624729692563,0.0222625831022179
1,0.620585367624402,0.0222425848258364,0.0223240194418558,0.0223253212027417,0.0223253008395883,0.0223252731987358,0.0223253836405802
1,0.620585923488772,0.0223054761508503,0.0223870801900321,0.0223883856326884,0.0223883652064633,0.0223883374993021,0.0223884482513104
1,0.620586479353141,0.0223683674758643,0.0224504064653967,0.0224517156052231,0.0224516951156391,0.0224516673419422,0.0224517784054024
1,0.62058703521751,0.0224312588008782,0.0225139997490281,0.0225153126015087,0.0225152920482771,0.0225152642078166,0.0225153755840237
1,0.620587591081879,0.0224942669363,0.0225778615322615,0.0225791781129656,0.0225791574957959,0.022579129588343,0.022579241278599
1,0.620588146946248,0.0225595997050717,0.0226419933167734,0.0226433136413562,0.0226432929599562,0.022643264985281,0.0226433769908951
1,0.620588702810617,0.0226249324738434,0.0227063966146672,0.0227077206988702,0.0227076999529459,0.0227076719108175,0.0227077842331061
1,0.620589258674986,0.0226902652426151,0.0227710729485594,0.0227724008082109,0.0227723799974666,0.0227723518876532,0.0227724645279398
1,0.620589814539355,0.0227555980113868,0.0228360238516665,0.0228373555026824,0.0228373346268205,0.0228373064490893,0.0228374194087047
1,0.620590370403724,0.0228209307801716,0.0229012508679061,0.0229025863262903,0.0229025653850115,0.0229025371391288,0.0229026504194112
1,0.620590926268093,0.0228862635489433,0.0229667555519335,0.0229680948337786,0.022968073826782,0.0229680455125128,0.0229681591148078
1,0.620591482132463,0.022951596317715,0.0230325394693094,0.0230338825907975,0.02303386151778,0.0230338331348888,0.0230339470605491
1,0.620592037996832,0.0230169290864867,0.0230986041965384,0.0230999511739414,0.0230999300345983,0.0230999015828483,0.0231000158332343
1,0.620592593861201,0.0230823831289709,0.0231649513211735,0.0231663021708538,0.0231662809648785,0.0231662524440318,0.0231663670205115
1,0.62059314972557,0.0231502841994958,0.0232315824419078,0.023232937180319,0.0232329159074031,0.023232887317221,0.0232330022211698
1,0.620593705589939,0.0232181852700207,0.0232984991686682,0.0232998578123556,0.0232998364721889,0.0232998078124315,0.0232999230452324
1,0.620594261454308,0.0232860863405456,0.0233657031227091,0.0233670656883105,0.0233670442805807,0.0233670155510073,0.023367131114051
1,0.620594817318677,0.0233539874110705,0.0234331959367073,0.0234345624409535,0.0234345409653465,0.0234345121657153,0.0234346280604003
1,0.620595373183046,0.0234218884815954,0.0235009792548582,0.0235023497145736,0.0235023281707735,0.0235022993008416,0.023502415528574
1,0.620595929047415,0.0234897895521203,0.023569054732972,0.0235704291650754,0.0235704075527643,0.0235703786122878,0.0235704951744817
1,0.620596484911784,0.0235576906226452,0.0236374240385719,0.0236388024600772,0.0236387807789351,0.0236387517676691,0.0236388686657464
1,0.620597040776153,0.0236255916931701,0.0237060888509927,0.0237074712790091,0.0237074495287144,0.0237074204464129,0.0237075376818034
1,0.620597596640522,0.0236936187276367,0.0237750508614802,0.0237764373132135,0.0237764154934423,0.0237763863398583,0.0237765039139999
1,0.620598152504892,0.0237642232335919,0.023844311773292,0.0238457022660448,0.0238456803764714,0.0238456511513568,0.0238457690656953
1,0.620598708369261,0.0238348277395472,0.0239138733017992,0.0239152678529716,0.0239152458932683,0.0239152165963741,0.0239153348523633
1,0.62059926423363,0.0239054322455024,0.0239837371745884,0.0239851358016791,0.0239851137715161,0.023985084402592,0.0239852030016942
1,0.620599820097999,0.0239760367514576,0.0240539051315662,0.0240553078521727,0.0240552857512182,0.024055256310013,0.0240553752536984
1,0.620600375962368,0.0240466412574128,0.0241243789250631,0.0241257857568825,0.0241257635848027,0.0241257340710641,0.0241258533608113
1,0.620600931826737,0.024117245763368,0.0241951603199392,0.0241965712807691,0.0241965490372281,0.0241965194507027,0.0241966390879986
1,0.620601487691106,0.0241878502693233,0.0242662510936912,0.0242676662014303,0.0242676438860901,0.0242676142265235,0.0242677342128633
1,0.620602043555475,0.0242584547752785,0.02433765303656,0.0243390723092086,0.0243390499217292,0.0243390201888658,0.0243391405257531
1,0.620602599419844,0.0243291901761413,0.0244093679516392,0.0244107914073002,0.0244107689473394,0.0244107391409226,0.0244108598298697
1,0.620603155284213,0.0244026421650943,0.0244813976549854,0.0244828253118647,0.0244828027790783,0.0244827728988504,0.024482893941378
1,0.620603711148582,0.0244760941540474,0.0245537439757288,0.0245551758521364,0.0245551532461779,0.02455512329188,0.0245552446895175
1,0.620604267012952,0.0245495461430151,0.0246264087561998,0.0246278448705504,0.0246278221910713,0.0246277921624435,0.0246279139167289
1,0.620604822877321,0.0246229981319681,0.0246993938519845,0.024700834222798,0.0247008114694475,0.0247007813662287,0.0247009034787088
1,0.62060537874169,0.0246964501209212,0.0247727011321252,0.0247741457780277,0.024774122950453,0.0247740927723812,0.0247742152446113
1,0.620605934606059,0.0247699021098742,0.0248463324791789,0.0248477814189033,0.0248477585167492,0.024847728263561,0.0248478510971057
1,0.620606490470428,0.0248433540988273,0.0249202897893472,0.0249217430417342,0.0249217200646433,0.0249216897360743,0.0249218129325069
1,0.620607046334797,0.0249168060877803,0.024994574972595,0.0249960325565934,0.0249960095042063,0.024995979099991,0.0249961026608937
1,0.620607602199166,0.0249903941604984,0.0250691899527689,0.0250706518874368,0.0250706287593914,0.0250705982792632,0.0250707222062274
1,0.620608158063535,0.0250668473410486,0.0251441366677171,0.0251456029722224,0.0251455797681549,0.025145549211846,0.025145673506472
1,0.620608713927904,0.0251433005215989,0.0252194170694112,0.0252208877630328,0.0252208644825766,0.025220833849818,0.0252209585137155
1,0.620609269792273,0.0252197537021491,0.0252950331240686,0.0252965082261964,0.0252964848689828,0.0252964541595045,0.0252965791942924
1,0.620609825656643,0.0252962068826993,0.0253709868122756,0.0253724663424121,0.0253724429080701,0.0253724121216009,0.0253725375289072
1,0.620610381521012,0.0253726600632495,0.0254472801291133,0.0254487641068739,0.0254487405950302,0.0254487097312976,0.0254488355127598
1,0.620610937385381,0.0254491132437998,0.0255239150842832,0.0255254035293972,0.0255253799396761,0.0255253489984066,0.0255254751556715
1,0.62061149324975,0.02552556642435,0.0256008937022348,0.0256023866345462,0.0256023629665695,0.0256023319474884,0.0256024584822126
1,0.620612049114119,0.0256020196049002,0.0256782180222946,0.0256797154617629,0.0256796917151501,0.0256796606179815,0.0256797875318308
1,0.620612604978488,0.0256786143286131,0.025755890098796,0.025757392065497,0.0257573682398652,0.025757337064332,0.0257574643589821
1,0.620613160842857,0.0257582327586344,0.0258339120012107,0.0258354185153373,0.0258353946103012,0.0258353633561251,0.0258354910332613
1,0.620613716707226,0.0258378511886556,0.0259122858142816,0.0259137968961447,0.0259137729113163,0.025913741578218,0.0259138696395353
1,0.620614272571595,0.0259174696186768,0.0259910136381565,0.0259925293081858,0.025992505243175,0.0259924738308738,0.0259926022780771
1,0.620614828435964,0.025997088048698,0.026070097588524,0.026071617867269,0.026071593721683,0.0260715622298971,0.0260716910647011
1,0.620615384300333,0.0260767064787192,0.0261495397967501,0.0261510647048807,0.0261510404783242,0.0261510089067705,0.0261511381309
1,0.620615940164703,0.0261563249087405,0.0262293424100162,0.0262308719683238,0.0262308476603989,0.0262308160087932,0.0262309456239831
1,0.620616496029072,0.0262359433387617,0.0263095075914592,0.0263110418208573,0.0263110174311638,0.0263109856992206,0.0263111157072158
1,0.620617051893441,0.0263155617687829,0.0263900375203119,0.0263915764418374,0.0263915519699723,0.0263915201574049,0.0263916505599606
1,0.62061760775781,0.0263953274948913,0.0264709343920461,0.0264724780268598,0.0264724534724176,0.0264724215789382,0.0264725523778196
1,0.620618163622179,0.026478286543187,0.0265522004185162,0.0265537487879039,0.0265537241504763,0.0265536921757957,0.0265538233727787
1,0.620618719486548,0.0265612455914992,0.0266338378281208,0.0266353909534942,0.0266353662326705,0.0266353341764984,0.026635465773369
1,0.620619275350917,0.0266442046397949,0.0267158488658848,0.0267174067687822,0.0267173819641491,0.0267173498261938,0.0267174818247487
1,0.620619831215286,0.0267271636880906,0.0267982357937052,0.0267997984957927,0.026799773606934,0.0267997413869027,0.0267998737889491
1,0.620620387079655,0.0268101227363863,0.0268810008904361,0.0268825684135084,0.0268825434400052,0.0268825111376039,0.0268826439449595
1,0.620620942944024,0.026893081784682,0.0269641464520562,0.0269657188180375,0.0269656937594685,0.0269656613744017,0.0269657945888951
1,0.620621498808394,0.0269760408329776,0.0270476747918224,0.0270492520227673,0.0270492268787081,0.0270491944106793,0.0270493280341498
1,0.620622054672763,0.0270589998812733,0.0271315882404236,0.0271331703585184,0.027133145128542,0.0271331125772532,0.027133246611551
1,0.620622610537132,0.0271421122868991,0.0272158891461376,0.0272174761737008,0.0272174508573774,0.0272174182225295,0.0272175526695158
1,0.620623166401501,0.0272285994617269,0.0273005798749889,0.0273021718344722,0.0273021464313693,0.0273021137126619,0.0273022485742088
1,0.62062372226587,0.0273150866365548,0.0273856628109075,0.0273872597248973,0.0273872342345794,0.0273872014317108,0.0273873367097015
1,0.620624278130239,0.0274015738113826,0.0274711403558909,0.0274727422471087,0.0274727166691375,0.0274726837818047,0.0274728194781338
1,0.620624833994608,0.0274880609862105,0.0275570149301663,0.0275586218214699,0.0275585961554044,0.027558563183303,0.0275586992998761
1,0.620625389858977,0.0275745481610383,0.0276432889723554,0.02764490088674,0.027644875132136,0.0276448420749606,0.0276449786136948
1,0.620625945723346,0.0276610353358662,0.0277299649396405,0.0277315819002396,0.0277315560566502,0.0277315229140938,0.0277316598769176
1,0.620626501587715,0.027747522510694,0.0278170453079324,0.0278186673380188,0.0278186414049941,0.0278186081767486,0.027818745565602
1,0.620627057452084,0.0278340096855219,0.0279045325720402,0.0279061596950271,0.0279061336721142,0.02790610035787,0.0279062381747047
1,0.620627613316454,0.0279206566106606,0.0279924292458428,0.0279940614852848,0.0279940353720278,0.0279940019714742,0.0279941402182534
1,0.620628169180823,0.0280108726380081,0.028080737862462,0.0280823752420561,0.0280823490379962,0.0280823155508209,0.0280824542295198
1,0.620628725045192,0.0281010886653556,0.0281694609744378,0.0281711035180244,0.0281710772226998,0.0281710436485894,0.0281711827611948
1,0.620629280909561,0.028191304692703,0.0282586011539051,0.0282602488854695,0.0282602224984151,0.0282601888370548,0.0282603283855655
1,0.62062983677393,0.0282815207200505,0.0283481609927728,0.0283498139364456,0.0283497874571934,0.028349753708267,0.0283498936946941
1,0.620630392638299,0.028371736747398,0.0284381431029042,0.0284398012829629,0.0284397747110417,0.0284397408742317,0.0284398813005982
1,0.620630948502668,0.0284619527747455,0.0285285501162997,0.0285302135571695,0.028530186892105,0.0285301529670927,0.0285302938354336
1,0.620631504367037,0.028552168802093,0.0286193846852813,0.0286210534115364,0.0286210266528511,0.0286209926393162,0.0286211339516793
1,0.620632060231406,0.0286423848294405,0.0287106494826791,0.0287123235190437,0.0287122966662569,0.0287122625638779,0.0287124043223229
1,0.620632616095775,0.0287327673528792,0.028802347202038,0.0288040265733873,0.0288039996260152,0.0288039654344691,0.0288041076410686
1,0.620633171960145,0.0288269272623578,0.0288944805577348,0.0288961652890966,0.028896138246652,0.0288961039656145,0.0288962466224534
1,0.620633727824514,0.0289210871718365,0.0289870522852808,0.0289887424018359,0.0289887152638285,0.028988680892974,0.0289888240021498
1,0.620634283688883,0.0290152470813152,0.0290800651414428,0.0290817606685266,0.0290817334344627,0.0290816989734642,0.0290818425370874
1,0.620634839553252,0.0291094069907939,0.0291735219044579,0.0291752228675618,0.0291751955369444,0.0291751609854734,0.0291753050056673
1,0.620635395417621,0.0292035669002726,0.0292674253742326,0.0292691317990048,0.0292691043713335,0.0292690697290601,0.0292692142079608
1,0.62063595128199,0.0292977268097513,0.0293617783725434,0.0293634902847899,0.029363462759561,0.029363428026154,0.0293635729659109
1,0.620636507146359,0.0293918867192299,0.0294565837432393,0.0294583011689256,0.029458273545632,0.0294582387207589,0.0294583841235342
1,0.620637063010728,0.0294860466287086,0.0295518443524478,0.0295535673176997,0.0295535395958308,0.0295535046791575,0.029553650547127
1,0.620637618875097,0.029580380158651,0.0296475630887813,0.0296492916198864,0.0296492637989282,0.0296492287901192,0.0296493751254718
1,0.620638174739466,0.0296787145501838,0.0297437428635473,0.0297454769869561,0.029745449066391,0.0297454139651094,0.0297455607700476
1,0.620638730603835,0.0297770489417166,0.0298403866109599,0.0298421263532868,0.0298420983325939,0.0298420631385014,0.0298422104152411
1,0.620639286468205,0.0298753833332494,0.0299374972883539,0.0299392426763788,0.0299392145550335,0.0299391792677905,0.0299393270185612
1,0.620639842332574,0.0299737177247822,0.0300350778764013,0.0300368289370706,0.0300368007145447,0.03003676533381,0.0300369135608551
1,0.620640398196943,0.030072052116315,0.0301331313793296,0.0301348881397579,0.0301348598155195,0.0301348243409506,0.0301349730465273
1,0.620640954061312,0.0301703865078479,0.0302316608251438,0.0302334233126144,0.0302333948861283,0.030233359317381,0.0302335085037605
1,0.620641509925681,0.0302687208993807,0.0303306692658486,0.0303324375078157,0.0303324089785426,0.0303323733152715,0.0303325229847391
1,0.62064206579005,0.0303670552909135,0.0304301597776756,0.0304319338017647,0.030431905169162,0.0304318694110202,0.0304320195658751
1,0.620642621654419,0.0304655708296175,0.0305301354613106,0.0305319152953205,0.0305318865588417,0.0305318507054807,0.0305320013480366
1,0.620643177518788,0.0305683271648265,0.0306305994421252,0.030632385114029,0.0306323562731237,0.0306323203241938,0.0306324714567787
1,0.620643733383157,0.0306710835000354,0.0307315548704095,0.030733346408356,0.0307333174624703,0.03073328141762,0.0307334330425764
1,0.620644289247526,0.0307738398352443,0.0308330049216084,0.0308348023539236,0.0308347733024996,0.0308347371613762,0.0308348892810612
1,0.620644845111895,0.0308765961704532,0.0309349527965602,0.0309367561517484,0.0309367269942242,0.0309366907564734,0.0309368433732589
1,0.620645400976265,0.0309793525056621,0.0310374017217372,0.0310392110284823,0.0310391817642925,0.0310391454295585,0.031039298545831
1,0.620645956840634,0.031082108840871,0.0311403549494898,0.0311421702366571,0.0311421408652319,0.0311421044331575,0.0311422580513187
1,0.620646512705003,0.0311848651761005,0.0312438157583131,0.0312456370549504,0.0312456075757165,0.0312455710459429,0.0312457251684094
1,0.620647068569372,0.0312876215113094,0.0313477874530141,0.0313496147883532,0.031349585200733,0.0313495485729,0.0313497032021035
1,0.620647624433741,0.0313905669528605,0.0314522733650867,0.0314541067685446,0.0314540770719567,0.0314540403457025,0.0314541954840901
1,0.62064818029811,0.0314980110865457,0.031557276852884,0.0315591163540647,0.0315590865479234,0.0315590497228848,0.0315592053729189
1,0.620648736162479,0.031605455220231,0.0316628013018963,0.0316646469305921,0.0316646170143078,0.0316645800901199,0.0316647362542786
1,0.620649292026848,0.0317128993539162,0.0317688501250116,0.0317707019112044,0.0317706718841832,0.0317706348604799,0.0317707915412566
1,0.620649847891217,0.0318203434876015,0.0318754267627784,0.0318772847366412,0.0318772545982853,0.0318772174746986,0.0318773746746028
1,0.620650403755586,0.0319277876212868,0.0319825346836717,0.0319843988755704,0.0319843686252776,0.0319843314014382,0.031984489122995
1,0.620650959619956,0.032035231754972,0.0320901773843622,0.0320920478248568,0.0320920174620207,0.0320919801375578,0.0320921383833085
1,0.620651515484325,0.0321426758886573,0.0321983583899883,0.0322002351098345,0.0322002046338444,0.0322001672083855,0.0322003259808874
1,0.620652071348694,0.0322501200223425,0.0323070812544308,0.0323089642845814,0.0323089336948225,0.0323088961679936,0.0323090554698202
1,0.620652627213063,0.0323577616847368,0.0324163495605912,0.0324182389321978,0.0324182082280507,0.0324181705994764,0.0324183304332177
1,0.620653183077432,0.0324701795076479,0.0325261669206727,0.0325280626650873,0.0325280318459283,0.0325279941152315,0.0325281544834939
1,0.620653738941801,0.0325825973305589,0.0326365369764646,0.032638439125241,0.032638408190442,0.0326383703572441,0.0326385312626506
1,0.62065429480617,0.03269501515347,0.0327474633996296,0.0327493719845251,0.0327493409334536,0.0327493029973744,0.0327494644425648
1,0.620654850670539,0.0328074329763811,0.0328589498919948,0.0328608649449717,0.0328608337769906,0.0328607957376484,0.0328609577252794
1,0.620655406534908,0.0329198507992921,0.0329710001858453,0.0329729217390725,0.0329728904535402,0.0329728523105517,0.032973014843297
1,0.620655962399277,0.0330322686222032,0.0330836180442214,0.0330855461300763,0.0330855147263467,0.0330854764793269,0.0330856395598774
1,0.620656518263646,0.0331446864451143,0.0331968072612196,0.0331987419122894,0.0331987103897117,0.0331986720382742,0.0331988356693379
1,0.620657074128016,0.0332571042680254,0.0333105716622963,0.0333125129113797,0.0333124812692984,0.0333124428130552,0.0333126069973577
1,0.620657629992385,0.0333697285375859,0.0334249151045749,0.033426862984684,0.0334268312224391,0.0334267926610005,0.0334269574012849
1,0.620658185856754,0.0334874277664131,0.0335398414771573,0.033541796021519,0.0335417641384456,0.0335417254714204,0.0335418907704474
1,0.620658741721123,0.0336051269952404,0.0336553547014377,0.0336573159434956,0.0336572839389241,0.0336572451659195,0.0336574110264676
1,0.620659297585492,0.0337228262240676,0.0337714587314207,0.0337734267048369,0.0337733945780928,0.0337733556987144,0.0337735221235802
1,0.620659853449861,0.0338405254528948,0.0338881575540431,0.0338901322926996,0.0338901000431036,0.0338900610569553,0.0338902280489535
1,0.62066040931423,0.0339582246817221,0.0340054551894986,0.0340074367274993,0.0340074043543673,0.0340073652610515,0.034007532823015
1,0.620660965178599,0.0340759239105728,0.0341233556915908,0.0341253440632633,0.0341253115659059,0.0341252723650234,0.0341254404998034
1,0.620661521042968,0.0341936231394,0.034241863147971,0.0342438583878681,0.0342438257655914,0.0342437864567413,0.0342439551672076
1,0.620662076907337,0.0343113223682273,0.0343609816806163,0.0343629838235181,0.0343629510756229,0.0343629116584027,0.0343630809474439
1,0.620662632771707,0.0344292374937892,0.0344807154460757,0.0344827245269912,0.0344826916527732,0.0344826521267788,0.0344828219973021
1,0.620663188636076,0.0345525496864884,0.0346010686358373,0.0346030846900065,0.0346030516887563,0.0346030120535821,0.0346031825085139
1,0.620663744500445,0.0346758618791876,0.0347220454766773,0.0347240685395727,0.0347240354105758,0.0347239956658143,0.0347241667081
1,0.620664300364814,0.0347991740718869,0.034843650231011,0.0348456803383398,0.0348456470808763,0.0348456072261187,0.0348457788587229
1,0.620664856229183,0.0349224862645861,0.0349658871972496,0.0349679243849554,0.0349678909983004,0.0349678510331359,0.0349680232590428
1,0.620665412093552,0.0350457984572853,0.0350887607101605,0.035090805014425,0.0350907714978482,0.0350907314218646,0.0350909042440779
1,0.620665967957921,0.0351691106499845,0.035212275141231,0.0352143265984763,0.035214292951242,0.0352142527640254,0.0352144261855686
1,0.62066652382229,0.0352924228426837,0.0353364348990374,0.0353384935459279,0.035338459767295,0.0353384194684298,0.0353385934923463
1,0.620667079686659,0.0354157350353829,0.0354612444296177,0.0354633103030617,0.0354632763922837,0.0354632359813527,0.0354634106107059
1,0.620667635551028,0.0355392731449843,0.0355867082168487,0.0355887813540007,0.0355887473103256,0.0355887067869099,0.0355888820247833
1,0.620668191415397,0.035668555885639,0.0357128307828272,0.0357149112210899,0.03571487704376,0.0357148364074392,0.0357150122569369
1,0.620668747279767,0.0357978386262937,0.0358396166882565,0.0358417044652825,0.0358416701535347,0.0358416294038865,0.0358418058681332
1,0.620669303144136,0.0359271213669483,0.0359670705328363,0.0359691656865304,0.0359691312395958,0.0359690903761965,0.0359692674583373
1,0.620669859008505,0.036056404107603,0.0360951969556577,0.0360972995241789,0.0360972649412831,0.0360972239637071,0.0360974016669081
1,0.620670414872874,0.0361856868482576,0.036224000635603,0.0362261106573665,0.0362260759377292,0.0362260348455493,0.0362262131729978
1,0.620670970737243,0.0363149695889123,0.0363534862917496,0.0363556038054289,0.036355568948264,0.0363555277410515,0.0363557066959557
1,0.620671526601612,0.036444252329567,0.036483658683779,0.0364857837283081,0.0364857487328236,0.0364857074101479,0.0364858869957378
1,0.620672082465981,0.0365735350702216,0.0366145226123904,0.0366166552269658,0.036616620092364,0.036616578653793,0.0366167588733197
1,0.62067263833035,0.0367030543636878,0.0367460829197196,0.0367482231438025,0.0367481878692795,0.0367481463143793,0.0367483271711159
1,0.620673194194719,0.036838693801552,0.0368783444897619,0.0368804923630804,0.0368804569478264,0.0368804152761614,0.0368805967734029
1,0.620673750059088,0.0369743332394162,0.0370113122488008,0.037013467811352,0.0370134322545511,0.0370133904656842,0.0370135726067476
1,0.620674305923457,0.0371099726772804,0.0371449911658417,0.0371471544578939,0.0371471187587242,0.0371470768522163,0.0371472596404409
1,0.620674861787827,0.0372456121151717,0.0372793862530768,0.0372815573151718,0.037281521472805,0.0372814794482157,0.0372816628869632
1,0.620675417652196,0.0373812515530359,0.0374145025662217,0.0374166814391771,0.0374166454527788,0.0374166033096658,0.0374167874023204
1,0.620675973516565,0.0375168909909002,0.0375503452051254,0.0375525319300367,0.0375524957987661,0.0375524535366855,0.0375526382866545
1,0.620676529380934,0.0376525304287644,0.0376869193141172,0.0376891139323603,0.0376890776553704,0.0376890352738765,0.0376892206845899
1,0.620677085245303,0.0377881698666286,0.0378242300824934,0.0378264326357266,0.037826396212164,0.0378263537108095,0.0378265397857206
1,0.620677641109672,0.0379240571516647,0.0379622827449822,0.0379644932751488,0.0379644567041534,0.0379644140824893,0.0379646008250749
1,0.620678196974041,0.0380664706332857,0.0381010825822142,0.0381033011315449,0.0381032644122502,0.0381032216698257,0.038103409083586
1,0.62067875283841,0.0382088841149067,0.038240634921199,0.038242861532214,0.038242824663747,0.0382427818001098,0.0382429698885687
1,0.620679308702779,0.0383512975965277,0.0383809451358069,0.0383831798513186,0.0383831428327996,0.0383830998474956,0.038383288614201
1,0.620679864567148,0.0384937110781487,0.0385220186472567,0.0385242615103719,0.0385242243409143,0.0385241812334877,0.0385243706820117
1,0.620680420431517,0.0386361245597697,0.0386638609246089,0.0386661119787313,0.0386660746574421,0.0386660314274354,0.0386662215613744
1,0.620680976295887,0.0387785380413908,0.0388064774852655,0.0388087367740983,0.0388086993000773,0.0388086559470313,0.0388088467700062
1,0.620681532160256,0.0389209515230118,0.038949873895475,0.0389521414630232,0.0389521038353635,0.0389520603588174,0.0389522518744739
1,0.620682088024625,0.0390633650046328,0.0390940557708441,0.0390963316614172,0.0390962938792049,0.0390962502786961,0.0390964424907048
1,0.620682643888994,0.0392060383378074,0.0392390287768552,0.0392413130350695,0.0392412750973837,0.039241231372448,0.0392414242845046
1,0.620683199753363,0.0393556774686464,0.0393847986293901,0.0393870913001717,0.0393870532060842,0.0393870093562557,0.0393872029720813
1,0.620683755617732,0.0395053165994854,0.0395313710952605,0.0395336722238473,0.0395336339724231,0.0395335899972341,0.0395337843205754
1,0.620684311482101,0.0396549557303244,0.039678751992744,0.0396810616246889,0.0396810232149854,0.0396809791139666,0.0396811741485961
1,0.62068486734647,0.0398045948611634,0.0398269471921275,0.0398292653733006,0.0398292268043682,0.0398291825770486,0.0398293783267648
1,0.620685423210839,0.0399542339920024,0.0399759626162568,0.0399782893928483,0.0399782506637298,0.0399782063096367,0.0399784027782642
1,0.620685979075208,0.0401038731228414,0.0401258042410926,0.0401281396596153,0.0401281007693463,0.0401280562880053,0.0401282534793951
1,0.620686534939577,0.0402535122536804,0.0402764780962735,0.0402788222035659,0.0402787831511742,0.0402787385421094,0.0402789364601392
1,0.620687090803947,0.0404031513845194,0.0404279902656862,0.0404303431089148,0.0404303038934209,0.0404302591561544,0.0404304578047288
1,0.620687646668316,0.0405530631387917,0.0405803468880419,0.0405827085147042,0.0405826691351209,0.0405826242691733,0.040582823652224
1,0.620688202532685,0.040710417228611,0.0407335541574603,0.0407359246153876,0.0407358850707199,0.0407358400756101,0.0407360401970961
1,0.620688758397054,0.0408677713184618,0.0408876183240915,0.0408899976614516,0.0408899579506968,0.0408899128259419,0.0408901136898497
1,0.620689314261423,0.0410251254082811,0.0410425456945905,0.0410449339598907,0.0410448940820381,0.0410448488271538,0.0410450504374978
1,0.620689870125792,0.0411824794981004,0.0411983426329078,0.0412007398749977,0.0412006998290288,0.041200654443529,0.0412008568043513
1,0.620690425990161,0.0413398335879198,0.041355015560779,0.0413574218288535,0.0413573816137417,0.0413573360971385,0.0413575392125098
1,0.62069098185453,0.0414971876777391,0.0415125709583764,0.0415149863019785,0.041514945916689,0.0415149002684931,0.0415151041425123
1,0.620691537718899,0.0416545417675584,0.0416710153649365,0.0416734398339602,0.0416733992774503,0.0416733534971705,0.0416735581339654
1,0.620692093583268,0.0418118958573777,0.0418303553793963,0.0418327890240898,0.0418327482953084,0.041832702382452,0.0418329077861792
1,0.620692649447638,0.0419695361640149,0.0419905976610365,0.0419930405320053,0.041992999629893,0.0419929535839656,0.041993159758811
1,0.620693205312007,0.0421351358207142,0.0421517489301337,0.0421542010783433,0.0421541600018322,0.0421541138223377,0.0421543207725168
1,0.620693761176376,0.0423007354774136,0.0423138159686193,0.0423162774453985,0.0423162361934125,0.0423161898798532,0.0423163976096108
1,0.620694317040745,0.042466335134113,0.0424768056207481,0.0424792764777921,0.0424792350492462,0.0424791886011228,0.042479397114734
1,0.620694872905114,0.0426319347908123,0.0426407247937738,0.0426432050831474,0.0426431634769481,0.0426431168937596,0.0426433261955296
1,0.620695428769483,0.0427975344475117,0.0428055804586338,0.0428080702327744,0.0428080284478194,0.0428079817290633,0.0428081918233277
1,0.620695984633852,0.0429631341042111,0.0429713796506423,0.0429738789623632,0.0429738369975415,0.0429737901427136,0.0429740010338386
1,0.620696540498221,0.0431287337609104,0.0431381294701917,0.0431406383726854,0.043140596226877,0.0431405492354714,0.0431407609278546
1,0.62069709636259,0.0432943334176098,0.0433058370834632,0.0433083556303047,0.0433083133023806,0.04330826617389,0.0433084786719597
1,0.620697652226959,0.0434602337782182,0.0434745097231463,0.043477037968296,0.0434769954571182,0.0434769481910336,0.0434771614992498
1,0.620698208091328,0.043634655299183,0.0436441546891665,0.0436466926869741,0.0436466499913953,0.0436466025872061,0.0436468167100608
1,0.620698763955698,0.0438090768201477,0.0438147793494233,0.0438173271546308,0.0438172842734946,0.0438172367306885,0.0438174516727056
1,0.620699319820067,0.0439834983411125,0.0439863911405365,0.0439889488082817,0.0439889057404224,0.0439888580584858,0.0439890738242213
1,0.620699875684436,0.0441579198620773,0.0441589975686028,0.0441615651544227,0.044161521898665,0.0441614740770824,0.0441616906711251
1,0.620700431548805,0.0443323413830421,0.0443326062099605,0.0443351837697949,0.044335140324954,0.0443350923632087,0.0443353097901802
1,0.620700987413174,0.0445067629040068,0.0445072247119656,0.0445098123021603,0.0445097686670418,0.0445097205646154,0.0445099388291706
1,0.620701543277543,0.0446811844249716,0.0446828607937763,0.044685458471087,0.0446854146444868,0.0446853664008592,0.0446855855076862
1,0.620702099141912,0.0448556059459364,0.044859522247148,0.0448621300687436,0.0448620860494478,0.0448620376640976,0.0448622576179184
1,0.620702655006281,0.0450303436159827,0.0450372169372386,0.0450398349607049,0.0450397907474896,0.0450397422198938,0.0450399630254643
1,0.62070321087065,0.0452142134738985,0.045215952803459,0.0452185810868023,0.0452185366784338,0.0452184880080679,0.0452187096701784
1,0.620703766735019,0.0453980833317775,0.0453957378601562,0.045398376461807,0.0453983318570413,0.0453982830433793,0.0453985055668546
1,0.620704322599389,0.0455819531896566,0.0455765801976631,0.0455792291764799,0.0455791843740628,0.0455791354165773,0.0455793588062771
1,0.620704878463758,0.0457658230475357,0.0457584879830028,0.0457611473982757,0.0457611023969429,0.0457610532951048,0.0457612775559241
1,0.620705434328127,0.0459496929054147,0.0459414694607818,0.0459441393722363,0.0459440941707128,0.0459440449239918,0.045944270060861
1,0.620705990192496,0.0461335627632938,0.0461255329540581,0.0461282134218591,0.0461281680188596,0.0461281186267238,0.0461283446446092
1,0.620706546056865,0.0463174326211728,0.0463106868652212,0.0463133779499766,0.0463133323442052,0.0463132828061213,0.0463135097100251
1,0.620707101921234,0.0465013024790519,0.0464969396768825,0.0464996414396473,0.0464995956297972,0.0464995459452305,0.0464997737401916
1,0.620707657785603,0.0466855049731125,0.0466842999527778,0.0466870124550578,0.0466869664398115,0.046686916608226,0.0466871452993199
1,0.620708213649972,0.0468795052361225,0.0468727763386809,0.046875499642437,0.0468754534204662,0.0468754034413242,0.0468756330336636
1,0.620708769514341,0.0470735054991326,0.0470623775633295,0.0470651117309816,0.0470650653009466,0.0470650151737093,0.0470652456724441
1,0.62070932537871,0.0472675057621427,0.0472531124393623,0.0472558575337931,0.0472558108943434,0.0472557606184706,0.0472559920287885
1,0.620709881243079,0.0474615060251528,0.0474449898642689,0.0474477459488285,0.047447699098602,0.0474476486735523,0.0474478810006789
1,0.620710437107449,0.0476555062881628,0.0476380188213517,0.0476407859598611,0.0476407388974847,0.047640688322715,0.0476409215719146
1,0.620710992971818,0.0478495065511729,0.0478322083806999,0.0478349866374557,0.0478349393615444,0.0478348886365106,0.047835122813086
1,0.620711548836187,0.048043506814183,0.0480275677001765,0.048030357139955,0.0480303096491125,0.0480302587732691,0.048030493882562
1,0.620712104700556,0.048237507077193,0.0482241060264183,0.0482269067144796,0.0482268590072978,0.0482268079800981,0.0482270440274898
1,0.620712660564925,0.0484318575867844,0.0484218326958484,0.0484246446979408,0.0484245967729997,0.0484245455938956,0.0484247825848072
1,0.620713216429294,0.0486367316835889,0.0486207571357022,0.0486235805180665,0.0486235323739341,0.0486234810423765,0.0486237189822689
1,0.620713772293663,0.0488416057803935,0.0488208888650663,0.0488237236944404,0.0488236753296728,0.0488236238451112,0.0488238627394859
1,0.620714328158032,0.049046479877198,0.049022237495932,0.0490250838395551,0.0490250352526959,0.0490249836145788,0.049025223468978
1,0.620714884022401,0.0492513539740025,0.0492248127342614,0.0492276706598784,0.0492276218494591,0.0492275700572336,0.0492278108772409
1,0.62071543988677,0.049456228070807,0.0494286243810678,0.0494314939569343,0.0494314449214738,0.0494313929745861,0.0494316347658262
1,0.620715995751139,0.0496611021676115,0.0496336823335109,0.0496365636283972,0.049636514366402,0.0496364622642969,0.0496367050324367
1,0.620716551615509,0.0498659762644161,0.0498399965860057,0.0498428896692017,0.0498428401791653,0.0498427879212868,0.0498430316720353
1,0.620717107479878,0.0500708503612615,0.0500475772313874,0.0500504821727072,0.0500504324531106,0.0500503800389014,0.0500506247780101
1,0.620717663344247,0.0502760935330002,0.0502564344618841,0.0502593513316708,0.0502593013809817,0.0502592488098837,0.0502594945431473
1,0.620718219208616,0.0504926528942298,0.0504665785705188,0.0504695074396492,0.0504694572563224,0.0504694045277763,0.0504696512610327
1,0.620718775072985,0.0507092122554594,0.0506780199521129,0.0506809608920021,0.050680910474479,0.0506808575879246,0.0506811053270556
1,0.620719330937354,0.0509257716166889,0.0508907691045108,0.0508937221871175,0.0508936715338263,0.0508936184887022,0.0508938672396337
1,0.620719886801723,0.0511423309779185,0.0511048366297805,0.0511078019276115,0.0511077510369667,0.051107697832711,0.0511079476014133
1,0.620720442666092,0.0513588903391481,0.0513202332354291,0.0513232108215443,0.0513231596919469,0.0513231063279964,0.0513233571204849
1,0.620720998530461,0.0515754497003777,0.0515369697356342,0.0515399596836518,0.0515399083134889,0.0515398547892798,0.051540106611615
1,0.62072155439483,0.0517920090616073,0.0517550570524926,0.0517580594365941,0.0517580078242388,0.0517579541392062,0.0517582069974946
1,0.6207221102592,0.0520085684228368,0.051974506217285,0.05197752111222,0.0519774692560315,0.0519774154096099,0.0519776693100039
1,0.620722666123569,0.052225517005541,0.0521953283717574,0.0521983558528491,0.0521983037511723,0.0521982497427954,0.0521985046914941
1,0.620723221987938,0.0524546484224944,0.0524175347694203,0.0524205749125707,0.0524205225637359,0.0524204683928367,0.052420724396086
1,0.620723777852307,0.0526837798394477,0.0526411367768647,0.0526441896585595,0.0526441370608828,0.0526440827268933,0.0526443397909867
1,0.620724333716676,0.052912911256401,0.0528661458750957,0.05286921157241,0.0528691587241926,0.0528691042265445,0.052869362357823
1,0.620724889581045,0.0531420426733543,0.0530925736608844,0.0530956522514878,0.0530955991510162,0.0530955444891403,0.0530958036939934
1,0.620725445445414,0.0533711740903076,0.0533204318481377,0.0533235234102999,0.0533234700558455,0.0533234152291721,0.0533236755140378
1,0.620726001309783,0.0536003055072609,0.0535497322692863,0.0535528368818825,0.0535527832717016,0.0535527282796605,0.0535529896510258
1,0.620726557174152,0.0538294369242143,0.0537804868766919,0.0537836046192082,0.0537835507515418,0.0537834955935622,0.0537837580579639
1,0.620727113038521,0.0540585683411676,0.0540127077440729,0.0540158386966121,0.0540157845696857,0.0540157292451964,0.0540159928092211
1,0.62072766890289,0.0542881105612451,0.0542464070679497,0.0542495513112368,0.0542494969232602,0.0542494414316894,0.0542497061019742
1,0.62072822476726,0.0545307847015819,0.0544815971691091,0.054484754784497,0.0544847001336643,0.0544846444744401,0.0544849102576729
1,0.620728780631629,0.0547734588419188,0.0547182904940893,0.0547214615635645,0.0547214066480539,0.0547213508206038,0.0547216177235238
1,0.620729336495998,0.0550161329822556,0.0549564996166839,0.0549596842228725,0.054959629040846,0.0549595730445972,0.0549598410739956
1,0.620729892360367,0.0552588071225925,0.0551962372394676,0.055199435465641,0.0551993800152443,0.0551993238496238,0.0551995930123438
1,0.620730448224736,0.0555014812629293,0.0554375161953417,0.0554407281254224,0.0554406724047847,0.0554406160692193,0.055440886372157
1,0.620731004089105,0.0557441554033147,0.0556803494491493,0.0556835751677174,0.0556835191749512,0.0556834626688677,0.0556837341189723
1,0.620731559953474,0.0559868295436515,0.0559247500990701,0.0559279896913687,0.0559279334245697,0.0559278767473945,0.055928149351669
1,0.620732115817843,0.0562295036839884,0.0561707313785203,0.0561739849304619,0.056173928387709,0.0561738715388686,0.05617414530437
1,0.620732671682212,0.0564726117567117,0.0564183066575914,0.0564215742557643,0.0564215174351189,0.0564214604140398,0.0564217353478799
1,0.620733227546581,0.0567298922481245,0.0566674894447528,0.0566707711764269,0.0566707140759333,0.0566706568820419,0.0566709329913877
1,0.620733783410951,0.0569871727395373,0.0569182933885285,0.0569215893416618,0.0569215319593466,0.0569214745920696,0.0569217518841436
1,0.62073433927532,0.0572444532309501,0.0571707322791972,0.0571740425424422,0.0571739848763142,0.0571739273350784,0.0571742058171594
1,0.620734895139689,0.0575017337223629,0.0574248200505157,0.0574281447132258,0.057428086761276,0.0574280290455084,0.0574283087249316
1,0.620735451004058,0.0577590142137757,0.0576805707814657,0.0576839099337016,0.0576838516939028,0.0576837938030307,0.0576840746871887
1,0.620736006868427,0.0580162947051885,0.0579379986980253,0.0579413524305616,0.0579412939008683,0.0579412358343192,0.0579415179306624
1,0.620736562732796,0.0582735751966013,0.0581971181749643,0.0582004865792961,0.0582004277576442,0.0582003695148464,0.0582006528308831
1,0.620737118597165,0.0585308556880141,0.0584579437376648,0.0584613269060144,0.0584612677903213,0.058461209370703,0.0584614939140006
1,0.620737674461534,0.0587885949355011,0.0587204900639667,0.0587238880892903,0.0587238286774542,0.0587237700804447,0.0587240558586296
1,0.620738230325903,0.0590616494110715,0.0589847719860388,0.0589881849620335,0.0589881252519337,0.0589880664769625,0.058988353497721
1,0.620738786190272,0.059334703886642,0.0592508044922764,0.0592542325133868,0.0592541725028831,0.0592541135493805,0.0592544018204593
1,0.620739342054641,0.0596077583622125,0.0595186027292242,0.0595220458906496,0.0595219855775823,0.0595219264449794,0.0595222159741861
1,0.620739897919011,0.0598808128377829,0.0597881820035272,0.0597916404012283,0.059791579783418,0.0597915204711467,0.0597918112663504
1,0.62074045378338,0.0601538673133534,0.0600595577839076,0.0600630315146142,0.0600629705898614,0.0600629110973545,0.0600632031664862
1,0.620741009647749,0.0604269217889239,0.0603327457031705,0.0603362348643879,0.0603361736304731,0.0603361139571643,0.0603364073082177
1,0.620741565512118,0.0606999762644943,0.0606077615602364,0.0606112662502532,0.0606112047049365,0.0606111448502605,0.0606114394912925
1,0.620742121376487,0.0609730307400648,0.0608846213222033,0.0608881416400984,0.060888079781119,0.0608880197445118,0.0608883156836431
1,0.620742677240856,0.0612465706253478,0.0611633411264365,0.0611668771720868,0.0611668149971632,0.0611667547780619,0.0611670520234773
1,0.620743233105225,0.061536682342502,0.0614439372826888,0.0614474891567763,0.0614474266636061,0.0614473662614491,0.0614476648213983
1,0.620743788969594,0.0618267940596561,0.0617264262752501,0.0617299940792696,0.0617299312655288,0.0617298706797559,0.0617301705625543
1,0.620744344833963,0.0621169057768102,0.0620108247651266,0.0620144086013933,0.0620143454647364,0.0620142846947889,0.062014585908818
1,0.620744900698332,0.0624070174939644,0.0622971495922517,0.062300749563909,0.0623006861019688,0.0623006251472894,0.0623009277009974
1,0.620745456562702,0.0626971292111765,0.0625854177777854,0.0625890339888124,0.0625889701991996,0.0625889090592329,0.0625892129611351
1,0.620746012427071,0.0629872409283306,0.0628756465261566,0.062879279081376,0.0628792149616792,0.0628791536358713,0.0628794588945511
1,0.62074656829144,0.0632773526454847,0.0631678532277142,0.0631715022328005,0.0631714377805855,0.0631713762683845,0.0631716828924939
1,0.620747124155809,0.0635674643626389,0.0634620554608353,0.0634657210223222,0.0634656562351322,0.0634655945359882,0.0634659025342483
1,0.620747680020178,0.0638580901441516,0.0637582709943533,0.0637619532196426,0.0637618880949977,0.0637618262083627,0.0637621355895644
1,0.620748235884547,0.0641666719249715,0.0640565177899635,0.0640602167873323,0.0640601513227295,0.0640600892480576,0.0640604000210624
1,0.620748791748916,0.0644752537057914,0.0643568140046613,0.0643605298832711,0.0643604640761837,0.0643604018129314,0.0643607139866717
1,0.620749347613285,0.0647838354866113,0.0646591779932166,0.0646629108631211,0.0646628447109986,0.0646627822586248,0.0646630958421049
1,0.620749903477654,0.0650924172674313,0.0649636283106826,0.0649673782828361,0.064967311783104,0.0649672491410699,0.0649675641433665
1,0.620750459342023,0.0654009990482512,0.06527018371494,0.0652739509012062,0.0652738840512656,0.0652738212190351,0.0652741376492979
1,0.620751015206392,0.0657095808290711,0.0655788631692791,0.0655826476824392,0.0655825804796668,0.0655825174567065,0.065582835324159
1,0.620751571070762,0.066018162609891,0.0658896858450169,0.0658934877987787,0.0658934202405261,0.0658933570263054,0.0658936763402456
1,0.620752126935131,0.0663267443907109,0.0662026711241532,0.0662064906331596,0.0662064227167533,0.0662063593107445,0.0662066800805454
1,0.6207526827995,0.0666358710636761,0.0665178386020639,0.0665216757819016,0.0665216075046427,0.0665215439063213,0.0665218661414317
1,0.620753238663869,0.0669644805564173,0.0668352080902331,0.0668390630574417,0.0668389944166056,0.0668389306254503,0.0668392543353956
1,0.620753794528238,0.0672930900491585,0.0671547996190249,0.067158672491106,0.067158603483942,0.0671585394994347,0.0671588646938174
1,0.620754350392607,0.0676216995418997,0.0674766334404947,0.0674805243359206,0.0674804549596517,0.0674803907812779,0.0674807174697784
1,0.620754906256976,0.0679503090346408,0.0678007300312409,0.067804639069464,0.0678045693212866,0.0678045049485354,0.0678048331409128
1,0.620755462121345,0.068278918527382,0.068127110095298,0.06813103739676,0.0681309672738437,0.0681309027062079,0.0681312324123006
1,0.620756017985714,0.0686075280201232,0.0684557945670714,0.0684597402532125,0.0684596697526997,0.068459604989676,0.0684599362194024
1,0.620756573850083,0.0689361375128644,0.0687868046143144,0.0687907688075832,0.0687906979265886,0.0687906329676777,0.0687909657310372
1,0.620757129714452,0.0692647470056056,0.0691201616411487,0.0691241444650113,0.0691240732006219,0.0691240080453287,0.0691243423524022
1,0.620757685578821,0.0695939345855288,0.0694558872911286,0.0694598888700781,0.0694598172193528,0.0694597518671867,0.0694600877281372
1,0.620758241443191,0.0699442917893024,0.0697940034503491,0.0697980239099157,0.0697979518698849,0.0697978863203595,0.0697982237454333
1,0.62075879730756,0.0702946489930761,0.0701345322505997,0.0701385717173604,0.0701384992850256,0.0701384335376594,0.0701387725371865
1,0.620759353171929,0.0706450061969197,0.0704774960726327,0.070481554674221,0.0704814818465547,0.0704814159008711,0.0704817564852661
1,0.620759909036298,0.0709953634006934,0.070822917549135,0.0708269954142509,0.0708269221881962,0.0708268560437233,0.0708271982234862
1,0.620760464900667,0.071345720604467,0.071170819568432,0.0711749168268523,0.0711748431993224,0.0711747768555937,0.0711751206413107
1,0.620761020765036,0.0716960778082407,0.0715212252775559,0.0715253420601442,0.0715252680280222,0.0715252014845766,0.0715255468869207
1,0.620761576629405,0.0720464350120143,0.071874158085704,0.0718782945244212,0.0718782200845598,0.0718781533409414,0.0718785003706735
1,0.620762132493774,0.072396792215788,0.0722296416676788,0.072233797895593,0.0722337230448141,0.072233656100573,0.0722340047685424
1,0.620762688358143,0.0727477632858027,0.0725876999673776,0.0725918761186751,0.0725918008537693,0.0725917337084616,0.0725920840256069
1,0.620763244222513,0.0731217706368581,0.0729483572013345,0.07295255341133,0.0729524777290564,0.072952410382244,0.0729527623595942
1,0.620763800086882,0.0734957779879134,0.0733116378623129,0.0733158542674605,0.0733157781645464,0.0733157106157976,0.0733160642644726
1,0.620764355951251,0.0738697853389688,0.0736775667229523,0.0736818034608558,0.0736817269339962,0.0736816591828859,0.0736820145140974
1,0.62076491181562,0.0742437926900242,0.0740461688394673,0.0740504260488914,0.0740503490947486,0.0740502811408583,0.0740506381659107
1,0.620765467679989,0.0746178000410796,0.0744174695554017,0.0744217473762829,0.0744216699914864,0.0744216018344045,0.0744219605646957
1,0.620766023544358,0.074991807392135,0.0747914945054382,0.0747957930788959,0.0747957152600416,0.0747956468993636,0.074796007346386
1,0.620766579408727,0.0753658147431903,0.0751682696192636,0.0751725890876112,0.0751725108312612,0.0751724422665902,0.0751728044419313
1,0.620767135273096,0.0757398220942457,0.0755478211254915,0.0755521616322476,0.07555208293493,0.0755520141658763,0.0755523780812198
1,0.620767691137465,0.076114481904852,0.0759301755556427,0.0759345372455426,0.0759344581037508,0.0759343891299328,0.0759347547970592
1,0.620768247001834,0.0765142468782081,0.0763153597481845,0.0763197427671917,0.0763196631773842,0.0763195939984283,0.0763199614292162
1,0.620768802866203,0.0769140118515642,0.0767034008526304,0.0767078053479478,0.0767077253065478,0.0767076559220887,0.0767080251285152
1,0.620769358730572,0.0773137768249202,0.0770943263336991,0.0770987524537814,0.0770986719571761,0.0770986023668569,0.0770989733609991
1,0.620769914594942,0.0777135417982763,0.077488163975537,0.0774926118701017,0.0774925309146424,0.0774924611181151,0.0774928339121505
1,0.620770470459311,0.0781133067716324,0.0778849418860019,0.0778894117060418,0.0778893302880429,0.0778892602849686,0.077889634891176
1,0.62077102632368,0.0785130717449885,0.0782846885010112,0.0782891803988059,0.0782890985145449,0.0782890283045939,0.0782894047353548
1,0.620771582188049,0.0789128367183446,0.0786874325889542,0.0786919467180826,0.0786918643637996,0.0786917939466519,0.0786921722144509
1,0.620772138052418,0.0793126016917007,0.0790932032551707,0.0790977397705231,0.0790976569424201,0.0790975863177653,0.0790979664351916
1,0.620772693916787,0.0797130607890461,0.0795020299464958,0.079506589004286,0.0795065056985267,0.0795064348660649,0.0795068168458125
1,0.620773249781156,0.0801409218675163,0.0799139424559552,0.0799185242137332,0.0799184404264424,0.079918369385884,0.0799187532407533
1,0.620773805645525,0.0805687829459011,0.0803289709271171,0.0803335755437813,0.0803334912710447,0.0803334200221108,0.0803338057650092
1,0.620774361509894,0.0809966440242858,0.0807471458593372,0.0807517734951474,0.0807516887330109,0.0807516172754337,0.0807520049193768
1,0.620774917374263,0.0814245051026706,0.081168498112253,0.0811731489288429,0.0811730636733122,0.0811729920068351,0.0811733815649475
1,0.620775473238633,0.0818523661810554,0.0815930589107601,0.0815977330711502,0.0815976473181905,0.0815975754425686,0.0815979669280849
1,0.620776029103002,0.0822802272594401,0.0820208598499805,0.0820255575185911,0.082025471264126,0.0820253991791266,0.0820257926053925
1,0.620776584967371,0.0827080883378249,0.0824519329003045,0.0824566542429686,0.0824565674828805,0.0824564951882829,0.0824568905687561
1,0.62077714083174,0.0831359494162096,0.0828863104125088,0.0828910555964854,0.0828909683266144,0.0828908958222108,0.0828912931704621
1,0.620777696696109,0.0835645496324675,0.0833240251229514,0.0833287943169388,0.0833287065330824,0.083328633818678,0.0833290331483919
1,0.620778252560478,0.0840231058624436,0.0837651101588441,0.0837699035329932,0.0837698152309058,0.0837697423063189,0.0837701436312955
1,0.620778808424847,0.0844816620924197,0.0842095990436044,0.0842144167695323,0.0842143279449246,0.0842142548099875,0.0842146581441424
1,0.620779364289216,0.0849402183223957,0.0846575257022881,0.0846623679530916,0.0846622786016301,0.084662205256189,0.0846626106135554
1,0.620779920153585,0.0853987745523718,0.0851089244671033,0.0851137914173724,0.0851137015346792,0.0851136279785948,0.0851140353733237
1,0.620780476017954,0.0858573307823479,0.0855638300830074,0.0855687219088394,0.0855686314904911,0.0855685577236391,0.0855689671700009
1,0.620781031882323,0.086315887012324,0.0860222777133885,0.0860271945924019,0.0860271036339295,0.0860270296562006,0.0860274411685858
1,0.620781587746693,0.0867744432423,0.0864843029458325,0.0864892450571811,0.0864891535540692,0.0864890793653699,0.0864894929582904
1,0.620782143611062,0.0872329994722761,0.0869499417979773,0.0869549093223638,0.0869548172700504,0.0869547428703032,0.0869551585583932
1,0.620782699475431,0.0876923435107859,0.0874192307234546,0.0874242238431456,0.087424131237021,0.087424056626165,0.0874244744241821
1,0.6207832553398,0.0881844884499868,0.0878922066179224,0.0878972255167621,0.0878971323521688,0.08789705753016,0.0878974774529865
1,0.620783811204169,0.0886766333891877,0.0883689068251878,0.0883739516886127,0.0883738579608447,0.0883737829276563,0.0883742049902999
1,0.620784367068538,0.0891687783283885,0.0888493691434225,0.088854440158476,0.0888543458627782,0.0888542706184013,0.0888546948359965
1,0.620784922932907,0.0896609232675894,0.0893336318314727,0.0893387291868196,0.0893386343183872,0.0893385588628311,0.0893389852506402
1,0.620785478797276,0.0901530682067902,0.0898217336152636,0.0898268575012049,0.0898267620551828,0.0898266863884757,0.0898271149618899
1,0.620786034661645,0.0906452131459911,0.0903137136943017,0.0903188643027897,0.0903187682742718,0.090318692396461,0.0903191231710015
1,0.620786590526014,0.0911373580851919,0.0908096117482747,0.0908147892729274,0.0908146926569563,0.0908146165681088,0.0908150495594281
1,0.620787146390383,0.0916295030243928,0.0913094679437518,0.0913146725798685,0.0913145753714345,0.0913144990716377,0.0913149342955203
1,0.620787702254753,0.0921224884278265,0.0918133229410861,0.0918185548856622,0.091818457079703,0.0918183805690649,0.0918188180414288
1,0.620788258119122,0.0926514487224065,0.0923212179009163,0.0923264773526586,0.0923263789440587,0.0923263022227083,0.0923267419596061
1,0.620788813983491,0.0931804090169865,0.0928331944917791,0.0928384816511215,0.0928383826347109,0.0928383057027996,0.0928387477204194
1,0.62078936984786,0.0937093693115665,0.0933492948968235,0.0933546099659418,0.0933545103364964,0.0933544331941974,0.0933548775088642
1,0.620789925712229,0.0942383296061464,0.0938695618211339,0.0938749050039617,0.0938748047562018,0.0938747274037115,0.0938751740318884
1,0.620790481576598,0.0947672899007264,0.0943940384990628,0.0943994100013073,0.0943993091298973,0.0943992315674355,0.0943996805257245
1,0.620791037440967,0.0952962501953064,0.094922768701675,0.0949281687308323,0.0949280672303799,0.0949279894581906,0.094928440763334
1,0.620791593305336,0.0958252104898864,0.0954557967443041,0.0954612255096753,0.0954611233747309,0.0954610453930826,0.0954614990619644
1,0.620792149169705,0.0963541707844664,0.0959931674942239,0.0959986252069307,0.0959985224319869,0.0959984442411734,0.0959989002908199
1,0.620792705034074,0.0968840285411814,0.096534926378436,0.0965404132514369,0.0965403098309273,0.0965402314312685,0.09654068987885
1,0.620793260898444,0.097453408171394,0.0970811193915753,0.0970866356396817,0.0970865315679807,0.0970864529598229,0.0970869138226547
1,0.620793816762813,0.0980227878016066,0.0976317931039361,0.0976373389438281,0.09763723421525,0.0976371553989667,0.0976376186945102
1,0.620794372627182,0.0985921674318191,0.0981869946696187,0.0981925703198616,0.0981924649286597,0.0981923859046523,0.0981928516505162
1,0.620794928491551,0.0991615470620317,0.0987467718348,0.0987523775158606,0.0987522714562266,0.0987521922249253,0.0987526604388668
1,0.62079548435592,0.0997309266922442,0.0993111729461301,0.0993168088803928,0.0993167021464563,0.0993166227083203,0.0993170934082464
1,0.620796040220289,0.100300306322457,0.099880246959255,0.0998859133710382,0.0998858059568656,0.0998857263123843,0.099886199516353
1,0.620796596084658,0.100869685952669,0.100454043447469,0.100459740563042,0.100459632462636,0.100459552612329,0.10046002833855
1,0.620797151949027,0.101439065582882,0.101032612610497,0.101038340658096,0.101038231865395,0.101038151809814,0.101038630076651
1,0.620797707813396,0.102009404405979,0.101616005283413,0.101621764493258,0.101621655002134,0.101621574741864,0.101622055567835
1,0.620798263677765,0.102623235583378,0.102204272945689,0.102210063550001,0.102209953354261,0.102209872889917,0.102210356293695
1,0.620798819542134,0.103237066760777,0.102797467730383,0.1028032899634,0.102803179056783,0.102803098389016,0.102803584389433
1,0.620799375406504,0.103850897938176,0.103395642433468,0.103401496531461,0.103401384907639,0.103401304037135,0.103401792653178
1,0.620799931270873,0.104464729115575,0.103998850523296,0.104004736724587,0.104004624377164,0.104004543304643,0.104005034555461
1,0.620800487135242,0.105078560292974,0.104607146150212,0.104613064695192,0.104612951617701,0.10461287034392,0.104613364248821
1,0.620801042999611,0.105692391470372,0.105220584156308,0.10522653528745,0.105226421473355,0.105226339999109,0.105226836577564
1,0.62080159886398,0.106306222647894,0.105839220085448,0.105845204047329,0.105845089490023,0.105845007816143,0.105845507087785
1,0.620802154728349,0.106920053825293,0.106463110192829,0.106469127232142,0.106469011924945,0.106468930052304,0.10646943203693
1,0.620802710592718,0.107534911067247,0.10709231145592,0.107098361821495,0.107098245757656,0.107098163687164,0.107098668404737
1,0.620803266457087,0.108197712058805,0.10772688158433,0.107732965527147,0.10773284869984,0.10773276643245,0.107733273903099
1,0.620803822321456,0.108860513050364,0.108366879030439,0.108372996803649,0.108372879205974,0.10837279674268,0.108373306986702
1,0.620804378185825,0.109523314041922,0.10901236300007,0.109018514859009,0.10901839648399,0.109018313825829,0.10901882686369
1,0.620804934050195,0.110186115033481,0.109663393463317,0.109669579665526,0.109669460506111,0.109669377654163,0.109669893506499
1,0.620805489914564,0.110848916025039,0.110320031165538,0.110326251970776,0.110326132019836,0.110326048975228,0.110326567662847
1,0.620806045778933,0.111511717016598,0.110982337638512,0.110988593308776,0.110988472559104,0.110988389323007,0.110988910866888
1,0.620806601643302,0.112174518008156,0.111650375211759,0.111656666011299,0.111656544455608,0.111656461029241,0.111656985450538
1,0.620807157507671,0.112837318999715,0.11232420702403,0.112330533219369,0.112330410850292,0.112330327234923,0.112330854554963
1,0.62080771337204,0.113501218511239,0.113003897034977,0.113010258894922,0.113010135705013,0.113010051901957,0.113010582142246
1,0.620808269236409,0.114218060286636,0.113689510036978,0.113695907832645,0.113695783814373,0.113695699824998,0.113696233007216
1,0.620808825100778,0.114934902062034,0.114381111667159,0.114387545671981,0.114387420817736,0.11438733664346,0.114387872789466
1,0.620809380965147,0.115651743837432,0.115078768419575,0.115085238909325,0.11508511321141,0.115085028853704,0.115085567985538
1,0.620809936829516,0.11636858561283,0.115782547657585,0.11578905491039,0.115788928361023,0.115788843821414,0.115789385961294
1,0.620810492693885,0.117085427388228,0.116492517626399,0.116499061922758,0.116498934514072,0.11649884979414,0.116499394964468
1,0.620811048558255,0.117802269163626,0.11720874746582,0.117215329088618,0.117215200812659,0.117215115914043,0.117215664137402
1,0.620811604422624,0.118519110939024,0.117931307223164,0.117937926457691,0.117937797306418,0.117937712230813,0.11793826352997
1,0.620812160286993,0.119235952714421,0.118660267866378,0.118666925000343,0.118666794965625,0.118666709714785,0.118667264112692
1,0.620812716151362,0.119953971502336,0.119395701297339,0.119402396620887,0.119402265694503,0.119402180270245,0.11940273779004
1,0.620813272015731,0.120730553377088,0.120137680365359,0.120144414171086,0.120144282344724,0.120144196748927,0.120144757413934
1,0.6208138278801,0.121507135251839,0.120886278880876,0.120893051463848,0.120892918729104,0.120892832963709,0.120893396797441
1,0.620814383744469,0.122283717126591,0.121641571629353,0.121648383287118,0.121648249635495,0.121648163702508,0.121648730728666
1,0.620814939608838,0.123060299001343,0.122403634385372,0.122410485417977,0.122410350840882,0.122410264742378,0.122410834984853
1,0.620815495473207,0.123836880876249,0.123172543927085,0.12317943463709,0.123179299125837,0.123179212863957,0.123179786346832
1,0.620816051337576,0.124613462751001,0.123948378050105,0.123955308742601,0.123955172288406,0.123955085865361,0.123955662612908
1,0.620816607201946,0.125390044625753,0.12473121558314,0.124738186565761,0.124738049159742,0.124737962577816,0.124738542614502
1,0.620817163066315,0.126166626500504,0.125521136402303,0.125528147985241,0.125528009618418,0.125527922879966,0.12552850623045
1,0.620817718930684,0.126944470397911,0.126318221446397,0.126325273942417,0.126325134605711,0.126325047713163,0.1263256344023
1,0.620818274795053,0.127787207015367,0.12712255273227,0.127129646456723,0.127129506140951,0.127129419096815,0.127130009149653
1,0.620818830659422,0.128629943632824,0.127934213370373,0.127941348641212,0.127941207337092,0.127941120143953,0.127941713585737
1,0.620819386523791,0.12947268025028,0.128753287580557,0.128760464718348,0.128760322416492,0.128760235077014,0.128760831933186
1,0.62081994238816,0.130315416867737,0.129579860708068,0.129587080036004,0.129586936726921,0.129586849243852,0.129587449540051
1,0.620820498252529,0.131158153485193,0.130414019239784,0.130421281083699,0.130421136757792,0.130421049133962,0.130421652896024
1,0.620821054116898,0.13200089010265,0.131255850820667,0.131263155509047,0.131263010156611,0.131262922394936,0.131263529648898
1,0.620821609981267,0.132843626720106,0.132105444270448,0.132112792134441,0.132112645745665,0.132112557849149,0.132113168621246
1,0.620822165845636,0.133686363337563,0.132962889600534,0.132970280973967,0.132970133538927,0.132970045510663,0.13297065982733
1,0.620822721710006,0.134530453976693,0.133828278031153,0.133835713250539,0.133835564759203,0.133835476602377,0.133836094490248
1,0.620823277574375,0.135446573586148,0.134701702008731,0.13470918141328,0.134709031855505,0.134708943573394,0.134709565059307
1,0.620823833438744,0.136362693195602,0.1355832552235,0.135590779155131,0.135590628520658,0.135590540116637,0.135591165227629
1,0.620824389303113,0.137278812805057,0.136473032627345,0.136480601430694,0.136480449709151,0.136480361186694,0.136480989950004
1,0.620824945167482,0.138194932414511,0.13737113045189,0.137378744474321,0.13737859165522,0.137378503017899,0.137379135460968
1,0.620825501031851,0.139111052023966,0.138277646226822,0.138285305818434,0.13828515189117,0.13828506314266,0.138285699293133
1,0.62082605689622,0.14002717163342,0.139192678798456,0.139200384312091,0.139200229265942,0.139200140410023,0.139200780295746
1,0.620826612760589,0.140943291242875,0.140116328348545,0.140124080139797,0.14012392396392,0.14012383500448,0.140124478653501
1,0.620827168624958,0.141859410852329,0.141048696413331,0.14105649484055,0.141056337523983,0.141056248465019,0.141056895905589
1,0.620827724489327,0.142776983937508,0.141989885902841,0.141997731327144,0.1419975728588,0.141997483704422,0.141998134964997
1,0.620828280353696,0.143774640176192,0.142940001120435,0.142947893905705,0.142947734274375,0.142947645028807,0.142948300138044
1,0.620828836218066,0.144772296414877,0.14389914778259,0.143907088295485,0.143906927489836,0.14390683815742,0.143907497144178
1,0.620829392082435,0.145769952653562,0.144867433038943,0.144875421648898,0.144875259657471,0.144875170242667,0.144875833136009
1,0.620829947946804,0.146767608892446,0.145844965492772,0.145853002572003,0.145852839383211,0.145852749890604,0.145853416719794
1,0.620830503811173,0.14776526513113,0.146831855220749,0.146839941144254,0.146839776746381,0.146839687180681,0.146840357975186
1,0.620831059675542,0.148762921369815,0.147828213794897,0.147836348940459,0.147836183321659,0.147836093687703,0.147836768477191
1,0.620831615539911,0.1497605776085,0.148834154302846,0.148842339051031,0.148842172199327,0.148842082502084,0.148842761316424
1,0.62083217140428,0.150758233847184,0.14984979136931,0.149858026103468,0.14985785800675,0.149857768251324,0.149858451120585
1,0.620832727268649,0.151757450882749,0.150875241177626,0.150883526283886,0.150883356929912,0.150883267121542,0.150883954075993
1,0.620833283133018,0.152845847667295,0.151910621491529,0.151918957358802,0.151918786735191,0.151918696879259,0.151919387949366
1,0.620833838997387,0.153934244451841,0.152956051677192,0.152964438697161,0.152964266791397,0.152964176893426,0.152964872109856
1,0.620834394861757,0.155022641236386,0.154011652725498,0.154020091292617,0.154019918092046,0.154019828157706,0.154020527551322
1,0.620834950726126,0.156111038020932,0.15507754727457,0.155086037786056,0.155085863277884,0.155085773312996,0.155086476914854
1,0.620835506590495,0.157199434805478,0.156153859632543,0.156162402488367,0.15616222665966,0.156162136670196,0.156162844511551
1,0.620836062454864,0.158287831590024,0.157240715800574,0.157249311403454,0.157249134241135,0.157249044233227,0.157249756345523
1,0.620836618319233,0.15937622837457,0.158338243496104,0.158346892251494,0.158346713742343,0.158346623722279,0.158347340137154
1,0.620837174183602,0.160464625159116,0.159446572176351,0.159455274492427,0.15945509462308,0.159455004597314,0.159455725346596
1,0.620837730047971,0.161554698308724,0.160565833062044,0.160574589349694,0.160574408106639,0.160574318081792,0.160575043197497
1,0.62083828591234,0.162744231642453,0.16169615916139,0.161704969834199,0.161704787203778,0.161704697186641,0.161705426700971
1,0.620838841776709,0.163933764976182,0.162837685294278,0.162846550768507,0.162846366736912,0.162846276734453,0.162847010679793
1,0.620839397641078,0.165123298309911,0.163990548116697,0.163999468811269,0.163999283364543,0.163999193383906,0.163999931792826
1,0.620839953505447,0.16631283164364,0.165154886145393,0.165163862481871,0.165163675605904,0.165163585654417,0.165164328559666
1,0.620840509369816,0.167502364977369,0.166330839782736,0.1663398721853,0.166339683865831,0.166339593951008,0.166340341385512
1,0.620841065234186,0.168691898311098,0.167518551341802,0.167527640237227,0.16752745045984,0.167527360589387,0.167528112586244
1,0.620841621098555,0.169881431644827,0.168718165071667,0.168727310889296,0.168727119639421,0.168727029821236,0.16872778641372
1,0.620842176962924,0.171070964978556,0.169929827182904,0.169939030354621,0.16993883761753,0.169938747859713,0.169939509081264
1,0.620842732827293,0.1722622986864,0.171153685873273,0.171162946833473,0.171162752594279,0.171162662905133,0.171163428789356
1,0.620843288691662,0.173564709034912,0.172389891353609,0.172399210539161,0.172399014782821,0.172398925170856,0.17239969575152
1,0.620843844556031,0.174867119383685,0.173638595874133,0.173647973724351,0.17364777643566,0.1736476869096,0.173648462220629
1,0.6208444004204,0.176169529732197,0.174899953749696,0.174909390706299,0.174909191869889,0.174909102438674,0.17490988251415
1,0.620844956284769,0.17747194008071,0.176174121387679,0.176183617894751,0.176183417495095,0.176183328167887,0.176184113042039
1,0.620845512149138,0.178774350429223,0.177461257313566,0.177470813817514,0.177470611838919,0.177470522625106,0.177471312332312
1,0.620846068013508,0.180076760777735,0.178761522197898,0.178771139147406,0.178770935574014,0.178770846483218,0.178771641057995
1,0.620846623877877,0.181379171126248,0.18007507888312,0.180084756729103,0.18008455154489,0.180084462586969,0.18008526206397
1,0.620847179742246,0.18268158147476,0.181402092410553,0.181411831606103,0.18141162479488,0.181411535979932,0.181412340393944
1,0.620847735606615,0.18398592470169,0.182742730047478,0.182752531047812,0.182752322593219,0.18275223393159,0.182753043317525
1,0.620848291470984,0.185414465140575,0.184097161314312,0.184107024576715,0.184106814462225,0.184106725964513,0.184107540357403
1,0.620848847335353,0.18684300557946,0.185465558011884,0.185475483995646,0.185475272204561,0.185475183881623,0.185476003316614
1,0.620849403199722,0.188271546018344,0.186848094248765,0.186858083415118,0.186857869930569,0.186857781793525,0.186858606305872
1,0.620849959064091,0.189700086457229,0.18824494646866,0.188254999280712,0.188254784085659,0.188254696145896,0.188255525770957
1,0.62085051492846,0.191128626896114,0.189656293477839,0.189666410400501,0.189666193477731,0.189666105746913,0.189666940520139
1,0.620851070792829,0.192557167334998,0.191082316472582,0.191092497972494,0.19109227930462,0.19109219179469,0.191093031751621
1,0.620851626657198,0.193985707773883,0.192523199066627,0.192533445612078,0.19253322518154,0.192533137904728,0.192533983080983
1,0.620852182521567,0.195414248212768,0.193979127318597,0.193989439379441,0.193989217168502,0.19398913013733,0.193989980568604
1,0.620852738385937,0.196844862287869,0.195450289759381,0.195460667806951,0.1954604437977,0.19546035702499,0.195461212747038
1,0.620853294250306,0.198414475129703,0.196936877419458,0.196947321926474,0.196947096100824,0.196947009599702,0.196947870648337
1,0.620853850114675,0.199984087971538,0.198439083856124,0.198449595296595,0.198449367636283,0.198449281420186,0.198450147831267
1,0.620854405979044,0.201553700813372,0.199957105180608,0.199967684029735,0.199967454516319,0.199967368599003,0.199968240408425
1,0.620854961843413,0.203123313655207,0.201491140085049,0.20150178681911,0.201501555433973,0.201501469829517,0.201502347073206
1,0.620855517707782,0.204692926497041,0.203041389869289,0.203052104965539,0.203051871689885,0.2030517864127,0.203052669126596
1,0.620856073572151,0.206262539338876,0.204608058467486,0.204618842404032,0.204618607218887,0.204618522283722,0.204619410503773
1,0.62085662943652,0.20783215218071,0.206191352474473,0.206202205730155,0.206201968616367,0.206201884038318,0.206202777800466
1,0.620857185300889,0.209401765022545,0.207791481171865,0.207802404226128,0.207802165164369,0.207802080958881,0.207802980299052
1,0.620857741165258,0.210973599834051,0.209408656554181,0.209419649886942,0.209419408857704,0.209419325040584,0.209420229994676
1,0.620858297029628,0.212701093628054,0.211043093353006,0.211054157444515,0.211053914428112,0.211053831015532,0.211054741619403
1,0.620858852893997,0.214428587422057,0.21269500906401,0.212706144394701,0.212705899371271,0.212705816379778,0.21270673266923
1,0.620859408758366,0.21615608121606,0.214364623970317,0.214375831020659,0.214375583970162,0.214375501416685,0.214376423427452
1,0.620859964622735,0.217883575010062,0.216052161167017,0.216063440417353,0.216063191319573,0.21606310922143,0.216064036989165
1,0.620860520487104,0.219611068804065,0.217757846584848,0.21776919851523,0.217768947349775,0.217768865724682,0.217769799284939
1,0.620861076351473,0.221338562598068,0.219481909013316,0.219493334103331,0.219493080849633,0.219492999715711,0.219493939103933
1,0.620861632215842,0.223066056392071,0.221224580123204,0.221236078851795,0.221235823489112,0.221235742864895,0.221236688116394
1,0.620862188080211,0.224793550186074,0.222986094488416,0.222997667333692,0.222997409841108,0.222997329745553,0.222998280895497
1,0.62086274394458,0.226523420607359,0.224766689607098,0.224778337046137,0.224778077402566,0.224777997855057,0.224778954938451
1,0.620863299808949,0.228427637516616,0.226566605921981,0.226578328430627,0.22657806661481,0.226577987635171,0.226578950686839
1,0.620863855673318,0.230331854425872,0.228386086839875,0.228397884892526,0.228397620883033,0.228397542491536,0.228398511546102
1,0.620864411537688,0.232236071335129,0.23022537875026,0.230237252819643,0.230236986594881,0.230236908812251,0.230237883904118
1,0.620864967402057,0.234140288244385,0.232084731042895,0.232096681599839,0.232096413138045,0.232096335985474,0.232097317148807
1,0.620865523266426,0.236044505153641,0.233964396124382,0.233976423637576,0.233976152916825,0.233976076415974,0.233977063684677
1,0.620866079130795,0.237948722062898,0.235864629433598,0.23587673436934,0.235876461367545,0.235876385540561,0.235877378948254
1,0.620866634995164,0.239852938972154,0.23778568945593,0.23779787227787,0.237797596972784,0.237797521842303,0.237798521422302
1,0.620867190859533,0.241757155881411,0.239727837736217,0.239740098905084,0.239739821274304,0.239739746863463,0.239740752648755
1,0.620867746723902,0.243663908350193,0.241691338890318,0.241703678863643,0.241703398884612,0.241703325217058,0.241704337240276
1,0.620868302588271,0.245765861784355,0.24367646061522,0.243688879847042,0.243688597497052,0.24368852459695,0.243689542890349
1,0.62086885845264,0.247867815218517,0.24568347369758,0.245695972638142,0.245695687894339,0.245695615786383,0.245696640381812
1,0.620869414317009,0.249969768652679,0.247712652020606,0.247725231116044,0.247724943955427,0.24772487266485,0.247725903593726
1,0.620869970181378,0.25207172208684,0.249764272569174,0.249776932261188,0.24977664266062,0.2497765722132,0.249777609506481
1,0.620870526045748,0.254173675521002,0.251838615433077,0.25185135615859,0.251851064094796,0.251850994516872,0.251852038205024
1,0.620871081910117,0.256275628955164,0.25393596380827,0.253948785999083,0.253948491448656,0.253948422767132,0.253949472880104
1,0.620871637774486,0.258377582389326,0.256056603996027,0.256069508078448,0.256069211017855,0.256069143260213,0.2560701998274
1,0.620872193638855,0.260479535823908,0.258200825400278,0.258213811794745,0.258213512200332,0.25821344539464,0.258214508444856
1,0.620872749503224,0.262584184839172,0.260368920520446,0.260381989641135,0.260381687489131,0.260381621664056,0.260382691225495
1,0.620873305367593,0.264907132311754,0.262561184946064,0.262574337200484,0.262574032467007,0.262573967651823,0.262575043752028
1,0.620873861231962,0.267230079784337,0.264777917344483,0.264791153133052,0.264790845794116,0.264790782018713,0.264791864684539
1,0.620874417096331,0.269553027256919,0.267019419447911,0.267032739163519,0.26703242919504,0.267032366489936,0.267033455747513
1,0.6208749729607,0.271875974729501,0.269285996037092,0.26929940006465,0.269299087442452,0.269299025838804,0.269300121713497
1,0.620875528825069,0.274198922202083,0.271577954921872,0.271591443637845,0.271591128337668,0.271591067867279,0.271592170383651
1,0.620876084689439,0.276521869674665,0.273895606918496,0.273909180690413,0.273908862687921,0.273908803383253,0.273909912565022
1,0.620876640553808,0.278844817147247,0.276239265823449,0.276252925009403,0.276252604280193,0.276252546174375,0.276253662044371
1,0.620877196418177,0.281167764619829,0.278609248383664,0.278622993331796,0.278622669851403,0.278622612978243,0.278623735558364
1,0.620877752282546,0.283493564158392,0.281005874262912,0.281019705310866,0.281019379054775,0.28101932344877,0.28102045275994
1,0.620878308146915,0.286062971367977,0.283429466004159,0.283443383478532,0.283443054422187,0.283443000118532,0.283444136180649
1,0.620878864011284,0.288632378577563,0.285880348987704,0.285894353203467,0.28589402132228,0.285893968356877,0.285895111188769
1,0.620879419875653,0.291201785787148,0.288358851384862,0.288372942644767,0.288372607914131,0.288372556323602,0.288373705942975
1,0.620879975740022,0.293771192996733,0.290865304106988,0.290879482700951,0.290879145096249,0.290879094917944,0.290880251341329
1,0.620880531604391,0.296340600206319,0.293400040749591,0.293414306954061,0.293413966450676,0.293413917722683,0.293415080965385
1,0.62088108746876,0.298910007415904,0.29596339753131,0.295977751608608,0.295977408181939,0.295977360943092,0.295978531019137
1,0.620881643333129,0.301479414625489,0.298555713227491,0.298570155425134,0.298569809050609,0.2985697633405,0.298570940262573
1,0.620882199197499,0.304048821835075,0.301177329098111,0.301191859648113,0.301191510301198,0.301191466160186,0.301192649939576
1,0.620882755061868,0.306621227500822,0.303828588809771,0.303843207927919,0.303842855584137,0.303842813053353,0.303844003699895
1,0.620883310926237,0.309464547703397,0.30650983835148,0.306524546236589,0.306524190871532,0.306524149992894,0.306525347514901
1,0.620883866790606,0.312307867905971,0.309221425943936,0.30923622277708,0.309235864366425,0.309235825182642,0.309237029586848
1,0.620884422654975,0.315151188108546,0.311963701942007,0.311978587885722,0.31197822640525,0.311978188959832,0.31197940025132
1,0.620884978519344,0.317994508311121,0.314737018730081,0.314751993927552,0.314751629353162,0.314751593690428,0.314752811872567
1,0.620885534383713,0.320837828513696,0.317541730609982,0.317556795184197,0.317556427491925,0.317556393657009,0.317557618731383
1,0.620886090248082,0.323681148716839,0.32037819368167,0.320393347734548,0.320392976900586,0.320392944939448,0.320394176905782
1,0.620886646112451,0.326524468919414,0.323246765712959,0.323262009324458,0.323261635325174,0.323261605284603,0.323262844140693
1,0.62088720197682,0.329367789121989,0.326147806006425,0.326163139233618,0.326162762045574,0.326162733973197,0.326163979714832
1,0.62088775784119,0.332214235072567,0.329081675251778,0.329097098127903,0.329096717727881,0.329096691672165,0.329097944293049
1,0.620888313705559,0.335360398044233,0.332048735371807,0.33206424790529,0.33206386427031,0.332063840280574,0.332065099772246
1,0.620888869569928,0.338506561015898,0.335049349358113,0.335064951531561,0.335064564638907,0.33506454276532,0.335065809117072
1,0.620889425434297,0.341652723987564,0.338083881096768,0.338099572865933,0.338099182693176,0.338099162986768,0.33810043618556
1,0.620889981298666,0.344798886959229,0.341152695183489,0.341168476476208,0.341168083001233,0.341168065513891,0.341169345544266
1,0.620890537163035,0.347945049930895,0.344256156727885,0.344272027442983,0.344271630644012,0.344271615428489,0.344272902272484
1,0.620891093027404,0.351091212902561,0.347394631146319,0.347410591152484,0.347410191008108,0.347410178118024,0.347411471755074
1,0.620891648891773,0.354237375874226,0.350568483942922,0.350584533077554,0.35058412956676,0.350584119056601,0.350585419463449
1,0.620892204756142,0.357383538845892,0.353778080478288,0.353794218546312,0.353793811648511,0.353793803573632,0.353795110724235
1,0.620892760620511,0.36053292381868,0.357023785725345,0.357040012497995,0.357039602193056,0.357039596609679,0.357040910475106
1,0.62089331648488,0.364011390083168,0.360305964011904,0.360322279225475,0.360321865493755,0.360321862458969,0.360323183007301
1,0.62089387234925,0.367489856347656,0.363624978749362,0.363641382103929,0.363640964926309,0.363640964498065,0.363642291694296
1,0.620894428213619,0.370968322612144,0.36698119214703,0.366997683305137,0.366997262663056,0.366997264900167,0.36699859870609
1,0.620894984077988,0.374446788876632,0.37037496491153,0.370391543496848,0.370391119372337,0.370391124334471,0.370392464708579
1,0.620895539942357,0.37792525514112,0.373806655930719,0.373823321526666,0.373822893902391,0.373822901650066,0.373824248547435
1,0.620896095806726,0.381403721405608,0.377276621941545,0.377293374089881,0.377292942949177,0.377292953543752,0.377294306915934
1,0.620896651671095,0.384882187670097,0.380785217181269,0.38080205538065,0.380801620707566,0.380801634211234,0.380802994006139
1,0.620897207535464,0.388360653934585,0.384332793021442,0.384349716725952,0.384349278505288,0.384349294981067,0.384350661142845
1,0.620897763399833,0.391842392001582,0.387919697584038,0.387936706201678,0.387936264419036,0.387936283930753,0.387937656399676
1,0.620898319264202,0.39568156338697,0.391546275339118,0.391563368230271,0.391562922872093,0.391562945484374,0.391564324196713
1,0.620898875128571,0.399520734772359,0.395212866683391,0.395230043159249,0.395229594212869,0.395229619991124,0.395231004879025
1,0.62089943099294,0.403359906157747,0.398919807499042,0.398937066820007,0.398936614273697,0.398936643284099,0.398938034275458
1,0.62089998685731,0.407199077543903,0.402667428692915,0.402684770066964,0.402684313909985,0.402684346219457,0.402685743237789
1,0.620900542721679,0.411038248929291,0.406456055710906,0.406473478291926,0.406473018514583,0.40647305419077,0.40647445715508
1,0.620901098586048,0.414877420314679,0.410286008038127,0.410303510924225,0.410303047517915,0.410303086629167,0.410304495453816
1,0.620901654450417,0.418716591700068,0.414157598669221,0.414175180900998,0.414174713858269,0.414174756473611,0.414176171068184
1,0.620902210314786,0.422555763085456,0.418071133559347,0.418088794118146,0.418088323432757,0.418088369621864,0.418089789891029
1,0.620902766179155,0.42639819058348,0.422026911050695,0.422044648856823,0.422044174523797,0.422044224356962,0.422045650200335
1,0.620903322043524,0.430622920514275,0.42602522127458,0.4260430351855,0.426042557201192,0.426042610749291,0.426044042061297
1,0.620903877907893,0.43484765044507,0.430066345528457,0.430084234336958,0.430083752699115,0.430083810033575,0.430085246703303
1,0.620904433772262,0.439072380375865,0.434150555627163,0.434168518059506,0.434168032767332,0.434168093960089,0.434169535871151
1,0.620904989636631,0.44329711030666,0.438278113227733,0.438296147941774,0.438295658995996,0.438295724119455,0.438297171149843
1,0.620905545501001,0.447521840237455,0.442449269127109,0.442467374710399,0.442466882113338,0.442466951240328,0.442468403262266
1,0.62090610136537,0.45174657016825,0.446664262532099,0.446682437499968,0.44668194125561,0.446682014459333,0.446683471339134
1,0.620906657229739,0.455971300099045,0.450923320300938,0.450941563094563,0.450941063208632,0.450941140562614,0.450942602160531
1,0.620907213094108,0.46019603002984,0.455226656155833,0.45524496514029,0.455244461620322,0.455244543198357,0.455246009368437
1,0.620907768958477,0.46442391252792,0.459574469865872,0.459592843328175,0.459592336183597,0.459592422059688,0.459593892649622
1,0.620908324822846,0.469051794758215,0.463966946399721,0.463985382546857,0.463984871789064,0.463984962037357,0.463986436888336
1,0.620908880687215,0.47367967698851,0.468404255047545,0.468422752004495,0.468422237646934,0.468422332341654,0.468423811288221
1,0.620909436551584,0.478307559218805,0.472886548511624,0.47290510431939,0.47290458637764,0.47290468559302,0.47290616846292
1,0.620909992415953,0.4829354414491,0.477413961965169,0.477432574578793,0.477432053070653,0.477432156880857,0.477433643494894
1,0.620910548280322,0.487563323679395,0.481986612078883,0.482005279365475,0.482004754311051,0.482004862790091,0.482006352961984
1,0.620911104144691,0.49219120590969,0.486604596014845,0.48662331575162,0.486622787173412,0.486622900395067,0.486624393931304
1,0.620911660009061,0.496819088139985,0.491267990387373,0.491286760259694,0.49128622818269,0.491286346220415,0.491287842920113
1,0.62091221587343,0.50144697037028,0.495976850190533,0.495995667789979,0.495995132241747,0.495995255168576,0.495996754823344
1,0.620912771737799,0.506077789456923,0.500731207692065,0.500750070514515,0.500749531525298,0.500749659413747,0.500751161807545
1,0.620913327602168,0.511113885824849,0.505531071293537,0.505549976737282,0.505549434340095,0.505549567262052,0.505551072171063
1,0.620913883466537,0.516149982192775,0.510376424356615,0.510395369720506,0.510394823951233,0.510394961977853,0.51039646917035
1,0.620914439330906,0.521186078561707,0.515267223996415,0.515286206478044,0.51528565737554,0.515285800577121,0.515287309813343
1,0.620914995195275,0.526222174929632,0.520203399836103,0.520222416530031,0.520221864136223,0.52022201258209,0.520223523614123
1,0.620915551059644,0.531258271297558,0.525184852737588,0.525203900633625,0.525203344993615,0.525203498751987,0.525205011323644
1,0.620916106924013,0.536294367665484,0.530211453489021,0.530230529470561,0.530229970632733,0.530230129770589,0.530231643617306
1,0.620916662788382,0.541330464033409,0.535283041464103,0.53530214230653,0.535301580322649,0.535301744905588,0.535303259754317
1,0.620917218652752,0.546366560401335,0.540399423247855,0.540418545617012,0.54041798054234,0.540418150634433,0.540419666203547
1,0.620917774517121,0.551405242601497,0.545560371230435,0.545579511681183,0.545578943574581,0.545579119238215,0.545580635237421
1,0.62091833038149,0.556834980012173,0.550765622169767,0.550784777144631,0.550784206068669,0.550784387364389,0.550785903494645
1,0.620918886245859,0.56226471742285,0.556014875723893,0.5560340415518,0.556033467572866,0.556033654559207,0.556035170512656
1,0.620919442110228,0.567694454833526,0.5613077929541,0.561326965849235,0.561326389037647,0.561326581770956,0.561328097230862
1,0.620919997974597,0.573124192244203,0.566643994800079,0.56666317086085,0.566662591290964,0.566662789825221,0.56666430446592
1,0.620920553838966,0.57855392965488,0.572023060528509,0.572042235736643,0.572041653486962,0.572041857873594,0.572043371360454
1,0.620921109703335,0.583983667065556,0.577444526156685,0.577463696376456,0.577463111529743,0.577463321817424,0.577464833806823
1,0.620921665567704,0.589413404476233,0.582907882852981,0.582927043830594,0.58292645647398,0.582926672708429,0.58292818284774
1,0.620922221432073,0.594843141886909,0.588412575316175,0.588431722679303,0.588431132904394,0.588431355128167,0.588432863055758
1,0.620922777296442,0.600274962196074,0.593958000135859,0.593977129393354,0.593976537296344,0.593976765548614,0.593978270893869
1,0.620923333160811,0.606055142365708,0.599543504136426,0.599562610678211,0.59956201635998,0.599562250676315,0.599563753059665
1,0.620923889025181,0.611835322535343,0.605168382707313,0.605187461804471,0.605186865370697,0.605187105782827,0.605188604815798
1,0.62092444488955,0.617615502704977,0.61083187812251,0.610850924927576,0.610850326488834,0.610850573024414,0.610852068309696
1,0.620925000753919,0.623395682874611,0.616533177852527,0.616552187400005,0.616551587071868,0.616551839754231,0.616553330885768
1,0.620925556618288,0.629175863044245,0.622271412872357,0.622290380079469,0.622289777982605,0.622290036830509,0.622291523393604
1,0.620926112482657,0.634956043213879,0.628045655969211,0.628064575636888,0.628063971897156,0.628064236924528,0.62806571849597
1,0.620926668347026,0.640736223383513,0.633854920054112,0.633873786868251,0.633873181616788,0.633873452832459,0.633874928980676
1,0.620927224211395,0.646516403553147,0.639698156481745,0.639716965014733,0.639716358388044,0.639716635795472,0.639718106080705
1,0.620927780075764,0.652298010143466,0.64557425338324,0.645592998095771,0.645592390235809,0.645592673832809,0.645594137807307
1,0.620928335940133,0.658346403796032,0.651482034018111,0.651500709261301,0.651500100315544,0.651500390093999,0.651501847302247
1,0.620928891804503,0.664394797447389,0.657420255143574,0.657438855161388,0.65743824528291,0.657438541228488,0.657439991207453
1,0.620929447668872,0.670443191098747,0.66338760542463,0.663406124356637,0.663405513704174,0.663405815796032,0.663407258075444
1,0.620930003533241,0.676491584750105,0.669382703867301,0.669401135751778,0.669400524489784,0.669400832700273,0.669402266802926
1,0.62093055939761,0.682539978401463,0.67540409829904,0.675422437076419,0.67542182537512,0.675422139669481,0.675423565111574
1,0.620931115261979,0.688588372052821,0.681450263895882,0.681468503412574,0.68146789144801,0.681468211784073,0.681469628075569
1,0.620931671126348,0.694636765704179,0.68751960176452,0.687537735777113,0.687537123731171,0.687537450059047,0.687538856704075
1,0.620932226990717,0.700685159355537,0.6936104375866,0.693628459766452,0.693627847826894,0.693628180088667,0.693629576585948
1,0.620932782855086,0.706734193365644,0.699721020332873,0.699738924271107,0.699738312631585,0.699738650761003,0.699740036604312
1,0.620933338719455,0.712919041491333,0.705849521055144,0.705867300268062,0.705866689128122,0.705867033050285,0.705868407728947
1,0.620933894583824,0.719103889617021,0.71199403176426,0.712011679699172,0.712011069264252,0.712011418895303,0.712012781894721
1,0.620934450448193,0.72528873774271,0.718152564402652,0.718170074444153,0.718169464925561,0.718169820172379,0.7181711709746
1,0.620935006312562,0.731473585868399,0.724323049920247,0.72434041539692,0.724339807011808,0.724340167771702,0.724341505856016
1,0.620935562176932,0.737658433994087,0.730503337462765,0.730520551654347,0.730519944625667,0.730520310786073,0.730521635629648
1,0.620936118041301,0.743843282119776,0.736691193681691,0.736708249826687,0.736707644383135,0.736708015821319,0.736709326899871
1,0.62093667390567,0.750028130245465,0.742884302175379,0.742901193479133,0.742900589855077,0.742900966437844,0.742902263226347
1,0.620937229770039,0.756212978371153,0.749080263070908,0.749096982714147,0.749096381149543,0.74909676273295,0.749098044706378
1,0.620937785634408,0.76239761167523,0.755276592756479,0.755293133904307,0.755292534644595,0.755292921073679,0.755294187707784
1,0.620938341498777,0.768529644951523,0.761470723774182,0.761487079585552,0.761486482881542,0.761486873990047,0.761488124762179
1,0.620938897363146,0.774661678227815,0.767660004883077,0.767676168520711,0.767675574628445,0.767675970238573,0.767677204628524
1,0.620939453227515,0.780793711504108,0.77384170130247,0.773857665943246,0.773857075123848,0.773857475046011,0.773858692536905
1,0.620940009091884,0.786925744780401,0.780012995145287,0.780028753991071,0.780028166510576,0.780028570543169,0.780029770622378
1,0.620940564956253,0.793057778056694,0.786170986051296,0.786186532340218,0.786185948469384,0.786186356398572,0.786187538558671
1,0.620941120820622,0.799189811332987,0.792312692029814,0.792328019047973,0.792327439062073,0.792327850661596,0.792329014401342
1,0.620941676684992,0.80532184460928,0.798435050521279,0.798450151614868,0.798449575793465,0.798449990824459,0.798451135649807
1,0.620942232549361,0.811453877886798,0.804534919688027,0.804549788275857,0.804549216902555,0.804549635113396,0.804550760538542
1,0.62094278841373,0.817584874702096,0.810609079935731,0.810623709522136,0.810623142884315,0.810623564010486,0.810624669558936
1,0.620943344278099,0.82341579118183,0.816654235692096,0.8166686198802,0.816668058268729,0.816668482032709,0.816669567238369
1,0.620943900142468,0.829246707661563,0.822667017426274,0.822681149931593,0.822680593640523,0.822681019751704,0.822682084160001
1,0.620944456006837,0.835077624141297,0.828643983934545,0.828657858598893,0.828657307925129,0.828657736079759,0.828658779248772
1,0.620945011871206,0.84090854062103,0.834581624891517,0.834595235697198,0.834594690940151,0.834595120821304,0.834596142322922
1,0.620945567735575,0.846739457100764,0.840476363673941,0.840489704758175,0.840489166219393,0.840489597496975,0.840490596918059
1,0.620946123599944,0.852570373580497,0.846324560462137,0.846337626131701,0.84633709411448,0.846337526445263,0.846338503388828
1,0.620946679464313,0.858401290060231,0.852122515623176,0.852135300369203,0.85213477517818,0.852135208205873,0.852136162292268
1,0.620947235328683,0.864232206539964,0.857866473378904,0.857878971891818,0.85787845383254,0.857878887187894,0.857879818055994
1,0.620947791193052,0.870061436427364,0.863552625760901,0.86356483294542,0.863564322323899,0.863564755624847,0.86356566293324
1,0.620948347057421,0.875293562494934,0.869177116853224,0.869189027843405,0.869188524965648,0.869188957817491,0.869189841245659
1,0.62094890292179,0.880525688562505,0.874736047322634,0.874747657496885,0.874747162668414,0.874747594664038,0.874748453913533
1,0.620949458786159,0.885757814630075,0.880225479234625,0.880236784230655,0.880236297756002,0.880236728476141,0.880237563271746
1,0.620950014650528,0.890989940697646,0.885641441152254,0.885652436881882,0.885651959064076,0.885652388077615,0.885653198168486
1,0.620950570514897,0.896222066765216,0.890979933513285,0.890990616177067,0.8909901473171,0.890990574181422,0.890991359342204
1,0.620951126379266,0.901454192832787,0.896236934279677,0.896247300381285,0.896246840777565,0.896247265038942,0.896248025070864
1,0.620951682243635,0.906686318900357,0.901408404851897,0.90141845121218,0.901418001159974,0.901418422354,0.901419157085928
1,0.620952238108004,0.911918444967928,0.906490296238914,0.906500020009589,0.906499579800452,0.906499997452525,0.906500706741986
1,0.620952793972373,0.917148552332256,0.911478555473134,0.911487954150036,0.911487524071234,0.911487937697078,0.911488621431228
1,0.620953349836743,0.921459432244284,0.916369132257848,0.916378203693675,0.916377784027597,0.916378193133832,0.916378851230387
1,0.620953905701112,0.925770312156312,0.921157985833119,0.921166728249607,0.92116631927317,0.921166723357926,0.921167355766032
1,0.620954461565481,0.930081192068341,0.925841092044349,0.925849504043809,0.925849106027864,0.925849504581437,0.925850111282479
1,0.62095501742985,0.934392071980369,0.93041445059612,0.930422531172268,0.930422144380999,0.930422536886556,0.930423117894907
1,0.620955573294219,0.938702951892397,0.934874092472253,0.934881841020281,0.934881465710604,0.934881851644926,0.934882407008622
1,0.620956129158588,0.943013831804425,0.939216087501466,0.93922350382727,0.939223140248237,0.939223519082503,0.939224048883846
1,0.620956685022957,0.947324711717314,0.943436552047249,0.943443636375775,0.943443284767979,0.943443655968597,0.943444160324672
1,0.620957240887326,0.951635591629343,0.947531656793332,0.947538409775956,0.947538070370946,0.947538433400414,0.947538912463532
1,0.620957796751695,0.955945240831376,0.951497634612247,0.951504057333157,0.951503730352857,0.951504084670664,0.951504538628707
1,0.620958352616064,0.959470168383994,0.955330788473816,0.955336882455317,0.955336568111461,0.955336913175026,0.955337342251706
1,0.620958908480434,0.962995095936611,0.959027499378732,0.959033266585447,0.959032965079024,0.95903330034466,0.959033704799676
1,0.620959464344803,0.966520023489228,0.962584234283569,0.962589677125467,0.962589388646186,0.9625897135701,0.962590093699199
1,0.620960020209172,0.969444076053717,0.965997553988581,0.966002675322809,0.966002400048577,0.96600271408789,0.966003070222829
1,0.620960576073541,0.972291716704406,0.969264120958053,0.969268924089521,0.969268662185948,0.969268964799746,0.96926929730814
1,0.62096113193791,0.975139357355095,0.972380707042357,0.972385195723057,0.972384947342978,0.972385237993373,0.972385547278447
1,0.620961687802279,0.977986998005784,0.975344201070468,0.975348379497486,0.975348144780516,0.975348422933733,0.975348709433958
1,0.620962243666648,0.980834638656473,0.978151616281451,0.978155489093667,0.978155268165774,0.978155533293245,0.978155797481868
1,0.620962799531017,0.983681114219235,0.980800097563398,0.980803669836848,0.980803462809966,0.980803714389434,0.980803956773899
1,0.620963355395386,0.98528994918256,0.983286928468466,0.983290205710368,0.983290012682035,0.983290250198661,0.98329047131992
1,0.620963911259755,0.986898784145885,0.98560953797304,0.985612526114481,0.985612347167513,0.985612570114988,0.985612770546703
1,0.620964467124124,0.98850761910921,0.987765506952635,0.98776821233992,0.987768047542123,0.987768255423769,0.98776843577141
1,0.620965022988494,0.990116454072535,0.989752574341929,0.989755003726616,0.989754853130531,0.989755045460401,0.989755206360233
1,0.620965578852863,0.991725289035861,0.991568642951355,0.99157080347899,0.991570667121682,0.991570843425641,0.991570985543615
1,0.620966134717232,0.993334123999186,0.993211784912868,0.993213684110454,0.993213562013335,0.99321372183013,0.993213845860668
1,0.620966690581601,0.994942958962511,0.994680246728945,0.994681892491169,0.99468178465987,0.994681927542171,0.994682034206862
1,0.62096724644597,0.996551793925836,0.99597245390046,0.995973854474739,0.995973760899015,0.995973886414439,0.995973976460638
1,0.620967802310339,0.998160250766426,0.997087015110904,0.997088179081281,0.997088099734969,0.997088207467065,0.997088281666408
1,0.620968358174708,0.998569084096517,0.998022725946376,0.998023662216333,0.998023597057347,0.99802368660655,0.998023745753386
1,0.620968914039077,0.998977917426607,0.998778572132901,0.998779289907149,0.998779238877518,0.998779309862069,0.998779354771816
1,0.620969469903446,0.999386750756698,0.999353732274933,0.999354241040239,0.999354204066198,0.999354256123012,0.999354287630448
1,0.620970025767815,0.999795584086789,0.999747580081277,0.999747889586419,0.99974786657853,0.999747899364028,0.999747918321511
1,0.620970581632185,0.999795595172354,0.99995968606724,0.999959806302147,0.999959797155477,0.999959810346357,0.999959817621997
1,0.620971137496554,0.999386787948757,0.999989818724199,0.999989759898378,0.999989764492709,0.999989757786676,0.999989754262456
1,0.620971693360923,0.99897798072516,0.999837945151201,0.999837717671525,0.999837735871616,0.999837708988044,0.999837695557897
1,0.620972249225292,0.998569173501563,0.999504231144526,0.999503845592481,0.999503877248362,0.999503829928907,0.999503807496762
1,0.620972805089661,0.998160366277966,0.998989040745489,0.998988507853971,0.998988552801281,0.998988484810426,0.998988454288233
1,0.62097336095403,0.996552379149639,0.998292935248456,0.99829226587821,0.998292323938575,0.998292235064114,0.998292197369846
1,0.620973916818399,0.994944019813752,0.997416671674171,0.997415876789974,0.997415947771419,0.997415837824875,0.997415793880524
1,0.620974472682768,0.993335660477866,0.996361200716132,0.996360291362819,0.996360375060216,0.996360243877192,0.996360194606764
1,0.620975028547137,0.991727301141979,0.995127664170401,0.995126651448821,0.995126747644371,0.995126595084834,0.995126541412352
1,0.620975584411506,0.990118941806093,0.993717391861758,0.993716286904772,0.993716395368515,0.993716221317008,0.993716164164532
1,0.620976140275875,0.988510582470206,0.99213189808158,0.992130712030192,0.992130832520547,0.992130636886338,0.992130577172004
1,0.620976696140245,0.98690222313432,0.990372877555151,0.990371621534854,0.99037175379919,0.990371536516344,0.990371475152439
1,0.620977252004614,0.985293863798433,0.988442200958263,0.988440886055719,0.988441029830939,0.988440790858327,0.9884407287494
1,0.620977807868983,0.983685504462547,0.986341910005038,0.986340547245152,0.986340702258309,0.986340441579546,0.986340379620565
1,0.620978363733352,0.980606587651821,0.984074212130721,0.984072812454218,0.984072978423144,0.984072696046459,0.98407263512102
1,0.620978919597721,0.977526293581488,0.981641474794899,0.981640049036471,0.981640225670424,0.981639921628466,0.981639862607062
1,0.62097947546209,0.974445999511155,0.979046219432065,0.979044778299173,0.979044965299494,0.979044639649071,0.979044583387428
1,0.620980031326459,0.971365705440822,0.976291115077732,0.976289669130132,0.976289866190915,0.976289519012675,0.976289466350149
1,0.620980587190828,0.968285411370489,0.973378971699383,0.973377531329445,0.973377738138217,0.973377369536262,0.973377321294324
1,0.620981143055197,0.965205117300156,0.970312733262415,0.970311308676295,0.970311524914695,0.970311135016143,0.970311091996934
1,0.620981698919566,0.962124823229823,0.967095470561872,0.967094071761595,0.967094297106061,0.967093886060548,0.967093849045522
1,0.620982254783935,0.95904452915949,0.963730373851219,0.963729010617722,0.963729244740172,0.963728812719308,0.963728782467961
1,0.620982810648305,0.955964235089157,0.960220745299657,0.960219427176827,0.960219669745346,0.960219216942112,0.960219194190805
1,0.620983366512674,0.951658647825896,0.956569991309467,0.956568727589232,0.956568978268744,0.956568504896857,0.956568490357723
1,0.620983922377043,0.947351144802776,0.952781614724773,0.952780414433256,0.952780672886195,0.952780179179414,0.95278017353937
1,0.620984478241412,0.943043641778796,0.948859206961892,0.948858078846661,0.948858344733626,0.948857830945035,0.948857834864881
1,0.620985034105781,0.938736138755677,0.944806440096501,0.944805392614932,0.94480566559534,0.944805131996582,0.944805146110205
1,0.62098558997015,0.934428635732557,0.940627058925549,0.94062610023432,0.940626379967033,0.940625826847521,0.940625851761188
1,0.620986145834519,0.930121132709437,0.93632487304848,0.936324010994192,0.936324297138138,0.936323724804238,0.936323761095989
1,0.620986701698888,0.925813629686317,0.931903748983966,0.931902991094898,0.931903283309668,0.931902692083849,0.931902740302989
1,0.620987257563257,0.921506126663198,0.927367602353521,0.927366955832514,0.927367253778944,0.927366643998918,0.927366704665599
1,0.620987813427626,0.917198623640078,0.922720390156738,0.92271986187519,0.922720165215919,0.922719537233758,0.922719610838659
1,0.620988369291996,0.911973617653956,0.917966103162248,0.917965699655214,0.917966008055223,0.917965362236465,0.917965449240558
1,0.620988925156365,0.906746601187124,0.913108758437093,0.913108485899464,0.913108799026589,0.913108135749334,0.913108236583745
1,0.620989481020734,0.901519584720292,0.908152392035665,0.908152256319402,0.908152573844828,0.908151893498826,0.908152008564779
1,0.620990036885103,0.896292568253461,0.90310105186779,0.903101058480184,0.903101380078905,0.903100683064644,0.90310081273349
1,0.620990592749472,0.891065551786629,0.89795879076391,0.897958944866834,0.8979592702181,0.897958556945891,0.897958701559217
1,0.620991148613841,0.885838535319797,0.89272965975367,0.892729966163793,0.892730294951519,0.892729565840592,0.892729725710405
1,0.62099170447821,0.880611518852965,0.887417701572552,0.887418164762464,0.887418496675623,0.887417752153217,0.887417927562204
1,0.620992260342579,0.875384502386134,0.882026944409501,0.882027568509727,0.882027903242707,0.882027143743182,0.882027334945037
1,0.620992816206948,0.870157485919302,0.876561395906884,0.876562184708717,0.876562521961659,0.876561747925612,0.87656195514543
1,0.620993372071317,0.864334810089044,0.8710250374224,0.871025994381537,0.871026333860641,0.87102554573404,0.871025769168771
1,0.620993927935686,0.858510454629651,0.86542181856104,0.865422946801947,0.865423288219754,0.865422486453086,0.865422726272046
1,0.620994483800056,0.852686099170258,0.859755651983536,0.859756954304518,0.859757297380162,0.859756482427605,0.859756738773039
1,0.620995039664425,0.846861743710865,0.854030408496302,0.854031887375206,0.85403223183465,0.854031404153256,0.854031677140952
1,0.620995595528794,0.841037388251472,0.848249912426332,0.848251570026855,0.848251915603087,0.848251075652003,0.848251365371945
1,0.620996151393163,0.835213032792079,0.842417937283174,0.842419775461713,0.84242012189493,0.842419270134626,0.842419576651693
1,0.620996707257532,0.829388677332686,0.836538201708736,0.836540222021737,0.836540569059495,0.836539705951028,0.836540029305723
1,0.620997263121901,0.823564321873293,0.830614365714426,0.83061656942618,0.830616916823527,0.83061604282783,0.830616383037046
1,0.62099781898627,0.8177399664139,0.824650027203965,0.824652415294809,0.824652762814389,0.824651878391588,0.824652235449391
1,0.620998374850639,0.811616489933516,0.818648718779082,0.818651291953946,0.818651639366088,0.818650744974843,0.818651118853293
1,0.620998930715008,0.80549198175398,0.812613904823093,0.812616663520363,0.812617010603142,0.812616106700024,0.812616497350003
1,0.620999486579377,0.799367473575668,0.806548978864881,0.806551923265519,0.806552269804799,0.806551356843691,0.806551764195755
1,0.621000042443747,0.793242965397355,0.80045726119958,0.800460391236465,0.800460737025926,0.800459815457459,0.800460239422695
1,0.621000598308116,0.787118457219043,0.794341996783736,0.794345312151188,0.794345656992327,0.794344727263342,0.794345167734238
1,0.621001154172485,0.78099394904073,0.788206353379827,0.78820985354326,0.788210197245382,0.788209259798427,0.78820971664975
1,0.621001710036854,0.774869440862418,0.782053419949712,0.782057104155397,0.782057446535582,0.782056501808437,0.782056974898107
1,0.621002265901223,0.768744932684105,0.775886205287641,0.775890072572523,0.775890413455586,0.775889461880815,0.775889951050784
1,0.621002821765592,0.762620424505793,0.76970763688419,0.769711686085741,0.769712025304167,0.769711067308711,0.769711572385834
1,0.621003377629961,0.756443734016464,0.763520560012118,0.763524789778186,0.763525127172062,0.763524163176847,0.763524683973755
1,0.62100393349433,0.750266830664713,0.75732773702485,0.757332145823469,0.757332481240397,0.757331511659983,0.757332047975936
1,0.621004489358699,0.744089927312963,0.751131846858005,0.751136432987154,0.751136766282151,0.751135791524405,0.751136343146148
1,0.621005045223068,0.737913023961213,0.744935484724276,0.74494024632154,0.744940577356931,0.74493959782273,0.744940164525324
1,0.621005601087437,0.731736120609463,0.738741161991785,0.738746097043906,0.738746425689207,0.738745441772166,0.738746023319817
1,0.621006156951806,0.725559217257713,0.732551306236024,0.732556412588324,0.732556738720114,0.732555750806343,0.732556346953204
1,0.621006712816176,0.719382313905963,0.726368261455466,0.726373536821106,0.726373860322891,0.726372868790777,0.72637347928174
1,0.621007268680545,0.713205410554213,0.720194288440942,0.720199730410016,0.720200051172087,0.720199056392103,0.72019968096357
1,0.621007824544914,0.707028507202463,0.714031565289019,0.714037171337451,0.714037489256738,0.714036491591271,0.714037129971904
1,0.621008380409283,0.700987344970026,0.707882188049666,0.707887955547911,0.707888270527824,0.707887270331033,0.707887922242488
1,0.621008936273652,0.694946822092661,0.70174817149871,0.701754097720229,0.7017544096705,0.701753407288195,0.701754072445827
1,0.621009492138021,0.688906299215295,0.695631450025727,0.695637532155239,0.695637840991763,0.6956368367613,0.69563751487485
1,0.62101004800239,0.682865776337929,0.689533878628265,0.68954011376976,0.689540419414422,0.689539413664626,0.689540104438884
1,0.621010603866759,0.676825253460564,0.683457234003502,0.683463619188007,0.683463921568517,0.683462914619621,0.683463617755066
1,0.621011159731128,0.670784730583198,0.677403215728747,0.67740974792184,0.677410046971558,0.677409039135157,0.677409754328574
1,0.621011715595497,0.664744207705832,0.671373447522418,0.671380123631479,0.671380419289244,0.671379410868278,0.671380137813345
1,0.621012271459866,0.658703684828467,0.665369478577482,0.665376295458688,0.665376587668644,0.665375578957382,0.665376317345242
1,0.621012827324236,0.652663161949894,0.65939278495841,0.659399739423464,0.659400028134882,0.659399019418936,0.659399768938739
1,0.621013383188605,0.646888973252518,0.653444771061407,0.653451859883992,0.6534521450511,0.653451136607443,0.653451896946861
1,0.621013939052974,0.6411162072588,0.647526771112899,0.647533991034875,0.647534272616678,0.647533264713685,0.64753403555941
1,0.621014494917343,0.635343441265081,0.641640050723415,0.641647398460741,0.641647676420853,0.641646669318347,0.641647450356558
1,0.621015050781712,0.629570675271362,0.635785808472495,0.635793280720888,0.635793555027356,0.635792548976671,0.635793339893484
1,0.621015606646081,0.623797909277644,0.629965177525702,0.629972770966032,0.629973041591166,0.629972036835221,0.629972837317107
1,0.62101616251045,0.618025143283925,0.624179227276765,0.624186938580187,0.624187205500391,0.624186202273769,0.62418701200796
1,0.621016718374819,0.612252377290207,0.618428965009412,0.618436790842241,0.618437054037847,0.618436052566892,0.618436871241753
1,0.621017274239188,0.606479611296488,0.612715337573777,0.612723274602107,0.612723534057211,0.612722534560126,0.612723361865512
1,0.621017830103557,0.60070684530277,0.607039233072574,0.607047277966649,0.607047533668948,0.607046536355906,0.607047371983495
1,0.621018385967927,0.595281734392967,0.601401482552545,0.601409631990887,0.60140988393152,0.601408889004781,0.601409732648388
1,0.621018941832296,0.589858700474333,0.595802861697018,0.595811112370311,0.595811360543706,0.595810368197737,0.595811219553604
1,0.621019497696665,0.584435666555699,0.590244092515655,0.590252441130402,0.59025268553412,0.590251695955728,0.590252554722794
1,0.621020053561034,0.579012632637064,0.584725845027823,0.584734288309768,0.584734528944356,0.584733542312821,0.584734408192977
1,0.621020609425403,0.57358959871843,0.579248738936236,0.579257273633574,0.57925751050242,0.57925652698963,0.579257399687954
1,0.621021165289772,0.568166564799795,0.573813345287838,0.573821968174206,0.573822201283394,0.573821221053991,0.57382210027896
1,0.621021721154141,0.562743530881161,0.568420188119116,0.568428895996369,0.568429125354546,0.568428148566073,0.568429034029762
1,0.62102227701851,0.557320496962527,0.56306974608329,0.563078535784095,0.563078761402329,0.563077788205377,0.563078679623642
1,0.621022832882879,0.551897463043892,0.557762454057088,0.557771322447305,0.557771544338961,0.557770574877323,0.557771471969964
1,0.621023388747248,0.546864640779025,0.552498704724995,0.552507648705884,0.552507866886494,0.552506901297316,0.552507803788228
1,0.621023944611617,0.54183439686539,0.547278850139121,0.547287866649361,0.547288081136501,0.547287119550438,0.547288027167747
1,0.621024500475987,0.536804152951756,0.542103203253002,0.542112289270546,0.542112500083716,0.542111542625089,0.542112455101271
1,0.621025056340356,0.531773909038121,0.536972039427883,0.536981191971639,0.53698139913215,0.536980445919104,0.536981362991092
1,0.621025612204725,0.526743665124486,0.531885597910163,0.531894814041524,0.531895017572386,0.531894068717042,0.531894990126323
1,0.621026168069094,0.521713421210852,0.526844083278904,0.526853360103119,0.526853560028931,0.526852615637552,0.526853541130245
1,0.621026723933463,0.516683177296213,0.521847666861432,0.521857001528841,0.521857197875688,0.521856258048829,0.521857187375759
1,0.621027279797832,0.511652933382578,0.516896488122207,0.516905877829329,0.516906070624684,0.516905135457354,0.516906068374108
1,0.621027835662201,0.506622689468943,0.511990656009344,0.51200009799984,0.512000287272465,0.511999356854278,0.512000293121258
1,0.62102839152657,0.501996831859411,0.507130250278204,0.507139741843715,0.50713992762357,0.507139002038902,0.507139941421362
1,0.621028947390939,0.497373902675088,0.50231532277667,0.502324861257531,0.502325043575685,0.502324122903829,0.502325065171902
1,0.621029503255308,0.492750973490764,0.4975458986978,0.497555481483648,0.49755566037219,0.497554744687507,0.497555689616231
1,0.621030059119678,0.488128044306441,0.492821977798677,0.492831602328951,0.492831777820913,0.49283086719298,0.492831814562306
1,0.621030614984047,0.483505115122117,0.488143535585366,0.488153199349705,0.488153371478977,0.488152465972741,0.48815341556754
1,0.621031170848416,0.478882185937794,0.483510524463969,0.483520225002512,0.483520393803775,0.483519493479694,0.483520445089754
1,0.621031726712785,0.474259256753471,0.478922874857861,0.478932609761471,0.478932775270117,0.478931880184306,0.478932833604323
1,0.621032282577154,0.469636327569147,0.474380496291281,0.474390263201667,0.474390425453734,0.47438953565811,0.474390490687672
1,0.621032838441523,0.465013398384824,0.469883278439474,0.46989307504925,0.469893234081356,0.469892349623774,0.469893306067339
1,0.621033394305892,0.460789595421923,0.46543109214571,0.46544091619837,0.465441072047649,0.465440192972041,0.46544115063891
1,0.621033950170261,0.456568936190384,0.461023790405489,0.46103363969532,0.461033792399361,0.461032918745873,0.461033877450157
1,0.62103450603463,0.452348276958846,0.456661209318365,0.456671081690288,0.456671231287081,0.456670363092201,0.456671322652787
1,0.621035061898999,0.448127617727307,0.452343169007797,0.452353062357158,0.452353208885038,0.452352346181728,0.452353306422234
1,0.621035617763368,0.443906958495768,0.448069474509542,0.448079386781839,0.448079530279433,0.448078673097255,0.448079633845988
1,0.621036173627738,0.439686299264229,0.443839916629084,0.443849845819645,0.443849986325825,0.443849134691068,0.44385009578097
1,0.621036729492107,0.435465640032691,0.439654272768663,0.439664216922278,0.439664354476114,0.43966350841191,0.439664469680511
1,0.621037285356476,0.431244980801152,0.435512307724477,0.435522264934984,0.4355223995757,0.435521559102145,0.435522520391507
1,0.621037841220845,0.427024321569613,0.431413774454661,0.431423742864492,0.431423874631423,0.431423039765695,0.431424000922349
1,0.621038397085214,0.423185149240061,0.427358414818656,0.427368392618348,0.4273685215509,0.427367692307369,0.427368653182259
1,0.621038952949583,0.419349224209652,0.423345960288617,0.423355945716285,0.423356071853899,0.423355248244237,0.423356208692658
1,0.621039508813952,0.415513299179244,0.419376132633499,0.419386123974282,0.419386247356399,0.419385429389689,0.419386389271217
1,0.621040064678321,0.411677374148835,0.415448644576493,0.415458640161967,0.415458760827994,0.415457948510832,0.415458907689262
1,0.62104062054269,0.407841449118426,0.411563200426465,0.411573198634039,0.411573316623317,0.411572509959915,0.411573468303192
1,0.621041176407059,0.404005524087251,0.407719496683327,0.407729495935609,0.407729611287384,0.407728810279668,0.407729767659817
1,0.621041732271429,0.400169599056843,0.403917222622597,0.403927221386742,0.403927334140139,0.403926538787847,0.403927495080902
1,0.621042288135798,0.396333674026434,0.400156060848332,0.400166057635375,0.400166167829368,0.40016537813014,0.400166333216073
1,0.621042844000167,0.392497748996025,0.396435687830465,0.396445681194634,0.396445788868026,0.396445004817496,0.396445958580147
1,0.621043399864536,0.3890185205151,0.392755774415692,0.392765762953713,0.392765868145108,0.392765089736994,0.392766042063994
1,0.621043955728905,0.385542555344222,0.389115986317199,0.38912596866758,0.38912607141537,0.389125298641555,0.389126249424257
1,0.621044511593274,0.382066590173344,0.385515984583118,0.385525959425436,0.385526059767771,0.38552529261839,0.385526241751792
1,0.621045067457643,0.378590625002467,0.381955426044382,0.381965392098552,0.381965490073329,0.381964728536845,0.381965675919519
1,0.621045623322012,0.375114659831589,0.378433963742627,0.378443919768167,0.378444015413011,0.378443259476295,0.378444205010313
1,0.621046179186381,0.371638694660711,0.374951247338779,0.374961192134075,0.37496128548632,0.374960535134728,0.374961478725584
1,0.62104673505075,0.368162729489833,0.371506923502971,0.37151685590453,0.37151694700121,0.37151620221865,0.371517143775194
1,0.621047290915119,0.364686764318956,0.368100636286403,0.368110555168112,0.368110644045942,0.36810990481495,0.368110844249308
1,0.621047846779489,0.361210799148078,0.364732027475764,0.364741931748142,0.364742018443508,0.364741284745315,0.364742221972819
1,0.621048402643858,0.35806326653449,0.361400736930814,0.361410625540269,0.361410710089218,0.361409981903812,0.361410916842928
1,0.621048958508227,0.354918947958466,0.358106402905724,0.358116274833807,0.358116357272034,0.358115634578227,0.358116567150483
1,0.621049514372596,0.351774629382441,0.35484866235473,0.354858516617396,0.354858596980236,0.354857879755724,0.354858809885636
1,0.621050070236965,0.348630310806416,0.351627151222694,0.351636986869561,0.351637065191979,0.351636353413405,0.351637281028409
1,0.621050626101334,0.345485992230392,0.348441504721098,0.348451320834714,0.348451397151299,0.348450690794304,0.348451615824685
1,0.621051181965703,0.342341673654367,0.345291357590019,0.345301153285132,0.34530122763009,0.345300526669372,0.345301449048196
1,0.621051737830072,0.339197355078342,0.342176344346617,0.34218611876945,0.342186191176597,0.342185495585962,0.342186415249006
1,0.621052293694441,0.336053036502317,0.339096099520625,0.33910585184816,0.339105922350915,0.339105232103333,0.339106148989017
1,0.62105284955881,0.332908717926293,0.336050257877364,0.33605998731663,0.336060055948014,0.336059371015664,0.336060285064985
1,0.621053405423179,0.330063557158794,0.33303845462875,0.333048160416117,0.333048227208746,0.333047547563064,0.333048458719533
1,0.621053961287549,0.327221514837222,0.330060325632764,0.33007000703325,0.330070072019335,0.330069397631061,0.330070305840632
1,0.621054517151918,0.32437947251565,0.32711550758185,0.327125163888434,0.327125227099771,0.327124557938994,0.327125463150006
1,0.621055073016287,0.32153743019351,0.324203638180099,0.324213268713037,0.324213330181013,0.324212666217211,0.324213568380324
1,0.621055628880656,0.318695387871938,0.321324356313125,0.321333960419284,0.32133402017487,0.321333361376954,0.321334260445084
1,0.621056184745025,0.315853345550366,0.318477302202343,0.31848687925454,0.318486937328292,0.318486283664641,0.318487179592902
1,0.621056740609394,0.313011303228794,0.315662117555692,0.31567166695204,0.315671723374096,0.315671074812601,0.315671967558245
1,0.621057296473763,0.310169260907222,0.312878445706436,0.312887966869705,0.312888021669787,0.312887378177881,0.31288826770024
1,0.621057852338132,0.30732721858565,0.31012593174394,0.310135424120927,0.310135477328338,0.310134838873035,0.310135725133461
1,0.621058408202501,0.304755615773094,0.307404222636199,0.307413685697101,0.307413737340729,0.307413103888656,0.307413986850467
1,0.62105896406687,0.302187004828526,0.304712967344458,0.304722400582267,0.304722450690584,0.304721822208012,0.304722701836436
1,0.62105951993124,0.299618393883958,0.30205181693029,0.302061219860191,0.302061268461252,0.302060644914129,0.30206152117625
1,0.621060075795609,0.29704978293939,0.299420424655436,0.299429796814218,0.299429843935665,0.299429225289646,0.299430098154348
1,0.621060631659978,0.294481171994821,0.296818446074747,0.296827787020223,0.296827832689287,0.296827218909759,0.296828088347678
1,0.621061187524347,0.291912561050253,0.294245539122517,0.294254848432956,0.294254892676455,0.294254283728568,0.29425514971204
1,0.621061743388716,0.289343950105685,0.291701364192513,0.291710641466083,0.291710684310429,0.29171008015912,0.291710942662128
1,0.621062299253085,0.286775339161117,0.289185584211985,0.289194829066207,0.289194870537406,0.289194271147423,0.289195130145552
1,0.621062855117454,0.284206728216549,0.286697864709934,0.286707076781145,0.286707116904798,0.286706522240727,0.286707377711115
1,0.621063410981823,0.281881325750214,0.28423787387989,0.284247052822718,0.284247091624029,0.284246501650313,0.284247353571604
1,0.621063966846192,0.279558769478117,0.281805282637476,0.281814428124328,0.281814465628101,0.281813880309065,0.281814728661362
1,0.621064522710561,0.277236213206021,0.279399764672983,0.279408876393537,0.279408912624184,0.279408331924054,0.279409176688877
1,0.62106507857493,0.274913656933925,0.2770209964992,0.277030074159918,0.277030109141457,0.277029533024383,0.277030374184623
1,0.6210656344393,0.272591100661828,0.274668657494733,0.274677700818374,0.274677734574439,0.274677163004508,0.274678000544387
1,0.621066190303669,0.270268544389732,0.272342429943017,0.272351438668166,0.272351471222006,0.272350904163265,0.272351738068293
1,0.621066746168038,0.267945988117636,0.27004199906724,0.270050972947848,0.270051004322332,0.270050441738806,0.27005127199574
1,0.621067302032407,0.265623431845539,0.267767053061381,0.267775991866312,0.267776022083932,0.267775463939638,0.267776290536442
1,0.621067857896776,0.263300875573443,0.265517283117544,0.265526186630136,0.265526215713013,0.265525661971976,0.265526484897785
1,0.621068413761145,0.261196287394605,0.263292383449792,0.263301251467424,0.263301279437311,0.26330073006358,0.263301549308659
1,0.621068969625514,0.259094389641907,0.261092051314203,0.261100883647876,0.261100910526161,0.261100365483822,0.261101181039533
1,0.621069525489883,0.256992491889629,0.258915987027961,0.258924783501886,0.258924809309597,0.258924268562788,0.258925080421551
1,0.621070081354252,0.254890594137351,0.256763893981054,0.256772654432251,0.256772679190061,0.256772142702985,0.256772950858244
1,0.621070637218621,0.252788696385072,0.254635478649539,0.254644202927442,0.254644226655673,0.25464369439261,0.2546444988388
1,0.621071193082991,0.250686798632794,0.252530450603899,0.252539138569979,0.252539161288605,0.252538633213922,0.252539433946436
1,0.62107174894736,0.248584900880516,0.250448522515313,0.250457174042701,0.250457195771354,0.250456671849518,0.250457468864673
1,0.621072304811729,0.246483003128237,0.248389410159504,0.248398025132628,0.248398045890601,0.24839752608619,0.248398319381196
1,0.621072860676098,0.244381105375959,0.24635283241832,0.24636141073255,0.246361430538804,0.246360914816514,0.246361704389446
1,0.621073416540467,0.242474136606204,0.244338511279163,0.244347052840465,0.244347071713629,0.244346560038288,0.244347345888052
1,0.621073972404836,0.240569698900323,0.242346171832391,0.242354676556989,0.24235469451537,0.242354186851941,0.24235496897825
1,0.621074528269205,0.238665261194442,0.24037554226681,0.240384010080857,0.24038402714244,0.240383523456035,0.240384301859375
1,0.621075084133574,0.236760823488561,0.238426353863361,0.23843478470262,0.238434800885073,0.238434301140959,0.238435075822568
1,0.621075639997943,0.23485638578268,0.236498340987121,0.236506734796648,0.236506750117331,0.236506254280935,0.23650702524277
1,0.621076195862312,0.2329519480768,0.234591241077698,0.234599597811543,0.234599612287506,0.234599120324426,0.234599887569143
1,0.621076751726681,0.231047510370919,0.23270479463814,0.232713114259047,0.232713127907039,0.232712639783049,0.232713403313972
1,0.621077307591051,0.229143072665038,0.230838745222435,0.230847027701557,0.230847040538029,0.230846556219083,0.230847316040184
1,0.62107786345542,0.227238634959157,0.228992839421701,0.229001084738312,0.229001096779421,0.229000616231663,0.229001372347538
1,0.621078419319789,0.225508323318577,0.227166826849131,0.22717503499036,0.227175046251974,0.22717456944174,0.227175321857582
1,0.621078975184158,0.223780384439477,0.225360460123803,0.225368631084363,0.225368641582066,0.225368168475891,0.225368917197471
1,0.621079531048527,0.222052445560377,0.223573494853407,0.223581628635338,0.223581638384432,0.223581168949055,0.223581913982699
1,0.621080086912896,0.220324506681276,0.221805689615973,0.221813786228385,0.221813795243899,0.221813329446266,0.221814070798834
1,0.621080642777265,0.218596567802176,0.220056805940664,0.220064865399498,0.220064873696187,0.220064411503457,0.22006514918232
1,0.621081198641634,0.216868628923076,0.218326608287709,0.218334630615495,0.218334638207848,0.218334179587394,0.21833491360042
1,0.621081754506003,0.215140690043976,0.216614864027538,0.216622849253162,0.216622856155403,0.216622401074819,0.216623131430347
1,0.621082310370372,0.213412751164875,0.214921343419162,0.21492929157764,0.214929297803738,0.214928846230839,0.214929572937663
1,0.621082866234741,0.211684812285775,0.213245819587885,0.213253730720145,0.213253736283811,0.21325328818664,0.213254011253991
1,0.621083422099111,0.210112354438855,0.211588068502047,0.211595942654715,0.21159594756941,0.211595502916237,0.211596222353765
1,0.62108397796348,0.208542115251583,0.209947868950848,0.209955706176038,0.209955710454978,0.209955269214304,0.209955985032059
1,0.621084533827849,0.206971876064311,0.208325002518328,0.208332802873445,0.208332806529603,0.208332368670161,0.20833308087858
1,0.621085089692218,0.20540163687704,0.206719253560193,0.20672701710773,0.206727020153841,0.206726585644603,0.206727294254488
1,0.621085645556587,0.203831397689768,0.205130409178531,0.205138135985886,0.20513813843445,0.205137707244622,0.20513841226713
1,0.621086201420956,0.202261158502496,0.203558259196481,0.203565949335764,0.203565951199052,0.20356552329808,0.203566224744705
1,0.621086757285325,0.200690919315224,0.202002596132535,0.202010249680394,0.202010250970451,0.20200982632802,0.202010524210579
1,0.621087313149694,0.199120680127952,0.20046321517454,0.200470832211984,0.20047083294063,0.20047041152667,0.200471105857286
1,0.621087869014063,0.19755044094068,0.19893991415341,0.198947494765639,0.198947494944478,0.198947076729158,0.19894776752025
1,0.621088424878432,0.196119059333101,0.197432493516599,0.19744003779284,0.197440037433258,0.197439622386994,0.19744030965126
1,0.621088980742801,0.194689748567038,0.195940756301362,0.195948264334706,0.195948263447881,0.195947851541331,0.195948535291738
1,0.621089536607171,0.193260437800975,0.194464508107833,0.194471979995085,0.194471978591985,0.194471569796054,0.194472250045823
1,0.62109009247154,0.191831127034913,0.193003557071959,0.193010992913481,0.193010991004871,0.193010585290709,0.193011262053304
1,0.621090648335909,0.19040181626885,0.191557713838299,0.191565113737867,0.191565111334312,0.191564708673314,0.19156538196243
1,0.621091204200278,0.188972505502788,0.190126791532733,0.190134155597396,0.190134152709263,0.190133753073071,0.190134422902621
1,0.621091760064647,0.187543194736725,0.188710605735101,0.188717934075038,0.188717930712501,0.188717534073005,0.18871820045711
1,0.621092315929016,0.186113883970662,0.18730897445178,0.187316267180171,0.187316263353216,0.187315869682549,0.187316532635528
1,0.621092871793385,0.1846845732046,0.185921718088249,0.185928975321144,0.185928971039566,0.18592858031011,0.185929239846467
1,0.621093427657754,0.183379348878587,0.184548659421635,0.184555881277825,0.18455587655124,0.184555488735622,0.184556144870039
1,0.621093983522123,0.182076055091083,0.183189623573279,0.183196810174178,0.183196805012019,0.183196420083111,0.183197072830435
1,0.621094539386492,0.180772761303579,0.181844437981328,0.181851589450853,0.181851583862377,0.181851201793296,0.181851851168533
1,0.621095095250861,0.179469467516075,0.180512932373383,0.180520048837835,0.180520042832126,0.180519663596236,0.180520309614538
1,0.621095651115231,0.178166173728571,0.179194938739201,0.17920202032716,0.17920201391313,0.179201637484037,0.179202280160695
1,0.6210962069796,0.176862879941067,0.177890291303488,0.1778973381457,0.177897331332096,0.177896957683649,0.177897597034086
1,0.621096762843969,0.175559586153564,0.17659882649878,0.176605838728056,0.176605831523458,0.176605460629749,0.176606096669509
1,0.621097318708338,0.174256292365799,0.17532038293818,0.175327360689291,0.175327353102119,0.175326984937482,0.175327617682222
1,0.621097874572707,0.172952998578295,0.174054801389488,0.174061744799069,0.174061736837584,0.174061371376593,0.174062000842078
1,0.621098430437076,0.171760696182531,0.172801924746914,0.172808833953366,0.172808825625673,0.172808462843143,0.172809089045235
1,0.621098986301445,0.170570192227468,0.171561598005484,0.171568473148884,0.171568464462936,0.171568104333919,0.171568727288573
1,0.621099542165814,0.169379688272405,0.17033366823433,0.170340509456341,0.17034050041994,0.170340142919728,0.170340762642981
1,0.621100098030183,0.168189184317342,0.169117984550389,0.169124791994173,0.169124782614975,0.169124427719094,0.169125044227062
1,0.621100653894552,0.166998680362278,0.167914398092282,0.167921171902416,0.167921162187931,0.167920809872142,0.167921423181012
1,0.621101209758922,0.165808176407215,0.166722761994366,0.166729502316759,0.166729492274356,0.166729142514657,0.16672975264068
1,0.621101765623291,0.164617672452152,0.165542931360979,0.165549638342796,0.165549627979704,0.165549280752323,0.165549887711809
1,0.62110232148766,0.163427168497089,0.164374763240878,0.164381437030463,0.164381426353775,0.164381081635172,0.164381685444483
1,0.621102877352029,0.162236664542026,0.163218116601881,0.163224757348681,0.163224746365355,0.163224404132219,0.163225004807764
1,0.621103433216398,0.161145555728158,0.162072852305706,0.162079460160202,0.162079448877066,0.162079109106316,0.162079706664545
1,0.621103989080767,0.160056121688422,0.16093883308304,0.160945408196678,0.160945396620428,0.160945059289209,0.160945653746608
1,0.621104544945136,0.158966687648686,0.159815923508809,0.15982246603393,0.159822454171138,0.159822119256819,0.159822710629905
1,0.621105100809505,0.15787725360895,0.158703989977679,0.158710500067457,0.158710487924568,0.158710155404746,0.158710743710062
1,0.621105656673874,0.156787819569214,0.157602900679782,0.157609378488162,0.1576093660715,0.15760903592399,0.1576096211781
1,0.621106212538243,0.155698385529478,0.156512525576671,0.156518971258305,0.156518958574074,0.156518630776915,0.156519212996399
1,0.621106768402612,0.154608951489742,0.155432736377508,0.155439150087701,0.155439137141987,0.155438811673434,0.155439390874886
1,0.621107324266982,0.153519517450006,0.154363406515491,0.15436978841014,0.154369775208913,0.154369452047441,0.15437002824746
1,0.621107880131351,0.15243008341027,0.153304411124514,0.153310761360055,0.153310747909173,0.153310427033473,0.153311000248663
1,0.62110843599572,0.151429782390747,0.152255627016075,0.152261945749432,0.15226193205464,0.152261613443616,0.15226218369058
1,0.621108991860089,0.150431040906121,0.151216932656423,0.151223220044954,0.151223206111889,0.151222889744658,0.151223457039997
1,0.621109547724458,0.149432299421496,0.150188208143951,0.1501944643454,0.150194450179592,0.150194136035481,0.150194700395786
1,0.621110103588827,0.148433557936871,0.149169335186835,0.149175560359285,0.149175545966157,0.149175234024704,0.149175795466554
1,0.621110659453196,0.147434816452246,0.148160197080921,0.148166391382744,0.148166376767618,0.148166067008567,0.148166625548528
1,0.621111215317565,0.146436074967421,0.147160678687657,0.147166842277475,0.147166827445572,0.147166519848872,0.147167075503492
1,0.621111771181934,0.145437333482796,0.146170666413281,0.14617679944992,0.146176784406359,0.146176478952165,0.146177031737969
1,0.621112327046303,0.144438591998171,0.145190048186248,0.145196150828695,0.1451961355785,0.145195832247168,0.145196382180659
1,0.621112882910673,0.143439850513545,0.144218713436917,0.144224785844285,0.144224770392383,0.14422446916447,0.144225016262121
1,0.621113438775042,0.142521159261822,0.143256553076482,0.143262595407967,0.143262579759193,0.143262280615452,0.143262824893709
1,0.621113994639411,0.141603920488928,0.142303459476355,0.1423094718912,0.142309456050294,0.142309158971679,0.142309700446953
1,0.62111455050378,0.140686681716035,0.141359326447795,0.141365309105253,0.141365293076866,0.141364998044524,0.141365536733192
1,0.621115106368149,0.139769442943142,0.140424049221785,0.140430002281087,0.140429986069782,0.140429693065054,0.140430228983455
1,0.621115662232518,0.138852204170248,0.139497524429166,0.139503448049486,0.139503431659739,0.139503140664156,0.139503673828589
1,0.621116218096887,0.137934965397355,0.138579650081009,0.13858554442143,0.138585527857631,0.138585238852916,0.138585769279637
1,0.621116773961256,0.137017726624461,0.137670325549232,0.13767619076872,0.137676174035175,0.137675887003238,0.137676414708459
1,0.621117329825625,0.136100487851568,0.136769451547475,0.136775287804844,0.136775270905777,0.136774985828714,0.136775510828602
1,0.621117885689994,0.135183249078674,0.135876930112206,0.135882737566091,0.135882720505646,0.135882437365738,0.135882959676408
1,0.621118441554363,0.134338017959484,0.134992664584074,0.134998443392906,0.134998426175146,0.134998144954857,0.134998664592376
1,0.621118997418733,0.133494140101523,0.134116559589509,0.134122309911483,0.134122292540396,0.134122013222371,0.134122530202752
1,0.621119553283102,0.132650262243562,0.133248521022554,0.133254243015609,0.133254225495106,0.133253948062168,0.133254462401371
1,0.621120109147471,0.131806384385601,0.132388456026943,0.132394149848733,0.132394132182649,0.1323938566178,0.13239436833173
1,0.62112066501184,0.13096250652764,0.131536272978409,0.131541938786282,0.13154192097838,0.131541647264797,0.131542156369299
1,0.621121220876209,0.130118628669679,0.130691881467235,0.130697519418209,0.130697501472179,0.130697229593213,0.130697736104076
1,0.621121776740578,0.129274750811718,0.129855192281029,0.129860802531771,0.129860784451233,0.129860514390408,0.129861018323358
1,0.621122332604947,0.128430872953757,0.129026117387743,0.129031700094546,0.129031681883052,0.129031413624061,0.129031914994764
1,0.621122888469316,0.127586995095796,0.12820456991891,0.128210125237675,0.128210106898707,0.128209840425414,0.128210339249472
1,0.621123444333685,0.12680799828396,0.127390464153115,0.127395992239332,0.127395973776306,0.127395709072741,0.127396205365692
1,0.621124000198054,0.126030262943207,0.126583715499694,0.126589216508421,0.126589197924687,0.126588934975046,0.126589428752363
1,0.621124556062423,0.125252527602453,0.125784240482649,0.125789714568496,0.125789695867342,0.125789434655983,0.125789925933073
1,0.621125111926793,0.1244747922617,0.124991956724793,0.124997404041907,0.124997385226554,0.124997125738,0.1249976145302
1,0.621125667791162,0.123697056920791,0.124206782931956,0.124212203633998,0.12421218470761,0.124211926926542,0.124212413249122
1,0.621126223655531,0.122919321580038,0.123428638878185,0.123434033118322,0.123434014083999,0.123433757995258,0.123434241863418
1,0.6211267795199,0.122141586239284,0.122657445389603,0.122662813320489,0.122662794181273,0.122662539769855,0.122663021198726
1,0.621127335384269,0.121363850898531,0.121893124330041,0.121898466103802,0.121898446862676,0.121898194113736,0.121898673118375
1,0.621127891248638,0.120586115557777,0.121135598586099,0.121140914354323,0.121140895014212,0.121140643913057,0.12114112050845
1,0.621128447113007,0.119866939527016,0.120384792052576,0.120390081966296,0.120390062530071,0.12038981306216,0.120390287263219
1,0.621129002977376,0.119148940139572,0.119640629618099,0.119645893827784,0.119645874298259,0.119645626449201,0.119646098270767
1,0.621129558841745,0.118430940752128,0.118903037150963,0.118908275806505,0.118908256186439,0.118908009941995,0.118908479398831
1,0.621130114706114,0.117712941364685,0.118171941485171,0.118177154735871,0.118177135027973,0.118176890374047,0.118177357480845
1,0.621130670570484,0.116994941977241,0.11744727040667,0.11745245840123,0.117452438608155,0.117452195530801,0.117452660302174
1,0.621131226434853,0.116276942589797,0.116728952639787,0.116734115526301,0.116734095650652,0.116733854136067,0.116734316586554
1,0.621131782299222,0.115558943202353,0.116016917833863,0.116022055759804,0.116022035804137,0.116021795838659,0.116022255982722
1,0.621132338163591,0.114840943814909,0.115311096550073,0.115316209662287,0.115316189629105,0.115315951199215,0.11531640905124
1,0.62113289402796,0.114122944427465,0.114611420248442,0.114616508693136,0.114616488584896,0.114616251677215,0.114616707251508
1,0.621133449892329,0.113457889585612,0.113917821275044,0.11392288519778,0.11392286501689,0.113922629618176,0.113923082928967
1,0.621134005756698,0.11279393304556,0.113230232849389,0.113235272395076,0.113235252143899,0.113235018241049,0.113235469302489
1,0.621134561621067,0.112129976505508,0.112548589051997,0.112553604364882,0.112553584045736,0.112553351625779,0.112553800451942
1,0.621135117485436,0.111466019965455,0.111872824812146,0.11187781603581,0.111877795650966,0.111877564701067,0.111878011305946
1,0.621135673349805,0.110802063425403,0.111202875895802,0.111207843173151,0.111207822724838,0.111207593232293,0.111208037629803
1,0.621136229214174,0.110138106885351,0.110538678893727,0.110543622366986,0.110543601857388,0.110543373809626,0.110543816013604
1,0.621136785078544,0.109474150345298,0.109880171209759,0.109885091020466,0.109885070451727,0.109884843836305,0.109885283860505
1,0.621137340942913,0.108810193805246,0.109227291049264,0.109232187338266,0.109232166712487,0.109231941517089,0.109232379375189
1,0.621137896807282,0.108146237265194,0.108579977407755,0.108584850315203,0.108584829634444,0.108584605846882,0.108585041552479
1,0.621138452671651,0.107530231860947,0.107938170059687,0.107943019725029,0.107942998991311,0.107942776599523,0.107943210166133
1,0.62113900853602,0.106915252438555,0.107301809547407,0.107306636109386,0.10730661532469,0.107306394316737,0.107306825757797
1,0.621139564400389,0.106300273016041,0.106670837170145,0.106675640766794,0.106675619933063,0.106675400297128,0.106675829625994
1,0.621140120264758,0.105685293593649,0.1060451949738,0.106049975742437,0.106049954861575,0.106049736585963,0.106050163815912
1,0.621140676129127,0.105070314171257,0.105424825739611,0.105429583816838,0.105429562890714,0.10542934596385,0.105429771108077
1,0.621141231993496,0.104455334748865,0.104809672974263,0.104814408495961,0.104814387526408,0.104814171936833,0.104814595008455
1,0.621141787857865,0.103840355326473,0.104199680899503,0.104204394000831,0.104204372989642,0.104204158726019,0.10420457973807
1,0.621142343722235,0.103225375904082,0.10359479444204,0.103599485257428,0.103599464206366,0.103599251257469,0.103599670222906
1,0.621142899586604,0.10261039648169,0.102994959223589,0.102999627886741,0.102999606797532,0.102999395152252,0.10299981208395
1,0.621143455450973,0.10203892071654,0.102400121551074,0.102404768194963,0.1024047470693,0.102404536716641,0.102404951627395
1,0.621144011315342,0.101468404174831,0.101810228406964,0.101814853163831,0.101814832003373,0.101814622932452,0.101815035834977
1,0.621144567179711,0.100897887633121,0.10122522743976,0.101229830441112,0.101229809247486,0.10122960144753,0.101230012354461
1,0.62114512304408,0.100327371091411,0.100645066954623,0.100649648331232,0.100649627106034,0.100649420566378,0.100649829490271
1,0.621145678908449,0.0997568545497018,0.10006969590414,0.100074255786039,0.100074234530833,0.100074029240924,0.100074436194255
1,0.621146234772818,0.0991863380079922,0.0994990638792248,0.0995036023957135,0.0995035811120323,0.0995033770614211,0.0995037820565857
1,0.621146790637187,0.0986158214662826,0.0989331211001628,0.0989376383797995,0.0989376170691464,0.0989374142474916,0.098937817296807
1,0.621147346501556,0.098045304924573,0.098371818407779,0.0983763145783844,0.0983762932422329,0.0983760916392973,0.0983764927550012
1,0.621147902365925,0.0974747883828634,0.0978151072547454,0.0978195824434007,0.0978195610831953,0.0978193606888456,0.0978197598830966
1,0.621148458230295,0.096943808374762,0.0972629396970144,0.0972673940300614,0.0972673726472182,0.0972671734514233,0.0972675707363015
1,0.621149014094664,0.0964137259626656,0.096715268385381,0.0967197019884223,0.0967196805843293,0.0967194825771596,0.0967198779646662
1,0.621149569959033,0.0958836435505693,0.0961720465571709,0.0961764595550696,0.0961764381310874,0.0961762413027135,0.0961766348047716
1,0.621150125823402,0.0953535611384729,0.0956332280280528,0.0956376205449331,0.0956375991023954,0.095637403443087,0.0956377950715413
1,0.621150681687771,0.0948234787263765,0.0950987671839723,0.0951031393432202,0.0951031178834341,0.0951029233835588,0.0951033131501762
1,0.62115123755214,0.0942933963142802,0.0945686189732075,0.0945729708974708,0.0945729494217177,0.0945727560717399,0.0945731439882098
1,0.621151793416509,0.0937633139021838,0.0940427388985417,0.0940470707097314,0.094047049219267,0.0940468570097472,0.0940472430876814
1,0.621152349280878,0.0932332314900874,0.0935210830095545,0.0935253948288452,0.0935253733249004,0.0935251822464934,0.0935255664974268
1,0.621152905145247,0.0927031490779911,0.0930036078950266,0.093007899842858,0.093007878326639,0.0930076883700936,0.0930080708054842
1,0.621153461009616,0.0922090584749872,0.0924902706753572,0.092494542871435,0.0924945213441239,0.0924943325002815,0.0924947131315107
1,0.621154016873986,0.0917158085500432,0.0919810289956036,0.0919852815589008,0.0919852600216563,0.0919850722814497,0.0919854511198226
1,0.621154572738355,0.0912225586250992,0.091475841017607,0.0914800740663654,0.0914800525203228,0.0914798658747754,0.0914802429315214
1,0.621155128602724,0.0907293087001552,0.0909746654132519,0.0909788790649839,0.0909788575112557,0.0909786719514805,0.0909790472377533
1,0.621155684467093,0.0902360587752112,0.09047746135732,0.0904816557288095,0.0904816341684861,0.0904814496856846,0.0904818232125624
1,0.621156240331462,0.0897428088502672,0.08998418852055,0.0899883637278551,0.0899883421620047,0.089988158747466,0.0899885305259523
1,0.621156796195831,0.0892495589253232,0.0894948070628029,0.0894989632212571,0.0894989416509265,0.0894987592960262,0.0894991293370497
1,0.6211573520602,0.0887563090003792,0.0890092776263282,0.0890134148505425,0.0890133932767573,0.0890132119729566,0.0890135802873718
1,0.621157907924569,0.0882630590754352,0.0885275613291304,0.0885316797329957,0.0885316581567607,0.0885314778956056,0.0885318444941929
1,0.621158463788938,0.0878026288907005,0.0880496197584356,0.0880537194551242,0.088053697877424,0.0880535186505441,0.0880538835440103
1,0.621159019653307,0.0873429868013431,0.0875754149642537,0.0875794960662221,0.0875794744880213,0.0875792962871288,0.0875796594861076
1,0.621159575517676,0.0868833447119857,0.087104909453038,0.0871089720720291,0.0871089504942724,0.0871087733111616,0.0871091348262137
1,0.621160131382046,0.0864237026226282,0.0866380661814385,0.0866421104284837,0.0866420888520969,0.0866419126786429,0.0866422725202564
1,0.621160687246415,0.0859640605332708,0.0861748485501485,0.0861788745355704,0.0861788529614602,0.0861786777896182,0.0861790359682091
1,0.621161243110784,0.0855044184439134,0.0857152203978423,0.0857192282312573,0.0857192066603118,0.085719032482116,0.0857193890080285
1,0.621161798975153,0.085044776354556,0.0852591459952035,0.0852631357855243,0.0852631142186135,0.0852629410261764,0.0852632959096833
1,0.621162354839522,0.0845851342651986,0.0848065900390421,0.0848105618944803,0.0848105403324564,0.0848103681179678,0.0848107213692708
1,0.621162910703891,0.0841254921758412,0.0843575176464987,0.0843614716745677,0.0843614501182651,0.0843612788739915,0.0843616305032216
1,0.62116346656826,0.0836958264246473,0.0839118943493347,0.0839158306568525,0.0839158091070885,0.0839156388253719,0.0839159888425899
1,0.621164022432629,0.0832669001613289,0.0834696860883078,0.0834736047813997,0.0834735832389748,0.083473413912232,0.0834737623274288
1,0.621164578296998,0.0828379738980105,0.0830308592076304,0.0830347603917319,0.0830347388574298,0.0830345704781518,0.0830349173012487
1,0.621165134161367,0.0824090476346921,0.0825953804495101,0.0825992642293702,0.0825992427039584,0.0825990752647091,0.0825994205055584
1,0.621165690025736,0.0819801213713737,0.0821632169487717,0.0821670834284555,0.0821670619126855,0.0821668954061013,0.0821672390744865
1,0.621166245890105,0.0815511951080553,0.081734336227558,0.08173818551045,0.0817381640050575,0.0817379984238462,0.0817383405294826
1,0.621166801754475,0.0811222688447369,0.0813087061901095,0.0813125383789167,0.081312516884622,0.0813123522215623,0.0813126927740971
1,0.621167357618844,0.0806933425814185,0.0808862951176215,0.0808901103143762,0.0808900888318847,0.0808899250798252,0.0808902640888382
1,0.621167913483213,0.0802644163180144,0.0804670716630928,0.0804708699691565,0.0804708484991584,0.0804706856510168,0.0804710231260207
1,0.621168469347582,0.0798629133686788,0.0800510048466684,0.0800547863627342,0.0800547649059053,0.0800546029546679,0.0800549389051086
1,0.621169025211951,0.0794621049449593,0.0796380640502175,0.0796418288763139,0.0796418074333157,0.0796416463720363,0.0796419808072934
1,0.62116958107632,0.0790612965212399,0.0792282190128233,0.0792319672483174,0.0792319458197973,0.0792317856415967,0.0792321185709839
1,0.621170136940689,0.0786604880975204,0.0788214398259241,0.0788251715695248,0.0788251501561163,0.0788249908541814,0.0788253222869469
1,0.621170692805058,0.078259679673801,0.0784176969286084,0.0784214122783698,0.078421390880693,0.0784212324482761,0.078421562393603
1,0.621171248669427,0.0778588712500815,0.0780169611029796,0.0780206601563044,0.0780206387749661,0.0780204812053843,0.0780208096723911
1,0.621171804533797,0.0774580628263621,0.077619203469589,0.0776228863232318,0.0776228649588256,0.0776227082454601,0.0776230352432008
1,0.621172360398166,0.0770572544026427,0.0772243954829352,0.0772280622330061,0.0772280408861129,0.077227885022408,0.0772282105598729
1,0.621172916262535,0.0766564459789232,0.0768325089270299,0.0768361596689979,0.076836138340186,0.0768359833196487,0.0768363074057646
1,0.621173472126904,0.0762807647220859,0.076443515911029,0.0764471507397254,0.0764471294295508,0.0764469752457498,0.0764472978893805
1,0.621174027991273,0.0759057363693599,0.0760573888649271,0.076061007874549,0.0760609865835554,0.076060833230121,0.0760611544400675
1,0.621174583855642,0.075530708016634,0.0756741005353152,0.0756777038194292,0.0756776825481484,0.0756775300187713,0.0756778498037724
1,0.621175139720011,0.0751556796639081,0.0752936239812008,0.0752972116327462,0.0752971903816985,0.0752970386701291,0.075297357038862
1,0.62117569558438,0.0747806513111821,0.0749159325698885,0.074919504681181,0.0749194834508752,0.0749193325509233,0.0749196495120034
1,0.621176251448749,0.0744056229584562,0.0745409999729209,0.0745445566356561,0.0745445354265896,0.0745443853321236,0.0745447008941055
1,0.621176807313118,0.0740305946057303,0.0741688001620787,0.0741723414673359,0.0741723202799952,0.0741721709849413,0.074172485156319
1,0.621177363177487,0.0736555662530043,0.0737993074054392,0.0738028334436847,0.0738028122785452,0.0738026637768871,0.0738029765660944
1,0.621177919041856,0.0732805379002784,0.0734324962634921,0.0734360071245828,0.0734359859821094,0.0734358382678874,0.0734361496832981
1,0.621178474906226,0.07292856819764,0.0730683415853111,0.0730718373584982,0.0730718162391454,0.0730716693064557,0.0730719793563845
1,0.621179030770595,0.0725772128403525,0.0727068185047822,0.0727102992787149,0.0727102781829268,0.0727101320259212,0.0727104407186236
1,0.621179586634964,0.0722258574830651,0.0723479024368862,0.0723513682996149,0.0723513472278256,0.0723512018407107,0.0723515091843838
1,0.621180142499333,0.0718745021257776,0.0719915690740345,0.0719950201130149,0.0719949990656485,0.0719948544426852,0.0719951604454678
1,0.621180698363702,0.0715231467684901,0.0716377943824591,0.0716412306845554,0.0716412096620264,0.0716410657975292,0.0716413704675022
1,0.621181254228071,0.0711717914112026,0.0712865545986537,0.0712899762501425,0.0712899552528558,0.0712898121411922,0.0712901154863794
1,0.62118181009244,0.0708204360538449,0.0709378262257975,0.0709412333123714,0.0709412123407224,0.0709410699763126,0.0709413720046806
1,0.621182365956809,0.0704690806965574,0.0705915860305771,0.0705949786373481,0.0705949576917232,0.070594816069039,0.070595116788498
1,0.621182921821178,0.07011772533927,0.0702478110393616,0.0702511892508649,0.0702511683316414,0.0702510274452063,0.0702513268636101
1,0.621183477685547,0.0697875623308449,0.0699064785351247,0.0699098424353223,0.0699098215428686,0.0699096813872566,0.0699099795124034
1,0.621184033549917,0.0694579779225162,0.0695675660540652,0.0695709157263493,0.0695708948610252,0.0695707554308608,0.0695710522704933
1,0.621184589414286,0.0691283935141874,0.0692310513823454,0.0692343869095425,0.069234366071699,0.0692342273616563,0.0692345229234623
1,0.621185145278655,0.0687988091058586,0.0688969125528765,0.0689002340172505,0.0689002132072305,0.0689000752120327,0.0689003695036453
1,0.621185701143024,0.0684692246975298,0.0685651278421495,0.0685684353254056,0.0685684145435436,0.0685682772579627,0.0685685702869608
1,0.621186257007393,0.0681396402892011,0.0682356757671121,0.0682389693504003,0.0682389485970228,0.0682388120158788,0.0682391037897874
1,0.621186812871762,0.0678100558808723,0.06790853508209,0.0679118148460087,0.0679117941214341,0.0679116582395947,0.0679119487658855
1,0.621187368736131,0.0674804714725435,0.0675836847757519,0.0675869508003515,0.0675869301048906,0.0675867949172705,0.067587084203362
1,0.6211879246005,0.0671508870642147,0.0672611040681186,0.067264356432905,0.0672643357668609,0.0672642012684214,0.0672644893216795
1,0.621188480464869,0.0668408081599971,0.0669407724076136,0.0669440111915521,0.0669439905552203,0.0669438567409687,0.0669441435687072
1,0.621189036329238,0.0665312746831506,0.0666226694681572,0.0666258947496755,0.0666258741433442,0.0666257410083336,0.066626026617814
1,0.621189592193607,0.0662217412063042,0.0663067751463002,0.0663099870032925,0.0663099664272427,0.0663098339665711,0.0663101183650036
1,0.621190148057977,0.0659122077294577,0.0659930695583999,0.0659962680682301,0.0659962475227356,0.0659961157315458,0.0659963989260893
1,0.621190703922346,0.0656026742526113,0.065681533037835,0.0656847182773405,0.0656846977626682,0.0656845666361469,0.0656848486339098
1,0.621191259786715,0.0652931407757648,0.0653721461322607,0.0653753181777558,0.0653752976941656,0.0653751672275434,0.0653754480355834
1,0.621191815651084,0.0649836072989183,0.0650648896009024,0.0650680485281817,0.0650680280759269,0.0650678982644775,0.0650681778898023
1,0.621192371515453,0.0646740738220719,0.0647597444118874,0.0647628902962295,0.0647628698755568,0.0647627407145967,0.0647630191641645
1,0.621192927379822,0.0643645403452254,0.064456691739615,0.0644598246557859,0.0644598042669355,0.0644596757518233,0.0644599530325429
1,0.621193483244191,0.0640729854533875,0.0641557129621626,0.0641588329844193,0.0641588126276251,0.0641586847537615,0.0641589608724926
1,0.62119403910856,0.0637819451809595,0.0638567896587297,0.0638598968608236,0.063859876536313,0.0638597492991401,0.063860024262694
1,0.621194594972929,0.0634909049085315,0.0635599036071167,0.0635629980622968,0.0635629777702914,0.063562851165292,0.0635631249804319
1,0.621195150837298,0.0631998646361035,0.0632650367812394,0.0632681185622562,0.0632680983029715,0.0632679723256691,0.0632682449991101
1,0.621195706701668,0.0629088243636173,0.0629721713486208,0.0629752405277295,0.062975220301375,0.0629750949473331,0.062975366485743
1,0.621196262566037,0.0626177840911893,0.0626812896682081,0.0626843463171721,0.0626843261239514,0.0626842013887734,0.0626844717987726
1,0.621196818430406,0.0623267438187613,0.0623923742876397,0.0623954184777339,0.0623953983178451,0.0623952741971735,0.0623955434853358
1,0.621197374294775,0.0620357035463332,0.0621054079411306,0.0621084397431447,0.0621084196167803,0.0621082961062964,0.0621085642791493
1,0.621197930159144,0.0617446632739052,0.0618203735470973,0.0618233930313396,0.0618233729386866,0.0618232500341101,0.0618235170981347
1,0.621198486023513,0.0614702173309841,0.0615372542058743,0.0615402614421746,0.0615402413834145,0.0615401190805034,0.0615403850421351
1,0.621199041887882,0.0611962573721428,0.0612560331974618,0.0612590282551751,0.0612590082304841,0.0612588865250338,0.0612591513906628
1,0.621199597752251,0.0609222974133014,0.0609766939793051,0.0609796769273145,0.0609796569368638,0.0609795358247069,0.0609797996006783
1,0.62120015361662,0.0606483374544601,0.0606992201841047,0.0607021910908252,0.0607021711347806,0.0607020506117868,0.0607023133044009
1,0.621200709480989,0.0603743774956187,0.0604235956176566,0.0604265545510381,0.0604265346295608,0.0604264146916361,0.0604266763071487
1,0.621201265345358,0.0601004175367774,0.0601498042567233,0.060152751284254,0.0601527313975001,0.0601526120405864,0.0601528725852096
1,0.621201821209728,0.059826457577936,0.0598778302469332,0.0598807654356428,0.0598807455837635,0.0598806268038387,0.0598808862837406
1,0.621202377074097,0.0595524976190947,0.0596076579007098,0.0596105813171728,0.0596105615003146,0.0596104432933918,0.0596107017146974
1,0.621202932938466,0.0592785376602533,0.059339271695229,0.059342183405568,0.0593421636238728,0.0593420459860002,0.0593423033547911
1,0.621203488802835,0.0590199150276297,0.0590726562704053,0.059075556340294,0.0590755365938992,0.0590754195211595,0.0590756758434747
1,0.621204044667204,0.0587617517347052,0.0588077964269047,0.0588106849215713,0.0588106652106097,0.0588105486991198,0.0588108039809562
1,0.621204600531573,0.0585035884417806,0.0585446771241856,0.0585475541084161,0.0585475344330162,0.0585474184789269,0.0585476727262389
1,0.621205156395942,0.0582454251488561,0.0582832834785667,0.0582861490167076,0.0582861293769935,0.0582860139764893,0.0582862671951899
1,0.621205712260311,0.0579872618559316,0.0580236007613207,0.0580264549172827,0.0580264353133744,0.0580263204626728,0.0580265726586333
1,0.62120626812468,0.057729098563007,0.0577656143967951,0.0577684572340557,0.0577684376660691,0.0577683233614205,0.0577685745404713
1,0.621206823989049,0.0574709352700825,0.0575093099605576,0.0575121415421648,0.0575121220102115,0.0575120082478989,0.0575122584158295
1,0.621207379853418,0.057212771977158,0.0572546731775678,0.0572574935661428,0.0572574740703304,0.0572573608466689,0.0572576100092284
1,0.621207935717788,0.0569546086842334,0.0570016899203733,0.0570044991781134,0.057004479718546,0.0570043670298825,0.0570046151927797
1,0.621208491582157,0.0567106395855617,0.0567503462073303,0.0567531443960127,0.05675312497279,0.0567530128155031,0.056753259984407
1,0.621209047446526,0.0564671050134377,0.056500628200849,0.056503415381833,0.0565033959950512,0.0565032843655506,0.0565035305460907
1,0.621209603310895,0.0562235704413136,0.0562525222056622,0.0562552984398928,0.0562552790896444,0.0562551679843706,0.056255413182137
1,0.621210159175264,0.0559800358691409,0.0560060146670685,0.0560087800150791,0.0560087607014529,0.0560086501168771,0.056008894337421
1,0.621210715039633,0.0557365012970169,0.0557610921694447,0.0557638466913602,0.0557638274144414,0.055763717347065,0.055763960595899
1,0.621211270904002,0.0554929667248928,0.0555177414342881,0.055520485189828,0.0555204659496984,0.0555203563960527,0.0555205986786511
1,0.621211826768371,0.0552494321527688,0.0552759493187754,0.0552786823672565,0.0552786631639943,0.0552785541206403,0.0552787954424392
1,0.62121238263274,0.0550058975806447,0.055035702814095,0.0550384252144345,0.0550384060481147,0.0550382975116427,0.0550385378780405
1,0.621212938497109,0.0547623630085207,0.0547969890438527,0.0547997008545711,0.0547996817252653,0.0547995736922946,0.0547998131086522
1,0.621213494361479,0.0545319817265433,0.0545597952624971,0.054562496541721,0.0545624774494976,0.0545623699166763,0.0545626083883175
1,0.621214050225848,0.0543020118488695,0.0543241088537672,0.0543267996592323,0.0543267806041564,0.0543266735681611,0.0543269111003726
1,0.621214606090217,0.0540720419711957,0.0540899173291603,0.0540925977182142,0.0540925787003479,0.0540924721578833,0.0540927087559154
1,0.621215161954586,0.0538420720935219,0.0538572083264208,0.0538598783560259,0.0538598593754282,0.0538597533232269,0.0538599889922934
1,0.621215717818955,0.0536121022158481,0.0536259696080489,0.0536286293347851,0.053628610391512,0.0536285048263342,0.0536287395716129
1,0.621216273683324,0.0533821323381743,0.0533961890598296,0.0533988385398973,0.0533988196340017,0.0533987145526349,0.053398948379268
1,0.621216829547693,0.0531521624605005,0.0531678546893809,0.0531704939786036,0.0531704751101356,0.0531703705093944,0.0531706034224884
1,0.621217385412062,0.0529221925828268,0.0529409546247215,0.0529435837785487,0.0529435649475557,0.0529434608242814,0.0529436928289075
1,0.621217941276431,0.052692222705153,0.0527154771128581,0.0527180961863679,0.0527180773928943,0.0527179737439548,0.0527182048451495
1,0.6212184971408,0.0524744565829791,0.0524914105183904,0.0524940195662925,0.0524940008103801,0.0524938976326695,0.0524941278354344
1,0.621219053005169,0.052257080288129,0.0522687433221357,0.0522713423987738,0.0522713236804616,0.0522712209708999,0.0522714502802024
1,0.621219608869539,0.0520397039932789,0.052047464119771,0.0520500532791257,0.0520500345984501,0.0520499323539832,0.0520501607747564
1,0.621220164733908,0.0518223276984288,0.0518275616204934,0.0518301409161848,0.0518301222731797,0.0518300204907789,0.051830248027922
1,0.621220720598277,0.0516049514035786,0.0516090246456981,0.0516115941309886,0.0516115755256853,0.0516114742023469,0.0516117008607256
1,0.621221276462646,0.0513875751087285,0.0513918421276742,0.0513944018554708,0.051394383287898,0.0513942824206437,0.0513945082050902
1,0.621221832327015,0.0511701988138784,0.0511760031083166,0.051178553131174,0.0511785346013582,0.0511784341872339,0.0511786591025475
1,0.621222388191384,0.0509528225190283,0.0509614967378566,0.0509640371079793,0.0509640186159445,0.0509639186520209,0.0509641427029679
1,0.621222944055753,0.0507354462241782,0.0507483122736075,0.0507508430428528,0.0507508245886206,0.0507507250719926,0.0507509482633066
1,0.621223499920122,0.0505294065063556,0.0505364390787277,0.0505389602986081,0.0505389418821979,0.0505388428099842,0.0505390651463667
1,0.621224055784491,0.0503237364701803,0.0503258666209576,0.0503283783426433,0.0503283599640722,0.0503282613334155,0.0503284828195358
1,0.62122461164886,0.050118066434046,0.0501165844715827,0.0501190867459043,0.0501190684051872,0.0501189702132535,0.0501191908537491
1,0.62122516751323,0.0499123963979118,0.0499085823039921,0.0499110751814429,0.0499110568785924,0.0499109591225712,0.0499111789220479
1,0.621225723377599,0.0497067263617776,0.0497018498926727,0.0497043334234114,0.0497043151584381,0.0497042178355417,0.0497044367985742
1,0.621226279241968,0.0495010563256433,0.0494963771120091,0.0494988513458621,0.0494988331187746,0.0494987362262383,0.0494989543573699
1,0.621226835106337,0.0492953862895091,0.04929215393514,0.0492946189216041,0.0492946007324088,0.0492945042674904,0.0492947215712337
1,0.621227390970706,0.0490897162533748,0.0490891704328298,0.0490916262210743,0.0490916080697756,0.0490915120297555,0.0490917285105924
1,0.621227946835075,0.0488840462172406,0.0488874167723546,0.0488898634112239,0.0488898452978244,0.0488897496800049,0.0488899653423869
1,0.621228502699444,0.0486889196982348,0.0486868832164025,0.0486893207544189,0.0486893026789191,0.0486892074806245,0.048689422328973
1,0.621229058563813,0.0484941440349383,0.0484875601219893,0.0484899886073546,0.0484899705697532,0.0484898757883296,0.0484900898270361
1,0.621229614428182,0.0482993683716417,0.0482894379393862,0.0482918574199847,0.0482918394202785,0.0482917450530936,0.0482919582865199
1,0.621230170292551,0.0481045927083452,0.0480925072110631,0.0480949177344638,0.0480948997726478,0.0480948058170905,0.0480950182495688
1,0.62123072615692,0.0479098170450486,0.0478967585706449,0.0478991601841038,0.0478991422601712,0.0478990487136514,0.0478992603494849
1,0.62123128202129,0.0477150413817521,0.0477021827418809,0.0477045754923431,0.0477045576062854,0.0477044644662342,0.0477046753096969
1,0.621231837885659,0.0475202657184556,0.0475087705376278,0.0475111544717303,0.0475111366235373,0.0475110438874061,0.0475112539427434
1,0.621232393750028,0.047325490055159,0.0473165128588459,0.0473188880229194,0.0473188702125792,0.0473187778778403,0.0473189871492688
1,0.621232949614397,0.0471307143918625,0.0471254006936076,0.0471277671336792,0.0471277493611782,0.047127657425324,0.0471278659170322
1,0.621233505478766,0.0469457558850715,0.0469354251161195,0.0469377828779146,0.0469377651432377,0.0469376736037806,0.0469378813199287
1,0.621234061343135,0.0467611306221601,0.0467465772857557,0.0467489264147004,0.0467489087178308,0.0467488175723034,0.0467490245170238
1,0.621234617207504,0.0465765053592488,0.0465588484461048,0.0465611889873281,0.0465611713282477,0.0465610805742021,0.0465612867515994
1,0.621235173071873,0.0463918800963375,0.0463722299240281,0.0463745619223642,0.0463745443010531,0.0463744539360609,0.0463746593502124
1,0.621235728936242,0.0462072548334261,0.0461867131287301,0.0461890366287205,0.0461890190451574,0.0461889290668098,0.0461891337217653
1,0.621236284800611,0.0460226295705148,0.0460022895508411,0.0460046045967366,0.0460045870508989,0.0460044974568059,0.0460047013565884
1,0.62123684066498,0.0458380043076035,0.0458189507615106,0.0458212573972739,0.0458212398891373,0.0458211506769282,0.0458213538255336
1,0.62123739652935,0.0456533790446921,0.0456366884115132,0.0456389866808205,0.0456389692103596,0.0456388803776823,0.0456390827790801
1,0.621237952393719,0.0454687537817439,0.0454554942303291,0.0454577841765727,0.0454577667437605,0.0454576782882816,0.0454578799464147
1,0.621238508258088,0.0452932795782222,0.0452753600254166,0.0452776416917066,0.0452776242965149,0.0452775362159194,0.0452777371347046
1,0.621239064122457,0.0451181221299534,0.0450962776811336,0.0450985511103004,0.0450985337526997,0.0450984460446909,0.0450986462280188
1,0.621239619986826,0.0449429646816846,0.0449182391580326,0.0449205043926287,0.0449204870725882,0.0449203997348874,0.0449205991866229
1,0.621240175851195,0.0447678072334159,0.044741236491985,0.0447434935742871,0.0447434762917746,0.0447433893221211,0.0447435880461035
1,0.621240731715564,0.0445926497851471,0.0445652617933515,0.0445675107653625,0.0445674935203449,0.0445674069164956,0.0445676049165387
1,0.621241287579933,0.0444174923368783,0.044390307246164,0.0443925481496153,0.0443925309420579,0.0443924447017877,0.0443926419816799
1,0.621241843444302,0.0442423348886096,0.0442163651073172,0.0442185979836703,0.0442185808135375,0.0442184949346382,0.0442186914981433
1,0.621242399308671,0.0440671774403408,0.0440434277057699,0.0440456525962189,0.0440456354634738,0.0440455499437547,0.0440457457946112
1,0.621242955173041,0.0438920199920721,0.0438714874417574,0.0438737043872304,0.0438736872918351,0.0438736021291226,0.0438737972710445
1,0.62124351103741,0.0437254020168254,0.0437005367860125,0.0437027458271741,0.0437027287690895,0.0437026439612269,0.0437028383979037
1,0.621244066901779,0.043559085347672,0.043530568278997,0.0435327694562498,0.0435327524354357,0.043532667980283,0.0435328617153801
1,0.621244622766148,0.0433927686785187,0.0433615745301422,0.0433637678836292,0.0433637509000445,0.0433636667954784,0.0433638598326368
1,0.621245178630517,0.0432264520093653,0.0431935482170998,0.0431957337867059,0.0431957168403083,0.0431956330842219,0.0431958254270589
1,0.621245734494886,0.0430601353402119,0.0430264820850007,0.0430286599103548,0.043028643001101,0.0430285595914038,0.0430287512435129
1,0.621246290359255,0.0428938186710585,0.042860368945724,0.042862539066201,0.0428625221940468,0.0428624391286643,0.0428626300936155
1,0.621246846223624,0.0427275020019051,0.0426952016771748,0.0426973641318972,0.0426973472967975,0.0426972645736713,0.0426974548550111
1,0.621247402087993,0.0425611853327517,0.0425309732225708,0.0425331280504109,0.0425331112523194,0.0425330288694069,0.0425332184706587
1,0.621247957952362,0.0423948686635984,0.0423676765897377,0.0423698238293191,0.0423698070681887,0.0423697250234631,0.0423699139481273
1,0.621248513816731,0.0422365291616685,0.0422053048504132,0.042207444540113,0.0422074278158958,0.0422073461073458,0.0422075343588998
1,0.6212490696811,0.0420784764760529,0.0420438511395602,0.0420459833175105,0.0420459666301576,0.0420458852557872,0.042046072837686
1,0.62124962554547,0.0419204237904374,0.0418833086546873,0.0418854333587771,0.0418854167082387,0.0418853356660673,0.0418855225817433
1,0.621250181409839,0.0417623711048219,0.0417236706551785,0.0417257879230556,0.0417257713092811,0.0417256905973434,0.0417258768502064
1,0.621250737274208,0.0416043184192063,0.0415649304616309,0.0415670403307036,0.0415670237536417,0.041566943369987,0.0415671289634251
1,0.621251293138577,0.0414462657335908,0.0414070814552004,0.0414091839626393,0.0414091674222377,0.0414090873649304,0.0414092723023095
1,0.621251849002946,0.0412882130479752,0.0412501170769554,0.0412522122596951,0.0412521957559008,0.0412521160230199,0.0412523003076841
1,0.621252404867315,0.0411301603623281,0.0410940308272073,0.0410961187219482,0.0410961022547074,0.0410960228443467,0.0410962064796183
1,0.621252960731684,0.0409721076767126,0.0409388162650047,0.0409408969082145,0.0409408804774727,0.0409408013877402,0.0409409843769202
1,0.621253516596053,0.0408215145578359,0.0407844670073227,0.0407865404352385,0.0407865240409405,0.0407864452699586,0.0407866276163267
1,0.621254072460422,0.040671194655014,0.0406309767285733,0.040633042977203,0.0406330266192927,0.040632948165198,0.0406331298720126
1,0.621254628324792,0.0405208747521922,0.0404783391599652,0.0404803982650894,0.0404803819435101,0.0404803038044534,0.0404804848749518
1,0.621255184189161,0.0403705548493703,0.0403265480889043,0.0403286000860776,0.040328583800772,0.0403285059749177,0.0403286864123167
1,0.62125574005353,0.0402202349465485,0.0401755973583994,0.0401776422829525,0.0401776260338625,0.0401775485193891,0.0401777283268846
1,0.621256295917899,0.0400699150437266,0.0400254808664766,0.0400275187535177,0.0400275025405847,0.0400274253356841,0.0400276045164515
1,0.621256851782268,0.0399195951409047,0.0398761925656,0.0398782234500166,0.0398782072731811,0.0398781303760591,0.0398783089332533
1,0.621257407646637,0.0397692752380829,0.0397277264620998,0.0397297503785599,0.0397297342377621,0.0397296576466376,0.0397298355833935
1,0.621257963511006,0.039618955335261,0.0395800766156068,0.039582093598561,0.0395820774937402,0.0395820012068456,0.0395821785262778
1,0.621258519375375,0.0394756179878328,0.0394332371384937,0.0394352472221766,0.0394352311532717,0.0394351551688526,0.039435331874056
1,0.621259075239744,0.0393325410809257,0.0392872021953241,0.0392892054137558,0.0392891893807051,0.03928911369702,0.0392892897910696
1,0.621259631104113,0.0391894641740186,0.0391419660023065,0.0391439623892943,0.0391439463920355,0.039143871007356,0.0391440464933072
1,0.621260186968482,0.0390463872671115,0.0389975228267561,0.038999512415896,0.0389994964543662,0.0389994213669766,0.0389995962478654
1,0.621260742832851,0.0389033103602043,0.0388538669865623,0.0388558498112407,0.0388558338853765,0.038855759093574,0.038855933372417
1,0.621261298697221,0.0387602334532972,0.0387109928496632,0.0387129689430579,0.0387129530527955,0.0387128785548897,0.0387130522346843
1,0.62126185456159,0.0386171565463901,0.0385688948335255,0.0385708642286078,0.0385708483738828,0.038570774168196,0.0385709472519205
1,0.621262410425959,0.038474079639483,0.0384275674046311,0.0384295301341673,0.0384295143149147,0.0384294403997814,0.0384296128903955
1,0.621262966290328,0.0383310027325759,0.0382870050779702,0.0382889611745225,0.038288945390677,0.0382888717644441,0.0382890436648884
1,0.621263522154697,0.0381944682494031,0.0381472024165393,0.0381491519124679,0.0381491361639636,0.03814906282499,0.0381492341381868
1,0.621264078019066,0.038058182195739,0.038008154030846,0.0380100969583104,0.0380100812450811,0.0380100081917379,0.0380101789205907
1,0.621264633883435,0.037921896142075,0.0378698545784198,0.03787179096938,0.0378717752913589,0.0378717025220292,0.0378718726694233
1,0.621265189747804,0.0377856100884109,0.0377322987633275,0.037734228649546,0.0377342130066659,0.0377341405197444,0.037734310088547
1,0.621265745612173,0.0376493240347469,0.0375954813356959,0.0375974047487385,0.0375973891409319,0.0375973169348251,0.0375974859278852
1,0.621266301476542,0.0375130379810556,0.0374593970912117,0.0374613140624493,0.0374612984896482,0.0374612265627744,0.0374613949829232
1,0.621266857340912,0.0373767519273915,0.0373240408707632,0.0373259514313733,0.0373259358935092,0.0373258642442981,0.0373260320943489
1,0.621267413205281,0.0372404658737275,0.0371894075598162,0.0371913117407838,0.0371912962377879,0.0371912248646807,0.0371913921474292
1,0.62126796906965,0.0371041798200634,0.0370554920880659,0.0370573899201856,0.0370573744519888,0.0370573033534379,0.0370574700716622
1,0.621268524934019,0.0369740296253303,0.0369222894289599,0.0369241809428367,0.0369241655093695,0.0369240946838387,0.0369242608402995
1,0.621269080798388,0.0368441165589398,0.0367897945992522,0.0367916798253031,0.0367916644264957,0.0367915938724597,0.0367917594699005
1,0.621269636662757,0.0367142034925494,0.0366580026585631,0.0366598816270185,0.0366598662628006,0.0366597959787452,0.0366599610198924
1,0.621270192527126,0.036584290426159,0.036526908708944,0.036528781449849,0.03652876612015,0.0365286961045721,0.0365288605921349
1,0.621270748391495,0.0364543773597685,0.0363965078944472,0.0363983744376629,0.0363983591424121,0.0363982893938191,0.03639845333049
1,0.621271304255864,0.0363244642933781,0.0362667954007013,0.036268655775906,0.0362686405150322,0.0362685710319427,0.0362687344203972
1,0.621271860120233,0.0361945512269876,0.0361377664544904,0.0361396206911814,0.0361396054646131,0.0361395362455559,0.0361396990884532
1,0.621272415984602,0.0360646381605972,0.0360094163233393,0.0360112644508336,0.0360112492584991,0.0360111803020138,0.0360113426019963
1,0.621272971848972,0.0359347250942067,0.0358817403151029,0.0358835823625389,0.035883567204366,0.0358834985090027,0.0358836602686965
1,0.621273527713341,0.0358105718919105,0.0357547337775602,0.035756569773899,0.0357565546498154,0.0357564862141344,0.0357566474361492
1,0.62127408357771,0.0356866451756346,0.0356283920980138,0.03563022207204,0.0356302069819732,0.0356301388045451,0.0356302994914747
1,0.621274639442079,0.0355627184593587,0.0355027107028927,0.0355045346832162,0.0355045196270934,0.0355044517064992,0.0355046118609211
1,0.621275195306448,0.0354387917430828,0.035377685057361,0.0353795030724182,0.0353794880501663,0.0353794203849968,0.0353795800094728
1,0.621275751170817,0.0353148650268069,0.0352533106649306,0.0352551227429851,0.0352551077545308,0.035255040343387,0.0352551994404629
1,0.621276307035186,0.035190938310531,0.0351295830670775,0.0351313892362222,0.0351313742814918,0.0351313071229847,0.0351314656951907
1,0.621276862899555,0.0350670115942551,0.035006497842864,0.0350082981310216,0.0350082832099415,0.0350082163026917,0.0350083743525426
1,0.621277418763924,0.0349430848779792,0.0348840506085643,0.0348858450434887,0.0348858301559849,0.034885763498623,0.0348859210286178
1,0.621277974628293,0.0348191581617033,0.0347622370172942,0.034764025626572,0.0347640107725703,0.0347639443637365,0.034764101376359
1,0.621278530492662,0.034700643250127,0.0346410527586457,0.0346428355696972,0.0346428207491231,0.0346427545874671,0.034642911085186
1,0.621279086357032,0.0345823447966534,0.0345204935583254,0.0345222705984055,0.0345222558111846,0.0345221898953658,0.0345223458806345
1,0.621279642221401,0.0344640463431798,0.034400555177797,0.0344023264739969,0.0344023117200543,0.0344022460487413,0.0344024015239983
1,0.62128019808577,0.0343457478896826,0.0342812334139038,0.0342829989931518,0.0342829842724127,0.0342829188442836,0.0342830738119524
1,0.621280753950139,0.034227449436209,0.0341625240986151,0.0341642839876779,0.0341642693000672,0.0341642041138093,0.0341643585762988
1,0.621281309814508,0.0341091509827354,0.0340444230985374,0.0340461773240213,0.0340461626694637,0.0340460977237735,0.0340462516834777
1,0.621281865678877,0.0339908525292617,0.0339269263146684,0.0339286749030202,0.0339286602814403,0.0339285955750235,0.0339287490343218
1,0.621282421543246,0.0338725540757881,0.0338100296820352,0.0338117726595437,0.033811758070866,0.0338116936024372,0.0338118465636948
1,0.621282977407615,0.0337542556223145,0.033693729169361,0.0336954665621578,0.0336954520063065,0.0336953877745894,0.0336955402401568
1,0.621283533271984,0.0336410463962007,0.0335780207787343,0.033579752612795,0.0335797380896945,0.0335796740934214,0.0335798260656352
1,0.621284089136353,0.0335280441706267,0.0334629005452831,0.0334646268464285,0.0334646123560027,0.0334645485939151,0.0334647000750974
1,0.621284645000723,0.0334150419450527,0.0333483645368516,0.0333500853307489,0.0333500708729217,0.0333500073437696,0.0333501583362286
1,0.621285200865092,0.0333020397194787,0.0332344088536816,0.0332361241658451,0.0332361097405405,0.0332360464430825,0.0332361969491124
1,0.621285756729461,0.0331890374939047,0.0331210296280968,0.0331227394838892,0.0331227250910308,0.0331226620240343,0.0331228120459155
1,0.62128631259383,0.0330760352683307,0.0330082230241905,0.0330099274488241,0.0330099130883355,0.0330098502505762,0.0330099997905753
1,0.621286868458199,0.0329630330427567,0.0328959852375174,0.0328976842560549,0.0328976699278598,0.0328976073181219,0.0328977563784919
1,0.621287424322568,0.0328500308171827,0.0327843124947883,0.0327860061321443,0.0327859918361659,0.0327859294532422,0.0327860780362224
1,0.621287980186937,0.0327370285916087,0.0326732010535688,0.0326748893345101,0.032674875070672,0.0326748129133632,0.0326749610211796
1,0.621288536051306,0.0326288163568799,0.0325626472019803,0.0325643301511277,0.032564315919353,0.0325642539864684,0.0325644016213336
1,0.621289091915675,0.0325208021978432,0.0324526472584055,0.0324543249002345,0.0324543107004465,0.0324542489908032,0.0324543961549165
1,0.621289647780044,0.0324127880388066,0.0323431975711966,0.0323448699300383,0.0323448557621601,0.0323447942745837,0.0323449409701311
1,0.621290203644413,0.0323047738797699,0.0322342945183866,0.0322359616184287,0.0322359474823835,0.0322358862157073,0.032236032444862
1,0.621290759508783,0.0321967597207332,0.0321259345074039,0.0321275963726922,0.0321275822684028,0.0321275212214682,0.0321276669863904
1,0.621291315373152,0.0320887455616966,0.0320181139747903,0.0320197706292291,0.0320197565566187,0.032019695728275,0.0320198410311116
1,0.621291871237521,0.0319807314026599,0.031910829385922,0.0319124808532754,0.0319124668122669,0.0319124062013712,0.0319125510442567
1,0.62129242710189,0.0318727172436232,0.0318040772347335,0.0318057235386263,0.0318057095291425,0.0318056491345596,0.0318057935196158
1,0.621292982966259,0.0317647030845866,0.0316978540434444,0.0316994952073631,0.0316994812293269,0.0316994210499295,0.0316995649792653
1,0.621293538830628,0.0316612009855341,0.0315921563622898,0.0315937924095836,0.0315937784629179,0.031593718497586,0.0315938619732981
1,0.621294094694997,0.0315578885311718,0.0314869807692532,0.0314886117231348,0.0314885978077624,0.0314885380553839,0.0314886810795562
1,0.621294650559366,0.0314545760767889,0.0313823238697815,0.0313839497533283,0.0313839358691718,0.031383876328642,0.0313840189033464
1,0.621295206423735,0.0313512636224266,0.0312781822966072,0.031279803132762,0.0312797892797444,0.031279729949966,0.0312798720772619
1,0.621295762288104,0.0312479511680643,0.0311745527093651,0.0311761685209371,0.031176154698981,0.0311760955788641,0.0311762372607989
1,0.621296318152474,0.031144638713702,0.0310714317944197,0.0310730426040857,0.0310730288131139,0.031072969901576,0.0310731111401848
1,0.621296874016843,0.0310413262593397,0.0309688162645925,0.0309704220948973,0.0309704083348326,0.0309703496307984,0.0309704904281045
1,0.621297429881212,0.0309380138049774,0.0308667028589112,0.030868303732269,0.0308682900030341,0.0308682315054354,0.0308683718634501
1,0.621297985745581,0.0308347013506151,0.0307650883423628,0.0307666842810578,0.0307666705825755,0.0307666122903515,0.0307667522110743
1,0.62129854160995,0.0307356426380679,0.0306639695056489,0.0306655605318365,0.0306655468640295,0.0306654887761263,0.0306656282615449
1,0.621299097474319,0.0306367656033958,0.0305633431649439,0.0305649293006512,0.0305649156634422,0.0305648577788131,0.0305649968309035
1,0.621299653338688,0.0305378885687237,0.0304632061616554,0.0304647874287824,0.0304647738220943,0.0304647161396993,0.0304648547604261
1,0.621300209203057,0.0304390115340515,0.0303635553621878,0.0303651317825081,0.0303651182062638,0.03036506072507,0.0303651989163861
1,0.621300765067426,0.0303401344993794,0.0302643876577079,0.0302659592528698,0.0302659457069919,0.0302658884259734,0.0302660261898203
1,0.621301320931795,0.0302412574647072,0.0301656999639131,0.0301672667554402,0.0301672532398518,0.0301671961579892,0.0301673334962972
1,0.621301876796164,0.0301423804300351,0.0300674892208028,0.0300690512300949,0.0300690377447188,0.0300689808609996,0.0300691177756876
1,0.621302432660534,0.0300435033953629,0.029969752392451,0.0299713096407852,0.0299712961855442,0.0299712394989627,0.0299713759919385
1,0.621302988524903,0.0299446263606908,0.0298724864667823,0.0298740389753135,0.0298740255501308,0.0298739690596877,0.029874105132848
1,0.621303544389272,0.0298497626930049,0.0297756884553503,0.0297772362451124,0.0297772228499108,0.0297771665546137,0.029777302209844
1,0.621304100253641,0.0297550731674345,0.0296793553931178,0.029680898485024,0.0296808851197267,0.0296808290185895,0.0296809642577646
1,0.62130465611801,0.0296603836418642,0.0295834843382395,0.0295850227530838,0.0295850094176138,0.029584953509657,0.0295850883346407
1,0.621305211982379,0.0295656941162938,0.0294880723718476,0.0294896061303052,0.0294895928245857,0.029489537108836,0.0294896715214814
1,0.621305767846748,0.0294710045907235,0.0293931165978389,0.029394645720467,0.0293946324444212,0.0293945769199121,0.0293947109220614
1,0.621306323711117,0.0293763150651531,0.0292986141426648,0.0293001386499036,0.0293001254034547,0.0293000700692257,0.0293002036627106
1,0.621306879575486,0.0292816255395827,0.0292045621551229,0.0292060820672962,0.0292060688503677,0.0292060137054647,0.0292061468921061
1,0.621307435439855,0.0291869360140124,0.0291109578061515,0.0291124731434677,0.0291124599559829,0.0291124049994579,0.0291125377810666
1,0.621307991304224,0.029092246488442,0.0290177982886258,0.0290193090711785,0.0290192959130609,0.0290192411439722,0.0290193735223483
1,0.621308547168594,0.0290013464962618,0.0289250808171377,0.0289265870649068,0.0289265739360798,0.0289265193534919,0.0289266513304252
1,0.621309103032963,0.0289106135157098,0.028832802627871,0.0288343043607229,0.0288342912611101,0.0288342368640935,0.0288343684413635
1,0.621309658897332,0.0288198805351579,0.0287409609782924,0.0287424582159812,0.0287424451455064,0.0287423909331376,0.0287425221125136
1,0.621310214761701,0.0287291475546059,0.0286495531470307,0.028651045909199,0.0286510328677859,0.0286509788391474,0.0286511096223886
1,0.62131077062607,0.0286384145740539,0.0285585764336653,0.0285600647398448,0.0285600517274172,0.0285599978815974,0.0285601282704529
1,0.621311326490439,0.028547681593502,0.0284680281585347,0.0284695120281471,0.0284694990446289,0.0284694453807222,0.028469575376931
1,0.621311882354808,0.02845694861295,0.028377905662548,0.0283793851149053,0.0283793721602205,0.0283793186773271,0.0283794482826185
1,0.621312438219177,0.0283662156323981,0.0282882063069969,0.0282896813613028,0.0282896684353756,0.0282896151326013,0.0282897443486946
1,0.621312994083546,0.0282754826518461,0.0281989274733716,0.0282003981487216,0.0282003852514761,0.0282003321279329,0.0282004609565375
1,0.621313549947915,0.0281883304927598,0.0281100665631766,0.0281115328785594,0.0281115200099198,0.028111467064725,0.0281115955075408
1,0.621314105812285,0.0281013385897174,0.0280216209977501,0.0280230829720477,0.0280230701319384,0.0280230173642151,0.0280231454229322
1,0.621314661676654,0.028014346686675,0.0279335882180842,0.027935045870073,0.0279350330584185,0.0279349804672954,0.0279351081435944
1,0.621315217541023,0.0279273547836325,0.0278459656846476,0.0278474190329989,0.0278474062497237,0.0278473538343352,0.0278474811298869
1,0.621315773405392,0.0278403628805901,0.0277587508772096,0.0277601999404904,0.0277601871855193,0.0277601349450051,0.0277602618614712
1,0.621316329269761,0.0277533709775477,0.0276719412946666,0.0276733860913404,0.027673373364598,0.0276733212981035,0.0276734478371361
1,0.62131688513413,0.0276663790745052,0.0275855344548697,0.027586975003297,0.0275869623047082,0.0275869104113842,0.0275870365746261
1,0.621317440998499,0.0275793871714628,0.0274995278944545,0.0275009642128937,0.0275009515423835,0.0275008998213861,0.0275010256104708
1,0.621317996862868,0.0274923952684204,0.0274139191686729,0.0274153512752808,0.0274153386327742,0.0274152870832649,0.0274154124998168
1,0.621318552727237,0.0274087895079224,0.0273287058512257,0.0273301337640582,0.0273301211494805,0.0273300697706261,0.0273301948162604
1,0.621319108591606,0.027325337603773,0.0272438855340981,0.027245309271111,0.0272452966843874,0.0272452454753601,0.0272453701516828
1,0.621319664455975,0.0272418856996236,0.0271594558273961,0.0271608754064457,0.0271608628475016,0.0271608118074788,0.027160936116087
1,0.621320220320345,0.0271584337954742,0.0270754143591847,0.0270768297980284,0.0270768172667895,0.0270767663949536,0.0270768903374355
1,0.621320776184714,0.0270749818913248,0.0269917587753282,0.0269931700916252,0.026993157588017,0.0269931068835559,0.0269932304614906
1,0.621321332049083,0.0269915299871753,0.0269084867393315,0.0269098939506436,0.0269098814745919,0.0269098309366983,0.0269099541516563
1,0.621321887913452,0.0269080780830259,0.0268255959321835,0.0268269990559755,0.0268269866074063,0.0268269362352781,0.0268270590888209
1,0.621322443777821,0.0268246261788599,0.0267430840521856,0.0267444831058262,0.0267444706846654,0.0267444204775055,0.0267445429711861
1,0.62132299964219,0.0267411742747104,0.0266609488148639,0.0266623438156261,0.0266623314217998,0.0266622813788162,0.0266624035141788
1,0.621323555506559,0.0266609266706801,0.026579187952718,0.0265805789177799,0.0265805665512145,0.0265805166716201,0.0265806384502003
1,0.621324111370928,0.0265808268522302,0.0264977992151373,0.0264991861615826,0.0264991738222045,0.026499124105217,0.0264992455285419
1,0.621324667235297,0.0265007270337802,0.0264167803682349,0.0264181633130537,0.0264181510007893,0.0264181014456315,0.0264182225152197
1,0.621325223099666,0.0264206272153302,0.0263361291947004,0.0263375081547896,0.0263374958695656,0.0263374464754651,0.0263375671928268
1,0.621325778964036,0.0263405273968802,0.026255843493654,0.0262572184858182,0.0262572062275614,0.0262571569937506,0.0262572773603875
1,0.621326334828405,0.0262604275784303,0.0261759210805024,0.0261772921214542,0.0261772798900915,0.0261772308158074,0.026177350833213
1,0.621326890692774,0.0261803277599803,0.0260963597867953,0.0260977268931561,0.0260977146886145,0.0260976657730991,0.0260977854427587
1,0.621327446557143,0.0261002279415303,0.0260171574600841,0.0260185206483847,0.0260185084705915,0.0260184597130912,0.0260185790364818
1,0.621328002421512,0.0260201281230803,0.025938311963782,0.0259396712504631,0.0259396590993456,0.0259396104991118,0.0259397294777022
1,0.621328558285881,0.0259430626699143,0.0258598211770252,0.0258611765784381,0.0258611644539237,0.0258611160102123,0.0258612346454632
1,0.62132911415025,0.0258661392428659,0.0257816829945356,0.0257830345269427,0.0257830224289591,0.0257829741410304,0.0257830924343947
1,0.621329670014619,0.0257892158158176,0.0257038953264849,0.0257052430060603,0.0257052309345351,0.0257051828016543,0.0257053007545766
1,0.621330225878988,0.0257122923887692,0.0256264560983602,0.0256277999411902,0.0256277878960515,0.0256277399174879,0.0256278575314052
1,0.621330781743357,0.0256353689617209,0.0255493632508305,0.0255507032729146,0.0255506912540902,0.0255506434291181,0.0255507607054592
1,0.621331337607726,0.0255584455346725,0.0254726147396155,0.0254739509568662,0.0254739389642844,0.0254738912921823,0.0254740082323682
1,0.621331893472095,0.0254815221076242,0.0253962085353543,0.0253975409635984,0.0253975289971875,0.0253974814772382,0.0253975980826825
1,0.621332449336465,0.0254045986805758,0.0253201426234768,0.0253214712784557,0.0253214593381441,0.025321411969635,0.025321528241743
1,0.621333005200834,0.0253276752535274,0.0252444150040755,0.0252457399014455,0.0252457279871619,0.0252456807693847,0.0252457967095545
1,0.621333561065203,0.0252536272223238,0.0251690236917788,0.0251703448471121,0.0251703329587853,0.0251702858910359,0.0251704015006577
1,0.621334116929572,0.0251797157483487,0.0250939667156259,0.0250952841444108,0.0250952722819696,0.0250952253635484,0.025095340644005
1,0.621334672793941,0.0251058042743735,0.0250192421189423,0.0250205558365839,0.0250205439999575,0.025020497230169,0.0250206121828356
1,0.62133522865831,0.0250318928003983,0.0249448479592172,0.024946157981038,0.0249461461701555,0.0249460995483086,0.0249462141745528
1,0.621335784522679,0.0249579813264232,0.0248707823079817,0.024872088649222,0.0248720768640127,0.0248720303894204,0.0248721446906026
1,0.621336340387048,0.024884069852448,0.0247970432506881,0.0247983459265066,0.0247983341669001,0.0247982878388795,0.0247984018163526
1,0.621336896251417,0.0248101583784581,0.0247236288865765,0.0247249279120507,0.0247249161779768,0.024724869995849,0.0247249836509587
1,0.621337452115787,0.024736246904483,0.0246505373286147,0.0246518327187418,0.0246518210101301,0.0246517749732208,0.0246518883073053
1,0.621338007980156,0.0246623354305078,0.0245777667032937,0.0245790584729906,0.0245790467897712,0.0245790008974097,0.0245791139118002
1,0.621338563844525,0.0245911505335347,0.0245053151505704,0.0245066033146746,0.0245065916567776,0.0245065459082975,0.0245066586043179
1,0.621339119708894,0.0245200969983523,0.0244331808237383,0.0244344653970084,0.0244344537643641,0.0244344081591029,0.02443452053807
1,0.621339675573263,0.0244490434631699,0.0243613618893142,0.0243626428864301,0.024362631278969,0.0243625858162682,0.0243626978794916
1,0.621340231437632,0.0243779899279876,0.0242898565269253,0.0242911339624891,0.0242911223801417,0.0242910770593469,0.0242911888081292
1,0.621340787302001,0.0243069363928052,0.0242186629291985,0.0242199368177346,0.0242199252604318,0.0242198800808923,0.0242199915165293
1,0.62134134316637,0.0242358828576228,0.0241477793016496,0.0241490496576056,0.0241490381252782,0.0241489930863474,0.0241491042101277
1,0.621341899030739,0.0241648293224404,0.0240772038625745,0.0240784707003215,0.0240784591929007,0.0240784142939356,0.0240785251071411
1,0.621342454895108,0.024093775787258,0.0240069348429413,0.0240081981767743,0.0240081866941913,0.024008141934553,0.0240082524384585
1,0.621343010759477,0.0240227222520756,0.0239369704862827,0.0239382303304212,0.0239382188726074,0.0239381742516608,0.0239382844475345
1,0.621343566623846,0.0239542558537168,0.0238673090485906,0.0238685654171792,0.0238685539840661,0.0238685095011798,0.0238686193902829
1,0.621344122488216,0.0238859158779566,0.0237979487982109,0.0237992017053195,0.0237991902968389,0.0237991459513852,0.0237992555349725
1,0.621344678352585,0.0238175759021965,0.0237288880157395,0.0237301374753639,0.0237301260914478,0.0237300818828028,0.0237301911621222
1,0.621345234216954,0.0237492359264363,0.0236601249939196,0.0236613710199822,0.0236613596605625,0.023661315588106,0.0236614245643988
1,0.621345790081323,0.0236808959506762,0.0235916580375396,0.0235929006438896,0.0235928893088986,0.0235928453720141,0.0235929540465149
1,0.621346345945692,0.023612555974916,0.0235234854633324,0.0235247246637462,0.0235247133531162,0.0235246695511908,0.0235247779251278
1,0.621346901810061,0.0235442159991559,0.023455605599875,0.0234568414080569,0.0234568301217206,0.0234567864541451,0.0234568945287399
1,0.62134745767443,0.0234758760233957,0.0233880167874902,0.0233892492170728,0.0233892379549628,0.0233891944211315,0.0233893021975993
1,0.621348013538799,0.0234075360476356,0.0233207173781478,0.0233219464426923,0.0233219352047416,0.0233218918040524,0.0233219992836019
1,0.621348569403168,0.0233416524492819,0.0232537057353682,0.023254931448365,0.0232549202345065,0.0232548769663609,0.0232549841501945
1,0.621349125267537,0.0232758905749678,0.0231869802341255,0.0231882026089948,0.0231881914191618,0.0231881482829648,0.0231882551722784
1,0.621349681131906,0.0232101287006538,0.0231205392607533,0.023121758310845,0.0231217471449709,0.0231217041401309,0.0231218107361143
1,0.621350236996276,0.0231443668263397,0.0230543812128492,0.0230555969514441,0.0230555858094623,0.0230555429353913,0.0230556492392279
1,0.621350792860645,0.0230786049520126,0.0229885044991691,0.0229897169394787,0.0229897058213231,0.0229896630774365,0.0229897690903034
1,0.621351348725014,0.0230128430776985,0.0229229075395871,0.0229241166947544,0.0229241056003588,0.0229240629860754,0.0229241687091437
1,0.621351904589383,0.0229470812033845,0.0228575887649247,0.0228587946480243,0.0228587835773228,0.0228587410920647,0.0228588465264993
1,0.621352460453752,0.0228813193290704,0.0227925466169127,0.0227937492409517,0.0227937381938785,0.0227936958370714,0.0227938009840309
1,0.621353016318121,0.0228155574547564,0.0227277795480884,0.0227289789260066,0.022728967902496,0.0227289256735687,0.022729030534206
1,0.62135357218249,0.022752129285596,0.0226632860217066,0.0226644821663766,0.0226644711663632,0.022664429064748,0.0226645336402097
1,0.621354128046859,0.0226888183703028,0.0225990645116508,0.0226002574358789,0.0226002464592976,0.02260020448443,0.0226003087758567
1,0.621354683911228,0.0226255074550096,0.0225351135023467,0.0225363032188732,0.0225362922656587,0.0225362504169775,0.0225363544255041
1,0.621355239775597,0.0225621965397164,0.0224714314886751,0.0224726180101745,0.0224726070802619,0.0224725653572092,0.0224726690839644
1,0.621355795639967,0.0224988856244232,0.0224080169758863,0.0224092003149679,0.0224091894082925,0.0224091478103136,0.0224092512564203
1,0.621356351504336,0.02243557470913,0.0223448684795152,0.0223460486487236,0.0223460377652207,0.0223459962917641,0.0223460994583394
1,0.621356907368705,0.0223722637938367,0.0222819845252976,0.0222831615371128,0.0222831506767181,0.0222831093272354,0.0222832122153906
1,0.621357463233074,0.0223089528785435,0.0222193636490862,0.0222205375159243,0.0222205266785734,0.0222204854525195,0.0222205880633602
1,0.621358019097443,0.0222456419632503,0.0221570043967687,0.0221581751309821,0.022158164316611,0.0221581232134439,0.0221582255480698
1,0.621358574961812,0.0221845495262216,0.0220949053241858,0.0220960729380636,0.0220960621466084,0.0220960211657891,0.0220961232252944
1,0.621359130826181,0.0221235700849827,0.0220330649970501,0.0220342295028187,0.0220342187342157,0.0220341778752084,0.0220342796606815
1,0.62135968669055,0.0220625906437439,0.0219714819908663,0.0219726434006897,0.0219726326548752,0.0219725919171472,0.0219726934296709
1,0.621360242554919,0.022001611202505,0.0219101548908514,0.0219113132168313,0.021911302493742,0.0219112618767636,0.0219113631174153
1,0.621360798419288,0.0219406317612662,0.0218490822918561,0.0218502375460328,0.0218502268456054,0.02185018634885,0.0218502873187012
1,0.621361354283657,0.0218796523200273,0.0217882627982869,0.0217894149926393,0.0217894043148108,0.0217893639377546,0.0217894646378715
1,0.621361910148027,0.0218186728787885,0.0217276950240287,0.0217288441704748,0.0217288335151822,0.0217287932573046,0.0217288936887481
1,0.621362466012396,0.0217576934375496,0.0216673775923685,0.0216685237027657,0.0216685130699464,0.0216684729307297,0.0216685730945548
1,0.621363021876765,0.0216967139963108,0.0216073091359193,0.021608452222065,0.0216084416116565,0.0216084015905859,0.0216085014878426
1,0.621363577741134,0.0216378447459661,0.0215474882965455,0.0215486283701771,0.021548617782117,0.0215485778786807,0.0215486775104133
1,0.621364133605503,0.0215790844344219,0.0214879137252878,0.0214890507980835,0.0214890402323095,0.0214890004459985,0.0214890998132463
1,0.621364689469872,0.0215203241228659,0.0214285840822782,0.0214297181658571,0.0214297076223072,0.0214296679526155,0.0214297670564122
1,0.621365245334241,0.0214615638113217,0.0213694980367142,0.0213706291426366,0.021370618621249,0.0213705790676734,0.0213706779090476
1,0.62136580119861,0.0214028034997775,0.0213106542667153,0.0213117824064833,0.0213117719071962,0.0213117324692364,0.0213118310492113
1,0.621366357062979,0.0213440431882333,0.0212520514592986,0.0212531766443563,0.0212531661671084,0.0212531268442667,0.0212532251638604
1,0.621366912927348,0.0212852828766891,0.0211936883102965,0.0211948105520303,0.02119480009676,0.021194760888542,0.0211948589487673
1,0.621367468791718,0.0212265225651449,0.0211355635242854,0.0211366828340247,0.0211366724006709,0.0211366333065844,0.0211367311084492
1,0.621368024656087,0.0211677622536007,0.021077675814517,0.021078792203534,0.0210787817920357,0.0210787428115917,0.0210788403560985
1,0.621368580520456,0.0211110103194962,0.0210200239028484,0.0210211373823588,0.0210211269926553,0.0210210881253673,0.0210211854135136
1,0.621369136384825,0.0210543634580301,0.0209626065196742,0.0209637171008377,0.0209637067328682,0.0209636679782525,0.0209637650110309
1,0.621369692249194,0.0209977165965639,0.0209054224038585,0.0209065300977787,0.0209065197514828,0.0209064811090583,0.0209065778874563
1,0.621370248113563,0.0209410697350978,0.0208484703026676,0.0208495751203927,0.02084956479571,0.0208495262649986,0.0208496227899986
1,0.621370803977932,0.0208844228736316,0.0207917489717038,0.0207928509242267,0.0207928406210971,0.0207928022016231,0.0207928984742026
1,0.621371359842301,0.0208277760121655,0.0207352571748388,0.0207363562730978,0.0207363459914613,0.0207363076827517,0.0207364037038832
1,0.62137191570667,0.0207711291506994,0.0206789936841492,0.0206800899390278,0.0206800796788246,0.0206800414804091,0.0206801372510604
1,0.621372471571039,0.0207144822892332,0.020622957279851,0.0206240507021786,0.0206240404633491,0.02062400237476,0.0206240978958939
1,0.621373027435408,0.0206578354277671,0.0205671467502358,0.020568237350788,0.0205682271332727,0.0205681891540449,0.0205682844266193
1,0.621373583299778,0.0206031010930937,0.0205115608916071,0.020512648681106,0.0205126384848456,0.0205126006145165,0.0205126956394846
1,0.621374139164147,0.0205484681417969,0.0204561985082174,0.0204572834973318,0.0204572733222671,0.0204572355603768,0.0204573303386871
1,0.621374695028516,0.0204938351905,0.0204010584122057,0.0204021406115515,0.0204021304576237,0.0204020928037147,0.0204021873363107
1,0.621375250892885,0.0204392022392032,0.0203461394235356,0.0203472188436763,0.0203472087108265,0.0203471711644439,0.0203472654522646
1,0.621375806757254,0.0203845692879064,0.020291440369934,0.0202925170213807,0.0202925069095503,0.0202924694702418,0.0202925635142214
1,0.621376362621623,0.0203299363366095,0.0202369600868305,0.0202380339800424,0.020238023889173,0.0202379865564886,0.0202380803575566
1,0.621376918485992,0.0202753033853127,0.020182697417297,0.0201837685626816,0.0201837584927149,0.0201837212662073,0.0201838148252888
1,0.621377474350361,0.0202206704340158,0.0201286512119882,0.0201297196199019,0.0201297095707798,0.0201296724500039,0.0201297657680191
1,0.62137803021473,0.020166037482719,0.0200748203290823,0.0200758860098303,0.0200758759814949,0.0200758389660083,0.0200759320438729
1,0.621378586079099,0.020113226812425,0.0200212036342226,0.0200222665980597,0.0200222565904531,0.0200222196798158,0.020022312518441
1,0.621379141943469,0.0200605140060502,0.0199678000004488,0.0199688602575791,0.0199688502706438,0.019968813464418,0.0199689060647105
1,0.621379697807838,0.0200078011996859,0.019914608308182,0.0199156658687596,0.0199156559024382,0.0199156192001886,0.0199157115630506
1,0.621380253672207,0.0199550883933217,0.0198616274451036,0.0198626823192329,0.0198626723734681,0.0198626357747619,0.019862727901091
1,0.621380809536576,0.0199023755869574,0.0198088563061416,0.0198099085038775,0.0198098985786122,0.0198098620830189,0.0198099539737084
1,0.621381365400945,0.0198496627805932,0.0197562937934042,0.0197573433247524,0.0197573334199296,0.0197572970270209,0.0197573886829597
1,0.621381921265314,0.0197969499742289,0.0197039388161237,0.0197049856910409,0.019704975806604,0.0197049395159541,0.0197050309380266
1,0.621382477129683,0.0197442371678647,0.0196517902906019,0.0196528345189963,0.0196528246548887,0.019652788466074,0.0196528796551603
1,0.621383032994052,0.0196915243615004,0.0195998471401556,0.0196008887318871,0.0196008788880523,0.0196008428006516,0.0196009337576276
1,0.621383588858421,0.0196405487932451,0.0195481082950624,0.0195491472599429,0.0195491374363246,0.019549101449919,0.019549192175656
1,0.62138414472279,0.0195896677288446,0.0194965726925073,0.0194976090403008,0.019497599236843,0.0194975633510158,0.019497653846381
1,0.621384700587159,0.0195387866644442,0.0194452392765295,0.0194462730169527,0.0194462632335994,0.0194462274479362,0.0194463177137924
1,0.621385256451529,0.0194879056000437,0.0193941069979698,0.0193951381406922,0.0193951283773877,0.0193950926914762,0.0193951827286823
1,0.621385812315898,0.0194370245356432,0.0193431748144188,0.0193442033690629,0.0193441936257516,0.019344158039182,0.0193442478485923
1,0.621386368180267,0.0193861434712427,0.0192924416901647,0.0192934676663065,0.019293457942933,0.0192934224552974,0.0192935120377624
1,0.621386924044636,0.0193352624068422,0.0192419065961425,0.0192429300033117,0.0192429202998206,0.0192428849107136,0.0192429742670792
1,0.621387479909005,0.0192843813424417,0.019191568509883,0.0191925893575632,0.0191925796738995,0.0191925443829176,0.019192633514026
1,0.621388035773374,0.0192335002780412,0.0191414264154628,0.0191424447130917,0.0191424350492005,0.0191423998559426,0.0191424887626315
1,0.621388591637743,0.0191842762382399,0.0190914793034541,0.0190924950604239,0.0190924854162505,0.0190924503203174,0.0190925390034207
1,0.621389147502112,0.0191351434916267,0.0190417261708753,0.019042739396533,0.0190427297720227,0.0190426947730176,0.0190427832333651
1,0.621389703366481,0.0190860107450136,0.0189921660211422,0.0189931767247899,0.0189931671198883,0.0189931322174163,0.0189932204558338
1,0.62139025923085,0.0190368779984004,0.0189427978640195,0.0189438060549144,0.0189437964695672,0.0189437616632357,0.0189438496805448
1,0.621390815095219,0.0189877452517873,0.0188936207155723,0.0188946264029273,0.0188946168370804,0.0188945821264988,0.0188946699235173
1,0.621391370959589,0.0189386125051741,0.0188446335981187,0.0188456367911023,0.0188456272447018,0.0188455926294816,0.0188456802070232
1,0.621391926823958,0.018889479758561,0.0187958355401824,0.0187968362479194,0.0187968267209115,0.0187967922006661,0.0187968795595408
1,0.621392482688327,0.0188403470119478,0.0187472255764457,0.0187482238080171,0.0187482143003482,0.0187481798746934,0.0187482670157069
1,0.621393038552696,0.0187912142653248,0.0186988027476939,0.0186997985121372,0.0186997890237538,0.0186997546923072,0.0186998416162617
1,0.621393594417065,0.0187436628708972,0.018650566100807,0.0186515594071167,0.0186515499379655,0.0186515157003468,0.0186516024080404
1,0.621394150281434,0.0186961997021779,0.0186025146886568,0.0186035055457844,0.0186034960958123,0.0186034619516432,0.0186035484438701
1,0.621394706145803,0.0186487365334586,0.0185546475701,0.0185556359869543,0.0185556265561083,0.0185555925050125,0.0185556787825633
1,0.621395262010172,0.0186012733647393,0.0185069638099236,0.018507949795371,0.0185079403835983,0.0185079064252015,0.0185079924888629
1,0.621395817874541,0.01855381019602,0.0184594624788006,0.0184604460416654,0.0184604366489134,0.0184604027828432,0.0184604886333981
1,0.62139637373891,0.0185063470273007,0.0184121426532459,0.0184131238023103,0.0184131144285265,0.0184130806544125,0.0184131662926401
1,0.62139692960328,0.0184588838585813,0.0183650034155723,0.0183659821595769,0.018365972804709,0.0183659391221829,0.0183660245488585
1,0.621397485467649,0.018411420689862,0.0183180438538475,0.0183190202014915,0.0183190108654873,0.0183189772741826,0.018319062490078
1,0.621398041332018,0.0183639575211427,0.0182712630618509,0.0182722370217924,0.0182722277045998,0.0182721942041519,0.0182722792100352
1,0.621398597196387,0.0183180042542101,0.0182246601390313,0.0182256317198872,0.0182256224214545,0.0182255890115008,0.0182256738081362
1,0.621399153060756,0.018272136279953,0.0181782341904643,0.018179203400811,0.0181791941210864,0.0181791608012661,0.0181792453894144
1,0.621399708925125,0.0182262683056959,0.0181319843268107,0.018132951175184,0.018132941914116,0.0181329086840703,0.0181329930644885
1,0.621400264789494,0.0181804003314388,0.018085909664275,0.0180868741591704,0.0180868649167076,0.0180868317760795,0.0180869159495211
1,0.621400820653863,0.0181345323571817,0.0180400093245642,0.0180409714744371,0.0180409622505284,0.0180409291989628,0.0180410131661777
1,0.621401376518232,0.0180886643829246,0.0179942824348468,0.0179952422481131,0.0179952330427074,0.017995200079851,0.0179952838415856
1,0.621401932382601,0.0180427964086674,0.0179487281277128,0.0179496856127487,0.0179496764257951,0.0179496435512964,0.0179497271082935
1,0.62140248824697,0.0179969284344103,0.0179033455411333,0.0179043007062757,0.0179042915377233,0.0179042587512329,0.0179043421042316
1,0.62140304411134,0.0179510604601532,0.0178581338184208,0.0178590866719674,0.0178590775217658,0.0178590448229357,0.017859127972672
1,0.621403599975709,0.0179066348637225,0.0178130921081899,0.0178140426583995,0.0178140335264983,0.0178140009149826,0.0178140838621886
1,0.621404155840078,0.0178622917531197,0.0177682195643181,0.017769167819411,0.0177691587057598,0.0177691261812144,0.0177692089266189
1,0.621404711704447,0.0178179486425168,0.0177235153459071,0.017724461314065,0.0177244522186137,0.0177244197806962,0.0177245023250247
1,0.621405267568816,0.017773605531914,0.0176789786172444,0.0176799223066108,0.0176799132293095,0.0176798808776792,0.0176799632216537
1,0.621405823433185,0.0177292624213111,0.0176346085477653,0.0176355499664458,0.0176355409072447,0.0176355086415627,0.0176355907859017
1,0.621406379297554,0.0176849193107083,0.0175904043120149,0.0175913434680773,0.0175913344269266,0.0175913022468558,0.0175913841922745
1,0.621406935161923,0.0176405762001055,0.0175463650896109,0.0175473019910854,0.0175472929679358,0.0175472608731408,0.017547342620351
1,0.621407491026292,0.0175962330894938,0.0175024900651978,0.0175034247200772,0.0175034157148792,0.0175033837050264,0.0175034652547367
1,0.621408046890661,0.0175518899788909,0.0174587784284447,0.0174597108446848,0.0174597018573893,0.0174596699321467,0.0174597512850621
1,0.621408602755031,0.0175089254434419,0.0174152293739567,0.0174161595594762,0.0174161505900342,0.0174161187490716,0.017416199905894
1,0.6214091586194,0.0174660407093254,0.0173718421012736,0.0173727700639546,0.0173727611123171,0.0173727293553059,0.017372810316734
1,0.621409714483769,0.0174231559752088,0.0173286158148251,0.0173295415625132,0.0173295326286315,0.0173295009552449,0.0173295817219738
1,0.621410270348138,0.0173802712410922,0.0172855497238954,0.0172864732643999,0.0172864643482254,0.0172864327581381,0.0172865133308601
1,0.621410826212507,0.0173373865069756,0.0172426430425879,0.017243564383682,0.0172435554851663,0.0172435239780549,0.0172436043574586
1,0.621411382076876,0.017294501772859,0.0171998949897903,0.0172008141392112,0.0172008052583061,0.0172007738338486,0.0172008540206198
1,0.621411937941245,0.0172516170387424,0.0171573047891397,0.017158221754589,0.0171582128912463,0.0171581815491224,0.0171582615439435
1,0.621412493805614,0.0172087323046258,0.0171148716689883,0.0171157864581321,0.0171157776123038,0.017115746352195,0.0171158261557453
1,0.621413049669983,0.0171658475705093,0.0170725948623693,0.0170735074828385,0.0170734986544767,0.0170734674760661,0.0170735470890216
1,0.621413605534352,0.0171242810252136,0.0170304736069631,0.0170313840663534,0.0170313752554106,0.0170313441583826,0.0170314235814163
1,0.621414161398721,0.017082791708876,0.0169885071450638,0.0169894154509361,0.0169894066573646,0.0169893756414057,0.0169894548751874
1,0.62141471726309,0.0170413023925384,0.0169466947235459,0.0169476008834263,0.0169475921071789,0.0169475611719766,0.0169476402171732
1,0.62141527312746,0.0169998130762008,0.0169050355938311,0.0169059396152114,0.0169059308562407,0.0169059000014846,0.0169059788587596
1,0.621415828991829,0.0169583237598632,0.0168635290118561,0.0168644309021936,0.0168644221604526,0.0168643913858335,0.0168644700558476
1,0.621416384856198,0.0169168344435256,0.0168221742380396,0.0168230740047576,0.0168230652801993,0.0168230345854098,0.0168231130688206
1,0.621416940720567,0.016875345127188,0.0167809705372506,0.0167818681877383,0.016781859480316,0.0167818288650502,0.0167819071625121
1,0.621417496584936,0.0168338558108504,0.016739917178776,0.0167408127203892,0.0167408040300562,0.0167407734940097,0.0167408516061742
1,0.621418052449305,0.0167923664945128,0.0166990134362896,0.0166999068763504,0.0166998982030601,0.0166998677459301,0.0166999456734458
1,0.621418608313674,0.0167521382441601,0.0166582585878203,0.0166591499336173,0.0166591412773235,0.0166591108988085,0.016659188642321
1,0.621419164178043,0.0167119847604621,0.016617651915721,0.0166185411745098,0.0166185325351663,0.0166185022349665,0.0166185797951182
1,0.621419720042412,0.0166718312767641,0.0165771927066378,0.0165780798856411,0.0165780712632017,0.0165780410410189,0.0165781184184495
1,0.621420275906781,0.0166316777930661,0.0165368802514796,0.0165377653578871,0.016537756752306,0.0165377266078433,0.0165378038031895
1,0.62142083177115,0.0165915243093681,0.0164967138453875,0.0164975968863564,0.0164975882975878,0.0164975582305498,0.0164976352444454
1,0.62142138763552,0.0165513708256622,0.0164566927876967,0.0164575737703518,0.0164575651983501,0.016457535208443,0.0164576120415188
1,0.621421943499889,0.0165112173419642,0.0164168163819389,0.0164176953133728,0.0164176867580925,0.0164176568450239,0.0164177334979078
1,0.621422499364258,0.0164710638582662,0.0163770839357646,0.0163779608230375,0.0163779522844333,0.0163779224479122,0.0163779989212295
1,0.621423055228627,0.0164309103745682,0.0163374947609453,0.016338369611086,0.0163383610891126,0.0163383313288495,0.0163384076232225
1,0.621423611092996,0.0163919638476151,0.0162980481733372,0.0162989209933424,0.0162989124879548,0.0162988828036617,0.0162989589197098
1,0.621424166957365,0.0163530897268022,0.0162587434928517,0.0162596142896867,0.01625960580084,0.0162595761922303,0.0162596521305701
1,0.621424722821734,0.0163142156059892,0.0162195800434269,0.0162204488240256,0.016220440351675,0.0162204108184635,0.0162204865797088
1,0.621425278686103,0.0162753414851763,0.0161805571529993,0.0161814239242645,0.0161814154683654,0.0161813860102682,0.0161814615950302
1,0.621425834550472,0.0162364673643633,0.0161416741534756,0.016142538922279,0.0161425304827869,0.0161425010995217,0.0161425765084085
1,0.621426390414841,0.0161975932435504,0.0161029303807046,0.0161037931538871,0.0161037847307576,0.0161037554220434,0.0161038306556607
1,0.621426946279211,0.0161587191227375,0.0160643251744497,0.0160651859588214,0.0160651775520104,0.0160651483175675,0.016065223376518
1,0.62142750214358,0.0161198450019245,0.0160258578783612,0.0160267166807018,0.0160267082901652,0.0160266791297155,0.0160267540145993
1,0.621428058007949,0.0160809708811116,0.0159875278399493,0.0159883846670081,0.015988376292702,0.0159883472059685,0.0159884219173829
1,0.621428613872318,0.0160432524538627,0.0159493344105566,0.0159501892690529,0.0159501809109334,0.0159501518976407,0.0159502264361804
1,0.621429169736687,0.0160056041700596,0.0159112769453318,0.0159121298419547,0.0159121214999782,0.0159120925598522,0.0159121669261091
1,0.621429725601056,0.0159679558862565,0.0158733548032028,0.0158742057446116,0.0158741974187346,0.0158741685515024,0.015874242746066
1,0.621430281465425,0.0159303076024534,0.0158355673468502,0.0158364163396746,0.0158364080298537,0.015836379235244,0.0158364532587007
1,0.621430837329794,0.0158926593186502,0.0157979139426815,0.0157987609935216,0.0157987526997136,0.0157987239774561,0.0157987978303902
1,0.621431393194163,0.0158550110348471,0.0157603939608048,0.0157612390762313,0.0157612307983931,0.0157612021482191,0.0157612758312118
1,0.621431949058532,0.015817362751044,0.0157230067750031,0.0157238499615575,0.0157238416996462,0.0157238131212881,0.0157238866349184
1,0.621432504922901,0.0157797144672409,0.0156857517627087,0.0156865930269037,0.0156865847808763,0.0156865562740681,0.015686629618912
1,0.621433060787271,0.0157420661834377,0.0156486283049782,0.0156494676532973,0.0156494594231113,0.0156494309875879,0.0156495041642192
1,0.62143361665164,0.015705524982815,0.0156116357864668,0.015612473225365,0.0156124650109777,0.0156124366464757,0.0156125096554654
1,0.621434172516009,0.0156690517547595,0.0155747735954039,0.0155756091313076,0.0155756009326766,0.0155755726389335,0.0155756454808503
1,0.621434728380378,0.0156325785267042,0.0155380411235679,0.0155388747628751,0.0155388665799581,0.015538838356713,0.0155389110321227
1,0.621435284244747,0.0155961052986415,0.0155014377662548,0.0155022695153351,0.01550226134809,0.0155022331950831,0.0155023057045493
1,0.621435840109116,0.0155596320705861,0.0154649629222827,0.0154657927874778,0.0154657846358626,0.0154657565528353,0.0154658288969188
1,0.621436395973485,0.0155231588425307,0.015428615993924,0.0154294439815474,0.0154294358455202,0.0154294078322153,0.0154294800114747
1,0.621436951837854,0.0154866856144753,0.0153923963869106,0.0153932225032482,0.0153932143827672,0.0153931864389287,0.01539325845392
1,0.621437507702223,0.0154502123864199,0.0153563035104027,0.0153571277617129,0.0153571196567364,0.0153570917821095,0.0153571636333862
1,0.621438063566592,0.0154137391583645,0.0153203367769658,0.0153211591694791,0.0153211510799658,0.0153211232742969,0.0153211949624101
1,0.621438619430962,0.0153783269161258,0.0152844956025464,0.0152853161424663,0.0152853080683747,0.0152852803314116,0.0152853518569098
1,0.621439175295331,0.0153429805641812,0.0152487794064497,0.0152495980999522,0.0152495900412412,0.0152495623727326,0.0152496337361622
1,0.6214397311597,0.0153076342122367,0.0152131876113159,0.0152140044645502,0.0152139964211786,0.0152139688208747,0.0152140400227794
1,0.621440287024069,0.0152722878602921,0.0151777196430976,0.015178534662186,0.0151785266341128,0.0151784991017649,0.0151785701426861
1,0.621440842888438,0.0152369415083475,0.0151423749310374,0.0151431881220752,0.0151431801092597,0.0151431526446203,0.0151432235250971
1,0.621441398752807,0.0152015951564029,0.0151071529076452,0.0151079642767012,0.0151079562791026,0.0151079288819253,0.0151079996024943
1,0.621441954617176,0.0151662488044584,0.0150720530086756,0.0150728625617922,0.01507285457937,0.0150728272494097,0.0150728978106051
1,0.621442510481545,0.0151309024525138,0.0150370746731063,0.0150378824162996,0.0150378744490132,0.0150378471860259,0.0150379175883797
1,0.621443066345914,0.0150955561005692,0.015002217343116,0.0150030232823758,0.015003015330185,0.0150029881339279,0.0150030583779696
1,0.621443622210283,0.0150612269889257,0.0149674804640625,0.0149682846053525,0.0149682766682171,0.0149682495384485,0.0149683196247055
1,0.621444178074652,0.0150269617689726,0.0149328634844612,0.0149336658337191,0.014933657911599,0.0149336308480786,0.0149337007770758
1,0.621444733939022,0.0149926965490194,0.0148983658559634,0.0148991664191015,0.0148991585119568,0.014899131514445,0.0148992012867051
1,0.621445289803391,0.0149584313290663,0.0148639870333357,0.0148647858162402,0.0148647779240312,0.0148647509922898,0.0148648206083332
1,0.62144584566776,0.0149241661091132,0.014829726474438,0.0148305234829701,0.0148305156056569,0.0148304887394489,0.0148305581997937
1,0.621446401532129,0.0148899008891601,0.0147955836402035,0.0147963788801986,0.0147963710177418,0.0147963442168312,0.0147964135219932
1,0.621446957396498,0.014855635669207,0.0147615579946172,0.0147623514718857,0.0147623436242457,0.0147623168883978,0.0147623860388906
1,0.621447513260867,0.0148213704492539,0.0147276490046957,0.0147284407250227,0.0147284328921604,0.0147284062211413,0.0147284752174763
1,0.621448069125236,0.0147871052293008,0.0146938561404665,0.0146946461096124,0.0146946382914885,0.0146946116850656,0.0146946805277519
1,0.621448624989605,0.0147538156942586,0.0146601788749479,0.0146609670986482,0.0146609592952237,0.0146609327531655,0.0146610014427101
1,0.621449180853974,0.0147205881305542,0.0146266166841224,0.0146274031680878,0.0146273953793237,0.0146273689013998,0.0146274374383073
1,0.621449736718343,0.0146873605668565,0.0145931690469429,0.0145939537968596,0.0145939460227172,0.0145939196086982,0.0145939879934712
1,0.621450292582713,0.0146541330031588,0.0145598354452733,0.014560618466803,0.0145606107072435,0.0145605843569011,0.01456065259004
1,0.621450848447082,0.0146209054394611,0.0145266153638952,0.0145273966626754,0.0145273889176603,0.0145273626307673,0.0145274307127703
1,0.621451404311451,0.0145876778757633,0.014493508290482,0.0144942878721259,0.0144942801416168,0.0144942539179472,0.0144943218493102
1,0.62145196017582,0.0145544503120656,0.0144605137155796,0.0144612915856764,0.0144612838696349,0.0144612577089635,0.0144613254901805
1,0.621452516040189,0.0145212227483679,0.0144276311325866,0.0144284072967016,0.0144283995950896,0.0144283734971924,0.0144284411287552
1,0.621453071904558,0.0144879951846701,0.0143948600377362,0.0143956345014109,0.0143956268141902,0.0143956007788444,0.0143956682612425
1,0.621453627768927,0.0144557038447216,0.0143621999300764,0.0143629726988286,0.0143629650259614,0.0143629390529449,0.014363006386666
1,0.621454183633296,0.0144234726323988,0.0143296503114518,0.0143304213907759,0.0143304137322242,0.0143303878213161,0.0143304550068456
1,0.621454739497665,0.014391241420076,0.0142972106864848,0.0142979800818515,0.0142979724375777,0.0142979465885582,0.0142980136263795
1,0.621455295362034,0.0143590102077532,0.0142648805625571,0.0142656482794139,0.0142656406493804,0.0142656148620307,0.014265681752625
1,0.621455851226403,0.0143267789954304,0.0142326594497913,0.0142334254935626,0.0142334178777319,0.0142333921518342,0.0142334588956808
1,0.621456407090773,0.0142945477831077,0.014200546861033,0.0142013112371201,0.0142013036354549,0.0142012779707924,0.0142013445683683
1,0.621456962955142,0.0142623165707849,0.0141685423118325,0.0141693050256138,0.0141692974380767,0.0141692718344336,0.014169338286214
1,0.621457518819511,0.0142300853584621,0.0141366453204268,0.0141374063772578,0.0141373988038119,0.0141373732609733,0.0141374395674314
1,0.62145807468388,0.0141978541461393,0.0141048554077223,0.0141056148129358,0.014105607253544,0.0141055817712963,0.014105647932903
1,0.621458630548249,0.0141665216466141,0.0140731720972765,0.0140739298561828,0.0140739223108082,0.0140738968889385,0.014073962906163
1,0.621459186412618,0.0141352475026101,0.0140415949152811,0.0140423510331681,0.0140423435017739,0.0140423181400704,0.0140423840133796
1,0.621459742276987,0.014103973358606,0.0140101233905443,0.0140108778726773,0.014010870355227,0.0140108450534788,0.0140109107833379
1,0.621460298141356,0.014072699214602,0.0139787570544737,0.013979509906096,0.013979502402553,0.0139794771605502,0.0139795427474223
1,0.621460854005725,0.014041425070598,0.013947495441059,0.0139482466673917,0.0139482391777196,0.0139482139952534,0.0139482794395995
1,0.621461409870094,0.014010150926594,0.0139163380868553,0.0139170876930976,0.01391708021726,0.0139170550941225,0.0139171203964018
1,0.621461965734463,0.01397887678259,0.0138852845309661,0.0138860325222951,0.013886025060256,0.0138859999962401,0.0138860651569099
1,0.621462521598833,0.013947602638586,0.0138543343150267,0.0138550806965979,0.0138550732483211,0.0138550482432208,0.0138551132627364
1,0.621463077463202,0.013916328494582,0.0138234869831873,0.0138242317601346,0.0138242243255841,0.0138241993791944,0.013824264258009
1,0.621463633327571,0.0138859173840835,0.0137927420820909,0.0137934852595265,0.0137934778386666,0.0137934529507832,0.0137935176893483
1,0.62146418919194,0.0138555629248822,0.0137620991608812,0.0137628407438958,0.0137628333366907,0.0137628085071106,0.0137628731058757
1,0.621464745056309,0.0138252084656809,0.0137315577711493,0.0137322977648126,0.0137322903712266,0.0137322655997474,0.0137323300591602
1,0.621465300920678,0.0137948540064796,0.0137011174669429,0.0137018558763031,0.0137018484963008,0.0137018237827211,0.0137018881032273
1,0.621465856785047,0.0137644995472783,0.0136707778047435,0.0136715146348277,0.0136715072683738,0.0136714826124932,0.0136715467945367
1,0.621466412649416,0.013734145088077,0.0136405383434509,0.0136412735992653,0.0136412662463244,0.0136412416479435,0.0136413056919662
1,0.621466968513785,0.0137037906288757,0.0136103986443673,0.0136111323308973,0.0136111249914343,0.0136111004503543,0.0136111643567964
1,0.621467524378154,0.0136734361696744,0.0135803582711819,0.013581090393392,0.0135810830673718,0.0135810585833951,0.0135811223526949
1,0.621468080242524,0.0136430817104731,0.0135504167899553,0.0135511473527893,0.0135511400401769,0.0135511156131067,0.0135511792457006
1,0.621468636106893,0.0136135563558009,0.013520573769104,0.0135213027774851,0.0135212954782458,0.0135212711078861,0.0135213346042088
1,0.621469191971262,0.0135840860144656,0.0134908287793852,0.0134915562382163,0.0134915489523154,0.0134915246384712,0.0134915879989554
1,0.621469747835631,0.0135546156731303,0.0134611813938819,0.0134619073080455,0.0134619000354483,0.0134618757779255,0.0134619390030022
1,0.6214703037,0.013525145331795,0.0134316311879877,0.0134323555623459,0.0134323483030179,0.0134323241016232,0.0134323871917217
2,1.1888237771,0.00204155877455259,0.0123089839721122,0.0123089993881283,0.0123089992783537,0.0123089989336541,0.0123089998207263
2,1.18897941912335,0.00205000278433476,0.0123363788278819,0.01233639428071,0.0123363941706573,0.0123363938252398,0.012336394714317
2,1.18913506114669,0.00205844679411692,0.012363864857985,0.0123638803477553,0.0123638802374236,0.0123638798912859,0.0123638807823748
2,1.18929070317004,0.0020668908038991,0.0123914424657434,0.012391457992587,0.0123914578819751,0.0123914575351151,0.0123914584282224
2,1.18944634519339,0.00207533481368126,0.0124191120567021,0.0124191276207505,0.0124191275098575,0.0124191271622728,0.0124191280574054
2,1.18960198721673,0.00208407382192534,0.0124468740386437,0.0124468896400291,0.0124468895288539,0.0124468891805424,0.0124468900777072
2,1.18975762924008,0.00209288001297638,0.0124747288216033,0.0124747444604586,0.0124747443490001,0.0124747439999595,0.0124747448991633
2,1.18991327126342,0.0021016862040274,0.0125026768178832,0.0125026924943418,0.012502692382599,0.012502692032827,0.0125026929340767
2,1.19006891328677,0.00211049239507843,0.0125307184420681,0.0125307341562641,0.0125307340442359,0.0125307336937304,0.0125307345970328
2,1.19022455531012,0.00211929858612945,0.0125588541110401,0.0125588698631081,0.0125588697507935,0.012558869399552,0.0125588703049143
2,1.19038019733346,0.00212810477718048,0.0125870842439938,0.0125871000340692,0.0125870999214671,0.0125870995694875,0.0125871004769165
2,1.19053583935681,0.00213691096823152,0.0126154092624519,0.0126154250906707,0.01261542497778,0.0126154246250599,0.0126154255345627
2,1.19069148138016,0.00214571715928254,0.0126438295902804,0.0126438454567793,0.0126438453435989,0.0126438449901359,0.0126438459017196
2,1.1908471234035,0.00215454426336001,0.0126723456537045,0.0126723615586207,0.0126723614451495,0.0126723610909415,0.0126723620046131
2,1.19100276542685,0.00216373068641192,0.012700957881324,0.0127009738247954,0.0127009737110324,0.0127009733560769,0.0127009742718435
2,1.19115840745019,0.00217291710946384,0.0127296667041292,0.0127296826862944,0.0127296825722384,0.0127296822165331,0.012729683134402
2,1.19131404947354,0.00218210353251576,0.0127584725555171,0.0127584885765153,0.0127584884621652,0.0127584881057078,0.012758489025686
2,1.19146969149689,0.00219128995556766,0.0127873758713068,0.0127873919312779,0.0127873918166326,0.0127873914594207,0.0127873923815156
2,1.19162533352023,0.00220047637861958,0.0128163770897566,0.0128163931888412,0.0128163930738995,0.0128163927159308,0.0128163936401495
2,1.19178097554358,0.00220966280167149,0.0128454766515797,0.0128454927899189,0.0128454926746798,0.0128454923159519,0.0128454932423017
2,1.19193661756693,0.00221884922472341,0.0128746749999607,0.0128746911776964,0.0128746910621588,0.0128746907026693,0.0128746916311576
2,1.19209225959027,0.00222803564777533,0.0129039725805724,0.0129039887978473,0.01290398868201,0.0129039883217565,0.0129039892523906
2,1.19224790161362,0.00223734006991757,0.0129333698415924,0.0129333860985497,0.0129333859824115,0.0129333856213916,0.0129333865541789
2,1.19240354363697,0.00224692581796341,0.0129628672337199,0.0129628835305035,0.0129628834140633,0.0129628830522747,0.0129628839872225
2,1.19255918566031,0.00225651156600924,0.0129924652101925,0.0129924815469471,0.0129924814302037,0.0129924810676439,0.0129924820047598
2,1.19271482768366,0.00226609731405508,0.0130221642268039,0.0130221806036747,0.0130221804866271,0.0130221801232936,0.013022181062585
2,1.192870469707,0.00227568306210092,0.0130519647419203,0.0130519811590534,0.0130519810417003,0.0130519806775907,0.0130519816190651
2,1.19302611173035,0.00228526881014675,0.0130818672164983,0.0130818836740404,0.0130818835563806,0.0130818831914925,0.0130818841351575
2,1.1931817537537,0.00229485455819259,0.0131118721141025,0.0131118886122009,0.0131118884942334,0.0131118881285642,0.0131118890744274
2,1.19333739577704,0.00230444030623842,0.0131419799009225,0.0131419964397255,0.0131419963214489,0.0131419959549963,0.0131419969030653
2,1.19349303780039,0.00231402605428426,0.0131721910457916,0.0131722076254479,0.0131722075068612,0.0131722071396226,0.013172208089905
2,1.19364867982374,0.00232383666680707,0.0132025060202038,0.0132025226408631,0.0132025225219649,0.0132025221539379,0.0132025231064415
2,1.19380432184708,0.00233384194434525,0.0132329252983325,0.013232941960145,0.0132329418409343,0.0132329414721162,0.0132329424268487
2,1.19395996387043,0.00234384722188345,0.0132634493570484,0.0132634660601652,0.0132634659406407,0.0132634655710292,0.0132634665279983
2,1.19411560589377,0.00235385249942163,0.0132940786759381,0.0132940954205108,0.0132940953006713,0.0132940949302638,0.0132940958894773
2,1.19427124791712,0.00236385777695983,0.0133248137373221,0.0133248305235033,0.0133248304033476,0.0133248300321415,0.0133248309936073
2,1.19442688994047,0.00237386305449802,0.0133556550262742,0.013355671854217,0.0133556717337438,0.0133556713617367,0.0133556723254626
2,1.19458253196381,0.0023838683320362,0.0133866030306393,0.0133866199004977,0.0133866197797059,0.0133866194068952,0.0133866203728891
2,1.19473817398716,0.0023938736095744,0.0134176582410535,0.0134176751529822,0.0134176750318705,0.0134176746582535,0.0134176756265234
2,1.19489381601051,0.00240387888711258,0.013448821150962,0.0134488381051164,0.0134488379836836,0.0134488376092578,0.0134488385798117
2,1.19504945803385,0.00241422653363258,0.0134800922566392,0.0134801092531757,0.0134801091314204,0.0134801087561833,0.0134801097290291
2,1.1952051000572,0.00242467273118032,0.0135114720572078,0.0135114890962833,0.0135114889742044,0.0135114885981533,0.0135114895732991
2,1.19536074208054,0.00243511892872804,0.0135429610546583,0.0135429781364304,0.0135429780140266,0.0135429776371589,0.0135429786146129
2,1.19551638410389,0.00244556512627578,0.0135745597538686,0.013574576878496,0.013574576755766,0.0135745763780791,0.0135745773578493
2,1.19567202612724,0.0024560113238235,0.0136062686626242,0.0136062858302661,0.0136062857072086,0.0136062853286999,0.0136062863107945
2,1.19582766815058,0.00246645752137123,0.0136380882916378,0.0136381055024543,0.0136381053790682,0.0136381049997349,0.0136381059841621
2,1.19598331017393,0.00247690371891897,0.01367001915457,0.0136700364087219,0.0136700362850057,0.0136700359048454,0.0136700368916134
2,1.19613895219728,0.00248734991646669,0.0137020617680488,0.0137020790656979,0.0137020789416504,0.0137020785606602,0.0137020795497774
2,1.19629459422062,0.0024978039871332,0.0137342166516913,0.0137342339929999,0.0137342338686198,0.0137342334867971,0.0137342344782717
2,1.19645023624397,0.00250871376143765,0.0137664843281231,0.0137665017132545,0.0137665015885404,0.0137665012058826,0.013766502199723
2,1.19660587826732,0.00251962353574211,0.013798865323,0.0137988827521182,0.0137988826270689,0.0137988822435732,0.0137988832397878
2,1.19676152029066,0.00253053331004657,0.0138313601650286,0.0138313776382986,0.0138313775129127,0.0138313771285764,0.0138313781271737
2,1.19691716231401,0.00254144308435101,0.0138639693859878,0.0138639869035751,0.0138639867778514,0.0138639863926717,0.0138639873936601
2,1.19707280433735,0.00255235285865547,0.0138966935207497,0.0138967110828209,0.0138967109567579,0.0138967105707322,0.0138967115741202
2,1.1972284463607,0.00256326263295993,0.0139295331073014,0.0139295507140237,0.0139295505876202,0.0139295502007457,0.0139295512065419
2,1.19738408838405,0.00257417240726438,0.0139624886867665,0.0139625063383082,0.0139625062115627,0.0139625058238367,0.0139625068320497
2,1.19753973040739,0.00258508218156884,0.0139955608034275,0.0139955784999575,0.0139955783728687,0.0139955779842884,0.0139955789949268
2,1.19769537243074,0.00259611749910604,0.0140287500047468,0.0140287677464349,0.0140287676190016,0.0140287672295641,0.0140287682426366
2,1.19785101445409,0.00260751485952067,0.0140620568413901,0.014062074628407,0.0140620745006277,0.0140620741103303,0.0140620751258456
2,1.19800665647743,0.00261891221993531,0.0140954818672479,0.0140954996997651,0.0140954995716384,0.0140954991804784,0.0140955001984452
2,1.19816229850078,0.00263030958034992,0.0141290256394585,0.0141290435176484,0.0141290433891728,0.0141290429971473,0.0141290440175746
2,1.19831794052412,0.00264170694076455,0.0141626887184306,0.0141627066424664,0.0141627065136407,0.0141627061207468,0.0141627071436433
2,1.19847358254747,0.00265310430117917,0.0141964716678664,0.0141964896379222,0.014196489508745,0.0141964891149799,0.0141964901403545
2,1.19862922457082,0.0026645016615938,0.0142303750547847,0.0142303930710355,0.0142303929415053,0.0142303925468661,0.0142303935747278
2,1.19878486659416,0.00267589902200843,0.014264399449544,0.0142644175121656,0.014264417382281,0.014264416986765,0.0142644180171227
2,1.19894050861751,0.00268729638242305,0.0142985454258663,0.0142985635350354,0.0142985634047951,0.0142985630083992,0.0142985640412619
2,1.19909615064086,0.00269894922441377,0.0143328135608607,0.014332831716755,0.0143328315861574,0.0143328311888789,0.0143328322242556
2,1.1992517926642,0.00271085962602343,0.0143672044350472,0.0143672226378451,0.0143672225068889,0.0143672221087248,0.0143672231466247
2,1.19940743468755,0.00272277002763309,0.014401718632381,0.014401736882262,0.0144017367509456,0.014401736351893,0.0144017373923253
2,1.1995630767109,0.00273468042924276,0.0144363567402766,0.0144363750374209,0.014436374905743,0.014436374505799,0.0144363755487728
2,1.19971871873424,0.00274659083085241,0.0144711193496323,0.0144711376942213,0.0144711375621803,0.014471137161342,0.0144711382068665
2,1.19987436075759,0.00275850123246208,0.0145060070548552,0.0145060254470709,0.0145060253146655,0.0145060249129298,0.0145060259610143
2,1.20003000278093,0.00277041163407173,0.0145410204538856,0.0145410388939111,0.0145410387611398,0.0145410383585038,0.0145410394091576
2,1.20018564480428,0.0027823220356814,0.0145761601482227,0.0145761786362419,0.0145761785031031,0.0145761780995639,0.0145761791527965
2,1.20034128682763,0.00279423243729107,0.0146114267429492,0.0146114452791471,0.0146114451456394,0.0146114447411939,0.0146114457970145
2,1.20049692885097,0.00280654164431489,0.0146468208467573,0.0146468394313197,0.0146468392974416,0.0146468388920868,0.0146468399505051
2,1.20065257087432,0.00281899208839883,0.0146823430719745,0.0146823617050883,0.0146823615708383,0.0146823611645712,0.0146823622255965
2,1.20080821289767,0.00283144253248275,0.0147179940345893,0.0147180127164422,0.0147180125818187,0.0147180121746363,0.0147180132382782
2,1.20096385492101,0.00284389297656669,0.0147537743542773,0.014753793085058,0.0147537929500596,0.0147537925419588,0.014753793608227
2,1.20111949694436,0.00285634342065063,0.014789684654428,0.0147897034343261,0.0147897032989512,0.014789702889929,0.014789703958833
2,1.2012751389677,0.00286879386473455,0.0148257255621706,0.0148257443913768,0.0148257442556239,0.0148257438456772,0.0148257449172267
2,1.20143078099105,0.00288124430881849,0.0148618977084018,0.0148619165871078,0.0148619164509753,0.0148619160401011,0.0148619171143058
2,1.2015864230144,0.00289369475290241,0.0148982017278122,0.0148982206562104,0.0148982205196968,0.0148982201078919,0.0148982211847617
2,1.20174206503774,0.00290614519698635,0.0149346382589136,0.0149346572371978,0.0149346571003014,0.0149346566875628,0.0149346577671075
2,1.20189770706109,0.00291915237747223,0.0149712079440669,0.0149712269724315,0.0149712268351509,0.0149712264214753,0.0149712275037047
2,1.20205334908444,0.00293217151987932,0.015007911429509,0.0150079305081496,0.0150079303704832,0.0150079299558676,0.0150079310407917
2,1.20220899110778,0.00294519066228643,0.015044749365382,0.0150447684944952,0.0150447683564414,0.0150447679408826,0.0150447690285113
2,1.20236463313113,0.00295820980469353,0.01508172240576,0.0150817415855435,0.0150817414471006,0.0150817410305954,0.0150817421209388
2,1.20252027515447,0.00297122894710064,0.0151188312086788,0.0151188504393311,0.0151188503004976,0.0151188498830429,0.015118850976111
2,1.20267591717782,0.00298424808950775,0.0151560764361636,0.0151560957178843,0.0151560955786585,0.0151560951602511,0.0151560962560541
2,1.20283155920117,0.00299726723191484,0.0151934587542582,0.015193478087248,0.0151934779476284,0.015193477528265,0.015193478626813
2,1.20298720122451,0.00301028637432195,0.0152309788330545,0.0152309982175152,0.0152309980775,0.0152309976571775,0.0152309987584808
2,1.20314284324786,0.00302343700198361,0.0152686373467215,0.0152686567828557,0.0152686566424434,0.0152686562211585,0.0152686573252273
2,1.20329848527121,0.00303705527026593,0.015306434973535,0.0153064544615466,0.0153064543207356,0.015306453898485,0.0153064550053296
2,1.20345412729455,0.00305067353854825,0.0153443723959076,0.0153443919360014,0.0153443917947899,0.0153443913715704,0.0153443924812013
2,1.2036097693179,0.00306429180683056,0.0153824503004188,0.0153824698928007,0.0153824697511871,0.0153824693269954,0.0153824704394228
2,1.20376541134125,0.00307791007511288,0.0154206693778452,0.0154206890227223,0.0154206888807049,0.0154206884555377,0.0154206895707723
2,1.20392105336459,0.00309152834339518,0.0154590303231916,0.0154590500207719,0.015459049878349,0.015459049452203,0.0154590505702552
2,1.20407669538794,0.0031051466116775,0.0154975338357215,0.0154975535862142,0.0154975534433842,0.0154975530162561,0.0154975541371365
2,1.20423233741128,0.00311876487995983,0.0155361806189886,0.0155362004226039,0.0155362002793651,0.0155361998512515,0.0155362009749707
2,1.20438797943463,0.00313238314824213,0.0155749713808678,0.0155749912378171,0.0155749910941677,0.0155749906650653,0.0155749917916341
2,1.20454362145798,0.00314629185747053,0.0156139068335875,0.0156139267440833,0.0156139266000216,0.015613926169927,0.015613927299356
2,1.20469926348132,0.00316054157745568,0.0156529876937611,0.0156530076580168,0.0156530075135411,0.015653007082451,0.015653008214751
2,1.20485490550467,0.00317479129744085,0.0156922146824194,0.0156922347006499,0.0156922345557583,0.0156922341236692,0.0156922352588512
2,1.20501054752802,0.00318904101742601,0.0157315885250432,0.0157316085974643,0.0157316084521552,0.0157316080190637,0.0157316091571384
2,1.20516618955136,0.00320329073741116,0.0157711099515961,0.0157711300784247,0.0157711299326964,0.0157711294985991,0.0157711306395775
2,1.20532183157471,0.00321754045739633,0.0158107796965576,0.0158107998780119,0.0158107997318625,0.0158107992967559,0.0158108004406491
2,1.20547747359805,0.00323179017738148,0.0158505984989564,0.0158506187352554,0.0158506185886832,0.015850618152564,0.015850619299383
2,1.2056331156214,0.00324603989736665,0.0158905671024039,0.0158905873937683,0.0158905872467715,0.0158905868096361,0.0158905879593919
2,1.20578875764475,0.00326028961735182,0.0159306862551287,0.0159307066017799,0.0159307064543567,0.0159307060162016,0.0159307071689056
2,1.20594439966809,0.00327500570795732,0.01597095671001,0.0159709771121709,0.0159709769643194,0.0159709765251412,0.0159709776808045
2,1.20610004169144,0.00328992124063965,0.0160113792246131,0.0160113996825076,0.016011399534226,0.0160113990940211,0.016011400252655
2,1.20625568371479,0.00330483677332196,0.0160519545612235,0.0160519750750766,0.0160519749263632,0.016051974485128,0.0160519756467439
2,1.20641132573813,0.0033197523060043,0.0160926834868822,0.0160927040569203,0.0160927039077732,0.0160927034655043,0.0160927046301135
2,1.20656696776148,0.00333466783868663,0.0161335667734214,0.0161335873998721,0.0161335872502894,0.0161335868069831,0.0161335879745971
2,1.20672260978482,0.00334958337136894,0.0161746051974999,0.0161746258805919,0.0161746257305717,0.0161746252862245,0.0161746264568548
2,1.20687825180817,0.00336449890405128,0.0162157995406395,0.0162158202806027,0.0162158201301433,0.0162158196847515,0.0162158208584097
2,1.20703389383152,0.00337941443673359,0.0162571505892609,0.0162571713863265,0.0162571712354259,0.016257170788986,0.0162571719656837
2,1.20718953585486,0.00339432996941592,0.016298659134721,0.0162986799891214,0.0162986798377778,0.016298679390286,0.016298680570035
2,1.20734517787821,0.00340990638420765,0.0163403259733493,0.0163403468853182,0.0163403467335296,0.0163403462849824,0.0163403474677943
2,1.20750081990156,0.00342552427398745,0.0163821519064855,0.0163821728762579,0.0163821727240223,0.0163821722744161,0.0163821734603027
2,1.2076564619249,0.00344114216376727,0.0164241377405173,0.0164241587683293,0.0164241586156449,0.0164241581649759,0.0164241593539492
2,1.20781210394825,0.00345676005354707,0.0164662842869179,0.016466305373007,0.0164663052198719,0.0164663047681364,0.0164663059602082
2,1.2079677459716,0.00347237794332689,0.0165085923622851,0.01650861350689,0.0165086133533022,0.0165086129004965,0.0165086140956789
2,1.20812338799494,0.00348799583310672,0.016551062788379,0.0165510839917397,0.0165510838376973,0.0165510833838176,0.0165510845821226
2,1.20827903001829,0.00350361372288652,0.0165936963921616,0.0165937176545194,0.0165937175000204,0.016593717045063,0.0165937182465027
2,1.20843467204163,0.00351923161266634,0.016636494005836,0.0166365153274335,0.0166365151724759,0.0166365147164371,0.0166365159210237
2,1.20859031406498,0.00353498399738371,0.0166794564668858,0.0166794778479671,0.0166794776925489,0.0166794772354248,0.0166794784431706
2,1.20874595608833,0.00355134313260702,0.0167225846181159,0.016722606058926,0.0167226059030453,0.0167226054448321,0.0167226066557494
2,1.20890159811167,0.00356770226783034,0.0167658793076916,0.0167659008084773,0.0167659006521319,0.0167659001928259,0.016765901406927
2,1.20905724013502,0.00358406140305363,0.0168093413891805,0.0168093629501896,0.0168093627933776,0.0168093623329749,0.0168093635502722
2,1.20921288215837,0.00360042053827695,0.016852971721593,0.0168529933430748,0.0168529931857941,0.0168529927242909,0.0168529939447969
2,1.20936852418171,0.00361677967350024,0.0168967711694237,0.0168967928516288,0.0168967926938775,0.0168967922312699,0.0168967934549971
2,1.20952416620506,0.00363313880872356,0.0169407406026938,0.0169407623458742,0.0169407621876502,0.0169407617239342,0.0169407629508953
2,1.2096798082284,0.00364949794394688,0.0169848808969924,0.0169849027014015,0.0169849025427026,0.0169849020778744,0.0169849033080821
2,1.20983545025175,0.00366585707917017,0.0170291929335196,0.0170292147994121,0.0170292146402363,0.017029214174292,0.0170292154077591
2,1.2099910922751,0.00368254644666351,0.0170736775991296,0.0170736995267617,0.0170736993671069,0.0170736989000424,0.0170737001367817
2,1.21014673429844,0.00369968823368317,0.0171183357863735,0.0171183577760026,0.0171183576158667,0.0171183571476782,0.0171183583877025
2,1.21030237632179,0.00371683002070286,0.0171631683935433,0.0171631904454285,0.0171631902848094,0.0171631898154929,0.0171631910588151
2,1.21045801834514,0.00373397180772255,0.017208176324716,0.0172081984391177,0.0172081982780133,0.0172081978075647,0.017208199054198
2,1.21061366036848,0.00375111359474221,0.017253360489798,0.0172533826669779,0.017253382505386,0.0172533820338014,0.0172533832837587
2,1.21076930239183,0.0037682553817619,0.01729872180457,0.0172987440447915,0.0172987438827099,0.0172987434099852,0.0172987446632798
2,1.21092494441518,0.00378539716878156,0.0173442611907322,0.01734428349426,0.0173442833316865,0.0173442828578177,0.0173442841144628
2,1.21108058643852,0.00380253895580125,0.0173899795759503,0.0173900019430505,0.017390001779983,0.017390001304966,0.0173900025649748
2,1.21123622846187,0.00381968074282094,0.0174358778939011,0.0174359003248413,0.0174359001612777,0.0174358996851083,0.0174359009484943
2,1.21139187048521,0.00383737020870589,0.0174819570843193,0.0174819795793686,0.0174819794153066,0.0174819789379808,0.0174819802047574
2,1.21154751250856,0.00385533876080064,0.0175282180930445,0.0175282406524736,0.017528240487911,0.0175282400094247,0.0175282412796053
2,1.21170315453191,0.00387330731289539,0.0175746618720683,0.0175746844961494,0.0175746843310839,0.0175746838514329,0.0175746851250311
2,1.21185879655525,0.00389127586499012,0.0176212893795823,0.0176213120685889,0.0176213119030184,0.0176213114221985,0.017621312699228
2,1.2120144385786,0.00390924441708488,0.0176681015800262,0.0176681243342335,0.0176681241681557,0.0176681236861627,0.0176681249666372
2,1.21217008060195,0.00392721296917961,0.0177150994441364,0.017715122263821,0.0177151220972335,0.0177151216140633,0.0177151228979966
2,1.21232572262529,0.00394518152127436,0.0177622839489951,0.0177623068344353,0.0177623066673359,0.0177623061829842,0.0177623074703902
2,1.21248136464864,0.00396315007336912,0.0178096560780798,0.0178096790295554,0.0178096788619419,0.0178096783764044,0.017809679667297
2,1.21263700667198,0.00398111862546385,0.0178572168213134,0.0178572398391057,0.0178572396709757,0.0178572391842482,0.0178572404786414
2,1.21279264869533,0.00399987615044831,0.0179049671751145,0.0179049902595064,0.0179049900908576,0.0179049896029359,0.0179049909008437
2,1.21294829071868,0.00401871849288186,0.0179529081424482,0.0179529312937242,0.0179529311245542,0.0179529306354339,0.0179529319368706
2,1.21310393274202,0.00403756083531543,0.0180010407328777,0.0180010639513239,0.0180010637816304,0.0180010632913072,0.0180010645962869
2,1.21325957476537,0.00405640317774901,0.0180493659626158,0.01804938924852,0.0180493890783006,0.0180493885867702,0.0180493898953072
2,1.21341521678872,0.00407524552018256,0.0180978848545773,0.0180979082082288,0.0180979080374812,0.0180979075447391,0.0180979088568479
2,1.21357085881206,0.00409408786261613,0.0181465984384321,0.0181466218601218,0.0181466216888436,0.0181466211948854,0.0181466225105805
2,1.21372650083541,0.00411293020504968,0.0181955077506576,0.0181955312406782,0.0181955310688669,0.0181955305736884,0.0181955318929842
2,1.21388214285875,0.00413177254748325,0.0182446138345936,0.0182446373932393,0.0182446372208925,0.0182446367244891,0.0182446380474003
2,1.2140377848821,0.0041507474095994,0.0182939177404952,0.0182939413680619,0.0182939411951773,0.0182939406975446,0.0182939420240858
2,1.21419342690545,0.00417051370250302,0.0183434205255886,0.0183434442223739,0.0183434440489489,0.0183434435500824,0.0183434448802685
2,1.21434906892879,0.00419027999540667,0.0183931232541257,0.018393147020429,0.0183931468464612,0.0183931463463564,0.0183931476802022
2,1.21450471095214,0.0042100462883103,0.0184430269974402,0.0184430508335624,0.0184430506590493,0.0184430501577017,0.0184430514952221
2,1.21466035297549,0.00422981258121395,0.0184931328340036,0.0184931567402473,0.0184931565651864,0.0184931560625916,0.0184931574038016
2,1.21481599499883,0.0042495788741176,0.0185434418494818,0.0185434658261516,0.0185434656505404,0.0185434651466937,0.0185434664916084
2,1.21497163702218,0.00426934516702123,0.0185939551367927,0.0185939791841947,0.0185939790080306,0.0185939785029275,0.0185939798515621
2,1.21512727904553,0.00428911145992488,0.018644673796164,0.0186446979146061,0.0186446977378868,0.0186446972315225,0.0186446985838923
2,1.21528292106887,0.0043088777528285,0.0186955989351914,0.0186956231249832,0.018695622947706,0.0186956224400761,0.0186956237961964
2,1.21543856309222,0.00432901932579203,0.0187467316688974,0.0187467559303505,0.0187467557525127,0.0187467552436125,0.0187467566034987
2,1.21559420511556,0.00434976310668282,0.0187980731197909,0.0187980974532184,0.0187980972748176,0.0187980967646424,0.0187980981283101
2,1.21574984713891,0.00437050688757359,0.0188496244179271,0.018849648823644,0.0188496486446776,0.0188496481332227,0.0188496495006874
2,1.21590548916226,0.00439125066846438,0.018901386700968,0.0189014111792913,0.0189014109997566,0.0189014104870173,0.0189014118582947
2,1.2160611311856,0.00441199444935515,0.0189533611142437,0.0189533856654919,0.0189533854853863,0.0189533849713579,0.0189533863464637
2,1.21621677320895,0.00443273823024595,0.0190055488108137,0.0190055734353074,0.0190055732546282,0.019005572739306,0.0190055741182561
2,1.2163724152323,0.00445348201113674,0.0190579509515296,0.0190579756495911,0.0190579754683357,0.0190579749517148,0.0190579763345251
2,1.21652805725564,0.00447422579202751,0.0191105687050974,0.0191105934770509,0.0191105932952166,0.0191105927772923,0.0191105941639788
2,1.21668369927899,0.00449496957291831,0.0191634032481414,0.019163428094313,0.0191634279118971,0.0191634273926646,0.0191634287832434
2,1.21683934130233,0.00451635941900053,0.0192164557652679,0.0192164806859855,0.0192164805029854,0.0192164799824397,0.0192164813769271
2,1.21699498332568,0.00453813786665654,0.0192697274491299,0.0192697524447235,0.0192697522611363,0.0192697517392726,0.0192697531376849
2,1.21715062534903,0.00455991631431255,0.0193232195004924,0.0193232445712938,0.0193232443871168,0.0193232438639302,0.0193232452662837
2,1.21730626737237,0.00458169476196853,0.0193769331282979,0.0193769582746407,0.0193769580898712,0.0193769575653569,0.019376958971668
2,1.21746190939572,0.00460347320962454,0.0194308695497333,0.0194308947719534,0.0194308945865885,0.0194308940607414,0.0194308954710268
2,1.21761755141907,0.00462525165728052,0.0194850299902967,0.0194850552887315,0.0194850551027686,0.0194850545755838,0.01948505598986
2,1.21777319344241,0.00464703010493653,0.0195394156838651,0.0195394410588543,0.0195394408722905,0.019539440343763,0.0195394417620468
2,1.21792883546576,0.00466880855259254,0.0195940278727628,0.019594053324648,0.0195940531374804,0.0195940526076052,0.0195940540299134
2,1.21808447748911,0.00469058700024851,0.0196488678078303,0.019648893336955,0.0196488931491808,0.0196488926179528,0.0196488940443024
2,1.21824011951245,0.0047133131988644,0.019703936748494,0.0197039623552039,0.0197039621668202,0.0197039616342345,0.0197039630646424
2,1.2183957615358,0.00473618742093687,0.0197592359628367,0.0197592616474793,0.0197592614584833,0.0197592609245347,0.0197592623590181
2,1.21855140355914,0.00475906164300937,0.0198147667276682,0.0198147924905933,0.0198147923009821,0.0198147917656654,0.0198147932042415
2,1.21870704558249,0.00478193586508188,0.0198705303285971,0.0198705561701564,0.019870555979927,0.0198705554432373,0.0198705568859233
2,1.21886268760584,0.00480481008715435,0.0199265280601032,0.0199265539806505,0.0199265537898,0.019926553251732,0.0199265546985454
2,1.21901832962918,0.00482768430922685,0.0199827612256105,0.0199827872255018,0.0199827870340273,0.0199827864945757,0.0199827879455339
2,1.21917397165253,0.00485055853129932,0.0200392311375608,0.0200392572171539,0.0200392570250524,0.0200392564842122,0.0200392579393328
2,1.21932961367588,0.00487343275337183,0.0200959391174881,0.0200959652771433,0.0200959650844118,0.0200959645421776,0.0200959660014785
2,1.21948525569922,0.00489642936956476,0.020152886496094,0.0201529127361735,0.020152912542809,0.0201529119991757,0.0201529134626744
2,1.21964089772257,0.00492046471626004,0.0202100746133231,0.0202101009341913,0.0202101007401908,0.0202101001951529,0.0202101016628675
2,1.21979653974591,0.00494450006295535,0.0202675048184401,0.0202675312204636,0.0202675310258239,0.0202675304793763,0.0202675319513247
2,1.21995218176926,0.00496853540965064,0.0203251784701064,0.0203252049536539,0.0203252047583721,0.0203252042105094,0.0203252056867096
2,1.22010782379261,0.00499257075634595,0.020383096936459,0.0203831235019016,0.0203831233059745,0.0203831227566913,0.0203831242371616
2,1.22026346581595,0.00501660610304127,0.0204412615951887,0.0204412882428995,0.0204412880463241,0.0204412874956149,0.0204412889803736
2,1.2204191078393,0.00504064144973655,0.0204996738336197,0.020499700563974,0.0204997003667472,0.0204996998146067,0.0204997013036722
2,1.22057474986265,0.00506467679643187,0.0205583350487903,0.0205583618621658,0.0205583616642844,0.0205583611107072,0.020558362604098
2,1.22073039188599,0.00508871214312715,0.0206172466475335,0.0206172735443102,0.020617273345771,0.0206172727907516,0.0206172742884862
2,1.22088603390934,0.00511317332033559,0.0206764100465595,0.0206764370271195,0.0206764368279194,0.0206764362714522,0.0206764377735495
2,1.22104167593268,0.00513843972672595,0.0207358266725378,0.0207358537372656,0.0207358535374013,0.0207358529794809,0.0207358544859595
2,1.22119731795603,0.00516370613311629,0.0207954979621807,0.0207955251114632,0.0207955249109315,0.0207955243515523,0.0207955258624312
2,1.22135295997938,0.00518897253950666,0.0208554253623284,0.0208554525965546,0.0208554523953523,0.0208554518345088,0.0208554533498071
2,1.22150860200272,0.00521423894589699,0.020915610330033,0.0209156376495945,0.0209156374477183,0.0209156368854047,0.0209156384051415
2,1.22166424402607,0.00523950535228736,0.0209760543326453,0.0209760817379359,0.0209760815353825,0.0209760809715934,0.0209760824957879
2,1.22181988604942,0.00526477175867772,0.0210367588479011,0.0210367863393171,0.0210367861360832,0.0210367855708128,0.0210367870994844
2,1.22197552807276,0.00529003816506806,0.021097725364009,0.0210977529419489,0.0210977527380313,0.0210977521712739,0.0210977537044421
2,1.22213117009611,0.00531530457145842,0.021158955379739,0.021158983044604,0.0211589828399992,0.0211589822717491,0.0211589838094334
2,1.22228681211946,0.00534133679084883,0.0212204504045115,0.021220478156705,0.0212204779514097,0.0212204773816611,0.0212204789238813
2,1.2224424541428,0.00536790915094603,0.0212822119584881,0.021282239798416,0.0212822395924269,0.0212822390211741,0.0212822405679499
2,1.22259809616615,0.00539448151104322,0.021344241572662,0.0213442695007329,0.0213442692940464,0.0213442687212835,0.0213442702726349
2,1.22275373818949,0.00542105387114037,0.0214065407889505,0.0214065688055752,0.021406568598188,0.0214065680239093,0.0214065695798562
2,1.22290938021284,0.00544762623123756,0.0214691111602881,0.0214691392658799,0.0214691390577885,0.0214691384819881,0.0214691400425508
2,1.22306502223619,0.00547419859133472,0.0215319542507194,0.0215319824456945,0.0215319822368954,0.0215319816595673,0.0215319832247661
2,1.22322066425953,0.00550077095143191,0.0215950716354952,0.0215950999202719,0.0215950997107617,0.0215950991319001,0.0215951007017552
2,1.22337630628288,0.0055273433115291,0.0216584649011669,0.0216584932761665,0.0216584930659415,0.0216584924855404,0.0216584940600724
2,1.22353194830623,0.00555391567162626,0.0217221356456839,0.0217221641113299,0.0217221639003867,0.0217221633184402,0.0217221648976697
2,1.22368759032957,0.00558163428944841,0.0217860854784912,0.02178611403521,0.021786113823545,0.0217861132400469,0.0217861148239947
2,1.22384323235292,0.00560959286536354,0.0218503160206275,0.0218503446688479,0.0218503444564575,0.0218503438714019,0.0218503454600887
2,1.22399887437626,0.00563755144127872,0.0219148289048253,0.0219148576449788,0.0219148574318593,0.0219148568452402,0.0219148584386871
2,1.22415451639961,0.00566551001719389,0.0219796257756107,0.0219796546081316,0.0219796543942795,0.0219796538060907,0.0219796554043188
2,1.22431015842296,0.00569346859310902,0.0220447082894058,0.0220447372147309,0.0220447370001426,0.0220447364103779,0.0220447380134084
2,1.2244658004463,0.0057214271690242,0.0221100781146307,0.0221101071331997,0.0221101069178713,0.0221101063265247,0.0221101079343789
2,1.22462144246965,0.00574938574493933,0.022175736931807,0.0221757660440623,0.0221757658279902,0.0221757652350553,0.0221757668477548
2,1.224777084493,0.0057773443208545,0.022241686433663,0.0222417156400496,0.0222417154232301,0.0222417148287008,0.022241716446267
2,1.22493272651634,0.00580540211861808,0.0223079283252386,0.0223079576262044,0.0223079574086336,0.0223079568125037,0.0223079584349585
2,1.22508836853969,0.00583483298831079,0.0223744643239924,0.022374493719988,0.0223744935016623,0.0223744929039253,0.0223744945312905
2,1.22524401056304,0.00586426385800355,0.0224412961599097,0.0224413256513885,0.022441325432304,0.0224413248329538,0.0224413264652514
2,1.22539965258638,0.00589369472769626,0.0225084255756107,0.0225084551630291,0.022508454943182,0.0225084543422122,0.0225084559794642
2,1.22555529460973,0.00592312559738901,0.0225758543264614,0.0225758840102785,0.0225758837896649,0.0225758831870691,0.0225758848292978
2,1.22571093663307,0.00595255646708177,0.0226435841806836,0.0226436139613614,0.0226436137399775,0.0226436131357492,0.0226436147829771
2,1.22586657865642,0.00598198733677448,0.0227116169194678,0.0227116467974713,0.0227116465753132,0.022711645969446,0.0227116476216954
2,1.22602222067977,0.00601141820646723,0.0227799543370867,0.0227799843128837,0.0227799840899474,0.0227799834824348,0.0227799851397285
2,1.22617786270311,0.00604084907615995,0.0228485982410087,0.0228486283150701,0.0228486280913515,0.0228486274821871,0.0228486291445478
2,1.22633350472646,0.00607076169212938,0.0229175504520147,0.0229175806248142,0.0229175804003095,0.0229175797894866,0.0229175814569372
2,1.22648914674981,0.00610175724016969,0.022986812804314,0.0229868430763283,0.0229868428510336,0.0229868422385457,0.0229868439111092
2,1.22664478877315,0.00613275278820996,0.0230563871456627,0.0230564175173717,0.0230564172912827,0.0230564166771232,0.0230564183548228
2,1.2268004307965,0.00616374833625027,0.023126275337483,0.0231263058093694,0.0231263055824822,0.0231263049666444,0.0231263066495035
2,1.22695607281984,0.00619474388429054,0.0231964792549832,0.0231965098275329,0.0231965095998433,0.0231965089823206,0.0231965106703626
2,1.22711171484319,0.00622573943233085,0.0232670007872797,0.0232670314609817,0.0232670312324857,0.0232670306132712,0.0232670323065197
2,1.22726735686654,0.00625673498037116,0.0233378418375197,0.023337872612866,0.0233378723835594,0.0233378717626465,0.0233378734611252
2,1.22742299888988,0.00628773052841143,0.023409004323005,0.0234090352004909,0.0234090349703695,0.0234090343477514,0.0234090360514842
2,1.22757864091323,0.00631872607645174,0.0234804901753185,0.0234805211554423,0.0234805209245019,0.0234805203001718,0.0234805220091827
2,1.22773428293658,0.0063505685477447,0.0235523013404495,0.0235523324237127,0.0235523321919491,0.0235523315659,0.0235523332802133
2,1.22788992495992,0.0063831084938075,0.0236244397789225,0.0236244709658299,0.0236244707332388,0.023624470105464,0.0236244718251038
2,1.22804556698327,0.0064156484398703,0.0236969074659264,0.023696938756986,0.0236969385235632,0.0236969378940556,0.0236969396190465
2,1.22820120900661,0.00644818838593305,0.0237697063914449,0.0237697377871679,0.023769737552909,0.0237697369216618,0.0237697386520284
2,1.22835685102996,0.00648072833199585,0.0238428385603889,0.0238428700612899,0.0238428698261905,0.0238428691931966,0.0238428709289636
2,1.22851249305331,0.00651326827805864,0.0239163059927293,0.023916337599326,0.0239163373633819,0.0239163367286342,0.0239163384698266
2,1.22866813507665,0.0065458082241214,0.023990110723632,0.0239901424364457,0.0239901421996523,0.0239901415631439,0.0239901433097866
2,1.2288237771,0.00657834817018419,0.0240642548035943,0.0240642866231494,0.0240642863855025,0.0240642857472261,0.0240642874993444
2,1.22897941912335,0.00661173426276863,0.0241387402985817,0.0241387722254062,0.0241387719869012,0.0241387713468498,0.0241387731044691
2,1.22913506114669,0.00664533262165152,0.0242135692901677,0.024213601324793,0.0242136010854254,0.0242136004435918,0.0242136022067375
2,1.22929070317004,0.00667912282432724,0.0242887438756736,0.0242887760186344,0.0242887757783997,0.0242887751347767,0.0242887769034745
2,1.22944634519339,0.00671311350930272,0.0243642661683103,0.024364298420145,0.0243642981790386,0.0243642975336188,0.0243642993078946
2,1.22960198721673,0.00674730606353926,0.0244401382973224,0.0244401706585726,0.02444017041659,0.0244401697693662,0.024440171549246
2,1.22975762924008,0.00678170188487693,0.024516362408132,0.0245163948793431,0.0245163946364795,0.0245163939874445,0.0245163957729542
2,1.22991327126342,0.00681632800972516,0.024592940662486,0.0245929732442067,0.0245929730004576,0.0245929723496039,0.02459297414077
2,1.23006891328677,0.0068511606692403,0.024669875238603,0.0246699079313858,0.0246699076867465,0.0246699070340667,0.0246699088309157
2,1.23022455531012,0.00688620117912512,0.0247471683313236,0.0247472011357245,0.0247472008901903,0.0247472002356769,0.0247472020382354
2,1.23038019733346,0.00692143430097864,0.0248248221522611,0.0248248550688398,0.024824854822406,0.0248248541660515,0.0248248559743462
2,1.23053583935681,0.0069569115499043,0.0249028389299538,0.0249028719592736,0.0249028717119353,0.0249028710537323,0.0249028728677902
2,1.23069148138016,0.00699258433966748,0.0249812209100196,0.0249812540526475,0.0249812538044,0.0249812531443409,0.0249812549641891
2,1.2308471234035,0.00702849747160982,0.0250599703553114,0.0250600036118183,0.0250600033626567,0.0250600027007339,0.0250600045263997
2,1.23100276542685,0.00706462639086642,0.025139089546075,0.0251391229170353,0.0251391226669547,0.0251391220031605,0.0251391238346714
2,1.23115840745019,0.00710097235733472,0.0252185807801079,0.0252186142660999,0.0252186140150955,0.0252186133494223,0.0252186151868058
2,1.23131404947354,0.00713753689342313,0.02529844637292,0.025298479974526,0.0252984797225927,0.0252984790550327,0.0252984808983167
2,1.23146969149689,0.00717432153370612,0.0253786886578968,0.0253787223757027,0.0253787221228356,0.0253787214533811,0.0253787233025935
2,1.23162533352023,0.00721132782504902,0.0254593099864627,0.0254593438210583,0.0254593435672524,0.0254593428958955,0.0254593447510646
2,1.23178097554358,0.00724858501550078,0.0255403127282472,0.0255403466802265,0.0255403464254767,0.0255403457522096,0.0255403476133636
2,1.23193661756693,0.00728606773240259,0.0256216992712536,0.0256217333412141,0.0256217330855154,0.0256217324103303,0.0256217342774976
2,1.23209225959027,0.0073237771734648,0.025703472022027,0.0257035062105705,0.0257035059539177,0.0257035052768066,0.025703507150016
2,1.23224790161362,0.00736171494087405,0.0257856334058269,0.0257856677135591,0.0257856674559471,0.025785666776902,0.0257856686561823
2,1.23240354363697,0.00739988264967272,0.0258681858667996,0.0258682202943303,0.0258682200357538,0.0258682193547667,0.025868221240147
2,1.23255918566031,0.00743828192834441,0.0259511318681533,0.0259511664160963,0.0259511661565502,0.0259511654736131,0.0259511673651226
2,1.23271482768366,0.00747694321156387,0.0260344738923358,0.0260345085613091,0.026034508300788,0.0260345076158928,0.0260345095135608
2,1.232870469707,0.00751584027724115,0.0261182144412119,0.0261182492318376,0.0261182489703363,0.0261182482834748,0.026118250187331
2,1.23302611173035,0.00755497425311012,0.0262023560362456,0.0262023909491499,0.026202390686663,0.026202389997827,0.0262023919079012
2,1.2331817537537,0.00759434477415754,0.0262869012186814,0.0262869362544948,0.0262869359910171,0.0262869353001984,0.0262869372165204
2,1.23333739577704,0.00763395969641628,0.0263718525497298,0.0263718877090871,0.026371887444613,0.0263718867518033,0.0263718886744034
2,1.23349303780039,0.00767381457897427,0.0264572126107539,0.026457247894294,0.0264572476288181,0.0264572469340092,0.0264572488629176
2,1.23364867982374,0.00771394315434525,0.0265429840034572,0.0265430194118235,0.0265430191453403,0.0265430184485238,0.026543020383771
2,1.23380432184708,0.00775431831632478,0.0266291693500755,0.0266292048839157,0.0266292046164197,0.0266292039175871,0.026629205859204
2,1.23395996387043,0.00779494111472718,0.0267157712935686,0.0267158069535347,0.0267158066850203,0.0267158059841632,0.0267158079321806
2,1.23411560589377,0.007835813326283,0.0268027924978154,0.026802828284564,0.0268028280150256,0.0268028273121356,0.0268028292665846
2,1.23427124791712,0.00787693674235684,0.0268902356478115,0.0268902715620035,0.0268902712914354,0.0268902705865039,0.0268902725474159
2,1.23442688994047,0.00791831316898657,0.0269781034498671,0.026978139492168,0.0269781392205646,0.0269781385135829,0.0269781404809894
2,1.23458253196381,0.00795997559420823,0.0270663986318095,0.0270664348028893,0.0270664345302447,0.0270664338212044,0.027066435795137
2,1.23473817398716,0.0080018959927416,0.0271551239431855,0.0271551602437187,0.0271551599700273,0.0271551592589196,0.0271551612394102
2,1.23489381601051,0.00804407532749102,0.0272442821554675,0.0272443185861333,0.0272443183113893,0.0272443175982054,0.0272443195852862
2,1.23504945803385,0.0080865154706524,0.0273338760622618,0.0273339126237441,0.0273339123479416,0.0273339116326728,0.0273339136263762
2,1.2352051000572,0.00812921831004215,0.0274239084795181,0.0274239451725054,0.0274239448956384,0.027423944178276,0.0274239461786344
2,1.23536074208054,0.00817218574891353,0.0275143822457427,0.0275144190709282,0.0275144187929909,0.0275144180735259,0.0275144200805721
2,1.23551638410389,0.00821545214834673,0.0276053002222125,0.0276053371802943,0.0276053369012807,0.0276053361797042,0.0276053381934711
2,1.23567202612724,0.00825898852629703,0.027696665293193,0.0276967023848739,0.0276967021047779,0.027696701381081,0.0276967034016018
2,1.23582766815058,0.00830277068052346,0.0277884803661576,0.0277885175921453,0.0277885173109609,0.0277885165851345,0.0277885186124427
2,1.23598331017393,0.00834687579188833,0.0278807483720093,0.0278807857330165,0.0278807854507375,0.0278807847227726,0.0278807867569016
2,1.23613895219728,0.00839123064334089,0.0279734722653061,0.0279735097620501,0.0279735094786704,0.0279735087485579,0.0279735107895417
2,1.23629459422062,0.00843586231072683,0.0280666550244866,0.02806669265769,0.0280666923732034,0.0280666916409342,0.0280666936888066
2,1.23645023624397,0.00848080659699701,0.0281602996521004,0.0281603374224907,0.028160337136891,0.0281603364024558,0.0281603384572512
2,1.23660587826732,0.00852603352505373,0.0282544091750404,0.0282544470833502,0.028254446796631,0.0282544460600206,0.0282544481217735
2,1.23676152029066,0.00857154385506206,0.0283489866447762,0.0283490246917432,0.0283490244038981,0.0283490236651032,0.0283490257338483
2,1.23691716231401,0.00861733966837489,0.0284440351375927,0.0284440733239596,0.0284440730349824,0.0284440722939936,0.0284440743697657
2,1.23707280433735,0.00866342306427734,0.0285395577548287,0.0285395960813436,0.0285395957912277,0.0285395950480357,0.0285395971308701
2,1.2372284463607,0.00870979560644524,0.0286355576231201,0.0286355960905362,0.0286355957992753,0.0286355950538706,0.0286355971438026
2,1.23738408838405,0.00875649627212032,0.0287320378946455,0.0287320765037214,0.0287320762113088,0.0287320754636819,0.0287320775607471
2,1.23753973040739,0.00880349238960124,0.0288290017473731,0.0288290404988725,0.0288290402053018,0.028829039455443,0.0288290415596773
2,1.23769537243074,0.0088507851540426,0.0289264523853124,0.0289264912800047,0.0289264909852691,0.028926490233169,0.0289264923446085
2,1.23785101445409,0.00889837676159761,0.0290243930387675,0.0290244320774272,0.0290244317815202,0.029024431027169,0.02902443314585
2,1.23800665647743,0.00894626942723457,0.0291228269645931,0.0291228661480003,0.029122865850915,0.0291228650943031,0.0291228672202622
2,1.23816229850078,0.00899446538456652,0.0292217574464547,0.029221796775395,0.0292217964771248,0.0292217957182423,0.0292217978515162
2,1.23831794052412,0.0090430035457018,0.0293211877950897,0.0293212272703544,0.0293212269708923,0.0293212262097295,0.0293212283503553
2,1.23847358254747,0.00909184957172822,0.0294211213485738,0.0294211609709596,0.0294211606702989,0.0294211599068459,0.0294211620548609
2,1.23862922457082,0.00914101071646929,0.0295215614725884,0.0295216012428977,0.0295216009410313,0.0295216001752782,0.0295216023307199
2,1.23878486659416,0.00919048255674117,0.0296225115606916,0.0296225514797327,0.0296225511766537,0.0296225504085904,0.0296225525714967
2,1.23894050861751,0.0092402696777431,0.0297239750345938,0.0297240151031804,0.0297240147988817,0.0297240140284983,0.0297240161989072
2,1.23909615064086,0.00929037443774579,0.0298259553444333,0.0298259955633851,0.0298259952578598,0.0298259944851461,0.0298259966630958
2,1.2392517926642,0.00934083742539527,0.0299284559690587,0.0299284963392013,0.0299284960324421,0.029928495257388,0.0299284974429171
2,1.23940743468755,0.00939162542484787,0.030031480416311,0.0300315209384759,0.0300315206304757,0.030031519853071,0.0300315220462184
2,1.23956307671089,0.0094427388057775,0.0301350322233119,0.0301350728983364,0.0301350725890879,0.0301350718093224,0.030135074010127
2,1.23971871873424,0.00949418001637818,0.0302391149567535,0.0302391557854811,0.030239155474977,0.0302391546928403,0.0302391569013416
2,1.23987436075759,0.00954595152586473,0.0303437322131917,0.0303437731964718,0.0303437728847049,0.0303437721001866,0.0303437743164241
2,1.24003000278093,0.00959805563897268,0.0304488876193439,0.0304489287580322,0.0304489284449949,0.0304489276580847,0.0304489298820982
2,1.24018564480428,0.00965053526698039,0.0305545848323885,0.0305546261273467,0.0305546258130316,0.0305546250237189,0.0305546272555487
2,1.24034128682763,0.00970335546505051,0.030660827540269,0.0306608689923652,0.0306608686767648,0.0306608678850391,0.0306608701247255
2,1.24049692885097,0.00975651663186537,0.0307676194620022,0.0307676610721106,0.0307676607552173,0.030767659961068,0.0307676622086516
2,1.24065257087432,0.00981002135393487,0.0308749643479873,0.0308750061169885,0.0308750057987946,0.0308750050022111,0.0308750072577329
2,1.24080821289767,0.0098638722404358,0.0309828659803222,0.0309829079091032,0.0309829075896011,0.0309829067905726,0.0309829090540738
2,1.24096385492101,0.0099180719233804,0.0310913281731202,0.0310913702625743,0.0310913699417563,0.0310913691402721,0.0310913714117942
2,1.24111949694436,0.00997266461314552,0.031200354772832,0.0312003970238594,0.0312003967017175,0.0312003958977667,0.0312003981773515
2,1.2412751389677,0.0100275877292229,0.0313099496585723,0.0313099920720793,0.0313099917486058,0.0313099909421776,0.0313099932298671
2,1.24143078099105,0.0100829222343615,0.0314201167424475,0.0314201593193473,0.0314201589945342,0.0314201581856175,0.0314201604814542
2,1.2415864230144,0.0101385899399223,0.0315308599698895,0.0315309027111019,0.0315309023849412,0.031530901573525,0.0315309038775515
2,1.24174206503774,0.0101946205782791,0.0316421833199931,0.0316422262264446,0.0316422258989283,0.0316422250850016,0.0316422273972607
2,1.24189770706109,0.0102510169319218,0.0317540908058557,0.0317541338784797,0.0317541335495997,0.0317541327331513,0.0317541350536864
2,1.24205334908444,0.0103078251679707,0.0318665864749239,0.0318666297146606,0.0318666293844086,0.0318666285654273,0.0318666308942819
2,1.24220899110778,0.0103650084089516,0.0319796744093405,0.031979717817137,0.0319797174855048,0.0319797166639794,0.0319797190011972
2,1.24236463313113,0.0104225665053699,0.0320933587262985,0.0320934023031089,0.0320934019700882,0.0320934011460074,0.0320934034916326
2,1.24252027515447,0.0104805023485482,0.0322076435783987,0.0322076873251842,0.0322076869907667,0.032207686164119,0.032207688518196
2,1.24267591717782,0.0105388036041828,0.0323225331540097,0.0323225770717385,0.0323225767359157,0.0323225759066897,0.0323225782692632
2,1.24283155920117,0.010597518970051,0.0324380316776347,0.0324380757672824,0.0324380754300457,0.0324380745982299,0.032438076969345
2,1.24298720122451,0.0106566509206361,0.0325541434102806,0.0325541876728297,0.0325541873341707,0.0325541864997535,0.0325541888794556
2,1.24314284324786,0.0107161765043866,0.0326708726498323,0.0326709170862728,0.0326709167461828,0.0326709159091526,0.0326709182974873
2,1.24329848527121,0.0107760953645852,0.0327882237314321,0.0327882683427614,0.0327882680012316,0.0327882671615767,0.0327882695585899
2,1.24345412729455,0.0108364105601589,0.0329062010278614,0.0329062458150843,0.0329062454721061,0.0329062446298146,0.0329062470355527
2,1.2436097693179,0.0108971251781631,0.0330248089499302,0.033024853914059,0.0330248535696234,0.0330248527246836,0.0330248551391932
2,1.24376541134125,0.010958242332992,0.0331440519468677,0.0331440970889222,0.0331440967430204,0.0331440958954203,0.0331440983187484
2,1.24392105336459,0.0110198080135244,0.0332639345067199,0.0332639798277276,0.0332639794803507,0.0332639786300783,0.0332639810622721
2,1.24407669538794,0.0110817958782883,0.0333844611567518,0.0333845066577481,0.0333845063088869,0.0333845054559302,0.0333845078970373
2,1.24423233741128,0.011144192099408,0.0335056364638528,0.0335056821458805,0.0335056817955259,0.0335056809398728,0.0335056833899413
2,1.24438797943463,0.0112070043297051,0.0336274650349488,0.0336275108990589,0.0336275105472017,0.0336275096888401,0.0336275121479181
2,1.24454362145798,0.0112702358372578,0.0337499515174179,0.0337499975646692,0.0337499972113002,0.0337499963502177,0.0337499988183539
2,1.24469926348132,0.011333889919505,0.0338731005995117,0.0338731468309709,0.0338731464760808,0.0338731456122652,0.0338731480895084
2,1.24485490550467,0.0113980192739324,0.0339969170107821,0.0339969634275241,0.0339969630711033,0.0339969622045422,0.0339969646909419
2,1.24501054752802,0.0114625828728921,0.0341214055225114,0.0341214521256192,0.0341214517676583,0.0341214508983393,0.034121453393945
2,1.24516618955136,0.0115275798840295,0.0342465709481503,0.0342466177387152,0.0342466173792047,0.0342466165071151,0.0342466190119769
2,1.24532183157471,0.0115930137368406,0.0343724181437586,0.0343724651228801,0.0343724647618103,0.0343724638869377,0.0343724664011059
2,1.24547747359805,0.0116588869268529,0.0344989520084526,0.0344989991772386,0.0344989988145998,0.0344989979369314,0.0344990004604567
2,1.2456331156214,0.011725205845898,0.0346261774848583,0.0346262248444251,0.0346262244802075,0.0346262235997307,0.0346262261326642
2,1.24578875764475,0.0117920227136462,0.034754099559568,0.0347541471110406,0.0347541467452343,0.0347541458619362,0.0347541484043293
2,1.24594439966809,0.0118592959640085,0.0348827232636055,0.0348827710081174,0.0348827706407124,0.0348827697545802,0.0348827723064847
2,1.24610004169144,0.0119270244927047,0.0350120536728939,0.0350121016115872,0.0350121012425736,0.0350121003535942,0.0350121029150623
2,1.24625568371479,0.0119952119343548,0.0351420959087308,0.0351421440427566,0.0351421436721241,0.0351421427802847,0.0351421453513689
2,1.24641132573813,0.0120638619573202,0.0352728551382699,0.035272903468788,0.0352729030965265,0.0352729022018138,0.0352729047825671
2,1.24656696776148,0.0121329782635195,0.0354043365750059,0.035404385103185,0.0354043847292843,0.0354043838316852,0.0354043864221607
2,1.24672260978482,0.0122025982560052,0.0355365454792685,0.0355365942062865,0.0355365938307361,0.0355365929302374,0.0355365955304889
2,1.24687825180817,0.0122727386493456,0.0356694871587196,0.0356695360857633,0.0356695357085528,0.0356695348051411,0.0356695374152227
2,1.24703389383152,0.0123433372250057,0.0358031669688584,0.0358032160971239,0.0358032157182427,0.0358032148119047,0.0358032174318707
2,1.24718953585486,0.0124144181087147,0.0359375903135325,0.0359376396442252,0.0359376392636628,0.035937638354385,0.0359376409842903
2,1.24734517787821,0.0124859851903532,0.0360727626454541,0.0360728121797887,0.0360728117975343,0.0360728108853031,0.036072813525203
2,1.24750081990156,0.0125580423954159,0.0362086894667243,0.036208739205925,0.0362087388219679,0.0362087379067697,0.0362087405567198
2,1.2476564619249,0.0126306501008093,0.036345376329362,0.0363454262746625,0.0363454258889918,0.0363454249708129,0.0363454276308693
2,1.24781210394825,0.0127037625641657,0.0364828288358406,0.0364828789884844,0.036482878601089,0.0364828776799157,0.0364828803501347
2,1.2479677459716,0.0127773780601541,0.0366210526396318,0.0366211030008719,0.0366211026117408,0.0366211016875592,0.0366211043679977
2,1.24812338799494,0.0128514692929823,0.0367600534457535,0.0367601040168528,0.036760103625975,0.036760102698771,0.0367601053894863
2,1.24827903001829,0.0129261345392478,0.0368998370113284,0.0368998877935597,0.0368998874009238,0.0368998864706835,0.0368998891717333
2,1.24843467204163,0.0130012838140526,0.0370404091461455,0.0370404601407918,0.0370404597463864,0.0370404588130958,0.0370404615245381
2,1.24859031406498,0.0130770117332106,0.0371817757132316,0.0371818269215857,0.0371818265253995,0.0371818255890443,0.0371818283109378
2,1.24874595608833,0.0131532708423537,0.0373239426294291,0.0373239940527942,0.0373239936548156,0.0373239927153817,0.0373239954477852
2,1.24890159811167,0.0132300590623811,0.0374669158659794,0.037466967505669,0.0374669671058863,0.0374669661633593,0.0374669689063322
2,1.24905724013502,0.0133073807314712,0.0376107014491165,0.0376107533064543,0.0376107529048559,0.0376107519592213,0.0376107547128235
2,1.24921288215837,0.0133852402298091,0.037755305460665,0.0377553575369853,0.0377553571335594,0.0377553561848028,0.0377553589490944
2,1.24936852418171,0.0134636419791439,0.0379007340386475,0.0379007863352954,0.03790078593003,0.0379007849781367,0.0379007877531786
2,1.24952416620506,0.0135426522328784,0.0380469933779,0.038047045896231,0.0380470454891142,0.0380470445340696,0.0380470473199228
2,1.2496798082284,0.0136222217476111,0.0381940897306926,0.0381941424720732,0.0381941420630927,0.0381941411048821,0.0381941439016083
2,1.24983545025175,0.0137023480583396,0.038342029407361,0.0383420823731685,0.0383420819623122,0.0383420810009207,0.038342083808582
2,1.2499910922751,0.0137830357722517,0.0384908187769434,0.0384908719685663,0.0384908715558218,0.0384908705912345,0.0384908734098933
2,1.25014673429844,0.013864289541208,0.0386404642678271,0.0386405176866646,0.0386405172720196,0.0386405163042215,0.0386405191339408
2,1.25030237632179,0.0139461140619206,0.0387909723684029,0.0387910260158659,0.0387910255993077,0.0387910246282838,0.0387910274691271
2,1.25045801834514,0.0140285787840483,0.0389423496277268,0.0389424035052373,0.0389424030867534,0.0389424021124884,0.0389424049645196
2,1.25061366036848,0.0141116325963239,0.0390946026561924,0.0390946567651839,0.0390946563447614,0.0390946553672401,0.0390946582305236
2,1.25076930239183,0.0141952624966361,0.0392477381262083,0.0392477924681258,0.039247792045752,0.0392477910649591,0.0392477939395598
2,1.25092494441518,0.014279503727308,0.0394017627728875,0.0394018173491878,0.0394018169248497,0.0394018159407697,0.0394018188267529
2,1.25108058643852,0.0143643308848007,0.0395566833947446,0.0395567382068961,0.0395567377805806,0.039556736793198,0.0395567396906296
2,1.25123622846187,0.0144497590762105,0.0397125068543996,0.0397125619038829,0.0397125614755768,0.0397125604848759,0.0397125633938223
2,1.25139187048521,0.0145358611363485,0.039869240079295,0.0398692953676025,0.0398692949372925,0.0398692939432577,0.0398692968637857
2,1.25154751250856,0.0146225840013601,0.0400268900624178,0.0400269455910539,0.0400269451587267,0.0400269441613422,0.0400269470935191
2,1.25170315453191,0.0147099243250302,0.0401854638630331,0.0401855196335147,0.0401855191991567,0.0401855181984066,0.0401855211423002
2,1.25185879655525,0.0147978873121792,0.0403449686074275,0.0403450246212839,0.0403450241848814,0.0403450231807498,0.0403450261364285
2,1.2520144385786,0.0148864782186031,0.0405054114896597,0.0405054677484326,0.0405054673099719,0.0405054663024426,0.0405054692699754
2,1.25217008060195,0.0149757023531043,0.0406667997723239,0.0406668562775677,0.0406668558370348,0.0406668548260918,0.040666857805548
2,1.25232572262529,0.015065636136106,0.0408291407873198,0.0408291975406015,0.0408291970979825,0.0408291960836095,0.0408291990750591
2,1.25248136464864,0.0151562244629543,0.0409924419366347,0.0409924989395343,0.0409924984948151,0.0409924974769958,0.0409925004805092
2,1.25263700667198,0.0152474634864878,0.0411567106931362,0.0411567679472467,0.041156767500413,0.0411567664791309,0.0411567694947791
2,1.25279264869533,0.0153393587433707,0.0413219546013719,0.0413220121082994,0.0413220116593369,0.0413220106345755,0.04132201366243
2,1.25294829071868,0.0154319158255595,0.0414881812783841,0.041488239039748,0.0414882385886421,0.0414882375603848,0.0414882406005177
2,1.25310393274202,0.0155251403806575,0.0416553984145305,0.0416554564319635,0.0416554559786998,0.0416554549469298,0.0416554579994138
2,1.25325957476537,0.0156191126332081,0.0418236137743187,0.0418236720494673,0.0418236715940308,0.0418236705587314,0.0418236736236397
2,1.25341521678872,0.0157137753427377,0.0419928351972515,0.0419928937317755,0.0419928932741515,0.0419928922353057,0.041992895312712
2,1.25357085881206,0.0158090779247639,0.04216307059868,0.0421631293942534,0.0421631289344267,0.0421631278920176,0.0421631309819962
2,1.25372650083541,0.015905164847132,0.0423343279706728,0.0423343870289832,0.0423343865669389,0.0423343855209493,0.0423343886235751
2,1.25388214285875,0.0160019034883724,0.0425066153828918,0.0425066747056411,0.0425066742413637,0.0425066731917765,0.0425066763071249
2,1.2540377848821,0.0160993460526932,0.0426799409834824,0.0426800005723866,0.0426800001058609,0.0426799990526588,0.0426800021808059
2,1.25419342690545,0.0161975767982276,0.0428543129999756,0.0428543728567652,0.0428543723879756,0.0428543713311411,0.0428543744721636
2,1.25434906892879,0.0162965362518319,0.043029739740199,0.0430297998666189,0.0430297993955497,0.0430297983350654,0.0430298014890404
2,1.25450471095214,0.0163962194252399,0.0432062295932036,0.0432062899910136,0.0432062895176489,0.0432062884534971,0.0432062916205025
2,1.25466035297549,0.0164966325955673,0.0433837910301998,0.0433838517011741,0.0433838512254981,0.0433838501576612,0.0433838533377754
2,1.25481599499883,0.0165977821037123,0.0435624326055069,0.0435624935514352,0.0435624930734316,0.0435624920018918,0.0435624951951939
2,1.25497163702218,0.0166996709331889,0.0437421629575169,0.0437422241802035,0.0437422236998562,0.0437422226245956,0.0437422258311651
2,1.25512727904553,0.0168023978889309,0.0439229908096666,0.0439230523109314,0.0439230518282239,0.0439230507492246,0.0439230539691419
2,1.25528292106887,0.0169058908971608,0.0441049249714282,0.0441049867531064,0.0441049862680223,0.0441049851852661,0.044104988418612
2,1.25543856309222,0.0170101477421471,0.0442879743393082,0.0442880364032505,0.0442880359157731,0.0442880348292418,0.0442880380760979
2,1.25559420511556,0.0171151751135685,0.044472147897862,0.0444722102459351,0.0444722097560475,0.0444722086657228,0.0444722119261713
2,1.25574984713891,0.0172209797701526,0.0446574547207231,0.0446575173548095,0.0446575168624947,0.0446575157683582,0.0446575190424819
2,1.25590548916226,0.0173275685389634,0.0448439039716423,0.0448439668936406,0.0448439663988815,0.0448439653009146,0.044843968588797
2,1.2560611311856,0.0174350345085184,0.0450315049055455,0.0450315681173704,0.0450315676201498,0.0450315665183339,0.045031569820059
2,1.25621677320895,0.0175432925820999,0.0452202668696011,0.0452203303731838,0.0452203298734841,0.0452203287678006,0.0452203320834532
2,1.2563724152323,0.0176523989438393,0.0454101993043048,0.0454102631015931,0.0454102625993967,0.0454102614898267,0.0454102648194923
2,1.25652805725564,0.0177622981990481,0.0456013117445788,0.0456013758375372,0.0456013753328265,0.045601374219351,0.0456013775631158
2,1.25668369927899,0.0178730183987626,0.0457936138208835,0.0457936782114935,0.0457936777042504,0.0457936765868504,0.0457936799448011
2,1.25683934130233,0.0179845668253681,0.0459871152603472,0.0459871799506073,0.0459871794408138,0.0459871783194701,0.0459871816916943
2,1.25699498332568,0.0180970414006936,0.0461818258879082,0.0461818908798343,0.0461818903674721,0.0461818892421655,0.0461818926287513
2,1.25715062534903,0.0182103753119105,0.0463777556274743,0.0463778209230996,0.0463778204081503,0.0463778192788614,0.0463778226798977
2,1.25730626737237,0.0183245614434805,0.0465749145030982,0.0465749801044736,0.0465749795869186,0.046574978453628,0.0465749818692044
2,1.25746190939572,0.0184396074084277,0.0467733126401661,0.0467733785493603,0.0467733780291809,0.0467733768918689,0.0467733803220758
2,1.25761755141907,0.018555520053074,0.0469729602666065,0.0469730264857064,0.0469730259628835,0.0469730248215304,0.0469730282664588
2,1.25777319344241,0.0186723096877933,0.0471738677141114,0.0471739342452219,0.0471739337197365,0.0471739325743225,0.0471739360340643
2,1.25792883546576,0.0187900768374409,0.047376045419377,0.0473761122646214,0.0473761117364543,0.0473761105869594,0.047376114061607
2,1.25808447748911,0.0189087528556043,0.0475795039253609,0.0475795710868811,0.0475795705560127,0.0475795694024171,0.0475795728920636
2,1.25824011951245,0.0190283297867429,0.047784253882554,0.0477843213625108,0.0477843208289215,0.0477843196712048,0.0477843231759444
2,1.2583957615358,0.0191488157593203,0.0479903060502742,0.0479903738508472,0.0479903733145172,0.0479903721526592,0.0479903756725866
2,1.25855140355914,0.0192702189886741,0.0481976712979731,0.0481977394213612,0.0481977388822705,0.0481977377162508,0.0481977412514615
2,1.25870704558249,0.0193925477755189,0.0484063606065636,0.0484064290549851,0.0484064285131134,0.0484064273429116,0.0484064308935019
2,1.25886268760584,0.0195159106534456,0.0486163850697665,0.0486164538454591,0.0486164533007862,0.0486164521263815,0.0486164556924486
2,1.25901832962918,0.019640182116369,0.0488277558954713,0.0488278250006927,0.0488278244531978,0.0488278232745697,0.0488278268562113
2,1.25917397165253,0.0197655129158202,0.0490404844071214,0.0490405538441492,0.0490405532938118,0.0490405521109393,0.0490405557082541
2,1.25932961367588,0.0198917521139395,0.0492545820451137,0.0492546518162457,0.0492546512630447,0.0492546500759069,0.0492546536889943
2,1.25948525569922,0.0200189616971758,0.0494700603682198,0.0494701304757744,0.0494701299196886,0.0494701287282644,0.0494701323572248
2,1.25964089772257,0.0201471505374295,0.0496869310550281,0.0496870015013442,0.0496870009423523,0.0496869997466205,0.0496870033915549
2,1.25979653974591,0.0202764329930987,0.0499052059054022,0.0499052766928395,0.04990527613092,0.0499052749308592,0.0499052785918696
2,1.25995218176926,0.0204067338272826,0.0501248968419624,0.050124967972902,0.050124967408033,0.050124966203622,0.050124969880811
2,1.26010782379261,0.0205380431691019,0.0503460159115888,0.0503460873884328,0.0503460868205924,0.0503460856118095,0.0503460893052808
2,1.26026346581595,0.0206703703056994,0.0505685752869406,0.0505686471121129,0.0505686465412789,0.0505686453281023,0.0505686490379604
2,1.2604191078393,0.0208036921695361,0.0507925872680027,0.0507926594439488,0.0507926588700988,0.050792657652507,0.050792661378857
2,1.26057474986265,0.0209381156127092,0.0510180642836486,0.0510181368128362,0.0510181362359477,0.0510181350139185,0.0510181387568667
2,1.26073039188599,0.0210736638377205,0.0512450188932284,0.0512450917781472,0.0512450911981973,0.0512450899717088,0.0512450937313623
2,1.26088603390934,0.0212102909830218,0.0514734637881788,0.0514735370313413,0.0514735364483069,0.051473535217337,0.0514735389938036
2,1.26104167593268,0.0213479860882572,0.051703411793653,0.0517034853975942,0.0517034848114523,0.0517034835759785,0.0517034873693672
2,1.26119731795603,0.0214867590901912,0.0519348758701782,0.0519349498374563,0.0519349492481832,0.0519349480081833,0.0519349518186036
2,1.26135295997938,0.0216266200338349,0.0521678691153311,0.0521679434485275,0.0521679428560995,0.0521679416115509,0.0521679454391135
2,1.26150860200272,0.0217675790737021,0.0524024047654412,0.0524024794671605,0.0524024788715538,0.0524024776224339,0.0524024814672504
2,1.26166424402607,0.0219097429394147,0.0526384961973169,0.0526385712701879,0.0526385706713783,0.0526385694176642,0.0526385732798471
2,1.26181988604942,0.0220530914580592,0.0528761569299941,0.0528762323766694,0.0528762317746324,0.0528762305163013,0.052876234395964
2,1.26197552807276,0.0221975511108793,0.0531154006265136,0.05311547644967,0.0531154758443811,0.0531154745814099,0.0531154784786667
2,1.26213117009611,0.0223431529940243,0.0533562410957188,0.0533563172980577,0.053356316689492,0.0533563154218576,0.0533563193368239
2,1.26228681211946,0.022489907863765,0.0535986922940828,0.0535987688783305,0.0535987682664629,0.053598766994142,0.053598770926934
2,1.2624424541428,0.0226378265958717,0.053842768327561,0.0538428452964687,0.0538428446812738,0.053842843404243,0.0538428473549781
2,1.26259809616615,0.0227870434405241,0.0540884834534667,0.0540885608098112,0.0540885601912634,0.0540885589094992,0.0540885628782956
2,1.26275373818949,0.0229374734724043,0.0543358520823791,0.0543359298289627,0.0543359292070362,0.0543359279205149,0.0543359319074918
2,1.26290938021284,0.0230891032463349,0.0545848887800729,0.0545849669197238,0.0545849662943925,0.0545849650030903,0.054584969008368
2,1.26306502223619,0.0232419061004165,0.0548356082694791,0.0548356868050518,0.0548356861762893,0.0548356848801822,0.054835688903882
2,1.26322066425953,0.0233960077473734,0.055088025432674,0.0550881043670493,0.055088103734829,0.0550881024338932,0.0550881064761372
2,1.26337630628288,0.0235513056564178,0.0553421553128931,0.0553422346489789,0.0553422340132739,0.055342232707485,0.0553422367683967
2,1.26353194830623,0.0237079796856885,0.0555980131165795,0.0555980928573105,0.0555980922180937,0.0555980909074274,0.0555980949871312
2,1.26368759032957,0.0238659413616472,0.0558556142154562,0.0558556943637946,0.0558556937210386,0.0558556924054705,0.0558556965040918
2,1.26384323235292,0.0240251758251239,0.0561149741486317,0.0561150547075676,0.0561150540612447,0.0561150527407503,0.0561150568584155
2,1.26399887437626,0.0241856953001469,0.056376108624737,0.0563761895972882,0.0563761889473704,0.056376187621925,0.0563761917587617
2,1.26415451639961,0.0243475121475582,0.0566390335240883,0.056639114913301,0.0566391142597601,0.0566391129293388,0.0566391170854757
2,1.26431015842296,0.0245106388677521,0.0569037649008875,0.0569038467098367,0.0569038460526441,0.056903844717222,0.0569038488927889
2,1.2644658004463,0.0246751870529274,0.0571703189854494,0.0571704012172389,0.0571704005563659,0.0571703992159179,0.0571704034110457
2,1.26462144246965,0.0248411793116668,0.0574387121864639,0.0574387948442269,0.0574387941796444,0.0574387928341452,0.0574387970489658
2,1.264777084493,0.0250084844393078,0.057708961093292,0.0577090441801912,0.0577090435118698,0.0577090421612941,0.0577090463959407
2,1.26493272651634,0.0251771538201955,0.057981082478291,0.0579811659975191,0.0579811653254291,0.0579811639697514,0.0579811682243583
2,1.26508836853969,0.0253472007194045,0.0582550932991795,0.0582551772539594,0.0582551765780709,0.0582551752172656,0.0582551794919682
2,1.26524401056304,0.0255186385536418,0.058531010701431,0.0585310950950164,0.0585310944152991,0.0585310930493405,0.0585310973442753
2,1.26539965258638,0.0256916258066101,0.0588088520207069,0.0588089368563824,0.0588089361728057,0.0588089348016677,0.0588089391169726
2,1.26555529460973,0.0258660663839914,0.0590886347853243,0.0590887200664058,0.0590887193789388,0.0590887180025956,0.0590887223384095
2,1.26571093663307,0.0260419421964243,0.0593703767187569,0.059370462448592,0.0593704617572036,0.0593704603756289,0.059370464732092
2,1.26586657865642,0.0262192061364692,0.0596540957421781,0.0596541819241465,0.0596541812288051,0.0596541798419726,0.0596541842192264
2,1.26602222067977,0.0263980560313324,0.0599398099770357,0.0599398966145493,0.0599398959152231,0.0599398945231066,0.0599398989212935
2,1.26617786270311,0.0265783227124319,0.0602275377476683,0.0602276248441721,0.0602276241408289,0.0602276227434016,0.0602276271626657
2,1.26633350472646,0.0267602350855939,0.0605172975839608,0.0605173851429326,0.06051738443554,0.0605173830327753,0.0605173874732616
2,1.26648914674981,0.0269436929654068,0.0608091082240344,0.0608091962489858,0.0608091955375109,0.060809194129382,0.0608091985912369
2,1.26664478877315,0.0271286764205936,0.0611029886169834,0.0611030771114598,0.0611030763958694,0.0611030749823493,0.0611030794657204
2,1.2668004307965,0.0273152005888935,0.0613989579256452,0.0613990468932264,0.0613990461734871,0.0613990447545487,0.061399049259585
2,1.26695607281984,0.0275032807834392,0.0616970355294169,0.0616971249737173,0.0616971242497952,0.0616971228254113,0.0616971273522631
2,1.26711171484319,0.0276929324960737,0.0619972410271126,0.0619973309517816,0.0619973302236426,0.0619973287937858,0.0619973333426047
2,1.26726735686654,0.0278843333263568,0.0622995942398595,0.0622996846485822,0.0622996839161917,0.0622996824808345,0.0622996870517734
2,1.26742299888988,0.0280773787950024,0.0626041152140435,0.0626042061105409,0.0626042053738641,0.0626042039329788,0.0626042085261919
2,1.26757864091323,0.0282720469583522,0.0629108242242925,0.0629109156123219,0.0629109148713234,0.0629109134248823,0.0629109180405253
2,1.26773428293658,0.0284683540975877,0.0632197417765081,0.0632198336598634,0.0632198329145076,0.0632198314624828,0.0632198361007126
2,1.26788992495992,0.028666316684368,0.0635308886109427,0.0635309809934551,0.0635309802437061,0.0635309787860695,0.0635309834470446
2,1.26804556698327,0.0288659513842495,0.0638442857053192,0.0638443785908575,0.0638443778366788,0.0638443763734023,0.0638443810572825
2,1.26820120900661,0.0290674463957769,0.0641599542780026,0.0641600476704737,0.0641600469118286,0.0641600454428839,0.0641600501498303
2,1.26835685102996,0.0292706927348667,0.0644779157912142,0.0644780096945633,0.0644780089314147,0.0644780074567733,0.0644780121869486
2,1.26851249305331,0.02947558768753,0.064798191954297,0.0647982863725084,0.0647982856048188,0.0647982841244521,0.0647982888780204
2,1.26866813507665,0.029682384489413,0.0651208047270318,0.0651208996641291,0.0651208988918607,0.06512089740574,0.0651209021828667
2,1.2688237771,0.0298908651610987,0.0654457763229976,0.0654458717830443,0.0654458710061586,0.0654458695142551,0.0654458743151074
2,1.26897941912335,0.0301011262155853,0.0657731292129903,0.0657732252000901,0.0657732244185485,0.0657732229208332,0.0657732277455796
2,1.26913506114669,0.0303133672223924,0.0661028861284854,0.0661029826467831,0.0661029818605464,0.0661029803569901,0.0661029852058006
2,1.26929070317004,0.0305274744714409,0.0664350700651592,0.0664351671188405,0.0664351663278692,0.0664351648184427,0.0664351696914889
2,1.26944634519339,0.0307434214112661,0.0667697042864615,0.066769801879754,0.0667698010840081,0.0667697995686822,0.066769804466137
2,1.26960198721673,0.0309612269202344,0.0671068123272394,0.0671069104644129,0.0671069096638521,0.0671069081425971,0.0671069130646353
2,1.26975762924008,0.031180910102624,0.0674464179974222,0.0674465166827893,0.0674465158773728,0.0674465143501591,0.0674465192969569
2,1.26991327126342,0.0314024666702687,0.0677885453857561,0.0677886446236726,0.0677886438133591,0.0677886422801569,0.0677886472518921
2,1.27006891328677,0.0316261792651757,0.0681332188635997,0.0681333186584651,0.068133317843213,0.0681333163039924,0.0681333213008445
2,1.27022455531012,0.0318518583530072,0.0684804630887782,0.0684805634450364,0.0684805626248035,0.0684805610795346,0.0684805661016844
2,1.27038019733346,0.0320794983701227,0.0688303030094916,0.0688304039316313,0.068830403106375,0.0688304015550275,0.0688304066026579
2,1.27053583935681,0.0323091196706489,0.0691827638682872,0.0691828653608423,0.0691828645305197,0.0691828629730633,0.0691828680463585
2,1.27069148138016,0.0325407428525006,0.0695378712060931,0.0695379732736434,0.0695379724382109,0.0695379708746152,0.0695379759737613
2,1.2708471234035,0.0327743887654706,0.069895650866308,0.0698957535134798,0.0698957526728935,0.069895751103128,0.0698957562283125
2,1.27100276542685,0.0330102823059121,0.0702561289989623,0.0702562322304287,0.0702562313846441,0.0702562298086781,0.0702562349600906
2,1.27115840745019,0.0332482996004433,0.0706193320649343,0.0706194358854161,0.0706194350343883,0.0706194334521911,0.0706194386300225
2,1.27131404947354,0.0334883323744248,0.0709852868402375,0.0709853912545035,0.0709853903981871,0.0709853888097277,0.070985394014171
2,1.27146969149689,0.0337306312021642,0.0713540204203733,0.071354125433241,0.0713541245715901,0.0713541229768374,0.0713541282080872
2,1.27162533352023,0.0339749897015796,0.0717255602247457,0.0717256658410817,0.0717256649740499,0.0717256633729728,0.0717256686312255
2,1.27178097554358,0.0342215065777136,0.0720999340011521,0.072100040225873,0.0721000393534135,0.0721000377459807,0.0721000430314345
2,1.27193661756693,0.0344704208394954,0.0724771698303358,0.0724772766684087,0.072477275790474,0.0724772741766541,0.072477279489509
2,1.27209225959027,0.0347216031468269,0.072857296130614,0.0728574035870569,0.0728574027035991,0.0728574010833605,0.0728574064238184
2,1.27224790161362,0.0349750182739389,0.0732403416625774,0.07324044974246,0.0732404488534306,0.0732404472267417,0.0732404525950063
2,1.27240354363696,0.0352306899373411,0.0736263355338575,0.0736264442423018,0.0736264433476519,0.0736264417144809,0.0736264471107578
2,1.27255918566031,0.0354886421455965,0.0740153072039764,0.0740154165461573,0.0740154156458373,0.0740154140061523,0.0740154194306489
2,1.27271482768366,0.0357488865349411,0.0744072864892629,0.0744073964704087,0.0744073955643686,0.0744073939181377,0.0744073993710634
2,1.272870469707,0.0360117153140826,0.0748023035678513,0.0748024141932447,0.0748024132814339,0.0748024116286249,0.0748024171101911
2,1.27302611173035,0.0362769553977315,0.075200388984758,0.0752005002597365,0.0752004993421037,0.0752004976826845,0.0752005031931045
2,1.2731817537537,0.0365445807689327,0.0756015736570315,0.0756016855869881,0.0756016846634816,0.0756016829974198,0.0756016885369088
2,1.27333739577704,0.0368146170612878,0.0760058888789912,0.0760060014693751,0.0760060005399427,0.0760059988672058,0.076006004435981
2,1.27349303780039,0.0370870902283686,0.0764133663275399,0.0764134795838571,0.0764134786484458,0.0764134769690013,0.0764134825672821
2,1.27364867982374,0.0373620265481135,0.0768240380675645,0.0768241519953786,0.0768241510539349,0.0768241493677502,0.0768241549957578
2,1.27380432184708,0.0376396965780213,0.0772379365574218,0.0772380511623546,0.0772380502148245,0.0772380485218668,0.0772380541798247
2,1.27395996387043,0.0379198504851101,0.0776550946545043,0.0776552099422368,0.0776552089885655,0.077655207288802,0.0776552129769356
2,1.27411560589377,0.0382027720226764,0.0780755456209024,0.0780756615971751,0.0780756606373073,0.078075658930705,0.0780756646492418
2,1.27427124791712,0.0384881626836267,0.0784993231291457,0.0784994397997594,0.0784994388336393,0.0784994371201652,0.0784994428693349
2,1.27442688994047,0.0387761592915379,0.0789264612680416,0.0789265786388586,0.0789265776664296,0.0789265759460505,0.0789265817260849
2,1.27458253196381,0.0390667902816558,0.0793569945486054,0.0793571126255496,0.0793571116467545,0.0793571099194372,0.0793571157305703
2,1.27473817398716,0.0393603438526369,0.0797909579100773,0.0797910766991353,0.0797910757139163,0.0797910739796275,0.0797910798220956
2,1.27489381601051,0.0396566726059046,0.0802283867260438,0.0802285062332658,0.0802285052415644,0.0802285035002706,0.0802285093743121
2,1.27504945803385,0.0399557298924154,0.0806693168106466,0.080669437042147,0.080669436043904,0.0806694342955718,0.0806694402014272
2,1.2752051000572,0.0402575457355706,0.0811137844248954,0.0811139053868533,0.081113904382009,0.0811139026266048,0.0811139085645171
2,1.27536074208054,0.040562011638056,0.0815618262830802,0.0815619479817408,0.0815619469702346,0.0815619452077248,0.0815619511779392
2,1.27551638410389,0.0408695750981392,0.0820134795592795,0.0820136020009545,0.0820136009827253,0.0820135992130762,0.0820136052158401
2,1.27567202612724,0.0411801266499648,0.0824687818939804,0.082468905085049,0.0824689040600348,0.0824689022832125,0.0824689083187759
2,1.27582766815058,0.0414936511748692,0.082927771400794,0.0829278953477035,0.0829278943158419,0.0829278925318125,0.0829278986004276
2,1.27598331017393,0.041810097451701,0.083390486673284,0.083390611382551,0.0833906103437786,0.0833906085525082,0.0833906146544295
2,1.27613895219728,0.0421294980137163,0.0838569667919035,0.0838570922701144,0.0838570912243672,0.0838570894258218,0.0838570955613062
2,1.27629459422062,0.0424518858134954,0.0843272513310352,0.0843273775848471,0.0843273765320603,0.084327374726206,0.084327380895513
2,1.27645023624397,0.0427772942297829,0.0848013803661532,0.0848015074022952,0.0848015063424034,0.0848015045292059,0.0848015107325974
2,1.27660587826732,0.043106051065714,0.0852793944810896,0.0852795223063633,0.0852795212393001,0.0852795194187252,0.0852795256564657
2,1.27676152029066,0.0434379515265763,0.0857613347754222,0.0857614633967024,0.0857614623224009,0.0857614604944145,0.0857614667667706
2,1.27691716231401,0.0437730708545362,0.0862472428719802,0.0862473722962164,0.0862473712146088,0.0862473693791766,0.0862473756864179
2,1.27707280433735,0.0441113128484443,0.0867371609244632,0.0867372911586801,0.0867372900696977,0.0867372882267854,0.0867372945691839
2,1.2772284463607,0.0444527570827013,0.0872311316251911,0.0872312626764896,0.0872312615800631,0.0872312597296364,0.0872312661074666
2,1.27738408838405,0.0447974397712628,0.0877291982129675,0.0877293300885258,0.087729328984585,0.0877293271266095,0.0877293335401485
2,1.27753973040739,0.0451457109456029,0.0882314044810757,0.0882315371881501,0.0882315360766241,0.0882315342110653,0.0882315406605931
2,1.27769537243074,0.0454974023597644,0.088737794785402,0.088737928331328,0.0887379272121448,0.0887379253389685,0.0887379318247674
2,1.27785101445409,0.0458524522466472,0.089248414052682,0.089248548444875,0.089248547317962,0.0892485454371336,0.089248551959489
2,1.27800665647743,0.0462108989103745,0.0897633077888887,0.0897634430348453,0.0897634419001291,0.0897634400116142,0.0897634465708139
2,1.27816229850078,0.0465727079652134,0.0902825220877446,0.0902826581950437,0.0902826570524499,0.090282655156214,0.0902826617525487
2,1.27831794052412,0.0469381383212678,0.0908061036393768,0.0908062406156802,0.0908062394651335,0.0908062375611422,0.0908062441949054
2,1.27847358254747,0.0473073444760968,0.0913340997391104,0.0913342375921641,0.0913342364335884,0.0913342345218072,0.0913342411932952
2,1.27862922457082,0.0476802237496546,0.0918665582963952,0.0918666970340307,0.0918666958673489,0.0918666939477434,0.0918667006572552
2,1.27878486659416,0.0480567082971937,0.0924035278438871,0.0924036674740218,0.092403666299156,0.0924036643716918,0.0924036711195295
2,1.27894050861751,0.0484368397376765,0.0929450575466624,0.0929451980773013,0.0929451968941726,0.0929451949588153,0.0929452017452837
2,1.27909615064086,0.0488206602453908,0.093491197211588,0.0934913386508246,0.0934913374593533,0.0934913355160685,0.0934913423414754
2,1.2792517926642,0.0492082125571255,0.0940419972968418,0.0940421396528591,0.0940421384529644,0.0940421365017178,0.094042143366374
2,1.27940743468755,0.0495998052421396,0.0945975089215774,0.094597652202649,0.0945976509942492,0.0945976490350064,0.0945976559392257
2,1.27956307671089,0.0499955291280462,0.0951577838757551,0.0951579280902466,0.095157926873259,0.0951579249059858,0.095157931850085
2,1.27971871873424,0.0503950349816107,0.0957228746301194,0.0957230197864891,0.0957230185608302,0.0957230165854924,0.0957230235697912
2,1.27987436075759,0.0507984596293285,0.0962928343463434,0.096292980453144,0.096292979218729,0.0962929772352925,0.0962929842601139
2,1.28003000278093,0.0512058489421481,0.0968677168873361,0.0968678639532155,0.0968678627099588,0.0968678607183895,0.0968678677840596
2,1.28018564480428,0.0516172494111133,0.097447576827707,0.0974477248614096,0.0974477236092245,0.0974477216094885,0.0974477287163363
2,1.28034128682763,0.0520330894031088,0.09803246946441,0.0980326184747779,0.0980326172135766,0.0980326152056399,0.0980326223539979
2,1.28049692885097,0.0524531766808291,0.0986224508275453,0.0986226008235196,0.0986225995532135,0.0986225975370423,0.098622604727246
2,1.28065257087432,0.0528774293357398,0.0992175776913436,0.0992177286819655,0.0992177274024646,0.0992177253780253,0.0992177326104135
2,1.28080821289767,0.0533056052402257,0.0998179075853247,0.0998180595797368,0.0998180582909503,0.0998180562582092,0.099818063533124
2,1.28096385492101,0.0537386285110503,0.100423498805627,0.100423651813075,0.100423650514911,0.100423648473835,0.100423655791621
2,1.28111949694436,0.0541756755844415,0.101034410426533,0.101034564456365,0.10103456314873,0.101034561099285,0.101034568460293
2,1.2812751389677,0.0546174968518337,0.101650702312158,0.10165085737383,0.10165085605663,0.101650853998784,0.101650861403364
2,1.28143078099105,0.0550638913211993,0.10227243512835,0.102272591231423,0.102272589904562,0.102272587838281,0.102272595286789
2,1.2815864230144,0.0555147689520089,0.102899670354761,0.102899827508903,0.102899826172286,0.102899824097537,0.102899831590332
2,1.28174206503774,0.0559701834170233,0.103532470297117,0.103532628512108,0.103532627165635,0.103532625082386,0.103532632619831
2,1.28189770706109,0.0564301891261639,0.104170898099689,0.104171057385417,0.104171056028991,0.104171053937209,0.104171061519669
2,1.28205334908444,0.0568948412435889,0.104815017757954,0.10481517812442,0.10481517675794,0.104815174657593,0.104815182285438
2,1.28220899110778,0.0573646320179702,0.105464894131462,0.105465055588781,0.105465054212146,0.105465052103202,0.105465059776804
2,1.28236463313113,0.0578393513062719,0.106120592956913,0.106120755515315,0.106120754128422,0.106120752010848,0.106120759730585
2,1.28252027515447,0.0583189000949312,0.106782180861429,0.106782344531259,0.106782343134004,0.10678234100777,0.106782348774022
2,1.28267591717782,0.058803336910167,0.107449725376054,0.107449890167776,0.107449888760054,0.107449886625127,0.107449894438278
2,1.28283155920117,0.0592927210887749,0.108123294949451,0.108123460873646,0.108123459455351,0.108123457311701,0.108123465172138
2,1.28298720122451,0.0597871127953485,0.108802958961826,0.108803126029199,0.108803124600223,0.108803122447819,0.108803130355933
2,1.28314284324786,0.0602870404262349,0.10948878773908,0.109488955960455,0.109488954520689,0.1094889523595,0.109488960315687
2,1.28329848527121,0.0607922842689703,0.11018085256716,0.110181021953487,0.110181020502821,0.110181018332816,0.110181026337475
2,1.28345412729455,0.0613027354035396,0.110879225706669,0.110879396269022,0.110879394807344,0.110879392628494,0.110879400682027
2,1.2836097693179,0.0618183485479453,0.111583980407678,0.111584152157259,0.111584150684455,0.111584148496731,0.111584156599545
2,1.28376541134125,0.0623395159321093,0.112295190924792,0.112295363872929,0.112295362388885,0.112295360192257,0.112295368344763
2,1.28392105336459,0.0628659757761678,0.113012932532439,0.113013106690593,0.113013105195193,0.113013102989631,0.113013111192244
2,1.28407669538794,0.0633984049251904,0.113737281540408,0.113737456920169,0.113737455413296,0.113737453198773,0.113737461451911
2,1.28423233741128,0.0639365737004217,0.114468315309628,0.11446849192272,0.114468490404256,0.114468488180742,0.114468496484828
2,1.28438797943463,0.0644803622229634,0.11520611226819,0.115206290126473,0.115206288596297,0.115206286363765,0.115206294719226
2,1.28454362145798,0.0650298402619769,0.115950751927626,0.115950931043094,0.115950929501084,0.115950927259507,0.115950935666773
2,1.28469926348132,0.06558507857188,0.116702314899436,0.116702495284224,0.116702493730256,0.116702491479607,0.116702499939113
2,1.28485490550467,0.0661461489139054,0.117460882911876,0.117461064578257,0.117461063012206,0.117461060752459,0.117461069264645
2,1.28501054752802,0.0667136617619793,0.118226538827005,0.118226721787394,0.118226720209135,0.118226717940263,0.118226726505571
2,1.28516618955136,0.0672873770387341,0.118999366657994,0.11899955092495,0.118999549334353,0.118999547056332,0.11899955567521
2,1.28532183157471,0.0678671627505741,0.119779451586703,0.119779637172929,0.119779635569866,0.11977963328267,0.11977964195557
2,1.28547747359805,0.0684530951652364,0.120566879981536,0.120567066899883,0.120567065284222,0.120567062987827,0.120567071715206
2,1.2856331156214,0.0690452516436536,0.121361739415556,0.121361927679021,0.12136192605063,0.121361923745011,0.121361932527329
2,1.28578875764475,0.0696437106558072,0.122164118684889,0.122164308306622,0.122164306665366,0.122164304350501,0.122164313188223
2,1.28594439966809,0.0702491292715994,0.122974107827404,0.122974298820707,0.122974297166449,0.122974294842316,0.12297430373591
2,1.28610004169144,0.0708612566031668,0.123791798141677,0.123791990520005,0.123791988852608,0.123791986519184,0.123791995469126
2,1.28625568371479,0.0714794744039932,0.12461728220625,0.124617475983214,0.124617474302538,0.124617471959802,0.124617480966569
2,1.28641132573813,0.072105284598771,0.125450653899162,0.125450849088532,0.125450847394435,0.125450845042367,0.125450854106442
2,1.28656696776148,0.0727373533597189,0.126292008417801,0.126292205033505,0.126292203325844,0.126292200964424,0.126292210086294
2,1.28672260978482,0.0733762393883359,0.127141442299028,0.127141640355156,0.127141638633786,0.127141636262995,0.127141645443153
2,1.28687825180817,0.0740226505467055,0.127999053439614,0.127999252950421,0.127999251215196,0.127999248835014,0.127999258073956
2,1.28703389383152,0.0746763247108328,0.128864941116989,0.128865142096894,0.128865140347663,0.128865137958074,0.128865147256302
2,1.28718953585486,0.0753371015872088,0.129739206010272,0.129739408473862,0.129739406710476,0.129739404311463,0.129739413669482
2,1.28734517787821,0.0760050725422609,0.130621950221644,0.130622154183674,0.130622152405981,0.130622149997528,0.130622159415849
2,1.28750081990156,0.0766803302737562,0.131513277298004,0.131513482773402,0.131513480981246,0.131513478563338,0.131513488042478
2,1.2876564619249,0.0773628592750533,0.132413292252958,0.132413499256824,0.132413497450049,0.132413495022672,0.13241350456315
2,1.28781210394825,0.0780537514835372,0.133322101589127,0.133322310136737,0.133322308315185,0.133322305878326,0.133322315480667
2,1.2879677459716,0.0787524044574468,0.134239813320764,0.134240023427571,0.134240021591082,0.134240019144728,0.134240028809464
2,1.28812338799494,0.0794587509516049,0.135166536996713,0.13516674867835,0.135166746826761,0.135166744370902,0.135166754098566
2,1.28827903001829,0.0801728910823379,0.136102383723675,0.136102596995957,0.136102595129103,0.136102592663728,0.136102602454861
2,1.28843467204163,0.0808949264332333,0.137047466189819,0.137047681068743,0.137047679186457,0.137047676711559,0.137047686566705
2,1.28859031406498,0.0816249600831353,0.138001898688721,0.13800211519047,0.138002113292585,0.138002110808154,0.138002120727864
2,1.28874595608833,0.082363815759505,0.138965797143627,0.138966015284573,0.138966013370917,0.138966010876947,0.138966020861775
2,1.28890159811167,0.0831112076471823,0.139939279132071,0.139939498928774,0.139939496999173,0.13993949449566,0.139939504546165
2,1.28905724013502,0.083866910347472,0.140922463910805,0.140922685380019,0.140922683434299,0.140922680921236,0.140922691037986
2,1.28921288215837,0.0846311244397041,0.141915472441096,0.141915695599766,0.141915693637749,0.141915691115135,0.141915701298698
2,1.28936852418171,0.0854038705120495,0.142918427414346,0.142918652279615,0.142918650301122,0.142918647768956,0.142918658019907
2,1.28952416620506,0.0861852918777887,0.143931453278057,0.143931679867267,0.143931677872115,0.143931675330396,0.143931685649316
2,1.2896798082284,0.0869762782943281,0.144954676262151,0.144954904592844,0.14495490258085,0.144954900029578,0.144954910417053
2,1.28983545025175,0.0877765315125975,0.145988224405619,0.145988454495539,0.145988452466515,0.145988449905694,0.145988460362314
2,1.2899910922751,0.0885858360304895,0.147032227583524,0.14703245945062,0.147032457404377,0.147032454834011,0.147032465360372
2,1.29014673429844,0.089404312281811,0.148086817534357,0.148087051196785,0.148087049133132,0.148087046553226,0.148087057149931
2,1.29030237632179,0.0902320824975173,0.149152127887722,0.149152363363847,0.149152361282589,0.149152358693152,0.149152369360805
2,1.29045801834514,0.0910692276066111,0.15022829419238,0.150228531500779,0.15022852940172,0.15022852680276,0.150228537541975
2,1.29061366036848,0.0919168388332318,0.151315453944644,0.151315693104107,0.151315690987049,0.151315688378576,0.151315699189969
2,1.29076930239183,0.0927744757999125,0.152413746617099,0.152413987646632,0.152413985511372,0.152413982893399,0.152413993777593
2,1.29092494441518,0.0936419434501778,0.153523313687691,0.153523556606517,0.153523554452852,0.153523551825394,0.153523562783016
2,1.29108058643852,0.0945193739856902,0.154644298669138,0.1546445434967,0.154644541324423,0.154644538687496,0.15464454971918
2,1.29123622846187,0.0954069015875062,0.155776847138694,0.155777093894658,0.15577709170356,0.155777089057182,0.155777100163565
2,1.29139187048521,0.0963046624397616,0.156921106768257,0.156921355472512,0.156921353262381,0.156921350606572,0.156921361788299
2,1.29154751250856,0.0972136972416672,0.158077227354792,0.158077478027455,0.158077475798077,0.158077473132859,0.158077484390579
2,1.29170315453191,0.0981330658932196,0.159245360851118,0.159245613512535,0.159245611263691,0.159245608589089,0.159245619923456
2,1.29185879655525,0.0990643528153311,0.160425661396999,0.160425916067744,0.160425913799215,0.160425911115255,0.160425922526929
2,1.2920144385786,0.100005855349538,0.161618285350569,0.161618542051451,0.161618539763015,0.161618537069726,0.161618548559372
2,1.29217008060195,0.100958336803401,0.162823391320096,0.162823650072159,0.162823647763589,0.162823645061002,0.162823656629291
2,1.29232572262529,0.10192194674671,0.164041140196027,0.164041401020551,0.164041398691619,0.164041395979767,0.164041407627375
2,1.29248136464864,0.10289781202131,0.165271695183381,0.165271958101886,0.165271955752361,0.16527195303128,0.165271964758888
2,1.29263700667198,0.103885595058519,0.16651522183442,0.166515486868665,0.166515484498312,0.166515481768042,0.166515493576337
2,1.29279264869533,0.104885004300157,0.167771888081623,0.167772155253614,0.167772152862196,0.167772150122777,0.16777216201245
2,1.29294829071868,0.105896199227031,0.169041864270968,0.169042133602953,0.16904213119023,0.169042128441706,0.169042140413455
2,1.29310393274202,0.106918670416307,0.170325323195459,0.170325594709936,0.170325592275664,0.170325589518081,0.170325601572608
2,1.29325957476537,0.107954596085315,0.171622440128964,0.171622713848677,0.17162271139261,0.171622708626018,0.171622720764031
2,1.29341521678872,0.109003183310338,0.172933392860279,0.172933668808224,0.172933666330113,0.172933663554565,0.172933675776777
2,1.29357085881206,0.110064752174044,0.174258361727465,0.174258639926892,0.174258637426484,0.174258634642034,0.174258646949164
2,1.29372650083541,0.111138979713844,0.175597529652421,0.175597810126834,0.175597807603874,0.175597804810581,0.175597817203351
2,1.29388214285875,0.112226041148184,0.176951082175665,0.176951364948823,0.176951362403052,0.176951359600978,0.176951372080117
2,1.2940377848821,0.113326114324543,0.178319207491349,0.178319492587271,0.178319490018427,0.178319487207637,0.178319499773878
2,1.29419342690545,0.114439379768249,0.17970209648245,0.179702383925413,0.17970238133323,0.179702378513793,0.179702391167875
2,1.29434906892879,0.115567098393311,0.181099942756148,0.181100232570692,0.181100229954902,0.181100227126889,0.181100239869556
2,1.29450471095214,0.116709093910097,0.182512942679377,0.182513234890305,0.182513232250636,0.182513229414123,0.182513242246123
2,1.29466035297549,0.117864819519793,0.183941295414493,0.183941590046871,0.183941587383048,0.183941584538114,0.1839415974602
2,1.29481599499883,0.119034530633303,0.185385202955091,0.185385500034252,0.185385497345996,0.185385494492724,0.185385507505655
2,1.29497163702218,0.120218422641453,0.186844870161903,0.186845169713447,0.186845167000475,0.186845164138952,0.186845177243491
2,1.29512727904553,0.121416693862491,0.188320504798781,0.188320806848575,0.188320804110604,0.188320801240921,0.188320814437835
2,1.29528292106887,0.122630780437617,0.189812317568746,0.189812622142928,0.189812619379668,0.18981261650192,0.189812629791981
2,1.29543856309222,0.123860303387962,0.19132052215003,0.191320829275008,0.191320826486167,0.191320823600453,0.191320836984438
2,1.29559420511556,0.125104865441223,0.192845335232158,0.192845644934613,0.192845642119894,0.192845639226318,0.192845652705008
2,1.29574984713891,0.12636467802606,0.194386976551961,0.194387288858844,0.194387286017949,0.194387283116619,0.194387296690799
2,1.29590548916226,0.127639813881202,0.195945668929548,0.195945983868085,0.19594598100071,0.195945978091739,0.195945991762199
2,1.2960611311856,0.128930916347999,0.197521638304181,0.19752195590187,0.19752195300771,0.197521950091215,0.197521963858747
2,1.29621677320895,0.130239118583952,0.199115113769992,0.199115434054608,0.199115431133352,0.199115428209456,0.199115442074858
2,1.2963724152323,0.131564169452017,0.200726327611567,0.200726650611158,0.200726647662492,0.200726644731322,0.200726658695396
2,1.29652805725564,0.132905627796475,0.202355515339279,0.202355841082167,0.202355838105774,0.202355835167463,0.202355849231014
2,1.29668369927899,0.134263725715434,0.204002915724386,0.204003244239171,0.20400324123473,0.204003238289415,0.20400325245325
2,1.29683934130233,0.135638698754891,0.205668770833838,0.205669102149393,0.205669099116578,0.205669096164403,0.205669110429335
2,1.29699498332568,0.137030785950213,0.207353326064698,0.207353660210171,0.207353657148654,0.207353654189768,0.207353668556611
2,1.29715062534903,0.138441189102657,0.20905683017821,0.209057167183023,0.209057164092472,0.20905716112703,0.209057175596602
2,1.29730626737237,0.139870972647491,0.210779535333367,0.210779875227217,0.210779872107296,0.210779869135457,0.21077988370858
2,1.29746190939572,0.141318174885929,0.21252169712,0.212522039932856,0.212522036783225,0.212522033805156,0.212522048482652
2,1.29761755141907,0.142783540854828,0.214283574591286,0.214283920353389,0.214283917173704,0.214283914189578,0.214283928972273
2,1.29777319344241,0.14426732886593,0.216065430295603,0.216065779037466,0.216065775827379,0.216065772837375,0.216065787726097
2,1.29792883546576,0.145769801021361,0.217867530307716,0.217867882060118,0.21786787881928,0.217867875823583,0.217867890819162
2,1.29808447748911,0.147292794890184,0.219690144259149,0.219690499053141,0.219690495781194,0.219690492779997,0.219690507883266
2,1.29824011951245,0.148835889670013,0.221533545367737,0.221533903234634,0.221533899931221,0.221533896924722,0.221533912136513
2,1.2983957615358,0.150398539917403,0.223398010466252,0.223398371437631,0.223398368102389,0.223398365090795,0.223398380411943
2,1.29855140355914,0.151979415086408,0.22528382002998,0.225284184137682,0.225284180770243,0.225284177753768,0.225284193185108
2,1.29870704558249,0.153583626412242,0.227191258203253,0.227191625479376,0.227191622079371,0.227191619058236,0.227191634600603
2,1.29886268760584,0.155206632570298,0.229120612824743,0.229120983301639,0.229120979868694,0.229120976843127,0.229120992497358
2,1.29901832962918,0.156852038301072,0.231072175451491,0.231072549161767,0.231072545695503,0.231072542665739,0.231072558432671
2,1.29917397165253,0.158519409098468,0.233046241381552,0.23304661835806,0.233046614858096,0.233046611824381,0.23304662770485
2,1.29932961367588,0.160208137681283,0.23504310967511,0.23504348995095,0.235043486416899,0.235043483379485,0.235043499374326
2,1.29948525569922,0.1619185290492,0.23706308317403,0.237063466782538,0.237063463214011,0.237063460173159,0.237063476283206
2,1.29964089772257,0.163650892522032,0.239106468519624,0.239106855494373,0.239106851890977,0.239106848846957,0.239106865073043
2,1.29979653974591,0.165405541743544,0.241173576168608,0.241173966543401,0.241173962904738,0.241173959857828,0.241173976200785
2,1.29995218176926,0.167184642734121,0.243264720407062,0.243265114215925,0.243265110541595,0.243265107492083,0.243265123952738
2,1.30010782379261,0.168987747458718,0.24538021936224,0.245380616639418,0.245380612929017,0.245380609877199,0.245380626456379
2,1.30026346581595,0.170814179216341,0.247520395012161,0.247520795792109,0.247520792045228,0.247520788991412,0.247520805689939
2,1.3004191078393,0.172664270796782,0.249685573192727,0.249685977510106,0.249685973726334,0.249685970670835,0.249685987489529
2,1.30057474986265,0.17453835955074,0.251876083602306,0.251876491491973,0.251876487670894,0.251876484614039,0.251876501553714
2,1.30073039188599,0.176436787400027,0.254092259803557,0.254092671300559,0.254092667441754,0.254092664383879,0.254092681445346
2,1.30088603390934,0.17836190440011,0.25633443922232,0.256334854361883,0.25633485046493,0.256334847406382,0.256334864590445
2,1.30104167593268,0.180313249163115,0.258602963143425,0.258603381960946,0.25860337802542,0.258603374966556,0.258603392274015
2,1.30119731795603,0.182289989908689,0.260898176703212,0.260898599234249,0.260898595259721,0.260898592200909,0.260898609632556
2,1.30135295997938,0.184292719910414,0.26322042887852,0.263220855158783,0.263220851144819,0.263220848086441,0.263220865643062
2,1.30150860200272,0.186321574669149,0.265570072472029,0.265570502537367,0.265570498483532,0.265570495425978,0.265570513108351
2,1.30166424402607,0.188377002794671,0.267947464093624,0.267947897980014,0.267947893885869,0.267947890829542,0.267947908638436
2,1.30181988604942,0.190461551706812,0.27035296413764,0.270353401881172,0.270353397746277,0.270353394691592,0.270353412627768
2,1.30197552807276,0.192574746751826,0.272786936755716,0.272787378392585,0.272787374216493,0.272787371163879,0.272787389228086
2,1.30213117009611,0.194715745601784,0.27524974982497,0.275250195391458,0.275250191173723,0.275250188123619,0.275250206316598
2,1.30228681211946,0.196884940489558,0.277741774911325,0.277742224443787,0.277742220183958,0.277742217136817,0.277742235459297
2,1.3024424541428,0.199082728514148,0.280263387227593,0.280263840762441,0.280263836460065,0.280263833416354,0.28026385186905
2,1.30259809616615,0.201309511625414,0.282814965586138,0.282815423159826,0.282815418814449,0.282815415774646,0.282815434358262
2,1.30275373818949,0.203568047541476,0.285396892345775,0.285397353994779,0.285397349605942,0.285397346570542,0.285397365285766
2,1.30290938021284,0.205857848213499,0.288009553352551,0.288010019113352,0.288010014680596,0.288010011650105,0.288010030497613
2,1.30306502223619,0.208177972811184,0.290653337874187,0.290653807783253,0.290653803306116,0.290653800281056,0.290653819261505
2,1.30322066425953,0.210528844138909,0.293328638527731,0.293329112621493,0.293329108099512,0.293329105080419,0.29332912419445
2,1.30337630628288,0.212910889840901,0.296035851200147,0.29603632951498,0.296036324947689,0.296036321935114,0.296036341183351
2,1.30353194830623,0.215324542370161,0.298775374961456,0.298775857533656,0.298775852920588,0.298775849915098,0.298775869298146
2,1.30368759032957,0.217772781625181,0.301547611969998,0.301548098835757,0.301548094176445,0.301548091178621,0.301548110697063
2,1.30384323235292,0.220255105644243,0.304352967369511,0.304353458564894,0.304353453858868,0.304353450869308,0.304353470523707
2,1.30399887437626,0.222767504672767,0.307191849177504,0.30719234473842,0.307192339985211,0.307192337004528,0.307192356795426
2,1.30415451639961,0.225319306114444,0.310064668164586,0.310065168126763,0.3100651633259,0.310065160354725,0.310065180282637
2,1.30431015842296,0.227902092691313,0.31297183772427,0.312972342123223,0.312972337274235,0.312972334313215,0.312972354378633
2,1.3044658004463,0.230519284553448,0.315913773732737,0.315914282603742,0.315914277706159,0.315914274755957,0.315914294959346
2,1.30462144246965,0.233174093674671,0.318890894398197,0.318891407776254,0.318891402829604,0.318891399890903,0.3188914202327
2,1.304777084493,0.235866003055514,0.321903620099201,0.321904138019004,0.321904133022819,0.321904130096316,0.321904150576929
2,1.30493272651634,0.238593836814259,0.324952373211509,0.324952895707411,0.324952890661221,0.324952887747634,0.32495290836744
2,1.30508836853969,0.24135807561947,0.328037577922925,0.3280381050289,0.328038099932238,0.328038097032302,0.328038117791646
2,1.30524401056303,0.244159204262205,0.331159660035498,0.331160191785105,0.331160186637503,0.331160183751971,0.331160204651165
2,1.30539965258638,0.246997136225013,0.334319046754623,0.334319583180962,0.334319577981956,0.334319575111602,0.33431959615092
2,1.30555529460973,0.249877048375908,0.337516166464312,0.337516707599987,0.337516702349117,0.33751669949473,0.337516720674412
2,1.30571093663307,0.252796680486299,0.340751448488138,0.340751994365211,0.340751989062016,0.340751986224409,0.340752007544653
2,1.30586657865642,0.25575529254961,0.34402532283515,0.344025873485096,0.34402586812912,0.344025865309122,0.344025886770087
2,1.30602222067977,0.258753389147827,0.347338219930078,0.347338775383737,0.347338769974528,0.347338767172991,0.347338788774792
2,1.30617786270311,0.261791478132401,0.350690570327246,0.350691130614775,0.350691125151884,0.350691122369678,0.350691144112387
2,1.30633350472646,0.264870070440364,0.354082804407368,0.354083369558186,0.35408336404117,0.354083361279186,0.354083383162827
2,1.30648914674981,0.267992857846489,0.357515352056604,0.357515922099342,0.357515916527762,0.357515913786912,0.357515935811461
2,1.30664478877315,0.271158668090687,0.360988642327113,0.360989217289556,0.36098921166298,0.360989208944197,0.360989231109578
2,1.3068004307965,0.274367881497506,0.364503103078266,0.364503682987294,0.364503677305296,0.364503674609533,0.364503696915619
2,1.30695607281984,0.277619168026909,0.368059160597873,0.368059745479404,0.368059739741562,0.368059737069796,0.368059759516402
2,1.30711171484319,0.280913668713288,0.371657239202464,0.371657829081386,0.37165782328729,0.371657820640516,0.371657843227403
2,1.30726735686654,0.284251908967955,0.37529776081593,0.375298355716037,0.375298349865284,0.375298347244521,0.375298369971387
2,1.30742299888988,0.287637816693858,0.378981144525618,0.378981744469545,0.378981738561738,0.378981735968027,0.378981758834509
2,1.30757864091323,0.291070810543038,0.382707806114983,0.382708411124131,0.382708405158886,0.382708402593288,0.382708425598958
2,1.30773428293658,0.294549244497806,0.386478157572024,0.386478767666487,0.386478761643428,0.386478759107029,0.386478782251391
2,1.30788992495992,0.298073647442649,0.390292606572459,0.390293221770949,0.390293215689713,0.390293213183618,0.390293236466106
2,1.30804556698327,0.301644548179653,0.394151555936855,0.394152176256621,0.394152170116856,0.394152167642196,0.394152191062171
2,1.30820120900661,0.305262388837191,0.398055403060717,0.398056028517467,0.398056022318834,0.398056019876758,0.398056043433506
2,1.30835685102996,0.308931577757841,0.402004539316552,0.402005169924361,0.402005163666535,0.402005161258217,0.402005184950945
2,1.30851249305331,0.312651240215595,0.40599934942706,0.405999985198288,0.405999978880958,0.405999976507595,0.406000000335427
2,1.30866813507665,0.316419622279126,0.410040210808343,0.410040851753541,0.410040845376413,0.410040843039222,0.4100408670012
2,1.3088237771,0.320237245061776,0.414127492882272,0.414128139010087,0.414128132572882,0.414128130273104,0.414128154368182
2,1.30897941912335,0.324104626725552,0.418261556356972,0.418262207674052,0.41826220117651,0.418262198915406,0.418262223142446
2,1.30913506114669,0.328022281922432,0.422442752474385,0.422443408985275,0.422443402427153,0.422443400206009,0.42244342456378
2,1.30929070317004,0.331994555392691,0.426671422224045,0.426672083931085,0.426672077312162,0.426672075132282,0.426672099619456
2,1.30944634519339,0.336017110573461,0.430947895521915,0.43094856242513,0.430948555745205,0.430948553607918,0.430948578223065
2,1.30960198721673,0.340098912271949,0.435272490353424,0.435273162450415,0.435273155709309,0.435273153615963,0.435273178357551
2,1.30975762924008,0.344229433518353,0.439645511879679,0.439646189165508,0.439646182363067,0.43964618031503,0.439646205181419
2,1.30991327126342,0.348412833227136,0.444067251505815,0.444067933972889,0.44406792710898,0.444067925107644,0.444067950097083
2,1.31006891328677,0.352649589495357,0.44853798591068,0.448538673548624,0.448538666623145,0.448538664669918,0.448538689780541
2,1.31022455531012,0.356944198282211,0.453057976036732,0.45305866883227,0.453058661845144,0.453058659941456,0.45305868517128
2,1.31038019733346,0.361295931635308,0.457627466039406,0.45762816397623,0.45762815692741,0.457628155074708,0.457628180421628
2,1.31053583935681,0.365702499337417,0.462246682195005,0.462247385253643,0.462247378143111,0.462247376342861,0.462247401804646
2,1.31069148138016,0.370164337424257,0.466915831766197,0.466916539923877,0.466916532751649,0.466916531005335,0.466916556579625
2,1.3108471234035,0.374679350824613,0.471635101824509,0.471635815055023,0.471635807821145,0.471635806130267,0.47163583181457
2,1.31100276542685,0.379255507226984,0.476404658028849,0.476405376302405,0.476405369006963,0.476405367373037,0.476405393164722
2,1.31115840745019,0.383889831808717,0.48122464335954,0.481225366642622,0.481225359285736,0.481225357710293,0.48122538360659
2,1.31131404947354,0.388584027253538,0.486095176807185,0.4860959050624,0.486095897644228,0.486095896128813,0.486095922126808
2,1.31146969149689,0.393335548057405,0.491016352015718,0.491017085201646,0.491017077722389,0.491017076268558,0.491017102365188
2,1.31162533352023,0.398144736712037,0.495988235879378,0.495988973950413,0.495988966410312,0.495988965019634,0.495988991211683
2,1.31178097554358,0.40301191685794,0.501010867092984,0.501011609999179,0.50101160239852,0.501011601072574,0.501011627356671
2,1.31193661756693,0.407937392000741,0.50608425465545,0.506085002342351,0.506084994681467,0.50608499342184,0.506085019794453
2,1.31209225959027,0.412925153753824,0.511208376326276,0.511209128734762,0.511209121014032,0.511209119822318,0.511209146279752
2,1.31224790161362,0.41797602026656,0.516383177034933,0.516383934101045,0.516383926320898,0.516383925198698,0.516383951737089
2,1.31240354363696,0.423085419448547,0.521608567243402,0.521609328898174,0.521609321059092,0.521609320008009,0.521609346623322
2,1.31255918566031,0.428254137915032,0.526884421261918,0.526885187431204,0.526885179533724,0.526885178555363,0.526885205243389
2,1.31271482768366,0.433482350107345,0.532210575518493,0.532211346122795,0.532211338167508,0.532211337263475,0.532211364019824
2,1.312870469707,0.438770201582012,0.537586826782754,0.537587601737041,0.537587593724598,0.537587592896496,0.537587619716597
2,1.31302611173035,0.444122139147515,0.543012930344776,0.543013709558313,0.543013701489425,0.543013700738852,0.543013727617948
2,1.3131817537537,0.449537066542787,0.548488598150107,0.548489381526268,0.54848937340171,0.548489372730257,0.5484893996634
2,1.31333739577704,0.455011882186971,0.554013496891935,0.554014284328028,0.554014276148639,0.554014275557887,0.55401430253994
2,1.31349303780039,0.460545873172952,0.559587246062049,0.559588037449134,0.55958802921582,0.559588028707339,0.559588055732965
2,1.31364867982374,0.466141151650963,0.565209415962201,0.565210211184907,0.565210202898645,0.565210202473989,0.565210229537654
2,1.31380432184708,0.471795496050084,0.570879525677756,0.570880324614104,0.570880316275943,0.570880315936647,0.570880343032617
2,1.31395996387043,0.477513778493929,0.576597041016085,0.576597843537301,0.576597835148364,0.576597834895943,0.576597862018278
2,1.31411560589377,0.483294692384775,0.582361372411998,0.582362178382341,0.582362169943828,0.582362169779771,0.582362196922324
2,1.31427124791712,0.489134850891018,0.58817187280332,0.5881726820799,0.588172673593092,0.588172673518861,0.588172700675277
2,1.31442688994047,0.495033987949168,0.594027835479736,0.59402864791234,0.594028639378596,0.59402863939562,0.594028666559335
2,1.31458253196381,0.500991787665466,0.599928491908387,0.599929307339304,0.599929298760071,0.599929298869745,0.599929326033979
2,1.31473817398716,0.507007882386692,0.605873009540398,0.605873827804253,0.605873819181062,0.60587381938474,0.605873846542502
2,1.31489381601051,0.513084235443163,0.611860489602412,0.611861310525999,0.611861301860472,0.611861302159463,0.611861329303547
2,1.31504945803385,0.519224373842971,0.617889964878104,0.617890788280228,0.617890779574075,0.617890779969642,0.617890807092626
2,1.3152051000572,0.525419536180497,0.623960397484773,0.623961223176091,0.623961214431118,0.62396121492447,0.623961242018717
2,1.31536074208054,0.531670808765939,0.630070676650534,0.630071504433408,0.630071495651517,0.630071496243806,0.630071523301462
2,1.31551638410389,0.537977513622912,0.636219616498424,0.636220446166781,0.636220437349971,0.636220438042286,0.636220465055284
2,1.31567202612724,0.544338907443654,0.642405953843695,0.642406785182895,0.642406776333265,0.642406777126628,0.642406804086685
2,1.31582766815058,0.550757919799219,0.648628346011559,0.648629178798267,0.64862916991802,0.64862917081338,0.648629197712001
2,1.31598331017393,0.557232638356212,0.654885368682806,0.65488620268488,0.654886193776321,0.65488619477455,0.654886221603029
2,1.31613895219728,0.563759170421892,0.661175513775244,0.661176348751632,0.661176339817173,0.661176340919058,0.661176367668483
2,1.31629459422062,0.570333561776799,0.667497187369719,0.667498023070367,0.667498014112528,0.667498015318769,0.66749804198002
2,1.31645023624397,0.576963399375768,0.673848707689488,0.673849543855261,0.673849534876672,0.673849536187872,0.67384956275163
2,1.31660587826732,0.583638763552366,0.680228303142732,0.68022913950535,0.680229130508753,0.680229131925414,0.680229158382161
2,1.31676152029066,0.590364473357133,0.686634110438188,0.68663494672018,0.686634937708428,0.686634939230947,0.686634965570972
2,1.31691716231401,0.597138211402141,0.693064172784403,0.693065008699069,0.69306499967513,0.693065001303788,0.693065027517197
2,1.31707280433735,0.603955919862772,0.699516438183881,0.699517273435283,0.69951726440224,0.6995172661372,0.699517292213915
2,1.3172284463607,0.610816028349137,0.705988757833443,0.705989592116406,0.705989583077459,0.705989584918756,0.705989610848528
2,1.31738408838405,0.617716876443228,0.712478884643032,0.712479717643166,0.71247970860163,0.712479710549169,0.712479736321583
2,1.31753973040739,0.624656711972672,0.718984471885339,0.71898530327909,0.718985294238399,0.718985296291944,0.718985321896428
2,1.31769537243074,0.631636127751527,0.725503071989066,0.725503901443777,0.725503892407481,0.72550389456665,0.725503919992487
2,1.31785101445409,0.638652338149369,0.732032135489287,0.732032962663295,0.732032953635062,0.732032955899322,0.732032981135654
2,1.31800665647743,0.645701232823366,0.738569010148283,0.738569834691033,0.73856982567465,0.738569828043307,0.738569853079152
2,1.31816229850078,0.652780645995147,0.745110940260967,0.745111761813154,0.745111752812523,0.745111755284717,0.745111780108981
2,1.31831794052412,0.659888311932231,0.751655066158973,0.751655884352711,0.751655875371852,0.751655877946552,0.751655902548036
2,1.31847358254747,0.667021863983719,0.758198423927674,0.758199238386697,0.758199229429744,0.758199232105739,0.758199256473159
2,1.31862922457082,0.674180260492753,0.764737945350837,0.764738755690726,0.764738746761926,0.76473874953782,0.764738773659818
2,1.31878486659416,0.681360202341861,0.771270458097164,0.771271263925605,0.771271255029318,0.771271257903522,0.771271281768684
2,1.31894050861751,0.688557281535074,0.777792686163474,0.777793487080546,0.777793478221242,0.777793481191969,0.777793504788839
2,1.31909615064086,0.695769924501361,0.784301250588815,0.784302046187317,0.784302037369573,0.784302040434833,0.78430206375193
2,1.3192517926642,0.702993980883801,0.79079267045365,0.790793460319453,0.790793451547949,0.790793454705541,0.790793477731382
2,1.31940743468755,0.710226844780607,0.797263364178216,0.797264147890654,0.797264139170174,0.797264142417679,0.797264165140793
2,1.3195630767109,0.717465551398352,0.803709651133308,0.803710428265603,0.803710419601027,0.803710422935809,0.803710445344757
2,1.31971871873424,0.724706276610897,0.810127753576696,0.810128523696419,0.810128515092721,0.810128518511915,0.810128540595314
2,1.31987436075759,0.731945369442888,0.816513798927434,0.816514561596999,0.816514553059241,0.816514556559753,0.816514578306297
2,1.32003000278093,0.739179371179705,0.822863822389577,0.822864577166772,0.822864568700102,0.822864572278602,0.822864593677082
2,1.32018564480428,0.746404723581241,0.829173769936252,0.829174516374809,0.829174507984452,0.829174511637371,0.8291745326767
2,1.32034128682763,0.753617770716562,0.835439501663513,0.83544023931371,0.835440231004965,0.835440234728492,0.835440255397727
2,1.32049692885097,0.760813399837649,0.84165679552278,0.841657523932079,0.84165751571031,0.84165751950039,0.841657539788759
2,1.32065257087432,0.767987302213408,0.847821351439037,0.847822070152757,0.847822062023389,0.84782206587572,0.847822085772645
2,1.32080821289767,0.775136469056545,0.853928795820574,0.853929504382605,0.853929496351117,0.853929500261145,0.85392951975627
2,1.32096385492101,0.782256851253432,0.859974686464809,0.859975384418348,0.859975376490262,0.859975380453185,0.859975399536399
2,1.32111949694436,0.789344316468748,0.865954517862522,0.865955204750854,0.865955196931728,0.865955200942495,0.865955219603959
2,1.3212751389677,0.796394652840339,0.871863726901554,0.871864402268854,0.871864394564278,0.871864398617585,0.871864416847761
2,1.32143078099105,0.803400485050553,0.877697698968714,0.877698362360885,0.877698354776466,0.877698358866761,0.877698376656436
2,1.3215864230144,0.810357128484411,0.883451774446606,0.883452425412145,0.883452417953502,0.883452422074984,0.8834524394153
2,1.32174206503774,0.817265659656551,0.889121255600209,0.889121893691096,0.889121886363845,0.889121890510471,0.889121907392948
2,1.32189770706109,0.824112319961579,0.894701413845273,0.894702038617886,0.894702031427637,0.894702035593121,0.894702052009687
2,1.32205334908444,0.830901810092191,0.90018749738872,0.900188108404771,0.900188101357112,0.900188105534931,0.900188121477948
2,1.32220899110778,0.837626441157693,0.905574739228465,0.905575336055955,0.905575329156444,0.905575333339844,0.905575348802134
2,1.32236463313113,0.84427661526789,0.910858365497598,0.910858947711789,0.91085894096594,0.91085894514794,0.910858960122812
2,1.32252027515447,0.850847459415902,0.916033604135567,0.916034171319964,0.91603416473324,0.916034168906641,0.916034183387913
2,1.32267591717782,0.857338361173111,0.921095693866015,0.921096245613359,0.921096239191156,0.92109624334855,0.921096257330577
2,1.32283155920117,0.863744588197096,0.926039893458736,0.926040429372004,0.926040423119641,0.926040427253415,0.926040440731113
2,1.32298720122451,0.8700613975904,0.930861491250405,0.930862010943809,0.930862004866517,0.930862008968869,0.930862021937735
2,1.32314284324786,0.876285408098959,0.935555814896204,0.93555631799619,0.9355563120991,0.935556316162044,0.93555632861818
2,1.32329848527121,0.882400933494778,0.94011824132219,0.940118727468432,0.940118721756558,0.940118725771942,0.940118737712075
2,1.32345412729455,0.888407269750332,0.944544206845678,0.944544675692059,0.944544670170293,0.944544674129806,0.944544685551308
2,1.3236097693179,0.894304233682013,0.948829217428661,0.948829668644242,0.948829663317336,0.948829667212524,0.948829678113428
2,1.32376541134125,0.900087163262335,0.952968859027348,0.952969292297316,0.952969287169874,0.952969290992156,0.952969301371173
2,1.32392105336459,0.905751439242379,0.956958807998635,0.95695922302523,0.956959218101693,0.956959221842371,0.956959231698906
2,1.32407669538794,0.911292494109112,0.96079484152284,0.96079523802625,0.960795233310885,0.960795236961168,0.96079524629533
2,1.32423233741128,0.916697164567296,0.964472848000296,0.964473225719525,0.964473221216414,0.964473224767427,0.964473233580043
2,1.32438797943463,0.921965096370023,0.967988837378056,0.967989196071752,0.96798919178478,0.967989195227587,0.967989203520206
2,1.32454362145798,0.927087468209306,0.971338951362103,0.971339290809339,0.971339286742185,0.971339290067805,0.97133929784271
2,1.32469926348132,0.932072178875726,0.97451947346935,0.974519793470374,0.974519789626496,0.974519792825922,0.974519800086131
2,1.32485490550467,0.936911042304582,0.977526838873572,0.977527139250491,0.977527135633119,0.977527138697338,0.977527145446609
2,1.32501054752802,0.94160002821807,0.980357643998979,0.980357924596401,0.980357921208528,0.980357924128539,0.980357930371367
2,1.32516618955136,0.946125001016276,0.983008655815381,0.983008916500993,0.983008913345363,0.9830089161122,0.983008921853816
2,1.32532183157471,0.950482298035114,0.985476820789468,0.985477061454552,0.985477058533655,0.985477061138405,0.985477066384772
2,1.32547747359805,0.954677598023902,0.987759273447376,0.987759494007269,0.987759491323328,0.987759493757156,0.987759498514959
2,1.3256331156214,0.95870744075922,0.989853344505086,0.989853544899561,0.989853542454532,0.989853544708695,0.989853548985335
2,1.32578875764475,0.962572831306578,0.991756568524583,0.991756748718169,0.991756746513727,0.991756748579601,0.991756752383181
2,1.32594439966809,0.966257693196473,0.993466691055592,0.993466851037818,0.993466849075355,0.993466850944453,0.993466854283764
2,1.32610004169144,0.969760565011427,0.994981675224992,0.994981815010552,0.994981813291173,0.994981814955168,0.994981817839672
2,1.32625568371479,0.973074521501559,0.996299707738351,0.996299827367204,0.996299825891722,0.996299827342464,0.996299829782276
2,1.32641132573813,0.976207649378884,0.997419204261029,0.997419303798411,0.997419302567342,0.997419303796882,0.997419305802747
2,1.32656696776148,0.979157578826264,0.998338814149234,0.998338893685598,0.998338892699161,0.998338893699769,0.99833889528304
2,1.32672260978482,0.981922135691011,0.999057424504846,0.999057484155726,0.99905748341384,0.999057484178024,0.999057485350636
2,1.32687825180817,0.984499346247123,0.99957416353143,0.999574203437219,0.999574202939504,0.999574203460029,0.999574204234472
2,1.32703389383152,0.986875303364464,0.999888403172563,0.999888423498221,0.999888423243996,0.999888423513903,0.999888423903192
2,1.32718953585486,0.989055655923309,0.999999761017644,0.999999761952327,0.999999761940613,0.999999761953236,0.999999761970881
2,1.32734517787821,0.991029764044337,0.999908101464393,0.999908083221009,0.999908083450533,0.999908083199514,0.999908082859486
2,1.32750081990156,0.992817523170488,0.999613536131453,0.999613498946145,0.999613499415337,0.999613498894643,0.999613498211342
2,1.3276564619249,0.994411092617431,0.999116423518749,0.999116367650302,0.999116368357307,0.999116367561245,0.999116366549461
2,1.32781210394825,0.995809838205452,0.998417367917535,0.998417293646727,0.998417294589404,0.998417293512631,0.998417292187513
2,1.3279677459716,0.997001022438318,0.997517217576316,0.997517125205193,0.997517126381122,0.997517125018661,0.997517123395675
2,1.32812338799494,0.997984682646222,0.996417062132994,0.996416951984092,0.996416953390582,0.996416951737832,0.996416949832726
2,1.32827903001829,0.998772991236954,0.995118229327764,0.995118101743267,0.995118103377361,0.995118101430108,0.99511809925887
2,1.32843467204163,0.99936625231501,0.993622281015148,0.993622136356002,0.993622138214488,0.99362213596891,0.993622133547733
2,1.32859031406498,0.999771304293947,0.991931008497466,0.991930847142434,0.991930849221852,0.991930846674531,0.99193084401977
2,1.32874595608833,0.999969920295653,0.990046427205593,0.990046249550276,0.990046251846927,0.990046248994851,0.990046246122985
2,1.32890159811167,0.999970028625573,0.987970770756212,0.987970577212019,0.987970579721975,0.987970576562546,0.987970573490139
2,1.32905724013502,0.999766682848378,0.985706484417966,0.985706275411064,0.98570627813018,0.985706274661215,0.985706271404876
2,1.32921288215837,0.999373327013903,0.983256218021678,0.983255993991898,0.983255996915822,0.983255993135557,0.983255989711903
2,1.32936852418171,0.998791564552868,0.980622818352369,0.980622579752098,0.980622582876284,0.980622578783373,0.980622575208989
2,1.32952416620506,0.998023189293845,0.977809321063106,0.977809068356157,0.977809071675874,0.977809067269389,0.977809063560792
2,1.3296798082284,0.99707017986965,0.974818942152433,0.974818675812896,0.974818679323243,0.974818674602674,0.974818670776276
2,1.32983545025175,0.995925956726718,0.971655069048915,0.97165478956001,0.971654793255927,0.971654788221177,0.97165478429325
2,1.3299910922751,0.994585848793322,0.968321251347333,0.968320959200248,0.968320963076531,0.96832095772791,0.968320953714553
2,1.33014673429844,0.993071087816839,0.964821191242042,0.964820886934775,0.964820890986086,0.96482088532431,0.964820881241416
2,1.33030237632179,0.9913819713663,0.961158733703554,0.961158417739769,0.961158421960652,0.961158415986832,0.961158411850053
2,1.33045801834514,0.989521348045157,0.957337856444442,0.957337529332325,0.957337533717216,0.957337527432853,0.957337523257576
2,1.33061366036848,0.9874922076677,0.953362659720743,0.953362321971876,0.953362326515118,0.953362319922094,0.953362315723409
2,1.33076930239183,0.985287745938746,0.949237356014342,0.949237008142598,0.949237012838455,0.949237005939022,0.949237001731695
2,1.33092494441518,0.982911391533272,0.94496625964122,0.944965902161682,0.944965907004351,0.944965899801121,0.944965895599572
2,1.33108058643852,0.980377034028834,0.940553776329438,0.940553409757338,0.940553414740961,0.940553407236895,0.940553403055173
2,1.33123622846187,0.977695272956529,0.936004392809186,0.936004017658885,0.936004022777562,0.936004014975957,0.93600401082772
2,1.33139187048521,0.974848428506851,0.931322666456066,0.931322283240056,0.931322288487858,0.931322280392336,0.93132227629083
2,1.33154751250856,0.971861476323126,0.926513215026638,0.926512824254588,0.926512829625568,0.926512821240061,0.926512817198103
2,1.33170315453191,0.968722635173216,0.92158070652355,0.921580308701386,0.921580314189594,0.921580305518328,0.921580301548292
2,1.33185879655525,0.965435910025272,0.916529849225468,0.916529444854497,0.916529450453986,0.916529441501473,0.916529437615273
2,1.3320144385786,0.96201439925441,0.911365381914513,0.91136497149059,0.911364977195432,0.911364967966446,0.911364964175529
2,1.33217008060195,0.958462085720506,0.906092064331935,0.906091648344671,0.906091654148964,0.906091644648534,0.906091640963864
2,1.33232572262529,0.954782998166479,0.900714667889893,0.900714246821911,0.900714252719791,0.900714242953182,0.900714239385236
2,1.33248136464864,0.950981203279833,0.89523796666495,0.895237540991186,0.895237546976838,0.895237536949533,0.895237533508294
2,1.33263700667198,0.947054026561677,0.889666728696306,0.889666298883365,0.889666304951028,0.889666294668718,0.889666291363668
2,1.33279264869533,0.943005439895403,0.884005707608977,0.884005274114524,0.884005280258504,0.884005269727067,0.884005266567187
2,1.33294829071868,0.93884751743083,0.878259634579927,0.878259197852135,0.878259204066811,0.8782591932923,0.878259190286066
2,1.33310393274202,0.934584305210679,0.872433210662204,0.872432771139251,0.872432777419083,0.872432766407707,0.87243276356309
2,1.33325957476537,0.930219946912087,0.866531099479894,0.866530657589502,0.866530663929039,0.866530652687149,0.866530650011619
2,1.33341521678872,0.925758579042567,0.860557920304231,0.860557476463256,0.860557482857141,0.860557471391215,0.860557468891741
2,1.33357085881206,0.92119905233657,0.854518241518562,0.854517796132628,0.854517802575606,0.854517790892234,0.85451778857529
2,1.33372650083541,0.916545622229683,0.848416574478018,0.848416127941202,0.848416134428124,0.848416122533991,0.84841612040556
2,1.33388214285875,0.911808386024492,0.842257367767099,0.842256920461652,0.842256926987481,0.842256914889355,0.842256912954936
2,1.3340377848821,0.906994041481663,0.836045001856593,0.836044554152713,0.836044560712528,0.836044548417245,0.836044546681862
2,1.33419342690545,0.9020986072276,0.829783784159307,0.829783336414947,0.829783343003949,0.829783330518397,0.829783328986605
2,1.33434906892879,0.897134022511749,0.823477944481932,0.823477497042653,0.823477503656165,0.823477490987274,0.823477489663171
2,1.33450471095214,0.892097775722692,0.817131630869158,0.817131184068019,0.817131190701492,0.817131177856219,0.817131176743455
2,1.33466035297549,0.886993902149525,0.810748905834108,0.810748459991592,0.810748466640607,0.810748453625924,0.810748452727711
2,1.33481599499883,0.881830625948947,0.804333742968015,0.804333298391991,0.804333305052261,0.804333291875143,0.80433329119427
2,1.33497163702218,0.876611676456903,0.797890023920798,0.797889580906521,0.797889587573892,0.797889574241306,0.797889573780146
2,1.33512727904553,0.871340720462967,0.791421535742712,0.791421094572849,0.791421101243303,0.791421087762194,0.791421087522723
2,1.33528292106887,0.86602135919818,0.784931968576711,0.784931529521395,0.78493153619105,0.784931522568334,0.784931522552141
2,1.33543856309222,0.860654720367092,0.778424913689768,0.778424477006688,0.778424483671799,0.778424469914354,0.778424470122653
2,1.33559420511556,0.855244481428251,0.771903861830976,0.771903427765489,0.771903434422447,0.771903420537099,0.771903420970746
2,1.33574984713891,0.849796956366766,0.765372201903574,0.765371770688839,0.765371777334172,0.76537176332769,0.765371763987195
2,1.33590548916226,0.844315437466939,0.758833219937216,0.758832791794351,0.758832798424725,0.758832784303811,0.758832785189352
2,1.3360611311856,0.838803140330843,0.752290098346891,0.752289673485155,0.752289680097371,0.752289665868653,0.752289666980093
2,1.33621677320895,0.833263202355736,0.745745915464084,0.745745494081072,0.745745500672065,0.74574548634209,0.745745487678988
2,1.3363724152323,0.827697443414467,0.739203645325878,0.739203227607738,0.739203234174577,0.739203219749802,0.73920322131143
2,1.33652805725564,0.822109111358103,0.732666157707594,0.732665743829254,0.73266575036914,0.732665735855929,0.732665737641285
2,1.33668369927899,0.816503484511876,0.726136218384195,0.726135808509604,0.726135815019869,0.726135800424485,0.726135802432309
2,1.33683934130233,0.810880984429394,0.719616489606241,0.719616083888629,0.719616090366733,0.719616075695334,0.719616077924119
2,1.33699498332568,0.805246690615204,0.713109530775818,0.713109129357958,0.713109135801487,0.713109121060123,0.71310912350813
2,1.33715062534903,0.799602440953935,0.706617799308321,0.706617402322804,0.70661740872947,0.706617393924073,0.706617396589348
2,1.33730626737237,0.793950507079456,0.700143651666274,0.700143259235791,0.700143265603425,0.700143250739812,0.700143253620194
2,1.33746190939572,0.788293688188386,0.693689344551287,0.693688956788915,0.69368896311547,0.693688948199335,0.693688951292475
2,1.33761755141907,0.782634815917032,0.687257036241144,0.687256653250643,0.687256659534187,0.687256644571101,0.687256647874469
2,1.33777319344241,0.776976168848427,0.680848788058858,0.680848409934964,0.680848416173679,0.680848401169085,0.680848404679987
2,1.33792883546576,0.771319945758301,0.67446656596127,0.674466192789995,0.674466198982174,0.674466183941387,0.674466187656977
2,1.3380844774891,0.765668078903184,0.668112242235229,0.668111874094162,0.668111880238208,0.668111865166412,0.668111869083702
2,1.33824011951245,0.760023663054875,0.661787597289506,0.661787234248114,0.661787240342533,0.661787225244779,0.661787229360652
2,1.3383957615358,0.754388505229751,0.655494321531594,0.655493963651524,0.655493969694926,0.655493954576134,0.655493958887353
2,1.33855140355914,0.748764185009785,0.649234017318556,0.649233664653933,0.649233670645026,0.64923365550998,0.649233660013203
2,1.33870704558249,0.743152493251151,0.643008200971862,0.64300785356959,0.643007859507178,0.643007844360529,0.643007849052316
2,1.33886268760584,0.737555147460259,0.636818304846726,0.636817962746781,0.636817968629762,0.636817953476025,0.636817958352849
2,1.33901832962918,0.731973792972691,0.6306656794466,0.630665342682322,0.630665348509683,0.630665333353241,0.630665338411498
2,1.33917397165253,0.726411078291969,0.624551595574515,0.624551264172896,0.624551269943712,0.624551254788812,0.62455126002483
2,1.33932961367588,0.720868985204069,0.618477246512974,0.618476920494943,0.618476926208372,0.618476911059128,0.618476916469176
2,1.33948525569922,0.715347241383598,0.612443750224907,0.612443429605609,0.612443435260891,0.612443420121283,0.612443425701579
2,1.33964089772257,0.709848581151803,0.606452151568703,0.606451836357772,0.606451841954223,0.606451826828103,0.606451832574822
2,1.33979653974591,0.704372908040977,0.600503424520499,0.600503114722326,0.600503120259338,0.600503105150423,0.600503111059708
2,1.33995218176926,0.698921906840788,0.594598474397863,0.594598170011858,0.594598175488895,0.594598160400775,0.594598166468739
2,1.34010782379261,0.693498237495456,0.58873814007899,0.58873784109984,0.588737846516434,0.588737831452571,0.588737837675306
2,1.34026346581595,0.688103547696192,0.582923196212282,0.582922902630196,0.582922907985945,0.582922892949676,0.582922899323262
2,1.3404191078393,0.682737056134056,0.577154355411583,0.577154067212539,0.577154072507106,0.577154057501641,0.577154064022151
2,1.34057474986265,0.677399733685126,0.571432270432499,0.57143198759848,0.571431992831586,0.571431977860015,0.571431984523517
2,1.34073039188599,0.672092496725666,0.565757536326049,0.565757258835267,0.565757264006693,0.565757249071984,0.565757255874552
2,1.34088603390934,0.666815863981709,0.560130692565827,0.560130420392952,0.560130425502533,0.560130410607537,0.560130417545253
2,1.34104167593268,0.661573468284723,0.554552225145526,0.554551958261895,0.554551963309519,0.55455194845697,0.55455195552593
2,1.34119731795603,0.656365645825464,0.549022568643967,0.549022307017797,0.549022312003401,0.549022297195918,0.549022304392237
2,1.34135295997938,0.651191206077131,0.543542108254868,0.543541851851452,0.543541856775022,0.543541842015114,0.54354184933493
2,1.34150860200272,0.646050802207508,0.538111181779302,0.538110930561208,0.538110935422773,0.53811092071284,0.538110928152315
2,1.34166424402607,0.640945042668469,0.532730081578659,0.532729835505912,0.532729840305547,0.53272982564788,0.532729833203207
2,1.34181988604942,0.635874492530537,0.527399056486471,0.527398815516735,0.527398820254552,0.527398805651339,0.527398813318747
2,1.34197552807276,0.630841642873957,0.522118313677709,0.522118077766459,0.522118082442612,0.522118067895938,0.52211807567169
2,1.34213117009611,0.625846090071681,0.516888020494144,0.516887789594831,0.516887794209508,0.516887779721359,0.516887787601759
2,1.34228681211946,0.620890384473558,0.511708306224981,0.511708080289194,0.511708084842618,0.511708070414882,0.511708078396276
2,1.3424424541428,0.615970273484236,0.506579263841796,0.506579042819413,0.506579047311839,0.506579032946311,0.506579041025089
2,1.34259809616615,0.611087666247813,0.501500951687238,0.501500735526569,0.501500739958283,0.501500725656664,0.501500733829265
2,1.34275373818949,0.606242888185663,0.496473395117133,0.496473183765066,0.496473188136381,0.496473173900284,0.496473182163193
2,1.34290938021284,0.601438293796525,0.491496588095563,0.491496381497692,0.49149638580895,0.491496371639899,0.491496379989654
2,1.34306502223619,0.596674852287597,0.486570494743005,0.486570292843759,0.486570297095325,0.486570282994762,0.48657029142795
2,1.34322066425953,0.591950066202626,0.481695050837377,0.481694853580144,0.481694857772407,0.481694843741689,0.481694852254955
2,1.34337630628288,0.587264127670555,0.476870165268225,0.476869972595463,0.476869976728835,0.47686996276924,0.476869971359282
2,1.34353194830623,0.582614480395223,0.472095721444365,0.472095533297714,0.472095537372626,0.472095523485356,0.472095532148927
2,1.34368759032957,0.578009424298109,0.467371578655179,0.46737139497557,0.467371398992471,0.467371385178652,0.467371393912562
2,1.34384323235292,0.573443000251771,0.462697573386249,0.462697394113995,0.462697398073353,0.462697384334039,0.462697393135157
2,1.34399887437626,0.568918762112118,0.458073520589669,0.458073345664566,0.458073349566865,0.458073335903038,0.458073344768291
2,1.34415451639961,0.56443394723143,0.453499214909755,0.453499044271167,0.453499048116906,0.453499034529481,0.453499043455855
2,1.34431015842296,0.559988591503495,0.448974431864876,0.448974265451824,0.448974269241513,0.448974255731341,0.448974264715879
2,1.3444658004463,0.555582709853644,0.444498928986005,0.444498766737241,0.444498770471406,0.444498757039271,0.444498766079079
2,1.34462144246965,0.551216297261334,0.440072446912962,0.44007228876705,0.440072292446226,0.440072279092853,0.440072288185096
2,1.344777084493,0.546891365517021,0.435694710449042,0.435694556344426,0.435694559969158,0.435694546695213,0.435694555837113
2,1.34493272651634,0.542608746865253,0.431365429574946,0.431365279450016,0.431365283020861,0.43136526982695,0.431365279015792
2,1.34508836853969,0.538365419668436,0.427084300423004,0.427084154216162,0.427084157733682,0.427084144620359,0.427084153853487
2,1.34524401056303,0.53416133712419,0.422851006212451,0.422850863862169,0.422850867326935,0.4228508542947,0.422850863569516
2,1.34539965258638,0.529996403082794,0.418665218146907,0.418665079591782,0.41866508300437,0.418665070053671,0.418665079367639
2,1.34555529460973,0.525870506816257,0.414526596274862,0.414526461453667,0.414526464814661,0.414526451945898,0.414526461296538
2,1.34571093663307,0.521785537875708,0.410434790314222,0.410434659165959,0.410434662475945,0.41043464968947,0.410434659074362
2,1.34586657865642,0.517742149539278,0.406389440441958,0.406389312905897,0.406389316165468,0.406389303461586,0.406389312878369
2,1.34602222067977,0.513737350272332,0.402390178049701,0.402390054065428,0.402390057275178,0.402390044654152,0.402390054100521
2,1.34617786270311,0.509770974898493,0.398436626466458,0.398436505973912,0.398436509134438,0.398436496596489,0.398436506070198
2,1.34633350472646,0.505842146314931,0.394528401649297,0.394528284588805,0.394528287700706,0.394528275246014,0.394528284744872
2,1.34648914674981,0.501952781642427,0.390665112843036,0.390664999155352,0.390665002219229,0.390664989847935,0.390664999369808
2,1.34664478877315,0.498102515630478,0.386846363209996,0.386846252836325,0.38684625585278,0.386846243564989,0.386846253107797
2,1.3468004307965,0.494292646108123,0.383071750430619,0.383071643312652,0.383071646282288,0.383071634078067,0.383071643639786
2,1.34695607281984,0.490520174541798,0.379340867276106,0.379340763356047,0.379340766279463,0.379340754158849,0.379340763737506
2,1.34711171484319,0.486784877274202,0.375653302153875,0.375653201374458,0.375653204252258,0.37565319221525,0.37565320180893
2,1.34726735686654,0.483086523338883,0.37200863962682,0.372008541931339,0.372008544764121,0.372008532810692,0.372008542417527
2,1.34742299888988,0.479424874989029,0.368406460907355,0.368406366239683,0.368406369028045,0.368406357158135,0.368406366776312
2,1.34757864091323,0.47580097989665,0.364846344327012,0.364846252631615,0.364846255376155,0.364846243589675,0.364846253217431
2,1.34773428293658,0.47221703282322,0.361327865782619,0.361327777004578,0.361327779705889,0.361327768002725,0.361327777638347
2,1.34788992495992,0.468668437246334,0.357850599159817,0.35785051324484,0.357850515903514,0.357850504283525,0.357850513925346
2,1.34804556698327,0.465155477769135,0.354414116734793,0.354414033629228,0.354414036245853,0.354414024708873,0.354414034355278
2,1.34820120900661,0.461677887943217,0.351017989555119,0.351017909205966,0.351017911781128,0.351017900326967,0.351017909976388
2,1.34835685102996,0.458235397176086,0.347661787800373,0.347661710155298,0.347661712689578,0.347661701318025,0.347661710968938
2,1.34851249305331,0.45482946455733,0.344345081123483,0.344345006130822,0.344345008624797,0.344344997335618,0.344345006986546
2,1.34866813507665,0.451460614999127,0.341067438973421,0.34106736658219,0.341067369036435,0.341067357829376,0.341067367478887
2,1.3488237771,0.448125968122401,0.337828430900062,0.337828361059964,0.337828363475048,0.337828352349836,0.337828361996541
2,1.34897941912335,0.444822537422923,0.334627626841961,0.33462755950339,0.334627561879878,0.334627550836222,0.334627560478775
2,1.34913506114669,0.441558141647413,0.331464597397639,0.331464532511686,0.331464534850138,0.331464523887729,0.331464533524826
2,1.34929070317004,0.438324385887191,0.328338914081201,0.328338851599655,0.328338853900627,0.32833884301914,0.328338852649519
2,1.34944634519339,0.435125305551543,0.325250149562825,0.325250089438178,0.325250091702219,0.325250080901314,0.325250090523751
2,1.34960198721673,0.431961403259596,0.322197877894812,0.322197820080258,0.322197822307915,0.322197811587235,0.322197821200549
2,1.34975762924008,0.428829899558427,0.319181674723861,0.3191816191733,0.319181621365111,0.319181610724288,0.319181620327333
2,1.34991327126342,0.425730498964484,0.316201117490054,0.316201064158087,0.316201066314589,0.316201055753239,0.316201065344909
2,1.35006891328677,0.422662905131817,0.313255785613261,0.313255734455195,0.313255736576915,0.313255726094644,0.313255735673869
2,1.35022455531012,0.419626821084982,0.310345260667419,0.31034521163926,0.310345213726722,0.310345203323123,0.310345212888869
2,1.35038019733346,0.416623464305237,0.307469126543263,0.307469079601717,0.307469081655439,0.307469071330095,0.307469080881363
2,1.35053583935681,0.413653320669907,0.304626969600077,0.304626924702549,0.304626926723042,0.304626916475525,0.30462692601135
2,1.35069148138016,0.410713727664434,0.301818378806862,0.301818335911446,0.301818337899217,0.30181832772909,0.301818337248541
2,1.3508471234035,0.407804387596738,0.299042945873517,0.299042904938999,0.299042906894549,0.299042896801366,0.299042906303545
2,1.35100276542685,0.404925003069016,0.296300265372421,0.296300226358273,0.296300228282095,0.296300218265401,0.296300227749442
2,1.35115840745019,0.402075277132603,0.29358993485088,0.293589897717253,0.293589899609836,0.293589889669168,0.293589899134235
2,1.35131404947354,0.399256320740377,0.290911554934924,0.290911519642646,0.290911521504472,0.290911511639362,0.29091152108465
2,1.35146969149689,0.396468606679711,0.288264729424776,0.288264695935344,0.28826469776689,0.288264687976861,0.288264697401595
2,1.35162533352023,0.393709598974563,0.285649065382489,0.285649033658065,0.2856490354598,0.28564902574437,0.285649035147804
2,1.35178097554358,0.390978734543037,0.283064173212062,0.283064143215466,0.283064144987854,0.283064135346536,0.283064144727951
2,1.35193661756693,0.388276529258892,0.280509666732424,0.280509638427129,0.280509640170629,0.280509630602928,0.280509639961633
2,1.35209225959027,0.385601883432705,0.277985163243691,0.277985136593814,0.277985138308878,0.277985128814297,0.277985138149628
2,1.35224790161362,0.382956080001559,0.275490283586928,0.275490258557224,0.275490260244298,0.275490250822336,0.275490260133654
2,1.35240354363697,0.380339581043344,0.273024652197866,0.273024628753725,0.273024630413248,0.273024621063398,0.273024630350091
2,1.35255918566031,0.377749981784724,0.270587897154789,0.270587875262221,0.270587876894629,0.270587867616381,0.27058787687786
2,1.35271482768366,0.37518699709719,0.268179650220925,0.268179629846559,0.268179631452278,0.26817962224512,0.268179631480821
2,1.352870469707,0.372650343489466,0.265799546881667,0.265799527992741,0.265799529572193,0.265799520435609,0.265799529644991
2,1.35302611173035,0.370139739220447,0.263447226376808,0.263447208941162,0.263447210494764,0.263447201428237,0.263447210610781
2,1.3531817537537,0.367656108752132,0.261122331728166,0.261122315714233,0.261122317242395,0.261122308245405,0.261122317400615
2,1.35333739577704,0.365199904934076,0.258824509762749,0.258824495139549,0.258824496642674,0.2588244877147,0.258824496842102
2,1.35349303780039,0.362768855221949,0.25655341113175,0.256553397868881,0.256553399347369,0.256553390487887,0.256553399587026
2,1.35364867982374,0.360362685947724,0.254308690325629,0.254308678393258,0.2543086798475,0.254308671055987,0.25430868012643
2,1.35380432184708,0.357981125405058,0.252090005685432,0.25208999505429,0.252089996484673,0.252089987760603,0.252089996801936
2,1.35395996387043,0.355623903993671,0.24989701941061,0.24989701005198,0.249897011458885,0.249897002801733,0.249897011813561
2,1.35411560589377,0.353291865081288,0.247729397563544,0.247729389449255,0.247729390833058,0.247729382242299,0.247729391224246
2,1.35427124791712,0.350985453018761,0.245586810070914,0.245586803173334,0.245586804534404,0.245586796009511,0.245586804961219
2,1.35442688994047,0.348700788563774,0.24346893072217,0.243468925014195,0.243468926352896,0.243468917893344,0.243468926814472
2,1.35458253196381,0.346442823551839,0.241375437165216,0.241375432620264,0.241375433936955,0.241375425542218,0.241375434432444
2,1.35473817398716,0.344206087598834,0.239306010899501,0.239306007491503,0.239306008786537,0.23930600045609,0.239306009315106
2,1.35489381601051,0.341992062201281,0.237260337266701,0.237260334970093,0.237260336243818,0.237260327977137,0.237260336804652
2,1.35504945803385,0.33980151697715,0.23523810543908,0.235238104228795,0.235238105481553,0.235238097278114,0.235238106073854
2,1.3552051000572,0.337634888064322,0.233239008405754,0.233239008257215,0.233239009489342,0.233239001348625,0.233239010112329
2,1.35536074208054,0.335490160909919,0.231262742956931,0.23126274384604,0.231262745057869,0.231262736979352,0.231262745710775
2,1.35551638410389,0.333367089488729,0.229309009666281,0.229309011569414,0.229309012761271,0.229309004744434,0.229309013443346
2,1.35567202612724,0.331265430078858,0.227377512871592,0.227377515765589,0.227377516937796,0.227377508982122,0.227377517648305
2,1.35582766815058,0.329184347237014,0.225467960653766,0.225467964515925,0.225467965668797,0.225467957773771,0.225467966407021
2,1.35598331017393,0.327126325774867,0.223580064814341,0.22358006962241,0.223580070756259,0.223580062921366,0.223580071521492
2,1.35613895219728,0.325090011422683,0.221713540851594,0.22171354658376,0.221713547698894,0.221713539923622,0.221713548490445
2,1.35629459422062,0.323074106294863,0.219868107935335,0.219868114570221,0.21986811566694,0.219868107950779,0.219868116484135
2,1.35645023624397,0.321078379141081,0.218043488880537,0.218043496397191,0.218043497475793,0.218043489818235,0.218043498317969
2,1.35660587826732,0.319102601087161,0.216239410119811,0.216239418497701,0.216239419558476,0.216239411959017,0.216239420424985
2,1.35676152029066,0.317146545618579,0.214455601674905,0.214455610893909,0.214455611937146,0.214455604395282,0.214455612827354
2,1.35691716231401,0.315210854328553,0.212691797127243,0.212691807167644,0.212691808193625,0.212691800708856,0.212691809106911
2,1.35707280433735,0.31329583699577,0.210947733587599,0.210947744430076,0.210947745439079,0.210947738010907,0.210947746374835
2,1.3572284463607,0.311400048521471,0.209223151665026,0.209223163290646,0.209223164282945,0.209223156910876,0.209223165240576
2,1.35738408838405,0.309522942652054,0.207517795435027,0.207517807825242,0.207517808801106,0.207517801484647,0.207517809780028
2,1.35753973040739,0.307664415236739,0.205831412407129,0.205831425543765,0.205831426503459,0.205831419242122,0.205831427503103
2,1.35769537243074,0.30582425449606,0.204163753491851,0.204163767357103,0.204163768300887,0.204163761094184,0.204163769320694
2,1.35785101445409,0.304003046703924,0.202514572967153,0.202514587543576,0.202514588471707,0.202514581319156,0.202514589511131
2,1.35800665647743,0.302201203028227,0.200883628444453,0.200883643714959,0.200883644627687,0.200883637528809,0.200883645686194
2,1.35816229850078,0.300417059620081,0.1992706808342,0.199270696782046,0.199270697679621,0.199270690633937,0.199270698756686
2,1.35831794052412,0.298650414576767,0.197675494311125,0.197675510919913,0.197675511802578,0.197675504809615,0.19767551289769
2,1.35847358254747,0.296901068252302,0.196097836279174,0.196097853532838,0.196097854400834,0.19609784746012,0.196097855513491
2,1.35862922457082,0.2951687199688,0.194537477336166,0.194537495218971,0.194537496072533,0.194537489183602,0.194537497202245
2,1.35878486659416,0.293454215584328,0.192994191238268,0.192994209734802,0.192994210574161,0.192994203736549,0.192994211720449
2,1.35894050861751,0.291757647621485,0.191467754864268,0.191467773959432,0.191467774784818,0.191467767998064,0.191467775947211
2,1.35909615064086,0.29007756036113,0.189957948179709,0.189957967858717,0.189957968670353,0.189957961934001,0.189957969848393
2,1.3592517926642,0.288413765926482,0.188464554200949,0.188464574449319,0.188464575247426,0.188464568561021,0.188464576440663
2,1.35940743468755,0.286766078599892,0.18698735895912,0.186987379762668,0.186987380547463,0.186987373910554,0.186987381755456
2,1.3595630767109,0.285134314820278,0.18552615146408,0.185526172808914,0.185526173580611,0.185526166992752,0.185526174802931
2,1.35971871873424,0.283518964912252,0.184080723668348,0.184080745540864,0.184080746299672,0.184080739760419,0.184080747535897
2,1.35987436075759,0.281919608547776,0.182650870431053,0.182650892817927,0.182650893564053,0.182650887072966,0.182650894813772
2,1.36003000278093,0.280337226323392,0.181236389481961,0.181236412370145,0.181236413103792,0.181236406660435,0.181236414366602
2,1.36018564480428,0.278769202713816,0.179837081385544,0.179837104762261,0.179837105483629,0.179837099087569,0.179837106759136
2,1.36034128682763,0.277216178967677,0.178452749505179,0.178452773357917,0.178452774067202,0.17845276771801,0.17845277535502
2,1.36049692885097,0.275677984696086,0.177083199967445,0.177083224283952,0.177083224981346,0.177083218678596,0.177083226281098
2,1.36065257087432,0.274155068697648,0.175728241626564,0.175728266394842,0.175728267080536,0.175728260823805,0.175728268391853
2,1.36080821289767,0.27264781506284,0.174387686029018,0.174387711237319,0.174387711911499,0.174387705700369,0.174387713234021
2,1.36096385492101,0.271154855768013,0.173061347378319,0.173061373015139,0.173061373677989,0.173061367512044,0.173061375011363
2,1.36111949694436,0.269676028996704,0.171749042499996,0.171749068554071,0.171749069205772,0.171749063084601,0.171749070549652
2,1.3612751389677,0.268210331741379,0.170450590806778,0.170450617267081,0.170450617907809,0.170450611831004,0.170450619261859
2,1.36143078099105,0.266760135374266,0.169165814263997,0.169165841119729,0.16916584174966,0.169165835716817,0.169165843113548
2,1.3615864230144,0.265323321654811,0.167894537355249,0.167894564595836,0.167894565215141,0.167894559225859,0.167894566588546
2,1.36174206503774,0.263901108307759,0.16663658704827,0.166636614663362,0.16663661527221,0.166636609326091,0.166636616654815
2,1.36189770706109,0.262492213731077,0.16539179276111,0.165391820740572,0.165391821339129,0.165391815435779,0.165391822730625
2,1.36205334908444,0.261096488007736,0.164159986328551,0.164160014662461,0.164160015250889,0.164160009389919,0.164160016650976
2,1.36220899110778,0.259713783049222,0.162941001968806,0.16294103064745,0.162941031225911,0.162941025406934,0.162941032634292
2,1.36236463313113,0.258343952549252,0.16173467625053,0.161734705264398,0.161734705833048,0.16173470005568,0.161734707249436
2,1.36252027515447,0.256987322709911,0.160540848060091,0.160540877399872,0.160540877958868,0.16054087222273,0.160540879382979
2,1.36267591717782,0.25564441027318,0.159359358569181,0.15935938822576,0.159359388775254,0.159359383079969,0.159359390206813
2,1.36283155920117,0.254313862568751,0.158190051202714,0.158190081167167,0.158190081707309,0.158190076052506,0.158190083146047
2,1.36298720122451,0.252995591396192,0.157032771607038,0.157032801870632,0.157032802401569,0.157032796786878,0.157032803847221
2,1.36314284324786,0.251689459678378,0.155887367618494,0.155887398172677,0.155887398694554,0.155887393119609,0.155887400146863
2,1.36329848527121,0.250395332017792,0.154753689232264,0.154753720068666,0.154753720581627,0.154753715046065,0.15475372204034
2,1.36345412729455,0.249113553949491,0.153631588571584,0.153631619682011,0.153631620186195,0.153631614689658,0.153631621651066
2,1.3636097693179,0.247844480816892,0.152520919857265,0.152520951233696,0.152520951729241,0.152520946271374,0.152520953200029
2,1.36376541134125,0.24658698684574,0.151421539377556,0.15142157101214,0.151421571499183,0.151421566079633,0.151421572975652
2,1.36392105336459,0.245340943642586,0.150333305458364,0.150333337343415,0.150333337822088,0.150333332440507,0.150333339304009
2,1.36407669538794,0.244106197204041,0.149256078433782,0.149256110561778,0.149256111032213,0.149256105688255,0.149256112519359
2,1.36423233741128,0.242882703811867,0.148189720616993,0.148189752980571,0.148189753442897,0.14818974813622,0.14818975493505
2,1.36438797943463,0.241670699023959,0.1471340962715,0.147134128863454,0.147134129317797,0.147134124048063,0.147134130814741
2,1.36454362145798,0.240470555636003,0.146089071582699,0.146089104395974,0.146089104842459,0.146089099609333,0.146089106343985
2,1.36469926348132,0.239281217884941,0.145054514629814,0.145054547657507,0.145054548096257,0.145054542899406,0.145054549602158
2,1.36485490550467,0.238102567013019,0.144030295358161,0.144030328593513,0.144030329024649,0.144030323863743,0.144030330534725
2,1.36501054752802,0.236934485713744,0.143016285551768,0.143016318988168,0.143016319411808,0.143016314286522,0.143016320925863
2,1.36516618955136,0.235776858125327,0.142012358806345,0.142012392437318,0.14201239285358,0.142012387763592,0.142012394371422
2,1.36532183157471,0.234629822199713,0.141018390502582,0.141018424321794,0.141018424730792,0.141018419675782,0.141018426252233
2,1.36547747359805,0.233494173546639,0.140034257779815,0.140034291781066,0.140034292182913,0.140034287162565,0.140034293707772
2,1.3656331156214,0.232368461844513,0.139059839510017,0.13905987368724,0.139059874082047,0.139059869096048,0.139059875610143
2,1.36578875764475,0.231252730487013,0.138095016272146,0.138095050619402,0.138095051007278,0.138095046055318,0.138095052538438
2,1.36594439966809,0.230146870977343,0.137139670326822,0.137139704838302,0.137139705219354,0.137139700301126,0.137139706753406
2,1.36610004169144,0.229050776160091,0.136193685591352,0.136193720261368,0.136193720635702,0.136193715750903,0.13619372217248
2,1.36625568371479,0.227964713592063,0.135256947615093,0.135256982438081,0.135256982805802,0.13525697795413,0.135256984345142
2,1.36641132573813,0.22688900951995,0.134329343555143,0.134329378525658,0.134329378886866,0.134329374068024,0.13432938042861
2,1.36656696776148,0.225822733911234,0.133410762152378,0.133410797265091,0.133410797619888,0.133410792833581,0.13341079916388
2,1.36672260978482,0.224765071790077,0.132501093707814,0.132501128957509,0.132501129305994,0.13250112455193,0.132501130852083
2,1.36687825180817,0.22371806293774,0.131600230059289,0.131600265440867,0.131600265783136,0.131600261061026,0.131600267331172
2,1.36703389383152,0.222679468101916,0.1307080645585,0.130708100066966,0.130708100403117,0.130708095712674,0.130708101952955
2,1.36718953585486,0.221650246650959,0.129824492048328,0.129824527678799,0.129824528008924,0.129824523349867,0.129824529560424
2,1.36734517787821,0.220630715279643,0.128949408840517,0.128949444588214,0.128949444912406,0.128949440284453,0.128949446465428
2,1.36750081990156,0.219620000279544,0.128082712693655,0.1280827485539,0.128082748872251,0.128082744275125,0.128082750426661
2,1.3676564619249,0.218618007659044,0.127224302791466,0.127224338759685,0.127224339072283,0.127224334505709,0.127224340627949
2,1.36781210394825,0.217624644586485,0.126374079721436,0.126374115793153,0.126374116100087,0.126374111563794,0.12637411765688
2,1.3679677459716,0.216639819352073,0.12553194545373,0.125531981624564,0.125531981925921,0.125531977419639,0.125531983483715
2,1.36812338799494,0.215663758263997,0.124697803320423,0.12469783958609,0.124697839881955,0.124697835405418,0.124697841440627
2,1.36827903001829,0.214696768562709,0.123871557995039,0.123871594351348,0.123871594641805,0.123871590194749,0.123871596201236
2,1.36843467204163,0.213738028924177,0.123053115472382,0.123053151915233,0.123053152200364,0.123053147782528,0.123053153760437
2,1.36859031406498,0.212787452373409,0.122242383048677,0.122242419574058,0.122242419853944,0.12224241546507,0.122242421414544
2,1.36874595608833,0.211844952994889,0.121439269301987,0.121439305905974,0.121439306180696,0.121439301820528,0.121439307741711
2,1.36890159811167,0.210910445917821,0.120643684072944,0.120643720751699,0.120643721021335,0.120643716689619,0.120643722582657
2,1.36905724013502,0.209984139462337,0.11985553844575,0.119855575195519,0.119855575460146,0.119855571156632,0.119855577021668
2,1.36921288215837,0.209066331577087,0.119074744729468,0.119074781546578,0.119074781806272,0.119074777530712,0.119074783367891
2,1.36936852418171,0.208156135933533,0.1183012164396,0.118301253320458,0.118301253575294,0.118301249327443,0.118301255136909
2,1.36952416620506,0.207253813110491,0.117534868279928,0.117534905221021,0.117534905471073,0.117534901250688,0.117534907032584
2,1.3696798082284,0.206358942481155,0.11677561612465,0.116775653122543,0.116775653367883,0.116775649174723,0.116775654929195
2,1.36983545025175,0.205471559168726,0.116023377000772,0.116023414052103,0.116023414292802,0.116023410126629,0.11602341585382
2,1.3699910922751,0.204591855031222,0.115278069070765,0.115278106172247,0.115278106408376,0.115278102268954,0.115278107969008
2,1.37014673429844,0.203720118904126,0.114539611615502,0.114539648763921,0.114539648995549,0.114539644882645,0.114539650555706
2,1.37030237632179,0.202855623446614,0.113807925017441,0.113807962209654,0.113807962436848,0.113807958350231,0.113807963996443
2,1.37045801834514,0.201998294092799,0.113082930744073,0.113082967977006,0.113082968199834,0.113082964139276,0.113082969758781
2,1.37061366036848,0.201148057180792,0.112364551331624,0.112364588602271,0.112364588820798,0.112364584786072,0.112364590379014
2,1.37076930239183,0.200304839924826,0.111652710368996,0.111652747674419,0.11165274788871,0.111652743879592,0.111652749446114
2,1.37092494441517,0.199468819125019,0.11094733248198,0.110947369819304,0.110947370029422,0.110947366045691,0.110947371585936
2,1.37108058643852,0.198640274699687,0.110248343317683,0.110248380684098,0.110248380890107,0.110248376931543,0.110248382445652
2,1.37123622846187,0.197818521435489,0.109555669529218,0.109555706921978,0.109555707123938,0.109555703190325,0.10955570867844
2,1.37139187048521,0.19700349023824,0.108869238760624,0.108869276177043,0.108869276375016,0.108869272466138,0.108869277928402
2,1.37154751250856,0.196195112846658,0.108188979632015,0.108189017069466,0.108189017263511,0.108189013379156,0.108189018815709
2,1.37170315453191,0.195393321813169,0.107514821724966,0.107514859180884,0.10751485937106,0.107514855511016,0.107514860922
2,1.37185879655525,0.194598280134147,0.106846695568123,0.106846733039998,0.106846733226363,0.106846729390423,0.106846734775978
2,1.3720144385786,0.193810259029036,0.106184532623043,0.106184570108423,0.106184570291034,0.106184566478991,0.106184571839257
2,1.37217008060195,0.193028124682613,0.105528265270246,0.105528302766733,0.105528302945645,0.105528299157296,0.105528304492413
2,1.37232572262529,0.192253276425844,0.104877826795485,0.104877864300736,0.104877864476006,0.104877860711148,0.104877866021254
2,1.37248136464864,0.191484187582612,0.104233151376246,0.104233188887971,0.104233189059652,0.104233185318085,0.104233190603321
2,1.37263700667198,0.19072128340547,0.103594174068435,0.103594211584396,0.103594211752542,0.103594208034067,0.103594213294571
2,1.37279264869533,0.189964714250183,0.102960830793295,0.102960868311305,0.102960868475968,0.102960864780391,0.102960870016299
2,1.37294829071868,0.189214742845279,0.102333058324517,0.102333095842439,0.102333096003671,0.102333092330796,0.102333097542248
2,1.37310393274202,0.18847075966735,0.10171079427555,0.101710831791296,0.101710831949148,0.101710828298784,0.101710833485916
2,1.37325957476537,0.187732705296966,0.101093977087127,0.101094014598655,0.101094014753177,0.101094011125134,0.101094016288082
2,1.37341521678872,0.187000521015774,0.10048254601496,0.100482583520278,0.10048258367152,0.100482580065609,0.10048258520451
2,1.37357085881206,0.186274004981128,0.0998764411176588,0.0998764786148183,0.0998764787628285,0.099876475178864,0.0998764802938526
2,1.37372650083541,0.185553727393354,0.0992756032448164,0.0992756407319148,0.0992756408767412,0.0992756373145383,0.09927564240575
2,1.37388214285875,0.184839511281325,0.0986799740252895,0.0986800115004682,0.0986800116421578,0.0986800081015341,0.0986800131691032
2,1.3740377848821,0.184130924925763,0.0980894958556702,0.0980895333171137,0.0980895334557128,0.0980895299364877,0.0980895349805481
2,1.37419342690545,0.18342791317317,0.0975041118889259,0.0975041493348611,0.0975041494704154,0.0975041459724098,0.097504150993095
2,1.37434906892879,0.18273042151895,0.0969237660232317,0.0969238034519267,0.0969238035844813,0.0969238001075182,0.0969238051049608
2,1.37450471095214,0.182038396081837,0.0963484028909698,0.0963484403007333,0.0963484404303323,0.0963484369742365,0.0963484419485688
2,1.37466035297549,0.181351964968815,0.095777967847902,0.0957780052370825,0.0957780053637696,0.0957780019283675,0.0957780068797212
2,1.37481599499883,0.180671277912543,0.095212406962522,0.095212444329507,0.095212444453325,0.0952124410384449,0.095212445966951
2,1.37497163702218,0.179996081242659,0.0946516670055626,0.0946517043487776,0.0946517044697687,0.0946517010752405,0.0946517059810295
2,1.37512727904553,0.179326033541399,0.0940956954396803,0.0940957327575881,0.0940957328757941,0.0940957295014493,0.0940957343846512
2,1.37528292106887,0.178661180902079,0.0935444404092953,0.0935444777003954,0.093544477815857,0.0935444744615292,0.0935444793222732
2,1.37543856309222,0.178001473273199,0.0929978507305908,0.0929978879934185,0.0929978881061762,0.0929978847717003,0.0929978896101151
2,1.37559420511556,0.177347028975355,0.0924558758816787,0.0924559131148043,0.0924559132248978,0.0924559099101104,0.0924559147263242
2,1.37574984713891,0.176698086696205,0.0919184659929077,0.091918503194936,0.0919185033024043,0.0919185000071438,0.091918504801284
2,1.37590548916226,0.176054132112893,0.0913855718373365,0.091385609006906,0.0913856091117876,0.0913856058358939,0.0913856106080874
2,1.3760611311856,0.175415117609793,0.0908571448213495,0.0908571819571316,0.0908571820594643,0.090857178802779,0.090857183553152
2,1.37621677320895,0.174780980180371,0.0903331369754195,0.0903331740761179,0.0903331741759392,0.0903331709383052,0.0903331756669835
2,1.3763724152323,0.174151721104378,0.0898135009450247,0.0898135380093748,0.0898135381067214,0.0898135348879836,0.089813539595092
2,1.37652805725564,0.173527401896174,0.0892981899816967,0.0892982270084649,0.089298227103373,0.0892982239033774,0.0892982285890404
2,1.37668369927899,0.172908269645482,0.0887871579342206,0.0887871949222037,0.088787195014709,0.0887871918333034,0.0887871964976448
2,1.37683934130233,0.172293837588891,0.0882803592399671,0.0882803961879915,0.0882803962781291,0.0882803931151628,0.0882803977583056
2,1.37699498332568,0.17168406144112,0.0877777489163596,0.0877777858232811,0.0877777859110856,0.0877777827664093,0.087777787388476
2,1.37715062534903,0.171078897415863,0.0872792825524844,0.0872793194171872,0.0872793195026926,0.0872793163761586,0.087279320977271
2,1.37730626737237,0.170478302223636,0.0867849163008205,0.0867849531222168,0.0867849532054566,0.0867849500969186,0.086784954677198
2,1.37746190939572,0.169882376910587,0.0862946068691114,0.0862946436461408,0.086294643727148,0.0862946406364611,0.086294645196028
2,1.37761755141907,0.169291074895049,0.0858083115123564,0.0858083482439852,0.0858083483227925,0.0858083452498132,0.0858083497887875
2,1.37777319344241,0.168704746489682,0.0853259880249284,0.0853260247101493,0.0853260247867887,0.085326021731375,0.0853260262498761
2,1.37792883546576,0.168122539123852,0.0848475947328223,0.0848476313706537,0.0848476314451567,0.0848476284071681,0.0848476329053144
2,1.37808447748911,0.167544682488902,0.0843730904860141,0.0843731270754998,0.0843731271478975,0.0843731241271946,0.0843731286051042
2,1.37824011951245,0.166971136283651,0.0839024346509507,0.083902471191159,0.083902471261482,0.0839024682579271,0.0839024727157173
2,1.3783957615358,0.166401993940795,0.0834355871031504,0.0834356235931738,0.0834356236614523,0.0834356206749089,0.0834356251126963
2,1.37855140355914,0.165837472264569,0.0829725082199188,0.0829725446588735,0.0829725447251373,0.0829725417554701,0.0829725461733709
2,1.37870704558249,0.165277134266268,0.082513158873186,0.0825131952602117,0.0825131953244899,0.0825131923715651,0.0825131967696946
2,1.37886268760584,0.164720941544172,0.0820575004224458,0.0820575367567045,0.082057536819026,0.0820575338827112,0.082057538261184
2,1.37901832962918,0.16416866687827,0.0816054947078143,0.0816055309884906,0.0816055310488839,0.0816055281290477,0.081605532487978
2,1.37917397165253,0.163620840489347,0.0811571040431917,0.0811571402694919,0.0811571403279849,0.0811571374244974,0.0811571417639986
2,1.37932961367588,0.163076981017606,0.0807122912095297,0.0807123273806815,0.0807123274373017,0.0807123245500342,0.0807123288702191
2,1.37948525569922,0.162537487722207,0.0802710194482106,0.0802710555634626,0.0802710556182372,0.0802710527470623,0.080271057048043
2,1.37964089772257,0.162001946072252,0.0798332524545204,0.0798332885131419,0.0798332885660976,0.0798332857108892,0.0798332899927771
2,1.37979653974591,0.161470320280598,0.0793989543712329,0.079398990372513,0.0793989904236762,0.0793989875843091,0.0793989918472152
2,1.37995218176926,0.160942574953848,0.0789680897822864,0.078968125725534,0.0789681257749307,0.0789681229512813,0.0789681271953156
2,1.38010782379261,0.160418675086894,0.0785406237065602,0.0785406595911035,0.0785406596387592,0.0785406568307049,0.0785406610559771
2,1.38026346581595,0.159898680227815,0.0781165215917527,0.0781165574169388,0.0781165574628788,0.0781165546702982,0.0781165588769171
2,1.3804191078393,0.159382854963822,0.0776957493083463,0.0776957850735406,0.0776957851177898,0.0776957823405627,0.0776957865286366
2,1.38057474986265,0.158870744622291,0.0772782731436738,0.0772783088482601,0.0772783088908428,0.0772783061288502,0.0772783102984866
2,1.38073039188599,0.158362336208596,0.0768640597960719,0.0768640954394515,0.0768640954803918,0.0768640927335158,0.0768640968848218
2,1.38088603390934,0.157857596708317,0.0764530763691242,0.076453111950716,0.0764531119900378,0.0764531092581616,0.0764531133912434
2,1.38104167593268,0.157356493458319,0.0760452903660002,0.0760453258852399,0.0760453259229665,0.0760453232059745,0.0760453273209379
2,1.38119731795603,0.156859100421823,0.0756406696838716,0.0756407051402117,0.0756407051763661,0.0756407024741438,0.0756407065710937
2,1.38135295997938,0.156365614683605,0.0752391826084247,0.0752392180013339,0.075239218035939,0.0752392153483728,0.0752392194274138
2,1.38150860200272,0.155875662402082,0.0748407978084509,0.0748408331374141,0.0748408331704921,0.0748408304974698,0.0748408345587056
2,1.38166424402607,0.155389114746958,0.074445484330521,0.0744455195950385,0.0744455196266116,0.0744455169680219,0.0744455210115556
2,1.38181988604942,0.15490623391625,0.0740532115937467,0.0740532467933342,0.0740532468234242,0.0740532441791568,0.074053248205091
2,1.38197552807276,0.154426696394454,0.0736639493846143,0.0736639845188028,0.073663984547431,0.0736639819173768,0.0736639859258133
2,1.38213117009611,0.153950668306684,0.0732776678519066,0.0732777029202415,0.073277702947429,0.07327770033148,0.07327770432252
2,1.38228681211946,0.153478340612383,0.0728943375016963,0.0728943725037375,0.0728943725295052,0.0728943699275542,0.0728943739012984
2,1.3824424541428,0.15300935790635,0.0725139291924168,0.0725139641277383,0.0725139641521067,0.0725139615640476,0.072513965520596
2,1.38259809616615,0.152543691080298,0.0721364141300136,0.0721364489982032,0.0721364490211925,0.0721364464469202,0.0721364503863723
2,1.38275373818949,0.152081311340381,0.0717617638631617,0.0717617986638209,0.071761798685451,0.0717617961248614,0.0717618000473159
2,1.38290938021284,0.151622190195937,0.0713899502785645,0.0713899850113078,0.0713899850315984,0.0713899824845884,0.0713899863901434
2,1.38306502223619,0.151166348968389,0.0710209455963184,0.0710209802607734,0.0710209802797438,0.0710209777462114,0.0710209816349645
2,1.38322066425953,0.150714098819917,0.0706547223653488,0.0706547569611558,0.070654756978825,0.070654754458669,0.0706547583307171
2,1.38337630628288,0.150264975520042,0.0702912534589195,0.0702912879857314,0.0702912880021183,0.0702912854952383,0.0702912893506778
2,1.38353194830623,0.14981899389432,0.0699305120702069,0.0699305465276885,0.0699305465428116,0.0699305440491085,0.0699305478880351
2,1.38368759032957,0.149376127021715,0.0695724717079398,0.069572506095768,0.0695725061096455,0.069572503629021,0.0695725074515297
2,1.38384323235292,0.148936348265357,0.0692171061921119,0.0692171405099753,0.0692171405226252,0.0692171380549818,0.0692171418611673
2,1.38399887437626,0.148499716267135,0.0688643896497509,0.0688644238973496,0.0688644239087897,0.0688644214540308,0.0688644252439869
2,1.38415451639961,0.148066410409135,0.0685142965107596,0.0685143306878047,0.0685143306980525,0.0685143282560825,0.0685143320299026
2,1.38431015842296,0.147636108763376,0.0681668015038143,0.068166835610028,0.0681668356191007,0.068166833189825,0.0681668369476018
2,1.3844658004463,0.14720863322769,0.0678218796523258,0.067821913687441,0.0678219136953556,0.0678219112786803,0.067821915020506
2,1.38462144246965,0.14678441656458,0.0674795062704658,0.067479540234226,0.0674795402409992,0.0674795378368314,0.0674795415627974
2,1.384777084493,0.146362975906235,0.0671396569592461,0.067139690851405,0.0671396908570533,0.0671396884653008,0.0671396921754983
2,1.38493272651634,0.145944518183618,0.0668023076026637,0.0668023414229852,0.066802341427525,0.0668023390480965,0.0668023427426157
2,1.38508836853969,0.145529217308061,0.0664674343638997,0.0664674681121574,0.0664674681156046,0.0664674657484098,0.0664674694273406
2,1.38524401056304,0.145116766554735,0.066135013681574,0.0661350473575514,0.0661350473599218,0.0661350450048712,0.0661350486683027
2,1.38539965258638,0.144707142103338,0.0658050222660626,0.0658050558695525,0.0658050558708618,0.0658050535278665,0.0658050571758875
2,1.38555529460973,0.144300320375166,0.0654774370958616,0.065477470626666,0.0654774706269296,0.0654774682959017,0.0654774719286003
2,1.38571093663307,0.143896278033424,0.0651522354140128,0.0651522688719429,0.0651522688711759,0.0651522665520283,0.065152270169492
2,1.38586657865642,0.143495065330755,0.0648293947245787,0.0648294281094546,0.0648294281076719,0.0648294258003182,0.064829429402634
2,1.38602222067977,0.143096850897763,0.0645088927891695,0.0645089261008198,0.0645089260980361,0.0645089238023909,0.0645089273896451
2,1.38617786270311,0.142701342308547,0.0641907076235263,0.0641907408617883,0.0641907408580182,0.0641907385739967,0.0641907421462752
2,1.38633350472646,0.142308517243389,0.0638748174941489,0.0638748506588682,0.0638748506541259,0.0638748483816441,0.0638748519390322
2,1.38648914674981,0.141918353612596,0.0635612009149799,0.0635612340060102,0.0635612340003099,0.0635612317392847,0.063561235281867
2,1.38664478877315,0.141530829548731,0.063249836644134,0.0632498696613369,0.0632498696546926,0.0632498674050413,0.0632498709329022
2,1.3868004307965,0.141145991570777,0.062940703680675,0.0629407366239201,0.0629407366163454,0.0629407343779865,0.0629407378912095
2,1.38695607281984,0.140764003231974,0.0626337812614462,0.0626338141306105,0.062633814122119,0.0626338118949715,0.0626338153936397
2,1.38711171484319,0.140384492000129,0.0623290488579393,0.0623290816529075,0.0623290816435125,0.0623290794274961,0.0623290829116921
2,1.38726735686654,0.140007717562017,0.0620264861732179,0.0620265188938819,0.0620265188835966,0.0620265166786318,0.0620265201484377
2,1.38742299888988,0.139633378596654,0.0617260731388808,0.0617261057851397,0.061726105773977,0.0617261035799851,0.0617261070354823
2,1.38757864091323,0.13926154814049,0.0614277899120702,0.0614278224838301,0.0614278224718028,0.0614278202887057,0.0614278237299751
2,1.38773428293658,0.138892269248239,0.0611316168725286,0.0611316493697024,0.0611316493568232,0.0611316471845435,0.0611316506116656
2,1.38788992495992,0.138525700585693,0.0608375346196921,0.0608375670421995,0.0608375670284807,0.0608375648669418,0.0608375682799964
2,1.38804556698327,0.138161575790062,0.0605455239698327,0.0605455563175998,0.0605455563030538,0.0605455541521797,0.0605455575512463
2,1.38820120900661,0.137799875232629,0.0602555659532384,0.060255598226198,0.0602555982108368,0.0602555960705521,0.0602555994557095
2,1.38835685102996,0.137440579486846,0.0599676418114345,0.0599676740095256,0.0599676739933611,0.0599676718635912,0.0599676752349178
2,1.38851249305331,0.137083632521529,0.0596817329944497,0.0596817651176172,0.0596817651006612,0.0596817629813322,0.0596817663389058
2,1.38866813507665,0.1367291845588,0.0593978211581154,0.0593978532063104,0.0593978531885745,0.0593978510796131,0.059397854423511
2,1.3888237771,0.136377279184542,0.059115888161411,0.0591159201345906,0.0591159201160862,0.0591159180174196,0.0591159213477187
2,1.38897941912335,0.136027698718043,0.0588359160638436,0.0588359479619705,0.0588359479427089,0.0588359458542653,0.0588359491710418
2,1.38913506114669,0.135680424734341,0.0585578871228659,0.0585579189459084,0.0585579189259007,0.0585579168476086,0.0585579201509383
2,1.38929070317004,0.135335438992891,0.0582817837913343,0.0582818155392663,0.0582818155185235,0.0582818134503122,0.0582818167402705
2,1.38944634519339,0.134992723432979,0.0580075887150015,0.0580076203878023,0.0580076203663352,0.0580076183081346,0.0580076215847963
2,1.38960198721673,0.134652314919809,0.0577352847300446,0.0577353163276987,0.057735316305518,0.0577353142572585,0.057735317520698
2,1.38975762924008,0.134314362887109,0.0574648548606327,0.0574648863831298,0.057464886360246,0.0574648843218588,0.0574648875721499
2,1.38991327126342,0.133978534985888,0.0571962823165243,0.057196313763859,0.0571963137402824,0.0571963117116993,0.0571963149489153
2,1.39006891328677,0.133645081139292,0.0569295504907042,0.0569295818628762,0.0569295818386172,0.0569295798197704,0.0569295830439843
2,1.39022455531012,0.13331371698181,0.056664642957052,0.0566646742540658,0.0566646742291343,0.0566646722199569,0.056664675431241
2,1.39038019733346,0.132984514617944,0.0564015434680425,0.0564015746899071,0.0564015746643132,0.0564015726647385,0.0564015758631648
2,1.39053583935681,0.132657508151009,0.0561402359524835,0.0561402670992128,0.0561402670729662,0.0561402650829284,0.0561402682685683
2,1.39069148138016,0.132332842655204,0.0558807045132808,0.055880735584893,0.0558807355580035,0.0558807335774373,0.0558807367503617
2,1.3908471234035,0.132010285417059,0.0556229334252402,0.055622964421758,0.055622964394235,0.0556229624230757,0.0556229655833552
2,1.39100276542685,0.131689820163805,0.0553669071328972,0.0553669380543474,0.0553669380262005,0.0553669360643837,0.0553669392120884
2,1.39115840745019,0.131371430788159,0.0551126102483776,0.0551126410947915,0.0551126410660299,0.0551126391134921,0.0551126422486915
2,1.39131404947354,0.131055060884814,0.0548600275492929,0.0548600583207057,0.0548600582913386,0.0548600563480167,0.0548600594707799
2,1.39146969149689,0.130740863338927,0.054609143976659,0.05460917467311,0.0546091746431464,0.0546091727089778,0.0546091758193736
2,1.39162533352023,0.130428857678031,0.0543599446328509,0.0543599752543833,0.0543599752238321,0.0543599732987548,0.0543599763968515
2,1.39178097554358,0.130118861596046,0.0541124147795822,0.054112445326243,0.0541124452951131,0.0541124433790657,0.0541124464649309
2,1.39193661756693,0.129810859785649,0.0538665398359135,0.0538665703077535,0.0538665702760535,0.053866568368975,0.0538665714426761
2,1.39209225959027,0.129504837095884,0.0536223053762923,0.0536223357733658,0.0536223357411043,0.0536223338429343,0.0536223369045382
2,1.39224790161362,0.129200778514082,0.0533796971286151,0.0533797274509803,0.0533797274181656,0.0533797255288443,0.0533797285784174
2,1.39240354363697,0.128898713191612,0.053138700972323,0.0531387312200412,0.0531387311866818,0.0531387293061497,0.0531387323437581
2,1.39255918566031,0.128598722454727,0.0528993029365192,0.0528993331096553,0.0528993330757594,0.0528993312039577,0.0528993342296669
2,1.39271482768366,0.128300759486292,0.0526614891981139,0.0526615192967361,0.0526615192623118,0.0526615173991821,0.0526615204130573
2,1.392870469707,0.128004643331498,0.0524252460799986,0.0524252761041784,0.0524252760692337,0.0524252742147181,0.052425277216824
2,1.39302611173035,0.127710415246345,0.0521905600492406,0.0521905899990527,0.0521905899635954,0.0521905881176366,0.0521905911080375
2,1.3931817537537,0.127418061098889,0.0519574177153078,0.0519574475908299,0.0519574475548679,0.051957445717409,0.0519574486961688
2,1.39333739577704,0.127127607818101,0.0517258058283155,0.0517258356296283,0.0517258355931691,0.0517258337641537,0.0517258367313359
2,1.39349303780039,0.126839188363082,0.0514957112772963,0.0514957410044836,0.0514957409675349,0.0514957391469071,0.0514957421025746
2,1.39364867982374,0.126552598240743,0.0512671210884996,0.0512671507416478,0.0512671507042172,0.0512671488919214,0.051267151836137
2,1.39380432184708,0.126267823883761,0.0510400224237073,0.0510400520029059,0.0510400519650006,0.051040050160982,0.0510400530938078
2,1.39395996387043,0.125984770315125,0.0508144025785799,0.0508144320839211,0.0508144320455484,0.0508144302497524,0.0508144331712502
2,1.39411560589377,0.125703668852028,0.050590248981021,0.0505902784125996,0.0505902783737666,0.0505902765861391,0.0505902794963704
2,1.39427124791712,0.125424299732577,0.050367549189565,0.0503675785474783,0.0503675785081922,0.0503675767286797,0.0503675796277054
2,1.39442688994047,0.125146873723021,0.05014629089179,0.050146320176138,0.0501463201364058,0.0501463183649551,0.0501463212528358
2,1.39458253196381,0.124871194706822,0.0499264619027482,0.0499264911136334,0.0499264910734619,0.0499264893100202,0.0499264921868162
2,1.39473817398716,0.124597249899907,0.0497080501634222,0.0497080793009495,0.0497080792603456,0.0497080775048607,0.0497080803706317
2,1.39489381601051,0.124325026640779,0.0494910437392,0.0494910728034765,0.0494910727624469,0.049491071014867,0.0494910738696725
2,1.39504945803385,0.124054512383474,0.0492754308183703,0.0492754598095056,0.0492754597680569,0.0492754580283305,0.0492754608722295
2,1.3952051000572,0.123785730072442,0.0490611997106419,0.0490612286287479,0.0490612285868865,0.0490612268549628,0.0490612296880139
2,1.39536074208054,0.123518783330596,0.0488483388456792,0.0488483676908696,0.0488483676486021,0.0488483659244304,0.0488483687466919
2,1.39551638410389,0.123253549979187,0.048636836771661,0.0486368655440521,0.0486368655013848,0.048636863784915,0.0486368665964448
2,1.39567202612724,0.122989951948195,0.0484266821538576,0.0484267108535675,0.0484267108105066,0.0484267091016891,0.0484267119025446
2,1.39582766815058,0.122727999303835,0.0482178637732261,0.0482178924003749,0.0482178923569268,0.0482178906557122,0.0482178934459506
2,1.39598331017393,0.122467680212824,0.0480103705250284,0.0480103990797384,0.048010399035909,0.0480103973422484,0.0480104001219265
2,1.39613895219728,0.122209015828422,0.0478041914174634,0.0478042198998585,0.047804219855654,0.0478042181694989,0.047804220938673
2,1.39629459422062,0.121952128320817,0.0475993155703219,0.0475993439805281,0.0475993439359544,0.0475993422572567,0.0475993450159829
2,1.39645023624397,0.121696836989974,0.0473957322136574,0.0473957605518025,0.0473957605068654,0.0473957588355775,0.0473957615839113
2,1.39660587826732,0.121443130462564,0.0471934306864746,0.0471934589526881,0.0471934589073933,0.0471934572434679,0.0471934599814647
2,1.39676152029066,0.121190950338333,0.0469924004354381,0.0469924286298512,0.0469924285842045,0.0469924269275946,0.0469924296553093
2,1.39691716231401,0.120940426848754,0.046792631013595,0.0467926591363407,0.0467926590903478,0.0467926574410069,0.0467926601584941
2,1.39707280433735,0.120691438086573,0.0465941120791187,0.0465941401303314,0.0465941400839979,0.0465941384418798,0.0465941411491937
2,1.3972284463607,0.120444150017444,0.0463968333940662,0.0463968613738821,0.0463968613272134,0.0463968596922724,0.0463968623894668
2,1.39738408838405,0.120198389040135,0.046200784823153,0.0462008127317097,0.0462008126847113,0.0462008110569019,0.0462008137440304
2,1.39753973040739,0.119954144415257,0.0460059563325467,0.0460059841699834,0.0460059841226605,0.0460059825019378,0.0460059851790535
2,1.39769537243074,0.119711405505101,0.0458123379886727,0.04581236575513,0.045812365707488,0.0458123640938072,0.045812366760963
2,1.39785101445409,0.119470161766889,0.04561991995704,0.0456199476526599,0.045619947604704,0.0456199459980209,0.0456199486552691
2,1.39800665647743,0.119230423781925,0.04542869250108,0.0454287201260059,0.0454287200777412,0.0454287184780118,0.0454287211254047
2,1.39816229850078,0.118992329239973,0.0452386459810008,0.0452386735353774,0.045238673486809,0.0452386718939897,0.045238674531579
2,1.39831794052412,0.118755689198291,0.0450497708526593,0.0450497983366327,0.0450497982877655,0.0450497967018131,0.0450497993296503
2,1.39847358254747,0.118520500864306,0.0448620576664445,0.0448620850801619,0.0448620850310009,0.0448620834518725,0.0448620860700088
2,1.39862922457082,0.118286754187411,0.0446754970661796,0.0446755244097894,0.0446755243603395,0.0446755227879925,0.0446755253964786
2,1.39878486659416,0.118054439210122,0.0444900797880354,0.0444901070616873,0.0444901070119534,0.0444901054463456,0.044490108045232
2,1.39894050861751,0.117823572415238,0.0443057966594593,0.0443058238633042,0.0443058238132908,0.0443058222543804,0.0443058248437173
2,1.39909615064086,0.117594266350725,0.0441226385981199,0.0441226657323096,0.0441226656820216,0.044122664129767,0.0441226667096041
2,1.3992517926642,0.117366360496214,0.0439405966108624,0.0439406236755498,0.0439406236249918,0.0439406220793517,0.0439406246497387
2,1.39940743468755,0.117139763371865,0.0437596617926808,0.04375968878802,0.0437596887371965,0.0437596871981302,0.0437596897591161
2,1.39956307671089,0.116914711155095,0.0435798253257022,0.0435798522518483,0.0435798522007638,0.0435798506682306,0.0435798532198644
2,1.39971871873424,0.116690948753929,0.0434010784781836,0.0434011053352925,0.0434011052839515,0.0434011037579113,0.0434011063002414
2,1.39987436075759,0.116468573195383,0.0432234126035245,0.0432234393917532,0.04322343934016,0.0432234378205728,0.0432234403536476
2,1.40003000278093,0.116247694053367,0.0430468191392889,0.0430468458587952,0.0430468458069541,0.0430468442937804,0.0430468468176477
2,1.40018564480428,0.116028156848329,0.0428712896062437,0.0428713162571863,0.0428713162051017,0.0428713146983021,0.0428713172130096
2,1.40034128682763,0.115809952510489,0.0426968156074071,0.0426968421899456,0.0426968421376217,0.0426968406371573,0.0426968431427523
2,1.40049692885097,0.115593072054921,0.0425233888271097,0.0425234153414045,0.0425234152888454,0.0425234137946775,0.042523416291207
2,1.40065257087432,0.115377506576338,0.0423510010300699,0.0423510274762822,0.042351027423492,0.0423510259355823,0.042351028423093
2,1.40080821289767,0.115163269952758,0.0421796440604778,0.0421796704387696,0.0421796703857523,0.0421796689040627,0.0421796713826011
2,1.40096385492101,0.114950468893234,0.0420093098410949,0.0420093361516287,0.0420093360983884,0.0420093346228812,0.0420093370924933
2,1.40111949694436,0.114738954646575,0.0418399903723625,0.0418400166153018,0.0418400165618424,0.0418400150924801,0.0418400175532117
2,1.4012751389677,0.114528718631503,0.0416716777315222,0.0416717039070309,0.0416717038533564,0.0416717023901018,0.0416717048419985
2,1.40143078099105,0.11431975234522,0.0415043640717496,0.0415043901799926,0.0415043901261067,0.0415043886689229,0.04150439111203
2,1.4015864230144,0.114112047359255,0.0413380416212964,0.041338067662439,0.0413380676083456,0.041338066157196,0.0413380685915583
2,1.40174206503774,0.113905616375726,0.0411727026826461,0.0411727286568543,0.0411727286025571,0.0411727271574054,0.0411727295830677
2,1.40189770706109,0.113700563350649,0.0410083396316792,0.0410083655391194,0.041008365484622,0.0410083640454323,0.0410083664624389
2,1.40205334908444,0.113496744965612,0.040844944916848,0.0408449707576873,0.0408449707029935,0.04084496926973,0.040844971678125
2,1.40220899110778,0.113294123575954,0.0406825110583656,0.0406825368327717,0.040682536777885,0.0406825353505121,0.0406825377503394
2,1.40236463313113,0.113092779698407,0.0405210306474008,0.0405210563555417,0.0405210563004658,0.0405210548789484,0.0405210572702514
2,1.40252027515447,0.112892616784818,0.0403604963452872,0.0403605219873316,0.0403605219320699,0.0403605205163731,0.0403605228991951
2,1.40267591717782,0.112693675959017,0.04020090088274,0.0402009264588569,0.0402009264034129,0.040200924993502,0.040200927367886
2,1.40283155920117,0.112496058527616,0.0400422370590826,0.0400422625694417,0.0400422625138188,0.0400422611096593,0.0400422634756481
2,1.40298720122451,0.112299626332812,0.0398844977414861,0.0398845231862571,0.0398845231304587,0.0398845217320166,0.0398845240896526
2,1.40314284324786,0.112104371681395,0.0397276758642136,0.0397277012435669,0.0397277011875963,0.0397276997948378,0.0397277021441631
2,1.40329848527121,0.111910286946566,0.0395717644278791,0.0395717897419855,0.0395717896858459,0.0395717882987373,0.0395717906397938
2,1.40345412729455,0.111717364568463,0.0394167564987124,0.0394167817477428,0.0394167816914376,0.0394167803099455,0.039416782642775
2,1.4036097693179,0.111525615120248,0.0392626452078337,0.0392626703919596,0.0392626703354919,0.0392626689595833,0.039262671284227
2,1.40376541134124,0.111335137355706,0.0391094237505397,0.0391094488699328,0.0391094488133059,0.0391094474429479,0.039109449759447
2,1.40392105336459,0.111145798020891,0.0389570853855953,0.0389571104404277,0.0389571103836445,0.0389571090188046,0.0389571113272
2,1.40407669538794,0.110957589825938,0.0388056234345374,0.0388056484249812,0.038805648368045,0.0388056470086907,0.038805649309023
2,1.40423233741128,0.110770505539916,0.0386550312809851,0.0386550562072131,0.0386550561501268,0.0386550547962261,0.0386550570885356
2,1.40438797943463,0.110584537998731,0.0385053023699592,0.0385053272321441,0.0385053271749108,0.0385053258264318,0.0385053281107587
2,1.40454362145798,0.110399696817359,0.038356430207212,0.0383564550055269,0.0383564549481494,0.0383564536050605,0.0383564558814446
2,1.40469926348132,0.110216078286373,0.0382084083585617,0.0382084330931798,0.0382084330356612,0.0382084316979311,0.0382084339664119
2,1.40485490550467,0.110033492153599,0.0380612304492397,0.0380612551203345,0.0380612550626776,0.0380612537302751,0.038061255990892
2,1.40501054752802,0.109852116494603,0.0379148901632424,0.0379149147709876,0.0379149147131952,0.0379149133860894,0.0379149156388815
2,1.40516618955136,0.109671759465022,0.0377693812426923,0.0377694057872616,0.0377694057293366,0.0377694044074968,0.037769406652503
2,1.40532183157471,0.109492475931943,0.0376246974872082,0.0376247219687756,0.0376247219107208,0.0376247205941165,0.0376247228313754
2,1.40547747359805,0.109314274613258,0.037480832753281,0.0374808571720206,0.0374808571138387,0.0374808558024397,0.0374808580319897
2,1.4056331156214,0.109137249431713,0.0373377809536594,0.0373378053097455,0.0373378052514391,0.0373378039452155,0.0373378061670947
2,1.40578875764475,0.108961276230111,0.0371955360567421,0.0371955603503488,0.0371955602919208,0.0371955589908427,0.037195561205089
2,1.40594439966809,0.108786348451678,0.0370540920859766,0.0370541163172784,0.0370541162587313,0.0370541149627693,0.0370541171694203
2,1.40610004169144,0.108612459590899,0.0369134431192683,0.0369134672884397,0.036913467229776,0.0369134659389007,0.0369134681379939
2,1.40625568371479,0.108439558209111,0.0367735832883931,0.0367736073956086,0.036773607336831,0.0367736060510134,0.0367736082425859
2,1.40641132573813,0.108267787161165,0.0366345067784211,0.0366345308238553,0.0366345307649663,0.0366345294841773,0.0366345316682662
2,1.40656696776148,0.108097103110482,0.0364962078271442,0.0364962318109718,0.0364962317519739,0.036496230476185,0.0364962326528269
2,1.40672260978482,0.107927431110451,0.0363586807245123,0.0363587046469078,0.0363587045878035,0.0363587033169861,0.0363587054862177
2,1.40687825180817,0.107758764938198,0.0362219198120766,0.0362219436732148,0.0362219436140065,0.0362219423481324,0.0362219445099898
2,1.40703389383152,0.10759109841942,0.0360859194824384,0.0360859432824939,0.036085943223184,0.0360859419622252,0.0360859441167445
2,1.40718953585486,0.107424425433312,0.0359506741787065,0.0359506979178539,0.0359506978584447,0.0359506966023733,0.0359506987495904
2,1.40734517787821,0.107258753075123,0.0358161783939595,0.0358162020723734,0.0358162020128675,0.0358162007616558,0.0358162029016062
2,1.40750081990156,0.107094170782122,0.0356824266707153,0.0356824502885703,0.0356824502289698,0.0356824489825905,0.0356824511153097
2,1.4076564619249,0.106930560696103,0.0355494136004077,0.0355494371578784,0.0355494370981856,0.0355494358566114,0.0355494379821345
2,1.40781210394825,0.106767922724903,0.0354171338228681,0.0354171573201289,0.0354171572603461,0.03541715602355,0.035417158141912
2,1.4079677459716,0.10660624518627,0.0352855820258147,0.0352856054630401,0.0352856054031695,0.0352856041711245,0.0352856062823602
2,1.40812338799494,0.106445524207737,0.0351547529443473,0.0351547763217115,0.0351547762617553,0.035154775034435,0.0351547771385788
2,1.40827903001829,0.106285766147221,0.0350246413604474,0.0350246646781247,0.0350246646180851,0.0350246633954628,0.0350246654925492
2,1.40843467204163,0.106127058325686,0.0348952421024867,0.0348952653606511,0.0348952653005303,0.0348952640825799,0.0348952661726428
2,1.40859031406498,0.105969288647685,0.0347665500447383,0.034766573243564,0.034766573183364,0.0347665719700594,0.0347665740531328
2,1.40874595608833,0.105812451499061,0.0346385601068971,0.0346385832465579,0.0346385831862808,0.0346385819775961,0.0346385840537137
2,1.40890159811167,0.105656541308002,0.0345112672536035,0.0345112903342732,0.0345112902739211,0.0345112890698307,0.034511291139026
2,1.40905724013502,0.105501540842344,0.0343846664939735,0.0343846895158257,0.0343846894554006,0.0343846882558788,0.0343846903181851
2,1.40921288215837,0.105347490903707,0.0342587528811353,0.0342587758443436,0.0342587757838475,0.0342587745888691,0.0342587766443194
2,1.40936852418171,0.105194441638087,0.0341335215117702,0.0341335444165078,0.0341335443559427,0.0341335431654826,0.0341335452141098
2,1.40952416620506,0.105042296305113,0.0340089675256599,0.0340089903721,0.0340089903114678,0.0340089891255011,0.0340089911673379
2,1.4096798082284,0.104891049571538,0.033885086105239,0.0338851088935546,0.0338851088328573,0.0338851076513591,0.033885109686438
2,1.40983545025175,0.104740696138547,0.0337618724751518,0.0337618952055156,0.0337618951447552,0.0337618939677009,0.0337618959960541
2,1.4099910922751,0.104591230756534,0.0336393219018165,0.0336393445744013,0.0336393445135795,0.0336393433409447,0.0336393453626044
2,1.41014673429844,0.104442658453689,0.0335174296929923,0.0335174523079704,0.0335174522470891,0.0335174510788495,0.0335174530938476
2,1.41030237632179,0.104295029531048,0.0333961911973534,0.0333962137548971,0.0333962136939581,0.0333962125300897,0.0333962145384578
2,1.41045801834514,0.104148338034853,0.0332756018040671,0.0332756243043483,0.0332756242433535,0.0332756230838324,0.033275625085602
2,1.41061366036848,0.104002479869411,0.0331556569423765,0.0331556793855671,0.0331556793245183,0.0331556781693206,0.0331556801645232
2,1.41076930239183,0.103857483004932,0.0330363520811902,0.0330363744674618,0.0330363744063606,0.0330363732554629,0.0330363752441294
2,1.41092494441518,0.103713342447561,0.0329176827286736,0.0329177050581974,0.0329177049970457,0.0329177038504245,0.032917705832586
2,1.41108058643852,0.103570062625734,0.0327996444318482,0.0327996667047954,0.0327996666435948,0.0327996655012269,0.0327996674769141
2,1.41123622846187,0.103427724945799,0.0326822327761939,0.0326822549927352,0.0326822549314875,0.0326822537933498,0.0326822557625933
2,1.41139187048521,0.103286227746441,0.0325654433852552,0.0325654655455613,0.0325654654842682,0.0325654643503378,0.0325654663131679
2,1.41154751250856,0.103145566202165,0.0324492719202551,0.0324492940244963,0.0324492939631593,0.0324492928334135,0.0324492947898604
2,1.41170315453191,0.103005669940145,0.0323337140797094,0.0323337361280557,0.0323337360666766,0.0323337349410927,0.0323337368911865
2,1.41185879655525,0.102866730950497,0.0322187655990493,0.0322187875916705,0.0322187875302508,0.0322187864088065,0.032218788352577
2,1.4120144385786,0.102728556352627,0.0321044222502459,0.0321044441873116,0.0321044441258529,0.0321044430085259,0.0321044449460028
2,1.41217008060195,0.102591291306381,0.0319906798414398,0.0319907017231192,0.0319907016616231,0.0319907005483912,0.031990702479604
2,1.41232572262529,0.102454837311512,0.0318775342165759,0.031877556043038,0.0318775559815059,0.0318775548723472,0.0318775567973252
2,1.41248136464864,0.102319189774234,0.0317649812550406,0.031765003026454,0.0317650029648876,0.0317650018597802,0.0317650037785525
2,1.41263700667198,0.102184344133928,0.0316530168713052,0.0316530385878383,0.031653038526239,0.0316530374251614,0.031653039337757
2,1.41279264869533,0.102050295867059,0.0315416370145724,0.0315416586763932,0.0315416586147626,0.0315416575176931,0.0315416594241408
2,1.41294829071868,0.101917047843723,0.0314308376684262,0.0314308592757024,0.0314308592140418,0.0314308581209592,0.0314308600212876
2,1.41310393274202,0.101784679265743,0.0313206148504876,0.0313206364033867,0.0313206363416977,0.0313206352525807,0.0313206371468182
2,1.41325957476537,0.10165309326242,0.0312109646120727,0.0312109861107618,0.0312109860490458,0.0312109849638734,0.0312109868520483
2,1.41341521678872,0.101522285923869,0.0311018830378559,0.0311019044825017,0.0311019044207601,0.0311019033395114,0.0311019052216518
2,1.41357085881206,0.101392252905695,0.0309933662455361,0.0309933876363051,0.0309933875745393,0.0309933864971934,0.0309933883733274
2,1.41372650083541,0.10126298990169,0.0308854103855067,0.0308854317225651,0.0308854316607764,0.0308854305873128,0.030885432457468
2,1.41388214285875,0.101134499745719,0.0307780116405307,0.0307780329240442,0.030778032862234,0.0307780317926322,0.0307780336568362
2,1.4140377848821,0.101006858553566,0.0306711662254179,0.030671187455552,0.0306711873937217,0.0306711863279613,0.0306711881862416
2,1.41419342690545,0.100879973721832,0.0305648703867064,0.0305648915636262,0.0305648915017771,0.0305648904398378,0.0305648922922218
2,1.41434906892879,0.100753841084596,0.0304591204023485,0.0304591415262187,0.030459141464352,0.0304591404062139,0.0304591422527286
2,1.41450471095214,0.100628447556366,0.0303539125813984,0.0303539336523834,0.0303539335905005,0.0303539325361436,0.0303539343768161
2,1.41466035297549,0.100503815879066,0.0302492432637057,0.0302492642819697,0.0302492642200718,0.0302492631694763,0.0302492650043333
2,1.41481599499883,0.100379921577179,0.0301451088196108,0.0301451297853174,0.0301451297234058,0.030145128676552,0.0301451305056202
2,1.41497163702218,0.100256848073238,0.0300415056496436,0.0300415265629561,0.030041526501032,0.0300415254579004,0.0300415272812063
2,1.41512727904553,0.100134505514927,0.0299384301842274,0.0299384510453087,0.0299384509833734,0.0299384499439446,0.0299384517615145
2,1.41528292106887,0.100012889933424,0.0298358788833836,0.0298358996923964,0.029835899630451,0.0298358985947058,0.0298359004065659
2,1.41543856309222,0.0998919973860038,0.0297338482364423,0.0297338689935489,0.0297338689315946,0.0297338678995138,0.0297338697056902
2,1.41559420511556,0.099771823963697,0.0296323347617547,0.0296323554671168,0.0296323554051548,0.0296323543767195,0.029632356177238
2,1.41574984713891,0.0996523696169365,0.0295313350064081,0.0295313556601872,0.0295313555982187,0.0295313545734098,0.0295313563682963
2,1.41590548916226,0.0995337131756415,0.0294308455459464,0.0294308661483036,0.0294308660863297,0.0294308650651287,0.0294308668544085
2,1.4160611311856,0.0994157614827171,0.0293308629840913,0.0293308835351872,0.0293308834732091,0.0293308824555972,0.029330884239296
2,1.41621677320895,0.0992985127306149,0.0292313839524683,0.0292314044524633,0.029231404390482,0.0292314033764408,0.0292314051545837
2,1.4163724152323,0.0991819631623881,0.029132405110335,0.0291324255593891,0.0291324254974057,0.0291324244869168,0.0291324262595291
2,1.41652805725564,0.099066109048646,0.0290339231443125,0.0290339435425851,0.0290339434806008,0.0290339424736459,0.0290339442407525
2,1.41668369927899,0.0989509519101814,0.0289359347681202,0.0289359551157704,0.0289359550537862,0.0289359540503473,0.028935955811973
2,1.41683934130233,0.0988365631174469,0.0288384367223126,0.0288384570194993,0.0288384569575163,0.0288384559575752,0.0288384577137449
2,1.41699498332568,0.0987228579580052,0.028741425774021,0.0287414460209024,0.0287414459589216,0.0287414449624605,0.0287414467131986
2,1.41715062534903,0.0986097728474767,0.0286448987166954,0.0286449189134296,0.0286449188514519,0.0286449178584532,0.0286449196037841
2,1.41730626737237,0.0984974841311132,0.0285488523698513,0.0285488725165957,0.0285488724546223,0.0285488714650682,0.0285488732050163
2,1.41746190939572,0.0983858083237253,0.028453283578819,0.0284533036757308,0.0284533036137627,0.0284533026276356,0.0284533043622249
2,1.41761755141907,0.0982748065347527,0.0283581892144945,0.0283582092617304,0.0283582091997684,0.028358208217051,0.0283582099463057
2,1.41777319344241,0.0981645486660203,0.0282635661730947,0.028263586170811,0.0282635861088563,0.0282635851295312,0.028263586853475
2,1.41792883546576,0.0980549524081002,0.0281694113759146,0.0281694313242672,0.0281694312623206,0.0281694302863708,0.0281694320050274
2,1.41808447748911,0.0979460143159409,0.0280757217690864,0.0280757416682308,0.0280757416062933,0.0280757406337016,0.0280757423470947
2,1.41824011951245,0.0978377309729982,0.0279824943233433,0.0279825141734346,0.0279825141115071,0.0279825131422566,0.0279825148504096
2,1.4183957615358,0.0977300989841103,0.0278897260337834,0.0278897458349761,0.0278897457730596,0.0278897448071334,0.0278897465100696
2,1.41855140355914,0.0976231191217537,0.0277974139196382,0.0277974336720867,0.0277974336101821,0.0277974326475634,0.027797434345306
2,1.41870704558249,0.0975168598702059,0.0277055550240429,0.027705574727901,0.0277055746660091,0.0277055737066814,0.0277055753992536
2,1.41886268760584,0.0974112412155464,0.0276141464138086,0.0276141660692297,0.0276141660073515,0.0276141650512982,0.0276141667387227
2,1.41901832962918,0.0973062598714694,0.0275231851791985,0.0275232047863354,0.0275232047244718,0.0275232037716765,0.0275232054539762
2,1.41917397165253,0.097201912575949,0.0274326684337044,0.0274326879927098,0.0274326879308615,0.027432686981308,0.0274326886585056
2,1.41932961367588,0.0970981960897595,0.0273425933138281,0.0273426128248541,0.0273426127630221,0.0273426118166941,0.027342613488812
2,1.41948525569922,0.0969951108449627,0.0272529569788635,0.0272529764420619,0.0272529763802469,0.0272529754371284,0.0272529771041891
2,1.41964089772257,0.0968927239568878,0.0271637566106811,0.027163776026203,0.027163775964406,0.0271637750244809,0.0271637766865067
2,1.41979653974591,0.0967909554657739,0.027074989413516,0.0270750087815123,0.027075008719734,0.0270750077829865,0.0270750094399995
2,1.41995218176926,0.0966898086670512,0.0269866526137571,0.0269866719343783,0.0269866718726195,0.0269866709390338,0.026986672591056
2,1.42010782379261,0.0965892740138506,0.0268987434597387,0.0268987627331346,0.0268987626713962,0.0268987617409566,0.02689876338801
2,1.42026346581595,0.0964893505574991,0.0268112592215353,0.0268112784478555,0.0268112783861382,0.0268112774588291,0.0268112791009355
2,1.4204191078393,0.0963900384102274,0.026724197190757,0.0267242163701508,0.0267242163084553,0.0267242153842613,0.0267242170214423
2,1.42057474986265,0.0962914033677535,0.0266375546803493,0.0266375738129651,0.0266375737512923,0.026637572830198,0.0266375744624751
2,1.42073039188599,0.0961933697180321,0.0265513290243926,0.0265513481103788,0.0265513480487294,0.0265513471307196,0.0265513487581142
2,1.42088603390934,0.0960959344653494,0.0264655175779054,0.0264655366174099,0.0264655365557846,0.026465535640844,0.0264655372633774
2,1.42104167593268,0.0959990946346107,0.02638011771665,0.02638013670982,0.0263801366482197,0.0263801357363332,0.0263801373540266
2,1.42119731795603,0.0959028472738377,0.0262951268369383,0.0262951457839209,0.0262951457223461,0.0262951448134988,0.0262951464263733
2,1.42135295997938,0.0958071921903993,0.0262105423554421,0.0262105612563836,0.0262105611948351,0.0262105602890122,0.0262105618970886
2,1.42150860200272,0.095712193912404,0.0261263617090035,0.0261263805640501,0.0261263805025287,0.0261263795997152,0.0261263812030145
2,1.42166424402607,0.0956177787380384,0.0260425823544484,0.0260426011637457,0.0260426011022519,0.0260426002024333,0.0260426018009761
2,1.42181988604942,0.0955239438052883,0.0259592017684018,0.025959220532095,0.0259592204706296,0.0259592195737912,0.0259592211675981
2,1.42197552807276,0.0954306862744927,0.0258762174471045,0.0258762361653384,0.025876236103902,0.0258762352100293,0.0258762367991207
2,1.42213117009611,0.0953380033224482,0.0257936269062329,0.0257936455791516,0.025793645517745,0.0257936446268236,0.02579364621122
2,1.42228681211946,0.0952458944763343,0.0257114276807194,0.025711446308467,0.0257114462470908,0.0257114453591063,0.0257114469388278
2,1.4224424541428,0.0951544230336896,0.0256296173245755,0.0256296359072953,0.0256296358459501,0.0256296349608884,0.0256296365359552
2,1.42259809616615,0.0950634750272947,0.0255481934107169,0.025548211948552,0.0255482118872384,0.0255482110050853,0.0255482125755174
2,1.42275373818949,0.0949731743093084,0.0254671535307897,0.0254671720238825,0.0254671719626013,0.0254671710833427,0.02546717264916
2,1.42290938021284,0.0948833915763838,0.0253864952949992,0.0253865137434919,0.0253865136822435,0.0253865128058655,0.0253865143670878
2,1.42306502223619,0.0947941663289927,0.0253062163319402,0.0253062347359744,0.0253062346747596,0.0253062338012482,0.0253062353578953
2,1.42322066425953,0.0947054978252626,0.0252263142884287,0.0252263326481457,0.0252263325869649,0.0252263317163065,0.0252263332683978
2,1.42337630628288,0.0946174481817223,0.0251467868293364,0.025146805144877,0.025146805083731,0.0251468042159117,0.0251468057634668
2,1.42353194830623,0.0945299474710673,0.0250676316374257,0.0250676499089302,0.0250676498478195,0.0250676489828258,0.025067650525864
2,1.42368759032957,0.0944429930786226,0.0249888464131875,0.0249888646407958,0.0249888645797209,0.0249888637175393,0.0249888652560799
2,1.42384323235292,0.0943565824100139,0.02491042887468,0.0249104470585315,0.0249104469974931,0.02491044613811,0.0249104476721722
2,1.42399887437626,0.0942706922471539,0.0248323767573691,0.0248323948976029,0.0248323948366014,0.0248323939800036,0.0248323955096063
2,1.42415451639961,0.0941853835184986,0.0247546878139716,0.0247547059107262,0.0247547058497623,0.0247547049959365,0.0247547065210987
2,1.42431015842296,0.0941006552772305,0.0246773598142984,0.0246773778677119,0.0246773778067861,0.0246773769557191,0.0246773784764596
2,1.4244658004463,0.0940164600056579,0.0246003905451007,0.0246004085553109,0.0246004084944237,0.0246004076461023,0.0246004091624399
2,1.42462144246965,0.0939327952034854,0.0245237778099171,0.0245237957770612,0.0245237957162132,0.0245237948706244,0.0245237963825777
2,1.424777084493,0.0938496583897977,0.0244475194289222,0.024447537353137,0.0244475372923287,0.0244475364494596,0.0244475379570472
2,1.42493272651634,0.0937670471000798,0.0243716132387777,0.0243716311201996,0.0243716310594315,0.0243716302192691,0.0243716317225094
2,1.42508836853969,0.0936849601036532,0.0242960570924833,0.0242960749312483,0.0242960748705208,0.0242960740330525,0.0242960755319637
2,1.42524401056304,0.0936034522102229,0.0242208488592315,0.0242208666554749,0.0242208665947887,0.0242208657600016,0.0242208672546021
2,1.42539965258638,0.0935224721547074,0.0241459864242616,0.0241460041781186,0.024146004117474,0.0241460032853556,0.0241460047756634
2,1.42555529460973,0.0934420023446207,0.0240714676887164,0.0240714854003216,0.0240714853397192,0.0240714845102569,0.0240714859962901
2,1.42571093663307,0.0933620454753071,0.023997290569501,0.0239973082389885,0.0239973081784288,0.02399730735161,0.0239973088333866
2,1.42586657865642,0.0932825991879561,0.0239234529991409,0.0239234706266444,0.0239234705661279,0.0239234697419403,0.023923471219478
2,1.42602222067977,0.0932036620308325,0.0238499529256441,0.0238499705112971,0.0238499704508241,0.0238499696292554,0.023849971102572
2,1.42617786270311,0.0931252928169296,0.0237767883123632,0.0237768058562983,0.0237768057958694,0.0237768049769073,0.0237768064460205
2,1.42633350472646,0.0930474267051988,0.0237039571378582,0.023703974640208,0.0237039745798236,0.023703973763456,0.0237039752283832
2,1.42648914674981,0.0929700614088407,0.0236314573957632,0.0236314748566596,0.0236314747963201,0.0236314739825348,0.0236314754432936
2,1.42664478877315,0.0928931946569613,0.0235592870946515,0.023559304514226,0.0235593044539319,0.023559303642717,0.0235593050993246
2,1.4268004307965,0.0928168222278533,0.0234874442579043,0.0234874616362882,0.0234874615760399,0.0234874607673833,0.023487462219857
2,1.42695607281984,0.0927409483564616,0.0234159269235801,0.0234159442609039,0.0234159442007018,0.0234159433945917,0.0234159448429488
2,1.42711171484319,0.0926656249356495,0.0233447331442842,0.0233447504406782,0.0233447503805227,0.0233447495769473,0.0233447510212048
2,1.42726735686654,0.0925907906449909,0.023273860987042,0.023273878242636,0.0232738781825276,0.0232738773814751,0.0232738788216499
2,1.42742299888988,0.0925164432980469,0.0232033085331709,0.0232033257480942,0.0232033256880333,0.0232033248894921,0.0232033263256012
2,1.42757864091323,0.0924425807207122,0.0231330738781558,0.0231330910525374,0.0231330909925244,0.0231330901964828,0.023133091628543
2,1.42773428293658,0.0923692007546448,0.0230631551315243,0.0230631722654927,0.0230631722055279,0.0230631714119745,0.0230631728400025
2,1.42788992495992,0.0922963015371248,0.0229935504167236,0.0229935675104069,0.0229935674504907,0.022993566659414,0.0229935680834264
2,1.42804556698327,0.0922239184660113,0.0229242578709994,0.0229242749245251,0.0229242748646579,0.0229242740760465,0.0229242754960599
2,1.42820120900661,0.0921520539688384,0.0228552756452743,0.0228552926587697,0.022855292598952,0.0228552918127946,0.0228552932288253
2,1.42835685102996,0.0920806417311983,0.0227866019040298,0.0227866188776217,0.0227866188178537,0.022786618034139,0.0227866194462036
2,1.42851249305331,0.0920097010791374,0.0227182348251873,0.022718251759002,0.0227182516992842,0.0227182509180011,0.0227182523261156
2,1.42866813507665,0.091939229946473,0.0226501725999912,0.0226501894941547,0.0226501894344874,0.0226501886556247,0.0226501900598055
2,1.4288237771,0.091869226281882,0.0225824134328939,0.0225824302875316,0.0225824302279152,0.0225824294514618,0.0225824308517249
2,1.42897941912335,0.0918003955856429,0.0225149555414401,0.0225149723566772,0.0225149722971119,0.022514971523057,0.0225149729194184
2,1.42913506114669,0.091731564889529,0.0224477971561544,0.0224478139321154,0.0224478138726017,0.0224478131009342,0.0224478144934099
2,1.42929070317004,0.0916627341934151,0.0223809365204286,0.0223809532572377,0.0223809531977758,0.022380952428485,0.0223809538170908
2,1.42944634519339,0.0915943178684534,0.02231437189041,0.0223143885881911,0.0223143885287814,0.0223143877618564,0.0223143891466081
2,1.42960198721673,0.0915284105354343,0.0222481015348925,0.0222481181937689,0.0222481181344117,0.0222481173698419,0.0222481187507551
2,1.42975762924008,0.0914625032024151,0.0221821237352063,0.022182140355301,0.0221821402959966,0.0221821395337713,0.0221821409108617
2,1.42991327126342,0.0913965958693958,0.0221164367851113,0.0221164533665467,0.0221164533072955,0.022116452547404,0.022116453920687
2,1.43006891328677,0.0913306885363767,0.0220510389906892,0.0220510555335875,0.0220510554743898,0.0220510547168216,0.0220510560863128
2,1.43022455531012,0.0912647812033575,0.0219859286702384,0.0219859451747212,0.0219859451155773,0.021985944360322,0.0219859457260366
2,1.43038019733346,0.0911988738703384,0.0219211041541691,0.0219211206203577,0.0219211205612679,0.021921119808315,0.0219211211702683
2,1.43053583935681,0.0911329665373192,0.0218565637848995,0.0218565802129147,0.0218565801538793,0.0218565794032185,0.0218565807614257
2,1.43069148138016,0.0910670592043,0.0217923059167534,0.0217923223067157,0.0217923222477349,0.0217923214993559,0.0217923228538322
2,1.4308471234035,0.0910026554843647,0.0217283289158586,0.021728345267888,0.0217283452089621,0.0217283444628547,0.021728345813615
2,1.43100276542685,0.0909406818361702,0.0216646311600457,0.0216646474742617,0.0216646474153911,0.0216646466715452,0.0216646480186044
2,1.43115840745019,0.0908787081879758,0.0216012110387494,0.0216012273152713,0.0216012272564561,0.0216012265148615,0.0216012278582346
2,1.43131404947354,0.0908167345397813,0.0215380669529089,0.0215380831918553,0.0215380831330959,0.0215380823937426,0.0215380837334444
2,1.43146969149689,0.0907547608915868,0.0214751973148708,0.0214752135163601,0.0214752134576568,0.0214752127205347,0.0214752140565799
2,1.43162533352023,0.0906927872433924,0.0214126005482925,0.0214126167124426,0.0214126166537956,0.0214126159188948,0.0214126172512981
2,1.43178097554358,0.0906308135951979,0.0213502750880454,0.021350291214974,0.0213502911563835,0.0213502904236942,0.02135029175247
2,1.43193661756693,0.0905688399470035,0.0212882193801217,0.0212882354699457,0.0212882354114121,0.0212882346809244,0.0212882360060873
2,1.43209225959027,0.090506866298809,0.0212264318815387,0.0212264479343749,0.0212264478758983,0.0212264471476026,0.021226448469167
2,1.43224790161362,0.0904472514508658,0.0211649110602473,0.0211649270762119,0.0211649270177926,0.0211649262916791,0.0211649276096593
2,1.43240354363696,0.0903890656037931,0.0211036553950389,0.0211036713742479,0.0211036713158862,0.0211036705919452,0.0211036719063555
2,1.43255918566031,0.0903308797567203,0.0210426633754546,0.0210426793180234,0.0210426792597195,0.0210426785379415,0.0210426798487962
2,1.43271482768366,0.0902726939096476,0.0209819335016952,0.0209819494077388,0.020981949349493,0.0209819486298684,0.0209819499371814
2,1.432870469707,0.0902145080625748,0.0209214642845307,0.0209214801541639,0.0209214800959763,0.0209214793784957,0.0209214806822812
2,1.43302611173035,0.090156322215502,0.0208612542452131,0.0208612700785502,0.0208612700204211,0.0208612693050749,0.0208612706053469
2,1.4331817537537,0.0900981363684293,0.0208013019153879,0.0208013177125426,0.0208013176544722,0.0208013169412512,0.0208013182380235
2,1.43333739577704,0.0900399505213565,0.020741605837007,0.0207416215980928,0.0207416215400813,0.0207416208289761,0.0207416221222627
2,1.43349303780039,0.0899817646742839,0.0206821645622434,0.0206821802873734,0.0206821802294211,0.0206821795204225,0.0206821808102369
2,1.43364867982374,0.0899267302510466,0.0206229766534054,0.0206229923426923,0.0206229922847993,0.0206229915778981,0.0206229928642541
2,1.43380432184708,0.0898721951315616,0.0205640406828527,0.0205640563364088,0.0205640562785753,0.0205640555737623,0.0205640568566736
2,1.43395996387043,0.0898176600120767,0.0205053552329126,0.0205053708508496,0.0205053707930759,0.020505370090342,0.0205053713698221
2,1.43411560589377,0.0897631248925917,0.0204469188957969,0.0204469344782263,0.0204469344205125,0.0204469337198487,0.0204469349959111
2,1.43427124791712,0.0897085897731068,0.0203887302735207,0.0203887458205536,0.0203887457629,0.0203887450642972,0.0203887463369552
2,1.43442688994047,0.0896540546536219,0.0203307879778203,0.0203308034895675,0.0203308034319742,0.0203308027354235,0.0203308040046906
2,1.43458253196381,0.0895995195341369,0.0202730906300739,0.0202731061066456,0.0202731060491128,0.0202731053546053,0.0202731066204947
2,1.43473817398716,0.089544984414652,0.0202156368612211,0.0202156523027271,0.020215652245255,0.0202156515527819,0.0202156528153067
2,1.43489381601051,0.0894908146105241,0.0201584253116839,0.0201584407182339,0.0201584406608226,0.0201584399703751,0.0201584412295486
2,1.43504945803385,0.0894398013702749,0.0201014546312896,0.0201014700029926,0.0201014699456424,0.0201014692572116,0.0201014705130469
2,1.4352051000572,0.0893887881300257,0.0200447234791923,0.020044738816157,0.020044738758868,0.0200447380724454,0.0200447393249553
2,1.43536074208054,0.0893377748897765,0.019988230523797,0.0199882458261317,0.0199882457689042,0.019988245084481,0.0199882463336786
2,1.43551638410389,0.0892867616495274,0.0199319744426834,0.0199319897104961,0.0199319896533301,0.0199319889708978,0.019931990216796
2,1.43567202612724,0.0892357484092782,0.0198759539225305,0.0198759691559288,0.0198759690988245,0.0198759684183746,0.019875969660986
2,1.43582766815058,0.0891847351690291,0.0198201676590427,0.0198201828581338,0.0198201828010914,0.0198201821226153,0.0198201833619528
2,1.43598331017393,0.0891337219287799,0.0197646143568753,0.019764629521766,0.0197646294647857,0.0197646287882749,0.0197646300243512
2,1.43613895219728,0.0890827086885306,0.0197092927295622,0.0197093078603589,0.0197093078034407,0.0197093071288869,0.0197093083617146
2,1.43629459422062,0.0890328660534194,0.0196542014994428,0.0196542165962516,0.0196542165393958,0.0196542158667906,0.0196542170963822
2,1.43645023624397,0.0889852535298128,0.0195993393975907,0.0195993544605172,0.0195993544037238,0.0195993537330589,0.019599354959427
2,1.43660587826732,0.0889376410062063,0.0195447051637427,0.0195447201928921,0.0195447201361614,0.0195447194674285,0.0195447206905854
2,1.43676152029066,0.0888900284825997,0.0194902975462278,0.0194903125417051,0.0194903124850372,0.0194903118182281,0.0194903130381862
2,1.43691716231401,0.088842415958993,0.0194361153018987,0.0194361302638083,0.0194361302072033,0.0194361295423099,0.0194361307590815
2,1.43707280433735,0.0887948034353865,0.0193821571960615,0.0193821721245078,0.0193821720679658,0.0193821714049799,0.0193821726185772
2,1.4372284463607,0.0887471909117799,0.0193284220024082,0.0193284368974947,0.019328436841016,0.0193284361799294,0.0193284373903647
2,1.43738408838405,0.0886995783881733,0.0192749085029483,0.0192749233647786,0.0192749233083631,0.019274922649168,0.0192749238564533
2,1.43753973040739,0.0886519658645667,0.019221615487942,0.0192216303166191,0.0192216302602671,0.0192216296029553,0.0192216308071028
2,1.43769537243074,0.0886062751605588,0.0191685417558339,0.0191685565514605,0.019168556495172,0.0191685558397357,0.0191685570407573
2,1.43785101445409,0.0885619493787997,0.0191156861131867,0.019115700875865,0.0191157008196403,0.0191157001660714,0.0191157013639791
2,1.43800665647743,0.0885176235970406,0.019063047374616,0.019063062104448,0.019063062048287,0.0190630613965778,0.0190630625913834
2,1.43816229850078,0.0884732978152816,0.0190106243627259,0.0190106390598131,0.019010639003716,0.0190106383538587,0.019010639545574
2,1.43831794052412,0.0884289720335225,0.0189584159080445,0.0189584305724882,0.0189584305164552,0.0189584298684419,0.0189584310570787
2,1.43847358254747,0.0883846462517634,0.0189064208489611,0.0189064354808621,0.0189064354248932,0.0189064347787163,0.0189064359642863
2,1.43862922457082,0.0883403204700044,0.0188546380316628,0.0188546526311214,0.0188546525752168,0.0188546519308686,0.0188546531133834
2,1.43878486659416,0.0882959946882453,0.018803066310072,0.0188030808771885,0.0188030808213482,0.018803080178821,0.0188030813582923
2,1.43894050861751,0.0882516689064863,0.0187517045457855,0.0187517190806596,0.0187517190248837,0.0187517183841699,0.0187517195606092
2,1.43909615064086,0.0882099668908862,0.0187005516080124,0.0187005661107435,0.0187005660550322,0.0187005654161242,0.0187005665895429
2,1.4392517926642,0.088168820605329,0.0186496063735142,0.0186496208442013,0.0186496207885547,0.018649620151445,0.0186496213218546
2,1.43940743468755,0.0881276743197718,0.0185988677265447,0.0185988821652865,0.0185988821097047,0.0185988814743858,0.0185988826417975
2,1.43956307671089,0.0880865280342146,0.01854833455879,0.0185483489656848,0.0185483489101677,0.0185483482766323,0.0185483494410575
2,1.43971871873424,0.0880453817486574,0.0184980057693101,0.0184980201444559,0.0184980200890038,0.0184980194572443,0.0184980206186943
2,1.43987436075759,0.0880042354631002,0.0184478802644803,0.0184478946079746,0.0184478945525875,0.0184478939225967,0.0184478950810826
2,1.44003000278093,0.0879630891775429,0.0183979569579332,0.0183979712698734,0.0183979712145514,0.0183979705863219,0.018397971741855
2,1.44018564480428,0.0879219428919858,0.0183482347705021,0.018348249050985,0.0183482489957281,0.0183482483692527,0.0183482495218439
2,1.44034128682763,0.0878809988986572,0.0182987126301628,0.018298726879285,0.0182987268240934,0.0182987261993648,0.0182987273490252
2,1.44049692885097,0.0878429311685365,0.018249389471979,0.0182494036898366,0.0182494036347104,0.0182494030117213,0.0182494041584619
2,1.44065257087432,0.0878048634384157,0.0182002642380449,0.0182002784247339,0.0182002783696731,0.0182002777484165,0.0182002788922481
2,1.44080821289767,0.0877667957082949,0.0181513358774312,0.0181513500330471,0.0181513499780518,0.0181513493585205,0.0181513504994541
2,1.44096385492101,0.0877287279781742,0.01810260334613,0.0181026174707679,0.0181026174158381,0.0181026167980251,0.0181026179360715
2,1.44111949694436,0.0876906602480535,0.0180540656069997,0.0180540797007545,0.0180540796458903,0.0180540790297885,0.0180540801649584
2,1.4412751389677,0.0876525925179328,0.0180057216297127,0.0180057356926788,0.0180057356378803,0.0180057350234827,0.0180057361557869
2,1.44143078099105,0.087614524787812,0.0179575703907008,0.0179575844229722,0.0179575843682396,0.0179575837555391,0.0179575848849882
2,1.4415864230144,0.0875764570576913,0.017909610873103,0.0179096248747737,0.0179096248201069,0.0179096242090967,0.0179096253357013
2,1.44174206503774,0.0875393029005291,0.0178618420667134,0.0178618560378768,0.0178618559832758,0.017861855373949,0.0178618564977197
2,1.44189770706109,0.0875042186964452,0.0178142629679286,0.0178142769086779,0.0178142768541429,0.0178142762464926,0.0178142773674398
2,1.44205334908444,0.0874691344923614,0.0177668725796973,0.0177668864901251,0.0177668864356561,0.0177668858296755,0.0177668869478098
2,1.44220899110778,0.0874340502882775,0.0177196699114682,0.0177196837916671,0.0177196837372641,0.0177196831329465,0.0177196842482782
2,1.44236463313113,0.0873989660841936,0.0176726539791407,0.0176726678292028,0.0176726677748659,0.0176726671722045,0.0176726682847439
2,1.44252027515447,0.0873638818801097,0.0176258238050143,0.0176258376250312,0.0176258375707606,0.0176258369697485,0.0176258380795061
2,1.44267591717782,0.0873287976760258,0.0175791784177387,0.017579192207802,0.0175791921535975,0.0175791915542283,0.0175791926612141
2,1.44283155920117,0.087293713471942,0.0175327168522655,0.0175327306124663,0.0175327305583281,0.017532729960595,0.0175327310648194
2,1.44298720122451,0.0872586292678581,0.017486438149799,0.017486451880228,0.0174864518261561,0.0174864512300525,0.0174864523315256
2,1.44314284324786,0.087225127243177,0.0174403413577478,0.0174403550584956,0.01744035500449,0.0174403544100094,0.0174403555087413
2,1.44329848527121,0.0871929370854401,0.0173944255296778,0.0173944392008344,0.0173944391468952,0.017394438554031,0.0173944396500317
2,1.44345412729455,0.0871607469277032,0.0173486897252636,0.0173487033669188,0.0173487033130461,0.0173487027217918,0.0173487038150713
2,1.4436097693179,0.0871285567699663,0.0173031330102427,0.017303146622486,0.0173031465686798,0.017303145979029,0.0173031470695973
2,1.44376541134125,0.0870963666122294,0.0172577544563682,0.0172577680392887,0.017257767985549,0.0172577673974952,0.0172577684853622
2,1.44392105336459,0.0870641764544925,0.0172125531413629,0.0172125666950496,0.0172125666413763,0.0172125660549132,0.0172125671400888
2,1.44407669538794,0.0870319862967556,0.0171675281488739,0.0171675416734151,0.0171675416198084,0.0171675410349295,0.0171675421174235
2,1.44423233741128,0.0869997961390187,0.0171226785684265,0.0171226920639105,0.0171226920103704,0.0171226914270694,0.0171226925068916
2,1.44438797943463,0.0869676059812818,0.0170780034953802,0.0170780169618948,0.0170780169084214,0.017078016326692,0.0170780174038521
2,1.44454362145798,0.0869376276739116,0.0170335020308834,0.0170335154685162,0.0170335154151094,0.0170335148349454,0.017033515909453
2,1.44469926348132,0.0869082472956014,0.0169891732818299,0.016989186690668,0.0169891866373279,0.0169891860587231,0.0169891871305879
2,1.44485490550467,0.0868788669172911,0.0169450163608147,0.0169450297409451,0.0169450296876717,0.0169450291106198,0.0169450301798514
2,1.44501054752802,0.0868494865389809,0.0169010303860908,0.0169010437376001,0.0169010436843934,0.0169010431088883,0.0169010441754962
2,1.44516618955136,0.0868201061606706,0.0168572144815264,0.0168572278045009,0.016857227751361,0.0168572271773964,0.0168572282413902
2,1.44532183157471,0.0867907257823604,0.0168135677765621,0.0168135810710876,0.0168135810180145,0.0168135804455845,0.0168135815069736
2,1.44547747359805,0.0867613454040501,0.0167700894061686,0.016770102672331,0.0167701026193247,0.0167701020484231,0.0167701031072169
2,1.4456331156214,0.0867319650257398,0.0167267785108054,0.0167267917486899,0.0167267916957504,0.0167267911263712,0.016726792182579
2,1.44578875764475,0.0867026602603064,0.0166836342363785,0.0166836474460702,0.0166836473931975,0.0166836468253348,0.0166836478789659
2,1.44594439966809,0.0866760102951586,0.0166406557342,0.0166406689157836,0.0166406688629777,0.0166406682966254,0.0166406693476892
2,1.44610004169144,0.0866493603300109,0.0165978421609467,0.0165978553145066,0.0165978552617676,0.0165978546969198,0.0165978557454254
2,1.44625568371479,0.0866227103648631,0.0165551926786205,0.0165552058042408,0.0165552057515686,0.0165552051882194,0.016555206234176
2,1.44641132573813,0.0865960603997153,0.0165127064545075,0.016512719552272,0.0165127194996667,0.0165127189378102,0.016512719981227
2,1.44656696776148,0.0865694104345676,0.016470382661139,0.0164703957311312,0.0164703956785928,0.0164703951182231,0.0164703961591092
2,1.44672260978482,0.0865427604694199,0.0164282204762515,0.0164282335185547,0.0164282334660832,0.0164282329071945,0.016428233945559
2,1.44687825180817,0.0865161105042721,0.0163862190827483,0.0163862320974454,0.0163862320450407,0.0163862314876272,0.0163862325234791
2,1.44703389383152,0.0864894605391243,0.0163443776686605,0.016344390655834,0.0163443906034962,0.0163443900475522,0.0163443910809003
2,1.44718953585486,0.0864635227912954,0.0163026954271086,0.0163027083868408,0.01630270833457,0.0163027077800896,0.016302708810943
2,1.44734517787821,0.0864395284854456,0.0162611715562647,0.0162611844886377,0.0162611844364338,0.0162611838834114,0.016261184911779
2,1.44750081990156,0.0864155341795959,0.0162198052593147,0.0162198181644102,0.0162198181122731,0.0162198175607031,0.0162198185865937
2,1.4476564619249,0.0863915398737461,0.0161785957444209,0.0161786086223202,0.0161786085702501,0.0161786080201267,0.0161786090435491
2,1.44781210394825,0.0863675455678964,0.0161375422246851,0.0161375550754694,0.0161375550234661,0.0161375544747838,0.0161375554957468
2,1.4479677459716,0.0863435512620466,0.0160966439181118,0.0160966567418619,0.0160966566899256,0.0160966561426787,0.016096657161191
2,1.44812338799494,0.0863195569561969,0.016055900047572,0.0160559128443684,0.0160559127924989,0.016055912246682,0.0160559132627523
2,1.44827903001829,0.0862955626503472,0.0160153098407666,0.0160153226106895,0.0160153225588869,0.0160153220144944,0.0160153230281313
2,1.44843467204163,0.0862715683444974,0.0159748725301911,0.0159748852733206,0.0159748852215848,0.0159748846786112,0.0159748856898233
2,1.44859031406498,0.0862488891139058,0.0159345873531002,0.0159346000695158,0.0159346000178469,0.0159345994762867,0.0159346004850826
2,1.44874595608833,0.0862274800569708,0.0158944535514722,0.0158944662412533,0.0158944661896513,0.015894465649499,0.0158944666558873
2,1.44890159811167,0.0862060710000358,0.0158544703719745,0.0158544830352003,0.0158544829836651,0.0158544824449154,0.0158544834489044
2,1.44905724013502,0.0861846619431007,0.0158146370659289,0.0158146497026781,0.0158146496512098,0.0158146491138571,0.0158146501154554
2,1.44921288215837,0.0861632528861657,0.0157749528892774,0.0157749654996285,0.015774965448227,0.0157749649122661,0.015774965911482
2,1.44936852418171,0.0861418438292307,0.0157354171025479,0.0157354296865792,0.0157354296352445,0.01573542910067,0.015735430097512
2,1.44952416620506,0.0861204347722957,0.0156960289708211,0.0156960415286105,0.0156960414773426,0.0156960409441493,0.0156960419386256
2,1.4496798082284,0.0860990257153607,0.0156567877636967,0.0156568002953219,0.0156568002441207,0.0156567997123033,0.0156568007044222
2,1.44983545025175,0.0860776166584256,0.0156176927552603,0.0156177052607986,0.0156177052096642,0.0156177046792173,0.0156177056689872
2,1.4499910922751,0.0860580947353436,0.0155787432240507,0.0155787557035793,0.0155787556525116,0.01557875512343,0.015578756110859
2,1.45014673429844,0.0860392046113392,0.0155399384530271,0.0155399509066227,0.0155399508556218,0.0155399503279004,0.0155399513129966
2,1.45030237632179,0.0860203144873349,0.0155012777295372,0.0155012901572765,0.0155012901063422,0.0155012895799758,0.0155012905627474
2,1.45045801834514,0.0860014243633305,0.015462760345285,0.0154627727472441,0.0154627726963766,0.0154627721713599,0.0154627731518151
2,1.45061366036848,0.0859825342393261,0.0154243855962988,0.0154243979725538,0.0154243979217529,0.0154243973980809,0.0154243983762277
2,1.45076930239183,0.0859636441153218,0.0153861527829003,0.0153861651335269,0.0153861650827925,0.0153861645604602,0.0153861655363066
2,1.45092494441518,0.0859447539913174,0.0153480612096727,0.0153480735347463,0.0153480734840786,0.0153480729630807,0.0153480739366347
2,1.45108058643852,0.0859258638673131,0.0153101101854304,0.0153101224850262,0.0153101224344251,0.0153101219147567,0.0153101228860263
2,1.45123622846187,0.0859069737433087,0.015272299023188,0.015272311297381,0.0152723112468464,0.0152723107285024,0.0152723116974955
2,1.45139187048521,0.0858905147370096,0.01523462704013,0.0152346392889947,0.0152346392385266,0.015234638721502,0.0152346396882265
2,1.45154751250856,0.0858740810925035,0.0151970935575803,0.0151971057811912,0.0151971057307896,0.0151971052150795,0.0151971061795432
2,1.45170315453191,0.0858576474479972,0.0151596979009728,0.0151597100994039,0.0151597100490687,0.0151597095346681,0.0151597104968788
2,1.45185879655525,0.085841213803491,0.0151224393998213,0.0151224515731464,0.0151224515228777,0.0151224510097816,0.0151224519697472
2,1.4520144385786,0.0858247801589848,0.0150853173876904,0.0150853295359832,0.0150853294857809,0.0150853289739845,0.0150853299317126
2,1.45217008060195,0.0858083465144786,0.0150483312021661,0.0150483433254998,0.0150483432753638,0.0150483427648622,0.0150483437203606
2,1.45232572262529,0.0857919128699724,0.015011480184827,0.0150114922832747,0.0150114922332051,0.0150114917239934,0.0150114926772697
2,1.45248136464864,0.0857754792254662,0.0149747636812156,0.0149747757548499,0.0149747757048466,0.01497477519692,0.0149747761479819
2,1.45263700667198,0.0857595974564602,0.0149381810408097,0.0149381930897032,0.0149381930397662,0.0149381925331199,0.0149381934819749
2,1.45279264869533,0.0857455614856071,0.0149017316169944,0.0149017436412194,0.0149017435913486,0.0149017430859779,0.0149017440326337
2,1.45294829071868,0.0857315255147539,0.0148654147670341,0.0148654267666626,0.014865426716858,0.014865426212758,0.0148654271572221
2,1.45310393274202,0.0857174895439008,0.0148292298520447,0.0148292418271483,0.0148292417774099,0.0148292412745759,0.0148292422168558
2,1.45325957476537,0.0857034535730476,0.0147931762369658,0.0147931881876161,0.0147931881379438,0.0147931876363711,0.0147931885764742
2,1.45341521678872,0.0856894176021945,0.014757253290534,0.0147572652168023,0.014757265167196,0.0147572646668799,0.0147572656048137
2,1.45357085881206,0.0856753816313414,0.0147214603852556,0.0147214722872127,0.0147214722376724,0.0147214717386083,0.0147214726743802
2,1.45372650083541,0.0856613456604882,0.0146857968973793,0.0146858087750959,0.0146858087256217,0.0146858082278049,0.0146858091614222
2,1.45388214285875,0.0856473096896351,0.0146502622068703,0.0146502740604169,0.0146502740110087,0.0146502735144345,0.0146502744459046
2,1.4540377848821,0.085634376168591,0.0146148556973834,0.0146148675268303,0.0146148674774879,0.0146148669821519,0.0146148679114821
2,1.45419342690545,0.0856226825119726,0.0145795767562373,0.0145795885616542,0.0145795885123777,0.0145795880182752,0.0145795889454728
2,1.45434906892879,0.0856109888553542,0.0145444247743879,0.0145444365558447,0.0145444365066341,0.0145444360137605,0.0145444369388326
2,1.45450471095214,0.0855992951987358,0.0145093991464033,0.0145094109039694,0.0145094108548245,0.0145094103631754,0.0145094112861293
2,1.45466035297549,0.0855876015421175,0.0144744992704378,0.0144745110041824,0.0144745109551033,0.0144745104646741,0.014474511385517
2,1.45481599499883,0.0855759078854991,0.0144397245482069,0.0144397362581989,0.0144397362091854,0.0144397357199717,0.0144397366387107
2,1.45497163702218,0.0855642142288807,0.0144050743849616,0.0144050860712698,0.014405086022322,0.0144050855343192,0.0144050864509614
2,1.45512727904553,0.0855525205722623,0.0143705481894644,0.0143705598521572,0.014370559803275,0.0143705593164787,0.0143705602310312
2,1.45528292106887,0.0855408269156439,0.0143361453739637,0.0143361570131092,0.0143361569642926,0.0143361564786984,0.0143361573911682
2,1.45543856309222,0.0855307619741505,0.0143018653541697,0.014301876969836,0.0143018769210848,0.0143018764366884,0.0143018773470826
2,1.45559420511556,0.0855213585323752,0.01426770754923,0.0142677191414848,0.0142677190927991,0.014267718609596,0.0142677195179215
2,1.45574984713891,0.0855119550905999,0.0142336713817057,0.0142336829506165,0.0142336829019962,0.014233682419982,0.0142336833262458
2,1.45590548916226,0.0855025516488246,0.0141997562775472,0.0141997678231812,0.0141997677746263,0.0141997672937967,0.0141997681980058
2,1.4560611311856,0.0854931482070493,0.0141659616660705,0.0141659731884947,0.0141659731400051,0.0141659726603558,0.014165973562517
2,1.45621677320895,0.0854837447652741,0.0141322869799339,0.0141322984792151,0.0141322984307907,0.0141322979523175,0.0141322988524376
2,1.4563724152323,0.0854743413234988,0.0140987316551144,0.014098743131319,0.0140987430829598,0.0140987426056583,0.0140987435037442
2,1.45652805725564,0.0854649378817235,0.0140652951308845,0.0140653065840789,0.0140653065357849,0.0140653060596509,0.0140653069557094
2,1.45668369927899,0.0854555344399482,0.0140319768497898,0.01403198828004,0.0140319882318111,0.0140319877568403,0.0140319886508782
2,1.45683934130233,0.0854482638559555,0.0139987762576253,0.0139987876649972,0.0139987876168333,0.0139987871430216,0.0139987880350455
2,1.45699498332568,0.0854411016155072,0.0139656928034138,0.013965704187973,0.013965704139874,0.0139657036672171,0.0139657045572339
2,1.45715062534903,0.085433939375059,0.0139327259393827,0.0139327373011944,0.0139327372531604,0.0139327367816541,0.0139327376696704
2,1.45730626737237,0.0854267771346107,0.0138998751209421,0.0138998864600714,0.0138998864121023,0.0138998859417425,0.013899886827765
2,1.45746190939572,0.0854196148941625,0.0138671398066627,0.0138671511231746,0.0138671510752703,0.0138671506060529,0.0138671514900882
2,1.45761755141907,0.0854124526537142,0.013834519458254,0.0138345307522131,0.0138345307043736,0.0138345302362945,0.0138345311183491
2,1.45777319344241,0.0854052904132659,0.0138020135405427,0.0138020248120134,0.0138020247642385,0.0138020242972936,0.0138020251773741
2,1.45792883546576,0.0853981281728177,0.0137696215214505,0.013769632770497,0.0137696327227868,0.0137696322569719,0.013769633135085
2,1.45808447748911,0.0853913877316863,0.0137373428719737,0.01373735409866,0.0137373540510144,0.0137373535863255,0.0137373544624776
2,1.45824011951245,0.0853864206025658,0.0137051770661615,0.0137051882705512,0.0137051882229702,0.0137051877594033,0.0137051886336008
2,1.4583957615358,0.0853814534734454,0.0136731235810948,0.0136731347632516,0.013673134715735,0.0136731342532861,0.0136731351255355
2,1.45855140355914,0.0853764863443249,0.013641181896866,0.013641193056853,0.0136411930094008,0.0136411925480659,0.0136411934183737
2,1.45870704558249,0.0853715192152044,0.0136093514965574,0.0136093626344378,0.01360936258705,0.0136093621268251,0.0136093629951976
2,1.45886268760584,0.0853665520860839,0.0135776318662218,0.0135776429820584,0.0135776429347348,0.0135776424756159,0.0135776433420596
2,1.45901832962918,0.0853615849569634,0.013546022494861,0.0135460335887164,0.0135460335414571,0.0135460330834403,0.0135460339479614
2,1.45917397165253,0.085356617827843,0.0135145228744066,0.0135145339463432,0.013514533899148,0.0135145334422294,0.0135145343048343
2,1.45932961367588,0.0853516506987225,0.0134831324996993,0.0134831435497792,0.0134831435026481,0.0134831430468238,0.0134831439075187
2,1.45948525569922,0.0853476145423741,0.0134518508684691,0.0134518618967544,0.0134518618496873,0.0134518613949533,0.0134518622537446
2,1.45964089772257,0.0853447992069993,0.0134206774813162,0.0134206884878684,0.0134206884408654,0.0134206879872179,0.0134206888441117
2,1.45979653974591,0.0853419838716245,0.0133896118416906,0.0133896228265713,0.0133896227796322,0.0133896223270674,0.0133896231820699
2,1.45995218176926,0.0853391685362498,0.0133586534558731,0.0133586644191437,0.0133586643722684,0.0133586639207824,0.0133586647738999
2,1.46010782379261,0.085336353200875,0.0133278018329563,0.0133278127746777,0.0133278127278662,0.0133278122774552,0.0133278131286938
2,1.46026346581595,0.0853335378655002,0.0132970564848248,0.0132970674050581,0.0132970673583103,0.0132970669089704,0.0132970677583363
2,1.4604191078393,0.0853307225301255,0.0132664169261372,0.0132664278249428,0.0132664277782587,0.0132664273299862,0.0132664281774854
2,1.46057474986265,0.0853279071947507,0.0132358826743063,0.0132358935517447,0.0132358935051242,0.0132358930579154,0.013235893903554
2,1.46073039188599,0.0853250918593759,0.0132054532494811,0.0132054641056126,0.0132054640590556,0.0132054636129068,0.0132054644566908
2,1.46088603390934,0.0853236976056837,0.0131751281745284,0.0131751390094129,0.0131751389629193,0.0131751385178267,0.0131751393597621
2,1.46104167593268,0.0853229933771645,0.0131449069750136,0.0131449177887109,0.0131449177422807,0.0131449172982406,0.0131449181383335
2,1.46119731795603,0.0853222891486453,0.0131147891791834,0.0131147999717532,0.0131147999253863,0.0131147994823949,0.0131148003206513
2,1.46135295997938,0.0853215849201261,0.0130847743179475,0.013084785089449,0.0130847850431454,0.0130847846011991,0.0130847854376249
2,1.46150860200272,0.0853208806916069,0.0130548619248601,0.0130548726753526,0.0130548726291122,0.0130548721882074,0.0130548730228084
2,1.46166424402607,0.0853201764630877,0.013025051536103,0.0130250622656454,0.0130250622194681,0.0130250617796011,0.0130250626123833
2,1.46181988604942,0.0853194722345685,0.0129953426904671,0.0129953533991182,0.0129953533530039,0.0129953529141711,0.0129953537451404
2,1.46197552807276,0.0853187680060493,0.0129657349293355,0.0129657456171538,0.0129657455711025,0.0129657451333002,0.0129657459624625
2,1.46213117009611,0.0853180637775302,0.012936227796666,0.0129362384637098,0.0129362384177214,0.0129362379809461,0.0129362388083071
2,1.46228681211946,0.0853192534530848,0.0129068208389734,0.0129068314853008,0.0129068314393753,0.0129068310036234,0.0129068318291889
2,1.4624424541428,0.0853206221438973,0.012877513605313,0.012877524230982,0.0128775241851193,0.0128775237503872,0.012877524574163
2,1.46259809616615,0.0853219908347097,0.0128483056472633,0.0128483162523316,0.0128483162065315,0.0128483157728158,0.0128483165948076
2,1.46275373818949,0.0853233595255222,0.0128191965189091,0.0128192071034342,0.0128192070576968,0.0128192066249938,0.0128192074452075
2,1.46290938021284,0.0853247282163347,0.0127901857768252,0.0127901963408645,0.0127901962951895,0.0127901958634959,0.012790196681937
2,1.46306502223619,0.0853260969071472,0.0127612729800591,0.0127612835236696,0.0127612834780572,0.0127612830473693,0.0127612838640435
2,1.46322066425953,0.0853274655979597,0.0127324576901153,0.012732468213354,0.012732468167804,0.0127324677381184,0.0127324685530314
2,1.46337630628288,0.0853288342887722,0.0127037394709384,0.012703749973862,0.0127037499283743,0.0127037494996875,0.012703750312845
2,1.46353194830623,0.0853305169724999,0.0126751178888973,0.0126751283715622,0.0126751283261368,0.0126751278984454,0.0126751287098529
2,1.46368759032957,0.0853339227704601,0.0126465925127687,0.0126466029752314,0.0126466029298682,0.0126466025031687,0.0126466033128318
2,1.46384323235292,0.0853373285684204,0.0126181629137216,0.0126181733560381,0.012618173310737,0.0126181728850261,0.0126181736929504
2,1.46399887437626,0.0853407343663806,0.0125898286653012,0.0125898390875274,0.0125898390422884,0.0125898386175626,0.0125898394237536
2,1.46415451639961,0.0853441401643409,0.012561589343413,0.0125615997456047,0.0125615997004277,0.0125615992766837,0.0125616000811469
2,1.46431015842296,0.0853475459623012,0.0125334445263078,0.0125334549085205,0.0125334548634054,0.0125334544406397,0.0125334552433806
2,1.4644658004463,0.0853509517602614,0.0125053937945656,0.0125054041568548,0.0125054041118014,0.0125054036900108,0.0125054044910349
2,1.46462144246965,0.0853543575582217,0.0124774367310807,0.0124774470735013,0.0124774470285097,0.0124774466076908,0.0124774474070035
2,1.464777084493,0.0853577633561819,0.012449572921046,0.0124495832436532,0.0124495831987233,0.0124495827788727,0.0124495835764794
2,1.46493272651634,0.0853619598218841,0.0124218019519385,0.0124218122547869,0.0124218122099186,0.0124218117910331,0.0124218125869392
2,1.46508836853969,0.0853673691751514,0.0123941234135037,0.0123941336966479,0.0123941336518411,0.0123941332339174,0.0123941340281283
2,1.46524401056303,0.0853727785284187,0.0123665368977412,0.0123665471612355,0.0123665471164902,0.012366546699525,0.012366547492046
2,1.46539965258638,0.0853781878816861,0.0123390419988892,0.012339052242788,0.0123390521981041,0.0123390517820941,0.0123390525729305
2,1.46555529460973,0.0853835972349534,0.012311638313411,0.0123116485377682,0.0123116484931455,0.0123116480780875,0.0123116488672447
2,1.46571093663307,0.0853890065882208,0.0122843254399792,0.0122843356448485,0.0122843356002871,0.0122843351861778,0.0122843359736611
2,1.46586657865642,0.0853944159414881,0.012257102979462,0.0122571131648972,0.0122571131203969,0.0122571127072332,0.0122571134930478
2,1.46602222067977,0.0853998252947555,0.0122299705349088,0.0122299807009633,0.0122299806565241,0.0122299802443027,0.0122299810284539
2,1.46617786270311,0.0854052346480228,0.0122029277115358,0.0122029378582628,0.0122029378138846,0.0122029374026023,0.0122029381850953
2,1.46633350472646,0.0854118965730838,0.0121759741167118,0.0121759842441645,0.0121759841998472,0.0121759837895009,0.0121759845703408
2,1.46648914674981,0.085419278082723,0.0121491093599446,0.0121491194681758,0.0121491194239193,0.0121491190145058,0.0121491197936979
2,1.46664478877315,0.0854266595923622,0.0121223330528666,0.012122343141929,0.0121223430977333,0.0121223426892494,0.0121223434667988
2,1.4668004307965,0.0854340411020013,0.0120956448092213,0.0120956548791675,0.0120956548350325,0.012095654427475,0.0120956552033869
2,1.46695607281984,0.0854414226116405,0.0120690442448496,0.0120690542957319,0.0120690542516575,0.0120690538450234,0.0120690546193029
2,1.46711171484319,0.0854488041212797,0.0120425309776761,0.0120425410095466,0.0120425409655328,0.0120425405598189,0.0120425413324711
2,1.46726735686654,0.0854561856309188,0.0120161046276956,0.0120161146406064,0.0120161145966529,0.0120161141918563,0.0120161149628861
2,1.46742299888988,0.085463567140558,0.0119897648169598,0.0119897748109626,0.0119897747670695,0.011989774363187,0.0119897751325996
2,1.46757864091323,0.0854709486501972,0.011963511169564,0.0119635211447105,0.0119635211008777,0.0119635206979062,0.0119635214657066
2,1.46773428293658,0.0854800313291849,0.0119373433116339,0.0119373532679754,0.0119373532242028,0.0119373528221393,0.0119373535883325
2,1.46788992495992,0.0854893556475067,0.0119112608713124,0.0119112708089002,0.0119112707651878,0.0119112703640292,0.0119112711286203
2,1.46804556698327,0.0854986799658284,0.0118852634787467,0.011885273397632,0.0118852733539796,0.011885272953723,0.0118852737167167
2,1.46820120900661,0.0855080042841502,0.0118593507660755,0.0118593606663092,0.0118593606227168,0.011859360223359,0.0118593609847605
2,1.46835685102996,0.085517328602472,0.0118335223674161,0.0118335322490489,0.0118335322055164,0.0118335318070546,0.0118335325668687
2,1.46851249305331,0.0855266529207937,0.0118077779188517,0.0118077877819341,0.0118077877384615,0.0118077873408925,0.0118077880991242
2,1.46866813507665,0.0855359772391155,0.0117821170584187,0.0117821269030012,0.0117821268595883,0.0117821264629093,0.0117821272195634
2,1.4688237771,0.0855453015574373,0.0117565394260943,0.0117565492522271,0.0117565492088738,0.0117565488130818,0.0117565495681633
