energy,part3_absT2,breit_wigner_E1,breit_wigner_E2,breit_wigner_E3,breit_wigner_E4,breit_wigner_E5
0.002,7.4968277876108e-16,8.86124066673993e-09,0.000135858302887243,0.00941124563687943,0.0661314421159391,0.170294397361205
0.00336334697589814,1.29518058119391e-15,8.90040559802285e-09,0.000136138235553754,0.00942552205847128,0.0662108546582824,0.170451526597316
0.00472669395179627,1.86998996289559e-15,8.93983075615054e-09,0.000136419034264515,0.00943983088637383,0.0662904069390693,0.1706088584854
0.00609004092769441,2.47535242722461e-15,8.97951845163548e-09,0.000136700702595493,0.00945417221842543,0.0663700992779966,0.170766393344621
0.00745338790359254,3.11255729202867e-15,9.01947102069054e-09,0.000136983244141131,0.00946854615283274,0.0664499319956499,0.170924131494699
0.00881673487949068,3.78294344700296e-15,9.05969082557277e-09,0.000137266662514462,0.00948295278817236,0.0665299054135065,0.171082073255905
0.0101800818553888,4.48790117415741e-15,9.10018025493257e-09,0.000137550961347222,0.00949739222339254,0.0666100198539385,0.171240218949069
0.0115434288312869,5.22887403243002e-15,9.14094172416842e-09,0.00013783614428997,0.00951186455781484,0.0666902756402152,0.171398568895576
0.0129067758071851,6.00736081205118e-15,9.18197767578703e-09,0.000138122215012205,0.00952636989113579,0.0667706730965069,0.171557123417369
0.0142701227830832,6.82491755610011e-15,9.22329057976931e-09,0.000138409177202481,0.00954090832342865,0.0668512125478866,0.17171588283695
0.0156334697589814,7.68315965766636e-15,9.26488293394203e-09,0.000138697034568527,0.00955547995514504,0.0669318943203341,0.17187484747738
0.0169968167348795,8.58376402956543e-15,9.30675726435537e-09,0.000138985790837369,0.0095700848871167,0.0670127187407381,0.172034017662279
0.0183601637107776,9.52847135238467e-15,9.34891612566651e-09,0.000139275449755448,0.0095847232205572,0.0670936861368996,0.172193393715832
0.0197235106866758,1.05190884043239e-14,9.39136210152922e-09,0.000139566015088742,0.00959939505706365,0.0671747968375345,0.172352975962781
0.0210868576625739,1.15574904709706e-14,9.43409780498976e-09,0.000139857490622891,0.00961410049861847,0.067256051172277,0.172512764728437
0.022450204638472,1.26456238458684e-14,9.47712587888901e-09,0.000140149880163316,0.00962883964759113,0.0673374494716822,0.17267276033867
0.0238135516143702,1.37855084181276e-14,9.52044899627108e-09,0.000140443187535345,0.0096436126067399,0.0674189920672292,0.172832963119918
0.0251768985902683,1.49792403507189e-14,9.5640698607985e-09,0.000140737416584339,0.00965841947921362,0.0675006792913243,0.172993373399184
0.0265402455661664,1.62289948585901e-14,9.60799120717401e-09,0.00014103257117582,0.00967326036855347,0.0675825114773037,0.173153991504037
0.0279035925420646,1.75370290830047e-14,9.65221580156919e-09,0.00014132865519559,0.00968813537869477,0.0676644889594367,0.173314817762615
0.0292669395179627,1.89056850688192e-14,9.69674644206001e-09,0.00014162567254987,0.00970304461396879,0.0677466120729286,0.173475852503625
0.0306302864938608,2.03373928502905e-14,9.74158595906944e-09,0.000141923627165418,0.0097179881791045,0.067828881153924,0.173637096056341
0.031993633469759,2.18346736447234e-14,9.78673721581721e-09,0.000142222522989666,0.00973296617923044,0.0679112965395094,0.173798548750611
0.0333569804456571,2.34001431602361e-14,9.83220310877688e-09,0.00014252236399085,0.00974797871987652,0.0679938585677168,0.173960210916853
0.0347203274215553,2.50365150264857e-14,9.8779865681404e-09,0.000142823154158138,0.00976302590697587,0.0680765675775265,0.174122082886056
0.0360836743974534,2.6746604337977e-14,9.92409055829023e-09,0.000143124897501765,0.00977810784686664,0.06815942390887,0.174284164989785
0.0374470213733515,2.85333313367809e-14,9.97051807827922e-09,0.000143427598053167,0.00979322464629392,0.0682424279026335,0.174446457560177
0.0388103683492497,3.03997252118198e-14,1.00172721623183e-08,0.000143731259865115,0.00980837641241155,0.0683255799006607,0.174608960929946
0.0401737153251478,3.23489280472476e-14,1.00643558802722e-08,0.000144035887011852,0.00982356325278402,0.0684088802457561,0.17477167543238
0.0415370623010459,3.43841989086508e-14,1.01117723381635e-08,0.000144341483589225,0.00983878527538833,0.068492329281688,0.174934601401346
0.0429004092769441,3.65089180649235e-14,1.01595246786848e-08,0.000144648053714831,0.00985404258861592,0.0685759273531918,0.175097739171288
0.0442637562528422,3.87265913754648e-14,1.02076160817195e-08,0.000144955601528145,0.00986933530127454,0.0686596748059728,0.17526108907723
0.0456271032287403,4.10408548243933e-14,1.02560497648712e-08,0.00014526413119067,0.00988466352259017,0.0687435719867099,0.175424651454774
0.0469904502046385,4.34554792174825e-14,1.03048289840018e-08,0.000145573646886072,0.00990002736220898,0.0688276192430585,0.175588426640106
0.0483537971805366,4.59743750511394e-14,1.03539570337788e-08,0.00014588415282032,0.00991542693019918,0.0689118169236534,0.175752414969989
0.0497171441564347,4.86015975566979e-14,1.04034372482317e-08,0.000146195653221837,0.00993086233705307,0.0689961653781126,0.175916616781774
0.0510804911323329,5.13413519102267e-14,1.04532730013175e-08,0.000146508152341634,0.00994633369368892,0.06908066495704,0.176081032413391
0.052443838108231,5.41979986467916e-14,1.05034677074959e-08,0.000146821654453463,0.00996184111145297,0.0691653160120289,0.176245662203357
0.0538071850841292,5.71760592574677e-14,1.05540248223145e-08,0.000147136163853957,0.00997738470212137,0.0692501188956652,0.176410506490775
0.0551705320600273,6.02802219860977e-14,1.06049478430028e-08,0.000147451684862783,0.00999296457790223,0.0693350739615305,0.176575565615334
0.0565338790359254,6.35153478384983e-14,1.06562403090779e-08,0.000147768221822786,0.0100085808514375,0.0694201815642055,0.176740839917308
0.0578972260118236,6.68864768043315e-14,1.07079058029589e-08,0.000148085779100138,0.0100242336358053,0.0695054420592733,0.176906329737563
0.0592605729877217,7.03988342947919e-14,1.07599479505926e-08,0.000148404361084493,0.0100399230445212,0.0695908558033226,0.177072035417551
0.0606239199636198,7.40578378128519e-14,1.08123704220901e-08,0.000148723972189135,0.0100556491915414,0.0696764231539509,0.177237957299317
0.061987266939518,7.78691038733632e-14,1.08651769323733e-08,0.000149044616851132,0.0100714121912635,0.0697621444697681,0.177404095725496
0.0633506139154161,8.18384551531919e-14,1.09183712418332e-08,0.000149366299531488,0.0100872121585296,0.0698480201103995,0.177570451039315
0.0647139608913142,8.59719279012752e-14,1.09719571569998e-08,0.000149689024715301,0.0101030492086277,0.0699340504364892,0.177737023584593
0.0660773078672124,9.02757796273489e-14,1.10259385312226e-08,0.00015001279691192,0.0101189234572941,0.0700202358097039,0.177903813705746
0.0674406548431105,9.47564970438237e-14,1.10803192653634e-08,0.000150337620655097,0.0101348350207154,0.0701065765927353,0.178070821747781
0.0688040018190086,9.94208043002453e-14,1.11351033085015e-08,0.000150663500503152,0.0101507840155305,0.0701930731493046,0.178238048056304
0.0701673487949068,1.04275671520635e-13,1.11902946586502e-08,0.00015099044103913,0.0101667705588328,0.0702797258441649,0.178405492977517
0.0715306957708049,1.09328323631246e-13,1.12458973634861e-08,0.000151318446870961,0.0101827947681725,0.0703665350431052,0.178573156858219
0.0728940427467031,1.14586249516509e-13,1.13019155210919e-08,0.000151647522631625,0.0101988567615583,0.0704535011129536,0.178741040045809
0.0742573897226012,1.20057211492223e-13,1.1358353280711e-08,0.000151977672979313,0.01021495665746,0.0705406244215808,0.178909142888284
0.0756207366984993,1.25749255123898e-13,1.1415214843516e-08,0.000152308902597593,0.0102310945748102,0.0706279053379033,0.179077465734244
0.0769840836743975,1.3167071939237e-13,1.14725044633906e-08,0.000152641216195579,0.0102472706330069,0.0707153442318871,0.179246008932887
0.0783474306502956,1.378302472157e-13,1.15302264477251e-08,0.00015297461850809,0.0102634849519155,0.0708029414745511,0.179414772834018
0.0797107776261937,1.44236796383757e-13,1.15883851582261e-08,0.00015330911429583,0.0102797376518707,0.0708906974379705,0.179583757788041
0.0810741246020919,1.50899650812294e-13,1.16469850117408e-08,0.000153644708345547,0.0102960288536793,0.0709786124952803,0.179752964145969
0.08243747157799,1.57828432289239e-13,1.1706030481095e-08,0.000153981405470213,0.010312358678622,0.0710666870206788,0.179922392259416
0.0838008185538881,1.65033112567654e-13,1.17655260959471e-08,0.00015431921050919,0.0103287272484555,0.0711549213894312,0.180092042480606
0.0851641655297863,1.72524025922292e-13,1.1825476443657e-08,0.000154658128328409,0.0103451346854153,0.0712433159778728,0.180261915162367
0.0865275125056844,1.80311882155111e-13,1.18858861701697e-08,0.000154998163820539,0.0103615811122173,0.0713318711634131,0.180432010658138
0.0878908594815825,1.88407780069663e-13,1.19467599809161e-08,0.000155339321905172,0.0103780666520605,0.0714205873245388,0.180602329321965
0.0892542064574807,1.96823221433105e-13,1.20081026417291e-08,0.000155681607528993,0.0103945914286291,0.0715094648408176,0.180772871508507
0.0906175534333788,2.0557012539244e-13,1.20699189797762e-08,0.000156025025665963,0.0104111555660949,0.0715985040929017,0.180943637573031
0.0919809004092769,2.14660843489091e-13,1.21322138845097e-08,0.000156369581317501,0.0104277591891194,0.0716877054625315,0.181114627871417
0.0933442473851751,2.24108175126089e-13,1.2194992308633e-08,0.000156715279512661,0.0104444024228562,0.0717770693325392,0.181285842760159
0.0947075943610732,2.33925383641154e-13,1.22582592690853e-08,0.000157062125308322,0.0104610853929537,0.0718665960868522,0.181457282596365
0.0960709413369714,2.44126212984652e-13,1.23220198480441e-08,0.000157410123789366,0.0104778082255565,0.0719562861104968,0.181628947737757
0.0974342883128695,2.54724904892804e-13,1.23862791939456e-08,0.000157759280068873,0.010494571047309,0.0720461397896021,0.181800838542672
0.0987976352887676,2.65736216799838e-13,1.2451042522524e-08,0.000158109599288298,0.0105113739853566,0.0721361575114034,0.181972955370066
0.100160982264666,2.77175440287648e-13,1.25163151178702e-08,0.000158461086617669,0.0105282171673489,0.0722263396642457,0.182145298579511
0.101524329240564,2.89058420280575e-13,1.25821023335094e-08,0.000158813747255775,0.0105451007214416,0.0723166866375879,0.1823178685312
0.102887676216462,3.01401574869248e-13,1.26484095934989e-08,0.000159167586430357,0.0105620247762991,0.072407198822006,0.182490665585943
0.10425102319236,3.14221915891948e-13,1.27152423935462e-08,0.000159522609398302,0.010578989461097,0.0724978766091971,0.182663690105172
0.105614370168258,3.27537070265945e-13,1.27826063021477e-08,0.000159878821445839,0.0105959949055244,0.0725887203919828,0.182836942450941
0.106977717144156,3.41365301967862e-13,1.28505069617489e-08,0.000160236227888736,0.0106130412397861,0.0726797305643134,0.183010422985926
0.108341064120055,3.55725534999309e-13,1.29189500899255e-08,0.000160594834072498,0.0106301285946057,0.0727709075212712,0.183184132073426
0.109704411095953,3.70637377009008e-13,1.29879414805876e-08,0.000160954645372565,0.0106472571012274,0.0728622516590746,0.183358070077367
0.111067758071851,3.86121143840446e-13,1.30574870052055e-08,0.000161315667194516,0.0106644268914191,0.0729537633750817,0.183532237362297
0.112431105047749,4.02197884998577e-13,1.31275926140593e-08,0.000161677904974273,0.0106816380974742,0.0730454430677939,0.183706634293392
0.113794452023647,4.18889409967271e-13,1.31982643375112e-08,0.000162041364178299,0.0106988908522147,0.0731372911368601,0.183881261236456
0.115157798999545,4.3621831546361e-13,1.32695082873031e-08,0.000162406050303812,0.0107161852889934,0.0732293079830805,0.184056118557922
0.116521145975443,4.54208013789691e-13,1.33413306578772e-08,0.000162771968878989,0.0107335215416966,0.0733214940084099,0.184231206624849
0.117884492951342,4.72882762057894e-13,1.34137377277232e-08,0.000163139125463175,0.0107508997447467,0.0734138496159621,0.184406525804929
0.11924783992724,4.92267692597563e-13,1.348673586075e-08,0.000163507525647098,0.0107683200331045,0.0735063752100136,0.184582076466485
0.120611186903138,5.12388844401369e-13,1.35603315076842e-08,0.000163877175053074,0.0107857825422719,0.0735990711960074,0.184757858978471
0.121974533879036,5.33273195711817e-13,1.36345312074954e-08,0.000164248079335231,0.0108032874082949,0.0736919379805569,0.184933873710476
0.123337880854934,5.5494869777184e-13,1.37093415888485e-08,0.000164620244179718,0.0108208347677653,0.0737849759714498,0.185110121032722
0.124701227830832,5.77444309863723e-13,1.37847693715844e-08,0.000164993675304926,0.0108384247578244,0.0738781855776521,0.185286601316065
0.12606457480673,6.00790035505107e-13,1.38608213682289e-08,0.000165368378461707,0.0108560575161649,0.0739715672093121,0.185463314932
0.127427921782628,6.25016960079716e-13,1.3937504485531e-08,0.000165744359433595,0.0108737331810336,0.0740651212777639,0.185640262252655
0.128791268758527,6.50157289781549e-13,1.40148257260312e-08,0.000166121624037031,0.0108914518912345,0.074158848195532,0.185817443650799
0.130154615734425,6.76244391916715e-13,1.40927921896601e-08,0.000166500178121585,0.0109092137861312,0.0742527483763348,0.18599485949984
0.131517962710323,7.03312836755917e-13,1.41714110753684e-08,0.000166880027570185,0.0109270190056495,0.0743468222350889,0.186172510173824
0.132881309686221,7.31398440838202e-13,1.42506896827886e-08,0.000167261178299343,0.0109448676902803,0.0744410701879126,0.186350396047439
0.134244656662119,7.6053831188834e-13,1.43306354139296e-08,0.000167643636259388,0.0109627599810823,0.0745354926521307,0.186528517496014
0.135608003638017,7.90770895359577e-13,1.44112557749044e-08,0.000168027407434698,0.0109806960196846,0.0746300900462778,0.186706874895523
0.136971350613915,8.22136022710082e-13,1.4492558377692e-08,0.000168412497843932,0.0109986759482898,0.0747248627901029,0.18688546862258
0.138334697589814,8.54674961339814e-13,1.45745509419345e-08,0.000168798913540268,0.0110166999096763,0.074819811304573,0.187064299054448
0.139698044565712,8.88430466401694e-13,1.46572412967693e-08,0.000169186660611638,0.0110347680472014,0.0749149360118774,0.187243366569032
0.14106139154161,9.23446834542263e-13,1.47406373826983e-08,0.000169575745180972,0.0110528805048043,0.0750102373354321,0.187422671544886
0.142424738517508,9.59769959474135e-13,1.48247472534941e-08,0.000169966173406437,0.0110710374270083,0.0751057156998833,0.18760221436121
0.143788085493406,9.97447389785002e-13,1.49095790781446e-08,0.00017035795148168,0.0110892389589242,0.0752013715311119,0.187781995397854
0.145151432469304,1.03652838869771e-12,1.49951411428364e-08,0.000170751085636074,0.011107485246253,0.0752972052562376,0.187962015035317
0.146514779445202,1.07706399597247e-12,1.50814418529787e-08,0.000171145582134967,0.0111257764352887,0.075393217303623,0.188142273654747
0.147878126421101,1.11910709229209e-12,1.51684897352671e-08,0.000171541447279932,0.0111441126729211,0.0754894081028777,0.188322771637947
0.149241473396999,1.16271246569621e-12,1.52562934397904e-08,0.000171938687409015,0.011162494106639,0.075585778084863,0.188503509367368
0.150604820372897,1.20793688075855e-12,1.53448617421792e-08,0.000172337308896991,0.011180920884533,0.0756823276816951,0.188684487226118
0.151968167348795,1.25483915010111e-12,1.54342035457991e-08,0.000172737318155622,0.0111993931552981,0.0757790573267504,0.188865705597958
0.153331514324693,1.30348020865587e-12,1.5524327883988e-08,0.00017313872163391,0.0112179110682372,0.0758759674546688,0.189047164867303
0.154694861300591,1.35392319046598e-12,1.56152439223396e-08,0.000173541525818359,0.0112364747732637,0.0759730585013588,0.189228865419227
0.156058208276489,1.40623350854506e-12,1.5706960961034e-08,0.000173945737233239,0.0112550844209046,0.076070330904001,0.18941080763946
0.157421555252387,1.46047893745498e-12,1.57994884372162e-08,0.000174351362440847,0.0112737401623036,0.0761677851010531,0.189592991914388
0.158784902228286,1.51672969903254e-12,1.58928359274234e-08,0.000174758408041776,0.0112924421492239,0.0762654215322535,0.18977541863106
0.160148249204184,1.57505855137059e-12,1.59870131500636e-08,0.000175166880675181,0.0113111905340514,0.0763632406386262,0.189958088177183
0.161511596180082,1.63554088093748e-12,1.60820299679446e-08,0.00017557678701905,0.0113299854697978,0.0764612428624846,0.190141000941125
0.16287494315598,1.69825479795638e-12,1.61778963908568e-08,0.00017598813379048,0.0113488271101034,0.0765594286474363,0.190324157311917
0.164238290131878,1.76328123565354e-12,1.62746225782092e-08,0.000176400927745946,0.0113677156092405,0.0766577984383874,0.190507557679251
0.165601637107776,1.83070405290901e-12,1.63722188417212e-08,0.000176815175681587,0.0113866511221165,0.0767563526815464,0.190691202433487
0.166964984083674,1.900610140795e-12,1.64706956481712e-08,0.000177230884433477,0.0114056338042766,0.0768550918244294,0.190875091965645
0.168328331059573,1.97308953309993e-12,1.65700636222029e-08,0.000177648060877913,0.0114246638119077,0.0769540163158637,0.191059226667415
0.169691678035471,2.0482355207632e-12,1.66703335491909e-08,0.000178066711931694,0.0114437413018407,0.0770531266059928,0.191243606931152
0.171055025011369,2.12614477085863e-12,1.67715163781677e-08,0.000178486844552414,0.0114628664315544,0.0771524231462805,0.191428233149879
0.172418371987267,2.20691744954402e-12,1.68736232248128e-08,0.000178908465738747,0.0114820393591782,0.0772519063895157,0.191613105717287
0.173781718963165,2.29065735008987e-12,1.69766653745055e-08,0.000179331582530737,0.0115012602434956,0.0773515767898164,0.191798225027739
0.175145065939063,2.37747202519303e-12,1.70806542854435e-08,0.000179756202010096,0.0115205292439474,0.0774514348026346,0.191983591476267
0.176508412914961,2.46747292470129e-12,1.71856015918282e-08,0.000180182331300497,0.0115398465206348,0.0775514808847608,0.192169205458574
0.177871759890859,2.56077553797908e-12,1.72915191071192e-08,0.000180609977567876,0.011559212234323,0.0776517154943283,0.192355067371038
0.179235106866758,2.65749954178319e-12,1.73984188273587e-08,0.000181039148020727,0.0115786265464439,0.0777521390908178,0.192541177610709
0.180598453842656,2.75776895380459e-12,1.75063129345681e-08,0.000181469849910414,0.0115980896191002,0.077852752135062,0.192727536575313
0.181961800818554,2.86171229158873e-12,1.76152138002194e-08,0.00018190209053147,0.011617601615068,0.0779535550892503,0.192914144663248
0.183325147794452,2.96946273779764e-12,1.77251339887807e-08,0.000182335877221909,0.0116371626978005,0.0780545484169333,0.193101002273593
0.18468849477035,3.0811583113909e-12,1.78360862613417e-08,0.00018277121736354,0.0116567730314315,0.0781557325830273,0.193288109806102
0.186051841746248,3.19694204523494e-12,1.79480835793163e-08,0.000183208118382275,0.0116764327807785,0.0782571080538191,0.193475467661208
0.187415188722146,3.31696217060156e-12,1.80611391082292e-08,0.000183646587748449,0.0116961421113463,0.0783586752969705,0.193663076240023
0.188778535698045,3.4413723079147e-12,1.81752662215845e-08,0.00018408663297714,0.0117159011893301,0.0784604347815231,0.193850935944339
0.190141882673943,3.57033166557282e-12,1.82904785048212e-08,0.00018452826162849,0.0117357101816196,0.0785623869779029,0.194039047176631
0.191505229649841,3.70400524573582e-12,1.84067897593559e-08,0.000184971481308028,0.0117555692558018,0.0786645323579251,0.194227410340054
0.192868576625739,3.84256405790474e-12,1.85242140067168e-08,0.000185416299667001,0.0117754785801647,0.0787668713947987,0.194416025838449
0.194231923601637,3.98618534049008e-12,1.86427654927692e-08,0.0001858627244027,0.011795438323701,0.0788694045631312,0.194604894076338
0.195595270577535,4.13505279091467e-12,1.87624586920366e-08,0.000186310763258796,0.0118154486561115,0.0789721323389335,0.19479401545893
0.196958617553433,4.28935680405467e-12,1.88833083121194e-08,0.000186760424025674,0.0118355097478087,0.0790750551996247,0.194983390392121
0.198321964529332,4.44929472004019e-12,1.90053292982126e-08,0.000187211714540773,0.0118556217699199,0.0791781736240366,0.195173019282491
0.19968531150523,4.61507108169168e-12,1.91285368377271e-08,0.000187664642688926,0.0118757848942918,0.0792814880924188,0.195362902537311
0.201048658481128,4.78689790071669e-12,1.92529463650155e-08,0.000188119216402705,0.011895999293493,0.0793849990864435,0.195553040564539
0.202412005457026,4.96499493515196e-12,1.9378573566206e-08,0.000188575443662768,0.0119162651408184,0.0794887070892101,0.195743433772824
0.203775352432924,5.14958997633542e-12,1.95054343841474e-08,0.00018903333249821,0.0119365826102925,0.0795926125852503,0.195934082571506
0.205138699408822,5.34091914736007e-12,1.96335450234669e-08,0.000189492890986916,0.0119569518766732,0.079696716060533,0.196124987370616
0.20650204638472,5.5392272127567e-12,1.97629219557456e-08,0.000189954127255915,0.0119773731154554,0.079801018002469,0.196316148580878
0.207865393360618,5.7447679000655e-12,1.98935819248131e-08,0.000190417049481742,0.0119978465028749,0.079905518899916,0.19650756661371
0.209228740336517,5.95780423384563e-12,2.00255419521653e-08,0.0001908816658908,0.0120183722159119,0.0800102192431835,0.196699241881225
0.210592087312415,6.17860888112548e-12,2.0158819342508e-08,0.000191347984759723,0.0120389504322949,0.0801151195240382,0.19689117479623
0.211955434288313,6.4074645123409e-12,2.02934316894308e-08,0.000191816014415746,0.0120595813305046,0.080220220235708,0.197083365772231
0.213318781264211,6.64466417361049e-12,2.04293968812131e-08,0.000192285763237079,0.0120802650897773,0.080325521872888,0.19727581522343
0.214682128240109,6.89051167531057e-12,2.05667331067677e-08,0.000192757239653278,0.0121010018901092,0.080431024931745,0.197468523564728
0.216045475216007,7.14532199438793e-12,2.07054588617239e-08,0.000193230452145624,0.01212179191226,0.0805367299099224,0.197661491211725
0.217408822191905,7.40942169287931e-12,2.08455929546552e-08,0.000193705409247507,0.0121426353377569,0.0806426373065458,0.197854718580721
0.218772169167804,7.683149351121e-12,2.09871545134548e-08,0.000194182119544807,0.0121635323488982,0.0807487476222273,0.198048206088719
0.220135516143702,7.96685601932229e-12,2.11301629918633e-08,0.000194660591676285,0.0121844831287576,0.0808550613590715,0.198241954153422
0.2214988631196,8.26090568596259e-12,2.12746381761521e-08,0.000195140834333972,0.012205487861188,0.0809615790206796,0.198435963193239
0.222862210095498,8.56567576297124e-12,2.14206001919682e-08,0.000195622856263563,0.0122265467308253,0.0810683011121555,0.198630233627281
0.224225557071396,8.88155759253151e-12,2.15680695113434e-08,0.00019610666626482,0.0122476599230927,0.0811752281401101,0.198824765875364
0.225588904047294,9.2089569703885e-12,2.17170669598726e-08,0.000196592273191966,0.0122688276242044,0.0812823606126672,0.199019560358012
0.226952251023192,9.54829469127759e-12,2.18676137240669e-08,0.000197079685954098,0.0122900500211699,0.0813896990394679,0.199214617496454
0.228315597999091,9.90000711522539e-12,2.20197313588856e-08,0.00019756891351559,0.0123113273017978,0.0814972439316766,0.199409937712628
0.229678944974989,1.02645467548851e-11,2.21734417954521e-08,0.000198059964896505,0.0123326596547002,0.0816049958019858,0.19960552142918
0.231042291950887,1.06423828872807e-11,2.23287673489587e-08,0.000198552849173014,0.0123540472692965,0.081712955164621,0.199801369069468
0.232405638926785,1.10340021887053e-11,2.24857307267665e-08,0.000199047575477815,0.0123754903358177,0.0818211225353469,0.199997481057558
0.233768985902683,1.14399093934488e-11,2.26443550367047e-08,0.000199544153000551,0.0123969890453106,0.0819294984314717,0.20019385781823
0.235132332878581,1.18606279797558e-11,2.28046637955761e-08,0.000200042590988243,0.0124185435896417,0.0820380833718531,0.200390499776975
0.236495679854479,1.22967008816306e-11,2.29666809378736e-08,0.000200542898745717,0.012440154161502,0.0821468778769031,0.200587407359998
0.237859026830377,1.2748691228419e-11,2.31304308247144e-08,0.000201045085636038,0.0124618209544104,0.0822558824685939,0.200784580994218
0.239222373806276,1.32171831148052e-11,2.32959382529979e-08,0.000201549161080948,0.0124835441627187,0.0823650976704625,0.200982021107272
0.240585720782174,1.37027823997442e-11,2.34632284647942e-08,0.000202055134561311,0.0125053239816154,0.0824745240076171,0.201179728127511
0.241949067758072,1.42061175361049e-11,2.36323271569687e-08,0.000202563015617555,0.0125271606071305,0.0825841620067414,0.201377702484003
0.24331241473397,1.47278404361757e-11,2.38032604910507e-08,0.000203072813850121,0.0125490542361392,0.0826940121961008,0.201575944606536
0.244675761709868,1.52686273667238e-11,2.39760551033528e-08,0.000203584538919919,0.0125710050663667,0.0828040751055476,0.201774454925617
0.246039108685766,1.5829179882702e-11,2.41507381153486e-08,0.000204098200548788,0.0125930132963926,0.0829143512665265,0.201973233872471
0.247402455661664,1.6410225798814e-11,2.4327337144315e-08,0.00020461380851995,0.012615079125655,0.0830248412120798,0.202172281879046
0.248765802637563,1.70125201959364e-11,2.45058803142493e-08,0.000205131372678484,0.0126372027544553,0.0831355454768534,0.202371599378012
0.250129149613461,1.76368464699956e-11,2.46863962670664e-08,0.000205650902931789,0.0126593843839624,0.0832464645971019,0.202571186802761
0.251492496589359,1.82840174223046e-11,2.48689141740866e-08,0.000206172409250062,0.0126816242162173,0.0833575991106943,0.202771044587409
0.252855843565257,1.89548763924948e-11,2.50534637478217e-08,0.000206695901666778,0.0127039224541377,0.0834689495571198,0.202971173166799
0.254219190541155,1.9650298436895e-11,2.5240075254068e-08,0.000207221390279165,0.0127262793015223,0.0835805164774929,0.203171572976495
0.255582537517053,2.03711915559061e-11,2.54287795243157e-08,0.000207748885248698,0.0127486949630556,0.0836923004145595,0.203372244452792
0.256945884492951,2.11184979678822e-11,2.56196079684851e-08,0.000208278396801589,0.0127711696443126,0.083804301912702,0.20357318803271
0.258309231468849,2.18931954345052e-11,2.58125925879973e-08,0.000208809935229279,0.0127937035517631,0.0839165215179456,0.203774404153999
0.259672578444748,2.26962986405915e-11,2.60077659891918e-08,0.000209343510888941,0.0128162968927764,0.0840289597779633,0.203975893255137
0.261035925420646,2.3528860628202e-11,2.62051613971001e-08,0.000209879134203981,0.0128389498756264,0.0841416172420823,0.204177655775333
0.262399272396544,2.43919742898632e-11,2.64048126695866e-08,0.000210416815664554,0.0128616627094958,0.084254494461289,0.204379692154529
0.263762619372442,2.5286773921051e-11,2.66067543118683e-08,0.000210956565828068,0.0128844356044812,0.0843675919882351,0.204582002833394
0.26512596634834,2.62144368354126e-11,2.68110214914242e-08,0.00021149839531971,0.0129072687715977,0.0844809103772436,0.204784588253336
0.266489313324238,2.7176185046155e-11,2.70176500533069e-08,0.000212042314832964,0.0129301624227837,0.084594450184314,0.204987448856494
0.267852660300136,2.81732870144805e-11,2.72266765358696e-08,0.000212588335130142,0.0129531167709058,0.0847082119671286,0.20519058508574
0.269216007276035,2.92070594692518e-11,2.74381381869196e-08,0.000213136467042912,0.0129761320297637,0.0848221962850581,0.205393997384687
0.270579354251933,3.02788693019561e-11,2.76520729803129e-08,0.000213686721472839,0.0129992084140949,0.0849364036991675,0.205597686197679
0.271942701227831,3.13901355403691e-11,2.78685196330039e-08,0.000214239109391924,0.0130223461395797,0.0850508347722218,0.205801651969801
0.273306048203729,3.25423313968023e-11,2.80875176225636e-08,0.000214793641843154,0.0130455454228465,0.0851654900686924,0.206005895146876
0.274669395179627,3.37369864066494e-11,2.83091072051813e-08,0.00021535032994105,0.013068806481476,0.0852803701547622,0.206210416175466
0.276032742155525,3.49756886510792e-11,2.8533329434166e-08,0.000215909184872227,0.0130921295340072,0.0853954755983324,0.206415215502873
0.277396089131423,3.62600870735282e-11,2.87602261789624e-08,0.000216470217895953,0.0131155147999414,0.0855108069690278,0.20662029357714
0.278759436107322,3.75918938865067e-11,2.89898401446979e-08,0.000217033440344718,0.0131389624997481,0.0856263648382032,0.206825650847054
0.28012278308322,3.89728870873688e-11,2.92222148922783e-08,0.000217598863624806,0.0131624728548698,0.085742149778949,0.207031287762143
0.281486130059118,4.04049130665347e-11,2.94573948590502e-08,0.000218166499216872,0.0131860460877269,0.0858581623660978,0.207237204772679
0.282849477035016,4.18898893324436e-11,2.96954253800462e-08,0.000218736358676523,0.0132096824217233,0.0859744031762298,0.20744340232968
0.284212824010914,4.34298073441477e-11,2.99363527098352e-08,0.000219308453634908,0.0132333820812513,0.0860908727876794,0.207649880884909
0.285576170986812,4.50267354632982e-11,3.01802240449941e-08,0.000219882795799311,0.0132571452916969,0.0862075717805409,0.207856640890875
0.28693951796271,4.66828220331062e-11,3.04270875472239e-08,0.00022045939695375,0.0132809722794451,0.086324500736675,0.208063682800835
0.288302864938608,4.84002985801951e-11,3.06769923671301e-08,0.00022103826895958,0.0133048632718852,0.0864416602397147,0.208271007068795
0.289666211914507,5.01814831508426e-11,3.0929988668689e-08,0.000221619423756103,0.0133288184974159,0.0865590508750713,0.208478614149509
0.291029558890405,5.20287837922726e-11,3.11861276544234e-08,0.000222202873361186,0.0133528381854511,0.086676673229941,0.208686504498483
0.292392905866303,5.39447021714784e-11,3.14454615913118e-08,0.000222788629871877,0.0133769225664248,0.0867945278933108,0.208894678571971
0.293756252842201,5.59318373543566e-11,3.17080438374533e-08,0.000223376705465038,0.013401071871797,0.0869126154559649,0.209103136826981
0.295119599818099,5.79928897435687e-11,3.19739288695166e-08,0.000223967112397974,0.0134252863340588,0.087030936510491,0.209311879721274
0.296482946793997,6.01306651765771e-11,3.22431723109968e-08,0.00022455986300907,0.013449566186738,0.0871494916512863,0.209520907713364
0.297846293769895,6.23480792008889e-11,3.25158309613096e-08,0.00022515496971844,0.0134739116644046,0.087268281474564,0.20973022126252
0.299209640745794,6.46481615361965e-11,3.27919628257491e-08,0.000225752445028575,0.0134983230026765,0.0873873065783598,0.209939820828764
0.300572987721692,6.70340607108462e-11,3.30716271463406e-08,0.000226352301524998,0.0135228004382249,0.0875065675625379,0.210149706872879
0.30193633469759,6.95090489164791e-11,3.33548844336183e-08,0.000226954551876929,0.0135473442087801,0.0876260650287975,0.2103598798564
0.303299681673488,7.20765270557268e-11,3.36417964993593e-08,0.000227559208837953,0.013571954553137,0.0877457995806796,0.210570340241623
0.304663028649386,7.47400300081832e-11,3.39324264903075e-08,0.000228166285246694,0.013596631711161,0.0878657718235726,0.210781088491603
0.306026375625284,7.75032321281216e-11,3.42268389229217e-08,0.000228775794027498,0.0136213759237935,0.0879859823647197,0.210992125070154
0.307389722601182,8.0369952971537e-11,3.45250997191834e-08,0.000229387748191118,0.0136461874330578,0.0881064318132247,0.211203450441849
0.308753069577081,8.33441632724665e-11,3.48272762435017e-08,0.000230002160835413,0.0136710664820649,0.0882271207800585,0.211415065072025
0.310116416552979,8.64299911797035e-11,3.51334373407531e-08,0.000230619045146044,0.0136960133150195,0.0883480498780663,0.211626969426781
0.311479763528877,8.96317287664574e-11,3.54436533754978e-08,0.00023123841439718,0.0137210281772255,0.0884692197219734,0.211839163972978
0.312843110504775,9.29538388112558e-11,3.57579962724126e-08,0.00023186028195222,0.0137461113150921,0.088590630928392,0.212051649178241
0.314206457480673,9.64009618894877e-11,3.60765395579844e-08,0.000232484661264504,0.01377126297614,0.0887122841158281,0.212264425510961
0.315569804456571,9.99779237544175e-11,3.63993584035099e-08,0.000233111565878047,0.0137964834090071,0.0888341799046877,0.212477493440294
0.316933151432469,1.03689743063376e-10,3.6726529669448e-08,0.000233741009428269,0.0138217728634545,0.0889563189172839,0.212690853436162
0.318296498408367,1.07541639424286e-10,3.70581319511733e-08,0.00023437300564274,0.0138471315903727,0.089078701777843,0.212904505969256
0.319659845384266,1.11539041810756e-10,3.73942456261823e-08,0.000235007568341925,0.0138725598417878,0.0892013291125116,0.213118451511035
0.321023192360164,1.15687597335442e-10,3.77349529028054e-08,0.000235644711439942,0.0138980578708673,0.0893242015493635,0.213332690533724
0.322386539336062,1.19993180415653e-10,3.80803378704787e-08,0.000236284448945321,0.0139236259319266,0.0894473197184059,0.213547223510323
0.32374988631196,1.24461902344143e-10,3.84304865516339e-08,0.000236926794961778,0.0139492642804352,0.0895706842515866,0.213762050914599
0.325113233287858,1.29100121291373e-10,3.87854869552659e-08,0.00023757176368899,0.0139749731730227,0.0896942957828007,0.213977173221092
0.326476580263756,1.33914452738829e-10,3.91454291322405e-08,0.000238219369423378,0.0140007528674853,0.0898181549478974,0.214192590905114
0.327839927239654,1.38911780396027e-10,3.95104052324066e-08,0.000238869626558903,0.0140266036227922,0.089942262384687,0.214408304442751
0.329203274215553,1.44099267589593e-10,3.98805095635805e-08,0.00023952254958786,0.0140525256990918,0.0900666187329473,0.214624314310862
0.330566621191451,1.49484369168742e-10,4.02558386524746e-08,0.00024017815310169,0.0140785193577182,0.0901912246344312,0.214840620987081
0.331929968167349,1.55074843954181e-10,4.06364913076405e-08,0.000240836451791794,0.0141045848611977,0.0903160807328733,0.21505722494982
0.333293315143247,1.60878767734731e-10,4.10225686845065e-08,0.000241497460450355,0.0141307224732552,0.0904411876739965,0.215274126678265
0.334656662119145,1.66904546861902e-10,4.14141743525879e-08,0.000242161193971167,0.0141569324588207,0.0905665461055197,0.215491326652379
0.336020009095043,1.73160932460899e-10,4.18114143649528e-08,0.000242827667350478,0.0141832150840362,0.0906921566771644,0.215708825352905
0.337383356070941,1.79657035274594e-10,4.22143973300325e-08,0.000243496895687832,0.014209570616262,0.0908180200406618,0.215926623261365
0.33874670304684,1.86402341215125e-10,4.2623234485865e-08,0.000244168894186927,0.0142359993240833,0.0909441368497596,0.21614472086006
0.340110050022738,1.93406727582449e-10,4.30380397768675e-08,0.000244843678156478,0.0142625014773173,0.0910705077602297,0.216363118632071
0.341473396998636,2.00680480058384e-10,4.3458929933237e-08,0.000245521263011089,0.0142890773470196,0.091197133429875,0.216581817061262
0.342836743974534,2.08234310488988e-10,4.38860245530819e-08,0.000246201664272129,0.0143157272054912,0.0913240145185362,0.216800816632278
0.344200090950432,2.16079375454708e-10,4.43194461873922e-08,0.000246884897568627,0.0143424513262852,0.0914511516880996,0.217020117830546
0.34556343792633,2.24227295725556e-10,4.47593204279617e-08,0.000247570978638165,0.0143692499842136,0.091578545602504,0.21723972114228
0.346926784902228,2.32690176618774e-10,4.52057759983794e-08,0.000248259923327783,0.0143961234553546,0.0917061969277478,0.217459627054476
0.348290131878126,2.41480629280202e-10,4.56589448482138e-08,0.000248951747594898,0.0144230720170591,0.0918341063318965,0.217679836054917
0.349653478854025,2.50611792984673e-10,4.61189622505177e-08,0.000249646467508225,0.0144500959479581,0.0919622744850899,0.217900348632169
0.351016825829923,2.60097358478103e-10,4.65859669027893e-08,0.000250344099248709,0.0144771955279694,0.0920907020595494,0.218121165275589
0.352380172805821,2.69951592399429e-10,4.70601010315291e-08,0.000251044659110469,0.0145043710383052,0.0922193897295852,0.21834228647532
0.353743519781719,2.80189362884621e-10,4.7541510500541e-08,0.000251748163501748,0.0145316227614786,0.0923483381716041,0.218563712722293
0.355106866757617,2.9082616632142e-10,4.80303449231302e-08,0.000252454628945873,0.0145589509813114,0.0924775480641165,0.218785444508228
0.356470213733515,3.01878155449428e-10,4.85267577783599e-08,0.000253164072082226,0.0145863559829409,0.0926070200877437,0.219007482325637
0.357833560709413,3.13362168735127e-10,4.90309065315357e-08,0.000253876509667224,0.0146138380528275,0.092736754925226,0.21922982666782
0.359196907685312,3.25295761188999e-10,4.9542952759093e-08,0.000254591958575305,0.0146413974787617,0.0928667532614295,0.219452478028872
0.36056025466121,3.3769723663105e-10,5.00630622780742e-08,0.00025531043579993,0.014669034549872,0.092997015783354,0.219675436903677
0.361923601637108,3.5058568152862e-10,5.05914052803872e-08,0.00025603195845459,0.0146967495566318,0.0931275431801404,0.219898703787913
0.363286948613006,3.6398100043541e-10,5.11281564720506e-08,0.000256756543773828,0.014724542790867,0.0932583361430783,0.220122279178055
0.364650295588904,3.77903953171373e-10,5.16734952176359e-08,0.000257484209114262,0.0147524145457637,0.0933893953656136,0.220346163571367
0.366013642564802,3.92376193812712e-10,5.22276056901317e-08,0.000258214971955629,0.0147803651158758,0.0935207215433561,0.220570357465914
0.3673769895407,4.07420311535695e-10,5.2790677026462e-08,0.000258948849901831,0.0148083947971324,0.0936523153740873,0.220794861360552
0.368740336516598,4.23059873519473e-10,5.33629034889052e-08,0.000259685860681999,0.0148365038868455,0.0937841775577679,0.221019675754937
0.370103683492497,4.39319469890481e-10,5.39444846326699e-08,0.000260426022151559,0.0148646926837179,0.0939163087965455,0.221244801149522
0.371467030468395,4.56224760915514e-10,5.45356254798982e-08,0.000261169352293316,0.0148929614878509,0.0940487097947625,0.221470238045559
0.372830377444293,4.73802526531107e-10,5.51365367003792e-08,0.000261915869218545,0.014921310600752,0.0941813812589637,0.221695986945096
0.374193724420191,4.92080718266436e-10,5.57474347992702e-08,0.000262665591168092,0.0149497403253429,0.0943143238979045,0.221922048350985
0.375557071396089,5.11088513868779e-10,5.63685423121387e-08,0.000263418536513492,0.0149782509659674,0.0944475384225581,0.222148422766875
0.376920418371987,5.30856374498106e-10,5.70000880076512e-08,0.000264174723758089,0.0150068428283994,0.0945810255461238,0.222375110697218
0.378283765347885,5.51416104929909e-10,5.76423070982567e-08,0.000264934171538178,0.0150355162198506,0.0947147859840348,0.222602112647268
0.379647112323784,5.72800916703063e-10,5.82954414592235e-08,0.000265696898624148,0.0150642714489794,0.0948488204539662,0.222829429123079
0.381010459299682,5.95045494461434e-10,5.89597398564133e-08,0.000266462923921643,0.0150931088258981,0.0949831296758427,0.223057060631513
0.38237380627558,6.18186065696576e-10,5.96354581831908e-08,0.000267232266472736,0.0151220286621816,0.095117714371847,0.223285007680232
0.383737153251478,6.42260473999499e-10,6.03228597068918e-08,0.000268004945457107,0.0151510312708754,0.0952525752664272,0.223513270777704
0.385100500227376,6.67308256082138e-10,6.10222153252909e-08,0.000268780980193241,0.0151801169665044,0.0953877130863056,0.223741850433204
0.386463847203274,6.93370722702445e-10,6.17338038335383e-08,0.000269560390139634,0.0152092860650804,0.0955231285604861,0.22397074715681
0.387827194179172,7.20491043810814e-10,6.24579122020535e-08,0.000270343194896014,0.0152385388841112,0.0956588224202627,0.22419996145941
0.389190541155071,7.4871433803567e-10,6.31948358658954e-08,0.000271129414204571,0.0152678757426089,0.0957947953992274,0.224429493852697
0.390553888130969,7.78087766864246e-10,6.39448790261528e-08,0.000271919067951202,0.0152972969610981,0.0959310482332788,0.224659344849174
0.391917235106867,8.08660633715574e-10,6.47083549639289e-08,0.000272712176166767,0.015326802861625,0.0960675816606297,0.224889514962152
0.393280582082765,8.40484488142746e-10,6.54855863675266e-08,0.000273508759028361,0.0153563937677655,0.0962043964218157,0.225120004705751
0.394643929058663,8.73613235617998e-10,6.62769056734693e-08,0.000274308836860596,0.0153860700046342,0.0963414932597034,0.225350814594903
0.396007276034561,9.08103252972238e-10,6.70826554220345e-08,0.000275112430136893,0.0154158318988929,0.0964788729194987,0.22558194514535
0.397370623010459,9.4401351001302e-10,6.79031886280062e-08,0.000275919559480799,0.0154456797787599,0.096616536148755,0.225813396873643
0.398733969986357,9.81405697677605e-10,6.87388691673977e-08,0.000276730245667304,0.0154756139740182,0.0967544836973819,0.22604517029715
0.400097316962256,1.02034436292929e-09,6.9590072180935e-08,0.000277544509624177,0.0155056348160247,0.0968927163176531,0.226277265934048
0.401460663938154,1.06089705091142e-09,7.04571844951357e-08,0.000278362372433322,0.0155357426377195,0.0970312347642152,0.22650968430333
0.402824010914052,1.10313445481238e-09,7.13406050618676e-08,0.000279183855332135,0.0155659377736341,0.0971700397940958,0.2267424259248
0.40418735788995,1.14713057372489e-09,7.22407454173168e-08,0.000280008979714886,0.0155962205599016,0.0973091321667126,0.22697549131908
0.405550704865848,1.19296287928422e-09,7.31580301613543e-08,0.00028083776713411,0.0156265913342648,0.0974485126438812,0.227208881007606
0.406914051841746,1.24071249120533e-09,7.40928974583415e-08,0.000281670239302018,0.0156570504360861,0.0975881819898241,0.227442595512631
0.408277398817644,1.29046436256885e-09,7.50457995604778e-08,0.000282506418091911,0.0156875982063564,0.0977281409711792,0.227676635357222
0.409640745793543,1.34230747528728e-09,7.60172033548587e-08,0.000283346325539622,0.0157182349877048,0.0978683903570081,0.227911001065267
0.411004092769441,1.39633504636891e-09,7.70075909354784e-08,0.000284189983844967,0.0157489611244075,0.0980089309188054,0.228145693161469
0.412367439745339,1.45264474574594e-09,7.80174602014862e-08,0.000285037415373208,0.0157797769623977,0.0981497634305067,0.228380712171351
0.413730786721237,1.51133892605432e-09,7.90473254830833e-08,0.000285888642656538,0.015810682849275,0.0982908886684978,0.228616058621255
0.415094133697135,1.57252486571944e-09,8.00977181965278e-08,0.000286743688395576,0.0158416791343149,0.0984323074116231,0.228851733038342
0.416457480673033,1.63631502531942e-09,8.11691875298068e-08,0.000287602575460883,0.0158727661684783,0.0985740204411947,0.229087735950593
0.417820827648931,1.70282731883211e-09,8.22623011606269e-08,0.000288465326894485,0.0159039443044217,0.098716028541001,0.229324067886812
0.419184174624829,1.77218540012012e-09,8.33776460084756e-08,0.000289331965911424,0.0159352138965065,0.0988583324973155,0.229560729376623
0.420547521600728,1.84451896594398e-09,8.45158290226143e-08,0.000290202515901317,0.0159665753008091,0.0990009330989059,0.229797720950472
0.421910868576626,1.91996407636093e-09,8.56774780079788e-08,0.000291077000429932,0.0159980288751308,0.0991438311370428,0.230035043139628
0.423274215552524,1.99866349381473e-09,8.68632424910838e-08,0.000291955443240784,0.0160295749790077,0.0992870274055088,0.230272696476184
0.424637562528422,2.08076704169909e-09,8.80737946281652e-08,0.000292837868256743,0.0160612139737206,0.0994305227006075,0.230510681493055
0.42600090950432,2.16643198413604e-09,8.9309830157926e-08,0.000293724299581669,0.0160929462223054,0.0995743178211724,0.230748998723982
0.427364256480218,2.25582342789979e-09,9.05720694014128e-08,0.000294614761502048,0.0161247720895633,0.0997184135685758,0.230987648703531
0.428727603456116,2.34911474826141e-09,9.18612583117016e-08,0.000295509278488664,0.0161566919420707,0.0998628107467383,0.231226631967092
0.430090950432015,2.44648803989814e-09,9.31781695762523e-08,0.000296407875198273,0.0161887061481897,0.100007510162138,0.231465949050882
0.431454297407913,2.54813459514623e-09,9.45236037749721e-08,0.000297310576475305,0.0162208150780787,0.100152512623818,0.231705600491945
0.432817644383811,2.65425541046585e-09,9.5898390597229e-08,0.000298217407353578,0.0162530191037026,0.1002978189434,0.231945586828152
0.434180991359709,2.76506172400934e-09,9.73033901212709e-08,0.000299128393058035,0.0162853185988433,0.100443429935086,0.232185908598201
0.435544338335607,2.88077558546161e-09,9.87394941597332e-08,0.000300043559006498,0.0163177139391106,0.100589346415676,0.232426566341618
0.436907685311505,3.00163046094705e-09,1.00207627675166e-07,0.000300962930811438,0.0163502055019523,0.100735569204571,0.232667560598759
0.438271032287403,3.12787187500938e-09,1.01708750269776e-07,0.000301886534281767,0.0163827936666658,0.100882099123786,0.232908891910809
0.439634379263302,3.25975809228191e-09,1.03243857753866e-07,0.00030281439542465,0.0164154788144079,0.101028936997958,0.233150560819781
0.4409977262392,3.3975608415366e-09,1.04813983797752e-07,0.000303746540447334,0.0164482613282067,0.101176083654354,0.23339256786852
0.442361073215098,3.54156608513457e-09,1.06420201672285e-07,0.000304682995758999,0.0164811415929718,0.101323539922883,0.233634913600701
0.443724420190996,3.69207483669329e-09,1.08063626083443e-07,0.000305623787972623,0.0165141199955057,0.101471306636105,0.233877598560832
0.445087767166894,3.84940403058106e-09,1.09745415106854e-07,0.000306568943906881,0.0165471969245148,0.101619384629237,0.234120623294249
0.446451114142792,4.01388744698847e-09,1.11466772228509e-07,0.000307518490588046,0.0165803727706206,0.10176777474017,0.234363988347124
0.44781446111869,4.18587669612335e-09,1.13228948498398e-07,0.000308472455251927,0.016613647926371,0.101916477809469,0.23460769426646
0.449177808094588,4.36574226593751e-09,1.1503324480425e-07,0.000309430865345818,0.0166470227862517,0.102065494680391,0.234851741600093
0.450541155070487,4.55387463776177e-09,1.16881014273101e-07,0.000310393748530472,0.0166804977466975,0.102214826198891,0.235096130896693
0.451904502046385,4.75068547488171e-09,1.18773664808969e-07,0.000311361132682097,0.0167140732061038,0.10236447321363,0.235340862705764
0.453267849022283,4.95660888941451e-09,1.2071266177552e-07,0.000312333045894371,0.0167477495648382,0.102514436575989,0.235585937577644
0.454631195998181,5.17210279287892e-09,1.22699530833279e-07,0.000313309516480482,0.0167815272252524,0.102664717140074,0.235831356063508
0.455994542974079,5.39765033671585e-09,1.24735860941634e-07,0.00031429057297519,0.0168154065916934,0.10281531576273,0.236077118715364
0.457357889949977,5.63376144987294e-09,1.26823307536671e-07,0.00031527624413691,0.0168493880705159,0.10296623330355,0.236323226086057
0.458721236925875,5.880974479235e-09,1.28963595896707e-07,0.000316266558949816,0.0168834720700936,0.10311747062488,0.236569678729269
0.460084583901774,6.13985794301926e-09,1.31158524708302e-07,0.000317261546625977,0.0169176590008319,0.103269028591838,0.236816477199516
0.461447930877672,6.41101240256036e-09,1.33409969846506e-07,0.000318261236607503,0.0169519492751794,0.103420908072315,0.237063622052155
0.46281127785357,6.69507246511418e-09,1.35719888384192e-07,0.000319265658568729,0.01698634330764,0.10357310993699,0.237311113843378
0.464174624829468,6.9927089241382e-09,1.38090322846462e-07,0.000320274842418412,0.0170208415147856,0.10372563505934,0.237558953130215
0.465537971805366,7.30463104993288e-09,1.40523405727415e-07,0.000321288818301957,0.0170554443152681,0.103878484315646,0.237807140470535
0.466901318781264,7.63158904213657e-09,1.43021364287915e-07,0.000322307616603667,0.0170901521298319,0.104031658585011,0.238055676423047
0.468264665757162,7.97437665490842e-09,1.45586525654535e-07,0.000323331267949021,0.0171249653813261,0.104185158749359,0.238304561547296
0.469628012733061,8.33383401182281e-09,1.48221322241462e-07,0.000324359803206973,0.0171598844947177,0.104338985693456,0.238553796403669
0.470991359708959,8.7108506222663e-09,1.50928297518962e-07,0.000325393253492276,0.0171949098971034,0.104493140304914,0.238803381553392
0.472354706684857,9.10636861705686e-09,1.53710112153962e-07,0.000326431650167836,0.0172300420177232,0.104647623474203,0.239053317558532
0.473718053660755,9.52138622130495e-09,1.56569550550423e-07,0.000327475024847092,0.0172652812879727,0.104802436094661,0.239303604981995
0.475081400636653,9.95696148319318e-09,1.59509527819541e-07,0.00032852340939642,0.017300628141416,0.104957579062503,0.23955424438753
0.476444747612551,1.04142162793607e-08,1.62533097212363e-07,0.000329576835937563,0.0173360830137992,0.105113053276836,0.239805236339726
0.477808094588449,1.08943406214958e-08,1.65643458050209e-07,0.000330635336850093,0.0173716463430628,0.105268859639663,0.240056581404013
0.479171441564347,1.13985972886128e-08,1.68843964191381e-07,0.000331698944773898,0.0174073185693557,0.1054249990559,0.240308280146665
0.480534788540246,1.19283268098127e-08,1.72138133075993e-07,0.000332767692611695,0.0174431001350477,0.105581472433381,0.240560333134796
0.481898135516144,1.24849528326907e-08,1.75529655394505e-07,0.000333841613531576,0.0174789914847435,0.10573828068287,0.240812740936365
0.483261482492042,1.30699879064185e-08,1.79022405429574e-07,0.000334920740969579,0.0175149930652957,0.105895424718074,0.241065504120171
0.48462482946794,1.36850397155907e-08,1.82620452125376e-07,0.000336005108632289,0.0175511053258186,0.106052905455652,0.241318623255859
0.485988176443838,1.43318178075765e-08,1.86328070943451e-07,0.00033709475049947,0.0175873287177021,0.106210723815224,0.241572098913917
0.487351523419736,1.50121408536945e-08,1.90149756569611e-07,0.000338189700826726,0.017623663694625,0.106368880719386,0.241825931665674
0.488714870395634,1.5727944491594e-08,1.94090236542448e-07,0.000339289994148191,0.0176601107125689,0.106527377093714,0.242080122083306
0.490078217371533,1.64812898050541e-08,1.98154485880631e-07,0.00034039566527925,0.0176966702298326,0.106686213866783,0.242334670739834
0.491441564347431,1.72743724941894e-08,2.02347742793527e-07,0.000341506749319295,0.0177333427070457,0.106845391970171,0.24258957820912
0.492804911323329,1.81095328021238e-08,2.06675525567839e-07,0.000342623281654506,0.0177701286071829,0.107004912338473,0.242844845065874
0.494168258299227,1.8989266268915e-08,2.11143650731921e-07,0.00034374529796067,0.0178070283955783,0.107164775909311,0.243100471885651
0.495531605275125,1.99162353881999e-08,2.15758252609495e-07,0.000344872834206027,0.0178440425399398,0.107324983623347,0.243356459244849
0.496894952251023,2.08932822510931e-08,2.20525804385543e-07,0.000346005926654153,0.0178811715103631,0.10748553642429,0.243612807720713
0.498258299226921,2.19234422763472e-08,2.25453140819517e-07,0.000347144611866874,0.017918415779347,0.107646435258911,0.243869517891335
0.49962164620282,2.30099591246834e-08,2.30547482754774e-07,0.000348288926707213,0.0179557758218074,0.107807681077051,0.244126590335651
0.500984993178718,2.41563009181488e-08,2.35816463588391e-07,0.000349438908342374,0.0179932521150924,0.107969274831635,0.244384025633444
0.502348340154616,2.53661778911505e-08,2.41268157882673e-07,0.000350594594246759,0.0180308451389971,0.10813121747868,0.244641824365345
0.503711687130514,2.66435616159748e-08,2.46911112318673e-07,0.000351756022205015,0.0180685553757785,0.108293509977309,0.244899987112828
0.505075034106412,2.79927059577451e-08,2.52754379213431e-07,0.000352923230315128,0.0181063833101706,0.108456153289761,0.245158514458218
0.50643838108231,2.94181699432381e-08,2.58807552846497e-07,0.000354096256991538,0.0181443294293996,0.108619148381402,0.245417406984684
0.507801728058208,3.09248427289465e-08,2.65080808868099e-07,0.000355275140968306,0.0181823942231993,0.108782496220736,0.245676665276243
0.509165075034106,3.25179708973136e-08,2.71584947091392e-07,0.000356459921302305,0.0182205781838261,0.108946197779418,0.245936289917761
0.510528422010005,3.42031883203384e-08,2.78331438005002e-07,0.000357650637376453,0.0182588818060752,0.109110254032263,0.246196281494948
0.511891768985903,3.59865488643034e-08,2.8533247338018e-07,0.00035884732890299,0.0182973055872955,0.109274665957261,0.246456640594365
0.513255115961801,3.78745622440668e-08,2.92601021389734e-07,0.00036005003592678,0.0183358500274056,0.109439434535585,0.246717367803418
0.514618462937699,3.98742333668837e-08,3.00150886704379e-07,0.000361258798828666,0.01837451562891,0.109604560751603,0.246978463710364
0.515981809913597,4.1993105553932e-08,3.07996776086891e-07,0.000362473658328853,0.0184133028969145,0.109770045592893,0.247239928904305
0.517345156889495,4.4239308071236e-08,3.16154370066481e-07,0.00036369465549034,0.0184522123391424,0.109935890050248,0.247501763975193
0.518708503865393,4.66216084568949e-08,3.24640401346134e-07,0.000364921831722384,0.0184912444659511,0.110102095117697,0.247763969513827
0.520071850841291,4.91494701949006e-08,3.33472740675586e-07,0.000366155228784013,0.0185303997903479,0.110268661792506,0.248026546111856
0.52143519781719,5.18331163541027e-08,3.42670491013501e-07,0.000367394888787575,0.0185696788280065,0.1104355910752,0.248289494361776
0.522798544793088,5.46835999016707e-08,3.52254090906102e-07,0.000368640854202331,0.0186090820972838,0.110602883969566,0.248552814856931
0.524161891768986,5.77128814656881e-08,3.62245428127798e-07,0.000369893167858091,0.0186486101192365,0.11077054148267,0.248816508191515
0.525525238744884,6.09339154730172e-08,3.72667964764741e-07,0.000371151872948891,0.0186882634176374,0.11093856462487,0.249080574960569
0.526888585720782,6.43607456720199e-08,3.83546875077328e-07,0.000372417013036721,0.0187280425189931,0.111106954409823,0.249345015759985
0.52825193269668,6.80086111954178e-08,3.94909197655792e-07,0.000373688632055287,0.0187679479525602,0.1112757118545,0.249609831186501
0.529615279672578,7.18940645179212e-08,4.06784003587832e-07,0.000374966774313823,0.0188079802503631,0.111444837979197,0.249875021837705
0.530978626648477,7.60351028003865e-08,4.19202582593393e-07,0.000376251484500953,0.0188481399472108,0.111614333807551,0.250140588312035
0.532341973624375,8.04513143662269e-08,4.32198649354394e-07,0.000377542807688595,0.0188884275807146,0.111784200366544,0.250406531208774
0.533705320600273,8.51640422961459e-08,4.45808572582887e-07,0.000378840789335908,0.0189288436913053,0.111954438686522,0.250672851128058
0.535068667576171,9.01965674470965e-08,4.60071629737215e-07,0.000380145475293293,0.0189693888222513,0.112125049801208,0.25093954867087
0.536432014552069,9.55743134764454e-08,4.75030290721455e-07,0.000381456911806444,0.0190100635196757,0.112296034747705,0.251206624439039
0.537795361527967,1.01325076968856e-07,4.9073053439933e-07,0.000382775145520436,0.0190508683325751,0.112467394566521,0.251474079035248
0.539158708503865,1.07479286118773e-07,5.07222202333147e-07,0.00038410022348388,0.0190918038128366,0.112639130301572,0.251741913063024
0.540522055479764,1.14070292068158e-07,5.2455939483657e-07,0.000385432193153109,0.0191328705152569,0.112811243000196,0.252010127126745
0.541885402455662,1.21134697589403e-07,5.42800915226249e-07,0.000386771102396435,0.0191740689975598,0.112983733713169,0.252278721831638
0.54324874943156,1.28712728640246e-07,5.62010769094418e-07,0.000388116999498438,0.0192153998204154,0.113156603494715,0.252547697783775
0.544612096407458,1.36848655149361e-07,5.82258726530379e-07,0.000389469933164326,0.0192568635474578,0.113329853402519,0.25281705559008
0.545975443383356,1.45591268563274e-07,6.03620956527474e-07,0.00039082995252433,0.0192984607453047,0.113503484497737,0.253086795858324
0.547338790359254,1.54994424943825e-07,6.26180744365303e-07,0.000392197107138171,0.0193401919835753,0.113677497845013,0.253356919197126
0.548702137335152,1.65117663922995e-07,6.50029304605776e-07,0.000393571446999565,0.0193820578349102,0.113851894512491,0.253627426215954
0.550065484311051,1.76026915739763e-07,6.75266704549308e-07,0.000394953022540798,0.0194240588749898,0.114026675571822,0.253898317525122
0.551428831286949,1.8779531074335e-07,7.02002915642072e-07,0.000396341884637342,0.0194661956825537,0.114201842098186,0.254169593735794
0.552792178262847,2.00504108502204e-07,7.3035901350387e-07,0.000397738084612545,0.0195084688394206,0.114377395170296,0.25444125545998
0.554155525238745,2.1424376685345e-07,7.60468551079849e-07,0.000399141674242363,0.0195508789305069,0.114553335870416,0.254713303310539
0.555518872214643,2.2911517519501e-07,7.92479134059614e-07,0.000400552705760164,0.0195934265438474,0.114729665284373,0.254985737901175
0.556882219190541,2.45231081142195e-07,8.2655423334495e-07,0.000401971231861577,0.0196361122706141,0.114906384501571,0.255258559846443
0.558245566166439,2.6271774562098e-07,8.62875276223359e-07,0.000403397305709419,0.0196789367051372,0.115083494614998,0.255531769761741
0.559608913142338,2.81716868523155e-07,9.01644066324869e-07,0.000404830980938663,0.0197219004449243,0.115260996721249,0.255805368263317
0.560972260118236,3.02387836219337e-07,9.43085592794175e-07,0.000406272311661488,0.0197650040906813,0.115438891920531,0.256079355968264
0.562335607094134,3.24910353187189e-07,9.87451301899788e-07,0.000407721352472375,0.0198082482463323,0.115617181316677,0.25635373349452
0.563698954070032,3.49487533668025e-07,1.03502292017088e-06,0.000409178158453279,0.0198516335190409,0.115795866017165,0.256628501460873
0.56506230104593,3.7634954674427e-07,1.08611693793741e-06,0.000410642785178859,0.0198951605192299,0.115974947133124,0.256903660486953
0.566425648021828,4.0575792982324e-07,1.14108988693876e-06,0.000412115288721773,0.019938829860603,0.116154425779353,0.257179211193238
0.567788994997726,4.38010712586273e-07,1.20034457689004e-06,0.000413595725658047,0.0199826421601656,0.116334303074329,0.257455154201051
0.569152341973624,4.73448528952893e-07,1.26433749543857e-06,0.000415084153072502,0.0200265980382458,0.116514580140226,0.25773149013256
0.570515688949523,5.12461938254119e-07,1.33358762631102e-06,0.000416580628564254,0.0200706981185158,0.116695258102925,0.258008219610776
0.571879035925421,5.55500234572134e-07,1.40868700499582e-06,0.00041808521025229,0.0201149430280135,0.116876338092027,0.258285343259559
0.573242382901319,6.03082096992213e-07,1.49031341454014e-06,0.000419597956781097,0.0201593333971642,0.117057821240868,0.258562861703608
0.574605729877217,6.55808529756316e-07,1.5792457320979e-06,0.000421118927326384,0.0202038698598022,0.117239708686533,0.258840775568471
0.575969076853115,7.14378667684287e-07,1.67638257813716e-06,0.000422648181600859,0.020248553053193,0.117422001569869,0.259119085480534
0.577332423829013,7.79609189341985e-07,1.78276510628648e-06,0.000424185779860089,0.0202933836180551,0.117604701035497,0.259397792067031
0.578695770804911,8.52458302534539e-07,1.89960501881032e-06,0.000425731782908432,0.0203383621985829,0.11778780823183,0.259676895956038
0.58005911778081,9.3405556571602e-07,2.02831922334503e-06,0.000427286252105045,0.0203834894424686,0.117971324311082,0.25995639777647
0.581422464756708,1.02573921258645e-06,2.17057299303736e-06,0.00042884924936997,0.0204287660009251,0.118155250429283,0.260236298158089
0.582785811732606,1.12910320167596e-06,2.32833410088655e-06,0.000430420837190293,0.0204741925287089,0.118339587746298,0.260516597731495
0.584149158708504,1.24605697513689e-06,2.50394123710565e-06,0.000432001078626393,0.0205197696841428,0.118524337425832,0.260797297128132
0.585512505684402,1.37890197888224e-06,2.70019118446487e-06,0.000433590037318255,0.0205654981291394,0.118709500635451,0.261078396980283
0.5868758526603,1.53043050221724e-06,2.92045086793191e-06,0.000435187777491882,0.0206113785292242,0.118895078546594,0.261359897921072
0.588239199636198,1.70405454585771e-06,3.16880273350651e-06,0.000436794363965776,0.020657411553559,0.119081072334586,0.261641800584464
0.589602546612096,1.90397554713953e-06,3.45023528715124e-06,0.000438409862157511,0.0207035978749661,0.119267483178655,0.261924105605261
0.590965893587995,2.13541036811703e-06,3.77089556778713e-06,0.000440034338090389,0.0207499381699516,0.11945431226194,0.262206813619108
0.592329240563893,2.40489578097793e-06,4.13842767736672e-06,0.00044166785840018,0.0207964331187297,0.119641560771513,0.262489925262485
0.593692587539791,2.72070403888547e-06,4.56243259986244e-06,0.00044331049034195,0.0208430834052469,0.11982922989839,0.262773441172713
0.595055934515689,3.09341811058826e-06,5.05510163902473e-06,0.000444962301796985,0.0208898897172065,0.120017320837543,0.263057361987947
0.596419281491587,3.53674032498636e-06,5.63210264527645e-06,0.000446623361279796,0.0209368527460928,0.120205834787916,0.263341688347183
0.597782628467485,4.06864868890219e-06,6.31384125857168e-06,0.000448293737945218,0.0209839731871967,0.120394772952444,0.263626420890252
0.599145975443383,4.71308189620075e-06,7.12729013223591e-06,0.00044997350159561,0.0210312517396396,0.120584136538058,0.263911560257819
0.600509322419282,5.50244702890191e-06,8.10869843647489e-06,0.000451662722688136,0.0210786891063994,0.120773926755709,0.264197107091388
0.60187266939518,6.48144084905213e-06,9.30770128304738e-06,0.000453361472342153,0.0211262859943356,0.120964144820377,0.264483062033296
0.603236016371078,7.71303034029009e-06,1.07937211074593e-05,0.000455069822346692,0.0211740431142146,0.121154791951088,0.264769425726713
0.604599363346976,9.28810169757923e-06,1.2666247422272e-05,0.000456787845168034,0.0212219611807359,0.121345869370928,0.265056198815645
0.605962710322874,1.13415823029593e-05,1.50719326897726e-05,0.000458515613957399,0.0212700409125576,0.121537378307056,0.265343381944931
0.607326057298772,1.40804968548085e-05,1.82342048476385e-05,0.000460253202558718,0.0213182830323226,0.121729319990722,0.265630975760239
0.60868940427467,1.78351899786005e-05,2.25070800944272e-05,0.000462000685516525,0.0213666882666854,0.121921695657281,0.265918980908073
0.610052751250568,2.31583693703006e-05,2.84787301423525e-05,0.000463758138083947,0.0214152573463379,0.122114506546207,0.266207398035767
0.611416098226467,3.10305104186394e-05,3.71852674290387e-05,0.000465525636230796,0.0214639910060368,0.122307753901108,0.266496227791483
0.612779445202365,4.33248457627384e-05,5.05924367430722e-05,0.00046730325665178,0.02151288998463,0.122501438969742,0.266785470824216
0.614142792178263,6.39860612141022e-05,7.28108669138234e-05,0.000469091076774814,0.0215619550250843,0.12269556300403,0.267075127783787
0.615506139154161,0.000102510795668229,0.000113667223794469,0.000470889174769448,0.0216111868745121,0.122890127260074,0.267365199320848
0.616869486130059,0.000186751262967329,0.000201775954065652,0.000472697629555404,0.0216605862841997,0.123085132998172,0.267655686086878
0.616970303698662,0.000196657341454483,0.000212071543662986,0.000472831775647996,0.0216642459745188,0.123099570960247,0.26767718367583
0.616975306825617,0.000197168814973409,0.000212602851922978,0.000472838434208096,0.0216644276126283,0.123100287515073,0.267678250564668
0.616980309952571,0.000197682238450466,0.000213136159194974,0.000472845092908827,0.0216646092530053,0.123101004075862,0.267679317459107
0.616985313079525,0.000198197621705711,0.000213671475519072,0.000472851751750192,0.0216647908956499,0.123101720642615,0.267680384359147
0.61699031620648,0.000198714974688247,0.000214208810998431,0.000472858410732195,0.021664972540562,0.123102437215332,0.267681451264789
0.616995319333434,0.000199234307382191,0.000214748175799842,0.000472865069854842,0.0216651541877417,0.123103153794013,0.267682518176033
0.617000322460388,0.000199755629917955,0.000215289580154113,0.000472871729118134,0.021665335837189,0.123103870378658,0.267683585092878
0.617005325587343,0.000200278952306011,0.00021583303435665,0.000472878388522077,0.0216655174889041,0.123104586969267,0.267684652015324
0.617010328714297,0.000200804284729892,0.000216378548767863,0.000472885048066675,0.0216656991428868,0.12310530356584,0.267685718943372
0.617015331841251,0.000201331637419533,0.000216926133813695,0.00047289170775193,0.0216658807991373,0.123106020168377,0.267686785877021
0.617020334968206,0.000201861020791628,0.000217475799986155,0.000472898367577848,0.0216660624576556,0.123106736776879,0.267687852816272
0.61702533809516,0.000202392444947412,0.000218027557843739,0.000472905027544432,0.0216662441184417,0.123107453391345,0.267688919761125
0.617030341222114,0.000202925920682912,0.000218581418012031,0.000472911687651687,0.0216664257814957,0.123108170011775,0.267689986711579
0.617035344349069,0.000203461458247676,0.000219137391184118,0.000472918347899615,0.0216666074468176,0.12310888663817,0.267691053667636
0.617040347476023,0.000203999068347092,0.000219695488121205,0.000472925008288222,0.0216667891144075,0.12310960327053,0.267692120629293
0.617045350602977,0.00020453876149732,0.000220255719653034,0.000472931668817511,0.0216669707842653,0.123110319908854,0.267693187596553
0.617050353729932,0.000205080548529901,0.000220818096678513,0.000472938329487485,0.0216671524563911,0.123111036553142,0.267694254569414
0.617055356856886,0.000205624440025867,0.000221382630166154,0.00047294499029815,0.021667334130785,0.123111753203396,0.267695321547878
0.61706035998384,0.000206170447074142,0.000221949331154649,0.000472951651249509,0.021667515807447,0.123112469859614,0.267696388531943
0.617065363110795,0.000206718580429335,0.000222518210753442,0.000472958312341566,0.0216676974863771,0.123113186521797,0.26769745552161
0.617070366237749,0.00020726885109951,0.000223089280143193,0.000472964973574324,0.0216678791675753,0.123113903189945,0.267698522516878
0.617075369364704,0.00020782127021556,0.000223662550576422,0.000472971634947789,0.0216680608510418,0.123114619864058,0.267699589517749
0.617080372491658,0.000208375848748509,0.000224238033377961,0.000472978296461963,0.0216682425367766,0.123115336544135,0.267700656524222
0.617085375618612,0.00020893259807056,0.000224815739945622,0.000472984958116851,0.0216684242247795,0.123116053230178,0.267701723536297
0.617090378745567,0.000209491529415163,0.000225395681750664,0.000472991619912457,0.0216686059150509,0.123116769922187,0.267702790553974
0.617095381872521,0.000210052653997195,0.000225977870338405,0.000472998281848784,0.0216687876075905,0.12311748662016,0.267703857577253
0.617100384999475,0.000210615983370997,0.000226562317328835,0.000473004943925838,0.0216689693023986,0.123118203324099,0.267704924606134
0.61710538812643,0.000211181528949198,0.000227149034417102,0.00047301160614362,0.0216691509994751,0.123118920034003,0.267705991640617
0.617110391253384,0.000211749302364918,0.000227738033374205,0.000473018268502137,0.02166933269882,0.123119636749872,0.267707058680703
0.617115394380338,0.000212319315126023,0.000228329326047477,0.000473024931001391,0.0216695144004335,0.123120353471707,0.267708125726391
0.617120397507293,0.000212891579155624,0.000228922924361286,0.000473031593641386,0.0216696961043155,0.123121070199507,0.267709192777681
0.617125400634247,0.000213466106039614,0.000229518840317532,0.000473038256422127,0.0216698778104661,0.123121786933273,0.267710259834573
0.617130403761201,0.00021404290781967,0.000230117085996357,0.000473044919343617,0.0216700595188853,0.123122503673005,0.267711326897067
0.617135406888156,0.000214621996334663,0.000230717673556667,0.000473051582405861,0.0216702412295731,0.123123220418702,0.267712393965164
0.61714041001511,0.000215203383675618,0.000231320615236785,0.000473058245608862,0.0216704229425297,0.123123937170365,0.267713461038863
0.617145413142064,0.000215787081867312,0.000231925923355121,0.000473064908952625,0.0216706046577549,0.123124653927995,0.267714528118165
0.617150416269019,0.000216373103205297,0.000232533610310699,0.000473071572437152,0.021670786375249,0.123125370691589,0.267715595203069
0.617155419395973,0.000216961459928539,0.000233143688583909,0.00047307823606245,0.0216709680950118,0.12312608746115,0.267716662293576
0.617160422522927,0.000217552164274604,0.000233756170737029,0.00047308489982852,0.0216711498170435,0.123126804236677,0.267717729389685
0.617165425649882,0.000218145228771485,0.00023437106941499,0.000473091563735367,0.0216713315413441,0.12312752101817,0.267718796491397
0.617170428776836,0.00021874066588565,0.000234988397345924,0.000473098227782996,0.0216715132679135,0.123128237805629,0.267719863598711
0.61717543190379,0.000219338488262174,0.000235608167341873,0.00047310489197141,0.021671694996752,0.123128954599055,0.267720930711628
0.617180435030745,0.000219938708581078,0.000236230392299485,0.000473111556300613,0.0216718767278594,0.123129671398447,0.267721997830147
0.617185438157699,0.000220541339503865,0.000236855085200595,0.000473118220770609,0.0216720584612358,0.123130388203805,0.267723064954269
0.617190441284654,0.000221146393981604,0.00023748225911301,0.000473124885381402,0.0216722401968814,0.123131105015129,0.267724132083994
0.617195444411608,0.000221753884947167,0.000238111927191083,0.000473131550132995,0.021672421934796,0.12313182183242,0.267725199219321
0.617200447538562,0.000222363825301694,0.000238744102676511,0.000473138215025394,0.0216726036749797,0.123132538655677,0.267726266360252
0.617205450665517,0.000222976228203837,0.000239378798898935,0.000473144880058602,0.0216727854174327,0.123133255484901,0.267727333506785
0.617210453792471,0.000223591106899844,0.000240016029276685,0.000473151545232623,0.0216729671621548,0.123133972320092,0.267728400658921
0.617215456919425,0.000224208474724471,0.000240655807317528,0.00047315821054746,0.0216731489091462,0.123134689161249,0.26772946781666
0.61722046004638,0.000224828344779175,0.000241298146619291,0.000473164876003119,0.0216733306584069,0.123135406008374,0.267730534980001
0.617225463173334,0.00022545073086023,0.000241943060870689,0.000473171541599602,0.021673512409937,0.123136122861465,0.267731602148946
0.617230466300288,0.000226075646263687,0.000242590563851948,0.000473178207336914,0.0216736941637364,0.123136839720523,0.267732669323494
0.617235469427243,0.000226703104745391,0.000243240669435647,0.000473184873215058,0.0216738759198052,0.123137556585548,0.267733736503644
0.617240472554197,0.000227333120050701,0.000243893391587354,0.000473191539234039,0.0216740576781434,0.12313827345654,0.267734803689398
0.617245475681151,0.000227965705897119,0.000244548744366485,0.000473198205393861,0.0216742394387511,0.123138990333499,0.267735870880755
0.617250478808106,0.000228600876278064,0.000245206741926962,0.000473204871694528,0.0216744212016284,0.123139707216425,0.267736938077714
0.61725548193506,0.000229238645194055,0.000245867398518023,0.000473211538136043,0.0216746029667752,0.123140424105318,0.267738005280277
0.617260485062014,0.000229879026834841,0.000246530728485031,0.000473218204718411,0.0216747847341915,0.123141141000179,0.267739072488443
0.617265488188969,0.000230522035231217,0.000247196746270156,0.000473224871441635,0.0216749665038775,0.123141857901007,0.267740139702212
0.617270491315923,0.000231167684758466,0.000247865466413275,0.00047323153830572,0.0216751482758332,0.123142574807803,0.267741206921585
0.617275494442877,0.000231815989848205,0.000248536903552646,0.000473238205310669,0.0216753300500586,0.123143291720566,0.267742274146561
0.617280497569832,0.000232466965058085,0.000249211072425834,0.000473244872456486,0.0216755118265537,0.123144008639296,0.26774334137714
0.617285500696786,0.000233120624751029,0.000249887987870406,0.000473251539743176,0.0216756936053186,0.123144725563994,0.267744408613322
0.61729050382374,0.000233776983858992,0.000250567664824799,0.000473258207170743,0.0216758753863533,0.12314544249466,0.267745475855108
0.617295506950695,0.00023443605698588,0.000251250118329188,0.000473264874739189,0.0216760571696579,0.123146159431294,0.267746543102497
0.617300510077649,0.000235097859198012,0.000251935363526207,0.00047327154244852,0.0216762389552324,0.123146876373895,0.267747610355489
0.617305513204603,0.000235762405345436,0.000252623415661918,0.000473278210298739,0.0216764207430767,0.123147593322464,0.267748677614085
0.617310516331558,0.000236429710662957,0.000253314290086529,0.000473284878289851,0.0216766025331911,0.123148310277001,0.267749744878284
0.617315519458512,0.000237099790201501,0.000254008002255377,0.000473291546421858,0.0216767843255755,0.123149027237506,0.267750812148087
0.617320522585466,0.000237772659388355,0.000254704567729671,0.000473298214694766,0.0216769661202298,0.123149744203979,0.267751879423493
0.617325525712421,0.00023844833354663,0.000255404002177481,0.000473304883108578,0.0216771479171543,0.12315046117642,0.267752946704503
0.617330528839375,0.000239126828293994,0.000256106321374515,0.000473311551663298,0.0216773297163489,0.12315117815483,0.267754013991117
0.61733553196633,0.000239808159128836,0.000256811541205057,0.00047331822035893,0.0216775115178137,0.123151895139207,0.267755081283334
0.617340535093284,0.000240492341924027,0.000257519677662905,0.000473324889195478,0.0216776933215486,0.123152612129553,0.267756148581155
0.617345538220238,0.000241179392410299,0.000258230746852174,0.000473331558172946,0.0216778751275538,0.123153329125867,0.26775721588458
0.617350541347193,0.00024186932656127,0.000258944764988334,0.000473338227291338,0.0216780569358292,0.12315404612815,0.267758283193608
0.617355544474147,0.000242562160491438,0.000259661748399009,0.000473344896550658,0.0216782387463749,0.123154763136401,0.26775935050824
0.617360547601101,0.000243257910363833,0.000260381713525035,0.000473351565950911,0.021678420559191,0.123155480150621,0.267760417828476
0.617365550728056,0.000243956592365021,0.000261104676921295,0.000473358235492098,0.0216786023742775,0.123156197170809,0.267761485154316
0.61737055385501,0.00024465822310984,0.000261830655257713,0.000473364905174226,0.0216787841916343,0.123156914196966,0.267762552485759
0.617375556981964,0.000245362818890423,0.000262559665320266,0.000473371574997298,0.0216789660112617,0.123157631229091,0.267763619822807
0.617380560108919,0.000246070396411932,0.000263291724011842,0.000473378244961317,0.0216791478331595,0.123158348267186,0.267764687165458
0.617385563235873,0.000246780972467094,0.000264026848353345,0.000473384915066288,0.0216793296573278,0.123159065311249,0.267765754513714
0.617390566362827,0.00024749456393203,0.000264765055484558,0.000473391585312215,0.0216795114837667,0.123159782361281,0.267766821867573
0.617395569489782,0.000248211187691353,0.00026550636266527,0.000473398255699102,0.0216796933124763,0.123160499417282,0.267767889227036
0.617400572616736,0.000248930861007332,0.00026625078727617,0.000473404926226952,0.0216798751434564,0.123161216479253,0.267768956592104
0.61740557574369,0.000249653600872007,0.000266998346819918,0.00047341159689577,0.0216800569767072,0.123161933547192,0.267770023962775
0.617410578870645,0.0002503794248382,0.000267749058922215,0.00047341826770556,0.0216802388122288,0.1231626506211,0.267771091339051
0.617415581997599,0.000251108350349163,0.000268502941332737,0.000473424938656325,0.0216804206500211,0.123163367700978,0.267772158720931
0.617420585124553,0.000251840394935515,0.000269260011926305,0.00047343160974807,0.0216806024900842,0.123164084786825,0.267773226108415
0.617425588251508,0.000252575576223222,0.00027002028870382,0.000473438280980798,0.0216807843324181,0.123164801878642,0.267774293501503
0.617430591378462,0.000253313912238166,0.000270783789793462,0.000473444952354514,0.0216809661770229,0.123165518976427,0.267775360900195
0.617435594505416,0.000254055420866067,0.000271550533451636,0.000473451623869222,0.0216811480238986,0.123166236080183,0.267776428304492
0.617440597632371,0.000254800120120028,0.0002723205380642,0.000473458295524925,0.0216813298730453,0.123166953189907,0.267777495714393
0.617445600759325,0.000255548028415063,0.000273093822147445,0.000473464967321627,0.0216815117244629,0.123167670305602,0.267778563129899
0.617450603886279,0.000256299163969621,0.000273870404349261,0.000473471639259333,0.0216816935781515,0.123168387427266,0.267779630551008
0.617455607013234,0.00025705354527629,0.000274650303450315,0.000473478311338046,0.0216818754341112,0.1231691045549,0.267780697977723
0.617460610140188,0.000257811190888722,0.000275433538365058,0.00047348498355777,0.021682057292342,0.123169821688503,0.267781765410041
0.617465613267143,0.000258572119843065,0.000276220128143016,0.00047349165591851,0.0216822391528439,0.123170538828077,0.267782832847964
0.617470616394097,0.000259336350733263,0.000277010091969809,0.000473498328420269,0.021682421015617,0.12317125597362,0.267783900291492
0.617475619521051,0.000260103902584973,0.000277803449168456,0.000473505001063052,0.0216826028806613,0.123171973125133,0.267784967740624
0.617480622648006,0.000260874794701803,0.000278600219200437,0.000473511673846861,0.0216827847479768,0.123172690282617,0.267786035195361
0.61748562577496,0.000261649046320534,0.000279400421666935,0.000473518346771702,0.0216829666175636,0.12317340744607,0.267787102655702
0.617490628901914,0.000262426676944212,0.000280204076310101,0.000473525019837578,0.0216831484894217,0.123174124615494,0.267788170121648
0.617495632028869,0.000263207706014792,0.000281011203014138,0.000473531693044493,0.0216833303635512,0.123174841790888,0.267789237593199
0.617500635155823,0.000263992153394484,0.000281821821806682,0.000473538366392452,0.0216835122399521,0.123175558972252,0.267790305070354
0.617505638282777,0.000264780038767908,0.000282635952859893,0.000473545039881457,0.0216836941186243,0.123176276159586,0.267791372553114
0.617510641409732,0.000265571382262764,0.00028345361649186,0.000473551713511514,0.0216838759995681,0.123176993352891,0.267792440041479
0.617515644536686,0.000266366204013417,0.000284274833167718,0.000473558387282625,0.0216840578827834,0.123177710552167,0.267793507535449
0.61752064766364,0.000267164524398966,0.000285099623501076,0.000473565061194796,0.0216842397682702,0.123178427757413,0.267794575035023
0.617525650790595,0.000267966363724178,0.000285928008255185,0.00047357173524803,0.0216844216560286,0.12317914496863,0.267795642540203
0.617530653917549,0.000268771742558734,0.000286760008344293,0.00047357840944233,0.0216846035460586,0.123179862185817,0.267796710050987
0.617535657044503,0.000269580681821801,0.000287595644835025,0.000473585083777702,0.0216847854383602,0.123180579408975,0.267797777567376
0.617540660171458,0.000270393202334885,0.000288434938947585,0.000473591758254148,0.0216849673329336,0.123181296638104,0.26779884508937
0.617545663298412,0.000271209325058507,0.000289277912057251,0.000473598432871674,0.0216851492297787,0.123182013873203,0.267799912616969
0.617550666425366,0.000272029071282231,0.000290124585695585,0.000473605107630282,0.0216853311288955,0.123182731114274,0.267800980150173
0.617555669552321,0.000272852462316823,0.000290974981551961,0.000473611782529977,0.0216855130302842,0.123183448361315,0.267802047688983
0.617560672679275,0.000273679519757745,0.000291829121474818,0.000473618457570764,0.0216856949339447,0.123184165614328,0.267803115233397
0.617565675806229,0.000274510265226746,0.000292687027473121,0.000473625132752644,0.0216858768398771,0.123184882873312,0.267804182783416
0.617570678933184,0.000275344720451364,0.000293548721717835,0.000473631808075624,0.0216860587480814,0.123185600138267,0.267805250339041
0.617575682060138,0.000276182907792306,0.000294414226543224,0.000473638483539707,0.0216862406585576,0.123186317409193,0.267806317900271
0.617580685187093,0.000277024848933794,0.000295283564448451,0.000473645159144896,0.0216864225713059,0.12318703468609,0.267807385467106
0.617585688314047,0.000277870566526914,0.000296156758098883,0.000473651834891196,0.0216866044863261,0.123187751968959,0.267808453039546
0.617590691441001,0.000278720082908252,0.000297033830327726,0.00047365851077861,0.0216867864036185,0.123188469257799,0.267809520617591
0.617595694567956,0.000279573420746077,0.000297914804137381,0.000473665186807144,0.0216869683231829,0.123189186552611,0.267810588201242
0.61760069769491,0.000280430602998874,0.000298799702701006,0.0004736718629768,0.0216871502450195,0.123189903853394,0.267811655790498
0.617605700821864,0.000281291652632234,0.000299688549364103,0.000473678539287582,0.0216873321691283,0.123190621160149,0.26781272338536
0.617610703948819,0.000282156592582093,0.000300581367645917,0.000473685215739495,0.0216875140955093,0.123191338472876,0.267813790985827
0.617615707075773,0.000283025446483098,0.000301478181241147,0.000473691892332543,0.0216876960241625,0.123192055791574,0.267814858591899
0.617620710202727,0.000283898237698323,0.000302379014021366,0.00047369856906673,0.021687877955088,0.123192773116244,0.267815926203577
0.617625713329682,0.000284774989933724,0.000303283890036759,0.000473705245942059,0.0216880598882859,0.123193490446886,0.267816993820861
0.617630716456636,0.000285655727084057,0.000304192833517576,0.000473711922958534,0.0216882418237561,0.1231942077835,0.26781806144375
0.61763571958359,0.000286540473322168,0.000305105868875907,0.00047371860011616,0.0216884237614988,0.123194925126086,0.267819129072244
0.617640722710545,0.000287429252681497,0.000306023020707185,0.00047372527741494,0.0216886057015139,0.123195642474644,0.267820196706344
0.617645725837499,0.000288322089601186,0.000306944313791898,0.000473731954854879,0.0216887876438014,0.123196359829174,0.26782126434605
0.617650728964453,0.000289219008696097,0.000307869773097328,0.000473738632435981,0.0216889695883615,0.123197077189676,0.267822331991362
0.617655732091408,0.000290120034924045,0.000308799423779094,0.000473745310158248,0.0216891515351941,0.12319779455615,0.267823399642279
0.617660735218362,0.000291025193039872,0.000309733291183027,0.000473751988021686,0.0216893334842994,0.123198511928597,0.267824467298802
0.617665738345316,0.000291934508245333,0.000310671400846734,0.000473758666026299,0.0216895154356773,0.123199229307016,0.26782553496093
0.617670741472271,0.000292848006085172,0.000311613778501504,0.000473765344172089,0.0216896973893278,0.123199946691408,0.267826602628665
0.617675744599225,0.000293765711873957,0.000312560450073933,0.000473772022459062,0.021689879345251,0.123200664081772,0.267827670302005
0.617680747726179,0.00029468765146976,0.00031351144168776,0.000473778700887222,0.021690061303447,0.123201381478108,0.267828737980951
0.617685750853134,0.000295613850752897,0.000314466779665742,0.000473785379456572,0.0216902432639158,0.123202098880417,0.267829805665503
0.617690753980088,0.000296544335932522,0.000315426490531318,0.000473792058167115,0.0216904252266574,0.123202816288699,0.267830873355661
0.617695757107042,0.000297479133316509,0.000316390601010624,0.000473798737018858,0.0216906071916718,0.123203533702954,0.267831941051425
0.617700760233997,0.000298418269368444,0.00031735913803418,0.000473805416011802,0.0216907891589591,0.123204251123181,0.267833008752795
0.617705763360951,0.000299361771045268,0.000318332128738945,0.000473812095145953,0.0216909711285194,0.123204968549381,0.267834076459771
0.617710766487905,0.0003003096650777,0.000319309600470038,0.000473818774421313,0.0216911531003526,0.123205685981555,0.267835144172353
0.61771576961486,0.000301261978635164,0.00032029158078284,0.000473825453837888,0.0216913350744589,0.123206403419701,0.267836211890541
0.617720772741814,0.000302218739277391,0.000321278097444774,0.000473832133395681,0.0216915170508382,0.12320712086382,0.267837279614335
0.617725775868769,0.000303179974432523,0.000322269178437342,0.000473838813094696,0.0216916990294905,0.123207838313912,0.267838347343736
0.617730778995723,0.000304145711904238,0.000323264851958166,0.000473845492934938,0.021691881010416,0.123208555769978,0.267839415078742
0.617735782122677,0.00030511597971038,0.000324265146422842,0.000473852172916409,0.0216920629936146,0.123209273232017,0.267840482819355
0.617740785249632,0.000306090806183116,0.000325270090467147,0.000473858853039115,0.0216922449790865,0.123209990700029,0.267841550565574
0.617745788376586,0.000307070219532502,0.000326279712948903,0.000473865533303058,0.0216924269668316,0.123210708174014,0.267842618317399
0.61775079150354,0.000308054248692236,0.00032729404295023,0.000473872213708243,0.0216926089568499,0.123211425653973,0.267843686074831
0.617755794630495,0.000309042922530731,0.000328313109779484,0.000473878894254675,0.0216927909491415,0.123212143139905,0.267844753837869
0.617760797757449,0.00031003626993431,0.000329336942973439,0.000473885574942356,0.0216929729437065,0.123212860631811,0.267845821606513
0.617765800884403,0.000311034320416421,0.00033036557229949,0.000473892255771292,0.0216931549405449,0.123213578129691,0.267846889380764
0.617770804011358,0.000312037103502801,0.000331399027757667,0.000473898936741485,0.0216933369396567,0.123214295633544,0.267847957160621
0.617775807138312,0.000313044649075593,0.000332437339582993,0.000473905617852941,0.021693518941042,0.123215013143371,0.267849024946085
0.617780810265266,0.000314056987116859,0.000333480538247518,0.000473912299105662,0.0216937009447007,0.123215730659172,0.267850092737155
0.617785813392221,0.000315074147915659,0.000334528654462736,0.000473918980499653,0.021693882950633,0.123216448180947,0.267851160533832
0.617790816519175,0.000316096161993042,0.000335581719181682,0.000473925662034918,0.0216940649588388,0.123217165708695,0.267852228336115
0.617795819646129,0.000317123060068967,0.000336639763601286,0.000473932343711461,0.0216942469693183,0.123217883242418,0.267853296144005
0.617800822773084,0.000318154873298198,0.000337702819164754,0.000473939025529285,0.0216944289820714,0.123218600782114,0.267854363957502
0.617805825900038,0.000319191632865238,0.000338770917563735,0.000473945707488396,0.0216946109970982,0.123219318327785,0.267855431776605
0.617810829026992,0.000320233370072467,0.000339844090740876,0.000473952389588796,0.0216947930143987,0.12322003587943,0.267856499601315
0.617815832153947,0.000321280116877804,0.000340922370892017,0.00047395907183049,0.021694975033973,0.123220753437049,0.267857567431632
0.617820835280901,0.000322331905240948,0.000342005790468793,0.000473965754213482,0.021695157055821,0.123221471000643,0.267858635267555
0.617825838407855,0.000323388767391117,0.000343094382180887,0.000473972436737776,0.0216953390799429,0.123222188570211,0.267859703109085
0.61783084153481,0.000324450735926261,0.000344188178998686,0.000473979119403375,0.0216955211063387,0.123222906145753,0.267860770956223
0.617835844661764,0.00032551784355111,0.000345287214155613,0.000473985802210284,0.0216957031350084,0.12322362372727,0.267861838808967
0.617840847788719,0.000326590123276385,0.000346391521150716,0.000473992485158507,0.021695885165952,0.123224341314761,0.267862906667317
0.617845850915673,0.000327667608413269,0.000347501133751298,0.000473999168248048,0.0216960671991696,0.123225058908227,0.267863974531275
0.617850854042627,0.000328750332576099,0.000348616085995325,0.00047400585147891,0.0216962492346612,0.123225776507668,0.26786504240084
0.617855857169582,0.000329838329674918,0.000349736412194228,0.000474012534851098,0.0216964312724269,0.123226494113083,0.267866110276012
0.617860860296536,0.000330931633707009,0.000350862146935349,0.000474019218364615,0.0216966133124667,0.123227211724473,0.26786717815679
0.61786586342349,0.000332030279095577,0.000351993325084805,0.000474025902019466,0.0216967953547806,0.123227929341838,0.267868246043176
0.617870866550445,0.000333134300446274,0.000353129981790013,0.000474032585815655,0.0216969773993687,0.123228646965178,0.267869313935169
0.617875869677399,0.000334243732897472,0.000354272152482492,0.000474039269753185,0.021697159446231,0.123229364594493,0.267870381832769
0.617880872804353,0.000335358611417619,0.000355419872880703,0.000474045953832061,0.0216973414953675,0.123230082229784,0.267871449735976
0.617885875931308,0.000336478971805335,0.000356573178992657,0.000474052638052286,0.0216975235467784,0.123230799871049,0.267872517644791
0.617890879058262,0.000337604849712313,0.000357732107118947,0.000474059322413865,0.0216977056004635,0.123231517518289,0.267873585559212
0.617895882185216,0.000338736281246647,0.000358896693855395,0.000474066006916802,0.021697887656423,0.123232235171505,0.267874653479241
0.617900885312171,0.000339873302853125,0.000360066976096146,0.0004740726915611,0.0216980697146569,0.123232952830696,0.267875721404877
0.617905888439125,0.000341015951177554,0.000361242991036383,0.000474079376346763,0.0216982517751653,0.123233670495862,0.267876789336121
0.617910891566079,0.000342164263278763,0.000362424776175488,0.000474086061273796,0.0216984338379481,0.123234388167004,0.267877857272972
0.617915894693034,0.000343318276392932,0.000363612369319849,0.000474092746342203,0.0216986159030054,0.123235105844121,0.26787892521543
0.617920897819988,0.000344478028192111,0.000364805808585957,0.000474099431551987,0.0216987979703373,0.123235823527214,0.267879993163495
0.617925900946942,0.000345643556492541,0.000366005132403545,0.000474106116903152,0.0216989800399438,0.123236541216283,0.267881061117169
0.617930904073897,0.000346814899577843,0.000367210379518494,0.000474112802395703,0.0216991621118248,0.123237258911327,0.267882129076449
0.617935907200851,0.000347992096187832,0.000368421588996176,0.000474119488029643,0.0216993441859806,0.123237976612347,0.267883197041337
0.617940910327805,0.000349175184776961,0.0003696388002244,0.000474126173804977,0.021699526262411,0.123238694319342,0.267884265011833
0.61794591345476,0.000350364205093484,0.00037086205291683,0.000474132859721708,0.0216997083411162,0.123239412032314,0.267885332987936
0.617950916581714,0.000351559195992564,0.000372091387116034,0.00047413954577984,0.0216998904220962,0.123240129751261,0.267886400969647
0.617955919708668,0.000352760197755596,0.00037332684319684,0.000474146231979378,0.0217000725053509,0.123240847476185,0.267887468956965
0.617960922835623,0.000353967250511084,0.000374568461869732,0.000474152918320325,0.0217002545908805,0.123241565207085,0.267888536949891
0.617965925962577,0.00035518039471294,0.000375816284184008,0.000474159604802686,0.021700436678685,0.12324228294396,0.267889604948425
0.617970929089532,0.000356399671133365,0.000377070351531394,0.000474166291426463,0.0217006187687644,0.123243000686812,0.267890672952566
0.617975932216486,0.000357625121060163,0.000378330705649255,0.000474172978191662,0.0217008008611188,0.12324371843564,0.267891740962316
0.61798093534344,0.000358856786025282,0.000379597388624282,0.000474179665098287,0.0217009829557482,0.123244436190445,0.267892808977673
0.617985938470395,0.000360094707870956,0.000380870442895817,0.000474186352146341,0.0217011650526526,0.123245153951226,0.267893876998638
0.617990941597349,0.000361338929017488,0.000382149911259481,0.000474193039335827,0.0217013471518321,0.123245871717983,0.267894945025211
0.617995944724303,0.000362589491828068,0.000383435836870861,0.000474199726666752,0.0217015292532867,0.123246589490717,0.267896013057391
0.618000947851258,0.000363846439281294,0.000384728263248945,0.000474206414139117,0.0217017113570165,0.123247307269427,0.26789708109518
0.618005950978212,0.000365109814889751,0.000386027234280031,0.000474213101752928,0.0217018934630214,0.123248025054114,0.267898149138576
0.618010954105166,0.000366379662125534,0.00038733279422122,0.000474219789508188,0.0217020755713016,0.123248742844778,0.267899217187581
0.618015957232121,0.000367656025293256,0.000388644987704417,0.000474226477404901,0.021702257681857,0.123249460641419,0.267900285242194
0.618020960359075,0.000368938948566571,0.000389963859739912,0.000474233165443071,0.0217024397946877,0.123250178444036,0.267901353302414
0.618025963486029,0.000370228476781156,0.000391289455720465,0.000474239853622703,0.0217026219097938,0.12325089625263,0.267902421368243
0.618030966612984,0.000371524655280687,0.000392621821425015,0.0004742465419438,0.0217028040271752,0.123251614067201,0.26790348943968
0.618035969739938,0.000372827529600886,0.000393961003022707,0.000474253230406366,0.0217029861468321,0.123252331887749,0.267904557516725
0.618040972866892,0.000374137145610946,0.000395307047076989,0.000474259919010405,0.0217031682687644,0.123253049714275,0.267905625599378
0.618045975993847,0.000375453549774983,0.000396660000549441,0.000474266607755921,0.0217033503929722,0.123253767546777,0.26790669368764
0.618050979120801,0.000376776788880291,0.000398019910804113,0.000474273296642918,0.0217035325194555,0.123254485385256,0.267907761781509
0.618055982247755,0.000378106910014798,0.000399386825611429,0.000474279985671401,0.0217037146482144,0.123255203229713,0.267908829880987
0.61806098537471,0.00037944396070421,0.000400760793152613,0.000474286674841372,0.0217038967792489,0.123255921080147,0.267909897986074
0.618065988501664,0.000380787989166585,0.000402141862023733,0.000474293364152837,0.021704078912559,0.123256638936559,0.267910966096768
0.618070991628618,0.000382139043483952,0.000403530081240075,0.000474300053605799,0.0217042610481448,0.123257356798948,0.267912034213071
0.618075994755573,0.000383497172734423,0.00040492550024059,0.000474306743200262,0.0217044431860063,0.123258074667314,0.267913102334983
0.618080997882527,0.000384862426045196,0.000406328168892073,0.00047431343293623,0.0217046253261435,0.123258792541658,0.267914170462503
0.618086001009482,0.000386234853148977,0.000407738137493867,0.000474320122813707,0.0217048074685566,0.12325951042198,0.267915238595631
0.618091004136436,0.000387614504137648,0.000409155456782117,0.000474326812832697,0.0217049896132455,0.123260228308279,0.267916306734368
0.61809600726339,0.000389001429348456,0.000410580177934587,0.000474333502993204,0.0217051717602102,0.123260946200556,0.267917374878714
0.618101010390344,0.000390395680004166,0.000412012352575021,0.000474340193295232,0.0217053539094508,0.123261664098811,0.267918443028668
0.618106013517299,0.000391797307539758,0.000413452032778072,0.000474346883738785,0.0217055360609674,0.123262382003044,0.26791951118423
0.618111016644253,0.000393206363852478,0.000414899271073813,0.000474353574323868,0.02170571821476,0.123263099913255,0.267920579345402
0.618116019771208,0.000394622900939117,0.000416354120452616,0.000474360265050483,0.0217059003708286,0.123263817829444,0.267921647512181
0.618121022898162,0.000396046971964782,0.000417816634370103,0.000474366955918635,0.0217060825291732,0.123264535751611,0.26792271568457
0.618126026025116,0.000397478630156137,0.000419286866751823,0.000474373646928328,0.0217062646897939,0.123265253679756,0.267923783862568
0.618131029152071,0.000398917929099442,0.000420764871998481,0.000474380338079567,0.0217064468526908,0.123265971613879,0.267924852046174
0.618136032279025,0.000400364923018512,0.000422250704990708,0.000474387029372354,0.0217066290178638,0.12326668955398,0.267925920235389
0.618141035405979,0.000401819666789624,0.000423744421094412,0.000474393720806694,0.021706811185313,0.12326740750006,0.267926988430213
0.618146038532934,0.000403282215249803,0.000425246076165708,0.000474400412382592,0.0217069933550384,0.123268125452118,0.267928056630645
0.618151041659888,0.000404752624404333,0.000426755726556228,0.00047440710410005,0.0217071755270402,0.123268843410155,0.267929124836687
0.618156044786842,0.000406230950218798,0.000428273429118511,0.000474413795959073,0.0217073577013182,0.12326956137417,0.267930193048337
0.618161047913797,0.00040771724951474,0.000429799241211116,0.000474420487959665,0.0217075398778726,0.123270279344164,0.267931261265597
0.618166051040751,0.000409211579329344,0.000431333220704307,0.00047442718010183,0.0217077220567034,0.123270997320136,0.267932329488465
0.618171054167705,0.000410713997306056,0.000432875425985268,0.000474433872385572,0.0217079042378106,0.123271715302087,0.267933397716943
0.61817605729466,0.000412224561794937,0.000434425915963928,0.000474440564810894,0.0217080864211943,0.123272433290017,0.267934465951029
0.618181060421614,0.000413743331523117,0.000435984750078343,0.000474447257377802,0.0217082686068545,0.123273151283926,0.267935534190725
0.618186063548568,0.000415270365589898,0.000437551988300492,0.000474453950086299,0.0217084507947912,0.123273869283813,0.26793660243603
0.618191066675523,0.00041680572396701,0.000439127691142145,0.000474460642936388,0.0217086329850046,0.12327458728968,0.267937670686944
0.618196069802477,0.000418349466657715,0.000440711919660461,0.000474467335928075,0.0217088151774945,0.123275305301525,0.267938738943467
0.618201072929431,0.000419901655002153,0.000442304735464177,0.000474474029061362,0.0217089973722611,0.12327602331935,0.267939807205599
0.618206076056386,0.000421462349987253,0.000443906200719309,0.000474480722336254,0.0217091795693043,0.123276741343153,0.267940875473341
0.61821107918334,0.000423031613959403,0.000445516378155505,0.000474487415752755,0.0217093617686244,0.123277459372936,0.267941943746692
0.618216082310294,0.00042460950931166,0.000447135331071894,0.000474494109310869,0.0217095439702211,0.123278177408699,0.267943012025652
0.618221085437249,0.000426196098887679,0.00044876312334359,0.0004745008030106,0.0217097261740947,0.12327889545044,0.267944080310221
0.618226088564203,0.000427791446996205,0.000450399819427739,0.000474507496851952,0.0217099083802451,0.123279613498161,0.2679451486004
0.618231091691158,0.000429395617575203,0.000452045484370005,0.000474514190834928,0.0217100905886724,0.123280331551861,0.267946216896189
0.618232833105957,0.000429956055239234,0.000452620399399497,0.000474516520811235,0.0217101540096344,0.123280581482829,0.267946588734181
0.618236094818112,0.000431008675480841,0.000453700183811134,0.000474520884959534,0.0217102727993767,0.123281049611541,0.267947285197586
0.618241097945066,0.00043263068610462,0.000455363983993245,0.000474527579225772,0.0217104550123578,0.123281767677201,0.267948353504594
0.618246101072021,0.00043426171553899,0.000457036951766746,0.000474534273633647,0.021710637227616,0.12328248574884,0.267949421817211
0.618251104198975,0.000435901830808303,0.000458719154596751,0.000474540968183163,0.0217108194451512,0.123283203826459,0.267950490135437
0.618256107325929,0.000437551098743938,0.000460410660570176,0.000474547662874323,0.0217110016649635,0.123283921910057,0.267951558459273
0.618261110452884,0.00043920958769253,0.000462111538402358,0.000474554357707133,0.0217111838870528,0.123284639999636,0.267952626788718
0.618266113579838,0.000440877365665055,0.000463821857444149,0.000474561052681595,0.0217113661114194,0.123285358095194,0.267953695123774
0.618271116706792,0.000442554502388224,0.000465541687689089,0.000474567747797714,0.0217115483380631,0.123286076196732,0.267954763464438
0.618276119833747,0.00044424106740864,0.000467271099780299,0.000474574443055494,0.021711730566984,0.123286794304251,0.267955831810713
0.618281122960701,0.00044593713123528,0.000469010165018037,0.000474581138454939,0.0217119127981822,0.123287512417749,0.267956900162597
0.618286126087655,0.000447642764990779,0.000470758955366734,0.000474587833996053,0.0217120950316576,0.123288230537228,0.267957968520091
0.61829112921461,0.000449358040791516,0.000472517543462743,0.000474594529678839,0.0217122772674105,0.123288948662687,0.267959036883195
0.618296132341564,0.000451083030524397,0.000474286002621568,0.000474601225503302,0.0217124595054406,0.123289666794126,0.267960105251909
0.618301135468518,0.000452817807831686,0.000476064406845812,0.000474607921469446,0.0217126417457482,0.123290384931545,0.267961173626232
0.618306138595473,0.000454562446466012,0.000477852830832639,0.000474614617577275,0.0217128239883332,0.123291103074945,0.267962242006166
0.618311141722427,0.000456317020751766,0.000479651349981731,0.000474621313826792,0.0217130062331957,0.123291821224325,0.267963310391709
0.618316144849381,0.000458081606263217,0.000481460040403348,0.000474628010218003,0.0217131884803358,0.123292539379686,0.267964378782863
0.618321147976336,0.000459856278743599,0.000483278978926101,0.00047463470675091,0.0217133707297534,0.123293257541027,0.267965447179626
0.61832615110329,0.00046164111480908,0.000485108243105419,0.000474641403425517,0.0217135529814486,0.123293975708349,0.267966515582
0.618331154230244,0.000463436192359376,0.000486947911231494,0.00047464810024183,0.0217137352354214,0.123294693881652,0.267967583989983
0.618336157357199,0.000465241588983025,0.000488798062337976,0.000474654797199851,0.0217139174916719,0.123295412060935,0.267968652403577
0.618341160484153,0.000467057383781076,0.000490658776210166,0.000474661494299586,0.0217140997502001,0.123296130246199,0.26796972082278
0.618346163611108,0.000468883656270665,0.000492530133393743,0.000474668191541036,0.021714282011006,0.123296848437445,0.267970789247594
0.618351166738062,0.000470720487189385,0.000494412215203591,0.000474674888924208,0.0217144642740898,0.123297566634671,0.267971857678018
0.618356169865016,0.000472567957369581,0.000496305103732341,0.000474681586449105,0.0217146465394513,0.123298284837878,0.267972926114052
0.618361172991971,0.000474426149146031,0.00049820888185965,0.00047468828411573,0.0217148288070907,0.123299003047066,0.267973994555697
0.618366176118925,0.000476295144767109,0.000500123633260929,0.000474694981924088,0.021715011077008,0.123299721262236,0.267975063002952
0.618371179245879,0.00047817502809767,0.000502049442416874,0.000474701679874183,0.0217151933492033,0.123300439483386,0.267976131455817
0.618376182372834,0.000480065883690563,0.000503986394622478,0.000474708377966018,0.0217153756236765,0.123301157710518,0.267977199914292
0.618381185499788,0.000481967796307469,0.000505934575996594,0.000474715076199598,0.0217155579004277,0.123301875943632,0.267978268378378
0.618386188626742,0.000483880852164383,0.000507894073491638,0.000474721774574927,0.021715740179457,0.123302594182726,0.267979336848075
0.618391191753697,0.000485805138207249,0.000509864974902975,0.000474728473092009,0.0217159224607644,0.123303312427803,0.267980405323381
0.618396194880651,0.000487740741824698,0.000511847368879101,0.000474735171750847,0.0217161047443498,0.12330403067886,0.267981473804298
0.618401198007605,0.000489687751877018,0.000513841344931246,0.000474741870551446,0.0217162870302135,0.123304748935899,0.267982542290826
0.61840620113456,0.000491646257512039,0.000515846993443834,0.00047474856949381,0.0217164693183553,0.12330546719892,0.267983610782965
0.618411204261514,0.000493616349033139,0.000517864405684357,0.000474755268577943,0.0217166516087754,0.123306185467923,0.267984679280713
0.618416207388468,0.00049559811790729,0.000519893673814109,0.000474761967803848,0.0217168339014738,0.123306903742907,0.267985747784073
0.618421210515423,0.000497591655772986,0.000521934890898393,0.000474768667171531,0.0217170161964505,0.123307622023874,0.267986816293043
0.618426213642377,0.000499597055935826,0.000523988150917316,0.000474775366680994,0.0217171984937055,0.123308340310822,0.267987884807624
0.618431216769331,0.000501614412159114,0.000526053548776738,0.000474782066332241,0.0217173807932389,0.123309058603752,0.267988953327815
0.618436219896286,0.00050364381918208,0.00052813118031891,0.000474788766125278,0.0217175630950507,0.123309776902664,0.267990021853618
0.61844122302324,0.000505685372921801,0.000530221142333953,0.000474795466060107,0.021717745399141,0.123310495207558,0.267991090385031
0.618446226150194,0.000507739170043448,0.000532323532570755,0.000474802166136733,0.0217179277055098,0.123311213518435,0.267992158922054
0.618451229277149,0.000509805307990025,0.000534438449748761,0.00047480886635516,0.0217181100141571,0.123311931835294,0.267993227464689
0.618456232404103,0.000511883885812354,0.00053656599356923,0.000474815566715391,0.021718292325083,0.123312650158134,0.267994296012935
0.618461235531057,0.000513975003072072,0.000538706264727117,0.000474822267217431,0.0217184746382875,0.123313368486958,0.267995364566791
0.618466238658012,0.000516078759695246,0.000540859364923117,0.000474828967861284,0.0217186569537707,0.123314086821763,0.267996433126258
0.618471241784966,0.000518195258517366,0.000543025396875413,0.000474835668646954,0.0217188392715326,0.123314805162552,0.267997501691337
0.618476244911921,0.000520324601505852,0.000545204464332295,0.000474842369574444,0.0217190215915732,0.123315523509322,0.267998570262026
0.618481248038875,0.000522466892226949,0.00054739667208419,0.000474849070643759,0.0217192039138925,0.123316241862076,0.267999638838326
0.618486251165829,0.000524622235681141,0.000549602125976643,0.000474855771854903,0.0217193862384907,0.123316960220811,0.268000707420238
0.618491254292784,0.000526790737748934,0.00055182093292269,0.00047486247320788,0.0217195685653676,0.12331767858553,0.26800177600776
0.618496257419738,0.000528972505070775,0.000554053200916198,0.000474869174702694,0.0217197508945235,0.123318396956232,0.268002844600894
0.618501260546692,0.000531167645819636,0.000556299039044655,0.000474875876339348,0.0217199332259583,0.123319115332916,0.268003913199639
0.618506263673647,0.000533376268960876,0.000558558557502632,0.000474882578117847,0.021720115559672,0.123319833715583,0.268004981803995
0.618511266800601,0.000535598484702024,0.000560831867605444,0.000474889280038195,0.0217202978956648,0.123320552104233,0.268006050413962
0.618516269927555,0.000537834404067919,0.000563119081802494,0.000474895982100395,0.0217204802339365,0.123321270498867,0.26800711902954
0.61852127305451,0.000540084139864375,0.000565420313691577,0.000474902684304453,0.0217206625744873,0.123321988899483,0.26800818765073
0.618526276181464,0.000542347805761035,0.000567735678032567,0.000474909386650371,0.0217208449173172,0.123322707306082,0.268009256277531
0.618531279308418,0.000544625516030377,0.00057006529076212,0.000474916089138154,0.0217210272624263,0.123323425718665,0.268010324909944
0.618536282435373,0.000546917387061522,0.000572409269007822,0.000474922791767805,0.0217212096098145,0.123324144137231,0.268011393547968
0.618541285562327,0.000549223535745023,0.000574767731103049,0.00047492949453933,0.021721391959482,0.12332486256178,0.268012462191603
0.618546288689281,0.000551544080185112,0.000577140796602052,0.000474936197452731,0.0217215743114287,0.123325580992313,0.26801353084085
0.618551291816236,0.000553879140733498,0.000579528586294728,0.000474942900508013,0.0217217566656547,0.123326299428829,0.268014599495708
0.61855629494319,0.000556228837379132,0.0005819312222224,0.00047494960370518,0.02172193902216,0.123327017871329,0.268015668156178
0.618561298070144,0.000558593292948916,0.000584348827692979,0.000474956307044235,0.0217221213809447,0.123327736319813,0.268016736822259
0.618566301197099,0.000560972630333701,0.000586781527297193,0.000474963010525184,0.0217223037420088,0.12332845477428,0.268017805493952
0.618571304324053,0.000563366973823878,0.000589229446924258,0.000474969714148029,0.0217224861053524,0.12332917323473,0.268018874171256
0.618576307451007,0.000565776450103167,0.00059169271377831,0.000474976417912775,0.0217226684709754,0.123329891701165,0.268019942854172
0.618581310577962,0.000568201186218335,0.00059417145639508,0.000474983121819426,0.021722850838878,0.123330610173583,0.2680210115427
0.618586313704916,0.000570641310590094,0.000596665804658271,0.000474989825867986,0.0217230332090601,0.123331328651986,0.26802208023684
0.618591316831871,0.000573096953107483,0.000599175889816992,0.000474996530058458,0.0217232155815217,0.123332047136372,0.268023148936591
0.618596319958825,0.000575568245239875,0.000601701844502575,0.000475003234390848,0.0217233979562631,0.123332765626742,0.268024217641954
0.618601323085779,0.000578055319996118,0.000604243802746521,0.000475009938865158,0.0217235803332841,0.123333484123097,0.268025286352929
0.618606326212733,0.000580558310940494,0.000606801899997823,0.000475016643481393,0.0217237627125848,0.123334202625436,0.268026355069515
0.618611329339688,0.000583077354114845,0.000609376273141441,0.000475023348239557,0.0217239450941652,0.123334921133758,0.268027423791714
0.618616332466642,0.000585612586078884,0.000611967060516207,0.000475030053139653,0.0217241274780254,0.123335639648066,0.268028492519524
0.618621335593597,0.000588164145651672,0.000614574401933564,0.000475036758181687,0.0217243098641655,0.123336358168357,0.268029561252947
0.618626338720551,0.000590732172626537,0.000617198438696586,0.000475043463365661,0.0217244922525854,0.123337076694633,0.268030629991981
0.618631341847505,0.000593316808429108,0.000619839313618702,0.000475050168691581,0.0217246746432852,0.123337795226893,0.268031698736627
0.61863634497446,0.000595918196111589,0.000622497171043579,0.000475056874159449,0.0217248570362649,0.123338513765139,0.268032767486886
0.618641348101414,0.000598536479930231,0.000625172156864361,0.00047506357976927,0.0217250394315246,0.123339232309368,0.268033836242756
0.618646351228368,0.000601171806065405,0.000627864418544142,0.000475070285521048,0.0217252218290643,0.123339950859582,0.268034905004239
0.618651354355323,0.000603824322405398,0.000630574105135863,0.000475076991414787,0.0217254042288841,0.123340669415781,0.268035973771333
0.618656357482277,0.000606494178001285,0.000633301367303098,0.00047508369745049,0.0217255866309839,0.123341387977965,0.26803704254404
0.618661360609231,0.000609181523531491,0.000636046357341166,0.000475090403628163,0.0217257690353638,0.123342106546134,0.268038111322359
0.618666363736186,0.000611886511363637,0.000638809229197945,0.000475097109947809,0.021725951442024,0.123342825120287,0.26803918010629
0.61867136686314,0.000614609296415207,0.000641590138495931,0.000475103816409431,0.0217261338509643,0.123343543700426,0.268040248895834
0.618676369990094,0.000617350033664307,0.000644389242553643,0.000475110523013034,0.0217263162621848,0.123344262286549,0.26804131769099
0.618681373117049,0.000620108881391056,0.000647206700408345,0.000475117229758623,0.0217264986756856,0.123344980878658,0.268042386491758
0.618686376244003,0.000622885998243394,0.000650042672838122,0.0004751239366462,0.0217266810914668,0.123345699476752,0.268043455298138
0.618691379370957,0.000625681545759791,0.000652897322385296,0.00047513064367577,0.0217268635095282,0.123346418080831,0.268044524110131
0.618696382497912,0.000628495686780273,0.000655770813379261,0.000475137350847338,0.0217270459298701,0.123347136690896,0.268045592927736
0.618701385624866,0.000631328584995286,0.000658663311960292,0.000475144058160906,0.0217272283524924,0.123347855306945,0.268046661750954
0.61870638875182,0.000634180407491493,0.000661574986103744,0.000475150765616479,0.0217274107773951,0.123348573928981,0.268047730579784
0.618711391878775,0.000637051323122406,0.000664506005643957,0.000475157473214061,0.0217275932045784,0.123349292557001,0.268048799414227
0.618716395005729,0.000639941501054852,0.000667456542299524,0.000475164180953656,0.0217277756340422,0.123350011191008,0.268049868254282
0.618721398132683,0.000642851113986738,0.000670426769697899,0.000475170888835268,0.0217279580657865,0.123350729830999,0.26805093709995
0.618726401259638,0.000645780335096805,0.000673416863401441,0.000475177596858901,0.0217281404998115,0.123351448476977,0.268052005951231
0.618731404386592,0.000648729341046978,0.000676427000932872,0.000475184305024559,0.0217283229361171,0.12335216712894,0.268053074808124
0.618736407513547,0.00065169830955922,0.000679457361801801,0.000475191013332246,0.0217285053747034,0.123352885786889,0.26805414367063
0.618741410640501,0.000654687420367819,0.000682508127531668,0.000475197721781966,0.0217286878155704,0.123353604450824,0.268055212538748
0.618746413767455,0.000657696855358376,0.000685579481686428,0.000475204430373724,0.0217288702587182,0.123354323120745,0.26805628141248
0.61875141689441,0.000660726798663459,0.000688671609898685,0.000475211139107522,0.0217290527041468,0.123355041796652,0.268057350291824
0.618756420021364,0.000663777436127114,0.000691784699897166,0.000475217847983365,0.0217292351518562,0.123355760478545,0.26805841917678
0.618761423148318,0.000666848956345098,0.000694918941535744,0.000475224557001258,0.0217294176018465,0.123356479166424,0.26805948806735
0.618766426275273,0.00066994154927504,0.000698074526821869,0.000475231266161203,0.0217296000541178,0.123357197860289,0.268060556963533
0.618771429402227,0.000673055406846706,0.000701251649946158,0.000475237975463205,0.0217297825086699,0.123357916560141,0.268061625865328
0.618776432529181,0.000676190724722012,0.000704450507312455,0.000475244684907269,0.0217299649655031,0.123358635265979,0.268062694772737
0.618781435656136,0.000679347699293456,0.000707671297567662,0.000475251394493398,0.0217301474246173,0.123359353977803,0.268063763685758
0.61878643878309,0.000682526530028868,0.000710914221633118,0.000475258104221596,0.0217303298860125,0.123360072695613,0.268064832604392
0.618791441910044,0.000685727417994814,0.000714179482735336,0.000475264814091867,0.0217305123496889,0.12336079141941,0.26806590152864
0.618796445036999,0.000688950566732805,0.000717467286438383,0.000475271524104215,0.0217306948156464,0.123361510149194,0.2680669704585
0.618801448163953,0.000692196183410719,0.000720777840675631,0.000475278234258644,0.021730877283885,0.123362228884964,0.268068039393974
0.618806451290907,0.000695464475071278,0.000724111355783179,0.000475284944555158,0.0217310597544049,0.123362947626721,0.268069108335061
0.618811454417862,0.000698755654253541,0.000727468044532724,0.000475291654993762,0.021731242227206,0.123363666374465,0.26807017728176
0.618816457544816,0.000702069933076797,0.000730848122165695,0.000475298365574459,0.0217314247022885,0.123364385128195,0.268071246234074
0.61882146067177,0.000705407528051379,0.000734251806427954,0.000475305076297253,0.0217316071796522,0.123365103887913,0.268072315192
0.618826463798725,0.0007087686572398,0.000737679317604305,0.000475311787162148,0.0217317896592973,0.123365822653617,0.268073384155539
0.618831466925679,0.000712153542032773,0.000741130878554707,0.000475318498169148,0.0217319721412239,0.123366541425308,0.268074453124692
0.618836470052633,0.000715562405365509,0.000744606714749852,0.000475325209318258,0.0217321546254318,0.123367260202987,0.268075522099458
0.618841473179588,0.000718995473960923,0.000748107054308574,0.000475331920609481,0.0217323371119213,0.123367978986652,0.268076591079838
0.618846476306542,0.000722452976567434,0.000751632128034691,0.000475338632042821,0.0217325196006922,0.123368697776305,0.268077660065831
0.618851479433496,0.000725935144210169,0.000755182169455252,0.000475345343618282,0.0217327020917448,0.123369416571945,0.268078729057437
0.618856482560451,0.00072944221177907,0.000758757414859412,0.000475352055335869,0.0217328845850789,0.123370135373572,0.268079798054657
0.618861485687405,0.000732974416282128,0.000762358103337157,0.000475358767195585,0.0217330670806946,0.123370854181187,0.26808086705749
0.61886648881436,0.000736531997683226,0.000765984476819876,0.000475365479197434,0.021733249578592,0.123371572994789,0.268081936065937
0.618871491941314,0.000740115198355716,0.000769636780120313,0.00047537219134142,0.0217334320787711,0.123372291814378,0.268083005079998
0.618876495068268,0.000743724264367934,0.000773315260974495,0.000475378903627548,0.021733614581232,0.123373010639956,0.268084074099672
0.618881498195223,0.000747359444060275,0.000777020170083046,0.000475385616055821,0.0217337970859746,0.12337372947152,0.268085143124959
0.618886501322177,0.000751020989551049,0.000780751761154514,0.000475392328626244,0.0217339795929991,0.123374448309073,0.26808621215586
0.618891504449131,0.000754709154673995,0.00078451029094819,0.00047539904133882,0.0217341621023054,0.123375167152613,0.268087281192375
0.618896507576086,0.000758424198223414,0.000788296019318469,0.000475405754193553,0.0217343446138936,0.123375886002141,0.268088350234504
0.61890151070304,0.000762166380314684,0.000792109209259978,0.000475412467190448,0.0217345271277638,0.123376604857657,0.268089419282246
0.618906513829994,0.000765935964913986,0.000795950126952612,0.000475419180329508,0.0217347096439159,0.123377323719161,0.268090488335602
0.618911516956949,0.000769733219711775,0.000799819041808616,0.000475425893610737,0.02173489216235,0.123378042586652,0.268091557394572
0.618916520083903,0.00077355841457416,0.000803716226519098,0.00047543260703414,0.0217350746830662,0.123378761460132,0.268092626459156
0.618921523210857,0.000777411824189331,0.000807641957102714,0.000475439320599721,0.0217352572060644,0.1233794803396,0.268093695529354
0.618926526337812,0.000781293725042534,0.00081159651295389,0.000475446034307483,0.0217354397313448,0.123380199225057,0.268094764605165
0.618931529464766,0.00078520439754286,0.000815580176892732,0.00047545274815743,0.0217356222589073,0.123380918116501,0.268095833686591
0.61893653259172,0.000789144126132412,0.000819593235215812,0.000475459462149567,0.0217358047887521,0.123381637013934,0.26809690277363
0.618941535718675,0.000793113198106277,0.000823635977746928,0.000475466176283897,0.021735987320879,0.123382355917355,0.268097971866284
0.618946538845629,0.000797111904780458,0.000827708697890093,0.000475472890560425,0.0217361698552883,0.123383074826765,0.268099040964551
0.618951541972583,0.000801140540929913,0.000831811692681989,0.000475479604979154,0.0217363523919798,0.123383793742163,0.268100110068433
0.618956545099538,0.000805199404429811,0.000835945262846798,0.000475486319540089,0.0217365349309537,0.123384512663549,0.268101179177929
0.618961548226492,0.000809288797621244,0.000840109712850606,0.000475493034243233,0.02173671747221,0.123385231590925,0.268102248293039
0.618966551353446,0.000813409026909046,0.000844305350957678,0.000475499749088591,0.0217369000157487,0.123385950524289,0.268103317413762
0.618971554480401,0.000817560401097999,0.000848532489287723,0.000475506464076167,0.0217370825615699,0.123386669463642,0.268104386540101
0.618976557607355,0.000821743234104483,0.00085279144387323,0.000475513179205964,0.0217372651096735,0.123387388408983,0.268105455672053
0.61898156073431,0.000825957843522678,0.000857082534719214,0.000475519894477987,0.0217374476600597,0.123388107360314,0.26810652480962
0.618986563861264,0.000830204550953505,0.00086140608586251,0.00047552660989224,0.0217376302127285,0.123388826317633,0.268107593952801
0.618991566988218,0.000834483681953498,0.000865762425433637,0.000475533325448726,0.0217378127676799,0.123389545280942,0.268108663101596
0.618996570115173,0.00083879556614744,0.000870151885718221,0.000475540041147449,0.0217379953249139,0.123390264250239,0.268109732256006
0.619001573242127,0.000843140537918514,0.000874574803221057,0.000475546756988415,0.0217381778844306,0.123390983225526,0.26811080141603
0.619006576369081,0.000847518934646158,0.000879031518729851,0.000475553472971626,0.0217383604462301,0.123391702206802,0.268111870581668
0.619011579496036,0.000851931099937332,0.000883522377381081,0.000475560189097087,0.0217385430103123,0.123392421194067,0.268112939752921
0.61901658262299,0.000856377380060026,0.000888047728727039,0.000475566905364802,0.0217387255766773,0.123393140187321,0.268114008929789
0.619021585749944,0.000860858126395831,0.000892607926803076,0.000475573621774774,0.0217389081453252,0.123393859186565,0.268115078112271
0.619026588876899,0.000865373695337369,0.000897203330197567,0.000475580338327008,0.0217390907162559,0.123394578191798,0.268116147300367
0.619031592003853,0.000869924446930089,0.000901834302121517,0.000475587055021508,0.0217392732894695,0.123395297203021,0.268117216494078
0.619036595130807,0.000874510746034016,0.000906501210481056,0.000475593771858278,0.0217394558649661,0.123396016220234,0.268118285693404
0.619041598257762,0.000879132962702613,0.000911204427949714,0.000475600488837322,0.0217396384427457,0.123396735243436,0.268119354898344
0.619046601384716,0.000883791472648938,0.000915944332043028,0.000475607205958643,0.0217398210228083,0.123397454272627,0.268120424108899
0.61905160451167,0.00088848665487437,0.000920721305194536,0.000475613923222246,0.021740003605154,0.123398173307809,0.268121493325069
0.619056607638625,0.000893218893762196,0.00092553573483208,0.000475620640628135,0.0217401861897828,0.12339889234898,0.268122562546854
0.619061610765579,0.000897988579594956,0.00093038801345712,0.000475627358176315,0.0217403687766947,0.123399611396142,0.268123631774253
0.619066613892533,0.000902796106171159,0.000935278538723777,0.000475634075866788,0.0217405513658898,0.123400330449293,0.268124701007267
0.619071617019488,0.000907641874017808,0.000940207713521068,0.000475640793699558,0.0217407339573681,0.123401049508434,0.268125770245896
0.619076620146442,0.000912526288863269,0.000945175946054917,0.000475647511674631,0.0217409165511297,0.123401768573565,0.26812683949014
0.619081623273396,0.000917449760899095,0.000950183649933432,0.00047565422979201,0.0217410991471746,0.123402487644687,0.268127908739999
0.619086626400351,0.000922412705969114,0.000955231244252123,0.000475660948051699,0.0217412817455028,0.123403206721798,0.268128977995472
0.619091629527305,0.000927415546029783,0.000960319153681796,0.000475667666453702,0.0217414643461143,0.1234039258049,0.268130047256561
0.61909663265426,0.000932458708029343,0.000965447808558114,0.000475674384998023,0.0217416469490093,0.123404644893992,0.268131116523265
0.619101635781214,0.000937542625815787,0.000970617644971683,0.000475681103684665,0.0217418295541877,0.123405363989075,0.268132185795583
0.619106638908168,0.000942667737899192,0.000975829104861548,0.000475687822513634,0.0217420121616496,0.123406083090148,0.268133255073517
0.619111642035122,0.000947834488647502,0.000981082636108603,0.000475694541484933,0.021742194771395,0.123406802197212,0.268134324357066
0.619116645162077,0.000953043328789596,0.000986378692632624,0.000475701260598567,0.021742377383424,0.123407521310266,0.26813539364623
0.619121648289031,0.000958294715814721,0.000991717734489378,0.000475707979854538,0.0217425599977365,0.123408240429311,0.268136462941009
0.619126651415986,0.000963589112569185,0.000997100227970756,0.000475714699252851,0.0217427426143327,0.123408959554346,0.268137532241403
0.61913165454294,0.000968926988033692,0.00100252664570681,0.000475721418793511,0.0217429252332126,0.123409678685373,0.268138601547413
0.619136657669894,0.000974308818441912,0.00100799746676852,0.00047572813847652,0.0217431078543761,0.12341039782239,0.268139670859038
0.619141660796849,0.000979735085321976,0.00101351317677439,0.000475734858301884,0.0217432904778235,0.123411116965398,0.268140740176278
0.619146663923803,0.00098520627970856,0.00101907426799708,0.000475741578269606,0.0217434731035545,0.123411836114397,0.268141809499134
0.619151667050757,0.000990722894953602,0.00102468123947405,0.000475748298379691,0.0217436557315695,0.123412555269387,0.268142878827604
0.619156670177712,0.000996285434460688,0.00103033459711857,0.000475755018632142,0.0217438383618683,0.123413274430368,0.268143948161691
0.619161673304666,0.00100189440796573,0.001036034853834,0.000475761739026962,0.0217440209944509,0.12341399359734,0.268145017501392
0.61916667643162,0.00100755033158549,0.00104178252963037,0.000475768459564158,0.0217442036293175,0.123414712770304,0.26814608684671
0.619171679558575,0.00101325372848455,0.00104757815174194,0.000475775180243731,0.0217443862664681,0.123415431949259,0.268147156197642
0.619176682685529,0.00101900513222822,0.00105342225474893,0.000475781901065687,0.0217445689059027,0.123416151134205,0.26814822555419
0.619181685812483,0.00102480507853946,0.00105931538069965,0.000475788622030029,0.0217447515476214,0.123416870325142,0.268149294916354
0.619186688939438,0.00103065411496208,0.001065258079237,0.000475795343136762,0.0217449341916241,0.123417589522071,0.268150364284133
0.619191692066392,0.00103655279414993,0.00107125090772543,0.000475802064385889,0.0217451168379109,0.123418308724992,0.268151433657528
0.619196695193346,0.00104250167898832,0.00107729443138252,0.000475808785777415,0.0217452994864819,0.123419027933904,0.268152503036539
0.619201698320301,0.00104850133774864,0.00108338922341111,0.000475815507311343,0.0217454821373371,0.123419747148808,0.268153572421165
0.619206701447255,0.00105455234803368,0.00108953586513544,0.000475822228987677,0.0217456647904766,0.123420466369703,0.268154641811407
0.619211704574209,0.00106065529714582,0.00109573494613996,0.000475828950806422,0.0217458474459003,0.12342118559659,0.268155711207265
0.619216707701164,0.00106681077784018,0.00110198706440959,0.000475835672767581,0.0217460301036083,0.123421904829469,0.268156780608738
0.619221710828118,0.00107301939314765,0.00110829282647479,0.000475842394871159,0.0217462127636007,0.123422624068341,0.268157850015828
0.619226713955072,0.00107928175458742,0.00111465284755736,0.00047584911711716,0.0217463954258775,0.123423343313203,0.268158919428533
0.619231717082027,0.00108559848242986,0.00112106775172141,0.000475855839505587,0.0217465780904387,0.123424062564058,0.268159988846854
0.619236720208981,0.00109197020478702,0.00112753817202521,0.000475862562036445,0.0217467607572844,0.123424781820906,0.268161058270791
0.619241723335936,0.0010983975614199,0.0011340647506776,0.000475869284709737,0.0217469434264145,0.123425501083745,0.268162127700344
0.61924672646289,0.00110488119880483,0.00114064813919754,0.000475876007525468,0.0217471260978292,0.123426220352576,0.268163197135513
0.619251729589844,0.00111142177455934,0.00114728899857543,0.000475882730483642,0.0217473087715285,0.1234269396274,0.268164266576297
0.619256732716799,0.00111801995411293,0.00115398799943996,0.000475889453584262,0.0217474914475124,0.123427658908216,0.268165336022698
0.619261735843753,0.00112467641469643,0.001160745822226,0.000475896176827333,0.0217476741257809,0.123428378195025,0.268166405474715
0.619266738970707,0.00113139184219972,0.00116756315734828,0.000475902900212859,0.0217478568063342,0.123429097487826,0.268167474932348
0.619271742097662,0.00113816693303769,0.0011744407053763,0.000475909623740844,0.0217480394891721,0.123429816786619,0.268168544395598
0.619276745224616,0.00114500239386729,0.00118137917721524,0.000475916347411292,0.0217482221742949,0.123430536091405,0.268169613864463
0.61928174835157,0.00115189894193147,0.0011883792942883,0.000475923071224206,0.0217484048617024,0.123431255402184,0.268170683338945
0.619286751478525,0.00115885730477075,0.00119544178872442,0.000475929795179591,0.0217485875513948,0.123431974718956,0.268171752819042
0.619291754605479,0.00116587822049128,0.00120256740354987,0.000475936519277451,0.021748770243372,0.12343269404172,0.268172822304757
0.619296757732433,0.00117296243939166,0.00120975689288227,0.00047594324351779,0.0217489529376342,0.123433413370477,0.268173891796087
0.619301760859388,0.0011801107235863,0.0012170110221311,0.000475949967900612,0.0217491356341813,0.123434132705227,0.268174961293034
0.619306763986342,0.00118732384356308,0.00122433056819978,0.000475956692425921,0.0217493183330135,0.12343485204597,0.268176030795597
0.619311767113296,0.0011946025830724,0.00123171631969467,0.00047596341709372,0.0217495010341306,0.123435571392706,0.268177100303776
0.619316770240251,0.00120194773928101,0.001239169077136,0.000475970141904015,0.0217496837375328,0.123436290745436,0.268178169817572
0.619321773367205,0.00120936012047905,0.00124668965317492,0.000475976866856809,0.0217498664432202,0.123437010104158,0.268179239336985
0.619326776494159,0.00121684054696573,0.00125427887281516,0.000475983591952106,0.0217500491511926,0.123437729468874,0.268180308862014
0.619331779621114,0.00122438984930307,0.00126193757363779,0.00047599031718991,0.0217502318614503,0.123438448839583,0.268181378392659
0.619336782748068,0.00123200887537909,0.00126966660603325,0.000475997042570225,0.0217504145739932,0.123439168216285,0.268182447928921
0.619341785875022,0.00123969848250731,0.00127746683343568,0.000476003768093055,0.0217505972888213,0.12343988759898,0.2681835174708
0.619346789001977,0.0012474595435821,0.00128533913256502,0.000476010493758404,0.0217507800059347,0.12344060698767,0.268184587018295
0.619351792128931,0.00125529294434754,0.00129328439367179,0.000476017219566277,0.0217509627253335,0.123441326382352,0.268185656571407
0.619356795255885,0.00126319958093227,0.00130130352078879,0.000476023945516676,0.0217511454470176,0.123442045783029,0.268186726130135
0.61936179838284,0.00127118036997119,0.00130939743198846,0.000476030671609607,0.0217513281709872,0.123442765189699,0.26818779569448
0.619366801509794,0.00127923623556426,0.00131756705964386,0.000476037397845073,0.0217515108972421,0.123443484602362,0.268188865264442
0.619371804636749,0.00128736812276873,0.00132581335069824,0.000476044124223079,0.0217516936257826,0.12344420402102,0.268189934840021
0.619376807763703,0.00129557698459031,0.00133413726693747,0.000476050850743627,0.0217518763566086,0.123444923445671,0.268191004421217
0.619381810890657,0.00130386379727306,0.00134253978527146,0.000476057577406724,0.0217520590897202,0.123445642876316,0.268192074008029
0.619386814017612,0.00131222954192477,0.00135102189801884,0.000476064304212371,0.0217522418251173,0.123446362312956,0.268193143600459
0.619391817144566,0.00132067522624643,0.00135958461320092,0.000476071031160574,0.0217524245628001,0.123447081755589,0.268194213198505
0.61939682027152,0.00132920186531644,0.00136822895483928,0.000476077758251336,0.0217526073027686,0.123447801204216,0.268195282802168
0.619401823398475,0.00133781049828999,0.00137695596326201,0.000476084485484662,0.0217527900450228,0.123448520658838,0.268196352411448
0.619406826525429,0.00134650217231978,0.00138576669541674,0.000476091212860555,0.0217529727895627,0.123449240119454,0.268197422026345
0.619411829652383,0.00135527795810996,0.00139466222518866,0.00047609794037902,0.0217531555363884,0.123449959586064,0.26819849164686
0.619416832779338,0.00136413893966176,0.00140364364372881,0.00047610466804006,0.0217533382854999,0.123450679058668,0.268199561272991
0.619421835906292,0.00137308622077043,0.00141271205978643,0.000476111395843679,0.0217535210368973,0.123451398537267,0.268200630904739
0.619426839033246,0.0013821209222485,0.00142186860005217,0.000476118123789883,0.0217537037905806,0.123452118021861,0.268201700542105
0.619431842160201,0.0013912441846242,0.00143111440950595,0.000476124851878674,0.0217538865465499,0.123452837512448,0.268202770185088
0.619436845287155,0.00140045716290886,0.00144045065177489,0.000476131580110056,0.0217540693048051,0.123453557009031,0.268203839833688
0.619441848414109,0.0014097610364228,0.00144987850949931,0.000476138308484035,0.0217542520653463,0.123454276511608,0.268204909487905
0.619446851541064,0.00141915700057846,0.00145939918470514,0.000476145037000613,0.0217544348281736,0.12345499602018,0.268205979147739
0.619451854668018,0.00142864626935108,0.001469013899188,0.000476151765659795,0.021754617593287,0.123455715534747,0.268207048813191
0.619456857794972,0.00143823008067032,0.00147872389490274,0.000476158494461584,0.0217548003606865,0.123456435055309,0.26820811848426
0.619461860921927,0.00144790969047411,0.00148853043436545,0.000476165223405985,0.0217549831303721,0.123457154581865,0.268209188160946
0.619466864048881,0.00145768637494914,0.00149843480106132,0.000476171952493002,0.021755165902344,0.123457874114417,0.26821025784325
0.619471867175835,0.00146756143321597,0.00150843829986557,0.000476178681722639,0.0217553486766021,0.123458593652963,0.268211327531171
0.61947687030279,0.00147753618645117,0.00151854225747081,0.0004761854110949,0.0217555314531465,0.123459313197505,0.26821239722471
0.619481873429744,0.0014876119764301,0.00152874802282675,0.000476192140609789,0.0217557142319772,0.123460032748042,0.268213466923866
0.619486876556699,0.00149779016956421,0.00153905696759018,0.00047619887026731,0.0217558970130943,0.123460752304574,0.26821453662864
0.619491879683653,0.00150807215153283,0.00154947048658339,0.000476205600067466,0.0217560797964977,0.123461471867102,0.268215606339031
0.619496882810607,0.0015184593359936,0.00155998999826686,0.000476212330010263,0.0217562625821876,0.123462191435625,0.26821667605504
0.619501885937562,0.00152895315847281,0.00157061694521941,0.000476219060095703,0.021756445370164,0.123462911010143,0.268217745776667
0.619506889064516,0.00153955508040853,0.0015813527946337,0.000476225790323792,0.0217566281604268,0.123463630590657,0.268218815503911
0.61951189219147,0.00155026658522665,0.00159219903881994,0.000476232520694533,0.0217568109529762,0.123464350177166,0.268219885236773
0.619516895318425,0.00156108918602921,0.00160315719572409,0.00047623925120793,0.0217569937478122,0.123465069769671,0.268220954975253
0.619521898445379,0.00157202441895423,0.00161422880945862,0.000476245981863987,0.0217571765449348,0.123465789368172,0.26822202471935
0.619526901572333,0.00158307384770764,0.00162541545084358,0.000476252712662708,0.0217573593443441,0.123466508972668,0.268223094469065
0.619531904699288,0.00159423906344805,0.00163671871796463,0.000476259443604098,0.02175754214604,0.12346722858316,0.268224164224398
0.619536907826242,0.00160552168518504,0.00164814023674051,0.000476266174688159,0.0217577249500227,0.123467948199648,0.268225233985349
0.619541910953196,0.00161692335945156,0.00165968166150856,0.000476272905914897,0.0217579077562922,0.123468667822132,0.268226303751917
0.619546914080151,0.00162844576194723,0.00167134467562067,0.000476279637284316,0.0217580905648485,0.123469387450612,0.268227373524104
0.619551917207105,0.0016400906000673,0.00168313099205656,0.000476286368796418,0.0217582733756916,0.123470107085088,0.268228443301909
0.619556920334059,0.00165185960800171,0.00169504235405213,0.000476293100451209,0.0217584561888216,0.123470826725561,0.268229513085331
0.619561923461014,0.00166375455429459,0.00170708053574086,0.000476299832248693,0.0217586390042385,0.123471546372029,0.268230582874372
0.619566926587968,0.00167577723316868,0.00171924734281498,0.000476306564188873,0.0217588218219424,0.123472266024494,0.26823165266903
0.619571929714922,0.00168792947854431,0.00173154461319906,0.000476313296271753,0.0217590046419333,0.123472985682955,0.268232722469307
0.619576932841877,0.0017002131515102,0.00174397421774463,0.000476320028497338,0.0217591874642112,0.123473705347412,0.268233792275202
0.619581935968831,0.00171263015069918,0.00175653806093801,0.000476326760865631,0.0217593702887762,0.123474425017866,0.268234862086715
0.619586939095785,0.00172518240428685,0.00176923808163033,0.000476333493376637,0.0217595531156283,0.123475144694316,0.268235931903846
0.61959194222274,0.0017378718800717,0.00178207625378191,0.00047634022603036,0.0217597359447676,0.123475864376763,0.268237001726595
0.619596180081855,0.00174872922980343,0.00179306028750838,0.00047634592898309,0.0217598908105331,0.123476473982778,0.268237907915888
0.619596945349694,0.00175070057945822,0.00179505458722837,0.000476346958826803,0.021759918776194,0.123476584065206,0.268238071554963
0.619601948476649,0.00176367054194804,0.00180817512846623,0.000476353691765971,0.0217601016099077,0.123477303759646,0.268239141388948
0.619606951603603,0.00177678384113473,0.00182143996145582,0.000476360424847867,0.0217602844459086,0.123478023460083,0.268240211228553
0.619611954730557,0.00179004259158646,0.00183485120844912,0.000476367158072496,0.0217604672841968,0.123478743166517,0.268241281073775
0.619616957857511,0.00180344894749843,0.00184841103083426,0.000476373891439863,0.0217606501247724,0.123479462878948,0.268242350924616
0.619621960984466,0.00181700509959231,0.00186212163000665,0.000476380624949969,0.0217608329676354,0.123480182597375,0.268243420781075
0.61962696411142,0.00183071328352379,0.00187598524825822,0.000476387358602821,0.0217610158127857,0.1234809023218,0.268244490643153
0.619631967238375,0.00184457577425157,0.00189000416969286,0.000476394092398422,0.0217611986602235,0.123481622052222,0.268245560510849
0.619636970365329,0.0018585948891103,0.00190418072116584,0.000476400826336775,0.0217613815099488,0.12348234178864,0.268246630384163
0.619641973492283,0.00187277299181226,0.00191851727324484,0.000476407560417885,0.0217615643619617,0.123483061531056,0.268247700263097
0.619646976619238,0.00188711248675802,0.00193301624120094,0.000476414294641757,0.0217617472162621,0.12348378127947,0.268248770147648
0.619651979746192,0.00190161582499612,0.00194768008602082,0.000476421029008393,0.0217619300728501,0.12348450103388,0.268249840037819
0.619656982873146,0.00191628550856228,0.001962511315451,0.000476427763517799,0.0217621129317257,0.123485220794288,0.268250909933608
0.619661986000101,0.00193112408137425,0.00197751248506466,0.000476434498169977,0.0217622957928891,0.123485940560694,0.268251979835015
0.619666989127055,0.00194613413764997,0.00199268619936232,0.000476441232964933,0.0217624786563401,0.123486660333097,0.268253049742041
0.619671992254009,0.00196131832672475,0.00200803511289716,0.00047644796790267,0.0217626615220789,0.123487380111497,0.268254119654686
0.619676995380964,0.00197667934245162,0.00202356193143388,0.000476454702983192,0.0217628443901055,0.123488099895895,0.26825518957295
0.619681998507918,0.00199221993413432,0.00203926941313921,0.000476461438206503,0.0217630272604199,0.123488819686291,0.268256259496833
0.619687001634872,0.00200794290071706,0.00205516036980103,0.000476468173572607,0.0217632101330222,0.123489539482685,0.268257329426334
0.619692004761827,0.00202385110380908,0.00207123766808625,0.000476474909081509,0.0217633930079124,0.123490259285076,0.268258399361454
0.619697007888781,0.00203994745429264,0.00208750423082734,0.000476481644733212,0.0217635758850906,0.123490979093465,0.268259469302194
0.619702011015735,0.00205623492145696,0.00210396303834999,0.00047648838052772,0.0217637587645567,0.123491698907853,0.268260539248552
0.61970701414269,0.0020727165354999,0.00212061712983205,0.000476495116465038,0.0217639416463109,0.123492418728238,0.268261609200529
0.619712017269644,0.00208939538803214,0.00213746960470369,0.000476501852545169,0.0217641245303531,0.123493138554621,0.268262679158125
0.619717020396598,0.00210627462490161,0.00215452362408665,0.000476508588768118,0.0217643074166834,0.123493858387003,0.26826374912134
0.619722023523553,0.00212335746506543,0.00217178241226984,0.000476515325133888,0.0217644903053018,0.123494578225383,0.268264819090174
0.619727026650507,0.0021406471868663,0.0021892492582321,0.000476522061642484,0.0217646731962085,0.123495298069761,0.268265889064627
0.619732029777461,0.00215814713015298,0.0022069275172016,0.000476528798293909,0.0217648560894033,0.123496017920137,0.268266959044699
0.619737032904416,0.00217586071531389,0.00222482061226567,0.000476535535088169,0.0217650389848863,0.123496737776512,0.26826802903039
0.61974203603137,0.00219379141703149,0.0022429320360203,0.000476542272025265,0.0217652218826577,0.123497457638885,0.268269099021701
0.619747039158325,0.00221194279279078,0.00226126535227071,0.000476549009105204,0.0217654047827174,0.123498177507256,0.268270169018631
0.619752042285279,0.0022303184673073,0.00227982419778061,0.000476555746327988,0.0217655876850654,0.123498897381627,0.26827123902118
0.619757045412233,0.00224892213944812,0.00229861228406754,0.000476562483693621,0.0217657705897019,0.123499617261996,0.268272309029348
0.619762048539188,0.00226775758867618,0.00231763339925632,0.000476569221202109,0.0217659534966267,0.123500337148363,0.268273379043136
0.619767051666142,0.00228682866962873,0.0023368914099794,0.000476575958853454,0.0217661364058401,0.12350105704073,0.268274449062543
0.619772054793096,0.00230613931763005,0.00235639026333939,0.000476582696647662,0.021766319317342,0.123501776939095,0.268275519087569
0.619777057920051,0.00232569355312743,0.00237613398892189,0.000476589434584735,0.0217665022311324,0.123502496843459,0.268276589118215
0.619782061047005,0.00234549547860678,0.00239612670087449,0.000476596172664678,0.0217666851472114,0.123503216753822,0.26827765915448
0.619787064173959,0.00236554927986851,0.00241637260004025,0.000476602910887496,0.021766868065579,0.123503936670184,0.268278729196364
0.619792067300914,0.00238585923910523,0.00243687597615886,0.000476609649253191,0.0217670509862353,0.123504656592546,0.268279799243868
0.619797070427868,0.0024064297249602,0.00245764121013308,0.000476616387761768,0.0217672339091803,0.123505376520906,0.268280869296992
0.619802073554822,0.00242726519906983,0.00247867277635834,0.000476623126413232,0.0217674168344141,0.123506096455266,0.268281939355735
0.619807076681777,0.00244837021769975,0.00249997524512893,0.000476629865207586,0.0217675997619366,0.123506816395625,0.268283009420098
0.619812079808731,0.0024697494429555,0.00252155328510915,0.000476636604144833,0.0217677826917479,0.123507536341983,0.26828407949008
0.619817082935685,0.00249140762867568,0.00254341166588675,0.000476643343224979,0.0217679656238481,0.12350825629434,0.268285149565683
0.61982208606264,0.00251334963828052,0.00256555526059656,0.000476650082448028,0.0217681485582372,0.123508976252697,0.268286219646904
0.619827089189594,0.00253558043743034,0.00258798904862895,0.000476656821813982,0.0217683314949152,0.123509696217054,0.268287289733746
0.619832092316548,0.00255810510332788,0.00261071811842126,0.000476663561322848,0.0217685144338822,0.12351041618741,0.268288359826207
0.619837095443503,0.0025809288227156,0.00263374767032995,0.000476670300974627,0.0217686973751382,0.123511136163766,0.268289429924288
0.619842098570457,0.00260405689696025,0.00265708301959908,0.000476677040769325,0.0217688803186832,0.123511856146122,0.268290500027989
0.619847101697411,0.00262749475405042,0.0026807295994126,0.000476683780706945,0.0217690632645174,0.123512576134477,0.26829157013731
0.619852104824366,0.00265124792789072,0.00270469296405008,0.000476690520787492,0.0217692462126406,0.123513296128832,0.268292640252251
0.61985710795132,0.00267532209100308,0.00272897879213263,0.000476697261010969,0.021769429163053,0.123514016129187,0.268293710372811
0.619862111078274,0.00269972303043455,0.00275359288997948,0.000476704001377381,0.0217696121157546,0.123514736135543,0.268294780498992
0.619867114205229,0.0027244566754244,0.00277854119506237,0.000476710741886732,0.0217697950707454,0.123515456147898,0.268295850630792
0.619872117332183,0.00274952908378895,0.00280382977957484,0.000476717482539025,0.0217699780280255,0.123516176166253,0.268296920768213
0.619877120459138,0.00277494645430718,0.00282946485411538,0.000476724223334265,0.0217701609875949,0.123516896190608,0.268297990911253
0.619882123586092,0.00280071512611769,0.00285545277148269,0.000476730964272456,0.0217703439494536,0.123517616220964,0.268299061059914
0.619887126713046,0.00282684158705209,0.00288180003060145,0.000476737705353602,0.0217705269136017,0.12351833625732,0.268300131214195
0.619892129840001,0.00285333247062439,0.00290851328056568,0.000476744446577706,0.0217707098800393,0.123519056299676,0.268301201374096
0.619897132966955,0.00288019456790956,0.00293559932482257,0.000476751187944773,0.0217708928487663,0.123519776348033,0.268302271539617
0.619902136093909,0.00290743483022456,0.00296306512548375,0.000476757929454808,0.0217710758197828,0.12352049640239,0.268303341710758
0.619907139220864,0.00293506036966379,0.00299091780778369,0.000476764671107813,0.0217712587930889,0.123521216462747,0.268304411887519
0.619912142347818,0.00296307846039248,0.00301916466468482,0.000476771412903793,0.0217714417686845,0.123521936529106,0.268305482069901
0.619917145474772,0.00299149656292329,0.00304781316162851,0.000476778154842752,0.0217716247465697,0.123522656601465,0.268306552257903
0.619922148601727,0.00302032229846073,0.0030768709414533,0.000476784896924695,0.0217718077267446,0.123523376679824,0.268307622451526
0.619927151728681,0.00304956349104316,0.00310634582946694,0.000476791639149624,0.0217719907092092,0.123524096764185,0.268308692650769
0.619932154855635,0.00307922813112282,0.00313624583869877,0.000476798381517545,0.0217721736939635,0.123524816854546,0.268309762855632
0.61993715798259,0.0031093244118549,0.00316657917531912,0.000476805124028461,0.0217723566810076,0.123525536950908,0.268310833066116
0.619942161109544,0.00313986072940487,0.00319735424424872,0.000476811866682376,0.0217725396703414,0.123526257053272,0.26831190328222
0.619947164236498,0.00317084567646633,0.00322857965495889,0.000476818609479294,0.0217727226619652,0.123526977161636,0.268312973503945
0.619952167363453,0.0032022880657882,0.00326026422746296,0.00047682535241922,0.0217729056558787,0.123527697276001,0.26831404373129
0.619957170490407,0.00323419691413555,0.00329241699852383,0.000476832095502157,0.0217730886520822,0.123528417396368,0.268315113964256
0.619962173617361,0.00326658147176973,0.00332504722806434,0.00047683883872811,0.0217732716505757,0.123529137522735,0.268316184202842
0.619967176744316,0.00329945121498592,0.00335816440581143,0.000476845582097082,0.0217734546513591,0.123529857655105,0.268317254447049
0.61997217987127,0.00333281585723943,0.00339177825815998,0.000476852325609078,0.0217736376544326,0.123530577793475,0.268318324696877
0.619977182998224,0.00336668536280207,0.00342589875528886,0.000476859069264101,0.0217738206597961,0.123531297937847,0.268319394952325
0.619982186125179,0.0034010699275723,0.00346053611851614,0.000476865813062156,0.0217740036674498,0.12353201808822,0.268320465213394
0.619987189252133,0.00343598002857169,0.0034957008279218,0.000476872557003246,0.0217741866773936,0.123532738244595,0.268321535480084
0.619992192379088,0.00347142639694602,0.00353140363024162,0.000476879301087377,0.0217743696896276,0.123533458406971,0.268322605752395
0.619997195506042,0.00350742004399848,0.00356765554703493,0.00047688604531455,0.0217745527041517,0.12353417857535,0.268323676030326
0.620002198632996,0.00354397225720089,0.00360446788315768,0.000476892789684772,0.0217747357209662,0.123534898749729,0.268324746313879
0.62000720175995,0.00358109463067245,0.00364185223552816,0.000476899534198046,0.0217749187400709,0.123535618930111,0.268325816603052
0.620012204886905,0.00361879904058391,0.00367982050222394,0.000476906278854375,0.021775101761466,0.123536339116495,0.268326886897846
0.620017208013859,0.00365709769532934,0.00371838489189773,0.000476913023653765,0.0217752847851514,0.12353705930888,0.268327957198261
0.620022211140814,0.00369600309984322,0.00375755793354686,0.000476919768596218,0.0217754678111273,0.123537779507268,0.268329027504297
0.620027214267768,0.00373552811606847,0.00379735248664261,0.00047692651368174,0.0217756508393936,0.123538499711657,0.268330097815954
0.620032217394722,0.00377568591959049,0.00383778175162578,0.000476933258910333,0.0217758338699504,0.123539219922049,0.268331168133233
0.620037220521677,0.00381649006360452,0.00387885928080634,0.000476940004282003,0.0217760169027977,0.123539940138443,0.268332238456132
0.620042223648631,0.00385795444886136,0.00392059898965642,0.000476946749796752,0.0217761999379356,0.123540660360839,0.268333308784652
0.620047226775585,0.00390009335569644,0.00396301516854281,0.000476953495454586,0.021776382975364,0.123541380589237,0.268334379118794
0.62005222990254,0.00394292145320878,0.00400612249488822,0.000476960241255509,0.0217765660150831,0.123542100823638,0.268335449458556
0.620057233029494,0.00398645380884241,0.0040499360458102,0.000476966987199523,0.0217767490570929,0.123542821064041,0.26833651980394
0.620062236156448,0.00403070590547773,0.00409447131122865,0.000476973733286634,0.0217769321013934,0.123543541310447,0.268337590154946
0.620067239283403,0.00407569364839922,0.00413974420748686,0.000476980479516845,0.0217771151479846,0.123544261562855,0.268338660511572
0.620072242410357,0.00412143339334722,0.00418577109149916,0.000476987225890161,0.0217772981968666,0.123544981821266,0.26833973087382
0.620077245537311,0.00416794193914266,0.00423256877543792,0.000476993972406585,0.0217774812480395,0.123545702085679,0.268340801241689
0.620082248664266,0.00421523656538299,0.00428015454200998,0.000477000719066122,0.0217776643015032,0.123546422356095,0.268341871615179
0.62008725179122,0.00426333502898576,0.00432854616031645,0.000477007465868775,0.0217778473572578,0.123547142632515,0.268342941994291
0.620092254918174,0.0043122556084212,0.00437776190235613,0.000477014212814549,0.0217780304153034,0.123547862914937,0.268344012379025
0.620097258045129,0.00436201707831138,0.00442782056016837,0.000477020959903447,0.0217782134756399,0.123548583203361,0.26834508276938
0.620102261172083,0.00441263876850349,0.00447874146367169,0.000477027707135474,0.0217783965382675,0.123549303497789,0.268346153165356
0.620107264299038,0.004464140572314,0.0045305444992194,0.000477034454510634,0.0217785796031861,0.12355002379822,0.268347223566954
0.620112267425992,0.00451654293364619,0.00458325012889343,0.000477041202028931,0.0217787626703958,0.123550744104654,0.268348293974173
0.620117270552946,0.0045698669267961,0.00463687941059967,0.000477047949690369,0.0217789457398966,0.123551464417092,0.268349364387014
0.6201222736799,0.00462413420803576,0.00469145401896588,0.000477054697494951,0.0217791288116886,0.123552184735532,0.268350434805477
0.620127276806855,0.00467936711121804,0.00474699626711788,0.000477061445442683,0.0217793118857718,0.123552905059976,0.268351505229561
0.620132279933809,0.00473558859913757,0.00480352912933795,0.000477068193533568,0.0217794949621462,0.123553625390423,0.268352575659267
0.620137283060764,0.00479282233331035,0.00486107626467791,0.000477074941767609,0.0217796780408119,0.123554345726874,0.268353646094595
0.620142286187718,0.00485109269394063,0.00491966204156041,0.000477081690144812,0.021779861121769,0.123555066069328,0.268354716535545
0.620147289314672,0.00491042478621109,0.00497931156340255,0.00047708843866518,0.0217800442050174,0.123555786417786,0.268355786982116
0.620152292441627,0.0049708444830535,0.00504005069534408,0.000477095187328717,0.0217802272905572,0.123556506772247,0.268356857434309
0.620157295568581,0.00503237844824423,0.00510190609209259,0.000477101936135427,0.0217804103783884,0.123557227132712,0.268357927892124
0.620162298695535,0.00509505416556152,0.00516490522698366,0.000477108685085315,0.0217805934685111,0.123557947499181,0.268358998355561
0.62016730182249,0.00515889996444408,0.00522907642227153,0.000477115434178384,0.0217807765609253,0.123558667871653,0.26836006882462
0.620172304949444,0.00522394506906189,0.00529444888075624,0.000477122183414638,0.021780959655631,0.12355938825013,0.268361139299301
0.620177308076398,0.00529021960585409,0.00536105271876932,0.000477128932794082,0.0217811427526284,0.12356010863461,0.268362209779604
0.620182311203353,0.00535775467172163,0.00542891900062233,0.000477135682316719,0.0217813258519173,0.123560829025095,0.268363280265528
0.620187314330307,0.00542658231154614,0.00549807977457771,0.000477142431982554,0.0217815089534979,0.123561549421583,0.268364350757075
0.620192317457261,0.00549673563882636,0.00556856811040339,0.000477149181791591,0.0217816920573703,0.123562269824076,0.268365421254244
0.620197320584216,0.00556824878936666,0.00564041813863085,0.000477155931743833,0.0217818751635343,0.123562990232573,0.268366491757035
0.62020232371117,0.00564115703156206,0.00571366509155529,0.000477162681839284,0.0217820582719901,0.123563710647074,0.268367562265449
0.620207326838124,0.00571549678411276,0.00578834534611925,0.00047716943207795,0.0217822413827378,0.123564431067579,0.268368632779484
0.620212329965079,0.005791305621574,0.00586449646872706,0.000477176182459833,0.0217824244957773,0.123565151494089,0.268369703299142
0.620217333092033,0.00586862241276492,0.0059421572621325,0.000477182932984939,0.0217826076111087,0.123565871926603,0.268370773824422
0.620222336218987,0.0059474872667208,0.0060213678144925,0.00047718968365327,0.021782790728732,0.123566592365122,0.268371844355324
0.620227339345942,0.00602794166061052,0.00610216955068388,0.000477196434464831,0.0217829738486472,0.123567312809646,0.268372914891848
0.620232342472896,0.00611002844680954,0.00618460528604829,0.000477203185419626,0.0217831569708545,0.123568033260174,0.268373985433995
0.62023734559985,0.00619379194078918,0.00626871928263985,0.000477209936517659,0.0217833400953538,0.123568753716706,0.268375055981764
0.620242348726805,0.00627927797173425,0.00635455730816989,0.000477216687758934,0.0217835232221452,0.123569474179244,0.268376126535156
0.620247351853759,0.00636653393841024,0.00644216669773524,0.000477223439143455,0.0217837063512287,0.123570194647786,0.26837719709417
0.620252354980714,0.00645560885901024,0.00653159641854421,0.000477230190671227,0.0217838894826044,0.123570915122333,0.268378267658807
0.620257358107668,0.00654655346671161,0.00662289713774492,0.000477236942342253,0.0217840726162722,0.123571635602885,0.268379338229066
0.620262361234622,0.0066394202994163,0.00671612129357795,0.000477243694156537,0.0217842557522323,0.123572356089443,0.268380408804947
0.620267364361577,0.0067342636939816,0.00681132317001957,0.000477250446114084,0.0217844388904847,0.123573076582005,0.268381479386452
0.620272367488531,0.00683113997364335,0.00690855897509062,0.000477257198214897,0.0217846220310293,0.123573797080572,0.268382549973578
0.620277370615485,0.00693010742730557,0.00700788692309234,0.00047726395045898,0.0217848051738663,0.123574517585145,0.268383620566328
0.62028237374244,0.00703122645558659,0.00710936732092595,0.000477270702846338,0.0217849883189957,0.123575238095723,0.2683846911647
0.620287376869394,0.00713455967393746,0.00721306265880203,0.000477277455376975,0.0217851714664175,0.123575958612306,0.268385761768695
0.620292379996348,0.00724017194783272,0.00731903770552353,0.000477284208050894,0.0217853546161317,0.123576679134895,0.268386832378312
0.620297383123303,0.00734813056257043,0.00742735960866653,0.0004772909608681,0.0217855377681385,0.123577399663489,0.268387902993553
0.620302386250257,0.00745850528460461,0.00753809799992407,0.000477297713828596,0.0217857209224378,0.123578120198088,0.268388973614416
0.620307389377211,0.00757136847243606,0.00765132510589296,0.000477304466932388,0.0217859040790297,0.123578840738693,0.268390044240902
0.620312392504166,0.00768679521422839,0.00776711586469054,0.000477311220179478,0.0217860872379141,0.123579561285304,0.268391114873011
0.62031739563112,0.00780486345083411,0.0078855480486727,0.000477317973569871,0.0217862703990912,0.123580281837921,0.268392185510742
0.620322398758074,0.00792565408608641,0.00800670239370504,0.000477324727103571,0.021786453562561,0.123581002396543,0.268393256154097
0.620327401885029,0.0080492511559229,0.00813066273530439,0.000477331480780582,0.0217866367283236,0.123581722961171,0.268394326803075
0.620332405011983,0.00817574191772893,0.00825751615213939,0.000477338234600908,0.0217868198963789,0.123582443531805,0.268395397457675
0.620337408138937,0.00830521705848113,0.00838735311731899,0.000477344988564554,0.0217870030667269,0.123583164108445,0.268396468117899
0.620342411265892,0.00843777082778092,0.00852026765792424,0.000477351742671522,0.0217871862393679,0.123583884691091,0.268397538783746
0.620347414392846,0.00857350124070085,0.00865635752337421,0.000477358496921818,0.0217873694143017,0.123584605279743,0.268398609455215
0.6203524175198,0.00871251016769649,0.00879572436309275,0.000477365251315445,0.0217875525915284,0.123585325874402,0.268399680132308
0.620357420646755,0.00885490364176084,0.00893847391416636,0.000477372005852407,0.0217877357710481,0.123586046475066,0.268400750815024
0.620362423773709,0.00900079198818842,0.00908471619953549,0.000477378760532709,0.0217879189528607,0.123586767081737,0.268401821503364
0.620367426900663,0.00915029001071565,0.00923456573750347,0.000477385515356354,0.0217881021369664,0.123587487694414,0.268402892197326
0.620372430027618,0.00930351730205097,0.00938814176320064,0.000477392270323347,0.0217882853233651,0.123588208313098,0.268403962896912
0.620377433154572,0.00946059838494598,0.00954556846287305,0.000477399025433691,0.021788468512057,0.123588928937788,0.268405033602121
0.620382436281527,0.00962166304666981,0.0097069752218139,0.00047740578068739,0.021788651703042,0.123589649568484,0.268406104312953
0.620387439408481,0.00978684651331805,0.00987249688681243,0.00047741253608445,0.0217888348963201,0.123590370205187,0.268407175029409
0.620392442535435,0.00995628981893859,0.0100422740441904,0.000477419291624873,0.0217890180918915,0.123591090847897,0.268408245751488
0.62039744566239,0.0101301400615387,0.0102164533143702,0.000477426047308664,0.0217892012897562,0.123591811496614,0.26840931647919
0.620402448789344,0.0103085506768548,0.0103951876642285,0.000477432803135827,0.0217893844899141,0.123592532151337,0.268410387212516
0.620407451916298,0.010491681848633,0.0105786367383451,0.000477439559106365,0.0217895676923654,0.123593252812067,0.268411457951466
0.620412455043253,0.0106797008239105,0.0107669672105597,0.000477446315220284,0.02178975089711,0.123593973478804,0.268412528696039
0.620417458170207,0.0108727822540245,0.0109603531572276,0.000477453071477587,0.0217899341041481,0.123594694151548,0.268413599446235
0.620422461297161,0.0110711086599,0.0111589764536658,0.000477459827878277,0.0217901173134796,0.123595414830299,0.268414670202055
0.620427464424116,0.0112748708354778,0.0113630271955559,0.00047746658442236,0.0217903005251045,0.123596135515058,0.268415740963499
0.62043246755107,0.0114842682768596,0.0115727041469666,0.000477473341109839,0.021790483739023,0.123596856205823,0.268416811730566
0.620437470678024,0.0116995096767965,0.0117882152170762,0.000477480097940718,0.0217906669552351,0.123597576902595,0.268417882503257
0.620442473804979,0.0119208134077203,0.0120097779675517,0.000477486854915002,0.0217908501737407,0.123598297605375,0.268418953281572
0.620447476931933,0.0121484081495678,0.0122376201530063,0.000477493612032694,0.02179103339454,0.123599018314163,0.26842002406551
0.620452480058887,0.0123825333649543,0.0124719802968539,0.000477500369293798,0.021791216617633,0.123599739028957,0.268421094855072
0.620457483185842,0.0126234399939579,0.0127131083053519,0.000477507126698318,0.0217913998430197,0.123600459749759,0.268422165650258
0.620462486312796,0.0128713910481821,0.0129612661226885,0.00047751388424626,0.0217915830707001,0.123601180476569,0.268423236451068
0.62046748943975,0.0131266623858991,0.0132167284302053,0.000477520641937625,0.0217917663006743,0.123601901209386,0.268424307257502
0.620472492566705,0.0133895434526973,0.0134797833933144,0.00047752739977242,0.0217919495329423,0.123602621948211,0.268425378069559
0.620477495693659,0.0136603380186979,0.0137507334596604,0.000477534157750647,0.0217921327675042,0.123603342693044,0.268426448887241
0.620482498820613,0.0139393650723871,0.0140298962127594,0.000477540915872311,0.02179231600436,0.123604063443884,0.268427519710547
0.620487501947568,0.0142269598378835,0.0143176052853451,0.000477547674137416,0.0217924992435097,0.123604784200733,0.268428590539476
0.620492505074522,0.0145234745640171,0.0146142113373777,0.000477554432545965,0.0217926824849535,0.123605504963589,0.26842966137403
0.620497508201477,0.0148292797950508,0.0149200831039062,0.000477561191097964,0.0217928657286912,0.123606225732453,0.268430732214207
0.620502511328431,0.0151447653915627,0.0152356085184372,0.000477567949793415,0.021793048974723,0.123606946507325,0.268431803060009
0.620507514455385,0.0154703416632961,0.0155611959182366,0.000477574708632324,0.0217932322230488,0.123607667288206,0.268432873911435
0.620512517582339,0.0158064408802047,0.0158972753381917,0.000477581467614693,0.0217934154736688,0.123608388075094,0.268433944768485
0.620517520709294,0.0161535184255565,0.0162442999009465,0.000477588226740528,0.021793598726583,0.123609108867991,0.268435015631159
0.620522523836248,0.01651205465326,0.0166027473112851,0.000477594986009832,0.0217937819817914,0.123609829666896,0.268436086499457
0.620527526963203,0.0168825560387251,0.0169731214639379,0.000477601745422609,0.021793965239294,0.12361055047181,0.26843715737338
0.620532530090157,0.017265557422334,0.0173559541746039,0.000477608504978864,0.0217941484990909,0.123611271282732,0.268438228252927
0.620537533217111,0.0176616234715389,0.0177518070449356,0.0004776152646786,0.0217943317611821,0.123611992099662,0.268439299138098
0.620542536344066,0.0180713510241282,0.0181612734736057,0.000477622024521821,0.0217945150255677,0.123612712922601,0.268440370028894
0.62054753947102,0.0184953710006387,0.0185849808262906,0.000477628784508532,0.0217946982922477,0.123613433751549,0.268441440925314
0.620552542597974,0.0189343510798077,0.0190235927792855,0.000477635544638737,0.0217948815612221,0.123614154586505,0.268442511827358
0.620557545724929,0.0193889978669786,0.0194778118523646,0.000477642304912439,0.0217950648324909,0.12361487542747,0.268443582735027
0.620562548851883,0.0198600602509651,0.0199483821487404,0.000477649065329643,0.0217952481060543,0.123615596274444,0.26844465364832
0.620567551978837,0.0203483315951146,0.0204360923212093,0.000477655825890353,0.0217954313819123,0.123616317127426,0.268445724567238
0.620572555105792,0.0208546538468684,0.0209417787861643,0.000477662586594573,0.0217956146600648,0.123617037986418,0.268446795491781
0.620577558232746,0.0213799202830747,0.0214663292091091,0.000477669347442306,0.0217957979405119,0.123617758851419,0.268447866421948
0.6205825613597,0.021925079845725,0.022010686287839,0.000477676108433558,0.0217959812232537,0.123618479722428,0.268448937357739
0.620587564486655,0.0224911411025209,0.0225758518627296,0.000477682869568331,0.0217961645082902,0.123619200599447,0.268450008299155
0.620592567613609,0.0230791768799806,0.023162891386146,0.00047768963084663,0.0217963477956214,0.123619921482475,0.268451079246196
0.620597570740563,0.0236903289794251,0.0237729387873422,0.00047769639226846,0.0217965310852475,0.123620642371512,0.268452150198862
0.620602573867518,0.0243258136884466,0.0244072017725073,0.000477703153833824,0.0217967143771683,0.123621363266559,0.268453221157152
0.620607576994472,0.0249869275252243,0.0250669676048887,0.000477709915542726,0.021796897671384,0.123622084167615,0.268454292121068
0.620612580121427,0.0256750539633096,0.0257536094146338,0.00047771667739517,0.0217970809678945,0.12362280507468,0.268455363090608
0.620617583248381,0.0263916696261365,0.0264685930937563,0.000477723439391161,0.0217972642667,0.123623525987755,0.268456434065772
0.620622586375335,0.0271383529426422,0.0272134848387279,0.000477730201530702,0.0217974475678005,0.123624246906839,0.268457505046562
0.620627589502289,0.0279167916043788,0.02798995940976,0.000477736963813798,0.021797630871196,0.123624967831933,0.268458576032977
0.620632592629244,0.0287287922708002,0.0287998091852232,0.000477743726240453,0.0217978141768865,0.123625688763037,0.268459647025016
0.620637595756198,0.0295762903428522,0.029644954098135,0.000477750488810669,0.021797997484872,0.12362640970015,0.268460718022681
0.620642598883153,0.0304613613640937,0.0305274525535376,0.000477757251524453,0.0217981807951527,0.123627130643274,0.26846178902597
0.620647602010107,0.0313862326438641,0.0314495134367702,0.000477764014381808,0.0217983641077286,0.123627851592407,0.268462860034885
0.620652605137061,0.0323532970416071,0.0324135093376342,0.000477770777382737,0.0217985474225996,0.12362857254755,0.268463931049424
0.620657608264016,0.0333651277529047,0.0334219911307745,0.000477777540527245,0.0217987307397659,0.123629293508703,0.268465002069589
0.62066261139097,0.034424494420368,0.0344777040707211,0.000477784303815336,0.0217989140592275,0.123630014475866,0.268466073095379
0.620667614517924,0.0355343812729999,0.0355836055816204,0.000477791067247014,0.0217990973809843,0.12363073544904,0.268467144126794
0.620672617644879,0.0366980067911322,0.0367428849442258,0.000477797830822283,0.0217992807050365,0.123631456428223,0.268468215163834
0.620677620771833,0.0379188465595976,0.0379589851114383,0.000477804594541148,0.0217994640313841,0.123632177413417,0.268469286206499
0.620682623898787,0.0392006569583004,0.0392356269134593,0.000477811358403611,0.0217996473600271,0.123632898404621,0.26847035725479
0.620687627025742,0.0405475027187914,0.040576835950949,0.000477818122409678,0.0217998306909656,0.123633619401836,0.268471428308706
0.620692630152696,0.0419637879350014,0.0419869725150833,0.000477824886559352,0.0218000140241996,0.123634340405061,0.268472499368247
0.62069763327965,0.0434542884098022,0.0434707649209317,0.000477831650852638,0.0218001973597291,0.123635061414296,0.268473570433414
0.620702636406605,0.0450241911801395,0.0450333466966145,0.000477838415289539,0.0218003806975542,0.123635782429542,0.268474641504206
0.620707639533559,0.0466791348915738,0.0466802981323802,0.000477845179870059,0.0218005640376748,0.123636503450799,0.268475712580623
0.620712642660513,0.0484252585846884,0.04841769276911,0.000477851944594203,0.0218007473800912,0.123637224478066,0.268476783662666
0.620717645787468,0.0502692535823512,0.0502521494884814,0.000477858709461975,0.0218009307248032,0.123637945511344,0.268477854750335
0.620722648914422,0.0522184232676558,0.0521908909672742,0.000477865474473379,0.021801114071811,0.123638666550633,0.268478925843629
0.620727652041376,0.0542807493169681,0.0542418093710638,0.000477872239628418,0.0218012974211145,0.123639387595933,0.268479996942548
0.620732655168331,0.0564649683461815,0.0564135402945944,0.000477879004927097,0.0218014807727138,0.123640108647244,0.268481068047093
0.620737658295285,0.0587806536698079,0.058715546111205,0.00047788577036942,0.021801664126609,0.123640829704566,0.268482139157264
0.620742661422239,0.0612383147157068,0.0611582100693669,0.000477892535955391,0.0218018474828,0.123641550767899,0.26848321027306
0.620747664549194,0.0638495016033591,0.0637529426843461,0.000477899301685015,0.021802030841287,0.123642271837243,0.268484281394482
0.620752667676148,0.0666269306149539,0.0665123022101215,0.000477906067558294,0.0218022142020699,0.123642992912598,0.26848535252153
0.620757670803103,0.0695846215590532,0.0694501312589021,0.000477912833575233,0.0218023975651488,0.123643713993965,0.268486423654203
0.620762673930057,0.072738055503268,0.0725817119551991,0.000477919599735837,0.0218025809305237,0.123644435081342,0.268487494792503
0.620767677057011,0.0761043555635336,0.0759239423884469,0.000477926366040109,0.0218027642981947,0.123645156174732,0.268488565936428
0.620772680183966,0.0797024903331662,0.0794955375574404,0.000477933132488054,0.0218029476681618,0.123645877274132,0.268489637085979
0.62077768331092,0.0835535076190233,0.0833172584951581,0.000477939899079674,0.0218031310404251,0.123646598379545,0.268490708241155
0.620782686437874,0.0876808004657602,0.0874121738320158,0.000477946665814976,0.0218033144149845,0.123647319490969,0.268491779401958
0.620787689564829,0.0921104127014992,0.0918059586944073,0.000477953432693962,0.0218034977918401,0.123648040608404,0.268492850568387
0.620792692691783,0.0968713861597416,0.0965272365634612,0.000477960199716637,0.021803681170992,0.123648761731851,0.268493921740441
0.620797695818737,0.101996158916567,0.101607970514429,0.000477966966883004,0.0218038645524403,0.12364948286131,0.268494992918122
0.620802698945692,0.107521023397546,0.107083911132187,0.000477973734193068,0.0218040479361848,0.123650203996781,0.268496064101429
0.620807702072646,0.113486646831366,0.112995109312089,0.000477980501646833,0.0218042313222257,0.123650925138264,0.268497135290361
0.6208127051996,0.119938671116219,0.119386503076122,0.000477987269244303,0.0218044147105631,0.123651646285758,0.26849820648492
0.620817708326555,0.126928393656321,0.126308588390601,0.000477994036985482,0.0218045981011968,0.123652367439265,0.268499277685105
0.620822711453509,0.134513550253181,0.133818184622999,0.000478000804870374,0.0218047814941271,0.123653088598784,0.268500348890916
0.620827714580463,0.142759199671256,0.141979305551987,0.000478007572898983,0.0218049648893539,0.123653809764315,0.268501420102353
0.620832717707418,0.15173872974448,0.150864146401568,0.000478014341071314,0.0218051482868772,0.123654530935858,0.268502491319417
0.620837720834372,0.161534981478977,0.160554195766343,0.000478021109387369,0.0218053316866972,0.123655252113414,0.268503562542107
0.620842723961326,0.172241525406013,0.171141477760035,0.000478027877847154,0.0218055150888138,0.123655973296981,0.268504633770423
0.620847727088281,0.183964033058113,0.182729923198567,0.000478034646450673,0.021805698493227,0.123656694486562,0.268505705004365
0.620852730215235,0.196821790404449,0.195436857450483,0.000478041415197928,0.021805881899937,0.123657415682154,0.268506776243934
0.620857733342189,0.210949287602435,0.209394574365026,0.000478048184088926,0.0218060653089437,0.12365813688376,0.268507847489129
0.620862736469144,0.226497812107581,0.224751936925414,0.000478054953123669,0.0218062487202473,0.123658858091377,0.268508918739951
0.620867739596098,0.24363695517068,0.241675900911163,0.000478061722302161,0.0218064321338476,0.123659579305008,0.268509989996399
0.620872742723052,0.262555850620957,0.260352790883163,0.000478068491624408,0.0218066155497449,0.123660300524651,0.268511061258473
0.620877745850007,0.283463830624705,0.280989058477663,0.000478075261090412,0.021806798967939,0.123661021750307,0.268512132526175
0.620882748976961,0.306590102394677,0.303811108645908,0.000478082030700178,0.0218069823884301,0.123661742981976,0.268513203799502
0.620887752103916,0.332181762404796,0.329063574263999,0.000478088800453711,0.0218071658112181,0.123662464219658,0.268514275078456
0.62089275523087,0.360499196731254,0.357005136048509,0.000478095570351013,0.0218073492363032,0.123663185463352,0.268515346363037
0.620897758357824,0.391807568513241,0.387900608033315,0.000478102340392089,0.0218075326636853,0.12366390671306,0.268516417653245
0.620902761484779,0.426362511964311,0.422007536342962,0.000478109110576943,0.0218077160933645,0.123664627968781,0.268517488949079
0.620907764611733,0.464387723449661,0.459555020405064,0.00047811588090558,0.0218078995253409,0.123665349230515,0.26851856025054
0.620912767738687,0.506041557758343,0.500711958685218,0.000478122651378003,0.0218080829596144,0.123666070498262,0.268519631557627
0.620917770865642,0.551369574598155,0.54554166895326,0.000478129421994217,0.0218082663961852,0.123666791772023,0.268520702870342
0.620922773992596,0.600240607003307,0.593940261828123,0.000478136192754224,0.0218084498350532,0.123667513051797,0.268521774188683
0.62092777711955,0.652265843401679,0.645557955708224,0.000478142963658031,0.0218086332762184,0.123668234337584,0.268522845512651
0.620932780246505,0.706705168875026,0.69970667016118,0.00047814973470564,0.021808816719681,0.123668955629385,0.268523916842246
0.620937783373459,0.762372669953518,0.755264674125261,0.000478156505897055,0.021809000165441,0.123669676927199,0.268524988177468
0.620942786500413,0.81756480435875,0.810599974161082,0.000478163277232282,0.0218091836134984,0.123670398231027,0.268526059518317
0.620947789627368,0.870046699278041,0.863546509444048,0.000478170048711323,0.0218093670638532,0.123671119540869,0.268527130864793
0.620952792754322,0.917139106010877,0.911475293876061,0.000478176820334183,0.0218095505165055,0.123671840856725,0.268528202216896
0.620957795881276,0.955939721204752,0.951496702208226,0.000478183592100866,0.0218097339714553,0.123672562178594,0.268529273574625
0.620959527057754,0.966917707926258,0.962980925257835,0.000478185935293607,0.0218097974508699,0.123672811770993,0.268529644285957
0.620962799008231,0.983679601121408,0.980800565193807,0.000478190364011376,0.0218099174287026,0.123673283506477,0.268530344937982
0.620967802135185,0.998160121942287,0.997087633606216,0.000478197136065718,0.0218101008882475,0.123674004840374,0.268531416306966
0.620970303698662,0.999999999768002,0.999876542487567,0.000478200522146826,0.0218101926188816,0.123674365509577,0.268531951993569
0.620972805262139,0.998160239429672,0.998988420104846,0.000478203908263894,0.0218102843500901,0.123674726180285,0.268532487681578
0.620977808389094,0.983683999553195,0.986338752158041,0.00047821068060591,0.0218104678142303,0.12367544752621,0.268533559061816
0.620982811516048,0.955959426532536,0.960214060723651,0.000478217453091769,0.0218106512806683,0.123676168878149,0.268534630447681
0.620987814643002,0.917189205450713,0.922709633548077,0.000478224225721475,0.0218108347494039,0.123676890236102,0.268535701839174
0.620992817769957,0.870142788320024,0.876546491496392,0.000478230998495033,0.0218110182204374,0.12367761160007,0.268536773236294
0.620997820896911,0.817719946687001,0.824631297705071,0.000478237771412446,0.0218112016937687,0.123678332970052,0.268537844639042
0.621002824023866,0.762595542869721,0.769685677685103,0.000478244544473719,0.0218113851693978,0.123679054346048,0.268538916047416
0.62100782715082,0.706999549725265,0.714007108947926,0.000478251317678856,0.0218115686473249,0.123679775728059,0.268539987461418
0.621012830277774,0.65263106614016,0.659366587510145,0.00047825809102786,0.0218117521275498,0.123680497116084,0.268541058881048
0.621017833404728,0.600672561961785,0.607011995629353,0.000478264864520737,0.0218119356100728,0.123681218510123,0.268542130306305
0.621022836531683,0.551861865177317,0.557734779305137,0.000478271638157489,0.0218121190948937,0.123681939910178,0.268543201737189
0.621027839658637,0.506586524086196,0.511963032058091,0.000478278411938121,0.0218123025820127,0.123682661316247,0.268544273173701
0.621032842785592,0.464977270288849,0.469856080713204,0.000478285185862637,0.0218124860714298,0.123683382728331,0.26854534461584
0.621037845912546,0.426988697642584,0.431387277596765,0.000478291959931042,0.021812669563145,0.123684104146429,0.268546416063607
0.6210428490395,0.392462973416572,0.396410081804619,0.000478298734143338,0.0218128530571584,0.123684825570543,0.268547487517002
0.621047852166455,0.36117711304124,0.364707434247299,0.000478305508499531,0.0218130365534699,0.123685547000671,0.268548558976024
0.621052855293409,0.332876279429018,0.336026746734835,0.000478312282999624,0.0218132200520797,0.123686268436814,0.268549630440674
0.621057858420363,0.307296121147101,0.310103532396964,0.000478319057643622,0.0218134035529878,0.123686989878973,0.268550701910951
0.621062861547318,0.284177016260261,0.286676577986862,0.000478325832431528,0.0218135870561942,0.123687711327146,0.268551773386856
0.621067864674272,0.263272557305539,0.265497089414262,0.000478332607363347,0.021813770561699,0.123688432781335,0.268552844868389
0.621072867801226,0.244354163027037,0.246333698206638,0.000478339382439083,0.0218139540695021,0.123689154241539,0.26855391635555
0.621077870928181,0.227213032656234,0.228974722156454,0.000478346157658739,0.0218141375796037,0.123689875707759,0.268554987848339
0.621082874055135,0.211660502106859,0.213228671342559,0.00047835293302232,0.0218143210920037,0.123690597179993,0.268556059346755
0.621087877182089,0.197527367408226,0.198923684266621,0.000478359708529829,0.0218145046067022,0.123691318658243,0.268557130850799
0.621092880309044,0.184662676635533,0.185906355049866,0.000478366484181272,0.0218146881236993,0.123692040142509,0.268558202360471
0.621097883435998,0.172932217480016,0.174040254161369,0.000478373259976652,0.021814871642995,0.12369276163279,0.268559273875772
0.621102886562952,0.162216937353955,0.163204335509672,0.000478380035915973,0.0218150551645893,0.123693483129087,0.2685603453967
0.621107889689907,0.152411349674056,0.153291348441044,0.000478386811999239,0.0218152386884822,0.1236942046314,0.268561416923256
0.621112892816861,0.143422051708665,0.144206323736624,0.000478393588226455,0.0218154222146738,0.123694926139728,0.26856248845544
0.621117895943816,0.135166329119725,0.135865170461243,0.000478400364597623,0.0218156057431642,0.123695647654072,0.268563559993252
0.62112289907077,0.127570900644603,0.12819339995216,0.00047840714111275,0.0218157892739533,0.123696369174432,0.268564631536693
0.621127902197724,0.120570796189117,0.121124980501591,0.000478413917771837,0.0218159728070413,0.123697090700808,0.268565703085761
0.621132905324678,0.11410835267189,0.114601318748187,0.000478420694574891,0.0218161563424281,0.1236978122332,0.268566774640458
0.621137908451633,0.108132328578955,0.108570359602588,0.000478427471521914,0.0218163398801137,0.123698533771608,0.268567846200783
0.621142911578587,0.102597129174938,0.102985794516637,0.00047843424861291,0.0218165234200983,0.123699255316033,0.268568917766736
0.621147914705542,0.0974621235036254,0.097806367211243,0.000478441025847885,0.0218167069623819,0.123699976866473,0.268569989338317
0.621152917832496,0.0926910502859733,0.0929952661084418,0.000478447803226841,0.0218168905069645,0.12370069842293,0.268571060915527
0.62115792095945,0.0882514924874981,0.0885195932859341,0.000478454580749783,0.0218170740538461,0.123701419985403,0.268572132498365
0.621162924086405,0.0841144262272424,0.0843499005931503,0.000478461358416716,0.0218172576030268,0.123702141553892,0.268573204086832
0.621167927213359,0.0802538216108255,0.0804597844792618,0.000478468136227642,0.0218174411545066,0.123702863128398,0.268574275680926
0.621172930340313,0.0766462951353583,0.0768255320035461,0.000478474914182567,0.0218176247082855,0.12370358470892,0.26857534728065
0.621177933467268,0.0732708054215327,0.0734258113885819,0.000478481692281494,0.0218178082643636,0.123704306295459,0.268576418886001
0.621182936594222,0.0701083874714571,0.0702414012912732,0.000478488470524427,0.021817991822741,0.123705027888015,0.268577490496982
0.621187939721176,0.0671419216773661,0.0672549537154809,0.000478495248911371,0.0218181753834176,0.123705749486587,0.26857856211359
0.621192942848131,0.0643559268063504,0.0644507861492221,0.000478502027442329,0.0218183589463936,0.123706471091176,0.268579633735828
0.621197945975085,0.0617363823405229,0.0618146990982832,0.000478508806117306,0.0218185425116689,0.123707192701782,0.268580705363694
0.621202949102039,0.0592705713789051,0.0593338157011575,0.000478515584936306,0.0218187260792435,0.123707914318405,0.268581776997188
0.621207952228994,0.0569469402895771,0.0569964405554681,0.000478522363899332,0.0218189096491176,0.123708635941045,0.268582848636311
0.621212955355948,0.0547549768361728,0.0547919352773299,0.000478529143006389,0.0218190932212911,0.123709357569702,0.268583920281063
0.621217958482902,0.0526851041160104,0.0527106086471453,0.000478535922257481,0.0218192767957642,0.123710079204376,0.268584991931444
0.621222961609857,0.0507285815172182,0.0507436194884786,0.000478542701652612,0.0218194603725367,0.123710800845067,0.268586063587453
0.621227964736811,0.0488774225678146,0.0488828906731716,0.000478549481191786,0.0218196439516089,0.123711522491775,0.268587135249091
0.621232967863765,0.0471243197871934,0.0471210328640254,0.000478556260875007,0.0218198275329806,0.123712244144501,0.268588206916358
0.62123797099072,0.0454625769580452,0.0454512767890536,0.00047856304070228,0.021820011116652,0.123712965803243,0.268589278589254
0.621242974117674,0.0438860503817296,0.0438674130024731,0.000478569820673608,0.0218201947026231,0.123713687468004,0.268590350267779
0.621247977244628,0.0423890963464297,0.0423637382248328,0.000478576600788995,0.0218203782908939,0.123714409138781,0.268591421951933
0.621252980371583,0.0409665233311582,0.0409350074718933,0.000478583381048445,0.0218205618814645,0.123715130815577,0.268592493641715
0.621257983498537,0.0396135501970729,0.0395763912859703,0.000478590161451964,0.0218207454743348,0.12371585249839,0.268593565337127
0.621262986625492,0.0383257685558948,0.0382834374694371,0.000478596941999553,0.0218209290695051,0.12371657418722,0.268594637038167
0.621267989752446,0.0370991088408431,0.0370520367982893,0.000478603722691219,0.0218211126669751,0.123717295882068,0.268595708744837
0.6212729928794,0.0359298099968888,0.0358783922577532,0.000478610503526964,0.0218212962667451,0.123718017582934,0.268596780457136
0.621277996006355,0.0348143920477492,0.0347589914000495,0.000478617284506794,0.0218214798688151,0.123718739289818,0.268597852175064
0.621282999133309,0.0337496319837189,0.03369058147373,0.000478624065630711,0.021821663473185,0.12371946100272,0.268598923898621
0.621288002260263,0.0327325412829748,0.0326701470160401,0.00047863084689872,0.021821847079855,0.12372018272164,0.268599995627807
0.621293005387218,0.0317603463005804,0.0316948896384226,0.000478637628310825,0.021822030688825,0.123720904446578,0.268601067362622
0.621298008514172,0.0308304696006377,0.0307622097661769,0.000478644409867031,0.0218222143000952,0.123721626177534,0.268602139103067
0.621303011641126,0.029940514451778,0.0298696901230077,0.000478651191567341,0.0218223979136655,0.123722347914508,0.268603210849141
0.621308014768081,0.029088249503684,0.0290150807745757,0.000478657973411759,0.0218225815295359,0.1237230696575,0.268604282600844
0.621313017895035,0.0282715959351243,0.02819628556749,0.000478664755400289,0.0218227651477066,0.123723791406511,0.268605354358177
0.621318021021989,0.0274886144038042,0.0274113498189427,0.000478671537532936,0.0218229487681776,0.123724513161539,0.268606426121138
0.621323024148944,0.0267374950763873,0.0266584491280525,0.000478678319809704,0.0218231323909488,0.123725234922587,0.26860749788973
0.621328027275898,0.0260165466166457,0.0259358791954745,0.000478685102230597,0.0218233160160204,0.123725956689653,0.268608569663951
0.621333030402852,0.0253241876659894,0.0252420465494148,0.000478691884795618,0.0218234996433923,0.123726678462737,0.268609641443801
0.621338033529807,0.024658938176655,0.0245754600884609,0.000478698667504772,0.0218236832730647,0.12372740024184,0.26861071322928
0.621343036656761,0.0240194119237701,0.0239347233604232,0.000478705450358063,0.0218238669050375,0.123728122026962,0.26861178502039
0.621348039783715,0.0234043094027211,0.0233185275060528,0.000478712233355495,0.0218240505393108,0.123728843818102,0.268612856817129
0.62135304291067,0.0228124114070216,0.022725644803301,0.000478719016497073,0.0218242341758846,0.123729565615261,0.268613928619497
0.621358046037624,0.0222425735753043,0.0221549227550918,0.000478725799782799,0.021824417814759,0.123730287418439,0.268615000427495
0.621363049164578,0.0216937204681714,0.0216052786695338,0.000478732583212679,0.021824601455934,0.123731009227636,0.268616072241123
0.621368052291533,0.021164840916102,0.0210756946863621,0.000478739366786716,0.0218247850994096,0.123731731042852,0.26861714406038
0.621373055418487,0.020654983736479,0.0205652132088291,0.000478746150504914,0.0218249687451859,0.123732452864087,0.268618215885267
0.621378058545441,0.0201632530078499,0.0200729327036615,0.000478752934367278,0.0218251523932629,0.123733174691341,0.268619287715784
0.621383061672396,0.0196888047844554,0.0195980038361844,0.000478759718373812,0.0218253360436407,0.123733896524615,0.268620359551931
0.62138806479935,0.0192308433843,0.0191396259103668,0.000478766502524519,0.0218255196963192,0.123734618363907,0.268621431393708
0.621393067926305,0.0187886179376027,0.0186970435869152,0.000478773286819405,0.0218257033512986,0.123735340209219,0.268622503241114
0.621398071053259,0.0183614197360984,0.0182695438551459,0.000478780071258472,0.0218258870085789,0.12373606206055,0.26862357509415
0.621403074180213,0.0179485792823649,0.0178564532363836,0.000478786855841725,0.0218260706681601,0.123736783917901,0.268624646952817
0.621408077307168,0.0175494635551646,0.0174571351992952,0.000478793640569168,0.0218262543300422,0.123737505781271,0.268625718817113
0.621413080434122,0.0171634741283874,0.0170709877688451,0.000478800425440805,0.0218264379942253,0.123738227650661,0.268626790687039
0.621418083561076,0.0167900443343111,0.0166974413128506,0.00047880721045664,0.0218266216607094,0.12373894952607,0.268627862562595
0.621423086688031,0.0164286378694008,0.0163359564910571,0.000478813995616678,0.0218268053294945,0.123739671407499,0.268628934443781
0.621428089814985,0.0160787464705579,0.0159860223535656,0.000478820780920922,0.0218269890005808,0.123740393294948,0.268630006330598
0.621433092941939,0.0157398883714384,0.0156471545761972,0.000478827566369376,0.0218271726739682,0.123741115188416,0.268631078223044
0.621438096068894,0.0154116065089102,0.0153188938217811,0.000478834351962046,0.0218273563496568,0.123741837087905,0.268632150121121
0.621443099195848,0.0150934672361247,0.0150008042173305,0.000478841137698933,0.0218275400276466,0.123742558993413,0.268633222024827
0.621448102322802,0.0147850588273856,0.0146924719377144,0.000478847923580044,0.0218277237079376,0.123743280904941,0.268634293934164
0.621453105449757,0.0144859899738924,0.014393503887654,0.000478854709605381,0.0218279073905299,0.12374400282249,0.268635365849132
0.621458108576711,0.0141958889058763,0.0141035264741523,0.000478861495774949,0.0218280910754236,0.123744724746058,0.268636437769729
0.621463111703665,0.0139144020512711,0.0138221844625682,0.000478868282088753,0.0218282747626186,0.123745446675647,0.268637509695957
0.62146811483062,0.013641192935059,0.0135491399097646,0.000478875068546795,0.021828458452115,0.123746168611256,0.268638581627815
0.621473117957574,0.0133759414325542,0.0132840711685422,0.00047888185514908,0.0218286421439128,0.123746890552885,0.268639653565304
0.621478121084528,0.0131183425537813,0.0130266719580517,0.000478888641895613,0.0218288258380122,0.123747612500535,0.268640725508423
0.621483124211483,0.0128681057697193,0.0127766504951161,0.000478895428786397,0.021829009534413,0.123748334454205,0.268641797457172
0.621488127338437,0.0126249541954186,0.0125337286821377,0.000478902215821436,0.0218291932331154,0.123749056413896,0.268642869411552
0.621493130465391,0.0123886236498473,0.012297641347264,0.000478909003000735,0.0218293769341194,0.123749778379607,0.268643941371562
0.621498133592346,0.0121588622709891,0.0120681355331816,0.000478915790324298,0.0218295606374251,0.123750500351339,0.268645013337203
0.6215031367193,0.0119354296261999,0.0118449698309052,0.000478922577792128,0.0218297443430324,0.123751222329091,0.268646085308475
0.621508139846255,0.0117180960670764,0.0116279137553998,0.00047892936540423,0.0218299280509414,0.123751944312864,0.268647157285377
0.621513142973209,0.0115066422817272,0.0114167471601205,0.000478936153160608,0.0218301117611521,0.123752666302658,0.26864822926791
0.621518146100163,0.0113008587223625,0.0112112596876187,0.000478942941061266,0.0218302954736646,0.123753388298473,0.268649301256073
0.621523149227117,0.0111005450263594,0.0110112502538473,0.000478949729106207,0.021830479188479,0.123754110300309,0.268650373249867
0.621528152354072,0.0109055095611197,0.010816526563693,0.000478956517295437,0.0218306629055952,0.123754832308166,0.268651445249292
0.621533155481026,0.0107155690399012,0.0106269046557366,0.00047896330562896,0.0218308466250133,0.123755554322044,0.268652517254348
0.621538158607981,0.0105305479754147,0.0104422084741199,0.000478970094106778,0.0218310303467334,0.123756276341943,0.268653589265034
0.621543161734935,0.010350278377672,0.0102622694658217,0.000478976882728897,0.0218312140707554,0.123756998367864,0.268654661281351
0.621548164861889,0.0101745993479619,0.0100869262015413,0.00047898367149532,0.0218313977970794,0.123757720399805,0.268655733303299
0.621553167988844,0.0100033567497118,0.0099160240186671,0.000478990460406052,0.0218315815257055,0.123758442437768,0.268656805330878
0.621558171115798,0.00983640273586143,0.0097494146849121,0.000478997249461097,0.0218317652566337,0.123759164481753,0.268657877364088
0.621563174242752,0.0096735956813804,0.00958695608117646,0.000479004038660458,0.021831948989864,0.123759886531758,0.268658949402929
0.621568177369707,0.00951479964486319,0.00942851190250405,0.00047901082800414,0.0218321327253965,0.123760608587786,0.268660021447401
0.621573180496661,0.00935988426916201,0.00927395137585658,0.000479017617492148,0.0218323164632311,0.123761330649835,0.268661093497504
0.621578183623615,0.00920872435355999,0.00912314899374129,0.000479024407124484,0.0218325002033681,0.123762052717905,0.268662165553238
0.62158318675057,0.00906119977739855,0.00897598426260307,0.000479031196901153,0.0218326839458073,0.123762774791997,0.268663237614603
0.621588189877524,0.00891719512603753,0.00883234146508898,0.00047903798682216,0.0218328676905488,0.123763496872111,0.268664309681599
0.621593193004478,0.00877659951437278,0.0086921094353513,0.000479044776887507,0.0218330514375926,0.123764218958247,0.268665381754226
0.621598196131433,0.00863930636969365,0.00855518134650452,0.000479051567097201,0.0218332351869389,0.123764941050405,0.268666453832485
0.621603199258387,0.00850521331638615,0.00842145450958568,0.000479058357451243,0.0218334189385876,0.123765663148585,0.268667525916374
0.621608202385341,0.00837422178139035,0.00829083018322048,0.00047906514794964,0.0218336026925388,0.123766385252787,0.268668598005895
0.621613205512296,0.00824623706701123,0.00816321339344208,0.000479071938592393,0.0218337864487924,0.12376710736301,0.268669670101048
0.62161820863925,0.0081211679793214,0.00803851276296061,0.000479078729379509,0.0218339702073486,0.123767829479256,0.268670742201831
0.621623211766204,0.00799892677137931,0.00791664034940742,0.000479085520310991,0.0218341539682075,0.123768551601525,0.268671814308246
0.621628214893159,0.00787942898164946,0.00779751149195353,0.000479092311386842,0.0218343377313689,0.123769273729815,0.268672886420293
0.621633218020113,0.00776259322704382,0.00768104466583838,0.000479099102607067,0.021834521496833,0.123769995864128,0.26867395853797
0.621638221147067,0.00764834118000758,0.00756716134437226,0.000479105893971671,0.0218347052645998,0.123770718004463,0.268675030661279
0.621643224274022,0.00753659730763901,0.00745578586791598,0.000479112685480657,0.0218348890346693,0.123771440150821,0.26867610279022
0.621648227400976,0.00742728883082527,0.007346845319514,0.000479119477134029,0.0218350728070416,0.123772162303201,0.268677174924792
0.621653230527931,0.0073203455924798,0.00724026940672247,0.000479126268931791,0.0218352565817167,0.123772884461604,0.268678247064996
0.621658233654885,0.00721569994415323,0.0071359903493552,0.000479133060873948,0.0218354403586947,0.123773606626029,0.268679319210831
0.621663236781839,0.00711328659710098,0.00703394277275483,0.000479139852960503,0.0218356241379756,0.123774328796477,0.268680391362298
0.621668239908794,0.00701304261310238,0.00693406360630421,0.000479146645191462,0.0218358079195593,0.123775050972948,0.268681463519397
0.621673243035748,0.00691490721100791,0.00683629198690803,0.000479153437566827,0.0218359917034461,0.123775773155442,0.268682535682127
0.621678246162702,0.00681882175906289,0.00674056916711586,0.000479160230086602,0.0218361754896359,0.123776495343959,0.268683607850489
0.621683249289657,0.00672472958673708,0.00664683842769886,0.000479167022750793,0.0218363592781287,0.123777217538499,0.268684680024482
0.621688252416611,0.00663257602924867,0.00655504499436995,0.000479173815559403,0.0218365430689246,0.123777939739061,0.268685752204108
0.621693255543565,0.00654230823392011,0.00646513595848737,0.000479180608512436,0.0218367268620236,0.123778661945647,0.268686824389365
0.62169825867052,0.00645387516543022,0.00637706020147664,0.000479187401609896,0.0218369106574257,0.123779384158256,0.268687896580254
0.621703261797474,0.00636722746481224,0.00629076832279279,0.000479194194851787,0.0218370944551311,0.123780106376888,0.268688968776775
0.621708264924428,0.00628231746270963,0.00620621257125379,0.000479200988238114,0.0218372782551397,0.123780828601544,0.268690040978928
0.621713268051383,0.00619909903592303,0.00612334677952026,0.000479207781768881,0.0218374620574515,0.123781550832223,0.268691113186712
0.621718271178337,0.00611752759109204,0.00604212630161431,0.00047921457544409,0.0218376458620667,0.123782273068925,0.268692185400129
0.621723274305291,0.00603755997053911,0.00596250795326096,0.000479221369263748,0.0218378296689853,0.123782995311651,0.268693257619178
0.621728277432246,0.00595915446175896,0.00588444995496349,0.000479228163227858,0.0218380134782072,0.1237837175604,0.268694329843859
0.6217332805592,0.00588227065910908,0.00580791187761599,0.000479234957336423,0.0218381972897325,0.123784439815173,0.268695402074172
0.621738283686154,0.00580686948681193,0.00573285459057697,0.000479241751589448,0.0218383811035613,0.12378516207597,0.268696474310116
0.621743286813109,0.00573291306680323,0.00565924021203673,0.000479248545986938,0.0218385649196936,0.12378588434279,0.268697546551693
0.621748289940063,0.00566036476219521,0.0055870320615798,0.000479255340528895,0.0218387487381295,0.123786606615634,0.268698618798903
0.621753293067017,0.00558918908317063,0.00551619461484821,0.000479262135215325,0.0218389325588689,0.123787328894502,0.268699691051744
0.621758296193972,0.00551935162860264,0.00544669346016134,0.000479268930046231,0.0218391163819119,0.123788051179394,0.268700763310218
0.621763299320926,0.00545081908502121,0.00537849525704385,0.000479275725021618,0.0218393002072586,0.12378877347031,0.268701835574323
0.621768302447881,0.00538355916062095,0.00531156769651869,0.000479282520141489,0.021839484034909,0.12378949576725,0.268702907844061
0.621773305574835,0.00531754055352025,0.00524587946312567,0.000479289315405849,0.0218396678648631,0.123790218070214,0.268703980119432
0.621778308701789,0.00525273293720497,0.00518140019854426,0.000479296110814702,0.021839851697121,0.123790940379203,0.268705052400435
0.621783311828744,0.00518910686957647,0.00511810046675833,0.000479302906368051,0.0218400355316827,0.123791662694215,0.26870612468707
0.621788314955698,0.00512663381767008,0.00505595172070234,0.000479309702065901,0.0218402193685482,0.123792385015252,0.268707196979338
0.621793318082652,0.00506528610970098,0.00499492627028346,0.000479316497908257,0.0218404032077177,0.123793107342313,0.268708269277238
0.621798321209607,0.00500503688406161,0.0049349972517569,0.000479323293895121,0.021840587049191,0.123793829675399,0.26870934158077
0.621803324336561,0.00494586007288772,0.00487613859834736,0.000479330090026499,0.0218407708929683,0.123794552014509,0.268710413889935
0.621808327463515,0.00488773039952168,0.00481832501210038,0.000479336886302394,0.0218409547390496,0.123795274359644,0.268711486204733
0.62181333059047,0.00483062329961395,0.00476153193686477,0.000479343682722811,0.021841138587435,0.123795996710803,0.268712558525163
0.621818333717424,0.00477451493712211,0.00470573553239306,0.000479350479287753,0.0218413224381244,0.123796719067987,0.268713630851226
0.621823336844378,0.00471938216216747,0.00465091264947694,0.000479357275997224,0.0218415062911179,0.123797441431196,0.268714703182921
0.621828339971333,0.00466520250560781,0.00459704080608284,0.00047936407285123,0.0218416901464156,0.123798163800429,0.26871577552025
0.621833343098287,0.00461195411272486,0.00454409816445384,0.000479370869849773,0.0218418740040174,0.123798886175687,0.26871684786321
0.621838346225241,0.00455961577304044,0.00449206350910437,0.000479377666992858,0.0218420578639235,0.123799608556971,0.268717920211804
0.621843349352196,0.00450816686861395,0.00444091622570374,0.000479384464280489,0.0218422417261339,0.123800330944279,0.26871899256603
0.62184835247915,0.00445758736127324,0.00439063628077179,0.00047939126171267,0.0218424255906486,0.123801053337613,0.268720064925889
0.621853355606104,0.00440785777850711,0.00434120420218551,0.000479398059289406,0.0218426094574676,0.123801775736971,0.268721137291381
0.621858358733059,0.00435895917963851,0.00429260106043264,0.000479404857010699,0.021842793326591,0.123802498142355,0.268722209662506
0.621863361860013,0.00431087316078269,0.00424480845059059,0.000479411654876555,0.0218429771980188,0.123803220553764,0.268723282039264
0.621868364986967,0.00426358181376462,0.00419780847500925,0.000479418452886978,0.021843161071751,0.123803942971198,0.268724354421655
0.621873368113922,0.00421706771934941,0.00415158372664067,0.000479425251041971,0.0218433449477878,0.123804665394658,0.268725426809679
0.621878371240876,0.0041713139470273,0.0041061172730197,0.000479432049341539,0.0218435288261291,0.123805387824143,0.268726499203335
0.62188337436783,0.00412630400801084,0.00406139264083485,0.000479438847785685,0.0218437127067749,0.123806110259654,0.268727571602625
0.621888377494785,0.0040820218732081,0.00401739380109501,0.000479445646374415,0.0218438965897254,0.12380683270119,0.268728644007548
0.621893380621739,0.00403845192284298,0.00397410515484195,0.000479452445107731,0.0218440804749805,0.123807555148752,0.268729716418104
0.621898383748694,0.00399557897308025,0.00393151151939516,0.000479459243985639,0.0218442643625403,0.123808277602339,0.268730788834293
0.621903386875648,0.003953388233006,0.003889598115116,0.000479466043008142,0.0218444482524048,0.123809000061953,0.268731861256115
0.621908390002602,0.00391186529972966,0.00384835055264577,0.000479472842175244,0.0218446321445741,0.123809722527592,0.26873293368357
0.621913393129557,0.00387099615715621,0.00380775482062661,0.000479479641486949,0.0218448160390482,0.123810444999257,0.268734006116659
0.621918396256511,0.00383076714078017,0.003767797273856,0.000479486440943262,0.0218449999358272,0.123811167476948,0.268735078555381
0.621923399383465,0.00379116496028034,0.00372846462188544,0.000479493240544186,0.021845183834911,0.123811889960665,0.268736150999736
0.62192840251042,0.00375217663896273,0.003689743918017,0.000479500040289727,0.0218453677362997,0.123812612450408,0.268737223449724
0.621933405637374,0.00371378956930569,0.00365162254870813,0.000479506840179887,0.0218455516399934,0.123813334946177,0.268738295905346
0.621938408764328,0.00367599144188065,0.00361408822334672,0.00047951364021467,0.021845735545992,0.123814057447973,0.268739368366601
0.621943411891283,0.0036387702710335,0.00357712896438999,0.000479520440394082,0.0218459194542958,0.123814779955794,0.26874044083349
0.621948415018237,0.00360211436439369,0.00354073309786059,0.000479527240718126,0.0218461033649045,0.123815502469642,0.268741513306012
0.621953418145191,0.00356601233508025,0.00350488924416519,0.000479534041186806,0.0218462872778184,0.123816224989517,0.268742585784168
0.621958421272146,0.00353045307019137,0.0034695863092477,0.000479540841800127,0.0218464711930374,0.123816947515418,0.268743658267957
0.6219634243991,0.00349542574599129,0.00343481347603825,0.000479547642558092,0.0218466551105616,0.123817670047345,0.26874473075738
0.621968427526054,0.00346091979849515,0.00340056019621065,0.000479554443460705,0.021846839030391,0.123818392585299,0.268745803252436
0.621973430653009,0.00342692492859483,0.0033668161822167,0.000479561244507971,0.0218470229525257,0.12381911512928,0.268746875753126
0.621978433779963,0.00339343108732396,0.00333357139959427,0.000479568045699893,0.0218472068769657,0.123819837679287,0.268747948259449
0.621983436906917,0.003360428467479,0.00330081605954587,0.000479574847036477,0.021847390803711,0.123820560235321,0.268749020771406
0.621988440033872,0.00332790751572608,0.00326854061175871,0.000479581648517725,0.0218475747327617,0.123821282797382,0.268750093288997
0.621993443160826,0.00329585889633389,0.00323673573747952,0.000479588450143642,0.0218477586641178,0.12382200536547,0.268751165812222
0.62199844628778,0.00326427350097413,0.00320539234281144,0.000479595251914233,0.0218479425977794,0.123822727939585,0.268752238341081
0.622003449414735,0.00323314243805753,0.00317450155224689,0.0004796020538295,0.0218481265337464,0.123823450519727,0.268753310875573
0.622008452541689,0.00320245703606712,0.0031440547024054,0.000479608855889449,0.021848310472019,0.123824173105896,0.268754383415699
0.622013455668644,0.00317220882108267,0.00311404333598973,0.000479615658094084,0.0218484944125971,0.123824895698092,0.268755455961459
0.622018458795598,0.00314238952244899,0.00308445919593508,0.000479622460443407,0.0218486783554809,0.123825618296315,0.268756528512853
0.622023461922552,0.00311299106636972,0.00305529421975107,0.000479629262937425,0.0218488623006702,0.123826340900566,0.268757601069881
0.622028465049506,0.00308400556510564,0.00302654053405552,0.00047963606557614,0.0218490462481653,0.123827063510844,0.268758673632542
0.622033468176461,0.003055425314402,0.00299819044927693,0.000479642868359557,0.0218492301979661,0.123827786127149,0.268759746200838
0.622038471303415,0.00302724279066363,0.00297023645453904,0.00047964967128768,0.0218494141500726,0.123828508749482,0.268760818774768
0.62204347443037,0.00299945064627526,0.00294267121270078,0.000479656474360513,0.0218495981044849,0.123829231377843,0.268761891354332
0.622048477557324,0.00297204169723698,0.00291548755556499,0.00047966327757806,0.0218497820612031,0.123829954012231,0.26876296393953
0.622053480684278,0.00294500892388212,0.00288867847923446,0.000479670080940325,0.0218499660202272,0.123830676652646,0.268764036530362
0.622058483811233,0.00291834547327198,0.00286223713961608,0.000479676884447313,0.0218501499815571,0.12383139929909,0.268765109126828
0.622063486938187,0.00289204463892887,0.00283615684807359,0.000479683688099027,0.021850333945193,0.123832121951561,0.268766181728929
0.622068490065141,0.00286609987611424,0.00281043106720888,0.000479690491895472,0.0218505179111349,0.12383284461006,0.268767254336664
0.622073493192096,0.00284050477633333,0.0027850534067852,0.000479697295836651,0.0218507018793828,0.123833567274587,0.268768326950033
0.62207849631905,0.00281525308097477,0.00276001761976898,0.000479704099922569,0.0218508858499367,0.123834289945142,0.268769399569036
0.622083499446004,0.00279033867191164,0.00273531759850344,0.00047971090415323,0.0218510698227968,0.123835012621725,0.268770472193674
0.622088502572959,0.00276575556171612,0.00271094737099533,0.000479717708528638,0.021851253797963,0.123835735304336,0.268771544823946
0.622093505699913,0.00274149789536066,0.00268690109731664,0.000479724513048797,0.0218514377754354,0.123836457992975,0.268772617459852
0.622098508826867,0.00271755995572952,0.00266317306612217,0.000479731317713711,0.021851621755214,0.123837180687643,0.268773690101393
0.622103511953822,0.00269393613615218,0.00263975769126601,0.000479738122523385,0.0218518057372988,0.123837903388339,0.268774762748568
0.622108515080776,0.00267062096415993,0.00261664950852941,0.000479744927477821,0.02185198972169,0.123838626095063,0.268775835401378
0.62211351820773,0.00264760908436887,0.00259384317243993,0.000479751732577026,0.0218521737083875,0.123839348807815,0.268776908059822
0.622118521334685,0.00262489524462695,0.00257133345319485,0.000479758537821002,0.0218523576973913,0.123840071526596,0.268777980723901
0.622123524461639,0.00260247432765498,0.00254911523366914,0.000479765343209753,0.0218525416887016,0.123840794251406,0.268779053393615
0.622128527588593,0.00258034130676539,0.00252718350652069,0.000479772148743285,0.0218527256823182,0.123841516982244,0.268780126068963
0.622133530715548,0.00255849126739427,0.00250553337137695,0.0004797789544216,0.0218529096782414,0.123842239719111,0.268781198749946
0.622138533842502,0.00253691940683258,0.00248416003210525,0.000479785760244704,0.0218530936764711,0.123842962462007,0.268782271436563
0.622143536969456,0.00251562101444457,0.00246305879416878,0.000479792566212599,0.0218532776770074,0.123843685210931,0.268783344128815
0.622148540096411,0.0024945914858037,0.00244222506205333,0.000479799372325291,0.0218534616798502,0.123844407965885,0.268784416826702
0.622153543223365,0.00247382630813967,0.0024216543367771,0.000479806178582783,0.0218536456849997,0.123845130726867,0.268785489530224
0.62215854635032,0.00245332106423667,0.00240134221346592,0.00047981298498508,0.0218538296924559,0.123845853493878,0.26878656223938
0.622163549477274,0.00243307143017471,0.00238128437900592,0.000479819791532185,0.0218540137022188,0.123846576266919,0.268787634954172
0.622168552604228,0.00241307317251629,0.00236147660975973,0.000479826598224103,0.0218541977142884,0.123847299045988,0.268788707674598
0.622173555731183,0.0023933221412216,0.00234191476934865,0.000479833405060837,0.0218543817286648,0.123848021831087,0.268789780400659
0.622178558858137,0.00237381427260672,0.00232259480650301,0.000479840212042393,0.0218545657453481,0.123848744622215,0.268790853132355
0.622183561985091,0.00235454558824027,0.00230351275296756,0.000479847019168773,0.0218547497643382,0.123849467419372,0.268791925869686
0.622188565112046,0.00233551219040571,0.00228466472147348,0.000479853826439983,0.0218549337856352,0.123850190222558,0.268792998612652
0.622193568239,0.00231671025825567,0.00226604690376125,0.000479860633856025,0.0218551178092392,0.123850913031774,0.268794071361253
0.622198571365954,0.00229813605202304,0.00224765556866614,0.000479867441416905,0.0218553018351501,0.12385163584702,0.26879514411549
0.622203574492909,0.0022797859000163,0.00222948706025103,0.000479874249122627,0.0218554858633681,0.123852358668295,0.268796216875361
0.622208577619863,0.00226165621486691,0.00221153779599784,0.000479881056973194,0.0218556698938931,0.1238530814956,0.268797289640867
0.622213580746817,0.00224374347183633,0.00219380426504539,0.000479887864968611,0.0218558539267252,0.123853804328934,0.268798362412009
0.622218583873772,0.00222604421884081,0.00217628302647642,0.000479894673108881,0.0218560379618645,0.123854527168298,0.268799435188786
0.622223587000726,0.00220855507352145,0.00215897070765602,0.000479901481394009,0.0218562219993109,0.123855250013692,0.268800507971198
0.62222859012768,0.0021912727174892,0.00214186400261017,0.000479908289823999,0.0218564060390645,0.123855972865116,0.268801580759245
0.622233593254635,0.00217419390357678,0.00212495967045502,0.000479915098398856,0.0218565900811254,0.12385669572257,0.268802653552928
0.622238596381589,0.00215731544066202,0.00210825453386318,0.000479921907118582,0.0218567741254936,0.123857418586054,0.268803726352246
0.622243599508543,0.00214063420460363,0.00209174547757749,0.000479928715983183,0.0218569581721691,0.123858141455568,0.268804799157199
0.622248602635498,0.00212414712964797,0.00207542944696159,0.000479935524992662,0.0218571422211519,0.123858864331112,0.268805871967788
0.622253605762452,0.00210785121243315,0.00205930344658968,0.000479942334147024,0.0218573262724422,0.123859587212686,0.268806944784012
0.622258608889406,0.00209174350390175,0.002043364538878,0.000479949143446272,0.0218575103260399,0.12386031010029,0.268808017605872
0.622263612016361,0.00207582111407298,0.0020276098427478,0.000479955952890411,0.021857694381945,0.123861032993925,0.268809090433367
0.622268615143315,0.00206008120603319,0.0020120365323297,0.000479962762479445,0.0218578784401577,0.12386175589359,0.268810163266497
0.62227361827027,0.00204452099926816,0.00199664183569711,0.000479969572213378,0.021858062500678,0.123862478799286,0.268811236105264
0.622278621397224,0.00202913776155429,0.00198142303363843,0.000479976382092214,0.0218582465635058,0.123863201711012,0.268812308949666
0.622283624524178,0.00201392882291903,0.00196637745845845,0.000479983192115957,0.0218584306286413,0.123863924628769,0.268813381799703
0.622288627651133,0.00199889155025371,0.00195150249281127,0.000479990002284611,0.0218586146960844,0.123864647552556,0.268814454655376
0.622293630778087,0.00198402336934276,0.00193679556856737,0.000479996812598181,0.0218587987658353,0.123865370482375,0.268815527516685
0.622298633905041,0.00196932174932007,0.0019222541657053,0.00048000362305667,0.0218589828378939,0.123866093418223,0.268816600383629
0.622303637031996,0.00195478420934125,0.0019078758112375,0.000480010433660083,0.0218591669122603,0.123866816360103,0.26881767325621
0.62230864015895,0.00194040831154246,0.00189365807815903,0.000480017244408423,0.0218593509889345,0.123867539308014,0.268818746134426
0.622313643285904,0.00192619166720391,0.00187959858442842,0.000480024055301695,0.0218595350679165,0.123868262261955,0.268819819018278
0.622318646412859,0.00191213192693621,0.00186569499196998,0.000480030866339904,0.0218597191492065,0.123868985221928,0.268820891907765
0.622322874033652,0.00190037211317826,0.0018540663443311,0.000480036621750925,0.0218598746989051,0.123869596124702,0.268821798499169
0.622323649539813,0.00189822679026873,0.0018519450057063,0.000480037677523052,0.0218599032328044,0.123869708187932,0.268821964802889
0.622328652666767,0.00188447399326417,0.00183834637261251,0.000480044488851145,0.0218600873187103,0.123870431159967,0.268823037703649
0.622333655793722,0.00187087131497764,0.0018248968807947,0.000480051300324186,0.0218602714069242,0.123871154138033,0.268824110610044
0.622338658920676,0.00185741657627591,0.00181159435859474,0.000480058111942179,0.0218604554974461,0.12387187712213,0.268825183522076
0.62234366204763,0.00184410763697997,0.00179843667371335,0.000480064923705129,0.0218606395902761,0.123872600112259,0.268826256439743
0.622348665174585,0.00183094239183743,0.00178542173236005,0.000480071735613039,0.0218608236854143,0.123873323108419,0.268827329363047
0.622353668301539,0.00181791878138779,0.00177254747841978,0.000480078547665914,0.0218610077828606,0.12387404611061,0.268828402291986
0.622358671428493,0.00180503477543745,0.00175981189264479,0.000480085359863758,0.0218611918826152,0.123874769118833,0.268829475226562
0.622363674555448,0.0017922883808022,0.00174721299186382,0.000480092172206575,0.0218613759846779,0.123875492133088,0.268830548166774
0.622368677682402,0.00177967764497113,0.00173474882821102,0.000480098984694369,0.021861560089049,0.123876215153374,0.268831621112622
0.622373680809356,0.00176720064581228,0.00172241748837674,0.000480105797327144,0.0218617441957284,0.123876938179693,0.268832694064106
0.622378683936311,0.0017548554946554,0.00171021709287273,0.000480112610104905,0.0218619283047161,0.123877661212042,0.268833767021227
0.622383687063265,0.00174264034056592,0.00169814579531982,0.000480119423027655,0.0218621124160123,0.123878384250424,0.268834839983984
0.622388690190219,0.00173055335718813,0.00168620178174867,0.000480126236095398,0.0218622965296168,0.123879107294838,0.268835912952377
0.622393693317174,0.00171859275908807,0.00167438326992208,0.000480133049308139,0.0218624806455299,0.123879830345283,0.268836985926406
0.622398696444128,0.00170675678424095,0.00166268850866939,0.000480139862665882,0.0218626647637514,0.123880553401761,0.268838058906072
0.622403699571083,0.00169504370524076,0.0016511157772411,0.000480146676168631,0.0218628488842816,0.123881276464271,0.268839131891374
0.622408702698037,0.00168345182387786,0.00163966338467651,0.000480153489816389,0.0218630330071202,0.123881999532813,0.268840204882313
0.622413705824991,0.00167197947314235,0.00162832966918656,0.000480160303609162,0.0218632171322676,0.123882722607387,0.268841277878888
0.622418708951946,0.00166062500947964,0.00161711299755411,0.000480167117546953,0.0218634012597236,0.123883445687993,0.2688423508811
0.6224237120789,0.00164938682243995,0.00160601176454477,0.000480173931629767,0.0218635853894883,0.123884168774632,0.268843423888948
0.622428715205854,0.00163826332645591,0.00159502439233582,0.000480180745857606,0.0218637695215617,0.123884891867303,0.268844496902433
0.622433718332809,0.00162725296306189,0.00158414932995478,0.000480187560230477,0.0218639536559439,0.123885614966007,0.268845569921554
0.622438721459763,0.00161635420208886,0.00157338505273489,0.000480194374748382,0.0218641377926349,0.123886338070743,0.268846642946312
0.622443724586717,0.00160556553577249,0.00156273006178114,0.000480201189411325,0.0218643219316348,0.123887061181512,0.268847715976707
0.622448727713672,0.00159488548554346,0.0015521828834488,0.000480208004219312,0.0218645060729436,0.123887784298314,0.268848789012738
0.622453730840626,0.00158431259502717,0.00154174206883665,0.000480214819172346,0.0218646902165613,0.123888507421148,0.268849862054406
0.62245873396758,0.00157384543200033,0.00153140619328844,0.000480221634270431,0.021864874362488,0.123889230550015,0.268850935101711
0.622463737094535,0.00156348259014109,0.00152117385590978,0.00048022844951357,0.0218650585107237,0.123889953684915,0.268852008154652
0.622468740221489,0.00155322268436487,0.00151104367909259,0.00048023526490177,0.0218652426612685,0.123890676825848,0.268853081213231
0.622473743348443,0.00154306435393825,0.00150101430805388,0.000480242080435033,0.0218654268141223,0.123891399972814,0.268854154277446
0.622478746475398,0.00153300625935412,0.00149108441038307,0.000480248896113363,0.0218656109692853,0.123892123125812,0.268855227347298
0.622483749602352,0.00152304708568386,0.00148125267559962,0.000480255711936766,0.0218657951267574,0.123892846284844,0.268856300422787
0.622488752729306,0.00151318553529287,0.00147151781472307,0.000480262527905244,0.0218659792865387,0.12389356944991,0.268857373503913
0.622493755856261,0.00150342033525734,0.00146187855984962,0.000480269344018802,0.0218661634486293,0.123894292621008,0.268858446590677
0.622498758983215,0.00149375023321973,0.00145233366374182,0.000480276160277444,0.0218663476130292,0.12389501579814,0.268859519683077
0.622503762110169,0.00148417399350173,0.0014428818994242,0.000480282976681174,0.0218665317797383,0.123895738981305,0.268860592781114
0.622508765237124,0.001474690405674,0.00143352205979134,0.000480289793229996,0.0218667159487568,0.123896462170504,0.268861665884788
0.622513768364078,0.00146529827337827,0.0014242529572216,0.000480296609923915,0.0218669001200847,0.123897185365736,0.268862738994099
0.622518771491033,0.00145599642432731,0.00141507342320247,0.000480303426762935,0.0218670842937221,0.123897908567001,0.268863812109048
0.622523774617987,0.00144678370267008,0.00140598230796244,0.000480310243747059,0.0218672684696689,0.123898631774301,0.268864885229633
0.622528777744941,0.00143765896961308,0.00139697848011095,0.000480317060876292,0.0218674526479252,0.123899354987634,0.268865958355856
0.622533780871895,0.00142862110785366,0.00138806082628852,0.000480323878150637,0.0218676368284911,0.123900078207,0.268867031487717
0.62253878399885,0.00141966901540108,0.00137922825082153,0.0004803306955701,0.0218678210113665,0.123900801432401,0.268868104625214
0.622543787125804,0.00141080160846604,0.00137047967538793,0.000480337513134684,0.0218680051965516,0.123901524663835,0.268869177768349
0.622548790252759,0.00140201781969895,0.00136181403868711,0.000480344330844393,0.0218681893840463,0.123902247901304,0.268870250917121
0.622553793379713,0.00139331659961639,0.00135323029611997,0.000480351148699232,0.0218683735738508,0.123902971144806,0.26887132407153
0.622558796506667,0.00138469691335209,0.00134472741947411,0.000480357966699204,0.0218685577659649,0.123903694394342,0.268872397231577
0.622563799633622,0.00137615774477216,0.00133630439661589,0.000480364784844313,0.0218687419603889,0.123904417649913,0.268873470397261
0.622568802760576,0.00136769809100409,0.00132796023119109,0.000480371603134564,0.0218689261571227,0.123905140911518,0.268874543568583
0.62257380588753,0.00135931696794495,0.00131969394232925,0.000480378421569962,0.0218691103561663,0.123905864179157,0.268875616745543
0.622578809014485,0.00135101340131688,0.00131150456435746,0.000480385240150508,0.0218692945575198,0.12390658745283,0.268876689928139
0.622583812141439,0.00134278643789791,0.00130339114651728,0.00048039205887621,0.0218694787611832,0.123907310732538,0.268877763116374
0.622588815268393,0.001334635136346,0.00129535275269077,0.000480398877747069,0.0218696629671566,0.12390803401828,0.268878836310246
0.622593818395348,0.00132655856818377,0.00128738846112948,0.000480405696763091,0.02186984717544,0.123908757310057,0.268879909509755
0.622598821522302,0.00131855582154674,0.00127949736419188,0.000480412515924279,0.0218700313860335,0.123909480607868,0.268880982714903
0.622603824649256,0.00131062599795857,0.00127167856808472,0.000480419335230637,0.021870215598937,0.123910203911714,0.268882055925688
0.622608827776211,0.00130276821255195,0.00126393119260976,0.00048042615468217,0.0218703998141507,0.123910927221595,0.26888312914211
0.622613830903165,0.00129498159146839,0.00125625437091778,0.000480432974278882,0.0218705840316745,0.12391165053751,0.268884202364171
0.622618834030119,0.00128726527930441,0.00124864724926504,0.000480439794020777,0.0218707682515085,0.12391237385946,0.268885275591869
0.622623837157074,0.00127961842914748,0.0012411089867777,0.000480446613907859,0.0218709524736528,0.123913097187445,0.268886348825205
0.622628840284028,0.0012720402073132,0.00123363875521848,0.000480453433940132,0.0218711366981073,0.123913820521465,0.268887422064179
0.622633843410982,0.00126452979222249,0.00122623573876074,0.000480460254117601,0.0218713209248722,0.123914543861521,0.268888495308791
0.622638846537937,0.00125708637822946,0.0012188991337655,0.000480467074440269,0.0218715051539473,0.123915267207611,0.268889568559041
0.622643849664891,0.00124970916691595,0.00121162814856331,0.00048047389490814,0.0218716893853329,0.123915990559736,0.268890641814929
0.622648852791845,0.0012423973754465,0.00120442200324208,0.000480480715521219,0.0218718736190289,0.123916713917897,0.268891715076455
0.6226538559188,0.0012351502301322,0.00119727992943704,0.00048048753627951,0.0218720578550354,0.123917437282093,0.268892788343619
0.622658859045754,0.00122796696828443,0.0011902011701275,0.000480494357183016,0.0218722420933524,0.123918160652324,0.26889386161642
0.622663862172709,0.00122084684261445,0.00118318497943526,0.000480501178231743,0.0218724263339799,0.12391888402859,0.26889493489486
0.622668865299663,0.00121378911062573,0.0011762306224296,0.000480507999425693,0.021872610576918,0.123919607410892,0.268896008178939
0.622673868426617,0.00120679304510887,0.00116933737493461,0.000480514820764872,0.0218727948221668,0.12392033079923,0.268897081468655
0.622678871553572,0.00119985792815523,0.0011625045233405,0.000480521642249284,0.0218729790697261,0.123921054193603,0.268898154764009
0.622683874680526,0.00119298305317175,0.00115573136442028,0.000480528463878931,0.0218731633195962,0.123921777594012,0.268899228065002
0.62268887780748,0.00118616772230559,0.00114901720514787,0.00048053528565382,0.021873347571777,0.123922501000457,0.268900301371633
0.622693880934435,0.00117941124725646,0.0011423613625223,0.000480542107573953,0.0218735318262686,0.123923224412937,0.268901374683902
0.622698884061389,0.00117271295157909,0.00113576316339307,0.000480548929639335,0.021873716083071,0.123923947831453,0.26890244800181
0.622703887188343,0.00116607216759986,0.00112922194429141,0.00048055575184997,0.0218739003421843,0.123924671256005,0.268903521325355
0.622708890315298,0.00115948823812121,0.00112273705126257,0.000480562574205862,0.0218740846036084,0.123925394686593,0.26890459465454
0.622713893442252,0.00115296051265432,0.00111630783970358,0.000480569396707015,0.0218742688673435,0.123926118123217,0.268905667989362
0.622718896569206,0.00114648835409768,0.00110993367420296,0.000480576219353434,0.0218744531333895,0.123926841565878,0.268906741329824
0.622723899696161,0.00114007113101245,0.00110361392838342,0.000480583042145122,0.0218746374017465,0.123927565014574,0.268907814675923
0.622728902823115,0.00113370822195192,0.00109734798474927,0.000480589865082083,0.0218748216724146,0.123928288469307,0.268908888027661
0.622733905950069,0.0011273990129921,0.00109113523453466,0.000480596688164323,0.0218750059453938,0.123929011930076,0.268909961385038
0.622738909077024,0.00112114290329347,0.001084975077557,0.000480603511391844,0.021875190220684,0.123929735396881,0.268911034748053
0.622743912203978,0.00111493929429812,0.00107886692207119,0.000480610334764651,0.0218753744982855,0.123930458869722,0.268912108116707
0.622748915330932,0.00110878759955716,0.0010728101846286,0.000480617158282749,0.0218755587781981,0.123931182348601,0.268913181490999
0.622753918457887,0.0011026872409237,0.00106680428993757,0.00048062398194614,0.0218757430604219,0.123931905833515,0.268914254870931
0.622758921584841,0.0010966376473791,0.00106084867072656,0.00048063080575483,0.0218759273449571,0.123932629324467,0.2689153282565
0.622763924711795,0.00109063825502229,0.00105494276761138,0.000480637629708822,0.0218761116318035,0.123933352821455,0.268916401647709
0.62276892783875,0.00108468850916727,0.00104908602896287,0.000480644453808121,0.0218762959209613,0.123934076324479,0.268917475044556
0.622773930965704,0.00107878786185958,0.00104327791077943,0.000480651278052731,0.0218764802124305,0.123934799833541,0.268918548447043
0.622778934092658,0.00107293577294533,0.00103751787655972,0.000480658102442655,0.0218766645062111,0.123935523348639,0.268919621855168
0.622783937219613,0.00106713171034301,0.00103180539718004,0.000480664926977898,0.0218768488023031,0.123936246869775,0.268920695268932
0.622788940346567,0.00106137514884717,0.00102613995077194,0.000480671751658465,0.0218770331007067,0.123936970396947,0.268921768688334
0.622793943473522,0.00105566556971596,0.00102052102260406,0.000480678576484359,0.0218772174014218,0.123937693930156,0.268922842113376
0.622798946600476,0.00105000246184586,0.00101494810496501,0.000480685401455584,0.0218774017044485,0.123938417469403,0.268923915544057
0.62280394972743,0.00104438532118247,0.00100942069704846,0.000480692226572144,0.0218775860097868,0.123939141014687,0.268924988980377
0.622808952854385,0.00103881365010741,0.00100393830484165,0.000480699051834044,0.0218777703174367,0.123939864566008,0.268926062422335
0.622813955981339,0.00103328695847824,0.000998500441014149,0.000480705877241288,0.0218779546273984,0.123940588123366,0.268927135869933
0.622818959108293,0.00102780476233131,0.00099310662481071,0.00048071270279388,0.0218781389396718,0.123941311686761,0.26892820932317
0.622823962235248,0.00102236658396567,0.000987756381944153,0.000480719528491823,0.0218783232542569,0.123942035256194,0.268929282782046
0.622828965362202,0.0010169719506524,0.000982449244492091,0.000480726354335123,0.0218785075711539,0.123942758831665,0.268930356246561
0.622833968489156,0.00101162040016411,0.000977184750794393,0.000480733180323783,0.0218786918903627,0.123943482413173,0.268931429716716
0.622838971616111,0.00100631147246067,0.000971962445352565,0.000480740006457807,0.0218788762118834,0.123944206000719,0.268932503192509
0.622843974743065,0.00100104471418134,0.000966781878732161,0.0004807468327372,0.021879060535716,0.123944929594302,0.268933576673942
0.622848977870019,0.000995819680377797,0.00096164260746529,0.000480753659161965,0.0218792448618606,0.123945653193923,0.268934650161014
0.622853980996974,0.000990635929058936,0.000956544193956742,0.000480760485732107,0.0218794291903171,0.123946376799582,0.268935723653726
0.622858984123928,0.000985493026734447,0.000951486206390049,0.00048076731244763,0.0218796135210857,0.123947100411279,0.268936797152076
0.622863987250882,0.000980390542732802,0.000946468218636958,0.000480774139308538,0.0218797978541664,0.123947824029014,0.268937870656067
0.622868990377837,0.00097532805454901,0.000941489810167447,0.000480780966314835,0.0218799821895592,0.123948547652787,0.268938944165696
0.622873993504791,0.000970305143211367,0.000936550565961403,0.000480787793466525,0.0218801665272642,0.123949271282598,0.268940017680965
0.622878996631745,0.000965321397765292,0.000931650076423002,0.000480794620763613,0.0218803508672814,0.123949994918447,0.268941091201874
0.6228839997587,0.000960376409157559,0.000926787937295022,0.000480801448206102,0.0218805352096107,0.123950718560334,0.268942164728422
0.622889002885654,0.000955469776777006,0.000921963749576443,0.000480808275793997,0.0218807195542524,0.12395144220826,0.26894323826061
0.622894006012608,0.000950601103554826,0.000917177119439823,0.000480815103527301,0.0218809039012064,0.123952165862223,0.268944311798437
0.622899009139563,0.000945769998470048,0.000912427658151879,0.00048082193140602,0.0218810882504727,0.123952889522226,0.268945385341904
0.622904012266517,0.000940976073597438,0.000907714981993803,0.000480828759430156,0.0218812726020514,0.123953613188266,0.26894645889101
0.622909015393472,0.000936218948322396,0.000903038712184592,0.000480835587599715,0.0218814569559425,0.123954336860346,0.268947532445757
0.622914018520426,0.000931498246117402,0.000898398474804709,0.000480842415914699,0.0218816413121461,0.123955060538463,0.268948606006142
0.62291902164738,0.000926813594810958,0.000893793900721116,0.000480849244375115,0.0218818256706621,0.12395578422262,0.268949679572168
0.622924024774335,0.00092216462666135,0.000889224625514667,0.000480856072980964,0.0218820100314907,0.123956507912815,0.268950753143833
0.622929027901289,0.000917550981039335,0.000884690289407273,0.000480862901732253,0.0218821943946319,0.123957231609049,0.268951826721139
0.622934031028243,0.000912972298099466,0.000880190537191976,0.000480869730628984,0.0218823787600857,0.123957955311321,0.268952900304084
0.622939034155198,0.000908428225125625,0.000875725018162656,0.000480876559671162,0.0218825631278522,0.123958679019633,0.268953973892669
0.622944037282152,0.00090391841342472,0.000871293386046478,0.000480883388858791,0.0218827474979314,0.123959402733984,0.268955047486894
0.622949040409106,0.000899442519112285,0.000866895298936539,0.000480890218191875,0.0218829318703232,0.123960126454373,0.268956121086758
0.622954043536061,0.000895000201002746,0.000862530419225704,0.000480897047670419,0.0218831162450279,0.123960850180802,0.268957194692263
0.622959046663015,0.000890591122905164,0.000858198413542575,0.000480903877294426,0.0218833006220453,0.12396157391327,0.268958268303408
0.622964049789969,0.000886214954011563,0.000853898952687133,0.0004809107070639,0.0218834850013756,0.123962297651777,0.268959341920193
0.622969052916924,0.000881871366831206,0.000849631711569035,0.000480917536978846,0.0218836693830188,0.123963021396323,0.268960415542618
0.622974056043878,0.000877560036847385,0.000845396369145465,0.000480924367039269,0.0218838537669749,0.123963745146909,0.268961489170683
0.622979059170832,0.000873280645339718,0.000841192608361582,0.00048093119724517,0.021884038153244,0.123964468903534,0.268962562804388
0.622984062297787,0.000869032876420362,0.000837020116090489,0.000480938027596557,0.021884222541826,0.123965192666198,0.268963636443733
0.622989065424741,0.000864816418050688,0.000832878583075648,0.000480944858093431,0.0218844069327211,0.123965916434902,0.268964710088718
0.622994068551695,0.000860630963886715,0.000828767703873352,0.000480951688735798,0.0218845913259293,0.123966640209646,0.268965783739344
0.62299907167865,0.000856476207612129,0.000824687176796202,0.000480958519523661,0.0218847757214506,0.123967363990429,0.26896685739561
0.623004074805604,0.000852351850520786,0.00082063670385845,0.000480965350457025,0.021884960119285,0.123968087777252,0.268967931057516
0.623009077932558,0.000848257595702757,0.000816615990720934,0.000480972181535893,0.0218851445194327,0.123968811570115,0.268969004725063
0.623014081059513,0.000844193150151944,0.000812624746638381,0.00048097901276027,0.0218853289218935,0.123969535369018,0.26897007839825
0.623019084186467,0.00084015822341292,0.000808662684406186,0.000480985844130161,0.0218855133266677,0.123970259173961,0.268971152077077
0.623024087313422,0.000836152530658681,0.000804729520309427,0.000480992675645569,0.0218856977337551,0.123970982984943,0.268972225761545
0.623029090440376,0.000832175788507455,0.000800824974071852,0.000480999507306497,0.0218858821431559,0.123971706801966,0.268973299451653
0.62303409356733,0.000828227718479313,0.000796948768805751,0.000481006339112952,0.02188606655487,0.123972430625029,0.268974373147402
0.623039096694284,0.000824308044977096,0.000793100630963517,0.000481013171064935,0.0218862509688976,0.123973154454131,0.268975446848791
0.623044099821239,0.000820416494595815,0.000789280290288753,0.000481020003162453,0.0218864353852386,0.123973878289275,0.268976520555821
0.623049102948193,0.000816552798576121,0.000785487479769548,0.000481026835405508,0.0218866198038932,0.123974602130458,0.268977594268491
0.623054106075148,0.000812716691412487,0.000781721935591199,0.000481033667794105,0.0218868042248612,0.123975325977682,0.268978667986803
0.623059109202102,0.000808907909837326,0.000777983397090963,0.000481040500328248,0.0218869886481429,0.123976049830946,0.268979741710754
0.623064112329056,0.00080512619415826,0.000774271606712751,0.000481047333007942,0.0218871730737381,0.123976773690251,0.268980815440347
0.623069115456011,0.000801371287978686,0.000770586309962558,0.000481054165833189,0.0218873575016471,0.123977497555596,0.26898188917558
0.623074118582965,0.000797642937585179,0.000766927255365467,0.000481060998803996,0.0218875419318697,0.123978221426982,0.268982962916453
0.623079121709919,0.000793940892474201,0.000763294194422135,0.000481067831920365,0.021887726364406,0.123978945304408,0.268984036662968
0.623084124836874,0.000790264905272495,0.000759686881567293,0.0004810746651823,0.0218879107992561,0.123979669187876,0.268985110415124
0.623089127963828,0.000786614730925836,0.000756105074127651,0.000481081498589806,0.02188809523642,0.123980393077384,0.26898618417292
0.623094131090782,0.00078299012738825,0.00075254853228176,0.000481088332142888,0.0218882796758977,0.123981116972933,0.268987257936357
0.623099134217737,0.00077939085606123,0.000749017019019275,0.000481095165841549,0.0218884641176893,0.123981840874522,0.268988331705435
0.623104137344691,0.00077581668101163,0.000745510300102064,0.000481101999685792,0.0218886485617949,0.123982564782153,0.268989405480154
0.623109140471645,0.00077226736787935,0.00074202814402516,0.000481108833675624,0.0218888330082144,0.123983288695825,0.268990479260514
0.6231141435986,0.000768742686787163,0.000738570321978366,0.000481115667811047,0.0218890174569479,0.123984012615538,0.268991553046515
0.623119146725554,0.000765242409406741,0.000735136607809237,0.000481122502092065,0.0218892019079954,0.123984736541293,0.268992626838157
0.623124149852508,0.000761766309963476,0.000731726777985531,0.000481129336518683,0.021889386361357,0.123985460473088,0.26899370063544
0.623129152979463,0.000758314165741992,0.00072834061155947,0.000481136171090905,0.0218895708170327,0.123986184410925,0.268994774438365
0.623134156106417,0.000754885756514852,0.000724977890131376,0.000481143005808736,0.0218897552750226,0.123986908354803,0.26899584824693
0.623139159233371,0.000751480865079773,0.00072163839781502,0.000481149840672179,0.0218899397353267,0.123987632304723,0.268996922061136
0.623144162360326,0.000748099275137975,0.000718321921202774,0.000481156675681237,0.021890124197945,0.123988356260684,0.268997995880984
0.62314916548728,0.000744740774467555,0.000715028249331332,0.000481163510835917,0.0218903086628775,0.123989080222686,0.268999069706473
0.623154168614234,0.000741405152531571,0.000711757173648705,0.000481170346136221,0.0218904931301244,0.123989804190731,0.269000143537603
0.623159171741189,0.000738092201524877,0.000708508487980656,0.000481177181582154,0.0218906775996856,0.123990528164817,0.269001217374375
0.623164174868143,0.000734801715572198,0.000705281988498822,0.000481184017173719,0.0218908620715612,0.123991252144944,0.269002291216788
0.623169177995098,0.000731533492081794,0.000702077473688196,0.000481190852910922,0.0218910465457512,0.123991976131114,0.269003365064842
0.623174181122052,0.000728287329218071,0.000698894744316264,0.000481197688793766,0.0218912310222556,0.123992700123325,0.269004438918538
0.623179184249006,0.000725063028517244,0.000695733603401496,0.000481204524822255,0.0218914155010746,0.123993424121579,0.269005512777875
0.623184187375961,0.000721860393341622,0.000692593856183394,0.000481211360996394,0.0218915999822081,0.123994148125874,0.269006586642854
0.623189190502915,0.000718679230249217,0.000689475310092303,0.000481218197316186,0.0218917844656561,0.123994872136212,0.269007660513474
0.623194193629869,0.000715519346016942,0.00068637777471971,0.000481225033781636,0.0218919689514188,0.123995596152591,0.269008734389735
0.623199196756824,0.000712380551110341,0.000683301061789684,0.000481231870392748,0.0218921534394961,0.123996320175013,0.269009808271638
0.623204199883778,0.000709262657929013,0.000680244985129746,0.000481238707149526,0.0218923379298881,0.123997044203477,0.269010882159183
0.623209203010732,0.000706165480264714,0.000677209360643274,0.000481245544051973,0.0218925224225949,0.123997768237984,0.26901195605237
0.623214206137687,0.000703088835245335,0.000674194006281263,0.000481252381100096,0.0218927069176164,0.123998492278533,0.269013029951198
0.623219209264641,0.000700032540007072,0.000671198742015525,0.000481259218293896,0.0218928914149527,0.123999216325124,0.269014103855667
0.623224212391595,0.000696996415661543,0.000668223389811639,0.00048126605563338,0.0218930759146038,0.123999940377758,0.269015177765779
0.62322921551855,0.000693980284403504,0.000665267773602325,0.000481272893118549,0.0218932604165699,0.124000664436434,0.269016251681532
0.623234218645504,0.000690983970597091,0.000662331719261876,0.00048127973074941,0.0218934449208508,0.124001388501153,0.269017325602927
0.623239221772458,0.000688007300167515,0.000659415054580012,0.000481286568525966,0.0218936294274467,0.124002112571915,0.269018399529964
0.623244224899413,0.000685050101347293,0.000656517609237174,0.00048129340644822,0.0218938139363576,0.124002836648719,0.269019473462642
0.623249228026367,0.000682112204390372,0.000653639214779157,0.000481300244516178,0.0218939984475836,0.124003560731567,0.269020547400963
0.623254231153321,0.000679193440638547,0.000650779704593104,0.000481307082729844,0.0218941829611246,0.124004284820457,0.269021621344926
0.623259234280276,0.000676293644241114,0.000647938913883216,0.000481313921089221,0.0218943674769807,0.12400500891539,0.26902269529453
0.62326423740723,0.000673412650101486,0.000645116679646844,0.000481320759594313,0.021894551995152,0.124005733016366,0.269023769249776
0.623269240534184,0.000670550296332789,0.000642312840651569,0.000481327598245125,0.0218947365156384,0.124006457123386,0.269024843210665
0.623274243661139,0.000667706421189363,0.000639527237411686,0.000481334437041662,0.0218949210384401,0.124007181236448,0.269025917177195
0.623279246788093,0.000664880865640999,0.000636759712166048,0.000481341275983926,0.021895105563557,0.124007905355554,0.269026991149368
0.623284249915047,0.000662073472498023,0.000634010108855252,0.000481348115071923,0.0218952900909893,0.124008629480703,0.269028065127183
0.623289253042002,0.00065928408556891,0.000631278273100144,0.000481354954305655,0.0218954746207369,0.124009353611895,0.269029139110639
0.623294256168956,0.000656512550715265,0.000628564052179684,0.000481361793685129,0.0218956591527999,0.124010077749131,0.269030213099738
0.623299259295911,0.000653758715284587,0.000625867295010044,0.000481368633210347,0.0218958436871783,0.12401080189241,0.26903128709448
0.623304262422865,0.000651022428583956,0.000623187852123414,0.000481375472881314,0.0218960282238721,0.124011526041733,0.269032361094863
0.623309265549819,0.000648303541589997,0.000620525575647135,0.000481382312698033,0.0218962127628815,0.124012250197099,0.269033435100889
0.623314268676774,0.000645601906017747,0.000617880319283727,0.00048138915266051,0.0218963973042063,0.124012974358509,0.269034509112557
0.623319271803728,0.000642917375869746,0.000615251938290333,0.000481395992768748,0.0218965818478468,0.124013698525963,0.269035583129867
0.623324274930682,0.000640249806984616,0.000612640289459409,0.000481402833022751,0.0218967663938029,0.124014422699461,0.26903665715282
0.623329278057637,0.000637599055634086,0.000610045231098762,0.000481409673422524,0.0218969509420746,0.124015146879002,0.269037731181415
0.623334281184591,0.000634964981453528,0.000607466623012756,0.000481416513968071,0.021897135492662,0.124015871064587,0.269038805215653
0.623339284311545,0.000632347443102063,0.000604904326483214,0.000481423354659395,0.0218973200455651,0.124016595256217,0.269039879255533
0.6233442874385,0.000629746302199365,0.000602358204250613,0.000481430195496501,0.021897504600784,0.12401731945389,0.269040953301055
0.623349290565454,0.000627161422075279,0.000599828120496106,0.000481437036479393,0.0218976891583187,0.124018043657608,0.269042027352221
0.623354293692408,0.000624592666988832,0.000597313940822979,0.000481443877608075,0.0218978737181692,0.124018767867369,0.269043101409028
0.623359296819363,0.000622039901995973,0.000594815532239261,0.000481450718882552,0.0218980582803356,0.124019492083175,0.269044175471478
0.623364299946317,0.000619502994826874,0.000592332763139708,0.000481457560302827,0.021898242844818,0.124020216305025,0.269045249539571
0.623369303073271,0.000616981813614172,0.000589865503288926,0.000481464401868905,0.0218984274116163,0.12402094053292,0.269046323613307
0.623374306200226,0.000614476228337545,0.000587413623803866,0.000481471243580789,0.0218986119807306,0.124021664766859,0.269047397692685
0.62337930932718,0.000611986110080661,0.00058497699713739,0.000481478085438485,0.0218987965521609,0.124022389006842,0.269048471777706
0.623384312454134,0.000609511331961413,0.000582555497061531,0.000481484927441995,0.0218989811259073,0.12402311325287,0.26904954586837
0.623389315581089,0.000607051766963018,0.000580148998650996,0.000481491769591325,0.0218991657019698,0.124023837504943,0.269050619964677
0.623394318708043,0.000604607290523252,0.000577757378267441,0.000481498611886477,0.0218993502803484,0.12402456176306,0.269051694066626
0.623399321834997,0.000602177779290432,0.000575380513543178,0.000481505454327458,0.0218995348610433,0.124025286027222,0.269052768174218
0.623404324961952,0.000599763110781811,0.000573018283365957,0.00048151229691427,0.0218997194440543,0.124026010297429,0.269053842287453
0.623409328088906,0.000597363163491597,0.00057067056786313,0.000481519139646918,0.0218999040293817,0.124026734573681,0.269054916406332
0.623414331215861,0.000594977818039834,0.000568337248386817,0.000481525982525405,0.0219000886170253,0.124027458855977,0.269055990530852
0.623419334342815,0.000592606955715092,0.000566018207498775,0.000481532825549737,0.0219002732069853,0.124028183144319,0.269057064661017
0.623424337469769,0.0005902504590969,0.000563713328955474,0.000481539668719917,0.0219004577992616,0.124028907438706,0.269058138796824
0.623429340596724,0.00058790821153444,0.000561422497693904,0.000481546512035949,0.0219006423938544,0.124029631739138,0.269059212938274
0.623434343723678,0.000585580098826137,0.000559145599816811,0.000481553355497838,0.0219008269907636,0.124030356045615,0.269060287085367
0.623439346850632,0.000583266006088408,0.000556882522578962,0.000481560199105587,0.0219010115899894,0.124031080358137,0.269061361238103
0.623444349977587,0.000580965821572912,0.000554633154372793,0.000481567042859201,0.0219011961915316,0.124031804676705,0.269062435396483
0.623449353104541,0.000578679432738283,0.000552397384715007,0.000481573886758684,0.0219013807953905,0.124032529001318,0.269063509560505
0.623454356231495,0.000576406729851718,0.000550175104232871,0.00048158073080404,0.0219015654015659,0.124033253331976,0.269064583730171
0.62345935935845,0.000574147602639925,0.000547966204650699,0.000481587574995274,0.021901750010058,0.12403397766868,0.26906565790548
0.623464362485404,0.000571901943646679,0.000545770578777018,0.000481594419332388,0.0219019346208668,0.12403470201143,0.269066732086433
0.623469365612358,0.000569669645219495,0.000543588120491181,0.000481601263815388,0.0219021192339923,0.124035426360225,0.269067806273028
0.623474368739313,0.000567450601345671,0.000541418724730944,0.000481608108444278,0.0219023038494346,0.124036150715066,0.269068880465267
0.623479371866267,0.000565244706287713,0.000539262287479442,0.000481614953219061,0.0219024884671936,0.124036875075952,0.26906995466315
0.623484374993221,0.000563051857399934,0.000537118705753115,0.000481621798139743,0.0219026730872695,0.124037599442885,0.269071028866676
0.623489378120176,0.000560871949927086,0.000534987877589041,0.000481628643206326,0.0219028577096623,0.124038323815863,0.269072103075845
0.62349438124713,0.000558704883140714,0.000532869702033148,0.000481635488418816,0.0219030423343721,0.124039048194887,0.269073177290658
0.623499384374084,0.000556550555566658,0.000530764079128125,0.000481642333777216,0.0219032269613987,0.124039772579958,0.269074251511114
0.623504387501039,0.000554408867285862,0.0005286709099015,0.000481649179281531,0.0219034115907424,0.124040496971074,0.269075325737214
0.623509390627993,0.000552279718953149,0.000526590096354337,0.000481656024931764,0.0219035962224031,0.124041221368237,0.269076399968957
0.623514393754947,0.000550163012943693,0.000524521541449412,0.00048166287072792,0.0219037808563809,0.124041945771445,0.269077474206344
0.623519396881902,0.000548058651497781,0.000522465149100266,0.000481669716670003,0.0219039654926757,0.124042670180701,0.269078548449375
0.623524400008856,0.000545966539242558,0.000520420824159698,0.000481676562758017,0.0219041501312878,0.124043394596002,0.269079622698049
0.623529403135811,0.00054388658042315,0.000518388472409079,0.000481683408991966,0.021904334772217,0.12404411901735,0.269080696952367
0.623534406262765,0.000541818681381421,0.000516368000547368,0.000481690255371855,0.0219045194154634,0.124044843444744,0.269081771212329
0.623539409389719,0.00053976274751966,0.000514359316180278,0.000481697101897687,0.0219047040610271,0.124045567878185,0.269082845477934
0.623544412516673,0.000537718687430387,0.000512362327810034,0.000481703948569467,0.0219048887089082,0.124046292317672,0.269083919749184
0.623549415643628,0.000535686409027792,0.000510376944824601,0.000481710795387199,0.0219050733591065,0.124047016763206,0.269084994026077
0.623554418770582,0.00053366582156533,0.000508403077487773,0.000481717642350887,0.0219052580116223,0.124047741214787,0.269086068308614
0.623559421897537,0.000531656835480811,0.000506440636928678,0.000481724489460535,0.0219054426664554,0.124048465672414,0.269087142596795
0.623564425024491,0.00052965936179631,0.000504489535132141,0.000481731336716147,0.021905627323606,0.124049190136089,0.26908821689062
0.623569428151445,0.000527673312135024,0.000502549684928468,0.000481738184117728,0.0219058119830741,0.12404991460581,0.269089291190088
0.6235744312784,0.000525698599214423,0.000500620999984022,0.000481745031665281,0.0219059966448598,0.124050639081578,0.269090365495201
0.623579434405354,0.000523735136929452,0.000498703394791491,0.000481751879358811,0.021906181308963,0.124051363563393,0.269091439805958
0.623584437532308,0.000521782839273244,0.000496796784660293,0.000481758727198321,0.0219063659753838,0.124052088051256,0.269092514122359
0.623589440659263,0.000519841621664555,0.000494901085707524,0.000481765575183817,0.0219065506441223,0.124052812545165,0.269093588444404
0.623594443786217,0.000517911400146992,0.000493016214848405,0.000481772423315302,0.0219067353151785,0.124053537045122,0.269094662772093
0.623599446913171,0.000515992091109162,0.000491142089787516,0.00048177927159278,0.0219069199885524,0.124054261551126,0.269095737105426
0.623604450040126,0.000514083612637191,0.000489278629009487,0.000481786120016256,0.021907104664244,0.124054986063177,0.269096811444404
0.62360945316708,0.000512185882916396,0.00048742575177043,0.000481792968585734,0.0219072893422535,0.124055710581276,0.269097885789025
0.623614456294034,0.000510298820842054,0.000485583378089074,0.000481799817301217,0.0219074740225808,0.124056435105422,0.269098960139291
0.623619459420989,0.000508422346531098,0.000483751428738015,0.00048180666616271,0.0219076587052259,0.124057159635616,0.269100034495202
0.623624462547943,0.000506556380457381,0.000481929825235494,0.000481813515170217,0.021907843390189,0.124057884171858,0.269101108856756
0.623629465674897,0.000504700844302297,0.000480118489836665,0.000481820364323742,0.0219080280774701,0.124058608714147,0.269102183223955
0.623634468801852,0.000502855659999681,0.000478317345525636,0.00048182721362329,0.0219082127670692,0.124059333262484,0.269103257596798
0.623639471928806,0.000501020750129688,0.000476526316006958,0.000481834063068864,0.0219083974589862,0.124060057816868,0.269104331975286
0.62364447505576,0.000499196038450308,0.000474745325697839,0.000481840912660469,0.0219085821532214,0.124060782377301,0.269105406359418
0.623649478182715,0.000497381449648677,0.000472974299720046,0.000481847762398108,0.0219087668497747,0.124061506943781,0.269106480749195
0.623654481309669,0.00049557690806989,0.000471213163891929,0.000481854612281787,0.0219089515486461,0.12406223151631,0.269107555144616
0.623659484436623,0.000493782339717283,0.000469461844720929,0.000481861462311509,0.0219091362498357,0.124062956094886,0.269108629545682
0.623664487563578,0.000491997670848715,0.000467720269395603,0.000481868312487278,0.0219093209533435,0.124063680679511,0.269109703952392
0.623669490690532,0.000490222828516774,0.000465988365778374,0.000481875162809098,0.0219095056591697,0.124064405270184,0.269110778364747
0.623674493817487,0.000488457740303094,0.000464266062397754,0.000481882013276974,0.0219096903673141,0.124065129866905,0.269111852782747
0.623679496944441,0.000486702334753802,0.000462553288441282,0.00048188886389091,0.0219098750777768,0.124065854469674,0.269112927206391
0.623684500071395,0.000484956540965381,0.000460849973747947,0.00048189571465091,0.0219100597905579,0.124066579078492,0.26911400163568
0.62368622100955,0.000484358244577148,0.000460266254197284,0.00048189807115781,0.0219101233272135,0.124066828325406,0.269114371211128
0.62368950319835,0.00048322028832114,0.000459156048801271,0.000481902565556978,0.0219102445056575,0.124067303693358,0.269115076070613
0.623694506325304,0.000481493507279941,0.000457471444722106,0.000481909416609117,0.0219104292230755,0.124068028314273,0.269116150511192
0.623699509452258,0.000479776129112316,0.000455796093261526,0.000481916267807333,0.021910613942812,0.124068752941236,0.269117224957415
0.623704512579213,0.000478068084861769,0.000454129926794179,0.00048192311915163,0.021910798664867,0.124069477574248,0.269118299409283
0.623709515706167,0.000476369307036732,0.00045247287831117,0.000481929970642011,0.0219109833892407,0.124070202213308,0.269119373866796
0.623714518833121,0.000474679728381284,0.000450824881413621,0.000481936822278481,0.0219111681159329,0.124070926858417,0.269120448329954
0.623719521960076,0.000472999282574443,0.000449185870305734,0.000481943674061044,0.0219113528449438,0.124071651509575,0.269121522798757
0.62372452508703,0.000471327903177428,0.00044755577978848,0.000481950525989705,0.0219115375762733,0.124072376166783,0.269122597273205
0.623729528213984,0.000469665525275721,0.00044593454525301,0.000481957378064466,0.0219117223099216,0.124073100830038,0.269123671753297
0.623734531340939,0.000468012083795726,0.000444322102674149,0.000481964230285333,0.0219119070458887,0.124073825499343,0.269124746239035
0.623739534467893,0.00046636751490449,0.00044271838860433,0.000481971082652309,0.0219120917841745,0.124074550174697,0.269125820730418
0.623744537594847,0.000464731754448376,0.00044112334016707,0.000481977935165399,0.0219122765247792,0.124075274856101,0.269126895227446
0.623749540721802,0.000463104739645671,0.000439536895051097,0.000481984787824607,0.0219124612677028,0.124075999543553,0.269127969730119
0.623754543848756,0.000461486408060527,0.000437958991503981,0.000481991640629937,0.0219126460129453,0.124076724237055,0.269129044238438
0.62375954697571,0.000459876697731411,0.000436389568326413,0.000481998493581392,0.0219128307605068,0.124077448936605,0.269130118752401
0.623764550102665,0.000458275547104703,0.000434828564865994,0.000482005346678979,0.0219130155103873,0.124078173642206,0.26913119327201
0.623769553229619,0.000456682895701666,0.000433275921011621,0.0004820121999227,0.0219132002625868,0.124078898353856,0.269132267797264
0.623774556356573,0.000455098683049003,0.000431731577187598,0.000482019053312559,0.0219133850171053,0.124079623071555,0.269133342328163
0.623779559483528,0.000453522849137016,0.000430195474347825,0.000482025906848561,0.021913569773943,0.124080347795304,0.269134416864708
0.623784562610482,0.000451955335148521,0.000428667553970394,0.000482032760530711,0.0219137545330999,0.124081072525102,0.269135491406898
0.623789565737436,0.000450396082212238,0.000427147758051746,0.000482039614359011,0.0219139392945759,0.12408179726095,0.269136565954733
0.623794568864391,0.000448845032074268,0.000425636029101442,0.000482046468333466,0.0219141240583712,0.124082522002848,0.269137640508214
0.623799571991345,0.000447302126995844,0.000424132310136458,0.000482053322454081,0.0219143088244857,0.124083246750796,0.26913871506734
0.6238045751183,0.000445767310063161,0.000422636544676054,0.00048206017672086,0.0219144935929195,0.124083971504794,0.269139789632112
0.623809578245254,0.000444240524427928,0.000421148676736371,0.000482067031133806,0.0219146783636727,0.124084696264842,0.269140864202529
0.623814581372208,0.000442721714127724,0.000419668650825099,0.000482073885692924,0.0219148631367452,0.12408542103094,0.269141938778592
0.623819584499163,0.000441210823043881,0.000418196411936534,0.000482080740398218,0.0219150479121372,0.124086145803087,0.2691430133603
0.623824587626117,0.000439707796284068,0.000416731905546209,0.000482087595249692,0.0219152326898486,0.124086870581285,0.269144087947654
0.623829590753071,0.000438212579202242,0.00041527507760611,0.000482094450247351,0.0219154174698796,0.124087595365534,0.269145162540654
0.623834593880026,0.000436725117479513,0.000413825874539429,0.000482101305391198,0.02191560225223,0.124088320155832,0.269146237139299
0.62383959700698,0.00043524535715679,0.000412384243235873,0.000482108160681238,0.0219157870369001,0.124089044952181,0.26914731174359
0.623844600133934,0.000433773245246392,0.000410950131046698,0.000482115016117474,0.0219159718238897,0.12408976975458,0.269148386353527
0.623849603260889,0.000432308728746615,0.000409523485779812,0.000482121871699912,0.021916156613199,0.12409049456303,0.26914946096911
0.623854606387843,0.000430851755275888,0.000408104255695251,0.000482128727428554,0.021916341404828,0.12409121937753,0.269150535590338
0.623859609514797,0.000429402272907856,0.000406692389500238,0.000482135583303406,0.0219165261987768,0.124091944198081,0.269151610217212
0.623864612641752,0.000427960230153731,0.000405287836344802,0.000482142439324471,0.0219167109950453,0.124092669024682,0.269152684849732
0.623869615768706,0.000426525575977024,0.000403890545816949,0.000482149295491754,0.0219168957936336,0.124093393857335,0.269153759487898
0.62387461889566,0.000425098259892932,0.000402500467938396,0.000482156151805259,0.0219170805945417,0.124094118696038,0.26915483413171
0.623879622022615,0.000423678231569244,0.000401117553159852,0.000482163008264989,0.0219172653977697,0.124094843540792,0.269155908781168
0.623884625149569,0.000422265441360343,0.000399741752356821,0.00048216986487095,0.0219174502033177,0.124095568391596,0.269156983436272
0.623889628276523,0.000420859839897654,0.00039837301682515,0.000482176721623145,0.0219176350111856,0.124096293248452,0.269158058097022
0.623894631403478,0.000419461378114502,0.00039701129827663,0.000482183578521578,0.0219178198213735,0.124097018111359,0.269159132763418
0.623899634530432,0.000418070007951897,0.000395656548834953,0.000482190435566254,0.0219180046338814,0.124097742980317,0.26916020743546
0.623904637657386,0.000416685680934429,0.00039430872103126,0.000482197292757176,0.0219181894487095,0.124098467855326,0.269161282113149
0.623909640784341,0.000415308349586635,0.000392967767800231,0.000482204150094349,0.0219183742658576,0.124099192736386,0.269162356796483
0.623914643911295,0.000413937966600004,0.000391633642475734,0.000482211007577777,0.0219185590853259,0.124099917623498,0.269163431485464
0.62391964703825,0.000412574485143529,0.00039030629878698,0.000482217865207465,0.0219187439071144,0.124100642516661,0.269164506180091
0.623924650165204,0.000411217858704884,0.00038898569085442,0.000482224722983416,0.0219189287312231,0.124101367415876,0.269165580880364
0.623929653292158,0.000409868041181928,0.000387671773185697,0.000482231580905634,0.0219191135576521,0.124102092321142,0.269166655586284
0.623934656419112,0.000408524986915978,0.000386364500671934,0.000482238438974124,0.0219192983864014,0.124102817232459,0.26916773029785
0.623939659546067,0.000407188650846186,0.000385063828583633,0.000482245297188889,0.021919483217471,0.124103542149828,0.269168805015062
0.623944662673021,0.00040585898761677,0.000383769712567079,0.000482252155549935,0.021919668050861,0.124104267073249,0.26916987973792
0.623949665799976,0.000404535952814371,0.000382482108640332,0.000482259014057265,0.0219198528865714,0.124104992002722,0.269170954466425
0.62395466892693,0.000403219502458265,0.000381200973189725,0.000482265872710883,0.0219200377246023,0.124105716938246,0.269172029200577
0.623959672053884,0.00040190959252359,0.000379926262965937,0.000482272731510793,0.0219202225649537,0.124106441879822,0.269173103940375
0.623964675180839,0.000400606179670584,0.00037865793508055,0.000482279590457,0.0219204074076257,0.12410716682745,0.269174178685819
0.623969678307793,0.000399309220981111,0.000377395947002355,0.000482286449549508,0.0219205922526182,0.12410789178113,0.26917525343691
0.623974681434747,0.000398018673404105,0.000376140256553704,0.000482293308788321,0.0219207770999313,0.124108616740863,0.269176328193648
0.623979684561702,0.000396734494776847,0.000374890821907186,0.000482300168173442,0.0219209619495651,0.124109341706647,0.269177402956032
0.623984687688656,0.000395456642693554,0.000373647601581919,0.000482307027704878,0.0219211468015196,0.124110066678484,0.269178477724063
0.62398969081561,0.00039418507608687,0.000372410554440335,0.00048231388738263,0.0219213316557948,0.124110791656372,0.269179552497741
0.623994693942565,0.000392919753238274,0.000371179639684553,0.000482320747206704,0.0219215165123908,0.124111516640314,0.269180627277065
0.623999697069519,0.000391660633160669,0.000369954816853213,0.000482327607177104,0.0219217013713076,0.124112241630307,0.269181702062037
0.624004700196473,0.000390407675269939,0.000368736045818069,0.000482334467293833,0.0219218862325452,0.124112966626353,0.269182776852654
0.624009703323428,0.000389160839468115,0.000367523286780622,0.000482341327556897,0.0219220710961037,0.124113691628451,0.269183851648919
0.624014706450382,0.000387920085127468,0.000366316500269062,0.000482348187966299,0.0219222559619832,0.124114416636603,0.269184926450831
0.624019709577336,0.000386685373268444,0.000365115647134843,0.000482355048522043,0.0219224408301836,0.124115141650806,0.269186001258389
0.624024712704291,0.000385456664195491,0.000363920688549724,0.000482361909224134,0.021922625700705,0.124115866671063,0.269187076071595
0.624029715831245,0.000384233918940039,0.000362731586002417,0.000482368770072575,0.0219228105735474,0.124116591697372,0.269188150890447
0.6240347189582,0.000383017098698842,0.000361548301295675,0.000482375631067372,0.0219229954487109,0.124117316729734,0.269189225714946
0.624039722085154,0.000381806165279283,0.000360370796543141,0.000482382492208527,0.0219231803261956,0.124118041768149,0.269190300545093
0.624044725212108,0.000380601080481737,0.000359199034166243,0.000482389353496045,0.0219233652060014,0.124118766812617,0.269191375380886
0.624049728339062,0.000379401806558752,0.000358032976891378,0.000482396214929931,0.0219235500881284,0.124119491863137,0.269192450222327
0.624054731466017,0.000378208306109125,0.000356872587746742,0.000482403076510188,0.0219237349725766,0.124120216919711,0.269193525069414
0.624059734592971,0.000377020541768981,0.000355717830059606,0.000482409938236821,0.0219239198593461,0.124120941982338,0.269194599922149
0.624064737719926,0.000375838476726944,0.000354568667453218,0.000482416800109834,0.0219241047484369,0.124121667051019,0.269195674780531
0.62406974084688,0.000374662074568567,0.000353425063844137,0.000482423662129231,0.021924289639849,0.124122392125752,0.26919674964456
0.624074743973834,0.000373491298981602,0.000352286983439208,0.000482430524295016,0.0219244745335826,0.124123117206539,0.269197824514236
0.624079747100789,0.000372326113763682,0.000351154390732931,0.000482437386607193,0.0219246594296375,0.12412384229338,0.26919889938956
0.624084750227743,0.000371166483428054,0.000350027250504621,0.000482444249065767,0.021924844328014,0.124124567386273,0.269199974270531
0.624089753354697,0.000370012372549878,0.000348905527815598,0.000482451111670741,0.0219250292287119,0.124125292485221,0.269201049157149
0.624094756481652,0.000368863745886966,0.00034778918800665,0.00048245797442212,0.0219252141317313,0.124126017590222,0.269202124049415
0.624099759608606,0.000367720568707061,0.000346678196695165,0.000482464837319909,0.0219253990370724,0.124126742701276,0.269203198947328
0.62410476273556,0.000366582806306232,0.000345572519772676,0.00048247170036411,0.0219255839447351,0.124127467818384,0.269204273850888
0.624109765862515,0.000365450424466291,0.000344472123402053,0.000482478563554729,0.0219257688547194,0.124128192941546,0.269205348760096
0.624114768989469,0.000364323389045955,0.000343376974015083,0.000482485426891769,0.0219259537670254,0.124128918070762,0.269206423674952
0.624119772116423,0.000363201666409874,0.000342287038309838,0.000482492290375234,0.0219261386816532,0.124129643206032,0.269207498595455
0.624124775243378,0.00036208522318494,0.000341202283248075,0.00048249915400513,0.0219263235986027,0.124130368347356,0.269208573521605
0.624129778370332,0.000360974025856202,0.000340122676052898,0.000482506017781459,0.021926508517874,0.124131093494734,0.269209648453403
0.624134781497286,0.000359868041525832,0.000339048184206097,0.000482512881704227,0.0219266934394672,0.124131818648166,0.269210723390849
0.624139784624241,0.000358767237518782,0.000337978775445885,0.000482519745773436,0.0219268783633823,0.124132543807652,0.269211798333943
0.624144787751195,0.000357671581304566,0.00033691441776429,0.000482526609989093,0.0219270632896193,0.124133268973192,0.269212873282684
0.624149790878149,0.000356581041039171,0.000335855079404952,0.0004825334743512,0.0219272482181782,0.124133994144787,0.269213948237073
0.624154794005104,0.000355495584445426,0.000334800728860565,0.000482540338859761,0.0219274331490592,0.124134719322436,0.269215023197109
0.624159797132058,0.000354415179821424,0.0003337513348707,0.000482547203514782,0.0219276180822622,0.12413544450614,0.269216098162794
0.624164800259012,0.000353339795831412,0.000332706866419417,0.000482554068316266,0.0219278030177873,0.124136169695897,0.269217173134126
0.624169803385967,0.000352269401223204,0.000331667292732907,0.000482560933264217,0.0219279879556345,0.12413689489171,0.269218248111106
0.624174806512921,0.000351203965017629,0.000330632583277389,0.000482567798358639,0.0219281728958039,0.124137620093577,0.269219323093734
0.624179809639876,0.000350143456426375,0.00032960270775668,0.000482574663599537,0.0219283578382954,0.124138345301499,0.26922039808201
0.62418481276683,0.000349087845211491,0.000328577636110167,0.000482581528986915,0.0219285427831092,0.124139070515475,0.269221473075934
0.624189815893784,0.000348037100967538,0.000327557338510428,0.000482588394520777,0.0219287277302453,0.124139795735507,0.269222548075506
0.624194819020739,0.000346991193613459,0.000326541785361225,0.000482595260201127,0.0219289126797037,0.124140520961593,0.269223623080726
0.624199822147693,0.000345950093341495,0.000325530947295289,0.000482602126027969,0.0219290976314844,0.124141246193734,0.269224698091594
0.624204825274647,0.000344913770732476,0.000324524795172129,0.000482608992001308,0.0219292825855875,0.12414197143193,0.26922577310811
0.624209828401602,0.000343882196352108,0.000323523300076093,0.000482615858121147,0.0219294675420131,0.124142696676181,0.269226848130274
0.624214831528556,0.000342855341206158,0.000322526433314112,0.000482622724387491,0.0219296525007611,0.124143421926487,0.269227923158087
0.62421983465551,0.000341833176496613,0.00032153416641382,0.000482629590800344,0.0219298374618316,0.124144147182849,0.269228998191547
0.624224837782465,0.000340815673165594,0.000320546471121351,0.00048263645735971,0.0219300224252247,0.124144872445266,0.269230073230656
0.624229840909419,0.00033980280312412,0.000319563319399475,0.000482643324065593,0.0219302073909404,0.124145597713738,0.269231148275413
0.624234844036373,0.000338794538032602,0.000318584683425551,0.000482650190917998,0.0219303923589786,0.124146322988265,0.269232223325818
0.624239847163328,0.000337790849920629,0.000317610535589489,0.000482657057916929,0.0219305773293396,0.124147048268848,0.269233298381872
0.624244850290282,0.000336791711060891,0.000316640848491956,0.000482663925062389,0.0219307623020232,0.124147773555486,0.269234373443574
0.624249853417236,0.000335797093770039,0.000315675594942282,0.000482670792354383,0.0219309472770296,0.12414849884818,0.269235448510924
0.624254856544191,0.000334806970683465,0.000314714747956718,0.000482677659792915,0.0219311322543587,0.12414922414693,0.269236523583923
0.624259859671145,0.000333821314567672,0.000313758280756389,0.00048268452737799,0.0219313172340107,0.124149949451735,0.26923759866257
0.624264862798099,0.000332840098542823,0.000312806166765591,0.000482691395109611,0.0219315022159855,0.124150674762596,0.269238673746865
0.624269865925054,0.000331863295868099,0.000311858379609784,0.000482698262987782,0.0219316872002832,0.124151400079513,0.26923974883681
0.624274869052008,0.000330890880073046,0.000310914893113908,0.000482705131012509,0.0219318721869038,0.124152125402486,0.269240823932402
0.624279872178962,0.000329922824484536,0.000309975681300516,0.000482711999183794,0.0219320571758474,0.124152850731514,0.269241899033644
0.624284875305917,0.000328959103339003,0.000309040718387923,0.000482718867501643,0.021932242167114,0.124153576066599,0.269242974140533
0.624289878432871,0.000327999690475441,0.000308109978788585,0.000482725735966059,0.0219324271607037,0.12415430140774,0.269244049253072
0.624294881559825,0.000327044559991684,0.00030718343710718,0.000482732604577046,0.0219326121566164,0.124155026754937,0.269245124371259
0.62429988468678,0.000326093686505722,0.000306261068139044,0.000482739473334609,0.0219327971548522,0.12415575210819,0.269246199495095
0.624304887813734,0.000325147044543819,0.000305342846868294,0.000482746342238752,0.0219329821554113,0.124156477467499,0.26924727462458
0.624309890940689,0.000324204609010753,0.000304428748466274,0.000482753211289479,0.0219331671582935,0.124157202832865,0.269248349759713
0.624314894067643,0.000323266354905472,0.000303518748289814,0.000482760080486794,0.0219333521634989,0.124157928204287,0.269249424900495
0.624319897194597,0.00032233225719564,0.000302612821879513,0.000482766949830701,0.0219335371710277,0.124158653581766,0.269250500046926
0.624324900321552,0.000321402291477265,0.000301710944958238,0.000482773819321205,0.0219337221808797,0.124159378965301,0.269251575199006
0.624329903448506,0.000320476433212855,0.00030081309342933,0.000482780688958309,0.0219339071930551,0.124160104354893,0.269252650356735
0.62433490657546,0.000319554658005718,0.000299919243375166,0.000482787558742018,0.0219340922075539,0.124160829750541,0.269253725520113
0.624339909702415,0.000318636942020936,0.000299029371055397,0.000482794428672337,0.0219342772243762,0.124161555152246,0.269254800689139
0.624344912829369,0.000317723261126871,0.000298143452905539,0.000482801298749268,0.0219344622435219,0.124162280560008,0.269255875863815
0.624349915956323,0.000316813591534347,0.000297261465535251,0.000482808168972817,0.0219346472649911,0.124163005973827,0.26925695104414
0.624354919083278,0.00031590791001158,0.000296383385726931,0.000482815039342987,0.0219348322887838,0.124163731393702,0.269258026230114
0.624359922210232,0.000315006192869037,0.000295509190434128,0.000482821909859783,0.0219350173149002,0.124164456819635,0.269259101421736
0.624364925337186,0.000314108416992312,0.000294638856779976,0.000482828780523209,0.0219352023433401,0.124165182251625,0.269260176619008
0.624369928464141,0.000313214559310852,0.000293772362055829,0.000482835651333269,0.0219353873741038,0.124165907689671,0.26926125182193
0.624374931591095,0.000312324596840452,0.000292909683719628,0.000482842522289967,0.0219355724071911,0.124166633133775,0.2692623270305
0.624379934718049,0.000311438507023041,0.000292050799394592,0.000482849393393308,0.0219357574426022,0.124167358583936,0.26926340224472
0.624384937845004,0.000310556267364233,0.000291195686867608,0.000482856264643295,0.021935942480337,0.124168084040155,0.269264477464588
0.624389940971958,0.000309677855195177,0.000290344324087934,0.000482863136039933,0.0219361275203957,0.124168809502431,0.269265552690106
0.624394944098912,0.000308803248702391,0.00028949668916572,0.000482870007583225,0.0219363125627782,0.124169534970764,0.269266627921274
0.624399947225867,0.000307932425425592,0.000288652760370543,0.000482876879273177,0.0219364976074846,0.124170260445154,0.269267703158091
0.624404950352821,0.000307065363514095,0.000287812516130148,0.000482883751109792,0.021936682654515,0.124170985925603,0.269268778400557
0.624409953479775,0.000306202041404723,0.000286975935028919,0.000482890623093074,0.0219368677038693,0.124171711412109,0.269269853648673
0.62441495660673,0.000305342437331812,0.000286142995806667,0.000482897495223028,0.0219370527555476,0.124172436904672,0.269270928902437
0.624419959733684,0.000304486530211515,0.000285313677357127,0.000482904367499658,0.02193723780955,0.124173162403293,0.269272004161852
0.624424962860639,0.000303634298493462,0.000284487958726753,0.000482911239922968,0.0219374228658765,0.124173887907972,0.269273079426916
0.624429965987593,0.000302785721005229,0.000283665819113342,0.000482918112492961,0.0219376079245271,0.124174613418709,0.26927415469763
0.624434969114547,0.000301940776916752,0.000282847237864664,0.000482924985209644,0.0219377929855019,0.124175338935504,0.269275229973993
0.624439972241501,0.000301099445293941,0.000282032194477298,0.000482931858073018,0.0219379780488008,0.124176064458357,0.269276305256006
0.624444975368456,0.000300261705595979,0.000281220668595202,0.000482938731083089,0.021938163114424,0.124176789987268,0.269277380543668
0.62444997849541,0.000299427537189535,0.000280412640008586,0.000482945604239861,0.0219383481823715,0.124177515522237,0.26927845583698
0.624454981622365,0.000298596919748767,0.00027960808865251,0.000482952477543338,0.0219385332526434,0.124178241063264,0.269279531135942
0.624459984749319,0.000297769833094065,0.000278806994605785,0.000482959350993524,0.0219387183252395,0.124178966610349,0.269280606440554
0.624464987876273,0.000296946257058607,0.000278009338089593,0.000482966224590424,0.0219389034001601,0.124179692163493,0.269281681750815
0.624469991003228,0.000296126171719411,0.000277215099466398,0.000482973098334041,0.0219390884774051,0.124180417722695,0.269282757066726
0.624474994130182,0.000295309557321467,0.000276424259238675,0.00048297997222438,0.0219392735569746,0.124181143287956,0.269283832388287
0.624479997257136,0.000294496394194682,0.000275636798047669,0.000482986846261444,0.0219394586388686,0.124181868859275,0.269284907715498
0.624485000384091,0.00029368666262263,0.000274852696672332,0.000482993720445238,0.0219396437230871,0.124182594436652,0.269285983048359
0.624490003511045,0.000292880343477209,0.000274071936028008,0.000483000594775767,0.0219398288096302,0.124183320020089,0.269287058386869
0.624495006637999,0.000292077417469374,0.000273294497165412,0.000483007469253034,0.021940013898498,0.124184045609584,0.26928813373103
0.624500009764954,0.000291277865382642,0.000272520361269346,0.000483014343877044,0.0219401989896904,0.124184771205137,0.269289209080841
0.624505012891908,0.000290481668246176,0.000271749509657675,0.000483021218647801,0.0219403840832076,0.12418549680675,0.269290284436302
0.624510016018862,0.000289688807369377,0.000270981923780156,0.000483028093565308,0.0219405691790494,0.124186222414421,0.269291359797412
0.624515019145817,0.000288899263825748,0.000270217585217266,0.00048303496862957,0.0219407542772161,0.124186948028152,0.269292435164173
0.624520022272771,0.00028811301925399,0.000269456475679216,0.000483041843840592,0.0219409393777076,0.124187673647941,0.269293510536584
0.624525025399725,0.000287330055071077,0.000268698577004728,0.000483048719198377,0.0219411244805239,0.124188399273789,0.269294585914645
0.62453002852668,0.000286550352927217,0.000267943871160079,0.00048305559470293,0.0219413095856652,0.124189124905697,0.269295661298357
0.624535031653634,0.000285773894743763,0.0002671923402379,0.000483062470354254,0.0219414946931314,0.124189850543664,0.269296736687718
0.624540034780588,0.000285000662441801,0.000266443966456246,0.000483069346152355,0.0219416798029225,0.12419057618769,0.26929781208273
0.624545037907543,0.00028423063795817,0.00026569873215741,0.000483076222097235,0.0219418649150387,0.124191301837775,0.269298887483392
0.624550041034497,0.000283463803629546,0.000264956619807,0.0004830830981889,0.0219420500294799,0.12419202749392,0.269299962889705
0.624555044161451,0.000282700141605886,0.000264217611992857,0.000483089974427354,0.0219422351462462,0.124192753156124,0.269301038301668
0.624560047288406,0.000281939634538919,0.000263481691423985,0.0004830968508126,0.0219424202653377,0.124193478824388,0.269302113719281
0.62456505041536,0.000281182264750544,0.000262748840929655,0.000483103727344643,0.0219426053867543,0.124194204498711,0.269303189142545
0.624570053542315,0.000280428015078286,0.000262019043458273,0.000483110604023487,0.0219427905104961,0.124194930179094,0.269304264571459
0.624575056669269,0.000279676868299277,0.000261292282076517,0.000483117480849136,0.0219429756365632,0.124195655865537,0.269305340006024
0.624580059796223,0.000278928807172167,0.000260568539968231,0.000483124357821594,0.0219431607649556,0.12419638155804,0.269306415446239
0.624585062923178,0.000278183814944316,0.000259847800433557,0.000483131234940867,0.0219433458956733,0.124197107256602,0.269307490892104
0.624590066050132,0.000277441874575428,0.00025913004688793,0.000483138112206956,0.0219435310287163,0.124197832961224,0.269308566343621
0.624595069177086,0.000276702969491965,0.000258415262861075,0.000483144989619868,0.0219437161640848,0.124198558671906,0.269309641800788
0.624600072304041,0.000275967082869598,0.000257703431996174,0.000483151867179606,0.0219439013017786,0.124199284388649,0.269310717263605
0.624605075430995,0.000275234198422591,0.000256994538048801,0.000483158744886174,0.021944086441798,0.124200010111451,0.269311792732074
0.624610078557949,0.000274504299643143,0.000256288564886126,0.000483165622739577,0.0219442715841429,0.124200735840313,0.269312868206192
0.624615081684904,0.000273777370319771,0.000255585496485869,0.000483172500739818,0.0219444567288133,0.124201461575236,0.269313943685962
0.624620084811858,0.000273053394066861,0.000254885316935502,0.000483179378886903,0.0219446418758094,0.124202187316219,0.269315019171383
0.624625087938812,0.000272332355064535,0.000254188010431301,0.000483186257180834,0.021944827025131,0.124202913063263,0.269316094662454
0.624630091065767,0.000271614237306552,0.00025349356127741,0.000483193135621616,0.0219450121767784,0.124203638816366,0.269317170159176
0.624635094192721,0.000270899024773489,0.000252801953885062,0.000483200014209254,0.0219451973307514,0.124204364575531,0.269318245661549
0.624640097319675,0.000270186702015257,0.000252113172771588,0.000483206892943751,0.0219453824870502,0.124205090340755,0.269319321169573
0.62464510044663,0.000269477253245385,0.000251427202559667,0.000483213771825112,0.0219455676456748,0.124205816112041,0.269320396683248
0.624650103573584,0.00026877066288532,0.00025074402797635,0.00048322065085334,0.0219457528066252,0.124206541889387,0.269321472202574
0.624655106700538,0.000268066915592628,0.000250063633852328,0.000483227530028441,0.0219459379699015,0.124207267672794,0.269322547727551
0.624660109827493,0.000267365996012299,0.000249386005120975,0.000483234409350418,0.0219461231355037,0.124207993462261,0.269323623258179
0.624665112954447,0.000266667889025099,0.000248711126817613,0.000483241288819276,0.0219463083034318,0.12420871925779,0.269324698794458
0.624670116081401,0.000265972579394231,0.000248038984078646,0.000483248168435018,0.0219464934736859,0.124209445059379,0.269325774336388
0.624675119208356,0.000265280052139986,0.000247369562140695,0.000483255048197649,0.0219466786462661,0.12421017086703,0.269326849883969
0.62468012233531,0.000264590292431044,0.00024670284633989,0.000483261928107173,0.0219468638211723,0.124210896680741,0.269327925437202
0.624685125462265,0.000263903285446015,0.000246038822110953,0.000483268808163594,0.0219470489984046,0.124211622500514,0.269329000996085
0.624690128589219,0.000263219016439657,0.000245377474986517,0.000483275688366917,0.021947234177963,0.124212348326347,0.26933007656062
0.624695131716173,0.000262537470842146,0.000244718790596223,0.000483282568717145,0.0219474193598476,0.124213074158242,0.269331152130806
0.624700134843128,0.000261858634003964,0.000244062754666041,0.000483289449214283,0.0219476045440584,0.124213799996199,0.269332227706644
0.624705137970082,0.000261182491750504,0.000243409353017454,0.000483296329858334,0.0219477897305954,0.124214525840216,0.269333303288133
0.624710141097036,0.000260509029462887,0.000242758571566645,0.000483303210649304,0.0219479749194588,0.124215251690296,0.269334378875273
0.624715144223991,0.000259838233188427,0.000242110396323847,0.000483310091587196,0.0219481601106485,0.124215977546436,0.269335454468065
0.624720147350945,0.000259170088639631,0.000241464813392468,0.000483316972672014,0.0219483453041645,0.124216703408638,0.269336530066507
0.624725150477899,0.000258504581776152,0.000240821808968466,0.000483323853903763,0.021948530500007,0.124217429276902,0.269337605670602
0.624730153604854,0.000257841698743616,0.000240181369339498,0.000483330735282447,0.0219487156981759,0.124218155151228,0.269338681280348
0.624735156731808,0.000257181425636454,0.000239543480884297,0.00048333761680807,0.0219489008986713,0.124218881031615,0.269339756895745
0.624740159858762,0.00025652374877214,0.000238908130071841,0.000483344498480636,0.0219490861014932,0.124219606918064,0.269340832516794
0.624745162985717,0.000255868654376162,0.000238275303460732,0.000483351380300149,0.0219492713066417,0.124220332810575,0.269341908143495
0.624750166112671,0.000255216128821003,0.000237644987698442,0.000483358262266614,0.0219494565141167,0.124221058709148,0.269342983775847
0.624755169239625,0.000254566158878767,0.000237017169520569,0.000483365144380034,0.0219496417239184,0.124221784613783,0.269344059413851
0.62476017236658,0.000253918730859271,0.000236391835750235,0.000483372026640414,0.0219498269360468,0.12422251052448,0.269345135057507
0.624765175493534,0.000253273831570988,0.000235768973297286,0.000483378909047759,0.0219500121505019,0.124223236441239,0.269346210706814
0.624770178620488,0.000252631447834877,0.000235148569157713,0.000483385791602072,0.0219501973672838,0.12422396236406,0.269347286361773
0.624775181747443,0.000251991566404089,0.000234530610412872,0.000483392674303357,0.0219503825863924,0.124224688292944,0.269348362022384
0.624780184874397,0.000251354174348928,0.000233915084228899,0.000483399557151619,0.0219505678078279,0.12422541422789,0.269349437688647
0.624785188001351,0.000250719258566914,0.000233301977856006,0.000483406440146861,0.0219507530315903,0.124226140168898,0.269350513360562
0.624790191128306,0.000250086806213282,0.000232691278627783,0.000483413323289089,0.0219509382576795,0.124226866115969,0.269351589038128
0.62479519425526,0.000249456804550753,0.000232082973960634,0.000483420206578306,0.0219511234860957,0.124227592069102,0.269352664721346
0.624800197382214,0.000248829240873384,0.000231477051353025,0.000483427090014516,0.0219513087168389,0.124228318028298,0.269353740410217
0.624805200509169,0.000248204102502097,0.000230873498384946,0.000483433973597724,0.0219514939499091,0.124229043993557,0.269354816104739
0.624810203636123,0.000247581376773884,0.000230272302717171,0.000483440857327933,0.0219516791853064,0.124229769964878,0.269355891804913
0.624815206763078,0.000246961051321202,0.000229673452090718,0.000483447741205149,0.0219518644230308,0.124230495942262,0.26935696751074
0.624820209890032,0.000246343113844593,0.000229076934326188,0.000483454625229374,0.0219520496630823,0.124231221925709,0.269358043222218
0.624825213016986,0.000245727551875222,0.000228482737323101,0.000483461509400614,0.0219522349054611,0.124231947915219,0.269359118939349
0.624830216143941,0.000245114353392509,0.000227890849059379,0.000483468393718872,0.021952420150167,0.124232673910791,0.269360194662132
0.624835219270895,0.000244503506009558,0.000227301257590632,0.000483475278184153,0.0219526053972002,0.124233399912427,0.269361270390567
0.624840222397849,0.000243894997781256,0.00022671395104966,0.000483482162796461,0.0219527906465607,0.124234125920126,0.269362346124654
0.624845225524804,0.00024328881662258,0.000226128917645751,0.0004834890475558,0.0219529758982485,0.124234851933888,0.269363421864393
0.624850228651758,0.00024268495065771,0.000225546145664194,0.000483495932462174,0.0219531611522637,0.124235577953713,0.269364497609785
0.624855231778712,0.000242083388130664,0.00022496562346559,0.000483502817515588,0.0219533464086063,0.124236303979602,0.269365573360829
0.624860234905667,0.000241484117182866,0.000224387339485361,0.000483509702716045,0.0219535316672763,0.124237030011554,0.269366649117525
0.624865238032621,0.000240887126067095,0.000223811282233134,0.00048351658806355,0.0219537169282739,0.124237756049569,0.269367724879874
0.624870241159575,0.000240292403313055,0.000223237440292132,0.000483523473558107,0.0219539021915989,0.124238482093648,0.269368800647875
0.62487524428653,0.00023969993725866,0.000222665802318703,0.00048353035919972,0.0219540874572516,0.12423920814379,0.269369876421528
0.624880247413484,0.000239109716521626,0.000222096357041649,0.000483537244988393,0.0219542727252318,0.124239934199996,0.269370952200834
0.624885250540438,0.000238521729646155,0.000221529093261781,0.000483544130924131,0.0219544579955397,0.124240660262266,0.269372027985793
0.624890253667393,0.000237935965243026,0.00022096399985126,0.000483551017006937,0.0219546432681753,0.124241386330599,0.269373103776404
0.624895256794347,0.000237352412230944,0.000220401065753145,0.000483557903236817,0.0219548285431386,0.124242112404996,0.269374179572668
0.624900259921301,0.000236771059311112,0.00021984027998081,0.000483564789613774,0.0219550138204296,0.124242838485457,0.269375255374584
0.624905263048256,0.000236191895462036,0.000219281631617376,0.000483571676137812,0.0219551991000485,0.124243564571982,0.269376331182153
0.62491026617521,0.000235614909508346,0.000218725109815262,0.000483578562808935,0.0219553843819952,0.124244290664571,0.269377406995374
0.624915269302164,0.000235040090570348,0.000218170703795562,0.000483585449627148,0.0219555696662697,0.124245016763224,0.269378482814248
0.624920272429119,0.000234467427683425,0.000217618402847622,0.000483592336592455,0.0219557549528722,0.124245742867941,0.269379558638775
0.624925275556073,0.000233896910163683,0.000217068196328422,0.00048359922370486,0.0219559402418027,0.124246468978722,0.269380634468955
0.624930278683027,0.00023332852703791,0.000216520073662166,0.000483606110964367,0.0219561255330611,0.124247195095568,0.269381710304788
0.624935281809982,0.000232762267764772,0.000215974024339671,0.00048361299837098,0.0219563108266475,0.124247921218478,0.269382786146273
0.624940284936936,0.000232198121719561,0.000215430037917954,0.000483619885924704,0.0219564961225621,0.124248647347452,0.269383861993411
0.62494528806389,0.00023163607817885,0.00021488810401969,0.000483626773625543,0.0219566814208047,0.124249373482491,0.269384937846202
0.624950291190845,0.000231076126846418,0.000214348212332688,0.000483633661473501,0.0219568667213755,0.124250099623594,0.269386013704646
0.624955294317799,0.000230518257140284,0.000213810352609479,0.000483640549468582,0.0219570520242745,0.124250825770761,0.269387089568743
0.624960297444754,0.000229962458696205,0.000213274514666738,0.000483647437610791,0.0219572373295017,0.124251551923994,0.269388165438493
0.624965300571708,0.000229408721306725,0.000212740688384895,0.000483654325900131,0.0219574226370571,0.124252278083291,0.269389241313896
0.624970303698662,0.000228857034729905,0.000212208863707564,0.000483661214336606,0.0219576079469409,0.124253004248653,0.269390317194952
0.625049567985448,0.000220382416048646,0.000204042497718354,0.000483770367120916,0.0219605441127132,0.124264509658895,0.269407363078262
0.626412914961346,0.000127055411270785,0.00011462358516291,0.000485653594060164,0.0220111378366952,0.124462641415258,0.26970077475782
0.627776261937244,8.33825827841404e-05,7.33005626323102e-05,0.000487547837218256,0.0220619052848521,0.124661224888906,0.269994606907875
0.629139608913142,5.93911515449452e-05,5.08758376350591e-05,0.000489453182670311,0.0221128472473081,0.124860261378582,0.270288860187316
0.63050295588904,4.47609272556963e-05,3.73637402490448e-05,0.000491369717333637,0.0221639645186483,0.12505975218738,0.270583535255854
0.631866302864939,3.51581026800413e-05,2.85982949973427e-05,0.000493297528977642,0.0222152578979494,0.12525969862276,0.27087863277402
0.633229649840837,2.85008135129559e-05,2.25910552808476e-05,0.00049523670623387,0.0222667281888093,0.125460101996563,0.271174153403158
0.634592996816735,2.36863469374155e-05,1.82954232629321e-05,0.000497187338606187,0.0223183761993779,0.125660963625027,0.271470097805433
0.635956343792633,2.00854958418723e-05,1.51179272716595e-05,0.000499149516481096,0.0223702027423877,0.125862284828805,0.271766466643823
0.637319690768531,1.7317533192088e-05,1.27016751261732e-05,0.000501123331138209,0.0224222086351847,0.126064066932979,0.272063260582123
0.638683037744429,1.51408720612669e-05,1.0821586056592e-05,0.000503108874760849,0.02247439469976,0.126266311267077,0.27236048028494
0.640046384720327,1.33960715181151e-05,9.33001158498803e-06,0.000505106240446808,0.0225267617627807,0.126469019165087,0.272658126417694
0.641409731696226,1.19743685999474e-05,8.12683758015879e-06,0.000507115522219255,0.0225793106556218,0.126672191965478,0.272956199646618
0.642773078672124,1.07994486061208e-05,7.14223635432224e-06,0.00050913681503779,0.0226320422143983,0.126875831011211,0.273254700638754
0.644136425648022,9.81644496011524e-06,6.32630204049354e-06,0.000511170214809661,0.0226849572799971,0.127079937649758,0.273553630061955
0.64549977262392,8.98506470120112e-06,5.64259988498173e-06,0.000513215818401128,0.0227380566981097,0.12728451323312,0.273852988584882
0.646863119599818,8.27515933414714e-06,5.06402713399287e-06,0.000515273723648994,0.0227913413192647,0.127489559117839,0.274152776877003
0.648226466575716,7.66379384302474e-06,4.57008510337059e-06,0.000517344029372297,0.0228448119988608,0.127695076665018,0.274452995608593
0.649589813551614,7.13326065651372e-06,4.14503820301689e-06,0.000519426835384163,0.0228984695972003,0.127901067240337,0.274753645450734
0.650953160527513,6.66970521460561e-06,3.77664501569921e-06,0.000521522242503827,0.0229523149795219,0.128107532214069,0.275054727075308
0.652316507503411,6.26215662520749e-06,3.45526694320143e-06,0.000523630352568831,0.0230063490160353,0.128314472961096,0.275356241155004
0.653679854479309,5.90183223600605e-06,3.173231277512e-06,0.000525751268447381,0.0230605725819544,0.128521890860927,0.275658188363311
0.655043201455207,5.5816309395785e-06,2.9243689621144e-06,0.000527885094050895,0.0231149865575322,0.128729787297715,0.275960569374519
0.656406548431105,5.29575873298145e-06,2.70367435740291e-06,0.000530031934346717,0.0231695918280949,0.128938163660272,0.276263384863717
0.657769895407003,5.03944842775692e-06,2.50705154908484e-06,0.000532191895371018,0.0232243892840771,0.129147021342089,0.276566635506794
0.659133242382901,4.80874732496793e-06,2.33112292611342e-06,0.000534365084241881,0.0232793798210565,0.129356361741349,0.276870321980433
0.6604965893588,4.60035461193368e-06,2.17308315376434e-06,0.000536551609172575,0.0233345643397895,0.129566186260948,0.277174444962115
0.661859936334698,4.41149556738495e-06,2.03058664285366e-06,0.00053875157948501,0.0233899437462471,0.129776496308509,0.277479005130114
0.663223283310596,4.23982333349175e-06,1.90166001333549e-06,0.000540965105623399,0.0234455189516504,0.1299872932964,0.2777840031635
0.664586630286494,4.08334153218272e-06,1.78463340327337e-06,0.000543192299168107,0.0235012908725068,0.130198578641754,0.278089439742131
0.665949977262392,3.94034281347744e-06,1.67808612512776e-06,0.000545433272849701,0.0235572604306471,0.13041035376648,0.278395315546658
0.66731332423829,3.80935967871278e-06,1.58080334403679e-06,0.000547688140563208,0.0236134285532617,0.130622620097288,0.27870163125852
0.668676671214188,3.6891248468627e-06,1.49174129535936e-06,0.000549957017382574,0.0236697961729382,0.130835379065701,0.279008387559945
0.670040018190086,3.578539098584e-06,1.40999917062813e-06,0.000552240019575336,0.0237263642276981,0.131048632108072,0.279315585133946
0.671403365165985,3.47664502187001e-06,1.33479624985926e-06,0.000554537264617507,0.0237831336610354,0.131262380665607,0.279623224664321
0.672766712141883,3.38260544864472e-06,1.26545319045146e-06,0.000556848871208677,0.023840105421954,0.131476626184378,0.279931306835654
0.674130059117781,3.29568564676071e-06,1.20137663111021e-06,0.000559174959287333,0.0238972804650059,0.13169137011534,0.280239832333307
0.675493406093679,3.21523853264966e-06,1.1420464561773e-06,0.000561515650046409,0.0239546597503305,0.131906613914351,0.280548801843427
0.676856753069577,3.14069233364658e-06,1.0870052076628e-06,0.000563871065949059,0.0240122442436928,0.132122359042192,0.280858216052936
0.678220100045475,3.07154024260504e-06,1.0358492408134e-06,0.000566241330744664,0.0240700349165231,0.132338606964578,0.281168075649537
0.679583447021373,3.00733170629726e-06,9.88221302646471e-07,0.000568626569485071,0.0241280327459564,0.132555359152182,0.281478381321707
0.680946793997272,2.94766505616494e-06,9.43804277695012e-07,0.000571026908541078,0.0241862387148722,0.132772617080651,0.2817891337587
0.68231014097317,2.89218125043122e-06,9.02315895784126e-07,0.00057344247561916,0.0242446538119347,0.132990382230623,0.282100333650539
0.683673487949068,2.84055853858298e-06,8.63504236361869e-07,0.000575873399778438,0.0243032790316338,0.133208656087745,0.282411981688022
0.685036834924966,2.79250789602227e-06,8.27143895253395e-07,0.00057831981144791,0.024362115374325,0.133427440142694,0.282724078562716
0.686400181900864,2.74776910321388e-06,7.93032704592152e-07,0.000580781842443932,0.0244211638462717,0.133646735891191,0.283036624966955
0.687763528876762,2.70610736727073e-06,7.60988916540713e-07,0.000583259625987956,0.0244804254596858,0.133866544834023,0.283349621593841
0.68912687585266,2.66731040203703e-06,7.30848777341085e-07,0.000585753296724544,0.0245399012327701,0.13408686847706,0.283663069137239
0.690490222828558,2.63118589499471e-06,7.02464431069713e-07,0.000588262990739643,0.0245995921897603,0.13430770833127,0.283976968291779
0.691853569804457,2.59755930551039e-06,6.75702102863351e-07,0.000590788845579138,0.0246594993609674,0.134529065912744,0.284291319752853
0.693216916780355,2.5662719436303e-06,6.50440519831188e-07,0.000593331000267684,0.0247196237828211,0.13475094274271,0.284606124216609
0.694580263756253,2.53717929016591e-06,6.26569534767698e-07,0.00059588959532782,0.0247799664979124,0.13497334034755,0.284921382379957
0.695943610732151,2.51014952356456e-06,6.03988923437047e-07,0.000598464772799373,0.0248405285550376,0.135196260258825,0.285237094940562
0.697306957708049,2.48506222512303e-06,5.82607330855135e-07,0.000601056676259158,0.024901311009242,0.135419704013288,0.285553262596843
0.698670304683947,2.46180723766118e-06,5.62341345841279e-07,0.000603665450840974,0.0249623149218647,0.135643673152902,0.285869886047971
0.700033651659845,2.4402836574666e-06,5.43114686300011e-07,0.000606291243255904,0.0250235413605826,0.135868169224867,0.286186965993868
0.701396998635744,2.42039894236726e-06,5.2485748034625e-07,0.000608934201812927,0.0250849913994557,0.136093193781627,0.286504503135207
0.702760345611642,2.40206811993526e-06,5.07505630601364e-07,0.000611594476439844,0.0251466661189729,0.1363187483809,0.286822498173405
0.70412369258754,2.38521308370298e-06,4.91000250842016e-07,0.000614272218704519,0.0252085666060972,0.13654483458569,0.287140951810625
0.705487039563438,2.3697619663423e-06,4.75287165741287e-07,0.000616967581836459,0.0252706939543122,0.136771453964308,0.287459864749775
0.706850386539336,2.35564858017572e-06,4.60316465753997e-07,0.000619680720748709,0.0253330492636683,0.136998608090391,0.287779237694502
0.708213733515234,2.34281191681098e-06,4.4604211030707e-07,0.000622411792060098,0.0253956336408304,0.137226298542923,0.288099071349193
0.709577080491132,2.33119569887147e-06,4.32421573395436e-07,0.00062516095411782,0.0254584481991241,0.137454526906252,0.288419366418973
0.710940427467031,2.32074797812231e-06,4.19415526482357e-07,0.000627928367020372,0.0255214940585843,0.137683294770109,0.2887401236097
0.712303774442929,2.31142077367255e-06,4.06987554283111e-07,0.000630714192640839,0.0255847723460029,0.137912603729629,0.289061343627967
0.713667121418827,2.30316974662461e-06,3.95103899591863e-07,0.000633518594650548,0.0256482841949775,0.138142455385371,0.289383027181099
0.715030468394725,2.29595390673614e-06,3.83733233808751e-07,0.00063634173854309,0.02571203074596,0.138372851343335,0.289705174977148
0.716393815370623,2.2897353472834e-06,3.72846450250987e-07,0.00063918379165871,0.0257760131463061,0.138603793214983,0.290027787724893
0.717757162346521,2.28447900541196e-06,3.62416477698809e-07,0.00064204492320909,0.025840232550325,0.138835282617259,0.290350866133839
0.719120509322419,2.28015244522239e-06,3.52418111943553e-07,0.00064492530430251,0.0259046901193296,0.139067321172608,0.290674410914214
0.720483856298317,2.276725660926e-06,3.42827863378501e-07,0.000647825107969412,0.0259693870216869,0.139299910508995,0.290998422776964
0.721847203274216,2.27417089815209e-06,3.33623818909843e-07,0.000650744509188363,0.0260343244328691,0.139533052259928,0.291322902433755
0.723210550250114,2.27246249143347e-06,3.24785516670434e-07,0.000653683684912428,0.0260995035355047,0.139766748064473,0.291647850596969
0.724573897226012,2.27157671661681e-06,3.16293832197528e-07,0.000656642814095965,0.0261649255194308,0.140000999567279,0.291973267979701
0.72593724420191,2.27149165577253e-06,3.08130874891138e-07,0.000659622077721838,0.026230591581745,0.140235808418593,0.292299155295759
0.727300591177808,2.27218707473877e-06,3.00279893705347e-07,0.000662621658829064,0.0262965029268582,0.140471176274286,0.292625513259658
0.728663938153706,2.2736443107576e-06,2.9272519114347e-07,0.000665641742540912,0.0263626607665476,0.140707104795867,0.292952342586621
0.730027285129604,2.27584616984757e-06,2.85452044731876e-07,0.000668682516093429,0.0264290663200106,0.140943595650507,0.293279643992575
0.731390632105503,2.27877683313454e-06,2.7844663523836e-07,0.000671744168864444,0.0264957208139186,0.141180650511059,0.293607418194149
0.732753979081401,2.28242177101647e-06,2.71695980981076e-07,0.000674826892403025,0.0265626254824714,0.141418271056076,0.293935665908673
0.734117326057299,2.28676766429663e-06,2.65187877644503e-07,0.000677930880459414,0.0266297815674524,0.141656458969834,0.294264387854172
0.735480673033197,2.29180233223846e-06,2.58910843081069e-07,0.000681056329015443,0.0266971903182837,0.141895215942352,0.294593584749368
0.736844020009095,2.29751466633006e-06,2.52854066631961e-07,0.000684203436315441,0.0267648529920825,0.142134543669412,0.294923257313674
0.738207366984993,2.30389456922481e-06,2.47007362549145e-07,0.000687372402897645,0.0268327708537167,0.142374443852578,0.295253406267193
0.739570713960891,2.31093289925936e-06,2.41361127143645e-07,0.000690563431626114,0.0269009451758624,0.142614918199221,0.295584032330714
0.740934060936789,2.31862141893431e-06,2.35906299323241e-07,0.000693776727723172,0.0269693772390608,0.142855968422533,0.295915136225713
0.742297407912688,2.3269527476379e-06,2.30634324216626e-07,0.000697012498802368,0.0270380683317761,0.143097596241556,0.296246718674348
0.743660754888586,2.33592031833225e-06,2.25537119611177e-07,0.000700270954901986,0.0271070197504539,0.143339803381197,0.296578780399453
0.745024101864484,2.3455183377052e-06,2.20607044958363e-07,0.000703552308519096,0.0271762327995799,0.14358259157225,0.296911322124543
0.746387448840382,2.35574174909947e-06,2.15836872724692e-07,0.000706856774644168,0.027245708791739,0.143825962551417,0.297244344573806
0.74775079581628,2.36658619887419e-06,2.11219761887546e-07,0.000710184570796256,0.0273154490476754,0.144069918061332,0.297577848472099
0.749114142792178,2.37804800530977e-06,2.06749233394298e-07,0.000713535917058757,0.0273854548963526,0.144314459850577,0.297911834544951
0.750477489768076,2.39012412977367e-06,2.02419147420256e-07,0.000716911036115771,0.0274557276750144,0.144559589673709,0.298246303518555
0.751840836743975,2.40281215041709e-06,1.98223682276318e-07,0.000720310153289053,0.0275262687292462,0.144805309291274,0.298581256119769
0.753204183719873,2.41611023804748e-06,1.94157314830963e-07,0.000723733496575587,0.0275970794130368,0.145051620469837,0.298916693076109
0.754567530695771,2.43001713362519e-06,1.90214802323589e-07,0.000727181296685783,0.0276681610888408,0.145298524981995,0.29925261511575
0.755930877671669,2.44453212788679e-06,1.86391165457335e-07,0.000730653787082308,0.0277395151276413,0.145546024606404,0.299589022967522
0.757294224647567,2.45965504255005e-06,1.8268167266954e-07,0.000734151204019574,0.0278111429090138,0.1457941211278,0.299925917360906
0.758657571623465,2.47538621309919e-06,1.79081825487002e-07,0.000737673786583884,0.0278830458211899,0.146042816337017,0.300263299026032
0.760020918599363,2.49172647301981e-06,1.75587344881391e-07,0.000741221776734249,0.0279552252611219,0.146292112031012,0.300601168693677
0.761384265575262,2.50867713924672e-06,1.72194158547496e-07,0.000744795419343904,0.0280276826345479,0.146542010012886,0.30093952709526
0.76274761255116,2.52623999922724e-06,1.68898389033661e-07,0.000748394962242514,0.0281004193560575,0.146792512091905,0.301278374962839
0.764110959527058,2.54441729874842e-06,1.65696342659788e-07,0.000752020656259101,0.028173436849158,0.147043620083522,0.301617713029112
0.765474306502956,2.56321173108754e-06,1.62584499163747e-07,0.000755672755265698,0.0282467365463411,0.147295335809401,0.301957542027407
0.766837653478854,2.58262642728507e-06,1.59559502021986e-07,0.000759351516221748,0.0283203198891505,0.147547661097435,0.302297862691687
0.768201000454752,2.60266494725516e-06,1.56618149394629e-07,0.000763057199219255,0.0283941883282499,0.147800597781771,0.302638675756538
0.76956434743065,2.62333127173393e-06,1.53757385649435e-07,0.000766790067528712,0.0284683433234911,0.148054147702831,0.302979981957175
0.770927694406549,2.64462979524914e-06,1.50974293422716e-07,0.000770550387645818,0.0285427863439838,0.148308312707336,0.303321782029431
0.772291041382447,2.66656531979704e-06,1.48266086178676e-07,0.000774338429338989,0.0286175188681648,0.148563094648325,0.303664076709759
0.773654388358345,2.68914304930335e-06,1.45630101231736e-07,0.000778154465697698,0.0286925423838687,0.148818495385179,0.304006866735225
0.775017735334243,2.71236858492349e-06,1.43063793199215e-07,0.000781998773181642,0.0287678583883986,0.149074516783644,0.30435015284351
0.776381082310141,2.73624792095232e-06,1.40564727854278e-07,0.000785871631670764,0.028843468388598,0.149331160715854,0.304693935772899
0.777744429286039,2.76078744110092e-06,1.38130576351457e-07,0.000789773324516144,0.0289193739009226,0.149588429060349,0.305038216262286
0.779107776261937,2.78599391595577e-06,1.35759109799128e-07,0.000793704138591768,0.0289955764515137,0.149846323702103,0.305382995051163
0.780471123237835,2.81187450055308e-06,1.3344819415535e-07,0.000797664364347212,0.0290720775762712,0.150104846532546,0.305728272879623
0.781834470213734,2.83843673272017e-06,1.31195785425211e-07,0.000801654295861235,0.0291488788209278,0.150363999449581,0.306074050488353
0.783197817189632,2.86568853201781e-06,1.28999925139516e-07,0.000805674230896321,0.0292259817411241,0.150623784357614,0.306420328618629
0.78456116416553,2.89363819904425e-06,1.26858736096124e-07,0.000809724470954171,0.0293033879024835,0.150884203167572,0.30676710801232
0.785924511141428,2.92229441529891e-06,1.24770418346646e-07,0.000813805321332181,0.0293810988806889,0.151145257796931,0.307114389411873
0.787287858117326,2.95166624355392e-06,1.22733245412485e-07,0.000817917091180908,0.0294591162615589,0.15140695016973,0.307462173560321
0.788651205093224,2.98176312867611e-06,1.20745560715345e-07,0.000822060093562566,0.0295374416411256,0.151669282216604,0.307810461201272
0.790014552069122,3.01259489889661e-06,1.18805774208454e-07,0.000826234645510544,0.0296160766257125,0.151932255874801,0.308159253078906
0.791377899045021,3.04417176747461e-06,1.16912359195677e-07,0.000830441068089998,0.0296950228320135,0.152195873088206,0.308508549937976
0.792741246020919,3.07650433500752e-06,1.15063849326662e-07,0.000834679686459515,0.0297742818871723,0.152460135807366,0.308858352523799
0.794104592996817,3.10960359163677e-06,1.13258835756951e-07,0.000838950829933884,0.0298538554288626,0.152725045989513,0.309208661582256
0.795467939972715,3.14348092025003e-06,1.11495964462807e-07,0.000843254832047989,0.029933745105369,0.152990605598584,0.309559477859785
0.796831286948613,3.17814809982596e-06,1.09773933701185e-07,0.000847592030621855,0.0300139525756687,0.15325681660525,0.309910802103381
0.798194633924511,3.21361730885613e-06,1.08091491605949e-07,0.000851962767826865,0.0300944795095139,0.153523680986934,0.310262635060587
0.799557980900409,3.24990112986814e-06,1.06447433912055e-07,0.000856367390253167,0.0301753275875147,0.153791200727838,0.310614977479498
0.800921327876307,3.28701255376538e-06,1.0484060179997e-07,0.000860806248978315,0.030256498501223,0.154059377818965,0.310967830108747
0.802284674852206,3.32496498439843e-06,1.03269879853116e-07,0.000865279699637143,0.0303379939532174,0.154328214258145,0.311321193697512
0.803648021828104,3.36377224411762e-06,1.01734194121619e-07,0.000869788102492921,0.0304198156571879,0.154597712050055,0.311675068995501
0.805011368804002,3.40344857922871e-06,1.00232510286097e-07,0.000874331822509808,0.0305019653380225,0.154867873206244,0.312029456752958
0.8063747157799,3.4440086659009e-06,9.87638319156082e-08,0.000878911229426625,0.0305844447318941,0.155138699745161,0.312384357720653
0.807738062755798,3.48546761649228e-06,9.73271988142863e-08,0.000883526697831994,0.0306672555863476,0.155410193692172,0.312739772649878
0.809101409731696,3.52784098624666e-06,9.59216854515468e-08,0.000888178607240848,0.0307503996603888,0.155682357079589,0.313095702292445
0.810464756707594,3.57114478026109e-06,9.45463994710625e-08,0.000892867342172357,0.0308338787245735,0.155955191946693,0.313452147400684
0.811828103683493,3.61539546084801e-06,9.32004802740283e-08,0.000897593292229299,0.0309176945610974,0.156228700339755,0.313809108727433
0.813191450659391,3.66060995511415e-06,9.18830976725127e-08,0.000902356852178898,0.0310018489638873,0.156502884312066,0.314166587026037
0.814554797635289,3.70680566343206e-06,9.0593450608963e-08,0.000907158422035164,0.0310863437386919,0.156777745923957,0.314524583050344
0.815918144611187,3.75400046755048e-06,8.93307659381744e-08,0.000911998407142778,0.0311711807031754,0.157053287242823,0.314883097554703
0.817281491587085,3.80221273948731e-06,8.80942972682658e-08,0.000916877218262534,0.0312563616870099,0.157329510343151,0.315242131293953
0.818644838562983,3.85146135072978e-06,8.68833238574181e-08,0.000921795271658385,0.0313418885319697,0.157606417306538,0.315601685023424
0.820008185538881,3.90176568183259e-06,8.56971495633287e-08,0.000926752989186135,0.0314277630920269,0.157884010221724,0.315961759498933
0.821371532514779,3.95314563209692e-06,8.45351018425238e-08,0.000931750798383787,0.0315139872334464,0.15816229118461,0.316322355476776
0.822734879490678,4.00562163020544e-06,8.3396530796843e-08,0.00093678913256361,0.0316005628348832,0.158441262298285,0.316683473713726
0.824098226466576,4.05921464485368e-06,8.22808082645703e-08,0.000941868430905944,0.0316874917874797,0.15872092567305,0.317045114967029
0.825461573442474,4.1139461955071e-06,8.11873269538398e-08,0.000946989138554793,0.0317747759949644,0.159001283426443,0.317407279994396
0.826824920418372,4.16983836413842e-06,8.01154996160825e-08,0.000952151706715231,0.0318624173737511,0.159282337683264,0.317769969554004
0.82818826739427,4.22691380720337e-06,7.90647582574153e-08,0.000957356592752678,0.0319504178530392,0.159564090575601,0.318133184404485
0.829551614370168,4.28519576735886e-06,7.80345533859919e-08,0.00096260426029407,0.0320387793749151,0.159846544242852,0.318496925304928
0.830914961346066,4.34470808697315e-06,7.70243532934572e-08,0.000967895179330976,0.0321275038944539,0.160129700831752,0.318861193014866
0.832278308321965,4.40547522065499e-06,7.60336433687469e-08,0.000973229826324699,0.0322165933798229,0.160413562496398,0.319225988294282
0.833641655297863,4.46752224889206e-06,7.50619254425814e-08,0.00097860868431341,0.0323060498123853,0.160698131398273,0.319591311903595
0.835005002273761,4.53087489220711e-06,7.41087171610941e-08,0.000984032243021352,0.0323958751868052,0.160983409706272,0.319957164603659
0.836368349249659,4.59555952546878e-06,7.31735513871231e-08,0.000989500998970168,0.0324860715111538,0.161269399596729,0.320323547155758
0.837731696225557,4.66160319260637e-06,7.22559756277795e-08,0.000995015455592398,0.0325766408070156,0.161556103253438,0.3206904603216
0.839095043201455,4.72903362250969e-06,7.1355551486982e-08,0.00100057612334719,0.0326675851095969,0.161843522867681,0.321057904863316
0.840458390177353,4.7978792444664e-06,7.04718541417215e-08,0.00100618351983827,0.0327589064678344,0.162131660638254,0.321425881543448
0.841821737153252,4.86816920433523e-06,6.96044718408866e-08,0.00101183816993424,0.032850606944505,0.162420518771492,0.321794391124952
0.84318508412915,4.93993338193e-06,6.87530054255478e-08,0.00101754060589126,0.0329426886163367,0.162710099481291,0.322163434371185
0.844548431105048,5.01320240788806e-06,6.79170678696545e-08,0.0010232913674781,0.0330351535741205,0.163000404989141,0.322533012045906
0.845911778080946,5.08800768169176e-06,6.70962838401595e-08,0.00102909100210373,0.0331280039228234,0.163291437524144,0.32290312491327
0.847275125056844,5.16438139015672e-06,6.62902892756377e-08,0.00103494006494737,0.0332212417817022,0.163583199323045,0.323273773737819
0.848638472032742,5.24235652653142e-06,6.5498730982515e-08,0.00104083911909126,0.0333148692844185,0.163875692630253,0.323644959284481
0.85000181900864,5.32196690968304e-06,6.47212662480711e-08,0.00104678873565589,0.033408888579155,0.164168919697871,0.324016682318563
0.851365165984538,5.40324720450276e-06,6.39575624694254e-08,0.00105278949393816,0.0335033018287326,0.164462882785722,0.324388943605746
0.852728512960437,5.48623294246383e-06,6.32072967977553e-08,0.00105884198155209,0.0335981112107282,0.164757584161371,0.324761743912078
0.854091859936335,5.57096054302231e-06,6.24701557970367e-08,0.00106494679457255,0.0336933189175948,0.165053026100153,0.325135084003973
0.855455206912233,5.65746733564754e-06,6.17458351166329e-08,0.00107110453768181,0.0337889271567813,0.165349210885201,0.325508964648199
0.856818553888131,5.74579158249178e-06,6.10340391770935e-08,0.00107731582431902,0.0338849381508546,0.165646140807468,0.325883386611881
0.858181900864029,5.83597250138386e-06,6.03344808685581e-08,0.00108358127683283,0.0339813541376217,0.165943818165758,0.326258350662486
0.859545247839927,5.92805028995693e-06,5.96468812611891e-08,0.00108990152663704,0.0340781773702543,0.166242245266748,0.326633857567826
0.860908594815825,6.02206615032918e-06,5.89709693270897e-08,0.00109627721436948,0.034175410117413,0.166541424425016,0.327009908096046
0.862271941791724,6.11806231445418e-06,5.83064816731883e-08,0.00110270899005406,0.0342730546633743,0.166841357963067,0.327386503015623
0.863635288767622,6.2160820705373e-06,5.76531622845985e-08,0.00110919751326629,0.0343711133081575,0.167142048211359,0.327763643095358
0.86499863574352,6.31616978925677e-06,5.70107622779877e-08,0.0011157434533021,0.034469588367653,0.167443497508333,0.328141329104369
0.866361982719418,6.41837095211494e-06,5.63790396645103e-08,0.00112234748935018,0.0345684821737529,0.167745708200431,0.328519561812088
0.867725329695316,6.52273217952578e-06,5.57577591218848e-08,0.00112901031066792,0.0346677970744813,0.168048682642133,0.328898341988256
0.869088676671214,6.6293012602454e-06,5.51466917752123e-08,0.00113573261676099,0.0347675354341266,0.168352423195976,0.329277670402911
0.870452023647112,6.73812718145966e-06,5.45456149861576e-08,0.00114251511756664,0.0348676996333754,0.168656932232583,0.329657547826391
0.871815370623011,6.84926016029566e-06,5.39543121501283e-08,0.0011493585336409,0.0349682920694468,0.168962212130689,0.33003797502932
0.873178717598909,6.96275167490592e-06,5.33725725011075e-08,0.00115626359634967,0.0350693151562285,0.169268265277171,0.330418952782606
0.874542064574807,7.07865449822413e-06,5.28001909238131e-08,0.00116323104806379,0.0351707713244142,0.169575094067069,0.330800481857436
0.875905411550705,7.19702273132706e-06,5.22369677728686e-08,0.00117026164235831,0.0352726630216422,0.169882700903619,0.331182563025266
0.877268758526603,7.31791183811017e-06,5.16827086986903e-08,0.00117735614421596,0.0353749927126352,0.170191088198273,0.331565197057819
0.878632105502501,7.44137868183002e-06,5.11372244798057e-08,0.00118451533023487,0.0354777628793417,0.170500258370734,0.331948384727076
0.879995452478399,7.56748156150054e-06,5.06003308613337e-08,0.00119173998884081,0.0355809760210782,0.170810213848976,0.332332126805271
0.881358799454298,7.69628024970449e-06,5.00718483993692e-08,0.00119903092050392,0.0356846346546738,0.171120957069275,0.332716424064885
0.882722146430196,7.82783603238787e-06,4.95516023110265e-08,0.00120638893796008,0.0357887413146146,0.171432490476233,0.333101277278639
0.884085493406094,7.9622117482672e-06,4.90394223299075e-08,0.00121381486643706,0.0358932985531915,0.171744816522808,0.333486687219486
0.885448840381992,8.09947183078103e-06,4.8535142566772e-08,0.00122130954388553,0.0359983089406473,0.172057937670341,0.333872654660609
0.88681218735789,8.23968235078174e-06,4.80386013751963e-08,0.0012288738212151,0.0361037750653267,0.17237185638858,0.334259180375411
0.888175534333788,8.38291106026082e-06,4.75496412220186e-08,0.00123650856253541,0.0362096995338273,0.172686575155712,0.334646265137509
0.889538881309686,8.52922743729245e-06,4.70681085623753e-08,0.00124421464540257,0.0363160849711516,0.173002096458384,0.335033909720728
0.890902228285584,8.67870273306116e-06,4.65938537191448e-08,0.0012519929610709,0.0364229340208613,0.173318422791738,0.335422114899095
0.892265575261483,8.83141001953912e-06,4.61267307666215e-08,0.00125984441475018,0.0365302493452325,0.173635556659432,0.335810881446831
0.893628922237381,8.98742423853331e-06,4.56665974182504e-08,0.00126776992586867,0.0366380336254121,0.17395350057367,0.336200210138345
0.894992269213279,9.14682225294552e-06,4.52133149182631e-08,0.00127577042834174,0.0367462895615768,0.17427225705523,0.336590101748227
0.896355616189177,9.30968289902541e-06,4.47667479370584e-08,0.0012838468708466,0.0368550198730926,0.17459182863349,0.336980557051242
0.897718963165075,9.47608703975615e-06,4.43267644701829e-08,0.00129200021710307,0.0369642272986762,0.174912217846457,0.337371576822322
0.899082310140973,9.64611762063931e-06,4.38932357407686e-08,0.00130023144616054,0.0370739145965579,0.175233427240793,0.337763161836561
0.900445657116871,9.81985972686777e-06,4.34660361052951e-08,0.00130854155269142,0.0371840845446465,0.175555459371844,0.338155312869204
0.90180900409277,9.99740064172937e-06,4.30450429625444e-08,0.00131693154729115,0.037294739940695,0.175878316803666,0.338548030695644
0.903172351068668,1.01788299079186e-05,4.26301366656294e-08,0.00132540245678485,0.0374058836024685,0.176202002109056,0.338941316091415
0.904535698044566,1.0364239389318e-05,4.22212004369746e-08,0.00133395532454105,0.0375175183679137,0.176526517869574,0.339335169832181
0.905899045020464,1.05537233352729e-05,4.18181202861378e-08,0.00134259121079234,0.0376296470953298,0.176851866675579,0.339729592693734
0.907262391996362,1.07473784471081e-05,4.14207849303648e-08,0.00135131119296344,0.0377422726635412,0.177178051126247,0.340124585451982
0.90862573897226,1.09453039461874e-05,4.10290857177739e-08,0.00136011636600658,0.0378553979720718,0.177505073829608,0.340520148882945
0.909989085948158,1.11476016438802e-05,4.064291655307e-08,0.00136900784274474,0.0379690259413211,0.177832937402566,0.340916283762747
0.911352432924056,1.13543760146732e-05,4.02621738256952e-08,0.00137798675422251,0.0380831595127421,0.178161644470935,0.341312990867605
0.912715779899955,1.15657342700244e-05,3.98867563403236e-08,0.00138705425006525,0.0381978016490208,0.178491197669458,0.34171027097383
0.914079126875853,1.17817864356208e-05,3.95165652496143e-08,0.00139621149884634,0.0383129553342573,0.178821599641843,0.34210812485781
0.915442473851751,1.20026454304465e-05,3.91515039891384e-08,0.00140545968846301,0.0384286235741489,0.179152853040786,0.342506553296009
0.916805820827649,1.22284271481325e-05,3.87914782144006e-08,0.00141480002652093,0.0385448093961753,0.179484960528,0.342905557064956
0.918169167803547,1.24592505415965e-05,3.84363957398783e-08,0.00142423374072766,0.0386615158497847,0.179817924774245,0.343305136941239
0.919532514779445,1.26952377097794e-05,3.80861664800048e-08,0.00143376207929535,0.0387787460065827,0.180151748459354,0.343705293701499
0.920895861755343,1.29365139861093e-05,3.77407023920264e-08,0.00144338631135286,0.0388965029605226,0.180486434272262,0.344106028122415
0.922259208731242,1.31832080314822e-05,3.73999174206649e-08,0.00145310772736761,0.0390147898280978,0.180821984911033,0.344507340980708
0.92362255570714,1.34354519289983e-05,3.70637274445214e-08,0.00146292763957731,0.0391336097485352,0.18115840308289,0.34490923305312
0.924985902683038,1.36933812812687e-05,3.6732050224159e-08,0.00147284738243197,0.0392529658839924,0.181495691504241,0.345311705116417
0.926349249658936,1.39571353123827e-05,3.6404805351804e-08,0.00148286831304638,0.0393728614197547,0.181833852900712,0.345714757947374
0.927712596634834,1.42268569715647e-05,3.60819142026085e-08,0.00149299181166343,0.0394932995644356,0.182172890007168,0.346118392322773
0.929075943610732,1.45026930394815e-05,3.57632998874193e-08,0.00150321928212841,0.0396142835501785,0.182512805567745,0.346522609019387
0.93043929058663,1.47847942404564e-05,3.54488872070006e-08,0.00151355215237477,0.0397358166328607,0.182853602335881,0.34692740881398
0.931802637562528,1.50733153554434e-05,3.51386026076581e-08,0.0015239918749216,0.0398579020922996,0.18319528307434,0.347332792483293
0.933165984538427,1.53684153399194e-05,3.48323741382177e-08,0.00153453992738303,0.0399805432324602,0.18353785055524,0.34773876080404
0.934529331514325,1.56702574458167e-05,3.45301314083101e-08,0.00154519781299005,0.0401037433816658,0.183881307560087,0.348145314552894
0.935892678490223,1.59790093462623e-05,3.42318055479167e-08,0.00155596706112505,0.0402275058928097,0.184225656879797,0.348552454506488
0.937256025466121,1.62948432644877e-05,3.39373291681343e-08,0.00156684922786934,0.0403518341435698,0.184570901314727,0.348960181441394
0.938619372442019,1.66179361076682e-05,3.36466363231151e-08,0.00157784589656416,0.0404767315366249,0.184917043674704,0.349368496134127
0.939982719417917,1.69484696038153e-05,3.33596624731433e-08,0.00158895867838538,0.0406022014998735,0.185264086779053,0.349777399361129
0.941346066393815,1.72866304436181e-05,3.30763444488092e-08,0.00160018921293252,0.0407282474866543,0.185612033456624,0.350186891898761
0.942709413369714,1.76326104278811e-05,3.27966204162439e-08,0.0016115391688322,0.0408548729759694,0.185960886545821,0.350596974523296
0.944072760345612,1.79866066168086e-05,3.25204298433784e-08,0.00162301024435674,0.0409820814727099,0.186310648894634,0.351007648010911
0.94543610732151,1.83488214870721e-05,3.22477134671928e-08,0.00163460416805802,0.0411098765078828,0.186661323360661,0.351418913137676
0.946799454297408,1.87194630928979e-05,3.19784132619235e-08,0.00164632269941735,0.0412382616388412,0.187012912811141,0.351830770679548
0.948162801273306,1.90987452304647e-05,3.17124724081951e-08,0.00165816762951157,0.0413672404495163,0.187365420122982,0.352243221412357
0.949526148249204,1.94868876111628e-05,3.14498352630474e-08,0.00167014078169595,0.0414968165506522,0.187718848182789,0.352656266111803
0.950889495225102,1.98841160375267e-05,3.11904473308272e-08,0.0016822440123044,0.0416269935800423,0.188073199886891,0.353069905553445
0.952252842201,2.02906625865226e-05,3.09342552349178e-08,0.00169447921136742,0.0417577752027689,0.18842847814137,0.353484140512688
0.953616189176899,2.07067657972514e-05,3.06812066902767e-08,0.00170684830334835,0.0418891651114446,0.188784685862092,0.353898971764781
0.954979536152797,2.11326708669706e-05,3.04312504767575e-08,0.00171935324789844,0.0420211670264567,0.189141825974733,0.3543144000848
0.956342883128695,2.15686298506237e-05,3.01843364131883e-08,0.00173199604063133,0.0421537846962136,0.189499901414808,0.354730426247647
0.957706230104593,2.20149018699379e-05,2.99404153321843e-08,0.0017447787139174,0.0422870218973941,0.1898589151277,0.355147051028032
0.959069577080491,2.24717533277606e-05,2.96994390556695e-08,0.00175770333769876,0.0424208824351987,0.190218870068687,0.355564275200471
0.960432924056389,2.29394581285511e-05,2.94613603710846e-08,0.00177077202032532,0.0425553701436043,0.190579769202971,0.355982099539272
0.961796271032287,2.34182979092828e-05,2.92261330082609e-08,0.0017839869094126,0.0426904888856206,0.19094161550571,0.356400524818528
0.963159618008186,2.39085622739727e-05,2.89937116169369e-08,0.00179735019272208,0.0428262425535499,0.191304411962041,0.356819551812105
0.964522964984084,2.44105490385221e-05,2.87640517448987e-08,0.00181086409906453,0.0429626350692488,0.19166816156711,0.357239181293636
0.965886311959982,2.49245644842542e-05,2.8537109816724e-08,0.00182453089922718,0.0430996703843932,0.192032867326103,0.357659414036506
0.96724965893588,2.54509236177644e-05,2.83128431131106e-08,0.0018383529069254,0.0432373524807456,0.192398532254272,0.358080250813848
0.968613005911778,2.59899504408833e-05,2.80912097507714e-08,0.00185233247977963,0.0433756853704258,0.192765159376965,0.358501692398528
0.969976352887676,2.6541978228924e-05,2.7872168662878e-08,0.00186647202031833,0.0435146730961832,0.193132751729653,0.35892373956314
0.971339699863574,2.71073498196597e-05,2.7655679580036e-08,0.00188077397700773,0.0436543197316733,0.193501312357956,0.359346393079991
0.972703046839473,2.76864179095795e-05,2.74417030117754e-08,0.00189524084530922,0.0437946293817357,0.193870844317679,0.359769653721096
0.974066393815371,2.82795453638986e-05,2.72302002285403e-08,0.00190987516876526,0.0439356061826763,0.194241350674833,0.360193522258163
0.975429740791269,2.88871055329068e-05,2.7021133244163e-08,0.0019246795401146,0.0440772543025513,0.194612834505665,0.360617999462587
0.976793087767167,2.95094825810609e-05,2.68144647988065e-08,0.00193965660243782,0.0442195779414546,0.194985298896689,0.361043086105438
0.978156434743065,3.01470718295194e-05,2.66101583423622e-08,0.00195480905033408,0.0443625813318082,0.195358746944711,0.361468782957448
0.979519781718963,3.08002801054951e-05,2.64081780182892e-08,0.00197013963113006,0.0445062687386559,0.195733181756859,0.361895090789007
0.980883128694861,3.14695261063164e-05,2.62084886478805e-08,0.00198565114612208,0.0446506444599592,0.196108606450611,0.362322010370146
0.98224647567076,3.21552407792236e-05,2.60110557149443e-08,0.00200134645185255,0.0447957128268969,0.196485024153824,0.362749542470532
0.983609822646658,3.28578677068475e-05,2.58158453508879e-08,0.00201722846142163,0.044941478204168,0.196862438004758,0.363177687859451
0.984973169622556,3.35778635130335e-05,2.56228243201919e-08,0.00203330014583548,0.0450879449902972,0.197240851152112,0.363606447305805
0.986336516598454,3.43156982786306e-05,2.54319600062626e-08,0.00204956453539202,0.0452351176179437,0.197620266755043,0.364035821578096
0.987699863574352,3.50718559720953e-05,2.52432203976527e-08,0.00206602472110557,0.0453830005542139,0.1980006879832,0.364465811444415
0.98906321055025,3.58468348974734e-05,2.50565740746377e-08,0.00208268385617151,0.0455315983009761,0.198382118016752,0.364896417672435
0.990426557526148,3.66411481578102e-05,2.48719901961393e-08,0.00209954515747239,0.0456809153951798,0.198764560046412,0.365327641029396
0.991789904502046,3.74553241292768e-05,2.46894384869841e-08,0.00211661190712658,0.0458309564091775,0.199148017273468,0.365759482282099
0.993153251477945,3.82899069611161e-05,2.45088892254882e-08,0.0021338874540812,0.0459817259510503,0.199532492909811,0.366191942196887
0.994516598453843,3.91454570857138e-05,2.43303132313597e-08,0.0021513752157504,0.0461332286649365,0.199917990177962,0.366625021539642
0.995879945429741,4.00225517489321e-05,2.41536818539067e-08,0.00216907867970078,0.0462854692313641,0.200304512311098,0.367058721075771
0.997243292405639,4.09217855618162e-05,2.39789669605454e-08,0.0021870014053853,0.0464384523675867,0.200692062553083,0.36749304157019
0.998606639381537,4.18437710696088e-05,2.38061409255974e-08,0.00220514702592742,0.0465921828279225,0.201080644158494,0.367927983787322
0.999969986357435,4.27891393395218e-05,2.36351766193685e-08,0.00222351924995699,0.0467466654040977,0.201470260392649,0.368363548491077
1.00133333333333,4.37585405744148e-05,2.34660473975017e-08,0.00224212186349982,0.0469019049255926,0.201860914531634,0.368799736444845
1.00269668030923,4.47526447423456e-05,2.32987270905947e-08,0.00226095873192247,0.0470579062599923,0.202252609862331,0.369236548411483
1.00406002728513,4.57721422344259e-05,2.31331899940771e-08,0.00228003380193436,0.04721467431334,0.202645349682446,0.369673985153303
1.00542337426103,4.68177445434551e-05,2.29694108583367e-08,0.00229935110364895,0.0473722140304954,0.203039137300535,0.370112047432062
1.00678672123693,4.78901849686978e-05,2.28073648790917e-08,0.00231891475270612,0.0475305303954954,0.203433976036031,0.370550736008948
1.00815006821282,4.89902193434936e-05,2.26470276879977e-08,0.00233872895245775,0.0476896284319201,0.203829869219276,0.370990051644571
1.00951341518872,5.01186267940684e-05,2.24883753434862e-08,0.00235879799621865,0.0478495132032615,0.20422682019154,0.371429995098948
1.01087676216462,5.1276210520654e-05,2.23313843218269e-08,0.00237912626958519,0.0480101898132972,0.204624832305056,0.371870567131493
1.01224010914052,5.24637986113825e-05,2.21760315084073e-08,0.00239971825282386,0.0481716634064666,0.205023908923042,0.372311768501002
1.01360345611642,5.36822448879915e-05,2.20222941892238e-08,0.00242057852333218,0.0483339391682531,0.20542405341973,0.372753599965647
1.01496680309231,5.49324297751127e-05,2.18701500425791e-08,0.00244171175817454,0.0484970223255683,0.205825269180392,0.373196062282955
1.01633015006821,5.62152612071449e-05,2.17195771309789e-08,0.00246312273669556,0.0486609181471423,0.206227559601368,0.373639156209805
1.01769349704411,5.75316755750646e-05,2.15705538932239e-08,0.00248481634321363,0.0488256319439163,0.206630928090093,0.374082882502409
1.01905684402001,5.88826386908018e-05,2.14230591366909e-08,0.00250679756979756,0.048991169069441,0.20703537806512,0.3745272419163
1.02042019099591,6.02691468064285e-05,2.12770720297972e-08,0.00252907151912916,0.0491575349202781,0.207440912956151,0.374972235206324
1.02178353797181,6.16922276642299e-05,2.11325720946456e-08,0.00255164340745492,0.049324734936407,0.207847536204061,0.375417863126623
1.0231468849477,6.3152941582796e-05,2.09895391998423e-08,0.00257451856762986,0.0494927746016354,0.208255251260926,0.375864126430623
1.0245102319236,6.46523825884157e-05,2.0847953553485e-08,0.00259770245225695,0.049661659444014,0.208664061590048,0.376311025871022
1.0258735788995,6.61916795922384e-05,2.07077956963159e-08,0.00262120063692544,0.0498313950362568,0.209073970665979,0.376758562199778
1.0272369258754,6.77719976027217e-05,2.05690464950351e-08,0.0026450188235518,0.0500019869961646,0.209484981974552,0.377206736168096
1.0286002728513,6.93945389956467e-05,2.04316871357707e-08,0.00266916284382685,0.0501734409870542,0.209897099012904,0.377655548526411
1.02996361982719,7.10605448271904e-05,2.02956991177004e-08,0.0026936386627731,0.0503457627181912,0.210310325289503,0.378105000024379
1.03132696680309,7.27712961966608e-05,2.01610642468218e-08,0.00271845238241622,0.0505189579452285,0.21072466432417,0.378555091410865
1.03269031377899,7.45281156621138e-05,2.00277646298665e-08,0.00274361024557491,0.0506930324706491,0.21114011964811,0.379005823433925
1.03405366075489,7.63323687182629e-05,1.98957826683544e-08,0.00276911863977353,0.0508679921442135,0.211556694803934,0.379457196840795
1.03541700773079,7.81854653174956e-05,1.97651010527855e-08,0.00279498410128206,0.051043842863412,0.211974393345688,0.37990921237788
1.03678035470668,8.00888614640838e-05,1.96357027569637e-08,0.00282121331928814,0.0512205905739229,0.212393218838871,0.380361870790735
1.03814370168258,8.20440608685853e-05,1.95075710324511e-08,0.0028478131402061,0.0513982412700738,0.21281317486047,0.380815172824057
1.03950704865848,8.40526166545387e-05,1.93806894031477e-08,0.00287479057212823,0.0515768009953101,0.213234264998975,0.381269119221668
1.04087039563438,8.61161331525183e-05,1.92550416599956e-08,0.00290215278942357,0.0517562758426668,0.213656492854413,0.381723710726501
1.04223374261028,8.82362677515434e-05,1.91306118558009e-08,0.00292990713748995,0.0519366719552465,0.214079862038365,0.38217894808059
1.04359708958618,9.04147328214852e-05,1.9007384300174e-08,0.00295806113766499,0.0521179955267026,0.214504376173996,0.382634832025052
1.04496043656207,9.26532977293014e-05,1.8885343554583e-08,0.00298662249230233,0.052300252801727,0.214930038896077,0.383091363300072
1.04632378353797,9.49537909218619e-05,1.87644744275178e-08,0.0030155990900193,0.0524834500765443,0.21535685385101,0.383548542644895
1.04768713051387,9.73181020888977e-05,1.86447619697624e-08,0.0030449990111228,0.0526675936994105,0.215784824696851,0.384006370797805
1.04905047748977,9.97481844303772e-05,1.85261914697722e-08,0.00307483053322025,0.0528526900711176,0.216213955103337,0.384464848496115
1.05041382446567,0.000102246057003666,1.84087484491543e-08,0.00310510213702293,0.0530387456455036,0.216644248751904,0.384923976476153
1.05177717144156,0.000104813807159061,1.8292418658247e-08,0.00313582251234918,0.0532257669299687,0.217075709335719,0.385383755473243
1.05314051841746,0.00010745359310055,1.81771880717979e-08,0.00316700056433543,0.053413760485996,0.217508340559697,0.385844186221695
1.05450386539336,0.000110167646524328,1.80630428847355e-08,0.00319864541986334,0.0536027329296792,0.217942146140526,0.386305269454789
1.05586721236926,0.000112958275373745,1.7949969508035e-08,0.00323076643421154,0.0537926909322554,0.218377129806691,0.386767005904759
1.05723055934516,0.000115827866726111,1.78379545646732e-08,0.00326337319794117,0.0539836412206443,0.218813295298496,0.38722939630278
1.05859390632106,0.000118778889771491,1.77269848856724e-08,0.00329647554402443,0.0541755905779925,0.21925064636809,0.387692441378954
1.05995725329695,0.000121813898929536,1.76170475062289e-08,0.0033300835552262,0.0543685458442252,0.219689186779485,0.38815614186229
1.06132060027285,0.000124935537103195,1.75081296619271e-08,0.0033642075717489,0.0545625139166029,0.22012892030858,0.388620498480696
1.06268394724875,0.000128146539061314,1.74002187850333e-08,0.00339885819915134,0.0547575017502847,0.220569850743185,0.389085511960957
1.06404729422465,0.000131449734949621,1.72933025008709e-08,0.00343404631655294,0.0549535163588978,0.221011981883044,0.389551183028726
1.06541064120055,0.000134848053989316,1.71873686242722e-08,0.00346978308513505,0.0551505648151137,0.221455317539852,0.390017512408504
1.06677398817644,0.00013834452828993,1.70824051561063e-08,0.00350607995695172,0.0553486542512303,0.221899861537281,0.390484500823627
1.06813733515234,0.000141942296844799,1.69784002798815e-08,0.00354294868406281,0.0555477918597609,0.222345617711,0.390952148996249
1.06950068212824,0.000145644609710047,1.6875342358419e-08,0.00358040132800312,0.0557479848940296,0.222792589908697,0.391420457647328
1.07086402910414,0.000149454832341515,1.67732199305982e-08,0.00361845026960144,0.0559492406687735,0.223240781990099,0.391889427496609
1.07222737608004,0.000153376450123495,1.66720217081691e-08,0.00365710821916473,0.0561515665607516,0.223690197826994,0.39235905926261
1.07359072305593,0.000157413073108057,1.65717365726339e-08,0.00369638822704266,0.0563549700093604,0.224140841303252,0.392829353662603
1.07495407003183,0.000161568440946043,1.64723535721919e-08,0.00373630369458905,0.0565594585172568,0.224592716314842,0.393300311412602
1.07631741700773,0.000165846428039141,1.637386191875e-08,0.0037768683855372,0.0567650396509877,0.225045826769858,0.393771933227342
1.07768076398363,0.000170251048926876,1.62762509849946e-08,0.00381809643780711,0.0569717210416265,0.225500176588534,0.39424421982027
1.07904411095953,0.00017478646389488,1.61795103015252e-08,0.00386000237576332,0.0571795103854176,0.225955769703266,0.394717171903519
1.08040745793543,0.000179456984836671,1.60836295540464e-08,0.0039026011229432,0.0573884154444271,0.22641261005863,0.395190790187903
1.08177080491132,0.000184267081409905,1.59885985806189e-08,0.00394590801527643,0.0575984440472019,0.226870701611405,0.395665075382889
1.08313415188722,0.000189221387391122,1.58944073689669e-08,0.00398993881481719,0.0578096040894353,0.227330048330587,0.396140028196592
1.08449749886312,0.000194324707403041,1.58010460538406e-08,0.00403470972401231,0.0580219035346411,0.227790654197411,0.396615649335748
1.08586084583902,0.000199582023907455,1.57085049144333e-08,0.00408023740052884,0.0582353504148343,0.228252523205368,0.397091939505703
1.08722419281492,0.000204998504486392,1.56167743718504e-08,0.00412653897266678,0.0584499528312207,0.228715659360224,0.397568899410397
1.08858753979081,0.000210579509504476,1.55258449866312e-08,0.00417363205538298,0.0586657189548933,0.229180066680038,0.398046529752343
1.08995088676671,0.000216330600112733,1.54357074563199e-08,0.00422153476695437,0.0588826570275373,0.229645749195181,0.398524831232613
1.09131423374261,0.000222257546574116,1.53463526130866e-08,0.00427026574630962,0.0591007753621429,0.230112710948348,0.39900380455082
1.09267758071851,0.000228366337043432,1.52577714213958e-08,0.00431984417106004,0.0593200823437262,0.230580955994582,0.399483450405101
1.09404092769441,0.000234663186717038,1.51699549757224e-08,0.00437028977626213,0.0595405864300584,0.231050488401288,0.399963769492099
1.0954042746703,0.000241154547390797,1.50828944983134e-08,0.00442162287394584,0.0597622961524032,0.231521312248247,0.400444762506947
1.0967676216462,0.000247847117517699,1.49965813369937e-08,0.00447386437344433,0.0599852201162631,0.231993431627638,0.400926430143249
1.0981309686221,0.000254747852691414,1.49110069630172e-08,0.00452703580256313,0.0602093670021337,0.232466850644046,0.401408773093064
1.099494315598,0.000261863976653802,1.48261629689594e-08,0.00458115932962844,0.0604347455662669,0.232941573414487,0.401891792046886
1.1008576625739,0.00026920299282007,1.47420410666523e-08,0.00463625778645628,0.0606613646414429,0.233417604068415,0.402375487693629
1.1022210095498,0.000276772696357296,1.46586330851603e-08,0.00469235469228698,0.0608892331377509,0.233894946747741,0.402859860720607
1.10358435652569,0.000284581186824136,1.45759309687962e-08,0.00474947427873127,0.0611183600433793,0.23437360560685,0.403344911813517
1.10494770350159,0.000292636881452192,1.44939267751754e-08,0.00480764151577726,0.0613487544254142,0.234853584812609,0.40383064165642
1.10631105047749,0.00030094852905539,1.44126126733099e-08,0.00486688213890994,0.0615804254306476,0.235334888544385,0.404317050931725
1.10767439745339,0.000309525224599243,1.43319809417377e-08,0.00492722267739793,0.0618133822863953,0.235817520994061,0.404804140320168
1.10903774442929,0.000318376424535982,1.42520239666904e-08,0.00498869048380515,0.0620476343013233,0.236301486366042,0.405291910500794
1.11040109140518,0.000327511962846418,1.41727342402953e-08,0.00505131376478822,0.0622831908662847,0.236786788877277,0.405780362150941
1.11176443838108,0.000336942067883915,1.40941043588133e-08,0.00511512161324395,0.0625200614551656,0.237273432757263,0.406269495946219
1.11312778535698,0.000346677380100258,1.40161270209101e-08,0.00518014404187493,0.0627582556257415,0.237761422248063,0.406759312560492
1.11449113233288,0.000356728970597959,1.39387950259616e-08,0.0052464120182448,0.0629977830205427,0.238250761604318,0.40724981266586
1.11585447930878,0.000367108360648358,1.38621012723912e-08,0.00531395750139946,0.063238653367731,0.238741455093252,0.407740996932636
1.11721782628468,0.000377827542212886,1.37860387560395e-08,0.00538281348013413,0.0634808764819854,0.239233506994692,0.408232866029335
1.11858117326057,0.000388898999487388,1.37106005685652e-08,0.00545301401299146,0.0637244622653987,0.239726921601072,0.408725420622647
1.11994452023647,0.00040033573152395,1.36357798958761e-08,0.00552459427008052,0.063969420708385,0.240221703217446,0.409218661377421
1.12130786721237,0.000412151276084029,1.35615700165905e-08,0.00559759057681172,0.0642157618905965,0.240717856161499,0.409712588956648
1.12267121418827,0.000424359734672947,1.34879643005279e-08,0.00567204045964861,0.0644634959818526,0.241215384763553,0.410207204021436
1.12403456116417,0.000436975798859015,1.34149562072275e-08,0.00574798269398322,0.0647126332430784,0.241714293366578,0.410702507230995
1.12539790814006,0.000450014778061414,1.33425392844956e-08,0.00582545735424816,0.0649631840272554,0.242214586326204,0.411198499242617
1.12676125511596,0.000463492628687513,1.32707071669799e-08,0.00590450586638541,0.0652151587803825,0.242716268010723,0.411695180711653
1.12812460209186,0.000477425984887629,1.31994535747707e-08,0.00598517106279914,0.0654685680424487,0.243219342801101,0.412192552291498
1.12948794906776,0.000491832190921548,1.31287723120282e-08,0.00606749723992744,0.0657234224484171,0.243723815090983,0.412690614633566
1.13085129604366,0.000506729335264807,1.30586572656358e-08,0.00615153021857647,0.0659797327292205,0.244229689286703,0.413189368387273
1.13221464301955,0.000522136286509473,1.2989102403878e-08,0.00623731740716895,0.0662375097127686,0.244736969807288,0.413688814200017
1.13357798999545,0.000538072731312527,1.29201017751432e-08,0.00632490786806892,0.0664967643249675,0.245245661084462,0.414188952717155
1.13494133697135,0.00055455921428826,1.28516495066506e-08,0.00641435238715428,0.0667575075907503,0.245755767562659,0.414689784581987
1.13630468394725,0.00057161718016483,1.27837398032007e-08,0.00650570354681999,0.0670197506351211,0.246267293699018,0.41519131043573
1.13766803092315,0.000589269018241327,1.27163669459483e-08,0.00659901580260599,0.0672835046842103,0.246780243963395,0.415693530917503
1.13903137789905,0.000607538109326857,1.26495252911986e-08,0.00669434556365648,0.067548781066343,0.247294622838366,0.4161964466643
1.14039472487494,0.00062644887527998,1.25832092692256e-08,0.00679175127723079,0.0678155912131197,0.247810434819226,0.416700058310977
1.14175807185084,0.000646026831338737,1.25174133831114e-08,0.00689129351749969,0.06808394666051,0.248327684413998,0.417204366490223
1.14312141882674,0.000666298641401166,1.24521322076071e-08,0.00699303507887714,0.0683538590499591,0.248846376143431,0.417709371832546
1.14448476580264,0.000687292176485271,1.23873603880145e-08,0.00709704107415308,0.0686253401295078,0.249366514541004,0.418215074966244
1.14584811277854,0.000709036576494451,1.23230926390882e-08,0.00720337903771126,0.0688984017549254,0.24988810415293,0.418721476517392
1.14721145975443,0.000731562315525692,1.22593237439571e-08,0.00731211903413418,0.0691730558908563,0.25041114953815,0.419228577109816
1.14857480673033,0.000754901271043692,1.21960485530657e-08,0.00742333377251867,0.0694493146119801,0.25093565526834,0.419736377365072
1.14993815370623,0.000779086797042143,1.21332619831346e-08,0.00753709872684629,0.069727190104186,0.251461625927909,0.420244877902423
1.15130150068213,0.00080415380144694,1.20709590161396e-08,0.00765349226277735,0.0700066946657603,0.251989066113997,0.42075407933882
1.15266484765803,0.000830138828216932,1.20091346983088e-08,0.00777259577126175,0.070287840708589,0.252517980436473,0.42126398228888
1.15402819463392,0.000857080144270406,1.19477841391382e-08,0.00789449380938812,0.0705706407593745,0.253048373517937,0.421774587364862
1.15539154160982,0.000885017831544276,1.18869025104241e-08,0.00801927424892082,0.0708551074608665,0.253580249993714,0.422285895176646
1.15675488858572,0.000913993884801277,1.18264850453135e-08,0.00814702843300742,0.0711412535731078,0.254113614511851,0.42279790633171
1.15811823556162,0.00094405231521951,1.17665270373708e-08,0.00827785134157248,0.0714290919746959,0.254648471733116,0.42331062143511
1.15948158253752,0.000975239260270629,1.17070238396616e-08,0.00841184176595035,0.0717186356640577,0.255184826330992,0.423824041089453
1.16084492951342,0.00100760310069327,1.16479708638514e-08,0.00854910249335033,0.0720098977607422,0.255722682991672,0.424338165894881
1.16220827648931,0.00104119458428467,1.15893635793222e-08,0.00868974050178921,0.0723028915067263,0.256262046414052,0.424852996449043
1.16357162346521,0.00107606695770731,1.15311975123026e-08,0.0088338671661741,0.0725976302677379,0.256802921309729,0.425368533347073
1.16493497044111,0.00111227610663734,1.14734682450144e-08,0.00898159847626733,0.0728941275345939,0.25734531240299,0.425884777181569
1.16629831741701,0.00114988070452737,1.14161714148336e-08,0.00913305526732094,0.0731923969245553,0.257889224430807,0.426401728542568
1.16766166439291,0.00118894237111565,1.13593027134663e-08,0.00928836346422577,0.0734924521826977,0.258434662142828,0.426919388017525
1.1690250113688,0.00122952584113941,1.13028578861388e-08,0.00944765434008555,0.0737943071832993,0.258981630301368,0.427437756191288
1.1703883583447,0.00127169914373361,1.12468327308015e-08,0.00961106479019389,0.0740979759312444,0.2595301336814,0.427956833646075
1.1717517053206,0.00131553379383991,1.11912230973472e-08,0.00977873762246886,0.0744034725634455,0.260080177070543,0.428476620961451
1.1731150522965,0.00136110499603907,1.11360248868421e-08,0.0099508218654797,0.0747108113502809,0.260631765269055,0.428997118714302
1.1744783992724,0.00140849186204008,1.10812340507708e-08,0.0101274730952902,0.0750200066970512,0.261184903089817,0.429518327478817
1.17584174624829,0.00145777764246136,1.10268465902937e-08,0.0103088537824385,0.0753310731454526,0.261739595358324,0.430040247826456
1.17720509322419,0.00150904997459164,1.09728585555177e-08,0.0104951336604782,0.0756440253750679,0.262295846912669,0.430562880325934
1.17856844020009,0.00156240114657306,1.09192660447785e-08,0.0106864901176197,0.0759588782048768,0.262853662603532,0.431086225543191
1.17993178717599,0.00161792837998533,1.08660652039362e-08,0.0108831086131345,0.076275646594783,0.263413047294163,0.431610284041371
1.18129513415189,0.0016757341317541,1.08132522256818e-08,0.0110851831203208,0.0765943456471609,0.263974005860369,0.432135056380796
1.18265848112779,0.00173592641715038,1.07608233488566e-08,0.0112929165979758,0.0769149906084208,0.264536543190494,0.432660543118943
1.18402182810368,0.00179861915533359,1.0708774857782e-08,0.0115065214924833,0.0772375968705935,0.265100664185407,0.433186744810417
1.18538517507958,0.00186393253947311,1.06571030816015e-08,0.0117262202727963,0.0775621799729333,0.265666373758481,0.43371366200693
1.18674852205548,0.00193199343304579,1.06058043936333e-08,0.0119522460007944,0.0778887556035418,0.266233676835575,0.434241295257272
1.18811186903138,0.00200293579493431,1.0554875210734e-08,0.0121848429396972,0.0782173396010104,0.266802578355016,0.434769645107288
1.18947521600728,0.00207690113510058,1.05043119926728e-08,0.0124242672034544,0.0785479479560837,0.267373083267576,0.435298712099855
1.19083856298317,0.0021540390036561,1.04541112415162e-08,0.0126707874502784,0.078880596813343,0.267945196536454,0.435828496774852
1.19220190995907,0.00223450751606602,1.04042695010232e-08,0.0129246856237675,0.0792153024729095,0.268518923137253,0.436358999669139
1.19356525693497,0.00231847391748535,1.03547833560503e-08,0.0131862577453687,0.0795520813921705,0.269094268057955,0.43689022131653
1.19492860391087,0.00240611518930538,1.03056494319665e-08,0.0134558147622642,0.0798909501875241,0.269671236298903,0.437422162247764
1.19629195088677,0.00249761870185383,1.02568643940778e-08,0.0137336834551331,0.0802319256361473,0.270249832872769,0.437954822990487
1.19765529786266,0.0025931829170055,1.02084249470618e-08,0.0140202074106428,0.0805750246777849,0.270830062804535,0.438488204069218
1.19901864483856,0.00269301814479567,1.01603278344106e-08,0.0143157480639705,0.0809202644165607,0.271411931131463,0.439022306005329
1.20038199181446,0.00279734735915016,1.0112569837884e-08,0.0146206858171449,0.0812676621228103,0.271995442903069,0.439557129317015
1.20174533879036,0.0029064070778911,1.00651477769707e-08,0.0149354212395388,0.0816172352349377,0.272580603181095,0.440092674519269
1.20310868576626,0.00302044831205071,1.00180585083594e-08,0.0152603763574413,0.0819690013612931,0.273167417039479,0.440628942123857
1.20447203274216,0.00313973759190255,9.97129892541702e-09,0.0155959960402984,0.0823229782820755,0.273755889564326,0.441165932639289
1.20583537971805,0.00326455807567342,9.92486595767709e-09,0.0159427494919399,0.082679183951257,0.274346025853875,0.441703646570795
1.20719872669395,0.00339521074864153,9.87875657033524e-09,0.0163011318559211,0.0830376364985327,0.274937831018469,0.442242084420297
1.20856207366985,0.00353201572163935,9.8329677637535e-09,0.016671665945002,0.0833983542312928,0.275531310180522,0.44278124668638
1.20992542064575,0.00367531363730177,9.78749657297231e-09,0.0170549041057823,0.0837613556366204,0.276126468474483,0.443321133864269
1.21128876762165,0.00382546719475566,9.74234006723066e-09,0.0174514302306151,0.0841266593833131,0.276723311046801,0.4438617464458
1.21265211459754,0.00398286280445632,9.69749534949374e-09,0.0178618619301484,0.0844942843239301,0.277321843055892,0.44440308491939
1.21401546157344,0.00414791238440479,9.65295955598831e-09,0.0182868528812123,0.0848642494968645,0.277922069672097,0.444945149770015
1.21537880854934,0.00432105531248748,9.60872985574551e-09,0.0187270953662887,0.0852365741284407,0.278523996077649,0.445487941479178
1.21674215552524,0.00450276055081647,9.56480345015091e-09,0.0191833230225013,0.0856112776350388,0.279127627466628,0.446031460524883
1.21810550250114,0.00469352895714523,9.52117757250187e-09,0.0196563138199559,0.0859883796252437,0.279732969044927,0.446575707381608
1.21946884947704,0.00489389580420919,9.47784948757181e-09,0.020146893291382,0.0863678999020229,0.280340026030203,0.447120682520276
1.22083219645293,0.00510443352742287,9.43481649118151e-09,0.0206559380373939,0.0867498584649292,0.28094880365184,0.447666386408225
1.22219554342883,0.00532575472335375,9.39207590977716e-09,0.0211843795343479,0.087134275512332,0.281559307150905,0.448212819509184
1.22355889040473,0.00555851542642141,9.34962510001508e-09,0.0217332082747476,0.0875211714436759,0.282171541780099,0.448759982283242
1.22492223738063,0.00580341869293537,9.30746144835303e-09,0.0223034782734942,0.0879105668617672,0.282785512803715,0.449307875186821
1.22628558435653,0.00606121852315452,9.26558237064793e-09,0.0228963119770368,0.0883024825750886,0.283401225497588,0.449856498672642
1.22764893133242,0.00633272416011878,9.22398531175989e-09,0.0235129056167099,0.0886969396001438,0.284018685149047,0.450405853189707
1.22882377711749,0.0065783481738403,9.18836390089799e-09,0.0240642802201108,0.0890389123806647,0.284552178037155,0.450879838748886
1.22895719939901,0.00660695308793471,9.18433157960051e-09,0.0241281111321311,0.0890778697207672,0.284612847003301,0.450933701649191
1.22901227830832,0.00661880480540377,9.18266774516246e-09,0.0241545350523113,0.0890939591638289,0.284637897056868,0.450955939183259
1.22909062168053,0.00663570611004834,9.18030191210214e-09,0.0241921942460948,0.0891168517999476,0.284673532800156,0.45098757155914
1.22922404396205,0.00666460814808082,9.17627489607464e-09,0.0242565308810714,0.0891558586384027,0.284734235432702,0.451041448479146
1.22935746624357,0.0066936601167252,9.17225052919237e-09,0.0243211223646894,0.0891948902563492,0.284794954905922,0.451095332409619
1.22949088852509,0.00672286293726329,9.16822880913219e-09,0.024385970033202,0.0892339466740234,0.284855691224802,0.451149223350972
1.22962431080661,0.0067522175374583,9.16420973357353e-09,0.0244510752315541,0.0892730279116814,0.284916444394326,0.451203121303614
1.22975773308813,0.00678172485163489,9.16019330019835e-09,0.0245164393134494,0.0893121339895994,0.284977214419482,0.451257026267956
1.22989115536966,0.00681138582135014,9.15617950669118e-09,0.0245820636414183,0.0893512649280731,0.285038001305258,0.45131093824441
1.23002457765118,0.00684120139451255,9.15216835073904e-09,0.0246479495868867,0.0893904207474182,0.285098805056641,0.451364857233384
1.2301579999327,0.00687117252583113,9.14815983003152e-09,0.0247140985302447,0.0894296014679703,0.285159625678621,0.451418783235287
1.23029142221422,0.00690130017724618,9.14415394226073e-09,0.0247805118609167,0.089468807110085,0.285220463176191,0.45147271625053
1.23037562528422,0.00692039479599181,9.14162717255902e-09,0.0248225621573555,0.0894935627058358,0.285258866531218,0.451506757094759
1.23042484449574,0.00693158531759464,9.14015068512128e-09,0.0248471909774315,0.0895080376941376,0.28528131755434,0.451526656279522
1.23055826677726,0.00696202892250144,9.13615005631035e-09,0.0249141372874933,0.0895472932405235,0.285342188818063,0.451580603322669
1.23069168905878,0.00699263197488853,9.13215205352759e-09,0.0249813522080538,0.0895865737696581,0.285403076972353,0.451634557380381
1.2308251113403,0.00702339546472974,9.12815667447521e-09,0.025048837165384,0.0896258793019768,0.285463982022204,0.451688518453065
1.23095853362182,0.0070543203894909,9.12416391685789e-09,0.0251165935951472,0.0896652098579349,0.285524903972614,0.451742486541129
1.23109195590334,0.00708540775334868,9.12017377838286e-09,0.0251846229424726,0.0897045654580079,0.285585842828579,0.451796461644979
1.23122537818487,0.00711665856801341,9.11618625675983e-09,0.0252529266620301,0.0897439461226911,0.285646798595097,0.451850443765023
1.23135880046639,0.00714807385307501,9.11220134970102e-09,0.0253215062181044,0.0897833518725003,0.285707771277167,0.451904432901667
1.23149222274791,0.00717965463484462,9.10821905492115e-09,0.0253903630846712,0.0898227827279711,0.285768760879789,0.451958429055317
1.23162564502943,0.00721140194744965,9.10423937013745e-09,0.0254594987454733,0.0898622387096592,0.285829767407965,0.452012432226377
1.23173897226012,0.00723849929528301,9.10086112350508e-09,0.0255184418035157,0.0898957718810839,0.285881598893609,0.452058307361855
1.23175906731095,0.00724331683287796,9.10026229306961e-09,0.0255289146940977,0.0899017198381407,0.285890790866696,0.452066442415254
1.23189248959247,0.00727540034033759,9.09628782143983e-09,0.0255986124340534,0.0899412261340117,0.285951831260986,0.452120459622353
1.23202591187399,0.00730765352677462,9.09231595297281e-09,0.0256685934788495,0.0899807576178885,0.286012888595839,0.452174483848078
1.23215933415551,0.00734007745706866,9.08834668539571e-09,0.0257388593520745,0.0900203143104077,0.286073962876261,0.452228515092833
1.23229275643703,0.0073726732040556,9.08438001643819e-09,0.0258094115874764,0.0900598962322261,0.286135054107256,0.452282553357022
1.23242617871856,0.00740544184804532,9.08041594383235e-09,0.025880251729043,0.0900995034040208,0.286196162293834,0.452336598641049
1.23255960100008,0.00743838447781323,9.07645446531282e-09,0.0259513813310831,0.0901391358464891,0.286257287441002,0.452390650945316
1.2326930232816,0.00747150218965987,9.07249557861664e-09,0.026022801958309,0.0901787935803487,0.28631842955377,0.452444710270227
1.23282644556312,0.00750479608848915,9.06853928148337e-09,0.0260945151859191,0.0902184766263377,0.286379588637147,0.452498776616184
1.23295986784464,0.0075382672870357,9.06458557165499e-09,0.0261665225996815,0.0902581850052144,0.286440764696146,0.452552849983589
1.23309329012616,0.0075719169062725,9.06063444687598e-09,0.0262388257960182,0.0902979187377575,0.286501957735779,0.452606930372843
1.23310231923602,0.00757420055683995,9.0603671550365e-09,0.0262437295086404,0.0903006085621822,0.286506099476839,0.452610590418356
1.23322671240768,0.00760574607579089,9.05668590489325e-09,0.0263114263820907,0.0903376778447662,0.286563167761059,0.452661017784348
1.2333601346892,0.00763975593341919,9.05273994345617e-09,0.0263843259758853,0.09037746234706,0.286624394777001,0.452715112218506
1.23349355697072,0.00767394762505748,9.04879656031657e-09,0.0264575262063005,0.0904172722654791,0.286685638788621,0.452769213675716
1.23362697925224,0.00770832230584554,9.04485575322871e-09,0.0265310287132338,0.0904571076208838,0.286746899800934,0.452823322156379
1.23376040153377,0.00774288113906441,9.04091751994931e-09,0.0266048351476709,0.0904969684341552,0.286808177818959,0.452877437660895
1.23389382381529,0.00777762529658541,9.03698185823753e-09,0.0266789471717739,0.0905368547261949,0.286869472847715,0.452931560189663
1.23402724609681,0.00781255595937243,9.03304876585497e-09,0.0267533664589719,0.0905767665179247,0.28693078489222,0.452985689743083
1.23416066837833,0.00784767431706322,9.02911824056565e-09,0.026828094694052,0.0906167038302873,0.286992113957495,0.453039826321554
1.23429409065985,0.00788298156818892,9.02519028013603e-09,0.0269031335732502,0.0906566666842461,0.287053460048563,0.453093969925473
1.23442751294137,0.00791847892002912,9.02126488233501e-09,0.0269784848043446,0.0906966551007847,0.287114823170445,0.453148120555239
1.23446566621191,0.00792866482216425,9.02014285130351e-09,0.0270000898205262,0.0907080948419227,0.287132373624941,0.453163606694195
1.23456093522289,0.00795416758938756,9.0173420449339e-09,0.0270541501067484,0.0907366691009076,0.287176203328166,0.45320227821125
1.23469435750441,0.00799004880206939,9.01342176570643e-09,0.0271301312116045,0.0907767087056398,0.287237600526751,0.453256442893904
1.23482777978593,0.00802612379280318,9.00950404242878e-09,0.0272064298618803,0.0908167739360272,0.287299014771224,0.453310614603596
1.23496120206745,0.00806239380566896,9.0055888728795e-09,0.0272830478124639,0.0908568648131363,0.287360446066613,0.453364793340724
1.23509462434898,0.00809886009466369,9.00167625483959e-09,0.027359986830261,0.0908969813580541,0.287421894417945,0.453418979105685
1.2352280466305,0.00813552392261147,8.99776618609244e-09,0.0274372486942928,0.0909371235918888,0.28748335983025,0.453473171898874
1.23536146891202,0.00817238656189686,8.99385866442385e-09,0.0275148351957947,0.0909772915357689,0.287544842308558,0.453527371720687
1.23549489119354,0.00820944929515789,8.98995368762203e-09,0.0275927481383159,0.091017485210844,0.287606341857898,0.453581578571518
1.23562831347506,0.00824671341411357,8.98605125347759e-09,0.0276709893378203,0.0910577046382844,0.287667858483303,0.453635792451764
1.23576173575658,0.00828418022044635,8.98215135978353e-09,0.0277495606227878,0.0910979498392814,0.287729392189806,0.453690013361818
1.23582901318781,0.00830314993053076,8.98018582321036e-09,0.0277893055174539,0.0911182530358036,0.287760426693123,0.453717356615409
1.2358951580381,0.00832185102578169,8.97825400433524e-09,0.0278284638343169,0.0911382208350468,0.287790942982441,0.453744241302074
1.23602858031962,0.00835972715160778,8.97435918493052e-09,0.0279077008262285,0.0911785176468136,0.287852510866242,0.453798476272927
1.23616200260114,0.0083978099298685,8.97046689936954e-09,0.0279872734651699,0.0912188402958358,0.287914095846246,0.453852718274769
1.23629542488266,0.00843610070187481,8.96657714545485e-09,0.0280671836307207,0.0912591888033879,0.287975697927489,0.453906967307994
1.23642884716419,0.00847460081980222,8.96268992099141e-09,0.0281474332154991,0.0912995631907658,0.28803731711501,0.453961223372995
1.23656226944571,0.00851331164608966,8.95880522378654e-09,0.0282280241252694,0.0913399634792862,0.288098953413847,0.454015486470163
1.23669569172723,0.00855223455329068,8.95492305164992e-09,0.0283089582790504,0.0913803896902867,0.28816060682904,0.454069756599891
1.23682911400875,0.00859137092453329,8.95104340239363e-09,0.0283902376092253,0.0914208418451261,0.288222277365631,0.454124033762571
1.23696253629027,0.0086307221538543,8.94716627383211e-09,0.0284718640616521,0.0914613199651842,0.288283965028661,0.454178317958593
1.23709595857179,0.00867028964590492,8.94329166378216e-09,0.0285538395957751,0.0915018240718618,0.288345669823174,0.454232609188348
1.23719236016371,0.00869901371981291,8.94049370806057e-09,0.0286132877165362,0.0915311056845857,0.288390264047716,0.454271840604102
1.23722938085331,0.00871007481551226,8.93941957006294e-09,0.0286361661847378,0.0915423541865809,0.288407391754212,0.454286907452227
1.23736280313483,0.00875007908902161,8.935549990496e-09,0.0287188458154966,0.0915829103307845,0.288469130826822,0.454341212750621
1.23749622541635,0.00879030390393204,8.93168292290519e-09,0.0288018804889361,0.0916234925259369,0.28853088704605,0.454395525083918
1.23762964769787,0.00883075070798256,8.92781836511678e-09,0.0288852722199845,0.0916641007935236,0.288592660416942,0.454449844452508
1.2377630699794,0.00887142096080563,8.92395631495934e-09,0.028969023037731,0.091704735155051,0.288654450944546,0.454504170856781
1.23789649226092,0.00891231613306702,8.9200967702638e-09,0.0290531349855439,0.091745395632047,0.288716258633912,0.454558504297125
1.23802991454244,0.00895343770698897,8.91623972886346e-09,0.0291376101211904,0.0917860822460606,0.28877808349009,0.454612844773927
1.23816333682396,0.00899478717573516,8.91238518859394e-09,0.0292224505169565,0.0918267950186622,0.28883992551813,0.454667192287578
1.23829675910548,0.00903636604433602,8.9085331472932e-09,0.0293076582597693,0.0918675339714434,0.288901784723086,0.454721546838462
1.238430181387,0.00907817583010488,8.90468360280152e-09,0.0293932354513193,0.0919082991260169,0.288963661110009,0.454775908426969
1.23855570713961,0.00911772331431142,8.90106416920766e-09,0.0294740869923306,0.0919466755568782,0.289021891066112,0.454827059078416
1.23856360366852,0.00912021806124209,8.90083655296156e-09,0.0294791842081849,0.0919490905040172,0.289025554683954,0.454830277053484
1.23869702595004,0.00916249427815233,8.89699199561825e-09,0.0295655066619577,0.0919899081270998,0.289087465449976,0.454884652718395
1.23883044823156,0.0092050060336449,8.8931499286189e-09,0.0296522049593684,0.0920307520169416,0.289149393413131,0.454939035422087
1.23896387051308,0.00924775489200918,8.88931034981311e-09,0.0297392812624151,0.0920716221952412,0.289211338578476,0.454993425164946
1.23909729279461,0.00929074243008748,8.88547325705281e-09,0.0298267377484922,0.0921125186837183,0.28927330095107,0.455047821947357
1.23923071507613,0.00933397023692097,8.88163864819224e-09,0.0299145766105202,0.0921534415041142,0.289335280535972,0.455102225769706
1.23936413735765,0.00937743991431436,8.87780652108798e-09,0.0300028000570776,0.0921943906781917,0.28939727733824,0.455156636632377
1.23949755963917,0.00942115307594007,8.87397687359889e-09,0.0300914103125334,0.092235366227735,0.289459291362938,0.455211054535754
1.23963098192069,0.00946511134891123,8.87014970358616e-09,0.0301804096171813,0.09227636817455,0.289521322615126,0.455265479480221
1.23976440420221,0.00950931637274586,8.86632500891327e-09,0.0302698002273752,0.092317396540464,0.289583371099868,0.455319911466161
1.23989782648373,0.00955376979979485,8.86250278744602e-09,0.0303595844156654,0.0923584513473259,0.289645436822228,0.455374350493958
1.23991905411551,0.00956086540370246,8.86189489571122e-09,0.0303739056211704,0.0923649856517593,0.289655313136705,0.455383012452507
1.24003124876525,0.00959847329564111,8.85868303705249e-09,0.0304497644709372,0.0923995326170062,0.289707519787272,0.455428796563995
1.24016467104677,0.00964342853842916,8.85486575560307e-09,0.0305403426985501,0.0924406403713972,0.289769620000064,0.455483249676654
1.24029809332829,0.00968863722062024,8.85105094097045e-09,0.0306313214204784,0.0924817746324125,0.289831737465673,0.455537709832316
1.24043151560982,0.00973410104694284,8.84723859102959e-09,0.0307227029754537,0.0925229354219878,0.289893872189166,0.455592177031364
1.24056493789134,0.00977982173634916,8.84342870365776e-09,0.030814489719108,0.0925641227620801,0.289956024175612,0.455646651274179
1.24069836017286,0.00982580102111423,8.8396212767345e-09,0.0309066840241191,0.0926053366746682,0.290018193430082,0.455701132561142
1.24083178245438,0.00987204064740542,8.83581630814162e-09,0.0309992882803571,0.0926465771817531,0.290080379957647,0.455755620892633
1.2409652047359,0.00991854237496817,8.83201379576325e-09,0.0310923048950317,0.0926878443053569,0.290142583763378,0.455810116269032
1.24109862701742,0.00996530797768195,8.82821373748575e-09,0.0311857362928417,0.092729138067524,0.290204804852349,0.455864618690719
1.24123204929894,0.0100123392438108,8.82441613119778e-09,0.0312795849161264,0.0927704584903203,0.290267043229634,0.455919128158074
1.24128240109141,0.0100301576349681,8.82298360199836e-09,0.0313151110814817,0.0927860592014267,0.290290535658829,0.455939701136507
1.24136547158046,0.0100596379754369,8.82062097479027e-09,0.0313738532250172,0.0928118055958337,0.290329298900308,0.455973644671476
1.24149889386198,0.0101072059893155,8.81682826615641e-09,0.0314685436975917,0.0928531794061739,0.290391571869447,0.456028168231303
1.2416323161435,0.0101550451169395,8.81303800319164e-09,0.0315636588300291,0.0928945799434727,0.290453862142128,0.456082698837933
1.24176573842503,0.010203157203907,8.80925018379369e-09,0.0316592011367671,0.0929360072298835,0.290516169723428,0.456137236491745
1.24189916070655,0.0102515441107902,8.80546480586254e-09,0.0317551731506602,0.0929774612875818,0.290578494618428,0.456191781193116
1.24203258298807,0.0103002077130914,8.80168186730041e-09,0.0318515774231399,0.0930189421387651,0.290640836832207,0.456246332942423
1.24216600526959,0.010349149901906,8.79790136601178e-09,0.0319484165243767,0.0930604498056529,0.290703196369846,0.456300891740043
1.24229942755111,0.0103983725826883,8.79412329990339e-09,0.0320456930434425,0.0931019843104865,0.290765573236427,0.456355457586352
1.24243284983263,0.0104478776766115,8.79034766688422e-09,0.0321434095884764,0.0931435456755296,0.290827967437033,0.456410030481727
1.24256627211415,0.0104976671205835,8.78657446486549e-09,0.032241568786851,0.0931851339230677,0.290890378976748,0.456464610426542
1.2426457480673,0.0105274612508769,8.78432802753021e-09,0.0323002509572863,0.0932099196738841,0.290927564042696,0.456497125536499
1.24269969439567,0.0105477428669215,8.78280369176066e-09,0.0323401732853404,0.0932267490754085,0.290952807860657,0.456519197421174
1.24283311667719,0.0105981068834601,8.77903534548544e-09,0.0324392257502904,0.0932683911548818,0.291015254093845,0.456573791465998
1.24296653895872,0.0106487611541459,8.77526942395777e-09,0.0325387288677902,0.0933100601838394,0.291077717681401,0.456628392561386
1.24309996124024,0.0106997076793746,8.7715059250978e-09,0.0326386853438458,0.0933517561846555,0.291140198628411,0.456683000707715
1.24323338352176,0.0107509484754296,8.76774484682796e-09,0.0327390979045549,0.0933934791797263,0.291202696939965,0.456737615905358
1.24336680580328,0.0108024855747041,8.76398618707285e-09,0.0328399692962842,0.0934352291914704,0.291265212621152,0.456792238154687
1.2435002280848,0.0108543210265946,8.76022994375934e-09,0.0329413022858478,0.0934770062423285,0.291327745677063,0.456846867456077
1.24363365036632,0.0109064568972548,8.75647611481648e-09,0.033043099660688,0.0935188103547636,0.291390296112791,0.456901503809899
1.24376707264784,0.0109588952690075,8.75272469817557e-09,0.0331453642290574,0.0935606415512609,0.291452863933428,0.456956147216526
1.24390049492936,0.0110116382415979,8.74897569177012e-09,0.0332480988202036,0.0936024998543281,0.291515449144067,0.45701079767633
1.2440090950432,0.0110547951332272,8.74592593647365e-09,0.0333320694114352,0.0936365907756578,0.291566403709332,0.457055286054483
1.24403391721088,0.0110646879321946,8.74522909353584e-09,0.0333513062845548,0.0936443852864952,0.291578051749804,0.457065455189683
1.2441673394924,0.0111180464751976,8.74148490141066e-09,0.0334549894939078,0.0936862978703143,0.291640671755734,0.457120119756954
1.24430076177393,0.0111717160217625,8.7377431133347e-09,0.0335591513416189,0.0937282376283603,0.291703309166955,0.457174791378516
1.24443418405545,0.0112256987417604,8.73400372725031e-09,0.0336637947427942,0.0937702045832303,0.291765963988563,0.457229470054738
1.24456760633697,0.011279996822272,8.73026674110201e-09,0.0337689226344848,0.0938121987575439,0.291828636225658,0.457284155785991
1.24470102861849,0.0113346124682838,8.72653215283656e-09,0.0338745379758818,0.093854220173943,0.291891325883339,0.457338848572644
1.24483445090001,0.0113895479031714,8.72279996040287e-09,0.0339806437485147,0.0938962688550921,0.291954032966706,0.457393548415067
1.24496787318153,0.0114448053688295,8.71907016175208e-09,0.0340872429564509,0.0939383448236784,0.292016757480863,0.457448255313627
1.24510129546305,0.0115003871257194,8.71534275483749e-09,0.0341943386264976,0.0939804481024114,0.29207949943091,0.457502969268694
1.24523471774457,0.0115562954518711,8.71161773761461e-09,0.0343019338084063,0.0940225787140232,0.292142258821952,0.457557690280636
1.24536814002609,0.0116125326457417,8.70789510804111e-09,0.0344100315750785,0.0940647366812685,0.292205035659094,0.45761241834982
1.2453724420191,0.011614351425321,8.70777511737797e-09,0.0344135254172953,0.0940660964545505,0.292207060090511,0.45761418308835
1.24550156230761,0.0116691010241005,8.70417486407687e-09,0.0345186350227738,0.0941069220269248,0.29226782994744,0.457667153476613
1.24563498458914,0.0117260029227535,8.70045700368393e-09,0.034627747271321,0.0941491347737921,0.292330641692097,0.457721895661383
1.24576840687066,0.0117832406970806,8.69674152482651e-09,0.0347373714643299,0.0941913749446929,0.292393470898173,0.457776644904497
1.24590182915218,0.0118408167225096,8.69302842547101e-09,0.0348475107694066,0.0942336425624727,0.292456317570777,0.457831401206319
1.2460352514337,0.0118987333934379,8.68931770358597e-09,0.0349581683783704,0.0942759376499995,0.292519181715017,0.457886164567217
1.24616867371522,0.0119569931248003,8.68560935714215e-09,0.035069347507473,0.0943182602301643,0.292582063336004,0.457940934987555
1.24630209599674,0.0120155983517074,8.68190338411242e-09,0.0351810513976202,0.0943606103258805,0.29264496243885,0.457995712467698
1.24643551827826,0.0120745515295987,8.67819978247185e-09,0.0352932833145958,0.0944029879600846,0.292707879028666,0.458050497008011
1.24656894055978,0.0121338551339245,8.67449855019765e-09,0.0354060465492877,0.0944453931557359,0.292770813110566,0.458105288608859
1.2467023628413,0.0121935116618418,8.6707996852692e-09,0.0355193444179163,0.0944878259358163,0.292833764689665,0.458160087270605
1.246735788995,0.0122085129331567,8.66987338285655e-09,0.0355478129630198,0.0944984609024263,0.292849538628689,0.458173817031846
1.24683578512282,0.0122535236307091,8.66710318566803e-09,0.035633180262266,0.0945302863233309,0.292896733771077,0.458214892993612
1.24696920740435,0.0123138935796472,8.66340904937779e-09,0.0357475574499183,0.0945727743413074,0.29295972035992,0.458269705778244
1.24710262968587,0.012374624068434,8.65971727438434e-09,0.0358624793744875,0.0946152900127968,0.293022724461309,0.458324525624864
1.24723605196739,0.0124357176790079,8.65602785867562e-09,0.0359779494558594,0.0946578333608726,0.293085746080363,0.458379352533833
1.24736947424891,0.0124971770152878,8.65234080024177e-09,0.0360939711404317,0.0947004044086316,0.293148785222202,0.458434186505513
1.24750289653043,0.0125590047021478,8.64865609707502e-09,0.0362105479013578,0.0947430031791936,0.293211841891944,0.458489027540267
1.24763631881195,0.0126212033877466,8.64497374716977e-09,0.0363276832387924,0.0947856296957011,0.293274916094712,0.458543875638455
1.24776974109347,0.0126837757425109,8.64129374852254e-09,0.0364453806801407,0.0948282839813201,0.293338007835628,0.458598730800438
1.24790316337499,0.0127467244592474,8.63761609913199e-09,0.0365636437803084,0.0948709660592394,0.293401117119814,0.458653593026576
1.24803658565651,0.012810052253188,8.63394079699889e-09,0.0366824761219567,0.0949136759526711,0.293464243952394,0.45870846231723
1.2480991359709,0.0128398725400069,8.63221856927321e-09,0.0367383834717403,0.0949337085580328,0.293493844776936,0.458734188274546
1.24817000793803,0.0128737618638111,8.63026784012617e-09,0.036801881315758,0.0949564136848501,0.293527388338493,0.458763338672758
1.24830343021956,0.0129378560530789,8.62659722651886e-09,0.0369218630006558,0.0949991792790349,0.293590550283237,0.458818222093521
1.24843685250108,0.0130023376066481,8.62292895418411e-09,0.0370424248441261,0.0950419727585067,0.293653729791753,0.458873112579877
1.2485702747826,0.0130672093340677,8.61926302113119e-09,0.0371635705424429,0.0950847941465705,0.293716926869168,0.458928010132184
1.24870369706412,0.0131324740692534,8.6155994253715e-09,0.0372853038209451,0.095127643466554,0.293780141520612,0.458982914750801
1.24883711934564,0.0131981346699726,8.61193816491853e-09,0.0374076284343074,0.0951705207418083,0.293843373751214,0.459037826436085
1.24897054162716,0.0132641940183963,8.6082792377879e-09,0.0375305481668137,0.0952134259957081,0.293906623566104,0.459092745188393
1.24910396390868,0.0133306550213842,8.60462264199732e-09,0.037654066832633,0.0952563592516511,0.293969890970415,0.459147671008082
1.2492373861902,0.0133975206115537,8.60096837556661e-09,0.0377781882760992,0.0952993205330583,0.294033175969278,0.45920260389551
1.24937080847172,0.0134647937459036,8.59731643651771e-09,0.037902916371993,0.0953423098633744,0.294096478567827,0.45925754385103
1.24946248294679,0.0135112548912297,8.59480853643353e-09,0.0379889707145835,0.0953718641098568,0.294139983998864,0.459295297201819
1.24950423075324,0.013532477407641,8.59366682287464e-09,0.0380282550258273,0.0953853272660672,0.294159798771198,0.459312490875001
1.24963765303477,0.0136005746050331,8.59001953266351e-09,0.0381542081741354,0.095428372764628,0.294223136584524,0.459367444967776
1.24977107531629,0.0136690883728959,8.58637456391255e-09,0.0382807797847627,0.0954714463825715,0.294286492012943,0.459422406129711
1.24990449759781,0.0137380217719367,8.58273191465205e-09,0.0384079738571612,0.0955145481434361,0.294349865061592,0.45947737436116
1.25003791987933,0.0138073778895459,8.57909158291442e-09,0.0385357944226874,0.0955576780707834,0.294413255735609,0.459532349662478
1.25017134216085,0.0138771598400601,8.57545356673413e-09,0.038664245544903,0.0956008361881988,0.294476664040133,0.459587332034018
1.25030476444237,0.0139473707647163,8.57181786414774e-09,0.0387933313198795,0.0956440225192911,0.294540089980305,0.459642321476133
1.25043818672389,0.0140180138318357,8.56818447319391e-09,0.0389230558765055,0.0956872370876926,0.294603533561266,0.459697317989177
1.25057160900541,0.0140890922379334,8.56455339191335e-09,0.0390534233767981,0.0957304799170594,0.294666994788157,0.459752321573501
1.25070503128693,0.0141606092072597,8.56092461834886e-09,0.0391844380162164,0.0957737510310711,0.294730473666122,0.459807332229459
1.25082582992269,0.0142257406545571,8.55764116728068e-09,0.0393036185320975,0.0958129524990164,0.294787961768557,0.459857144194801
1.25083845356846,0.0142325679917276,8.55729815054532e-09,0.03931610402398,0.0958170504534311,0.294793970200306,0.459862349957402
1.25097187584998,0.0143049718721783,8.55367398654967e-09,0.0394484256633894,0.0958603782078663,0.294857484395851,0.459917374757681
1.2511052981315,0.014377824158224,8.5500521244109e-09,0.0395814072321518,0.0959037343181275,0.294921016257906,0.459972406630647
1.25123872041302,0.0144511281883262,8.54643256218009e-09,0.0397150530627082,0.0959471188079891,0.294984565791615,0.460027445576652
1.25137214269454,0.014524887329938,8.54281529791039e-09,0.0398493675225655,0.0959905317012494,0.295048133002128,0.460082491596044
1.25150556497606,0.0145991049811882,8.53920032965697e-09,0.0399843550146325,0.0960339730217304,0.295111717894593,0.460137544689174
1.25163898725758,0.0146737845690561,8.53558765547711e-09,0.0401200199775582,0.0960774427932778,0.29517532047416,0.460192604856392
1.2517724095391,0.0147489295513911,8.53197727343009e-09,0.0402563668860757,0.0961209410397615,0.295238940745978,0.460247672098046
1.25190583182062,0.0148245434159919,8.52836918157729e-09,0.0403934002513476,0.096164467785075,0.295302578715201,0.460302746414485
1.25203925410214,0.014900629681929,8.5247633779821e-09,0.0405311246213176,0.0962080230531357,0.295366234386979,0.460357827806057
1.25217267638367,0.0149771919004649,8.52115986070998e-09,0.0406695445810641,0.0962516068678851,0.295429907766467,0.46041291627311
1.25218917689859,0.0149866937001906,8.52071436759591e-09,0.0406867117242622,0.096256998922189,0.295437783570502,0.460419729630358
1.25230609866519,0.0150542336514936,8.51755862782843e-09,0.0408086647531585,0.0962952192532885,0.295493598858819,0.460468011815991
1.25243952094671,0.0151317585498216,8.51395967740698e-09,0.0409484897980278,0.0963388602333353,0.295557307669191,0.460523114435048
1.25257294322823,0.0152097702409248,8.51036300751722e-09,0.0410890244143205,0.0963825298320387,0.295621034202738,0.460578224130627
1.25270636550975,0.0152882724026268,8.50676861623275e-09,0.0412302733392766,0.0964262280734363,0.295684778464618,0.460633340903074
1.25283978779127,0.0153672687457808,8.50317650162923e-09,0.0413722413491027,0.0964699549815895,0.295748540459988,0.460688464752735
1.25297321007279,0.015446763014589,8.49958666178433e-09,0.0415149332593496,0.0965137105805838,0.295812320194009,0.460743595679956
1.25310663235431,0.015526758986687,8.49599909477776e-09,0.0416583539252961,0.0965574948945289,0.295876117671839,0.460798733685082
1.25324005463583,0.0156072604732533,8.49241379869126e-09,0.041802508242335,0.0966013079475587,0.295939932898641,0.460853878768456
1.25337347691735,0.0156882713199884,8.48883077160857e-09,0.0419474011463651,0.096645149763831,0.296003765879575,0.460909030930424
1.25350689919888,0.0157697954069625,8.48525001161548e-09,0.0420930376141867,0.0966890203675282,0.296067616619804,0.46096419017133
1.25355252387449,0.015797791595576,8.48402606570355e-09,0.0421430105207713,0.096704028834575,0.296089454899507,0.460983053881062
1.2536403214804,0.015851836649081,8.48167151679978e-09,0.0422394226639016,0.0967329197828567,0.296131485124493,0.461019356491516
1.25377374376192,0.0159343989965523,8.47809528525128e-09,0.0423865613553179,0.0967768480340471,0.296195371398806,0.461074529891326
1.25390716604344,0.0160174864352332,8.47452131506181e-09,0.0425344587903591,0.0968208051453544,0.296259275447909,0.461129710371103
1.25404058832496,0.0161011029873153,8.47094960432519e-09,0.042683120113478,0.0968647911410579,0.296323197276967,0.461184897931188
1.25417401060648,0.0161852527104787,8.46738015113728e-09,0.0428325505120746,0.0969088060454612,0.296387136891149,0.461240092571924
1.254307432888,0.0162699396998947,8.46381295359593e-09,0.0429827552169195,0.0969528498828922,0.296451094295623,0.461295294293652
1.25444085516952,0.0163551680879095,8.46024800980097e-09,0.0431337395025827,0.0969969226777036,0.296515069495559,0.461350503096713
1.25457427745104,0.0164409420438704,8.45668531785426e-09,0.0432855086878646,0.0970410244542719,0.296579062496126,0.461405718981447
1.25470769973256,0.016527265775438,8.45312487585966e-09,0.0434380681362346,0.0970851552369985,0.296643073302496,0.461460941948196
1.25484112201409,0.0166141435285204,8.449566681923e-09,0.0435914232562738,0.097129315050309,0.29670710191984,0.461516171997298
1.25491587085039,0.0166630598760193,8.4475742121804e-09,0.0436776891028402,0.0971540679528994,0.296742981260634,0.461547117315152
1.25497454429561,0.0167015795876695,8.44601073415213e-09,0.0437455795021222,0.0971735039186538,0.296771148353333,0.461571409129093
1.25510796657713,0.0167895782765457,8.44245703065686e-09,0.0439005423739315,0.0972177218665076,0.296835212608147,0.46162665334392
1.25524138885865,0.0168781439584366,8.43890556954903e-09,0.0440563174183228,0.0972619689183697,0.296899294689459,0.461681904642119
1.25537481114017,0.0169672810366201,8.43535634894243e-09,0.04421291022885,0.0973062450987641,0.296963394602443,0.461737163024026
1.25550823342169,0.0170569939547178,8.43180936695283e-09,0.0443703264464675,0.0973505504322393,0.297027512352276,0.46179242848998
1.25564165570321,0.0171472871966633,8.42826462169802e-09,0.0445285717600043,0.0973948849433685,0.297091647944136,0.461847701040318
1.25577507798473,0.017238165289024,8.42472211129772e-09,0.044687651906643,0.0974392486567495,0.297155801383202,0.461902980675378
1.25590850026625,0.0173296327982418,8.42118183387366e-09,0.0448475726724042,0.0974836415970049,0.297219972674653,0.461958267395495
1.25604192254777,0.01742169433415,8.41764378754953e-09,0.0450083398926364,0.097528063788782,0.297284161823669,0.462013561201007
1.2561753448293,0.0175143545485806,8.41410797045098e-09,0.0451699594525122,0.0975725152567528,0.297348368835432,0.462068862092248
1.25627921782628,0.0175869106150675,8.41135677956961e-09,0.0452963787167623,0.0976071422584504,0.297398368169113,0.462111920296509
1.25630876711082,0.0176076181371495,8.41057438070565e-09,0.0453324372875294,0.0976169960256141,0.297412593715125,0.462124170069555
1.25644218939234,0.0177014898376499,8.40704301644312e-09,0.0454957793840182,0.0976615061200876,0.29747683646793,0.462179485133262
1.25657561167386,0.0177959744329465,8.40351387579497e-09,0.045659991779654,0.0977060455649198,0.297541097099031,0.462234807283704
1.25670903395538,0.0178910767500372,8.39998695689469e-09,0.0458250805639767,0.097750614384882,0.297605375613614,0.462290136521214
1.2568424562369,0.0179868016607326,8.39646225787777e-09,0.0459910518789155,0.0977952126047704,0.297669672016864,0.462345472846128
1.25697587851842,0.0180831540821283,8.39293977688164e-09,0.0461579119193198,0.0978398402494063,0.297733986313969,0.462400816258777
1.25710930079994,0.0181801389771882,8.38941951204568e-09,0.0463256669334962,0.0978844973436357,0.297798318510115,0.462456166759496
1.25724272308146,0.0182777613554807,8.38590146151123e-09,0.0464943232237522,0.0979291839123297,0.297862668610493,0.462511524348616
1.25737614536298,0.0183760262731769,8.38238562342157e-09,0.0466638871469456,0.0979738999803845,0.297927036620291,0.46256688902647
1.25750956764451,0.0184749388342627,8.37887199592192e-09,0.0468343651150406,0.0980186455727212,0.297991422544699,0.46262226079339
1.25764256480218,0.0185741859027014,8.37537176209865e-09,0.0470052159994172,0.0980632780001559,0.298055621150271,0.46267746318462
1.25764298992603,0.0185745041899685,8.37536057715946e-09,0.0470057635956704,0.098063420714286,0.29805582638891,0.462677639649706
1.25777641220755,0.0186747275405146,8.37185136528331e-09,0.0471780891127059,0.0981082254300502,0.298120248158116,0.46273302559575
1.25790983448907,0.018775614134893,8.3683443584445e-09,0.0473513482468326,0.0981530597450104,0.29818468785751,0.462788418631852
1.25804325677059,0.018877169270841,8.36483955479603e-09,0.0475255476361314,0.098197923684188,0.298249145492285,0.462843818758343
1.25817667905211,0.0189793982976387,8.36133695249282e-09,0.0477006939766689,0.0982428172726298,0.298313621067638,0.462899225975551
1.25831010133363,0.0190823066132382,8.35783654969171e-09,0.0478767940230933,0.0982877405354079,0.298378114588764,0.462954640283807
1.25844352361515,0.0191858996679813,8.35433834455149e-09,0.0480538545892376,0.0983326934976195,0.29844262606086,0.463010061683439
1.25857694589667,0.0192901829640873,8.35084233523287e-09,0.0482318825487296,0.0983776761843869,0.298507155489124,0.463065490174775
1.25871036817819,0.0193951620545668,8.34734851989847e-09,0.0484108848356097,0.0984226886208581,0.298571702878755,0.463120925758144
1.25884379045972,0.0195008425469676,8.34385689671284e-09,0.0485908684449554,0.0984677308322061,0.298636268234951,0.463176368433873
1.25897721274124,0.019607230100498,8.34036746384245e-09,0.0487718404335133,0.0985128028436293,0.298700851562914,0.46323181820229
1.25900591177808,0.0196302069385612,8.33961717540169e-09,0.048810897228752,0.0985225016976975,0.298714745739448,0.463243746334545
1.25911063502276,0.0197143304296299,8.3368802194557e-09,0.0489538079203385,0.0985579046803516,0.298765452867846,0.463287275063721
1.25924405730428,0.0198221493032592,8.33339516172288e-09,0.049136778087442,0.0986030363676223,0.298830072154947,0.463342739018493
1.2593774795858,0.0199306925435571,8.3299122888162e-09,0.0493207581804451,0.0986481979307161,0.298894709429423,0.463398210066932
1.25951090186732,0.020039966031808,8.32643159890978e-09,0.0495057555092421,0.098693389394933,0.298959364696475,0.463453688209362
1.25964432414884,0.0201499757029358,8.32295309017967e-09,0.0496917774486706,0.0987386107855988,0.299024037961311,0.46350917344611
1.25977774643036,0.0202607275499393,8.31947676080378e-09,0.0498788314391896,0.0987838621280645,0.299088729229136,0.463564665777501
1.25991116871188,0.0203722276230837,8.31600260896195e-09,0.0500669249875664,0.0988291434477071,0.299153438505156,0.463620165203857
1.26004459099341,0.0204844820314436,8.31253063283592e-09,0.0502560656675704,0.0988744547699287,0.299218165794579,0.463675671725505
1.26017801327493,0.0205974969426513,8.30906083060933e-09,0.0504462611206768,0.0989197961201573,0.299282911102614,0.463731185342766
1.26031143555645,0.0207112785838185,8.3055932004677e-09,0.050637519056777,0.0989651675238465,0.299347674434471,0.463786706055964
1.26036925875398,0.0207608295560039,8.30409105624595e-09,0.0507207393201486,0.098984840144665,0.299375747481914,0.463810770096891
1.26044485783797,0.0208258332426227,8.30212774059844e-09,0.0508298472548992,0.0990105690064755,0.299412455795359,0.463842233865422
1.26057828011949,0.0209411672673919,8.29866444919088e-09,0.0510232535639359,0.0990560005935493,0.299477255190491,0.463897768771461
1.26071170240101,0.0210572870680014,8.29520332443621e-09,0.0512177459033818,0.0991014623105985,0.299542072625077,0.463953310774405
1.26084512468253,0.0211741991167797,8.29174436452752e-09,0.0514133322640791,0.0991469541831796,0.299606908104333,0.464008859874574
1.26097854696405,0.0212919099491317,8.28828756765977e-09,0.0516100207089729,0.0991924762368748,0.29967176163347,0.464064416072289
1.26111196924557,0.0214104261641606,8.28483293202981e-09,0.0518078193738748,0.099238028497292,0.299736633217706,0.464119979367871
1.26124539152709,0.0215297544245586,8.28138045583637e-09,0.0520067364682362,0.0992836109900652,0.299801522862254,0.46417554976164
1.26137881380862,0.0216499014594578,8.27793013728006e-09,0.0522067802759317,0.0993292237408542,0.299866430572332,0.464231127253916
1.26151223609014,0.0217708740632007,8.27448197456334e-09,0.0524079591560496,0.0993748667753447,0.299931356353157,0.464286711845018
1.26164565837166,0.0218926790963098,8.27103596589057e-09,0.0526102815436943,0.0994205401192482,0.299996300209948,0.464342303535265
1.26173260572988,0.0219725071209832,8.26879146226224e-09,0.0527427485150656,0.0994503204117482,0.300038631932788,0.464378534817772
1.26177908065318,0.0220153234874275,8.26759210946797e-09,0.0528137559507979,0.0994662437983022,0.300061262147924,0.464397902324976
1.2619125029347,0.022138814233129,8.26415040350362e-09,0.0530183909669405,0.0995119778382704,0.300126242172306,0.464453508214468
1.26204592521622,0.0222631583992769,8.26071084620747e-09,0.0532241952601821,0.0995577422649423,0.300191240288314,0.46450912120406
1.26217934749774,0.0223883631195423,8.25727343579133e-09,0.0534311775779034,0.0996035371041336,0.300256256501171,0.464564741294069
1.26231276977926,0.0225144356002765,8.25383817046888e-09,0.0536393467476573,0.0996493623816859,0.300321290816099,0.464620368484812
1.26244619206078,0.0226413831188681,8.25040504845564e-09,0.0538487116780307,0.0996952181234672,0.300386343238322,0.464676002776604
1.2625796143423,0.0227692130225899,8.24697406796899e-09,0.0540592813595169,0.0997411043553713,0.300451413773065,0.464731644169762
1.26271303662383,0.0228979327345295,8.24354522722818e-09,0.054271064865399,0.0997870211033185,0.300516502425554,0.464787292664602
1.26284645890535,0.0230275497498352,8.24011852445429e-09,0.0544840713526428,0.099832968393255,0.300581609201014,0.464842948261439
1.26297988118687,0.0231580716392496,8.23669395787026e-09,0.0546983100628027,0.0998789462511534,0.300646734104673,0.464898610960587
1.26309595270578,0.0232723619060746,8.23371647167947e-09,0.054885697854472,0.0999189698499697,0.300703404656949,0.464947040838784
1.26311330346839,0.0232895060472589,8.23327152570086e-09,0.0549137903229366,0.0999249547030126,0.30071187714176,0.464954280762361
1.26324672574991,0.0234218606961361,8.22985122617273e-09,0.0551305215465338,0.0999709937748577,0.300777038317503,0.465009957667075
1.26338014803143,0.0235551433855674,8.22643305751432e-09,0.0553485132344529,0.10001706349274,0.300842217637132,0.465065641675042
1.26351357031295,0.0236893619921966,8.22301701795596e-09,0.0555677749758724,0.100063163882738,0.300907415105878,0.465121332786575
1.26364699259447,0.0238245244718687,8.21960310572977e-09,0.0557883164492524,0.100109294970955,0.300972630728973,0.465177031001988
1.26378041487599,0.0239606388613583,8.21619131906974e-09,0.0560101474233078,0.100155456783521,0.30103786451165,0.465232736321591
1.26391383715751,0.0240977132771034,8.21278165621167e-09,0.0562332777579949,0.100201649346595,0.301103116459141,0.465288448745698
1.26404725943904,0.024235755917959,8.20937411539321e-09,0.0564577174055085,0.100247872686359,0.301168386576682,0.465344168274619
1.26418068172056,0.0243747750645704,8.20596869485382e-09,0.0566834764112927,0.100294126829024,0.301233674869507,0.465399894908665
1.26431410400208,0.0245147790827491,8.20256539283479e-09,0.0569105649150636,0.100340411800826,0.301298981342852,0.465455628648147
1.2644475262836,0.0246557764217979,8.19916420757924e-09,0.0571389931518446,0.100386727628027,0.301364306001955,0.465511369493375
1.26445929968167,0.0246682662329802,8.19886418306306e-09,0.0571592146998146,0.100390816093958,0.301370071228955,0.465516288496965
1.26458094856512,0.0247977756164145,8.19576513733212e-09,0.0573687714530149,0.100433074336919,0.301429648852053,0.465567117444659
1.26471437084664,0.0249407852894542,8.19236818034016e-09,0.0575999102473722,0.100479451953816,0.301495009898385,0.465622872502308
1.26484779312816,0.0250848141500828,8.18897333485194e-09,0.0578324200622049,0.100525860505063,0.301560389146191,0.465678634666631
1.26498121540968,0.0252298709966916,8.18558059911785e-09,0.0580663115243825,0.100572300017028,0.30162578660071,0.465734403937935
1.2651146376912,0.0253759647159666,8.18218997139008e-09,0.0583015953614561,0.100618770516108,0.301691202267185,0.465790180316531
1.26524805997272,0.0255231042875512,8.17880144992265e-09,0.0585382824027746,0.100665272028727,0.301756636150857,0.465845963802723
1.26538148225425,0.0256712987821984,8.17541503297136e-09,0.0587763835806138,0.100711804581333,0.30182208825697,0.465901754396821
1.26551490453577,0.0258205573622439,8.17203071879383e-09,0.0590159099313201,0.100758368200404,0.301887558590766,0.465957552099131
1.26564832681729,0.0259708892858046,8.16864850564949e-09,0.0592568725964688,0.100804962912444,0.301953047157493,0.466013356909958
1.26578174909881,0.0261223039054539,8.16526839179955e-09,0.0594992828240367,0.100851588743982,0.302018553962393,0.466069168829609
1.26582264665757,0.0261689348597059,8.16423271505723e-09,0.0595738797627469,0.100865887065259,0.302038637232948,0.46608627812477
1.26591517138033,0.0262748106693009,8.16189037550705e-09,0.059743151969589,0.100898245721576,0.302084079010715,0.46612498785839
1.26604859366185,0.0264284191233085,8.15851445503679e-09,0.0599884914974823,0.10094493387181,0.302149622307706,0.466180813996604
1.26618201594337,0.0265831389129329,8.15514062865539e-09,0.0602353129820817,0.100991653221295,0.302215183858614,0.466236647244558
1.26631543822489,0.0267389797817065,8.15176889463125e-09,0.0604836281089938,0.101038403796669,0.302280763668687,0.466292487602555
1.26644886050641,0.0268959515744267,8.14839925123456e-09,0.0607334486763155,0.101085185624598,0.302346361743176,0.466348335070898
1.26658228278793,0.0270540642394775,8.1450316967373e-09,0.0609847865958978,0.101131998731774,0.302411978087332,0.466404189649891
1.26671570506946,0.0272133278267836,8.14166622941323e-09,0.0612376538946266,0.101178843144916,0.302477612706407,0.466460051339838
1.26684912735098,0.0273737524914045,8.13830284753791e-09,0.0614920627157194,0.10122571889077,0.302543265605652,0.466515920141039
1.2669825496325,0.0275353484938138,8.13494154938865e-09,0.061748025320038,0.101272625996111,0.302608936790321,0.466571796053799
1.26711597191402,0.0276981262030742,8.13158233324457e-09,0.0620055540874187,0.101319564487738,0.302674626265669,0.466627679078417
1.26718599363347,0.0277840303748076,8.12982020613114e-09,0.0621413393362682,0.101344210975694,0.302709108262569,0.466657010050031
1.26724939419554,0.0278620960950421,8.12822519738655e-09,0.0622646615180189,0.10136653439248,0.302740334036951,0.466683569215195
1.26738281647706,0.0280272687543424,8.12487014009724e-09,0.0625253602336811,0.101413535737192,0.302806060109422,0.466739466464434
1.26751623875858,0.028193654879076,8.12151715966107e-09,0.0627876629793144,0.101460568548756,0.302871804488339,0.466795370826434
1.2676496610401,0.0283612652785765,8.11816625436425e-09,0.0630515826242935,0.101507632854082,0.30293756717896,0.466851282301495
1.26778308332162,0.0285301108747329,8.11481742249472e-09,0.0633171321638758,0.101554728680107,0.303003348186544,0.466907200889917
1.26791650560314,0.0287002027056646,8.11147066234224e-09,0.0635843247206355,0.101601856053795,0.303069147516349,0.466963126591999
1.26804992788467,0.0288715519259712,8.10812597219828e-09,0.06385317354592,0.101649015002139,0.303134965173637,0.467019059408038
1.26818335016619,0.029044169808053,8.10478335035609e-09,0.0641236920213185,0.101696205552157,0.303200801163668,0.467074999338334
1.26831677244771,0.0292180677412734,8.10144279511071e-09,0.0643958936601554,0.101743427730897,0.303266655491703,0.467130946383183
1.26845019472923,0.029393257239391,8.09810430475888e-09,0.0646697921090003,0.101790681565432,0.303332528163006,0.467186900542884
1.26854934060937,0.0295242836331781,8.09562481432871e-09,0.0648744326898248,0.101825816330751,0.303381489920863,0.46722848459593
1.26858361701075,0.0295697499371108,8.09476787759915e-09,0.0649454011491976,0.101837967082864,0.303398419182841,0.467242861817733
1.26871703929227,0.0297475575902501,8.09143351193177e-09,0.0652227346984162,0.101885284310322,0.303464328556471,0.467298830208026
1.26885046157379,0.0299266920831599,8.08810120605878e-09,0.0655018068122193,0.101932633274964,0.303530256289163,0.46735480571406
1.26898388385531,0.030107165424998,8.08477095828396e-09,0.0657826316856542,0.101980014003972,0.303596202386181,0.46741078833613
1.26911730613683,0.0302889897546786,8.08144276691281e-09,0.0660652236548626,0.102027426524561,0.303662166852794,0.467466778074531
1.26925072841835,0.0304721773386877,8.07811663025261e-09,0.0663495971987124,0.102074870863969,0.303728149694269,0.467522774929558
1.26938415069988,0.0306567405767993,8.07479254661236e-09,0.0666357669404501,0.102122347049463,0.303794150915874,0.467578778901505
1.2695175729814,0.0308426920018556,8.0714705143028e-09,0.0669237476493747,0.10216985510834,0.30386017052288,0.467634789990665
1.26965099526292,0.0310300442794346,8.06815053163641e-09,0.067213554242534,0.102217395067921,0.303926208520556,0.467690808197334
1.26978441754444,0.0312188102137982,8.06483259692741e-09,0.0675052017864419,0.102264966955558,0.303992264914173,0.467746833521802
1.26991268758527,0.0314016316232896,8.0616447170221e-09,0.0677873369055108,0.102310731933028,0.304055787820185,0.467800702080963
1.26991783982596,0.0314090027454873,8.06151670849174e-09,0.0677987054988193,0.102312570798629,0.304058339709005,0.467802865964363
1.27005126210748,0.0316006349566824,8.05820286464708e-09,0.0680940807503567,0.102360206624541,0.304124432910323,0.467858905525309
1.270184684389,0.031793720068062,8.05489106371285e-09,0.0683913430665004,0.102407874460728,0.304190544523401,0.467914952204931
1.27031810667052,0.031988271445463,8.05158130401017e-09,0.068690508129262,0.102455574334652,0.304256674553514,0.467971006003521
1.27045152895204,0.0321843026013228,8.04827358386191e-09,0.0689915917790517,0.102503306273804,0.304322823005936,0.46802706692137
1.27058495123357,0.0323818271916582,8.04496790159264e-09,0.0692946100165348,0.102551070305701,0.304388989885946,0.468083134958767
1.27071837351509,0.0325808590217795,8.04166425552866e-09,0.0695995790045139,0.102598866457891,0.304455175198818,0.468139210116003
1.27085179579661,0.0327814120495389,8.03836264399799e-09,0.0699065150698348,0.102646694757946,0.304521378949832,0.468195292393367
1.27098521807813,0.0329835003827079,8.03506306533037e-09,0.0702154347053177,0.10269455523347,0.304587601144266,0.468251381791148
1.27111864035965,0.0331871382857568,8.03176551785724e-09,0.0705263545717141,0.102742447912093,0.304653841787399,0.468307478309635
1.27125206264117,0.0333923401759216,8.02846999991177e-09,0.0708392914996888,0.102790372821474,0.304720100884511,0.468363581949116
1.27127603456116,0.0334293755689039,8.02787811066892e-09,0.0708957317989037,0.102798986885711,0.304732007582107,0.468373662818905
1.27138548492269,0.0335991206314414,8.02517650982881e-09,0.0711542624918303,0.1028383299893,0.304786378440885,0.468419692709878
1.27151890720421,0.0338074943903489,8.02188504594495e-09,0.0714712847246831,0.102886319443285,0.304852674461802,0.468475810592209
1.27165232948573,0.034017476351615,8.01859560659846e-09,0.0717903755508117,0.102934341211173,0.304918988952544,0.468531935596396
1.27178575176725,0.034229081578553,8.01530819012934e-09,0.0721115525008895,0.102982395320735,0.304985321918396,0.468588067722724
1.27191917404878,0.034442325303522,8.01202279487926e-09,0.0724348332858156,0.103030481799772,0.305051673364642,0.468644206971481
1.2720525963303,0.0346572229220912,8.00873941919162e-09,0.07276023579886,0.103078600676112,0.305118043296567,0.468700353342951
1.27218601861182,0.0348737900039255,8.00545806141148e-09,0.0730877781178371,0.103126751977611,0.305184431719457,0.46875650683742
1.27231944089334,0.0350920422920568,8.00217871988564e-09,0.0734174785073078,0.103174935732154,0.3052508386386,0.468812667455172
1.27245286317486,0.0353119957009902,7.99890139296255e-09,0.0737493554208115,0.103223151967655,0.305317264059282,0.468868835196491
1.27258628545638,0.0355336663246757,7.99562607899238e-09,0.074083427503127,0.103271400712055,0.305383707986794,0.468925010061662
1.27263938153706,0.0356223625617812,7.99432321057281e-09,0.0742169879941792,0.103290610596099,0.30541015483732,0.468947367118782
1.2727197077379,0.0357570704367041,7.99235277632697e-09,0.0744197135925643,0.103319681993326,0.305450170426423,0.468981192050966
1.27285313001942,0.0359822244909757,7.98908148331986e-09,0.0747582327232864,0.103367995839465,0.305516651383461,0.469037381164688
1.27298655230094,0.0362091451251764,7.98581219832627e-09,0.0750990041276623,0.103416342278502,0.305583150863198,0.46909357740311
1.27311997458246,0.0364378491638975,7.98254491970309e-09,0.0754420472386512,0.103464721338491,0.305649668870927,0.469149780766513
1.27325339686399,0.0366683536198525,7.97927964580892e-09,0.0757873816922192,0.103513133047518,0.305716205411939,0.46920599125518
1.27338681914551,0.0369006756981878,7.976016375004e-09,0.0761350273297873,0.103561577433696,0.305782760491529,0.46926220886939
1.27352024142703,0.037134832795666,7.97275510565028e-09,0.0764850042007128,0.103610054525167,0.30584933411499,0.469318433609426
1.27365366370855,0.0373708425059693,7.96949583611136e-09,0.0768373325648045,0.103658564350102,0.305915926287618,0.469374665475567
1.27378708599007,0.0376087226224153,7.96623856475254e-09,0.0771920328948703,0.103707106936701,0.305982537014709,0.469430904468093
1.27392050827159,0.0378484911364927,7.96298328994074e-09,0.0775491258793001,0.103755682313192,0.30604916630156,0.469487150587282
1.27400272851296,0.0379971945661756,7.96097825064771e-09,0.0777703817175258,0.103785632779172,0.306090235225532,0.46952181528483
1.27405393055311,0.0380901662460851,7.95973001004461e-09,0.0779086324246829,0.103804290507834,0.306115814153467,0.469543403833415
1.27418735283463,0.0383337663537424,7.95647872343443e-09,0.0782705736584593,0.10385293154891,0.306182480575731,0.469599664206769
1.27432077511615,0.0385793100731199,7.95322942848213e-09,0.0786349709316094,0.103901605464738,0.306249165573648,0.469655931707623
1.27445419739767,0.0388268162251294,7.94998212356135e-09,0.0790018458213773,0.103950312283661,0.30631586915252,0.469712206336254
1.2745876196792,0.0390763038502561,7.94673680704733e-09,0.079371220134032,0.103999052034052,0.306382591317648,0.469768488092939
1.27472104196072,0.0393277922035321,7.94349347731704e-09,0.0797431159076651,0.104047824744312,0.306449332074333,0.469824776977954
1.27485446424224,0.0395813007598769,7.94025213274902e-09,0.0801175554150293,0.104096630442873,0.306516091427877,0.469881072991576
1.27498788652376,0.0398368492168325,7.93701277172354e-09,0.0804945611664088,0.104145469158196,0.306582869383583,0.469937376134081
1.27512130880528,0.0400944574993136,7.93377539262248e-09,0.0808741559125353,0.104194340918769,0.306649665946757,0.469993686405744
1.2752547310868,0.0403541457611826,7.93053999382937e-09,0.0812563626475398,0.10424324575311,0.306716481122701,0.47005000380684
1.27536607548886,0.0405724693609462,7.92784148318539e-09,0.0815773404446815,0.104284083461205,0.306772254395372,0.47009700761647
1.27538815336832,0.0406159343833702,7.92730657372941e-09,0.081641204611945,0.104292183689767,0.306783314916723,0.470106328337643
1.27552157564984,0.0408798439889793,7.92407513070944e-09,0.0820287052956988,0.104341154757316,0.306850167334128,0.470162659998427
1.27565499793136,0.0411458954333803,7.92084566315791e-09,0.082418888441248,0.104390158984365,0.306917038380223,0.470218998789466
1.27578842021288,0.0414141098143866,7.91761816946497e-09,0.0828117780466548,0.104439196399547,0.306983928060317,0.470275344711032
1.27592184249441,0.041684508475132,7.91439264802236e-09,0.0832073983687544,0.104488267031527,0.307050836379719,0.470331697763399
1.27605526477593,0.0419571130035183,7.91116909722347e-09,0.0836057739263568,0.104537370909,0.307117763343738,0.470388057946838
1.27618868705745,0.0422319452422192,7.90794751546335e-09,0.0840069295034906,0.104586508060687,0.307184708957684,0.470444425261621
1.27632210933897,0.0425090272821778,7.90472790113865e-09,0.0844108901526924,0.104635678515343,0.307251673226868,0.47050079970802
1.27645553162049,0.0427883814756323,7.90151025264767e-09,0.0848176811983399,0.104684882301748,0.307318656156604,0.470557181286305
1.27658895390201,0.0430700304366679,7.89829456839034e-09,0.0852273282400311,0.104734119448715,0.307385657752202,0.470613569996747
1.27672237618353,0.0433539970388225,7.89508084676821e-09,0.0856398571560087,0.104783389985084,0.307452678018978,0.470669965839615
1.27672942246476,0.0433690587186576,7.89491117862651e-09,0.085661724196576,0.104785992983419,0.307456218004284,0.470672944408266
1.27685579846505,0.043640304426693,7.89186908618447e-09,0.0860552941066321,0.104832693939726,0.307519716962244,0.47072636881518
1.27698922074657,0.043928976014507,7.8886592850439e-09,0.086473665537896,0.10488203134154,0.307586774587317,0.470782778923709
1.27712264302809,0.0442200354935525,7.88545144175294e-09,0.0868949981849978,0.104931402219458,0.307653850899513,0.470839196165472
1.27725606530962,0.044513506829651,7.88224555471964e-09,0.0873193190759524,0.104980806602437,0.307720945904147,0.470895620540736
1.27738948759114,0.0448094142747519,7.87904162235365e-09,0.087746655535258,0.105030244519468,0.307788059606538,0.47095205204977
1.27752290987266,0.0451077823650975,7.87583964306625e-09,0.0881770351876105,0.105079715999568,0.307855192012004,0.47100849069284
1.27765633215418,0.0454086359244876,7.87263961527033e-09,0.0886104859616696,0.105129221071787,0.307922343125864,0.471064936470214
1.2777897544357,0.0457120000745543,7.8694415373804e-09,0.0890470360938763,0.105178759765201,0.307989512953437,0.471121389382157
1.27792317671722,0.0460179002316073,7.86624540781257e-09,0.0894867141323219,0.105228332108921,0.308056701500045,0.471177849428935
1.27805659899874,0.046326362114902,7.86305122498456e-09,0.089929548940671,0.105277938132082,0.308123908771009,0.471234316610814
1.27809276944065,0.0464104301100723,7.86218562533488e-09,0.0900501480298852,0.105291392005693,0.308142131718424,0.471249625949897
1.27819002128026,0.046637411747852,7.85985898731571e-09,0.0903755697021364,0.105327577863854,0.308191134771651,0.471290790928059
1.27832344356178,0.0469510754651151,7.85666869322693e-09,0.0908248059235132,0.105377251333433,0.308258379507293,0.471347272380934
1.2784568658433,0.0472673799143897,7.85348034114076e-09,0.0912772874392597,0.105426958570048,0.308325642983261,0.471403760969704
1.27859028812483,0.0475863520604531,7.85029392948134e-09,0.0917330444156422,0.105476699602955,0.308392925204878,0.471460256694631
1.27872371040635,0.0479080191932554,7.8471094566744e-09,0.0921921073549331,0.105526474461444,0.30846022617747,0.471516759555979
1.27885713268787,0.0482324089270345,7.84392692114726e-09,0.0926545070996665,0.10557628317483,0.308527545906362,0.47157326955401
1.27899055496939,0.0485595492094421,7.84074632132884e-09,0.0931202748369531,0.105626125772462,0.308594884396882,0.471629786688987
1.27912397725091,0.0488894683213013,7.83756765564967e-09,0.0935894421028532,0.105676002283718,0.308662241654357,0.471686310961172
1.27925739953243,0.0492221948843179,7.83439092254184e-09,0.0940620407868106,0.105725912738006,0.308729617684116,0.471742842370825
1.27939082181395,0.0495577578680536,7.83121612043905e-09,0.0945381031361469,0.105775857164764,0.308797012491487,0.471799380918208
1.27945611641655,0.0497230192579873,7.82966312937505e-09,0.0947723521225336,0.105800311510303,0.308830001212551,0.47182705252612
1.27952424409547,0.049896186586663,7.82804324777657e-09,0.0950176617606173,0.10582583559346,0.308864426081802,0.471855926603581
1.27965766637699,0.0502375107127729,7.82487230299127e-09,0.0955007496370294,0.105875848053593,0.30893185846039,0.471912479427204
1.27979108865852,0.0505817602764408,7.8217032845216e-09,0.0959874001139244,0.105925894574692,0.308999309632583,0.471969039389336
1.27992451094004,0.0509289656716268,7.81853619080759e-09,0.0964776469163239,0.105975975186316,0.309066779603713,0.472025606490237
1.28005793322156,0.0512791576613916,7.81537102029083e-09,0.0969715241505403,0.106026089918055,0.309134268379114,0.472082180730164
1.28019135550308,0.0516323673832471,7.81220777141452e-09,0.0974690663090544,0.106076238799529,0.309201775964118,0.472138762109376
1.2803247777846,0.051988626353709,7.80904644262341e-09,0.0979703082754589,0.106126421860388,0.309269302364062,0.472195350628131
1.28045820006612,0.0523479664732114,7.80588703236383e-09,0.0984752853294709,0.106176639130313,0.309336847584279,0.472251946286686
1.28059162234764,0.0527104200330908,7.80272953908369e-09,0.0989840331520115,0.106226890639017,0.309404411630106,0.472308549085297
1.28072504462916,0.0530760197187478,7.79957396123245e-09,0.0994965878303567,0.106277176416239,0.309471994506881,0.47236515902422
1.28081946339245,0.0533366621656464,7.79734201429311e-09,0.0998616268092069,0.106312782805721,0.309519832169923,0.472405224416734
1.28085846691068,0.053444798617276,7.79642029726116e-09,0.100012985863358,0.106327496491754,0.309539596219939,0.472421776103712
1.2809918891922,0.0538167902193977,7.79326854562241e-09,0.100533264166733,0.106377850895364,0.309607216774621,0.472478400324028
1.28112531147373,0.0541920284271124,7.79011870477038e-09,0.101057460078433,0.106428239656903,0.309674856176265,0.472535031685423
1.28125873375525,0.0545705475633895,7.78697077316079e-09,0.101585611364079,0.106478662806236,0.30974251443021,0.47259167018815
1.28139215603677,0.0549523823732729,7.78382474925094e-09,0.102117756222475,0.106529120373257,0.309810191541799,0.472648315832465
1.28152557831829,0.0553375680263933,7.78068063149968e-09,0.102653933291194,0.106579612387893,0.309877887516371,0.47270496861862
1.28165900059981,0.0557261401336646,7.77753841836739e-09,0.103194181652249,0.106630138880099,0.309945602359269,0.472761628546868
1.28179242288133,0.0561181347400869,7.77439810831605e-09,0.103738540837826,0.106680699879865,0.310013336075836,0.472818295617463
1.28192584516285,0.0565135883423681,7.77125969980916e-09,0.104287050836107,0.106731295417207,0.310081088671416,0.472874969830655
1.28205926744437,0.0569125378906266,7.76812319131178e-09,0.104839752097176,0.106781925522176,0.310148860151353,0.472931651186698
1.28218281036835,0.0572850966675484,7.76522062090066e-09,0.105355300971555,0.106828837530456,0.310211630282185,0.472984141896551
1.28219268972589,0.0573150207888076,7.76498858129051e-09,0.105396685538988,0.106832590224851,0.310216650520992,0.472988339685841
1.28232611200741,0.0577210749153284,7.76185586821352e-09,0.105957892553442,0.106883289555343,0.310284459785679,0.473045035328336
1.28245953428894,0.0581307386117162,7.7587250505505e-09,0.106523415012516,0.106934023543795,0.310352287950761,0.473101738114432
1.28259295657046,0.0585440507066629,7.7555961267727e-09,0.107093295274501,0.106984792220379,0.310420135021585,0.473158448044381
1.28272637885198,0.0589610505085854,7.75246909535289e-09,0.10766757619031,0.107035595615301,0.3104880010035,0.47321516511843
1.2828598011335,0.0593817778199421,7.74934395476541e-09,0.108246301109878,0.107086433758794,0.310555885901854,0.473271889336829
1.28299322341502,0.0598062729421044,7.7462207034861e-09,0.108829513888648,0.107137306681126,0.310623789721996,0.473328620699826
1.28312664569654,0.0602345766888049,7.74309933999237e-09,0.109417258894141,0.107188214412594,0.310691712469278,0.473385359207669
1.28326006797806,0.060666730377158,7.73997986276314e-09,0.11000958101262,0.107239156983527,0.310759654149051,0.473442104860605
1.28339349025958,0.0611027758485645,7.73686227027887e-09,0.110606525655845,0.107290134424285,0.310827614766665,0.473498857658882
1.2835269125411,0.0615427554756996,7.73374656102156e-09,0.111208138767912,0.107341146765259,0.310895594327475,0.473555617602746
1.28354615734425,0.0616065452284884,7.73329730706184e-09,0.111295303310995,0.107348507656942,0.310905401249255,0.473563805235358
1.28366033482262,0.061986712161525,7.73063273347471e-09,0.11181446683219,0.107392194036872,0.310963592836833,0.473612384692442
1.28379375710415,0.0624346893558452,7.72752078612339e-09,0.112425556878352,0.107443276269578,0.311031610300093,0.473669158928218
1.28392717938567,0.0628867310575173,7.72441071745414e-09,0.113041456489499,0.107494393493862,0.31109964672261,0.473725940310317
1.28406060166719,0.0633428818202583,7.72130252595507e-09,0.113662213809379,0.107545545740241,0.31116770210974,0.473782728838984
1.28419402394871,0.0638031867710039,7.71819621011579e-09,0.114287877549703,0.107596733039263,0.311235776466838,0.473839524514464
1.28432744623023,0.0642676916017267,7.71509176842742e-09,0.11491849699756,0.107647955421508,0.311303869799263,0.473896327337
1.28446086851175,0.0647364425918447,7.71198919938261e-09,0.115554122022933,0.107699212917588,0.311371982112372,0.473953137306836
1.28459429079327,0.0652094866141699,7.70888850147554e-09,0.116194803086311,0.107750505558144,0.311440113411523,0.474009954424213
1.28472771307479,0.0656868711305512,7.70578967320186e-09,0.116840591246404,0.107801833373852,0.311508263702075,0.474066778689376
1.28486113535631,0.0661686442185128,7.70269271305877e-09,0.117491538167964,0.107853196395418,0.311576432989388,0.474123610102564
1.28490950432015,0.0663443925106268,7.70157044748345e-09,0.117728807184573,0.107871825495475,0.311601150779212,0.47414421469788
1.28499455763783,0.0666548545683678,7.69959761954497e-09,0.118147696129706,0.107904594653579,0.311644621278824,0.47418044866402
1.28512797991936,0.0671455514932787,7.69650439116065e-09,0.118809118032335,0.107956028179104,0.311712828575744,0.474237294373985
1.28526140220088,0.0676407849425159,7.69341302640754e-09,0.119475857406679,0.108007497002796,0.311781054885509,0.474294147232698
1.2853948244824,0.0681406055052947,7.69032352378883e-09,0.12014796842193,0.108059001155487,0.311849300213482,0.474351007240401
1.28552824676392,0.0686450644223655,7.68723588180927e-09,0.120825505893991,0.108110540668042,0.311917564565028,0.474407874397332
1.28566166904544,0.0691542135957409,7.68415009897505e-09,0.121508525293938,0.108162115571357,0.311985847945509,0.47446474870373
1.28579509132696,0.0696681055963435,7.6810661737939e-09,0.122197082756587,0.108213725896361,0.312054150360293,0.474521630159835
1.28592851360848,0.0701867936753636,7.67798410477503e-09,0.122891235089176,0.108265371674015,0.312122471814743,0.474578518765883
1.28606193589,0.0707103317756222,7.67490389042914e-09,0.123591039780158,0.108317052935311,0.312190812314228,0.474635414522112
1.28619535817152,0.0712387745342003,7.67182552926845e-09,0.124296555008108,0.108368769711274,0.312259171864113,0.474692317428761
1.28627285129604,0.0715479733241839,7.67003843350812e-09,0.124708970785606,0.108398823698198,0.312298884588177,0.474725370543749
1.28632878045304,0.0717721772959847,7.66874901980664e-09,0.125007839650753,0.108420522032959,0.312327550469766,0.474749227486065
1.28646220273457,0.0723105961321663,7.6656743605589e-09,0.125724953294103,0.108472309931456,0.312395948136557,0.47480614469426
1.28659562501609,0.0728540878357769,7.6626015500419e-09,0.126447956241715,0.108524133437886,0.312464364869855,0.474863069053582
1.28672904729761,0.0734027099432503,7.6595305867738e-09,0.127176909524067,0.108575992583401,0.31253280067503,0.474920000564267
1.28686246957913,0.073956520739324,7.65646146927423e-09,0.127911874908052,0.108627887399186,0.312601255557452,0.474976939226549
1.28699589186065,0.0745155792698861,7.65339419606432e-09,0.128652914906598,0.108679817916459,0.312669729522493,0.475033885040662
1.28712931414217,0.0750799453536847,7.65032876566669e-09,0.129400092788403,0.108731784166469,0.312738222575525,0.475090838006841
1.28726273642369,0.0756496795882315,7.64726517660541e-09,0.130153472587798,0.108783786180497,0.312806734721921,0.475147798125318
1.28739615870521,0.076224843370096,7.64420342740604e-09,0.130913119114734,0.108835823989859,0.312875265967056,0.475204765396326
1.28752958098673,0.0768054988948981,7.64114351659563e-09,0.131679097964887,0.108887897625901,0.312943816316302,0.475261739820098
1.28763619827194,0.0772734885681206,7.63869967291034e-09,0.132295785362519,0.108929535263136,0.312998608400202,0.47530727302747
1.28766300326826,0.0773917091808832,7.63808544270267e-09,0.132451475529897,0.108940007120001,0.313012385775035,0.475318721396866
1.28779642554978,0.0779835380686811,7.63502920425717e-09,0.133230319007733,0.108992152503572,0.313080974348631,0.47537571012686
1.2879298478313,0.0785810502456795,7.63197479979056e-09,0.134015696413178,0.109044333808056,0.313149582042466,0.475432706010313
1.28806327011282,0.0791843112421912,7.62892222783577e-09,0.134807676588454,0.109096551064931,0.313218208861917,0.475489709047454
1.28819669239434,0.0797933874583928,7.6258714869272e-09,0.135606329213965,0.109148804305705,0.313286854812362,0.475546719238513
1.28833011467586,0.0804083461725708,7.62282257560069e-09,0.136411724819184,0.10920109356192,0.313355519899181,0.47560373658372
1.28846353695738,0.0810292555464816,7.61977549239355e-09,0.137223934793655,0.109253418865151,0.313424204127751,0.475660761083305
1.2885969592389,0.0816561846498316,7.61673023584457e-09,0.13804303139814,0.109305780247003,0.313492907503453,0.475717792737494
1.28873038152042,0.0822892034588953,7.61368680449399e-09,0.138869087775895,0.109358177739117,0.313561630031667,0.475774831546517
1.28886380380194,0.0829283828851481,7.6106451968835e-09,0.139702177964076,0.109410611373166,0.313630371717776,0.475831877510602
1.28899722608347,0.0835737947750315,7.60760541155624e-09,0.140542376905283,0.109463081180853,0.31369913256716,0.475888930629974
1.28899954524784,0.0835850689531007,7.60755258969549e-09,0.140557044664663,0.109463993538279,0.31370032794714,0.47588992239838
1.28913064836499,0.0842255119307926,7.60456744705684e-09,0.141389760459238,0.109515587193918,0.313767912585203,0.475945990904861
1.28926407064651,0.0848836081237113,7.60153130193134e-09,0.142244405414599,0.109568129444131,0.313836711777288,0.47600305833549
1.28939749292803,0.0855481581047664,7.59849697472725e-09,0.143106389500905,0.109620707963295,0.3139055301488,0.476060132922084
1.28953091520955,0.0862192376222756,7.59546446399354e-09,0.143975791400663,0.109673322783249,0.313974367705122,0.476117214664871
1.28966433749107,0.0868969234324346,7.59243376828061e-09,0.144852690761569,0.10972597393586,0.31404322445164,0.476174303564075
1.28979775977259,0.0875812933169895,7.58940488614032e-09,0.145737168208867,0.109778661453031,0.314112100393742,0.476231399619919
1.28993118205411,0.0882724260931886,7.58637781612594e-09,0.146629305357843,0.1098313853667,0.314180995536812,0.476288502832627
1.29006460433563,0.0889704016338976,7.58335255679224e-09,0.14752918482646,0.109884145708833,0.31424990988624,0.476345613202424
1.29019802661715,0.0896753008769973,7.58032910669538e-09,0.148436890248126,0.109936942511434,0.314318843447413,0.476402730729531
1.29033144889868,0.0903872058543811,7.57730746439299e-09,0.149352506284601,0.109989775806537,0.314387796225721,0.476459855414171
1.29036289222374,0.0905560079324138,7.57659562390168e-09,0.14956944852036,0.11000223222572,0.314404048968532,0.476473318900618
1.2904648711802,0.091106199678269,7.57428762844412e-09,0.150276118639047,0.110042645626211,0.314456768226552,0.476516987256565
1.29059829346172,0.0918323665913438,7.57126959740925e-09,0.151207814069204,0.110095552002556,0.314525759455297,0.476574126256935
1.29073171574324,0.092565791958598,7.56825336985031e-09,0.152147680400715,0.110148494967709,0.314594769917348,0.476631272415503
1.29086513802476,0.0933065622924511,7.56523894433066e-09,0.153095806540577,0.110201474553837,0.314663799618095,0.476688425732487
1.29099856030628,0.0940547652676173,7.56222631941509e-09,0.154052282490739,0.110254490793141,0.314732848562931,0.476745586208109
1.2911319825878,0.0948104897359803,7.5592154936698e-09,0.155017199361824,0.110307543717857,0.314801916757249,0.476802753842587
1.29126540486932,0.0955738257497023,7.55620646566244e-09,0.155990649386997,0.110360633360253,0.314871004206443,0.47685992863614
1.29139882715084,0.096344864564636,7.55319923396208e-09,0.156972725935958,0.11041375975263,0.314940110915907,0.476917110588987
1.29153224943236,0.0971236986671242,7.55019379713921e-09,0.157963523529075,0.110466922927324,0.315009236891037,0.476974299701346
1.29166567171389,0.0979104218017639,7.54719015376573e-09,0.15896313785165,0.110520122916704,0.315078382137227,0.477031495973434
1.29172623919964,0.0982701864499052,7.54582723140444e-09,0.159419851821533,0.110544285385834,0.315109777211475,0.477057462773088
1.29179909399541,0.0987051289581614,7.54418830241499e-09,0.159971665768298,0.110573359753172,0.315147546659874,0.477088699405468
1.29193251627693,0.099507916421938,7.54118824166172e-09,0.160989205337492,0.110626633469165,0.315216730464376,0.477145909997665
1.29206593855845,0.100318881768647,7.53818997008209e-09,0.162015855826195,0.110679944097152,0.31528593355613,0.47720312775024
1.29219936083997,0.101138123899893,7.5351934862537e-09,0.163051717724647,0.110733291669636,0.315355155940534,0.47726035266341
1.29233278312149,0.101965743043321,7.53219878875552e-09,0.164096892761265,0.110786676219155,0.315424397622988,0.477317584737389
1.29246620540301,0.102801840786902,7.52920587616798e-09,0.165151483917668,0.110840097778279,0.315493658608891,0.477374823972391
1.29259962768453,0.103646520091558,7.52621474707288e-09,0.16621559544382,0.110893556379614,0.315562938903643,0.477432070368631
1.29273304996605,0.104499885303425,7.52322540005346e-09,0.167289332873294,0.110947052055799,0.315632238512646,0.477489323926322
1.29286647224757,0.105362042195428,7.52023783369433e-09,0.16837280303865,0.111000584839505,0.315701557441301,0.477546584645677
1.2929998945291,0.1062330979471,7.51725204658154e-09,0.169466114086925,0.111054154763439,0.315770895695011,0.47760385252691
1.29308958617553,0.10682371164141,7.51524588372417e-09,0.170206666333489,0.111090187441518,0.315817518430501,0.477642354249422
1.29313331681062,0.107113161213621,7.51426803730253e-09,0.17056937549523,0.111107761860342,0.315840253279179,0.477661127570231
1.29326673909214,0.108002342101687,7.51128580444613e-09,0.171682698086457,0.111161406162988,0.315909630199208,0.477718409775853
1.29340016137366,0.108900752218145,7.5083053466026e-09,0.172806194045085,0.111215087704185,0.315979026460503,0.477775699143986
1.29353358365518,0.109808504675767,7.50532666236356e-09,0.173939976933089,0.111268806516777,0.316048442068469,0.477832995674842
1.2936670059367,0.110725714118015,7.50234975032205e-09,0.175084161705933,0.111322562633641,0.316117877028511,0.47789029936863
1.29380042821822,0.111652496747567,7.49937460907251e-09,0.176238864728668,0.111376356087686,0.316187331346036,0.47794761022556
1.29393385049974,0.112588970333997,7.49640123721075e-09,0.177404203792099,0.111430186911859,0.31625680502645,0.478004928245842
1.29406727278126,0.113535254237324,7.49342963333399e-09,0.178580298129043,0.111484055139138,0.316326298075162,0.478062253429683
1.29420069506278,0.114491469437562,7.49045979604085e-09,0.179767268430661,0.111537960802537,0.31639581049758,0.478119585777292
1.29433411734431,0.115457738551373,7.4874917239313e-09,0.180965236862852,0.111591903935105,0.316465342299112,0.478176925288876
1.29445293315143,0.116326788777954,7.48485006783628e-09,0.182041415328451,0.11163997318248,0.316527278387448,0.478227993557947
1.29446753962583,0.116434185854269,7.48452541560672e-09,0.182174327082714,0.111645884569924,0.316534893485168,0.478234271964644
1.29460096190735,0.117420937301011,7.4815608696699e-09,0.183394664255065,0.111699902740111,0.316604464061158,0.478291625804801
1.29473438418887,0.118418120551163,7.47859808472496e-09,0.184626375069005,0.111753958478816,0.316674054032494,0.478348986809553
1.29486780647039,0.119425864985363,7.47563705937745e-09,0.185869587754528,0.111808051819226,0.316743663404586,0.478406354979107
1.29500122875191,0.12044430174497,7.47267779223426e-09,0.187124432099165,0.111862182794561,0.316813292182847,0.478463730313668
1.29513465103343,0.121473563725504,7.4697202819037e-09,0.18839103946465,0.111916351438076,0.31688294037269,0.478521112813439
1.29526807331495,0.122513785617314,7.46676452699542e-09,0.189669542803616,0.11197055778306,0.316952607979527,0.478578502478626
1.29540149559647,0.123565103947077,7.46381052612047e-09,0.190960076676278,0.112024801862838,0.317022295008774,0.478635899309432
1.29553491787799,0.124627657057715,7.46085827789125e-09,0.192262777267135,0.112079083710768,0.317092001465845,0.478693303306061
1.29566834015952,0.125701585172749,7.45790778092155e-09,0.193577782401652,0.112133403360243,0.317161727356154,0.478750714468715
1.29580176244104,0.126787030394813,7.45495903382653e-09,0.194905231562922,0.112187760844693,0.317231472685119,0.478808132797596
1.29581628012733,0.126905838610424,7.45463828598405e-09,0.195050428037947,0.112193677769578,0.317239062851327,0.478814380921646
1.29593518472256,0.127884136745258,7.45201203522272e-09,0.196245265908288,0.112242156197579,0.317301237458156,0.478865558292906
1.29606860700408,0.128993050163469,7.44906678372799e-09,0.197598028285932,0.112296589452401,0.317371021680682,0.478922990954846
1.2962020292856,0.13011391857187,7.44612327796162e-09,0.198963663251395,0.112351060642691,0.317440825358114,0.478980430783617
1.29633545156712,0.131246891856007,7.44318151654422e-09,0.20034231708403,0.112405569802017,0.317510648495872,0.47903787777942
1.29646887384864,0.132392121922746,7.44024149809777e-09,0.201734137803371,0.112460116963981,0.317580491099375,0.479095331942454
1.29660229613016,0.133549762699442,7.43730322124561e-09,0.203139275185401,0.112514702162222,0.317650353174041,0.479152793272917
1.29673571841168,0.134719970190057,7.43436668461245e-09,0.204557880778705,0.112569325430412,0.317720234725293,0.47921026177101
1.2968691406932,0.135902902459644,7.43143188682434e-09,0.205990107920494,0.112623986802258,0.31779013575855,0.47926773743693
1.29700256297473,0.137098719692968,7.42849882650871e-09,0.207436111752473,0.112678686311505,0.317860056279235,0.479325220270875
1.29713598525625,0.138307584196185,7.42556750229431e-09,0.208896049236558,0.11273342399193,0.31792999629277,0.479382710273042
1.29717962710323,0.138705857962055,7.42460905549418e-09,0.20937663931983,0.112751336739214,0.317952877598188,0.479401516558125
1.29726940753777,0.13952966043953,7.42263791281128e-09,0.210370079170391,0.112788199877347,0.317999955804577,0.479440207443628
1.29740282981929,0.140765115074211,7.41971005669107e-09,0.211858362202664,0.112843014001604,0.31806993482008,0.47949771178283
1.29753625210081,0.142014116951932,7.41678393256652e-09,0.213361060848214,0.112897866398586,0.318139933344703,0.479555223290842
1.29766967438233,0.143276837166359,7.41385953907179e-09,0.214878339502868,0.112952757102211,0.318209951383871,0.479612741967861
1.29780309666385,0.144553449050978,7.4109368748424e-09,0.216410364458027,0.113007686146435,0.31827998894301,0.47967026781408
1.29793651894537,0.145844128241173,7.40801593851521e-09,0.217957303914952,0.113062653565247,0.318350046027545,0.479727800829695
1.29806994122689,0.147149052660015,7.40509672872841e-09,0.219519327998733,0.113117659392673,0.318420122642903,0.479785341014898
1.29820336350842,0.148468402574161,7.40217924412156e-09,0.22109660877192,0.113172703662775,0.318490218794512,0.479842888369884
1.29833678578994,0.149802360604797,7.39926348333553e-09,0.222689320247782,0.113227786409647,0.318560334487798,0.479900442894845
1.29847020807146,0.151151111738358,7.39634944501256e-09,0.224297638403158,0.113282907667424,0.318630469728191,0.479958004589973
1.29854297407913,0.151892996183008,7.39476090859478e-09,0.22518142530514,0.113312986007783,0.318668728410992,0.479989400679573
1.29860363035298,0.152514843397786,7.39343712779619e-09,0.225921741190909,0.113338067470273,0.318700624521119,0.480015573455459
1.2987370526345,0.153893745411659,7.39052653033132e-09,0.22756180855187,0.113393265852396,0.318770798872013,0.480073149491496
1.29887047491602,0.155288010067592,7.38761765126417e-09,0.229218022426345,0.113448502848034,0.318840992786302,0.480130732698274
1.29900389719754,0.156697832131548,7.38471048924231e-09,0.230890566765067,0.113503778491461,0.318911206269417,0.480188323075983
1.29913731947906,0.158123408879329,7.38180504291463e-09,0.232579627539589,0.113559092816988,0.31898143932679,0.480245920624812
1.29927074176058,0.159564940109876,7.37890131093133e-09,0.234285392752096,0.113614445858961,0.319051691963854,0.480303525344952
1.2994041640421,0.161022628160617,7.37599929194397e-09,0.236008052444563,0.113669837651764,0.319121964186039,0.48036113723659
1.29953758632363,0.162496677955874,7.37309898460541e-09,0.237747798707255,0.113725268229813,0.319192255998781,0.480418756299915
1.29967100860515,0.163987297019764,7.37020038756986e-09,0.239504825686498,0.113780737627563,0.319262567407513,0.480476382535115
1.29980443088667,0.165494695468021,7.36730349949282e-09,0.241279329591695,0.113836245879506,0.319332898417669,0.480534015942377
1.29990632105503,0.166657277234865,7.36509239223609e-09,0.242646351695059,0.113878661876173,0.319386621079466,0.480578033492731
1.29993785316819,0.167019086085336,7.36440831903113e-09,0.243071508701539,0.113891793020166,0.319403249034684,0.480591656521887
1.30007127544971,0.16856068429789,7.36151484484295e-09,0.244881563369362,0.113947379084106,0.319473619263994,0.480649304273832
1.30020469773123,0.170119708230404,7.35862307558776e-09,0.246709696027595,0.114003004105925,0.319544009111036,0.480706959198397
1.30033812001275,0.171696378694152,7.35573300992634e-09,0.248556111191262,0.114058668120257,0.319614418581245,0.480764621295768
1.30047154229427,0.173290919233178,7.35284464652081e-09,0.250421015460478,0.114114371161774,0.319684847680061,0.480822290566129
1.30060496457579,0.174903556134263,7.34995798403457e-09,0.25230461752187,0.114170113265181,0.31975529641292,0.480879967009664
1.30073838685731,0.176534518428305,7.34707302113236e-09,0.254207128148887,0.114225894465224,0.319825764785262,0.480937650626557
1.30087180913884,0.178184037959088,7.34418975648023e-09,0.256128760200925,0.11428171479668,0.319896252802525,0.480995341416992
1.30100523142036,0.179852349329157,7.3413081887455e-09,0.258069728621203,0.114337574294367,0.31996676047015,0.48105303938115
1.30113865370188,0.181539689986791,7.33842831659686e-09,0.260030250433335,0.114393472993137,0.320037287793576,0.481110744519213
1.30126966803092,0.183215327771137,7.33560206791359e-09,0.261974628674947,0.114448401034322,0.320106561399968,0.481167415198851
1.3012720759834,0.183246300161367,7.33555013870425e-09,0.262010544736517,0.114449410927878,0.320107834778246,0.481168456831365
1.30140549826492,0.184972422970418,7.33267365373893e-09,0.264010832699267,0.114505388133517,0.320178401429599,0.481226176317785
1.30153892054644,0.186718304367117,7.32979886037348e-09,0.266031337551646,0.114561404645015,0.32024898775308,0.481283902978654
1.30167234282796,0.188484193163163,7.32692575728177e-09,0.268072284575868,0.11461746049737,0.320319593754129,0.481341636814152
1.30180576510948,0.190270341067189,7.32405434313896e-09,0.270133901095243,0.114673555725618,0.320390219438191,0.48139937782446
1.301939187391,0.192077002656904,7.32118461662152e-09,0.272216416461357,0.11472969036483,0.32046086481071,0.481457126009754
1.30207260967252,0.193904435427643,7.3183165764072e-09,0.274320062039389,0.114785864450116,0.32053152987713,0.481514881370216
1.30220603195405,0.195752899762926,7.31545022117506e-09,0.276445071191508,0.11484207801662,0.320602214642895,0.481572643906022
1.30233945423557,0.197622658951405,7.31258554960546e-09,0.278591679258237,0.114898331099525,0.320672919113453,0.48163041361735
1.30247287651709,0.199513979220224,7.30972256038003e-09,0.280760123537688,0.114954623734049,0.320743643294248,0.481688190504376
1.30260629879861,0.201427129686967,7.3068612521817e-09,0.282950643262573,0.115010955955448,0.320814387190728,0.481745974567279
1.30263301500682,0.201812862259914,7.30628851149367e-09,0.283391942459115,0.115022240565831,0.320828555175343,0.481757545993659
1.30273972108013,0.203362382398518,7.3040016236947e-09,0.285163479574889,0.115067327799015,0.320885150808339,0.481803765806232
1.30287314336165,0.205320012312695,7.30114367360452e-09,0.287398875498167,0.115123739300079,0.320955934152531,0.481861564221413
1.30300656564317,0.207300297315748,7.29828740059797e-09,0.289657075907173,0.115180190494007,0.321026737228751,0.481919369812995
1.30313998792469,0.209303518184359,7.29543280336312e-09,0.291938327494953,0.115236681416203,0.321097560042448,0.481977182581154
1.30327341020621,0.21132995858706,7.29257988058932e-09,0.294242878737091,0.115293212102108,0.321168402599072,0.482035002526063
1.30340683248773,0.213379905112236,7.28972863096722e-09,0.296570979853071,0.115349782587199,0.321239264904074,0.482092829647896
1.30354025476926,0.215453647208256,7.28687905318874e-09,0.2989228827646,0.115406392906991,0.321310146962903,0.482150663946825
1.30367367705078,0.217551477196194,7.28403114594707e-09,0.301298841050774,0.115463043097038,0.321381048781011,0.482208505423023
1.3038070993323,0.219673690246087,7.28118490793669e-09,0.303699109899943,0.115519733192927,0.32145197036385,0.482266354076662
1.30394052161382,0.221820584350176,7.27834033785334e-09,0.306123946058128,0.115576463230288,0.321522911716873,0.482324209907913
1.30399636198272,0.22272650839789,7.27715031304165e-09,0.307146151509239,0.115600217952631,0.321552608214781,0.482348426067322
1.30407394389534,0.223992460311113,7.27549743439406e-09,0.308573607773861,0.115633233244782,0.321593872845532,0.482382072916947
1.30420736617686,0.226189621686552,7.27265619625713e-09,0.311048354739276,0.115690043272113,0.321664853755281,0.482439943103935
1.30434078845838,0.228412374833508,7.26981662214213e-09,0.313548448027311,0.115746893348019,0.321735854451574,0.482497820469045
1.3044742107399,0.230661028794353,7.26697871074988e-09,0.316074150024852,0.115803783508277,0.321806874939865,0.482555705012448
1.30460763302142,0.232935895280306,7.26414246078248e-09,0.318625724361654,0.1158607137887,0.32187791522561,0.482613596734312
1.30474105530294,0.235237288696651,7.26130787094332e-09,0.321203435834865,0.115917684225141,0.321948975314264,0.482671495634805
1.30487447758447,0.237565525997151,7.25847493993701e-09,0.323807550328982,0.115974694853488,0.322020055211285,0.482729401714095
1.30500789986599,0.239920926704276,7.25564366646946e-09,0.326438334731049,0.116031745709669,0.322091154922128,0.48278731497235
1.30514132214751,0.242303812842808,7.25281404924783e-09,0.32909605684091,0.116088836829647,0.32216227445225,0.482845235409736
1.30527474442903,0.24471450887916,7.24998608698052e-09,0.331780985276348,0.116145968249426,0.322233413807111,0.482903163026419
1.30535970895862,0.246264305422164,7.24818607665225e-09,0.333505074671056,0.116182371079706,0.322278726333669,0.48294005560441
1.30540816671055,0.247153341677526,7.24715977837723e-09,0.334493389372817,0.116203140005045,0.322304572992168,0.482961097822565
1.30554158899207,0.249620640393607,7.24433512214888e-09,0.337233539077741,0.116260352132583,0.32237575201288,0.483019039798338
1.30567501127359,0.252116736436475,7.24151211700766e-09,0.34000170483895,0.116317604668154,0.322446950874707,0.483076988953905
1.30580843355511,0.254641963399873,7.23869076166703e-09,0.34279815748721,0.116374897647913,0.322518169583109,0.483134945289428
1.30594185583663,0.257196656949312,7.23587105484166e-09,0.345623168112533,0.116432231108051,0.322589408143546,0.483192908805071
1.30607527811815,0.259781154766351,7.23305299524753e-09,0.348477007934061,0.116489605084798,0.32266066656148,0.483250879500998
1.30620870039968,0.262395796432086,7.23023658160182e-09,0.351359948163296,0.116547019614421,0.322731944842373,0.48330885737737
1.3063421226812,0.265040923342353,7.22742181262297e-09,0.354272259860412,0.116604474733227,0.322803242991686,0.48336684243435
1.30647554496272,0.267716878588232,7.2246086870307e-09,0.357214213783431,0.116661970477559,0.322874561014882,0.4834248346721
1.30660896724424,0.270424006853964,7.22179720354593e-09,0.360186080229977,0.116719506883799,0.322945898917425,0.483482834090779
1.30672305593452,0.272763843841343,7.21939442028243e-09,0.362751235999313,0.116768738239878,0.323006915353444,0.483532434783856
1.30674238952576,0.273162654311485,7.21898736089085e-09,0.363188128871368,0.116777083988368,0.323017256704779,0.48354084069055
1.30687581180728,0.275933168445055,7.21617915778888e-09,0.366220628578777,0.116834701827724,0.323088634382407,0.483598854471571
1.3070092340888,0.278735897985462,7.2133725929647e-09,0.369283847241182,0.116892360438364,0.323160031955775,0.483656875434002
1.30714265637032,0.281571192679273,7.21056766514421e-09,0.372378051574831,0.116950059856822,0.323231449430348,0.483714903578002
1.30727607865184,0.284439403265484,7.20776437305456e-09,0.375503506923938,0.117007800119674,0.323302886811592,0.483772938903729
1.30740950093337,0.287340881169193,7.20496271542413e-09,0.378660477052317,0.11706558126353,0.323374344104973,0.483830981411341
1.30754292321489,0.290275978427193,7.20216269098254e-09,0.381849223925668,0.117123403325042,0.323445821315959,0.483889031100995
1.30767634549641,0.293245047522926,7.19936429846065e-09,0.385070007484196,0.117181266340898,0.323517318450017,0.483947087972849
1.30780976777793,0.296248441104594,7.19656753659053e-09,0.388323085405275,0.117239170347825,0.323588835512614,0.484005152027057
1.30794319005945,0.299286511902638,7.1937724041055e-09,0.391608712855835,0.117297115382591,0.32366037250922,0.484063223263777
1.30807661234097,0.302359612443772,7.19097889974012e-09,0.394927142234164,0.117355101482,0.323731929445303,0.484121301683163
1.30808640291041,0.302586506686601,7.1907739755865e-09,0.395171948266281,0.117359358138644,0.323737181101441,0.484125563778921
1.30821003462249,0.305468094882192,7.18818702223014e-09,0.398278622900792,0.117413128682896,0.323803506326333,0.48417938728537
1.30834345690401,0.308612310715087,7.18539677031259e-09,0.401663400898152,0.117471197022161,0.32387510315778,0.484237480070552
1.30847687918553,0.311792610603373,7.18260814272567e-09,0.405081718658674,0.117529306536716,0.323946719945114,0.484295580038862
1.30861030146705,0.315009344112088,7.17982113820884e-09,0.408533814700985,0.117587457263521,0.324018356693808,0.484353687190454
1.30874372374858,0.318262859359157,7.17703575550279e-09,0.412019923313887,0.117645649239576,0.324090013409331,0.484411801525481
1.3088771460301,0.321553502915699,7.17425199334939e-09,0.415540274227791,0.117703882501917,0.324161690097157,0.484469923044093
1.30901056831162,0.324881619317931,7.17146985049176e-09,0.419095092273208,0.117762157087622,0.324233386762758,0.484528051746443
1.30914399059314,0.328247550939027,7.16868932567423e-09,0.422684597026047,0.117820473033807,0.324305103411606,0.484586187632682
1.30927741287466,0.331651637521772,7.16591041764236e-09,0.426309002439324,0.117878830377626,0.324376840049177,0.48464433070296
1.30941083515618,0.335094215990118,7.16313312514291e-09,0.429968516460953,0.117937229156274,0.324448596680943,0.484702480957428
1.30944974988631,0.336105597460756,7.16232338775354e-09,0.431042514410037,0.117954269899073,0.324469529410739,0.484719442757157
1.3095442574377,0.338575620009925,7.16035744692386e-09,0.433663340637297,0.117995669406983,0.324520373312379,0.484760638396233
1.30967767971922,0.342096179631604,7.15758338173439e-09,0.437393669702125,0.118054151167027,0.324592169948962,0.484818803019526
1.30981110200074,0.345656220987543,7.15481092832491e-09,0.441159691150671,0.118112674473716,0.324663986596165,0.484876974827454
1.30994452428226,0.349256065839359,7.15204008544704e-09,0.444961584798434,0.118171239364401,0.324735823259465,0.484935153820166
1.31007794656379,0.35289603120749,7.14927085185359e-09,0.44879952232443,0.118229845876473,0.324807679944339,0.484993339997808
1.31021136884531,0.356576428887237,7.14650322629859e-09,0.452673666798564,0.118288494047362,0.324879556656264,0.485051533360528
1.31034479112683,0.360297565101992,7.14373720753727e-09,0.456584172192815,0.118347183914536,0.324951453400718,0.485109733908471
1.31047821340835,0.36405973996698,7.14097279432608e-09,0.460531182875945,0.118405915515504,0.325023370183178,0.485167941641783
1.31061163568987,0.367863247050979,7.13820998542265e-09,0.464514833091439,0.118464688887814,0.325095307009123,0.48522615656061
1.31074505797139,0.371708372899204,7.13544877958583e-09,0.468535246418407,0.118523504069054,0.325167263884032,0.485284378665095
1.31081309686221,0.373685313955749,7.13404131534707e-09,0.470599652656868,0.118553513066766,0.325203966120006,0.485314071880368
1.31087848025291,0.375595396453148,7.13268917557565e-09,0.472592535215183,0.118582361096851,0.325239240813385,0.485342607955383
1.31101190253443,0.379524588605325,7.12993117215335e-09,0.476686800045378,0.118641260008871,0.325311237802661,0.485400844431618
1.31114532481595,0.383496211587369,7.12717476808139e-09,0.480818129086168,0.118700200842822,0.325383254857342,0.485459088093942
1.31127874709747,0.387510518417126,7.12441996212338e-09,0.484986597518596,0.118759183636449,0.325455291982908,0.485517338942498
1.311412169379,0.391567752352812,7.12166675304415e-09,0.489192266899723,0.118818208427539,0.32552734918484,0.485575596977427
1.31154559166052,0.395668146163318,7.11891513960973e-09,0.493435184516448,0.118877275253918,0.325599426468621,0.485633862198872
1.31167901394204,0.399811921622989,7.11616512058734e-09,0.497715382720881,0.118936384153452,0.325671523839733,0.485692134606973
1.31181243622356,0.403999288814612,7.11341669474536e-09,0.502032878247152,0.118995535164046,0.325743641303659,0.48575041420187
1.31194585850508,0.408230445425665,7.11066986085341e-09,0.506387671509591,0.119054728323647,0.325815778865882,0.485808700983703
1.3120792807866,0.412505576066984,7.10792461768225e-09,0.510779745882231,0.119113963670239,0.325887936531886,0.485866994952611
1.31217644383811,0.415646655123899,7.10592643014693e-09,0.514001658657411,0.119157127614867,0.32594049707334,0.485909451304573
1.31221270306812,0.416824851586585,7.10518096400384e-09,0.515209066959682,0.119173241241849,0.325960114307155,0.485925296108733
1.31234612534964,0.421188428249439,7.10243889859135e-09,0.519675581799293,0.119232561076544,0.326032312197175,0.485983604452208
1.31247954763116,0.425596447116122,7.09969842021911e-09,0.524179218144854,0.119291923212428,0.32610453020743,0.486041919983172
1.31261296991268,0.430049033069868,7.09695952766263e-09,0.528719883631841,0.119351327687649,0.326176768343406,0.486100242701763
1.31274639219421,0.434546294181604,7.0942222196986e-09,0.533297464974431,0.119410774540393,0.326249026610589,0.486158572608118
1.31287981447573,0.439088320771157,7.09148649510491e-09,0.537911827134529,0.119470263808888,0.326321305014466,0.486216909702372
1.31301323675725,0.443675184568755,7.08875235266061e-09,0.542562812473083,0.119529795531399,0.326393603560525,0.486275253984661
1.31314665903877,0.448306937905981,7.08601979114594e-09,0.54725023988405,0.119589369746236,0.326465922254251,0.486333605455119
1.31328008132029,0.452983612716538,7.08328880934228e-09,0.551973903911426,0.119648986491745,0.326538261101135,0.486391964113882
1.31341350360181,0.457705219717885,7.08055940603224e-09,0.556733573849844,0.119708645806317,0.326610620106663,0.486450329961083
1.31353979081401,0.462215709696625,7.07797741699332e-09,0.561271646335699,0.119765153949146,0.326679128120109,0.48650558117997
1.31354692588333,0.462471747355834,7.07783157999955e-09,0.561528992829278,0.119768347728379,0.326682999276326,0.486508702996855
1.31368034816485,0.467283160957472,7.07510533002915e-09,0.566359876884514,0.119828092296402,0.326755398615612,0.486567083221332
1.31381377044637,0.47213940167098,7.07238065490713e-09,0.571225914010102,0.119887879548896,0.326827818130011,0.486625470634644
1.31394719272789,0.477040385483397,7.06965755342074e-09,0.576126763201589,0.119947709524413,0.326900257825014,0.486683865236925
1.31408061500942,0.481986002162301,7.06693602435842e-09,0.581062053483947,0.120007582261543,0.326972717706111,0.486742267028305
1.31421403729094,0.48697611425827,7.06421606650977e-09,0.586031382928174,0.120067497798919,0.327045197778793,0.486800676008915
1.31434745957246,0.492010556038699,7.06149767866554e-09,0.591034317657174,0.120127456175216,0.327117698048553,0.486859092178884
1.31448088185398,0.497089132326696,7.05878085961765e-09,0.596070390842102,0.120187457429146,0.327190218520882,0.486917515538343
1.3146143041355,0.502211617488174,7.0560656081592e-09,0.601139101690484,0.120247501599466,0.327262759201272,0.486975946087421
1.31474772641702,0.507377754340405,7.05335192308441e-09,0.606239914427534,0.120307588724971,0.327335320095217,0.487034383826244
1.31488114869854,0.512587252806057,7.05063980318871e-09,0.611372257272196,0.120367718844499,0.327407901208211,0.487092828754943
1.3149031377899,0.513449961219965,7.05019297363301e-09,0.612221094456229,0.120377632913128,0.327419865114789,0.487102461650894
1.31501457098006,0.51783978909452,7.04792924726865e-09,0.616535521409566,0.120427891996927,0.327480502545746,0.487151280873644
1.31514799326158,0.523135004254099,7.04522025412194e-09,0.621729059961487,0.120488108221175,0.327553124113318,0.487209740182473
1.3152814155431,0.528472503207549,7.04251282254747e-09,0.626952186957217,0.120548367556204,0.32762576591642,0.487268206681558
1.31541483782463,0.533851853401996,7.03980695134526e-09,0.632204176306203,0.120608670041014,0.327698427960549,0.487326680371023
1.31554826010615,0.539272583766888,7.03710263931648e-09,0.637484260775206,0.12066901571465,0.3277711102512,0.487385161250994
1.31568168238767,0.544734183468659,7.03439988526347e-09,0.642791630971955,0.120729404616194,0.327843812793868,0.487443649321596
1.31581510466919,0.550236100657712,7.0316986879897e-09,0.648125434337966,0.120789836784774,0.327916535594051,0.487502144582952
1.31594852695071,0.555777741403092,7.02899904629981e-09,0.653484774153008,0.120850312259554,0.327989278657244,0.487560647035186
1.31608194923223,0.561358468342476,7.02630095899958e-09,0.65886870855402,0.120910831079745,0.328062041988946,0.487619156678422
1.31621537151375,0.566977599705791,7.02360442489592e-09,0.664276249571365,0.120971393284595,0.328134825594655,0.487677673512781
1.3162664847658,0.569140276982175,7.02257181056764e-09,0.666353882905827,0.120994605793299,0.328162713916795,0.487700092855782
1.31634879379527,0.572634407834467,7.02090944279689e-09,0.669706362185482,0.121031998913397,0.328207629479868,0.487736197538385
1.31648221607679,0.578328118263878,7.01821601151172e-09,0.675157963407132,0.121092648005482,0.328280453650083,0.487794728755356
1.31661563835831,0.584057908491212,7.01552412985074e-09,0.680629921384585,0.121153340600226,0.328353298110801,0.487853267163815
1.31674906063984,0.589822906719995,7.01283379662545e-09,0.686121054541255,0.121214076737045,0.32842616286752,0.487911812763881
1.31688248292136,0.595622190932252,7.01014501064848e-09,0.691630130747423,0.121274856455397,0.32849904792574,0.487970365555675
1.31701590520288,0.601454787597443,7.00745777073361e-09,0.697155866529838,0.121335679794781,0.328571953290962,0.488028925539315
1.3171493274844,0.607319670715596,7.00477207569572e-09,0.70269692632313,0.121396546794739,0.328644878968686,0.488087492714921
1.31728274976592,0.61321576067905,7.00208792435087e-09,0.708251921767104,0.121457457494856,0.328717824964413,0.488146067082609
1.31741617204744,0.619141923337958,6.99940531551624e-09,0.713819411054108,0.121518411934755,0.328790791283645,0.488204648642499
1.31754959432896,0.625096969051061,6.99672424801011e-09,0.719397898330803,0.121579410154104,0.328863777931884,0.488263237394706
1.3176298317417,0.628691600668853,6.99511265090411e-09,0.722757336362947,0.12161611432436,0.328907680390314,0.488298474927132
1.31768301661048,0.63107965158104,6.99404472065194e-09,0.724985833158773,0.121640452192614,0.328936784914631,0.488321833339347
1.317816438892,0.637088667473134,6.9913667322623e-09,0.730581610038531,0.121701538090034,0.329009812237391,0.488380436476537
1.31794986117353,0.643122654966367,6.98869028166287e-09,0.73618356800155,0.121762667886159,0.329082859905665,0.488439046806393
1.31808328345505,0.649180193479147,6.98601536767649e-09,0.741789990275076,0.121823841620824,0.329155927924958,0.488497664329029
1.31821670573657,0.655259802555405,6.98334198912711e-09,0.747399104024509,0.121885059333908,0.329229016300773,0.488556289044559
1.31835012801809,0.661359941608377,6.9806701448398e-09,0.753009080178234,0.12194632106533,0.329302125038615,0.488614920953097
1.31848355029961,0.667479009129771,6.97799983364076e-09,0.758618033339798,0.122007626855053,0.329375254143988,0.488673560054755
1.31861697258113,0.67361534214185,6.97533105435731e-09,0.764224021792396,0.122068976743081,0.329448403622398,0.488732206349646
1.31875039486265,0.679767216015168,6.97266380581791e-09,0.769825047600565,0.122130370769463,0.329521573479349,0.488790859837883
1.31888381714417,0.685932843931561,6.96999808685209e-09,0.775419056814121,0.122191808974287,0.329594763720349,0.488849520519576
1.3189931787176,0.690995556342862,6.96781423020695e-09,0.779997560688312,0.122242200694553,0.329654770404137,0.48889760799147
1.31901723942569,0.692110376771272,6.96733389629056e-09,0.781003939779069,0.122253291397686,0.329667974350904,0.488908188394837
1.31915066170721,0.698297902922981,6.96467123296511e-09,0.78657753156053,0.122314818079835,0.329741205376519,0.488966863463775
1.31928408398874,0.704493448326623,6.96201009570865e-09,0.792137612482316,0.12237638906095,0.329814456802702,0.489025545726501
1.31941750627026,0.710694976515062,6.9593504833552e-09,0.797681908787866,0.122438004381293,0.329887728634962,0.489084235183124
1.31955092855178,0.716900388858751,6.95669239473992e-09,0.803208093427049,0.122499664081165,0.329961020878804,0.489142931833752
1.3196843508333,0.7231075248316,6.95403582869906e-09,0.808713786973226,0.122561368200912,0.330034333539739,0.489201635678494
1.31981777311482,0.729314162540839,6.95138078406998e-09,0.814196558674714,0.122623116780923,0.330107666623274,0.489260346717456
1.31995119539634,0.735518019263812,6.94872725969116e-09,0.819653927644623,0.122684909861628,0.330181020134919,0.489319064950746
1.32008461767786,0.74171675214386,6.94607525440217e-09,0.825083364192761,0.122746747483502,0.330254394080182,0.489377790378471
1.32021803995938,0.74790795907068,6.94342476704372e-09,0.830482291303013,0.122808629687061,0.330327788464574,0.489436523000736
1.3203514622409,0.754089179800279,6.94077579645759e-09,0.835848086259288,0.122870556512865,0.330401203293605,0.489495262817646
1.3203565256935,0.754323530506594,6.94067529635286e-09,0.836051033183113,0.122872907551045,0.330403989831481,0.489497492169304
1.32048488452242,0.760257896922127,6.93812834148668e-09,0.84117808242277,0.122932528001518,0.330474638572786,0.489554009829306
1.32061830680395,0.766411537291822,6.935482400975e-09,0.846469571162829,0.122994544193666,0.330548094307627,0.489612764035821
1.32075172908547,0.772547473527245,6.93283797376765e-09,0.851719803943513,0.123056605129997,0.330621570503639,0.489671525437293
1.32088515136699,0.778663025522055,6.93019505871084e-09,0.8569259945671,0.123118710851244,0.330695067166335,0.489730294033827
1.32101857364851,0.784755462317502,6.92755365465187e-09,0.862085321575686,0.123180861398183,0.330768584301225,0.489789069825524
1.32115199593003,0.79082200409334,6.92491376043914e-09,0.867194930811277,0.123243056811633,0.330842121913824,0.489847852812487
1.32128541821155,0.796859824208709,6.92227537492217e-09,0.87225193813429,0.123305297132456,0.330915680009643,0.489906642994816
1.32141884049307,0.80286605161012,6.91963849695153e-09,0.877253432299781,0.123367582401559,0.330989258594196,0.489965440372613
1.32155226277459,0.808837773147094,6.91700312537892e-09,0.882196477990105,0.123429912659889,0.331062857672995,0.490024244945978
1.32168568505611,0.814772036393137,6.91436925905713e-09,0.887078119002086,0.12349228794844,0.331136477251556,0.490083056715011
1.3217198726694,0.816286219422413,6.91369460938701e-09,0.888318729473346,0.123508278005379,0.331155344549814,0.490098127575091
1.32181910733763,0.820665852329157,6.91173689684004e-09,0.891895381586075,0.123554708308248,0.331210117335391,0.49014187567981
1.32195252961916,0.826516198290868,6.90910603758259e-09,0.896645277933628,0.123617173780392,0.331283777930016,0.490200701840474
1.32208595190068,0.83232002130036,6.90647668014086e-09,0.901324809809768,0.123679684405997,0.331357459040946,0.490259535197102
1.3222193741822,0.838074241119633,6.90384882337198e-09,0.905930972325187,0.12374224022623,0.331431160673696,0.490318375749791
1.32235279646372,0.843775753953495,6.90122246613419e-09,0.910460757842732,0.123804841282301,0.331504882833781,0.490377223498636
1.32248621874524,0.849421435882259,6.89859760728679e-09,0.914911160012278,0.123867487615465,0.331578625526717,0.490436078443736
1.32261964102676,0.855008146802007,6.8959742456902e-09,0.919279177926652,0.123930179267021,0.331652388758021,0.490494940585186
1.32275306330828,0.860532734250986,6.89335238020589e-09,0.923561820391179,0.12399291627831,0.33172617253321,0.49055380992308
1.3228864855898,0.865992037478818,6.89073200969643e-09,0.927756110298222,0.124055698690721,0.3317999768578,0.490612686457514
1.32301990787132,0.871382891758551,6.88811313302546e-09,0.931859089097554,0.124118526545682,0.331873801737309,0.490671570188581
1.32308321964529,0.873916109404534,6.8868709413815e-09,0.93377324883694,0.124148355638985,0.33190884044068,0.490699514317195
1.32315333015284,0.87670213250371,6.88549574905772e-09,0.935867821352602,0.124181399884669,0.331947647177255,0.490730461116376
1.32328675243437,0.881946599988053,6.882879856659e-09,0.939779399371933,0.1242443187492,0.332021513183155,0.49078935924099
1.32342017471589,0.887113143583833,6.88026545469619e-09,0.94359094790462,0.124307283180838,0.332095399760528,0.490848264562516
1.32355359699741,0.892198626704556,6.87765254203724e-09,0.947299628887524,0.124370293221189,0.332169306914892,0.490907177081047
1.32368701927893,0.897199931341128,6.87504111755118e-09,0.950902646231865,0.124433348911906,0.332243234651768,0.490966096796673
1.32382044156045,0.902113962925765,6.87243118010813e-09,0.954397250635913,0.124496450294682,0.332317182976673,0.491025023709484
1.32395386384197,0.906937655267644,6.86982272857925e-09,0.957780744410068,0.12455959741126,0.332391151895128,0.491083957819572
1.32408728612349,0.911667975392748,6.8672157618368e-09,0.961050486300143,0.124622790303422,0.332465141412654,0.491142899127025
1.32422070840501,0.916301928532267,6.86461027875409e-09,0.964203896294225,0.124686029012997,0.332539151534769,0.491201847631933
1.32435413068653,0.92083656307478,6.8620062782055e-09,0.967238460398145,0.124749313581859,0.332613182266995,0.491260803334384
1.32444656662119,0.923918420921956,6.8602030762956e-09,0.969269849056506,0.124793184508761,0.332664483389511,0.491301652497849
1.32448755296805,0.925268975604787,6.8594037590665e-09,0.970151735364263,0.124812644051925,0.332687233614854,0.491319766234465
1.32462097524958,0.929596315837465,6.8568027202136e-09,0.972941353358098,0.124876020465159,0.332761305583866,0.491378736332265
1.3247543975311,0.933815791586581,6.85420316052438e-09,0.975605026547134,0.124939442863566,0.332835398179553,0.491437713627869
1.32488781981262,0.937924673678191,6.85160507887749e-09,0.97814055159609,0.125002911289199,0.332909511407437,0.491496698121364
1.32502124209414,0.941920300798931,6.84900847415264e-09,0.980545814052954,0.125066425784155,0.33298364527304,0.491555689812834
1.32515466437566,0.945800084327699,6.84641334523061e-09,0.982818792610155,0.125129986390574,0.333057799781885,0.491614688702367
1.32528808665718,0.94956151296149,6.84381969099323e-09,0.984957563225439,0.125193593150644,0.333131974939496,0.491673694790045
1.3254215089387,0.953202157370075,6.84122751032338e-09,0.986960303087279,0.125257246106595,0.333206170751395,0.491732708075952
1.32555493122022,0.95671967468475,6.83863680210501e-09,0.988825294409986,0.125320945300704,0.333280387223105,0.491791728560172
1.32568835350174,0.960111812768442,6.83604756522314e-09,0.990550928044137,0.125384690775292,0.333354624360151,0.491850756242787
1.32580991359709,0.963091387507048,6.83368980983792e-09,0.992000550098215,0.125442809152714,0.33342227928545,0.491904542213116
1.32582177578326,0.963376414527899,6.8334597985638e-09,0.99213570688847,0.125448482572725,0.333428882168058,0.49190979112388
1.32595519806479,0.966511421824372,6.83087350101413e-09,0.993578249089943,0.125512320735414,0.333503160652348,0.491968833203532
1.32608862034631,0.969514879397071,6.82828867146228e-09,0.994877291019437,0.125576205305817,0.333577459818548,0.492027882481824
1.32622204262783,0.972384938468328,6.82570530879748e-09,0.996031690011251,0.125640136326435,0.333651779672183,0.492086938958836
1.32635546490935,0.975119860253297,6.82312341190999e-09,0.997040426855445,0.125704113839816,0.333726120218777,0.492146002634648
1.32648888719087,0.977718019108273,6.82054297969113e-09,0.99790260803295,0.125768137888551,0.333800481463856,0.49220507350934
1.32662230947239,0.980177905613492,6.81796401103327e-09,0.998617467684369,0.125832208515279,0.333874863412948,0.49226415158299
1.32675573175391,0.982498129257797,6.81538650482981e-09,0.999184369304409,0.125896325762683,0.333949266071577,0.492323236855676
1.32688915403543,0.9846774209513,6.81281045997522e-09,0.999602807154979,0.125960489673493,0.33402368944527,0.492382329327476
1.32702257631695,0.98671463530354,6.81023587536499e-09,0.999872407391099,0.126024700290481,0.334098133539555,0.492441428998466
1.32715599859848,0.988608752526512,6.80766274989568e-09,0.99999292889497,0.126088957656469,0.334172598359959,0.492500535868723
1.32717326057299,0.988843308356676,6.80732994933048e-09,0.999997623196353,0.12609727459567,0.334182234021158,0.492508183552849
1.32728942088,0.990358880174141,6.80509108246488e-09,0.999964263814719,0.126153261814323,0.334247083912009,0.492559649938324
1.32742284316152,0.991964254556987,6.8025208719712e-09,0.999786437805591,0.126217612806953,0.334321590201232,0.492618771207342
1.32755626544304,0.993424241793006,6.79995211731432e-09,0.999459609972558,0.126282010677316,0.334396117233157,0.492677899675852
1.32768968772456,0.994738338716027,6.79738481739495e-09,0.998984072514613,0.126346455468416,0.334470665013313,0.49273703534393
1.32782311000608,0.995906173356065,6.79481897111482e-09,0.998360250072204,0.126410947223302,0.334545233547227,0.492796178211647
1.3279565322876,0.996927505229445,6.79225457737673e-09,0.997588698780551,0.126475485985068,0.33461982284043,0.492855328279077
1.32808995456912,0.997802225236197,6.78969163508449e-09,0.996670105032765,0.126540071796855,0.334694432898449,0.492914485546293
1.32822337685064,0.998530355343397,6.78713014314294e-09,0.99560528395789,0.12660470470185,0.334769063726814,0.492973650013366
1.32835679913216,0.99911204792025,6.78457010045797e-09,0.994395177620161,0.126669384743285,0.334843715331056,0.493032821680367
1.32849022141369,0.999547584881081,6.78201150593649e-09,0.993040852946858,0.126734111964441,0.334918387716704,0.493092000547367
1.32853660754889,0.999664837361418,6.78112231357454e-09,0.992536431721544,0.126756626355052,0.334944353492626,0.493112576600652
1.32862364369521,0.999837376416111,6.77945435848645e-09,0.991543499393227,0.126798886408641,0.334993080889289,0.493151186614436
1.32875706597673,0.99998195953119,6.77689865701682e-09,0.989904426353921,0.126863708119257,0.33506779485434,0.493210379881643
1.32882377711749,1.00000000000724,6.77562134818399e-09,0.989032186316868,0.126896136713037,0.335105159635769,0.49323997921532
1.32889048825825,0.999981996317158,6.7743444004376e-09,0.9881250603314,0.126928577139707,0.33514252961739,0.493269580349057
1.32902391053977,0.999838271944315,6.77179158765982e-09,0.986206941872581,0.126993493513455,0.335217285183968,0.493328788016746
1.32915733282129,0.999551692391211,6.76924021759554e-09,0.984151722285832,0.127058457284012,0.335292061559606,0.493388002884779
1.32929075510281,0.999123281957574,6.76669028915782e-09,0.981961160151213,0.127123468494934,0.335366858749837,0.493447224953221
1.32942417738433,0.998554180541156,6.76414180126078e-09,0.979637117637397,0.127188527189825,0.335441676760191,0.493506454222141
1.32955759966585,0.997845640694706,6.76159475281954e-09,0.977181556639394,0.127253633412334,0.335516515596202,0.493565690691602
1.32969102194737,0.996999024464639,6.75904914275025e-09,0.974596534751629,0.12731878720616,0.335591375263401,0.493624934361672
1.3298244442289,0.996015800074933,6.75650496997006e-09,0.971884201091345,0.127383988615044,0.335666255767321,0.493684185232414
1.32989995452478,0.995399401408834,6.75506573271831e-09,0.970293585948593,0.127420910446721,0.335708643598986,0.493717721433839
1.32995786651042,0.994897538383979,6.75396223339716e-09,0.969046791987613,0.127449237682776,0.335741157113494,0.493743443303893
1.33009128879194,0.993645909212723,6.75142093195076e-09,0.966086626551474,0.127514534453194,0.335816079307455,0.493802708576173
1.33022471107346,0.992262677514816,6.74888106455107e-09,0.963006102142856,0.127579878970182,0.335891022354737,0.493861981049316
1.33035813335498,0.990749699365527,6.74634263011933e-09,0.959807689750015,0.127645271277669,0.335965986260872,0.493921260723385
1.3304915556365,0.989108917948661,6.74380562757779e-09,0.956493929297176,0.127710711419633,0.336040971031396,0.493980547598442
1.33062497791802,0.987342359267906,6.74127005584969e-09,0.953067424895984,0.127776199440098,0.336115976671842,0.494039841674548
1.33075840019954,0.985452127894994,6.73873591385933e-09,0.949530840056179,0.127841735383137,0.336191003187745,0.494099142951763
1.33089182248106,0.983440402632074,6.73620320053197e-09,0.945886892870675,0.127907319292867,0.336266050584639,0.494158451430148
1.33102524476258,0.981309432033736,6.73367191479392e-09,0.942138351189874,0.127972951213455,0.336341118868059,0.494217767109762
1.33115866704411,0.979061529941979,6.73114205557248e-09,0.938288027799695,0.128038631189113,0.33641620804354,0.494277089990665
1.33126330150068,0.977218376975706,6.72915904812636e-09,0.935199110072073,0.128090173390887,0.336475110242309,0.494323618123397
1.33129208932563,0.976699071035671,6.72861362179594e-09,0.934338775617322,0.128104359264101,0.336491318116619,0.494336420072914
1.33142551160715,0.974224486159171,6.72608661239364e-09,0.930293482918207,0.128170135482727,0.336566449092829,0.494395757356567
1.33155893388867,0.9716402580106,6.72356102629589e-09,0.926155068607272,0.128235959889347,0.336641600977708,0.494455101841681
1.33169235617019,0.968948916356395,6.72103686243401e-09,0.921926477546708,0.128301832528362,0.336716773776791,0.494514453528314
1.33182577845171,0.966153033747877,6.71851411974033e-09,0.917610675952097,0.128367753444222,0.336791967495614,0.49457381241652
1.33195920073323,0.963255220944043,6.71599279714818e-09,0.913210646867947,0.128433722681424,0.336867182139715,0.494633178506356
1.33209262301475,0.960258122492971,6.71347289359188e-09,0.908729385732996,0.128499740284514,0.336942417714629,0.494692551797875
1.33222604529627,0.957164412340586,6.71095440800678e-09,0.904169896044986,0.128565806298084,0.337017674225893,0.494751932291133
1.33235946757779,0.953976789683706,6.70843733932919e-09,0.899535185133805,0.128631920766775,0.337092951679046,0.494811319986183
1.33249288985932,0.950697974452692,6.70592168649643e-09,0.894828260051174,0.128698083735274,0.337168250079624,0.494870714883078
1.33262631214084,0.947330703421908,6.70340744844683e-09,0.890052123584395,0.128764295248318,0.337243569433165,0.49493011698187
1.33262664847658,0.947322105629878,6.70340111225086e-09,0.890039998798611,0.128764462218088,0.337243759327413,0.494930266733943
1.33275973442236,0.943877726088576,6.70089462411971e-09,0.885209770400708,0.12883055535069,0.337318909745206,0.494989526282611
1.33289315670388,0.940341800682371,6.69838321245536e-09,0.880304183328283,0.128896864087222,0.337394271021287,0.495048942785353
1.3330265789854,0.936725690348526,6.6958732123951e-09,0.875338329778988,0.128963221502793,0.337469653266944,0.495108366490146
1.33316000126692,0.933032159443533,6.69336462288122e-09,0.870315158317391,0.129029627642332,0.337545056487717,0.49516779739704
1.33329342354844,0.929263969936165,6.69085744285699e-09,0.865237595379709,0.129096082550813,0.337620480689145,0.495227235506085
1.33342684582996,0.925423877911402,6.6883516712667e-09,0.860108542145744,0.129162586273262,0.337695925876765,0.495286680817329
1.33356026811148,0.921514630207338,6.6858473070556e-09,0.854930871566134,0.12922913885475,0.337771392056118,0.495346133330821
1.333693690393,0.91753896125105,6.68334434916995e-09,0.849707425546617,0.129295740340397,0.337846879232743,0.495405593046608
1.33382711267453,0.913499589976403,6.68084279655698e-09,0.844441012290354,0.129362390775373,0.337922387412178,0.495465059964738
1.33396053495605,0.909399216827693,6.6783426481649e-09,0.839134403798757,0.129429090204894,0.337997916599964,0.495524534085257
1.33398999545248,0.90848587396406,6.67779078850445e-09,0.837957526524957,0.129443824475239,0.33801459676166,0.495537667323686
1.33409395723757,0.905240520982266,6.67584390294292e-09,0.833790333530718,0.129495838674225,0.338073466801641,0.495584015408212
1.33422737951909,0.901026157845984,6.67334655984123e-09,0.828411494219546,0.129562636228682,0.338149038022749,0.495643503933646
1.33436080180061,0.896758756290324,6.670850617811e-09,0.823000535846463,0.129629482913626,0.338224630268828,0.495702999661606
1.33449422408213,0.892440916473185,6.66835607580436e-09,0.817560063768987,0.129696378774468,0.338300243545418,0.495762502592134
1.33462764636365,0.888075207565456,6.66586293277446e-09,0.81209263700212,0.129763323856669,0.338375877858061,0.495822012725276
1.33476106864517,0.883664165653042,6.66337118767539e-09,0.806600766649835,0.129830318205736,0.338451533212297,0.495881530061073
1.33489449092669,0.879210291796877,6.66088083946224e-09,0.801086914483978,0.129897361867227,0.338527209613667,0.495941054599568
1.33502791320822,0.874716050250686,6.65839188709107e-09,0.795553491667376,0.129964454886748,0.338602907067712,0.496000586340803
1.33516133548974,0.870183866822724,6.65590432951891e-09,0.790002857617621,0.130031597309954,0.338678625579974,0.496060125284818
1.33529475777126,0.865616127226767,6.65341816570377e-09,0.784437319007732,0.130098789182548,0.338754365155995,0.496119671431655
1.33535334242838,0.863599839195519,6.65232695113491e-09,0.781989407154871,0.130128308231745,0.338787628454749,0.496145819944386
1.33542818005278,0.861015175901413,6.65093339460464e-09,0.77885912889965,0.130166030550284,0.338830125801316,0.496179224781353
1.3355616023343,0.856383314484068,6.64845001518146e-09,0.773270486006326,0.130233321458963,0.338905907521479,0.496238785333952
1.33569502461582,0.85172280091185,6.64596802639516e-09,0.767673534077969,0.130300661954437,0.338981710322026,0.49629835308949
1.33582844689734,0.847035848203816,6.64348742720762e-09,0.762070361407813,0.130368052082605,0.339057534208501,0.496357928048006
1.33596186917886,0.842324623688479,6.64100821658173e-09,0.756463000452905,0.130435491889416,0.339133379186444,0.496417510209537
1.33609529146038,0.837591248257748,6.63853039348129e-09,0.750853427564727,0.13050298142087,0.339209245261398,0.49647709957412
1.3362287137419,0.832837795450321,6.63605395687111e-09,0.745243562825252,0.130570520723015,0.339285132438908,0.496536696141791
1.33636213602343,0.828066291208541,6.63357890571695e-09,0.739635269983133,0.130638109841946,0.339361040724515,0.496596299912587
1.33649555830495,0.823278713211233,6.63110523898553e-09,0.734030356485285,0.130705748823812,0.339436970123763,0.496655910886541
1.33662898058647,0.818476990559447,6.62863295564454e-09,0.72843057359885,0.130773437714809,0.339512920642194,0.49671552906369
1.33671668940427,0.815313649580465,6.62700848510141e-09,0.72475301714507,0.13081796208569,0.339562860318512,0.496754724641311
1.33676240286799,0.813663003526818,6.62616205466263e-09,0.72283761661863,0.130841176561182,0.339588892285354,0.496775154444066
1.33689582514951,0.808838583347678,6.62369253500941e-09,0.717253125155086,0.130908965409226,0.339664885058784,0.496834787027704
1.33702924743103,0.80400551216941,6.62122439565545e-09,0.711678683498053,0.130976804305287,0.339740898968029,0.496894426814635
1.33716266971255,0.799165523010246,6.61875763557228e-09,0.706115821051407,0.13104469329576,0.339816934018633,0.496954073804892
1.33729609199407,0.794320299881315,6.6162922537324e-09,0.70056601283396,0.131112632427089,0.33989299021614,0.497013727998506
1.33742951427559,0.789471477768444,6.61382824910923e-09,0.695030680041999,0.131180621745768,0.339969067566094,0.497073389395509
1.33756293655711,0.784620643065294,6.61136562067719e-09,0.689511190668932,0.131248661298342,0.34004516607404,0.497133057995931
1.33769635883864,0.779769333744761,6.60890436741162e-09,0.684008860177668,0.131316751131404,0.340121285745521,0.497192733799801
1.33782978112016,0.774919039543802,6.60644448828883e-09,0.678524952221446,0.131384891291601,0.340197426586084,0.497252416807148
1.33796320340168,0.77007120271899,6.60398598228609e-09,0.67306067940896,0.131453081825624,0.340273588601272,0.497312107018001
1.33808003638017,0.765829247766395,6.60183428595244e-09,0.668292858015416,0.131512835170093,0.340340298266704,0.497364381453202
1.3380966256832,0.765227218149261,6.6015288483816e-09,0.66761720410977,0.13152132278022,0.34034977179663,0.497371804432389
1.33823004796472,0.760388433903308,6.59907308555453e-09,0.662195639296119,0.131589614202182,0.340425976177704,0.497431509050338
1.33836347024624,0.755556151902056,6.59661869278498e-09,0.656797049417422,0.131657956138356,0.340502201750039,0.497491220871874
1.33849689252776,0.750731628472837,6.59416566905402e-09,0.651422451303833,0.131726348635636,0.340578448519181,0.497550939897025
1.33863031480928,0.74591607483266,6.59171401334365e-09,0.646072815095458,0.131794791740969,0.340654716490673,0.497610666125814
1.3387637370908,0.74111065786162,6.58926372463681e-09,0.640749065193912,0.131863285501349,0.340731005670064,0.497670399558269
1.33889715937232,0.736316500806825,6.58681480191742e-09,0.635452081233073,0.131931829963824,0.340807316062897,0.497730140194411
1.33903058165385,0.731534683864023,6.58436724417031e-09,0.630182699066058,0.132000425175491,0.34088364767472,0.497789888034266
1.33916400393537,0.726766245104074,6.58192105038126e-09,0.624941711765553,0.132069071183497,0.340960000511078,0.497849643077856
1.33929742621689,0.722012180997144,6.579476219537e-09,0.619729870634828,0.132137768035039,0.341036374577516,0.497909405325204
1.33943084849841,0.717273447473835,6.5770327506252e-09,0.614547886226819,0.132206515777368,0.341112769879583,0.497969174776331
1.33944338335607,0.716829070306645,6.57680325970538e-09,0.61406260386959,0.132212977159237,0.341119948214789,0.497974790412227
1.33956427077993,0.712550960518023,6.57459064263445e-09,0.609396429369018,0.132275314457783,0.341189186422823,0.498028951431259
1.33969769306145,0.707845596997562,6.57214989455431e-09,0.60427613219171,0.132344164123633,0.341265624212783,0.498088735290008
1.33983111534297,0.703158195633391,6.56971050537526e-09,0.599187589157584,0.132413064822321,0.341342083255011,0.498148526352599
1.33996453762449,0.698489557653279,6.56727247408871e-09,0.59413135809065,0.132482016601299,0.341418563555052,0.49820832461905
1.34009795990601,0.693840447795344,6.56483579968702e-09,0.589107961202633,0.13255101950807,0.341495065118453,0.49826813008938
1.34023138218753,0.689211595006115,6.56240048116349e-09,0.58411788611509,0.132620073590188,0.341571587950762,0.498327942763608
1.34036480446906,0.684603693487218,6.55996651751232e-09,0.579161586875655,0.132689178895259,0.341648132057526,0.498387762641751
1.34049822675058,0.68001740329359,6.55753390772868e-09,0.574239484966923,0.132758335470939,0.341724697444291,0.498447589723826
1.3406316490321,0.675453351440697,6.55510265080865e-09,0.569351970306585,0.132827543364936,0.341801284116605,0.49850742400985
1.34076507131362,0.670912132646089,6.55267274574926e-09,0.564499402237568,0.13289680262501,0.341877892080016,0.498567265499837
1.34080673033197,0.66949897556466,6.55191432272766e-09,0.562991475928454,0.132918438275065,0.341901816079723,0.498585951543943
1.34089849359514,0.666394310145151,6.55024419154843e-09,0.559682110507011,0.132966113298971,0.34195452134007,0.498627114193804
1.34103191587666,0.661900416639355,6.54781698720506e-09,0.554900396233029,0.133035475434681,0.342031171902315,0.498686970091764
1.34116533815818,0.657430955059814,6.54539113171893e-09,0.550154532858308,0.133104889080053,0.3421078437723,0.498746833193732
1.3412987604397,0.652986399492524,6.54296662409078e-09,0.545444767089672,0.133174354283051,0.342184536955571,0.498806703499721
1.34143218272122,0.648567195885068,6.54054346332227e-09,0.540771319822829,0.133243871091694,0.342261251457676,0.498866581009742
1.34156560500274,0.644173762983392,6.53812164841596e-09,0.536134387051637,0.133313439554047,0.342337987284165,0.498926465723809
1.34169902728427,0.639806493151556,6.53570117837535e-09,0.531534140761256,0.133383059718233,0.342414744440583,0.498986357641933
1.34183244956579,0.635465753006276,6.53328205220488e-09,0.526970729804661,0.133452731632421,0.342491522932481,0.499046256764125
1.34196587184731,0.63115188445877,6.53086426890987e-09,0.522444280762053,0.133522455344836,0.342568322765405,0.499106163090394
1.34209929412883,0.626865205335307,6.52844782749661e-09,0.517954898782781,0.133592230903752,0.342645143944904,0.49916607662075
1.34217007730787,0.624602176968761,6.52716640161941e-09,0.51558827063651,0.133629269293651,0.342685907779739,0.499197864867254
1.34223271641035,0.622606010211255,6.52603272697226e-09,0.513502668409435,0.133662058357498,0.342721986476526,0.499225997355203
1.34236613869187,0.618374571083371,6.52361896634492e-09,0.509087654383845,0.133731937754451,0.342798850365821,0.49928592529376
1.34249956097339,0.614171138263148,6.52120654462363e-09,0.504709902434767,0.133801869143045,0.342875735618335,0.49934586043643
1.34263298325491,0.609995940957652,6.51879546081831e-09,0.500369440047118,0.133871852571761,0.342952642239618,0.499405802783218
1.34276640553643,0.605849188154188,6.5163857139398e-09,0.496066277212574,0.133941888089135,0.343029570235219,0.499465752334132
1.34289982781795,0.601731069110727,6.51397730299986e-09,0.491800407161611,0.134011975743756,0.343106519610686,0.499525709089178
1.34303325009948,0.597641754246648,6.51157022701119e-09,0.487571807076779,0.134082115584264,0.343183490371569,0.499585673048361
1.343166672381,0.593581395745843,6.50916448498735e-09,0.483380438787372,0.13415230765935,0.343260482523415,0.499645644211686
1.34330009466252,0.589550128165063,6.50676007594286e-09,0.479226249445474,0.134222552017761,0.343337496071773,0.499705622579155
1.34343351694404,0.585548069160306,6.50435699889311e-09,0.475109172183479,0.134292848708292,0.343414531022193,0.499765608150774
1.34353342428377,0.582570491253626,6.50255843309781e-09,0.472050533798788,0.134345521551745,0.343472229234119,0.49981053039437
1.34356693922556,0.581575320084671,6.50195525285443e-09,0.471029126753216,0.134363197779796,0.343491587380224,0.499825600926543
1.34370036150708,0.577631966599391,6.49955483684404e-09,0.466986020146799,0.134433599281173,0.343568665151415,0.499885600906467
1.3438337837886,0.573718079289037,6.49715574988007e-09,0.462979747199393,0.134504053261379,0.343645764341315,0.499945608090546
1.34396720607012,0.569833714265827,6.49475799098155e-09,0.459010191174074,0.134574559769422,0.343722884955473,0.50000562247878
1.34410062835164,0.565978913719045,6.49236155916844e-09,0.455077224329001,0.134645118854362,0.343800026999438,0.500065644071171
1.34423405063316,0.562153706434171,6.48996645346158e-09,0.451180708467148,0.134715730565314,0.34387719047876,0.500125672867718
1.34436747291469,0.558358108446175,6.48757267288271e-09,0.447320495468816,0.134786394951444,0.343954375398987,0.500185708868419
1.34450089519621,0.554592123413762,6.48518021645449e-09,0.443496427807216,0.134857112061971,0.34403158176567,0.500245752073274
1.34463431747773,0.55085574336624,6.48278908320047e-09,0.439708339047403,0.134927881946168,0.344108809584358,0.50030580248228
1.34476773975925,0.54714894888043,6.4803992721451e-09,0.435956054328823,0.134998704653359,0.3441860588606,0.500365860095434
1.34489677125966,0.543592253873144,6.47808936388283e-09,0.432361137283,0.135067246953382,0.344260786362972,0.500423948130764
1.34490116204077,0.543471709870351,6.47801078231374e-09,0.432239390831811,0.135069580232925,0.344263329599945,0.500425924912733
1.34503458432229,0.539823985936385,6.47562361273262e-09,0.428558158228327,0.135140508734296,0.344340621807944,0.500485996934172
1.34516800660381,0.536205726739993,6.4732377624289e-09,0.424912159117248,0.135211490206959,0.344417935490145,0.500546076159747
1.34530142888533,0.532616872558617,6.47085323043062e-09,0.421301189444551,0.13528252470045,0.344495270652099,0.500606162589453
1.34543485116685,0.529057354719347,6.46847001576672e-09,0.417725038908707,0.135353612264363,0.344572627299355,0.500666256223283
1.34556827344838,0.525527095969292,6.46608811746702e-09,0.414183491351619,0.135424752948343,0.344650005437462,0.500726357061231
1.3457016957299,0.522026010892312,6.46370753456225e-09,0.410676325135439,0.135495946802088,0.344727405071971,0.500786465103289
1.34583511801142,0.518554006273034,6.46132826608402e-09,0.407203313505606,0.135567193875351,0.34480482620843,0.500846580349451
1.34596854029294,0.515110981577397,6.45895031106485e-09,0.403764224940442,0.135638494217938,0.34488226885239,0.500906702799706
1.34610196257446,0.511696829155659,6.45657366853812e-09,0.400358823487614,0.135709847879709,0.344959733009401,0.500966832454046
1.34623538485598,0.508311434777215,6.45419833753812e-09,0.396986869087885,0.135781254910577,0.345037218685012,0.501026969312462
1.34626011823556,0.507687011712565,6.45375815058451e-09,0.396365442765454,0.135794497976579,0.345051585087008,0.501038118075134
1.3463688071375,0.504954677847804,6.45182431710003e-09,0.393648117886375,0.13585271536051,0.345114725884773,0.501087113374943
1.34650222941902,0.501626431787,6.4494516062599e-09,0.390342322531756,0.135924229279529,0.345192254614234,0.501147264641478
1.34663565170054,0.498326564327377,6.44708020405469e-09,0.387069232463675,0.135995796717709,0.345269804878944,0.501207423112055
1.34676907398206,0.495054937889359,6.44471010952221e-09,0.383828594188743,0.136067417725179,0.345347376684453,0.501267588786662
1.34690249626359,0.491811409792727,6.4423413217012e-09,0.380620151545414,0.136139092352122,0.345424970036312,0.501327761665286
1.34703591854511,0.488595832585308,6.43997383963125e-09,0.377443645958082,0.136210820648777,0.34550258494007,0.501387941747914
1.34716934082663,0.485408054350132,6.43760766235283e-09,0.374298816680706,0.136282602665433,0.345580221401276,0.501448129034531
1.34730276310815,0.482247918882226,6.43524278890732e-09,0.371185401030283,0.136354438452438,0.345657879425481,0.501508323525122
1.34743618538967,0.479115266092604,6.43287921833695e-09,0.368103134610481,0.136426328060192,0.345735559018234,0.501568525219673
1.34756960767119,0.476009932136742,6.43051694968485e-09,0.365051751525724,0.136498271539148,0.345813260185085,0.501628734118167
1.34762346521146,0.474764127625333,6.42956375959179e-09,0.363828712044294,0.136527327680089,0.345844631327298,0.501653040219359
1.34770302995271,0.472931749669167,6.42815598199501e-09,0.362030984586043,0.136570268939816,0.345890982931585,0.501688950220588
1.34783645223423,0.469880548137795,6.42579631431232e-09,0.359040565502974,0.13664232031276,0.345968727263282,0.501749173526917
1.34796987451575,0.466856153953487,6.42343794568252e-09,0.3560802250768,0.136714425708597,0.346046493185726,0.501809404037138
1.34810329679727,0.463858390713714,6.42108087515225e-09,0.353149693375414,0.136786585177999,0.346124280704468,0.501869641751231
1.3482367190788,0.460887079408793,6.41872510176901e-09,0.350248699905078,0.136858798771696,0.346202089825057,0.501929886669178
1.34837014136032,0.457942038643838,6.41637062458118e-09,0.347376973773357,0.136931066540467,0.346279920553043,0.501990138790958
1.34850356364184,0.455023084817481,6.414017442638e-09,0.34453424384448,0.137003388535151,0.346357772893975,0.50205039811655
1.34863698592336,0.452130032241192,6.4116655549896e-09,0.341720238887394,0.137075764806639,0.346435646853404,0.502110664645935
1.34877040820488,0.449262693444549,6.40931496068697e-09,0.338934687716764,0.137148195405878,0.346513542436878,0.50217093837909
1.3489038304864,0.446420879207977,6.40696565878197e-09,0.336177319327159,0.13722068038387,0.346591459649948,0.502231219315992
1.34898681218736,0.444666209122702,6.40550516696267e-09,0.334476475572398,0.137265789710243,0.346639931005049,0.502268714548456
1.34903725276792,0.443604398833084,6.40461764832733e-09,0.333447863020666,0.137293219791671,0.346669398498163,0.502291507456619
1.34917067504944,0.440813060241018,6.40227092837665e-09,0.330746048528176,0.137365813680393,0.346747358987072,0.502351802800947
1.34930409733096,0.438046670093443,6.39992549798439e-09,0.328071606124548,0.137438462101204,0.346825341122226,0.502412105348951
1.34943751961248,0.435305034043552,6.39758135620589e-09,0.325424266737879,0.137511165105326,0.346903344909173,0.502472415100607
1.34957094189401,0.432587956751096,6.39523850209733e-09,0.322803762053136,0.137583922744036,0.346981370353464,0.502532732055889
1.34970436417553,0.429895242068494,6.39289693471578e-09,0.320209824610281,0.137656735068668,0.347059417460647,0.502593056214771
1.34983778645705,0.427226693189563,6.39055665311916e-09,0.317642187897162,0.13772960213061,0.347137486236273,0.502653387577226
1.34997120873857,0.424582112687991,6.38821765636626e-09,0.315100586437334,0.137802523981306,0.347215576685889,0.502713726143227
1.35010463102009,0.42196130275059,6.38587994351671e-09,0.312584755873011,0.137875500672256,0.347293688815047,0.502774071912744
1.35023805330161,0.419364065194096,6.38354351363103e-09,0.310094433043336,0.137948532255015,0.347371822629294,0.502834424885751
1.35035015916326,0.41719985822597,6.38158135831591e-09,0.308021509172958,0.138009938307852,0.347437490041358,0.502885141040541
1.35037147558313,0.416790201566806,6.38120836577057e-09,0.307629356058139,0.138021618781194,0.347449978134181,0.502894785062216
1.35050489786465,0.414239513343969,6.37887449899757e-09,0.305189264367382,0.138094760302459,0.347528155335255,0.50295515244211
1.35063832014617,0.411711801894623,6.3765419123751e-09,0.30277389882643,0.138167956870534,0.347606354238068,0.503015527025403
1.35077174242769,0.409206868676478,6.3742106049671e-09,0.300383001757341,0.138241208537196,0.347684574848166,0.503075908812062
1.35090516470922,0.406724515225296,6.37188057583835e-09,0.29801631700631,0.138314515354281,0.347762817171101,0.503136297802057
1.35103858699074,0.404264543379396,6.36955182405451e-09,0.295673589997444,0.138387877373678,0.347841081212419,0.503196693995354
1.35117200927226,0.401826755218462,6.36722434868208e-09,0.293354567782998,0.138461294647333,0.347919366977671,0.50325709739192
1.35130543155378,0.399410953174202,6.36489814878841e-09,0.291058999090225,0.13853476722725,0.347997674472404,0.503317507991721
1.3514388538353,0.397016940153911,6.3625732234417e-09,0.288786634364986,0.138608295165488,0.348076003702169,0.503377925794722
1.35157227611682,0.394644519568298,6.360249571711e-09,0.286537225812238,0.138681878514161,0.348154354672513,0.50343835080089
1.35170569839834,0.392293495382536,6.35792719266623e-09,0.284310527433547,0.13875551732544,0.348232727388984,0.503498783010186
1.35171350613915,0.392156574280293,6.35779132872408e-09,0.284180921407858,0.138759828315202,0.348237314356976,0.503502319666786
1.35183912067986,0.389963672195508,6.35560608537813e-09,0.282106295061745,0.138829211651555,0.348311121857133,0.503559222422576
1.35197254296138,0.387654855302623,6.35328624891831e-09,0.27992428639285,0.138902961544788,0.348389538082506,0.503619669038021
1.3521059652429,0.38536685075951,6.35096768235922e-09,0.277764261015371,0.138976767057481,0.348467976070652,0.503680122856485
1.35223938752443,0.383099465387745,6.34865038477415e-09,0.275625980437115,0.139050628242032,0.34854643582712,0.503740583877928
1.35237280980595,0.380852506854822,6.34633435523723e-09,0.27350920810959,0.139124545150894,0.348624917357458,0.503801052102312
1.35250623208747,0.378625783737291,6.34401959282347e-09,0.27141370945013,0.139198517836578,0.348703420667213,0.503861527529597
1.35263965436899,0.376419105539812,6.34170609660867e-09,0.269339251861831,0.139272546351652,0.348781945761934,0.503922010159742
1.35277307665051,0.374232282726154,6.33939386566951e-09,0.267285604751385,0.13934663074874,0.34886049264717,0.503982499992707
1.35290649893203,0.372065126772899,6.33708289908351e-09,0.265252539544966,0.139420771080524,0.348939061328466,0.50404299702845
1.35303992121355,0.369917450239369,6.33477319592901e-09,0.263239829702138,0.139494967399741,0.349017651811372,0.504103501266928
1.35307685311505,0.36932638072207,6.33413408260805e-09,0.262686269249264,0.139515515183103,0.349039409872059,0.504120250391373
1.35317334349507,0.367789066714286,6.33246475528521e-09,0.261247250728028,0.139569219759189,0.349096264101435,0.504164012708099
1.35330676577659,0.365679790953504,6.33015757623213e-09,0.259274580183716,0.139643528211718,0.349174898204202,0.504224531351918
1.35344018805811,0.363589438794059,6.32785165785065e-09,0.257321597694997,0.139717892810239,0.349253554125221,0.504285057198343
1.35357361033964,0.361517827322401,6.32554699922247e-09,0.255388084959571,0.139792313607719,0.349332231870039,0.504345590247327
1.35370703262116,0.359464774746681,6.32324359943012e-09,0.253473825752738,0.139866790657181,0.349410931444204,0.504406130498826
1.35384045490268,0.357430100523971,6.320941457557e-09,0.251578605931668,0.139941324011708,0.349489652853262,0.504466677952792
1.3539738771842,0.355413625388383,6.3186405726873e-09,0.249702213438322,0.140015913724439,0.349568396102761,0.50452723260918
1.35410729946572,0.353415171270119,6.31634094390606e-09,0.247844438301087,0.14009055984857,0.349647161198248,0.504587794467942
1.35424072174724,0.351434561442176,6.31404257029918e-09,0.246005072635192,0.140165262437356,0.349725948145268,0.504648363529029
1.35437414402876,0.349471620439797,6.31174545095334e-09,0.24418391064196,0.140240021544107,0.34980475694937,0.504708939792393
1.35444020009095,0.348506273236694,6.31060863363283e-09,0.243288945644999,0.140277054978033,0.349843782505921,0.504738933171458
1.35450756631028,0.347526174134772,6.30944958495609e-09,0.242380748606967,0.140314837222195,0.349883587616099,0.504769523257984
1.3546409885918,0.345598049725052,6.3071549713958e-09,0.240595384897156,0.140389709525045,0.349962440151002,0.504830113925752
1.35477441087333,0.343687075735684,6.30486160936167e-09,0.238827619956966,0.140464638506143,0.350041314559625,0.504890711795646
1.35490783315485,0.341793082074198,6.3025694979437e-09,0.237077256303523,0.140539624219032,0.350120210847514,0.504951316867616
1.35504125543637,0.339915899995421,6.30027863623277e-09,0.235344098520956,0.140614666717314,0.350199129020215,0.505011929141608
1.35517467771789,0.338055362123996,6.29798902332054e-09,0.233627953253864,0.140689766054646,0.350278069083275,0.505072548617571
1.35530809999941,0.336211302474616,6.29570065829951e-09,0.231928629200011,0.140764922284746,0.350357031042239,0.50513317529545
1.35544152228093,0.334383556481562,6.29341354026302e-09,0.230245937102267,0.14084013546139,0.350436014902652,0.505193809175192
1.35557494456245,0.332571960932446,6.2911276683052e-09,0.228579689739851,0.140915405638411,0.350515020670061,0.505254450256742
1.35570836684397,0.330776354034808,6.28884304152104e-09,0.226929701918915,0.1409907328697,0.35059404835001,0.505315098540045
1.35580354706685,0.329505094189499,6.28721400460474e-09,0.225762476117421,0.141044504389343,0.350650438176785,0.505358367957124
1.35584178912549,0.328996575422194,6.28655965900632e-09,0.22529579046251,0.141066117209208,0.350673097948045,0.505375754025045
1.35597521140701,0.327232466099352,6.28427751985767e-09,0.223677774199966,0.141141558710943,0.35075216946971,0.505436416711684
1.35610863368854,0.325483868516395,6.28199662317249e-09,0.222075473955719,0.141217057428973,0.350831262920551,0.505497086599907
1.35624205597006,0.323750626539183,6.27971696804908e-09,0.220488712537663,0.141292613417422,0.350910378306112,0.505557763689654
1.35637547825158,0.322032585425918,6.27743855358647e-09,0.218917314724957,0.141368226730476,0.350989515631939,0.505618447980867
1.3565089005331,0.320329591866411,6.27516137888456e-09,0.217361107255457,0.141443897422378,0.351068674903575,0.505679139473487
1.35664232281462,0.318641493969563,6.27288544304406e-09,0.215819918812682,0.141519625547428,0.351147856126565,0.505739838167454
1.35677574509614,0.316968141258022,6.27061074516648e-09,0.214293580012418,0.141595411159987,0.351227059306452,0.505800544062707
1.35690916737766,0.315309384640763,6.26833728435415e-09,0.212781923388951,0.141671254314476,0.351306284448782,0.505861257159185
1.35704258965918,0.313665076483175,6.26606505971023e-09,0.211284783380972,0.141747155065371,0.351385531559097,0.505921977456827
1.35716689404275,0.312146010597102,6.26394922736995e-09,0.209902874387838,0.141817920736547,0.351459382801523,0.505978554691339
1.3571760119407,0.312035070519785,6.26379407033867e-09,0.209801996317177,0.141823113467212,0.351464800642942,0.505982704955569
1.35730943422222,0.310419221925754,6.26152431534425e-09,0.208333400401579,0.141899129574594,0.351544091705859,0.506043439655348
1.35744285650375,0.308817387243562,6.25925579383254e-09,0.206878835698561,0.141975203442172,0.351623404753393,0.506104181556101
1.35757627878527,0.307229424439467,6.25698850490993e-09,0.205438144117694,0.142051335124663,0.351702739791085,0.506164930657762
1.35770970106679,0.305655192841889,6.25472244768363e-09,0.204011169398338,0.142127524676839,0.35178209682448,0.506225686960267
1.35784312334831,0.304094553197897,6.25245762126165e-09,0.202597757094044,0.142203772153536,0.351861475859121,0.50628645046355
1.35797654562983,0.302547367601301,6.2501940247528e-09,0.201197754556778,0.142280077609644,0.351940876900548,0.506347221167544
1.35810996791135,0.301013499550452,6.24793165726671e-09,0.199811010920992,0.142356441100118,0.352020299954306,0.506407999072181
1.35824339019287,0.299492813902334,6.24567051791379e-09,0.198437377087547,0.14243286267997,0.352099745025936,0.506468784177395
1.35837681247439,0.297985176872697,6.2434106058053e-09,0.197076705707516,0.14250934240427,0.35217921212098,0.506529576483117
1.35851023475591,0.296490456026173,6.24115192005325e-09,0.195728851165871,0.14258588032815,0.35225870124498,0.506590375989276
1.35853024101864,0.296267432666307,6.24081334271431e-09,0.19552784059988,0.142597361976682,0.352270622295401,0.506599493309913
1.35864365703743,0.295008520279247,6.2388944597705e-09,0.194393669565088,0.142662476506802,0.352338212403478,0.506651182695805
1.35877707931896,0.293539239912598,6.23663822407068e-09,0.193071018708658,0.142739130995476,0.352417745602015,0.506711996602631
1.35891050160048,0.292082486483502,6.23438321206824e-09,0.191760758084543,0.142815843849484,0.352497300846133,0.506772817709684
1.359043923882,0.290638132916164,6.23212942287843e-09,0.190462748848575,0.142892615124196,0.352576878141372,0.506833646016892
1.35917734616352,0.289206053444157,6.22987685561727e-09,0.189176853807812,0.142969444875043,0.352656477493274,0.506894481524182
1.35931076844504,0.287786123598456,6.22762550940162e-09,0.187902937403872,0.143046333157517,0.352736098907379,0.506955324231481
1.35944419072656,0.286378220203952,6.22537538334911e-09,0.186640865696234,0.143123280027168,0.352815742389227,0.507016174138716
1.35957761300808,0.284982221380247,6.22312647657819e-09,0.185390506345563,0.143200285539608,0.352895407944359,0.507077031245811
1.3597110352896,0.283598006534366,6.22087878820808e-09,0.184151728596985,0.143277349750509,0.352975095578315,0.507137895552692
1.35984445757112,0.282225456323661,6.21863231735881e-09,0.182924403263444,0.143354472715603,0.353054805296634,0.507198767059283
1.35989358799454,0.281722953663979,6.21780540026445e-09,0.182475321750231,0.14338288671175,0.353084162571819,0.507221183741457
1.35997787985264,0.280864452679799,6.2163870631512e-09,0.181708402709005,0.143431654490683,0.353134537104856,0.507259645765507
1.36011130213417,0.279514878784805,6.21414302470686e-09,0.180503600832246,0.143508895131601,0.353214291008521,0.507320531671287
1.36024472441569,0.278176619040925,6.21190020114821e-09,0.179309873049659,0.143586194694271,0.353294067013168,0.507381424776545
1.36037814669721,0.27684955912949,6.20965859159844e-09,0.1781270962791,0.143663553234669,0.353373865124335,0.507442325081203
1.36051156897873,0.275533585905216,6.20741819518154e-09,0.176955148923291,0.143740970808828,0.353453685347562,0.507503232585181
1.36064499126025,0.274228587447306,6.2051790110223e-09,0.175793910853386,0.143818447472845,0.353533527688386,0.5075641472884
1.36077841354177,0.272934453046273,6.20294103824628e-09,0.174643263392597,0.143895983282876,0.353613392152347,0.507625069190779
1.36091183582329,0.27165107316869,6.20070427597984e-09,0.173503089299894,0.14397357829514,0.353693278744981,0.507685998292237
1.36104525810481,0.27037833948759,6.19846872335013e-09,0.172373272753778,0.144051232565914,0.353773187471827,0.507746934592691
1.36117868038633,0.269116144811542,6.19623437948507e-09,0.17125369933614,0.144128946151539,0.353853118338423,0.50780787809206
1.36125693497044,0.268380705584323,6.19492445839025e-09,0.170601769582062,0.144174554196234,0.353900009542039,0.507843625907337
1.36131210266785,0.267864383126186,6.19400124351339e-09,0.170144256016206,0.144206719108416,0.353933071350305,0.50786882879026
1.36144552494938,0.266622949556364,6.19176931456458e-09,0.16904483113457,0.144284551493006,0.354013046513011,0.507929786687207
1.3615789472309,0.265391740397723,6.18953859176894e-09,0.16795531438733,0.144362443361834,0.354093043832077,0.507990751782817
1.36171236951242,0.264170653032361,6.18730907425753e-09,0.166875596810317,0.144440394771483,0.35417306331304,0.508051724077005
1.36184579179394,0.262959585986592,6.1850807611622e-09,0.16580557076343,0.1445184057786,0.354253104961437,0.508112703569684
1.36197921407546,0.261758438885309,6.18285365161559e-09,0.164745129915079,0.144596476439892,0.354333168782803,0.508173690260767
1.36211263635698,0.260567112445067,6.18062774475111e-09,0.16369416922674,0.144674606812129,0.354413254782674,0.508234684150169
1.3622460586385,0.259385508487444,6.17840303970295e-09,0.162652584937617,0.144752796952142,0.354493362966585,0.5082956852378
1.36237948092002,0.258213529872759,6.1761795356061e-09,0.161620274549428,0.144831046916822,0.354573493340073,0.508356693523572
1.36251290320154,0.257051080570714,6.17395723159629e-09,0.160597136811303,0.144909356763125,0.354653645908671,0.508417709007396
1.36262028194634,0.256122393270587,6.17216958410841e-09,0.159780305524039,0.144972424344688,0.35471816911492,0.508466819721632
1.36264632548306,0.255898065587088,6.17173612681006e-09,0.15958307170481,0.144987726548066,0.354733820677916,0.508478731689182
1.36277974776459,0.254754390952009,6.16951622038471e-09,0.158577980429099,0.145066156328723,0.35481401765334,0.50853976156884
1.36291317004611,0.253619963770537,6.16729751145832e-09,0.157581765386173,0.145144646162236,0.354894236840478,0.508600798646276
1.36304659232763,0.252494692114776,6.16507999916974e-09,0.156594330166278,0.145223196105808,0.354974478244865,0.508661842921401
1.36318001460915,0.251378485136599,6.16286368265862e-09,0.155615579533452,0.145301806216702,0.355054741872034,0.508722894394121
1.36331343689067,0.250271252933134,6.16064856106534e-09,0.154645419411152,0.145380476552245,0.355135027727518,0.508783953064343
1.36344685917219,0.249172906632765,6.15843463353108e-09,0.153683756868066,0.145459207169824,0.35521533581685,0.508845018931973
1.36358028145371,0.248083358325416,6.15622189919779e-09,0.152730500104019,0.145537998126892,0.355295666145564,0.508906091996916
1.36371370373523,0.247002521070154,6.15401035720819e-09,0.151785558436038,0.145616849480961,0.355376018719191,0.508967172259077
1.36384712601675,0.245930308903569,6.15180000670575e-09,0.150848842284532,0.145695761289607,0.355456393543264,0.509028259718359
1.36398054829827,0.24486663679751,6.14959084683474e-09,0.149920263159622,0.145774733610469,0.355536790623314,0.509089354374667
1.36398362892224,0.244842177574156,6.1495398529874e-09,0.149898918349045,0.14577655773941,0.355538647196647,0.50909076509109
1.3641139705798,0.243811420677463,6.14738287674018e-09,0.148999733647598,0.145853766501247,0.355617209964875,0.509150456227901
1.36424739286132,0.242764577389212,6.14517609556786e-09,0.148087167397517,0.145932860019704,0.355697651573476,0.509211565277966
1.36438081514284,0.241726024720106,6.14297050246434e-09,0.147182479107935,0.146012014223667,0.355778115454649,0.509272681524761
1.36451423742436,0.240695681342045,6.14076609657693e-09,0.146285584513777,0.146091229171025,0.355858601613924,0.509333804968187
1.36464765970588,0.239673466838753,6.13856287705373e-09,0.145396400373346,0.146170504919731,0.355939110056833,0.509394935608144
1.3647810819874,0.238659301694966,6.13636084304359e-09,0.144514844455469,0.146249841527798,0.356019640788904,0.509456073444531
1.36491450426892,0.237653107270532,6.13415999369612e-09,0.143640835526776,0.146329239053305,0.356100193815669,0.509517218477247
1.36504792655044,0.236654805790951,6.13196032816171e-09,0.142774293339123,0.146408697554393,0.356180769142656,0.509578370706189
1.36518134883196,0.23566432035008,6.12976184559148e-09,0.141915138617148,0.146488217089267,0.356261366775395,0.509639530131255
1.36531477111349,0.234681574901639,6.12756454513733e-09,0.141063293045967,0.146567797716193,0.356341986719415,0.509700696752341
1.36534697589814,0.234445516014275,6.12703434905355e-09,0.140858765304683,0.14658701563819,0.35636144969045,0.509715461915085
1.36544819339501,0.233706494239675,6.12536842595194e-09,0.140218679259002,0.146647439493502,0.356422628980243,0.509761870569343
1.36558161567653,0.232739003979025,6.12317348718871e-09,0.139381220825952,0.14672714247959,0.356503293563409,0.509823051582155
1.36571503795805,0.231779030582787,6.12097972800182e-09,0.138550842240895,0.146806906732912,0.356583980474441,0.509884239790673
1.36584846023957,0.23082650131025,6.1187871475462e-09,0.137727468910527,0.146886732311991,0.356664689718865,0.50994543519479
1.36598188252109,0.2298813442356,6.11659574497755e-09,0.136911027142537,0.146966619275411,0.356745421302209,0.510006637794399
1.36611530480261,0.228943488229458,6.11440551945232e-09,0.136101444134117,0.147046567681821,0.356826175230001,0.510067847589392
1.36624872708413,0.228012862961251,6.1122164701277e-09,0.135298647960601,0.147126577589933,0.356906951507766,0.510129064579661
1.36638214936565,0.227089398857626,6.11002859616165e-09,0.134502567564242,0.147206649058522,0.356987750141032,0.510190288765097
1.36651557164717,0.226173027137853,6.10784189671288e-09,0.133713132743127,0.147286782146429,0.357068571135322,0.510251520145589
1.3666489939287,0.225263679765404,6.10565637094085e-09,0.132930274140207,0.147366976912557,0.357149414496165,0.510312758721029
1.36671032287403,0.224848026709667,6.10465216469835e-09,0.132572612278934,0.147403859982129,0.357186582496329,0.510340910085574
1.36678241621022,0.224361289481111,6.10347201800577e-09,0.132153923232472,0.147447233415875,0.357230280229084,0.510374004491304
1.36691583849174,0.223465789742155,6.10128883706861e-09,0.131384012320255,0.147527551715414,0.357311168339605,0.510435257456304
1.36704926077326,0.222577114757648,6.09910682729108e-09,0.130620474516658,0.14760793187027,0.357392078833252,0.510496517615914
1.36718268305478,0.221695199467065,6.09692598783565e-09,0.129863243737115,0.147688373939603,0.357473011715549,0.510557784970023
1.3673161053363,0.220819979526058,6.09474631786552e-09,0.129112254689074,0.14776887798264,0.35755396699202,0.510619059518516
1.36744952761782,0.219951391301287,6.09256781654467e-09,0.128367442861809,0.147849444058667,0.357634944668188,0.510680341261278
1.36758294989934,0.219089371851638,6.09039048303779e-09,0.127628744516364,0.147930072227039,0.357715944749578,0.510741630198195
1.36771637218086,0.218233858953934,6.08821431651034e-09,0.12689609667561,0.148010762547174,0.35779696724171,0.510802926329151
1.36784979446238,0.217384791052439,6.08603931612853e-09,0.126169437114433,0.148091515078555,0.357878012150109,0.510864229654029
1.36798321674391,0.216542107269955,6.08386548105928e-09,0.125448704350043,0.148172329880729,0.357959079480295,0.510925540172711
1.36807366984993,0.215974413711868,6.08239240058696e-09,0.124963426594477,0.148227153403548,0.358014051510763,0.51096710948705
1.36811663902543,0.215705747419986,6.08169281047029e-09,0.124733837632404,0.148253207013308,0.358040169237791,0.51098685788508
1.36825006130695,0.214875651954529,6.07952130352999e-09,0.124024776934782,0.148334146535968,0.358121281428117,0.511048182791017
1.36838348358847,0.214051762000214,6.07735095940755e-09,0.12332146294442,0.148415148508453,0.358202416056795,0.511109514890402
1.36851690586999,0.213234019321843,6.07518177727288e-09,0.122623837053318,0.148496212990568,0.358283573129345,0.511170854183116
1.36865032815151,0.212422366329704,6.07301375629664e-09,0.121931841349147,0.148577340042185,0.358364752651287,0.511232200669038
1.36878375043303,0.211616746057254,6.07084689565022e-09,0.121245418606261,0.148658529723241,0.358445954628141,0.511293554348045
1.36891717271455,0.210817102168397,6.06868119450576e-09,0.120564512276841,0.148739782093739,0.358527179065426,0.511354915220017
1.36905059499607,0.210023378961553,6.06651665203612e-09,0.119889066482138,0.148821097213745,0.358608425968662,0.51141628328483
1.36918401727759,0.209235521317969,6.06435326741491e-09,0.119219026003837,0.148902475143393,0.358689695343366,0.51147765854236
1.36931743955912,0.208453474739728,6.06219103981649e-09,0.118554336275533,0.14898391594288,0.358770987195057,0.511539040992484
1.36943701682583,0.207757473478959,6.06025416556787e-09,0.117963122778922,0.149056959233961,0.358843862626433,0.511594059996501
1.36945086184064,0.207677185315559,6.06002996841592e-09,0.11789494337431,0.14906541967247,0.358852301529254,0.511600430635076
1.36958428412216,0.206906599744314,6.05787005238903e-09,0.117240794012441,0.149146986392492,0.358933638351472,0.511661827470011
1.36971770640368,0.206141665274754,6.05571129091237e-09,0.116591835529176,0.149228616163341,0.359014997667229,0.511723231497162
1.3698511286852,0.20538232975964,6.05355368316321e-09,0.11594801588267,0.149310309045478,0.359096379482042,0.511784642716403
1.36998455096672,0.20462854161349,6.05139722831958e-09,0.115309283641972,0.149392065099428,0.359177783801427,0.511846061127605
1.37011797324824,0.203880249800065,6.04924192556022e-09,0.114675587979164,0.149473884385784,0.359259210630899,0.511907486730641
1.37025139552976,0.203137403856393,6.04708777406462e-09,0.11404687866157,0.149555766965203,0.359340659975975,0.51196891952538
1.37038481781128,0.20239995385482,6.04493477301298e-09,0.113423106044082,0.14963771289841,0.359422131842168,0.512030359511694
1.3705182400928,0.20166785042574,6.04278292158623e-09,0.112804221061588,0.149719722246195,0.359503626234994,0.512091806689452
1.37065166237433,0.200941044721527,6.04063221896606e-09,0.112190175221493,0.149801795069414,0.359585143159966,0.512153261058521
1.37078508465585,0.200219488423831,6.03848266433486e-09,0.11158092059634,0.149883931428989,0.359666682622598,0.512214722618772
1.37080036380173,0.200137190662091,6.03823657658369e-09,0.111511454082086,0.149893341512132,0.35967602173192,0.512221761483364
1.37091850693737,0.199503133755479,6.03633425687574e-09,0.110976409816536,0.149966131385909,0.359748244628403,0.51227619137007
1.37105192921889,0.198791933434071,6.03418699577257e-09,0.110376596063166,0.150048395001229,0.359829829182895,0.512337667312283
1.37118535150041,0.198085840707226,6.0320408802099e-09,0.109781433060907,0.150130722336071,0.359911436291585,0.512399150445277
1.37131877378193,0.19738480931487,6.02989590937306e-09,0.109190875071031,0.150213113451622,0.359993065959986,0.512460640768916
1.37145219606345,0.196688793504221,6.02775208244805e-09,0.10860487688451,0.150295568409137,0.360074718193608,0.512522138283066
1.37158561834497,0.195997748012545,6.02560939862162e-09,0.108023393815204,0.150378087269938,0.360156392997963,0.51258364298759
1.37171904062649,0.195311628063994,6.02346785708126e-09,0.107446381693143,0.150460670095412,0.360238090378562,0.512645154882351
1.37185246290801,0.194630389366147,6.02132745701514e-09,0.106873796857904,0.150543316947014,0.360319810340915,0.512706673967212
1.37198588518954,0.193953988103132,6.01918819761219e-09,0.106305596152066,0.150626027886266,0.360401552890531,0.512768200242035
1.37211930747106,0.193282380927389,6.01705007806203e-09,0.10574173691476,0.150708802974757,0.36048331803292,0.51282973370668
1.37216371077763,0.19305992401445,6.01633875858309e-09,0.105555038556847,0.150736364992212,0.360510534711419,0.512850213809482
1.37225272975258,0.192615524956879,6.01491309755502e-09,0.105182176975308,0.150791642274141,0.360565105773591,0.512891274361009
1.3723861520341,0.191953377767828,6.01277725528223e-09,0.104626874646936,0.150874545846143,0.360646916118051,0.51295282220488
1.37251957431562,0.191295897398427,6.01064255043545e-09,0.104075788720585,0.150957513752551,0.360728749071809,0.513014377238152
1.37265299659714,0.190643042322468,6.0085089822072e-09,0.103528878458794,0.151040546055223,0.360810604640372,0.513075939460685
1.37278641887866,0.1899947714703,6.00637654979068e-09,0.102986103589671,0.151123642816084,0.360892482829248,0.513137508872334
1.37291984116018,0.189351044199106,6.00424525237984e-09,0.102447424300947,0.151206804097125,0.360974383643942,0.513199085472958
1.3730532634417,0.188711820303744,6.00211508916933e-09,0.1019128012341,0.151290029960406,0.361056307089961,0.513260669262412
1.37318668572322,0.188077060007274,5.99998605935453e-09,0.101382195478577,0.151373320468054,0.361138253172809,0.513322260240552
1.37332010800475,0.187446723954694,5.99785816213151e-09,0.100855568566065,0.151456675682263,0.361220221897994,0.513383858407232
1.37345353028627,0.18682077321022,5.99573139669707e-09,0.100332882464872,0.151540095665296,0.361302213271018,0.513445463762306
1.37352705775352,0.18647767927173,5.99455984443387e-09,0.100046506828546,0.151586095151946,0.361347407444431,0.513479416829058
1.37358695256779,0.186199169249071,5.99360576224872e-09,0.0998140995743601,0.151623580479483,0.361384227297386,0.513507076305629
1.37372037484931,0.185581873955875,5.99148125798466e-09,0.0992991827194638,0.151707130187222,0.361466263982602,0.513568696037051
1.37385379713083,0.184968849615392,5.98935788310384e-09,0.0987880951452787,0.151790744850978,0.361548323332169,0.513630322956425
1.37398721941235,0.184360058912782,5.98723563680588e-09,0.0982808005117265,0.151874424533286,0.361630405351589,0.513691957063602
1.37412064169387,0.183755464918637,5.98511451829113e-09,0.0977772628882893,0.151958169296747,0.361712510046365,0.513753598358434
1.37425406397539,0.183155031118275,5.98299452676065e-09,0.0972774467488168,0.152041979204032,0.361794637421999,0.513815246840768
1.37438748625691,0.182558721352629,5.9808756614162e-09,0.0967813169664024,0.152125854317879,0.36187678748399,0.513876902510455
1.37452090853844,0.181966499853325,5.97875792146025e-09,0.0962888388083299,0.152209794701094,0.361958960237841,0.513938565367343
1.37465433081996,0.181378331230375,5.97664130609597e-09,0.0957999779310873,0.152293800416554,0.362041155689051,0.514000235411278
1.37478775310148,0.180794180463294,5.97452581452724e-09,0.0953147003754491,0.1523778715272,0.36212337384312,0.51406191264211
1.37489040472942,0.180347463064868,5.97289897483712e-09,0.094943758358305,0.152442598200959,0.36218664580547,0.514109370388609
1.374921175383,0.180214012895825,5.97241144595864e-09,0.0948329725616243,0.152462008096046,0.362205614705547,0.514123597059682
1.37505459766452,0.179637794230455,5.97029819959546e-09,0.0943547612844707,0.152546210186171,0.362287878281831,0.514185288663841
1.37518801994604,0.179065490542129,5.9681860746437e-09,0.0938800337087732,0.152630477860726,0.36237016457747,0.514246987454432
1.37532144222756,0.178497068241032,5.96607507031003e-09,0.0934087573645872,0.152714811182929,0.362452473597961,0.514308693431299
1.37545486450908,0.177932494102064,5.96396518580187e-09,0.0929409001426434,0.152799210216065,0.362534805348802,0.514370406594284
1.3755882867906,0.177371735236564,5.96185642032729e-09,0.0924764302898162,0.152883675023492,0.362617159835489,0.514432126943231
1.37572170907212,0.176814759105601,5.9597487730951e-09,0.0920153164046527,0.152968205668635,0.362699537063518,0.514493854477981
1.37585513135365,0.176261533499503,5.95764224331479e-09,0.0915575274329621,0.153052802214986,0.362781937038384,0.514555589198376
1.37598855363517,0.175712026542089,5.95553683019655e-09,0.0911030326634653,0.153137464726109,0.362864359765583,0.514617331104256
1.37612197591669,0.175166206699554,5.95343253295127e-09,0.0906518017235028,0.153222193265637,0.36294680525061,0.514679080195461
1.37625375170532,0.174630711147345,5.95135529824244e-09,0.090209313480849,0.153305941089127,0.363028255663747,0.514740074326926
1.37625539819821,0.174624042747072,5.95132935079053e-09,0.0902038045748008,0.153306987897271,0.363029273498957,0.51474083647183
1.37638882047973,0.174085503792709,5.94922728292662e-09,0.0897590115092948,0.153391848684782,0.363111764516118,0.5148025999332
1.37652224276125,0.173550559259071,5.94712632857252e-09,0.08931739314501,0.15347677569201,0.363194278307586,0.514864370579411
1.37665566504277,0.173019178887287,5.9450264869419e-09,0.0888789204219931,0.153561768982867,0.363276814878854,0.514926148410298
1.37678908732429,0.172491332722015,5.94292775724912e-09,0.0884435645983111,0.15364682862133,0.363359374235413,0.514987933425698
1.37692250960581,0.171966991122063,5.94083013870924e-09,0.0880112972460852,0.15373195467145,0.363441956382755,0.515049725625446
1.37705593188733,0.171446124749944,5.93873363053803e-09,0.087582090247597,0.153817147197345,0.363524561326369,0.515111525009377
1.37718935416886,0.170928704561959,5.93663823195191e-09,0.0871559157914356,0.153902406263204,0.363607189071746,0.515173331577325
1.37732277645038,0.170414701816563,5.93454394216803e-09,0.0867327463687007,0.153987731933287,0.363689839624375,0.515235145329123
1.3774561987319,0.169904088058555,5.93245076040421e-09,0.0863125547692565,0.154073124271922,0.363772512989746,0.515296966264604
1.37758962101342,0.169396835139057,5.93035868587897e-09,0.0858953140780359,0.154158583343507,0.363855209173346,0.5153587943836
1.37761709868122,0.169292783670933,5.92992797076423e-09,0.0858097493990651,0.154176191515007,0.363872242882867,0.515371528475024
1.37772304329494,0.168892915177124,5.92826771781151e-09,0.0854809976713946,0.154244109212512,0.363937928180664,0.515420629685941
1.37785646557646,0.168392300585656,5.92617785542172e-09,0.0850695792135146,0.154329701943476,0.364020670017187,0.515482472171459
1.37798988785798,0.167894964054547,5.92408909793019e-09,0.0846610326528551,0.154415361601009,0.364103434688401,0.515544321839982
1.3781233101395,0.167400878549529,5.92200144455817e-09,0.0842553322186527,0.15450108824979,0.364186222199792,0.515606178691341
1.37825673242102,0.166910017310127,5.91991489452762e-09,0.0838524524174671,0.15458688195457,0.364269032556847,0.515668042725362
1.37839015470254,0.166422353848649,5.91782944706118e-09,0.0834523680297747,0.15467274278017,0.364351865765049,0.515729913941873
1.37852357698407,0.165937861937645,5.91574510138217e-09,0.0830550541066066,0.154758670791481,0.364434721829883,0.515791792340702
1.37865699926559,0.165456515628039,5.9136618567146e-09,0.0826604859662328,0.154844666053466,0.364517600756834,0.515853677921675
1.37879042154711,0.164978289216373,5.91157971228314e-09,0.0822686391908903,0.154930728631157,0.364600502551383,0.515915570684616
1.37892384382863,0.164503157264069,5.90949866731319e-09,0.0818794896235554,0.155016858589658,0.364683427219014,0.51597747062935
1.37898044565712,0.164302520387666,5.90861615609912e-09,0.0817152094148741,0.155053417934365,0.364718613320509,0.5160037326561
1.37905726611015,0.16403109459277,5.90741872103077e-09,0.0814930133647591,0.155103055994144,0.364766374765208,0.516039377755702
1.37919068839167,0.163562076263682,5.90533987266265e-09,0.0811091867694452,0.155189320909861,0.364849345195448,0.516101292063494
1.37932411067319,0.163096077596699,5.90326212143621e-09,0.0807279864438706,0.155275653402126,0.364932338515212,0.516163213552549
1.37945753295471,0.162633074160511,5.90118546657956e-09,0.0803493892425466,0.155362053536327,0.365015354729983,0.516225142222688
1.37959095523623,0.162173041760874,5.89910990732147e-09,0.0799733722652219,0.155448521377922,0.365098393845239,0.516287078073733
1.37972437751775,0.161715956445145,5.89703544289138e-09,0.0795999128539053,0.155535056992443,0.365181455866459,0.516349021105503
1.37985779979928,0.161261794505668,5.89496207251944e-09,0.0792289885899286,0.155621660445491,0.365264540799121,0.516410971317819
1.3799912220808,0.16081053245936,5.89288979543643e-09,0.0788605772910458,0.15570833180274,0.365347648648704,0.516472928710499
1.38012464436232,0.160362147063867,5.89081861087384e-09,0.0784946570085803,0.155795071129935,0.365430779420683,0.516534893283361
1.38025806664384,0.159916615301032,5.88874851806382e-09,0.0781312060245943,0.155881878492892,0.365513933120537,0.516596865036223
1.38034379263302,0.159631849070237,5.88741902544427e-09,0.0778989758283969,0.155937689568757,0.365567372828109,0.516636686685485
1.38039148892536,0.159473914390838,5.88667951623921e-09,0.0777702028491126,0.1559687539575,0.36559710975374,0.516658843968901
1.38052491120688,0.159034021767511,5.8846116046335e-09,0.0774116262173717,0.156055697589719,0.365680309325767,0.516720830081211
1.3806583334884,0.158596915089953,5.88254478248087e-09,0.0770554550871107,0.15614270945558,0.365763531842094,0.516782823372968
1.38079175576992,0.158162572243124,5.88047904901617e-09,0.076701668635897,0.156229789621189,0.365846777308193,0.516844823843987
1.38092517805144,0.157730971323609,5.87841440347492e-09,0.076350246258487,0.15631693815272,0.365930045729539,0.516906831494081
1.38105860033296,0.157302090638107,5.87635084509332e-09,0.0760011675642229,0.156404155116422,0.366013337111604,0.516968846323063
1.38119202261449,0.156875908713037,5.87428837310821e-09,0.0756544123744628,0.156491440578614,0.36609665145986,0.517030868330746
1.38132544489601,0.156452404290685,5.87222698675714e-09,0.0753099607200458,0.15657879460569,0.366179988779778,0.517092897516941
1.38145886717753,0.156031556305857,5.87016668527829e-09,0.0749677928387901,0.156666217264114,0.366263349076829,0.517154933881458
1.38159228945905,0.155613343911724,5.86810746791055e-09,0.0746278891730243,0.156753708620424,0.366346732356482,0.517216977424109
1.38170713960891,0.155255440942622,5.86633575741687e-09,0.0743370980625536,0.156829076414207,0.366418527250539,0.5172703903706
1.38172571174057,0.155197746457375,5.86604933389344e-09,0.0742902303671513,0.156841268741229,0.366430138624209,0.517279028144701
1.38185913402209,0.154784743497169,5.86399228246716e-09,0.0739547972652444,0.156928897693212,0.366513567885476,0.517341086043045
1.38199255630361,0.15437431477628,5.86193631287258e-09,0.073621570908675,0.157016595543127,0.366597020145752,0.517403151118947
1.38212597858513,0.153966440245731,5.85988142435124e-09,0.0732905325337718,0.157104362357802,0.366680495410505,0.517465223372214
1.38225940086665,0.153561100046821,5.85782761614533e-09,0.0729616635695102,0.157192198204138,0.366763993685201,0.517527302802653
1.38239282314818,0.153158274512351,5.85577488749772e-09,0.0726349456352331,0.157280103149109,0.366847514975306,0.51758938941007
1.3825262454297,0.152757944164782,5.85372323765192e-09,0.0723103605384004,0.15736807725976,0.366931059286285,0.51765148319427
1.38265966771122,0.152360089713088,5.85167266585213e-09,0.0719878902723691,0.157456120603211,0.367014626623604,0.517713584155056
1.38279308999274,0.151964692057984,5.84962317134319e-09,0.071667517014202,0.157544233246655,0.367098216992726,0.517775692292233
1.38292651227426,0.151571732273238,5.84757475337061e-09,0.0713492231225051,0.157632415257358,0.367181830399115,0.517837807605602
1.38305993455578,0.151181191622933,5.84552741118056e-09,0.0710329911352933,0.157720666702658,0.367265466848233,0.517899930094966
1.38307048658481,0.151150407432667,5.84536553797453e-09,0.0710080686228881,0.157727649249942,0.367272082425776,0.517904843510911
1.3831933568373,0.150793051549554,5.84348114401988e-09,0.0707188037678851,0.157808987649968,0.367349126345542,0.517962059760126
1.38332677911882,0.150407293669117,5.84143595113605e-09,0.0704066439108206,0.157897378166775,0.367432808896503,0.518024196600883
1.38346020140034,0.150023899777849,5.83939183177722e-09,0.0700964946278158,0.157985838320637,0.367516514506577,0.518086340617035
1.38359362368186,0.149642851840782,5.83734878519219e-09,0.0697883391537307,0.158074368179188,0.367600243181224,0.518148491808383
1.38372704596339,0.14926413199958,5.83530681063043e-09,0.069482160892576,0.158162967810134,0.367683994925904,0.518210650174724
1.38386046824491,0.148887722560908,5.83326590734205e-09,0.0691779434155382,0.158251637281256,0.367767769746073,0.518272815715856
1.38399389052643,0.148513606000202,5.83122607457782e-09,0.0688756704590335,0.15834037666041,0.367851567647191,0.518334988431576
1.38412731280795,0.148141764966456,5.82918731158918e-09,0.0685753259227857,0.158429186015521,0.367935388634714,0.51839716832168
1.38426073508947,0.147772182262621,5.82714961762821e-09,0.0682768938679296,0.158518065414595,0.368019232714098,0.518459355385962
1.38439415737099,0.147404840858419,5.82511299194764e-09,0.0679803585151393,0.158607014925706,0.368103099890799,0.518521549624219
1.38443383356071,0.147296033277859,5.8245075603367e-09,0.0678925404609091,0.158633479647214,0.368128044184576,0.518540045897883
1.38452757965251,0.147039723882234,5.82307743380087e-09,0.06768570424278,0.158696034617005,0.368186990170273,0.518583751036243
1.38466100193403,0.146676814629679,5.82104294244193e-09,0.0673929155850839,0.158785124556718,0.368270903557972,0.518645959621827
1.38479442421555,0.146316096543471,5.81900951712551e-09,0.0671019772303501,0.158874284813144,0.368354840059351,0.518708175380764
1.38492784649707,0.145957553222558,5.81697715710697e-09,0.0668128740191674,0.158963515454656,0.368438799679862,0.518770398312845
1.3850612687786,0.145601168433982,5.81494586164229e-09,0.0665255909426598,0.159052816549703,0.368522782424958,0.518832628417862
1.38519469106012,0.145246926072017,5.81291562998812e-09,0.0662401131407551,0.159142188166807,0.368606788300089,0.518894865695604
1.38532811334164,0.144894810200411,5.81088646140174e-09,0.0659564259004751,0.159231630374566,0.368690817310705,0.518957110145861
1.38546153562316,0.144544805028148,5.8088583551411e-09,0.0656745146542487,0.159321143241652,0.368774869462258,0.519019361768421
1.38559495790468,0.144196894908901,5.80683131046478e-09,0.0653943649782458,0.159410726836812,0.368858944760195,0.519081620563072
1.3857283801862,0.143851064341994,5.80480532663202e-09,0.0651159625907329,0.159500381228868,0.368943043209965,0.519143886529601
1.38579718053661,0.14367354144095,5.8037610249071e-09,0.0649730801660725,0.159546639978189,0.368986418350134,0.519175997314933
1.38586180246772,0.143507297970622,5.8027804029027e-09,0.0648392933504499,0.159590106486716,0.369027164817015,0.519206159667795
1.38599522474924,0.143165580584029,5.80075653853734e-09,0.0645643432550073,0.15967990267933,0.369111309586793,0.51926843997744
1.38612864703076,0.142825897106864,5.79873373279711e-09,0.0642910984393043,0.159769769875756,0.369195477524744,0.519330727458319
1.38626206931228,0.142488232607475,5.79671198494383e-09,0.0640195451739669,0.159859708145117,0.369279668636313,0.519393022110218
1.38639549159381,0.1421525722886,5.79469129423995e-09,0.0637496698638056,0.159949717556609,0.369363882926945,0.51945532393292
1.38652891387533,0.141818901496068,5.79267165994858e-09,0.0634814590462942,0.160039798179507,0.369448120402083,0.519517632926206
1.38666233615685,0.141487205700195,5.79065308133344e-09,0.0632148993900637,0.160129950083159,0.369532381067171,0.51957994908986
1.38679575843837,0.141157470514175,5.78863555765894e-09,0.0629499776934241,0.160220173336988,0.369616664927651,0.519642272423663
1.38692918071989,0.140829681681409,5.78661908819008e-09,0.0626866808828925,0.160310468010496,0.369700971988964,0.519704602927394
1.38706260300141,0.1405038250698,5.78460367219254e-09,0.0624249960117524,0.160400834173257,0.36978530225655,0.519766940600833
1.38716052751251,0.140265885866514,5.78312513919704e-09,0.0622339521677283,0.160467203424908,0.369847210737747,0.519812697537383
1.38719602528293,0.1401798866857,5.78258930893262e-09,0.0621649102586221,0.160491271894922,0.36986965573585,0.51982928544376
1.38732944756445,0.139857852656337,5.78057599767725e-09,0.0619064109260465,0.160581781245219,0.369954032432302,0.519891637455952
1.38746286984597,0.139537709237231,5.77856373769401e-09,0.0616494854391036,0.160672362293952,0.370038432351345,0.519953996637187
1.38759629212749,0.139219442813091,5.77655252825114e-09,0.0613941213440306,0.160763015110998,0.370122855498416,0.520016362987241
1.38772971440902,0.138903039886493,5.77454236861747e-09,0.0611403063068663,0.160853739766314,0.370207301878952,0.52007873650589
1.38786313669054,0.138588487087932,5.77253325806249e-09,0.060888028112111,0.160944536329931,0.370291771498389,0.52014111719291
1.38799655897206,0.138275771165271,5.77052519585634e-09,0.0606372746614028,0.161035404871958,0.370376264362161,0.520203505048075
1.38812998125358,0.137964878984115,5.76851818126976e-09,0.0603880339722111,0.161126345462577,0.370460780475704,0.520265900071158
1.3882634035351,0.137655797537006,5.76651221357416e-09,0.0601402941765463,0.161217358172051,0.37054531984445,0.520328302261932
1.38839682581662,0.137348513930106,5.76450729204156e-09,0.0598940435196854,0.161308443070716,0.370629882473832,0.52039071162017
1.3885238744884,0.137057568697007,5.76259911774979e-09,0.0596609297897566,0.161395243988327,0.370710427154471,0.520450146332417
1.38853024809814,0.137043015381603,5.76250341594461e-09,0.0596492703589138,0.161399600228986,0.370714468369282,0.520453128145643
1.38866367037966,0.136739289228229,5.76050058455662e-09,0.0594059631622829,0.161490829717352,0.370799077536231,0.520515551838121
1.38879709266118,0.136437322924139,5.7584987971515e-09,0.0591641105073831,0.161582131606382,0.370883709980109,0.520577982697374
1.3889305149427,0.136137104029402,5.7564980530038e-09,0.0589237010801321,0.161673505966719,0.370968365706345,0.520640420723171
1.38906393722423,0.135838620217577,5.75449835138871e-09,0.0586847236735783,0.161764952869085,0.371053044720368,0.520702865915281
1.38919735950575,0.135541859274599,5.75249969158204e-09,0.0584471671867193,0.161856472384278,0.371137747027606,0.520765318273472
1.38933078178727,0.135246809094745,5.75050207286023e-09,0.0582110206233345,0.161948064583173,0.371222472633486,0.520827777797509
1.38946420406879,0.13495345767985,5.74850549450036e-09,0.0579762730908331,0.162039729536724,0.371307221543433,0.52089024448716
1.38959762635031,0.134661793136383,5.74650995578011e-09,0.0577429137991154,0.162131467315959,0.371391993762873,0.520952718342189
1.38973104863183,0.13437180368067,5.74451545597781e-09,0.0575109320594492,0.162223277991987,0.37147678929723,0.521015199362362
1.38986447091335,0.134083477632668,5.74252199437242e-09,0.0572803172833595,0.162315161635992,0.371561608151928,0.521077687547441
1.3898872214643,0.134034478769811,5.74218218206579e-09,0.0572411295752234,0.162330836497424,0.37157607339877,0.521088343459034
1.38999789319487,0.133796803409918,5.74052957024349e-09,0.0570510589815303,0.162407118319237,0.37164645033239,0.52114018289719
1.39013131547639,0.133511769541846,5.73853818287125e-09,0.056823146762726,0.162499148113061,0.371731315844036,0.521202685411371
1.39026473775791,0.133228364656123,5.7365478315365e-09,0.0565965703327158,0.162591251088882,0.371816204692288,0.521265195089746
1.39039816003944,0.132946577474001,5.7345585155207e-09,0.0563713194932236,0.162683427318196,0.371901116882566,0.521327711932075
1.39053158232096,0.132666396824938,5.73257023410591e-09,0.0561473841408786,0.162775676872575,0.37198605242029,0.521390235938118
1.39066500460248,0.13238781163178,5.73058298657483e-09,0.055924754266189,0.162867999823671,0.372071011310878,0.521452767107636
1.390798426884,0.132110810919801,5.72859677221078e-09,0.0557034199525222,0.162960396243214,0.372155993559747,0.521515305440385
1.39093184916552,0.131835383803783,5.72661159029768e-09,0.0554833713750992,0.16305286620301,0.372240999172313,0.521577850936124
1.39106527144704,0.131561519494122,5.72462744012009e-09,0.0552645988000021,0.163145409774946,0.372326028153994,0.521640403594611
1.39119869372856,0.131289207305686,5.72264432096319e-09,0.0550470925831925,0.163238027030985,0.372411080510203,0.5217029634156
1.3912505684402,0.131183748826638,5.7218735605289e-09,0.0549628657953684,0.163274056618373,0.372444155260167,0.521727288667996
1.39133211601008,0.131018436632164,5.72066223211277e-09,0.0548308431695424,0.163330718043169,0.372496156246354,0.521765530398847
1.3914655382916,0.130749196971345,5.71868117285525e-09,0.0546158410918772,0.16342348288362,0.372581255367861,0.521828104544108
1.39159896057312,0.130481477902643,5.71670114247764e-09,0.0544020769700298,0.163516321624536,0.372666377880135,0.521890685851135
1.39173238285465,0.130215269109484,5.71472214026761e-09,0.0541895415099067,0.163609234338197,0.372751523788589,0.521953274319683
1.39186580513617,0.129950560350187,5.7127441655134e-09,0.0539782255025649,0.163702221096957,0.372836693098632,0.522015869949503
1.39199922741769,0.129687341479566,5.71076721750391e-09,0.0537681198233007,0.163795281973253,0.372921885815675,0.522078472740348
1.39213264969921,0.129425602442606,5.70879129552862e-09,0.0535592154307486,0.1638884170396,0.373007101945125,0.522141082691967
1.39226607198073,0.129165333260633,5.70681639887764e-09,0.0533515033659924,0.163981626368589,0.37309234149239,0.522203699804111
1.39239949426225,0.128906524054663,5.7048425268417e-09,0.0531449747516854,0.164074910032895,0.373177604462878,0.52226632407653
1.39253291654377,0.128649165019619,5.70286967871213e-09,0.0529396207911829,0.164168268105267,0.373262890861994,0.522328955508971
1.3926139154161,0.128493629112371,5.70167248833339e-09,0.0528155224855397,0.164224980863798,0.373314678518884,0.522366981701791
1.39266633882529,0.128393246442132,5.70089785378087e-09,0.0527354327676839,0.164261700658538,0.373348200695143,0.522391594101183
1.39279976110681,0.128138758688132,5.6989270513405e-09,0.0525324020433838,0.164355207765616,0.373433533967729,0.522454239852913
1.39293318338834,0.127885692203699,5.69695727068417e-09,0.0523305200586369,0.164448789499492,0.373518890685156,0.522516892763906
1.39306660566986,0.127634037530418,5.69498851110568e-09,0.0521297783311293,0.164542445933234,0.373604270852825,0.522579552833909
1.39320002795138,0.127383785270126,5.69302077189941e-09,0.0519301684550617,0.16463617713999,0.373689674476138,0.522642220062666
1.3933334502329,0.127134926120557,5.69105405236037e-09,0.0517316821003413,0.164729983192989,0.373775101560496,0.522704894449921
1.39346687251442,0.126887450848521,5.68908835178416e-09,0.0515343110117849,0.164823864165539,0.373860552111297,0.522767575995417
1.39360029479594,0.126641350311856,5.687123669467e-09,0.0513380470083287,0.164917820131027,0.37394602613394,0.522830264698896
1.39373371707746,0.126396615435032,5.68516000470572e-09,0.0511428819822527,0.16501185116292,0.374031523633823,0.522892960560101
1.39386713935898,0.126153237222716,5.68319735679776e-09,0.0509488078984066,0.165105957334766,0.374117044616342,0.522955663578771
1.393977262392,0.125953375283908,5.68157820741204e-09,0.050789440719065,0.165183686602083,0.374187648945484,0.523007422294577
1.3940005616405,0.125911206759095,5.68123572504114e-09,0.0507558167934533,0.165200138720193,0.374202589086894,0.523018373754648
1.39413398392202,0.125670515196712,5.67927510873452e-09,0.0505639007751151,0.165294395392909,0.374288157050872,0.52308109108747
1.39426740620355,0.125431153771033,5.67731550717714e-09,0.050373052021432,0.1653887274267,0.374373748513671,0.523143815576976
1.39440082848507,0.125193113784326,5.67535691966887e-09,0.0501832627800279,0.165483134895436,0.374459363480683,0.523206547222903
1.39453425076659,0.124956386618399,5.67339934551015e-09,0.0499945253673853,0.165577617873065,0.374545001957301,0.523269286024989
1.39466767304811,0.124720963723714,5.67144278400204e-09,0.049806832168129,0.165672176433617,0.374630663948914,0.52333203198297
1.39480109532963,0.124486836620585,5.66948723444622e-09,0.0496201756343185,0.1657668106512,0.374716349460914,0.523394785096581
1.39493451761115,0.12425399690808,5.66753269614494e-09,0.0494345482847474,0.165861520600006,0.374802058498688,0.523457545365557
1.39506793989267,0.124022436245822,5.66557916840107e-09,0.0492499427042531,0.165956306354306,0.374887791067625,0.523520312789632
1.39520136217419,0.123792146371071,5.66362665051808e-09,0.0490663515430326,0.166051167988451,0.374973547173112,0.523583087368539
1.39533478445571,0.123563119084593,5.66167514180004e-09,0.0488837675159677,0.166146105576874,0.375059326820535,0.52364586910201
1.39534060936789,0.1235531489157,5.66158996636496e-09,0.0488758191463045,0.166150252066759,0.375063072300502,0.52364861017214
1.39546820673723,0.123335346261319,5.65972464155161e-09,0.0487021834019578,0.16624111919409,0.375145130015279,0.523708657989777
1.39560162901876,0.123108819837412,5.65777514907806e-09,0.0485215920432602,0.166336208914693,0.375230956762728,0.523771454031571
1.39573505130028,0.12288353182032,5.65582666368524e-09,0.0483419863448383,0.16643137481336,0.375316807068265,0.523834257227121
1.3958684735818,0.122659474285096,5.65387918467963e-09,0.0481633592737174,0.166526616964847,0.375402680937272,0.523897067576157
1.39600189586332,0.122436639366107,5.65193271136828e-09,0.0479857038583485,0.166621935443995,0.37548857837513,0.523959885078407
1.39613531814484,0.122215019266748,5.64998724305884e-09,0.0478090131879786,0.166717330325722,0.375574499387219,0.524022709733599
1.39626874042636,0.121994606256092,5.64804277905957e-09,0.0476332804120288,0.16681280168503,0.375660443978919,0.52408554154146
1.39640216270788,0.121775392666734,5.6460993186793e-09,0.0474584987394803,0.166908349597004,0.375746412155606,0.524148380501716
1.3965355849894,0.121557370892744,5.64415686122748e-09,0.0472846614382662,0.167003974136808,0.375832403922659,0.524211226614093
1.39666900727092,0.121340533390082,5.64221540601414e-09,0.0471117618346712,0.167099675379688,0.375918419285453,0.524274079878314
1.39670395634379,0.121283929060904,5.64170702038936e-09,0.0470666260974914,0.167124756365951,0.375940954334079,0.524290545051846
1.39680242955244,0.121124872678464,5.64027495234991e-09,0.0469397933127388,0.167195453400974,0.376004458249364,0.524336940294104
1.39693585183397,0.120910381341538,5.63833549954599e-09,0.0467687493136827,0.167291308276076,0.376090520819764,0.524399807861185
1.39706927411549,0.120697052017369,5.63639704691423e-09,0.0465986233353103,0.167387240080487,0.376176607002028,0.52446268257928
1.39720269639701,0.120484877405358,5.63445959376699e-09,0.0464294089314459,0.167483248889781,0.376262716801527,0.524525564448111
1.39733611867853,0.120273850272248,5.63252313941729e-09,0.0462610997113666,0.167579334779616,0.376348850223632,0.524588453467397
1.39746954096005,0.120063963435418,5.63058768317871e-09,0.0460936893392414,0.16767549782573,0.376435007273713,0.52465134963686
1.39760296324157,0.119855209772597,5.62865322436541e-09,0.0459271715335776,0.167771738103946,0.376521187957138,0.524714252956217
1.39773638552309,0.119647582223494,5.62671976229216e-09,0.0457615400666739,0.167868055690168,0.376607392279276,0.524777163425187
1.39786980780461,0.119441073780089,5.62478729627432e-09,0.045596788764079,0.167964450660381,0.376693620245493,0.524840081043488
1.39800323008613,0.119235677493477,5.62285582562781e-09,0.0454329115040572,0.168060923090657,0.376779871861155,0.524903005810836
1.39806730331969,0.11913743352249,5.62192863121018e-09,0.0453545217806329,0.168107279491895,0.376821300785583,0.524933226642593
1.39813665236765,0.119031386467124,5.62092534966917e-09,0.0452699022170595,0.168157473057145,0.376866147131627,0.524965937726948
1.39827007464918,0.118828193871529,5.6189958677155e-09,0.0451077548852013,0.168254100636083,0.376952446062271,0.525028876791538
1.3984034969307,0.118626092918925,5.6170673790845e-09,0.0449464635417455,0.168350805903786,0.377038768658451,0.525091823004321
1.39853691921222,0.118425076883307,5.61513988309446e-09,0.0447860222705918,0.168447588936657,0.377125114925528,0.525154776365011
1.39867034149374,0.118225139090392,5.61321337906424e-09,0.0446264252057718,0.168544449811178,0.377211484868862,0.52521773687332
1.39880376377526,0.118026272925712,5.6112878663133e-09,0.0444676665309498,0.168641388603917,0.377297878493813,0.52528070452896
1.39893718605678,0.117828471815206,5.60936334416167e-09,0.0443097404789292,0.168738405391524,0.377384295805739,0.525343679331643
1.3990706083383,0.117631729249734,5.60743981192996e-09,0.0441526413311648,0.168835500250733,0.377470736809996,0.525406661281078
1.39920403061982,0.117436038769301,5.60551726893939e-09,0.04399636341728,0.168932673258361,0.377557201511942,0.525469650376976
1.39933745290134,0.117241393956909,5.60359571451172e-09,0.04384090111459,0.169029924491307,0.377643689916931,0.525532646619046
1.39943065029559,0.117106048659006,5.60225406701152e-09,0.0437327893052958,0.169097902330513,0.377704117383231,0.525576654644764
1.39947087518286,0.117047788462626,5.60167514796933e-09,0.0436862488476304,0.169127254026557,0.377730202030317,0.525595650006995
1.39960429746439,0.116855215970945,5.59975556863516e-09,0.0435324010876906,0.169224661941178,0.377816737857453,0.525658660540532
1.39973771974591,0.116663670230358,5.59783697583273e-09,0.0433793523523531,0.169322148312322,0.37790329740369,0.525721678219361
1.39987114202743,0.116473145026988,5.59591936888615e-09,0.0432270972050375,0.169419713217224,0.377989880674379,0.525784703043189
1.40000456430895,0.1162836342034,5.59400274712009e-09,0.0430756302545499,0.169517356733203,0.37807648767487,0.525847735011722
1.40013798659047,0.116095131654254,5.59208710985983e-09,0.0429249461546374,0.169615078937663,0.378163118410511,0.525910774124662
1.40027140887199,0.115907631311786,5.59017245643118e-09,0.0427750396035462,0.169712879908092,0.37824977288665,0.525973820381714
1.40040483115351,0.115721127164567,5.58825878616058e-09,0.0426259053435888,0.169810759722061,0.378336451108632,0.52603687378258
1.40053825343503,0.115535613244454,5.58634609837501e-09,0.0424775381607093,0.169908718457226,0.378423153081803,0.526099934326961
1.40067167571655,0.115351083635364,5.58443439240203e-09,0.0423299328840604,0.170006756191327,0.378509878811506,0.526163002014559
1.40079399727149,0.115182766735354,5.582682602369e-09,0.042195273434244,0.170096706671052,0.378589409843708,0.52622082875018
1.40080509799807,0.115167532463408,5.58252366756979e-09,0.042183084385581,0.170104873002191,0.378596628303085,0.526226076845074
1.4009385202796,0.114984953898838,5.58061392320701e-09,0.0420369875795792,0.170203068967725,0.378683401561881,0.526289158818205
1.40107194256112,0.114803342166097,5.57870515864298e-09,0.0418916374223211,0.170301344165924,0.378770198593234,0.526352247933651
1.40120536484264,0.114622691526333,5.57679737320755e-09,0.0417470289116227,0.170399698674868,0.378857019402485,0.52641534419111
1.40133878712416,0.114442996288055,5.57489056623118e-09,0.0416031570864477,0.170498132572719,0.378943863994971,0.526478447590278
1.40147220940568,0.11426425080651,5.57298473704485e-09,0.0414600170265083,0.170596645937726,0.37903073237603,0.526541558130851
1.4016056316872,0.114086449479538,5.57107988498017e-09,0.041317603851872,0.170695238848223,0.379117624550998,0.526604675812525
1.40173905396872,0.113909586749448,5.56917600936927e-09,0.0411759127225713,0.170793911382628,0.379204540525209,0.526667800634996
1.40187247625024,0.11373365709896,5.56727310954489e-09,0.0410349388382186,0.170892663619446,0.379291480303997,0.526730932597955
1.40200589853176,0.113558655057579,5.56537118484031e-09,0.0408946774376251,0.170991495637266,0.379378443892695,0.526794071701098
1.40213932081329,0.113384575194347,5.56347023458939e-09,0.0407551237984239,0.171090407514761,0.379465431296635,0.526857217944115
1.40215734424739,0.113361129910264,5.56321351818283e-09,0.040736326111795,0.171103775215785,0.379477183871775,0.526865748642052
1.40227274309481,0.113211412121229,5.56157025812656e-09,0.0406162732366969,0.171189399330692,0.379552442521145,0.526920371326697
1.40240616537633,0.113039160491468,5.55967125478683e-09,0.0404781211066064,0.171288471163905,0.379639477571557,0.526983531848537
1.40253958765785,0.112867815002929,5.55777322390576e-09,0.0403406628000307,0.17138762309333,0.379726536453196,0.527046699509323
1.40267300993937,0.112697370388868,5.55587616481947e-09,0.0402038937462027,0.171486855197984,0.379813619171392,0.527109874308745
1.40280643222089,0.112527821427576,5.55398007686468e-09,0.0400678094113538,0.171586167556969,0.379900725731467,0.52717305624649
1.40293985450241,0.112359162936437,5.55208495937865e-09,0.039932405298361,0.171685560249475,0.379987856138748,0.527236245322246
1.40307327678393,0.112191389769954,5.5501908116992e-09,0.0397976769463974,0.171785033354775,0.380075010398558,0.527299441535701
1.40320669906545,0.112024496826807,5.54829763316473e-09,0.0396636199305879,0.17188458695223,0.380162188516217,0.527362644886538
1.40334012134697,0.111858479039395,5.5464054231142e-09,0.039530229861667,0.171984221121287,0.380249390497048,0.527425855374444
1.4034735436285,0.111693331386424,5.54451418088714e-09,0.0393975023856417,0.172083935941479,0.38033661634637,0.527489072999103
1.40352069122328,0.111635180088467,5.54384610161181e-09,0.0393507579439213,0.172119191589765,0.380367445159877,0.52751141399493
1.40360696591002,0.1115290488751,5.54262390582362e-09,0.039265433183456,0.172183731492424,0.380423866069501,0.527552297760198
1.40374038819154,0.111365626559932,5.5407345972643e-09,0.0391340179706636,0.172283607853828,0.380511139671758,0.527615529657412
1.40387381047306,0.111203059527524,5.53884625455038e-09,0.0390032524970972,0.172383565105484,0.380598437158458,0.527678768690426
1.40400723275458,0.111041342904974,5.53695887702364e-09,0.0388731325465477,0.17248360332727,0.380685758534915,0.527742014858922
1.4041406550361,0.110880471853171,5.53507246402641e-09,0.0387436539364439,0.172583722599151,0.380773103806443,0.52780526816258
1.40427407731762,0.110720441570627,5.53318701490158e-09,0.0386148125175355,0.17268392300118,0.380860472978354,0.527868528601078
1.40440749959914,0.11056124729834,5.5313025289926e-09,0.0384866041735807,0.172784204613495,0.38094786605596,0.527931796174097
1.40454092188066,0.110402884303795,5.52941900564348e-09,0.0383590248210363,0.172884567516324,0.38103528304457,0.527995070881312
1.40467434416218,0.110245347895953,5.52753644419879e-09,0.0382320704087513,0.172985011789977,0.381122723949493,0.528058352722402
1.40480776644371,0.110088633418011,5.52565484400366e-09,0.0381057369176643,0.173085537514857,0.381210188776037,0.528121641697043
1.40488403819918,0.109999413969216,5.52457964600803e-09,0.0380337949135619,0.173143040350641,0.381260199387743,0.528157824474661
1.40494118872523,0.109932736249241,5.52377420440376e-09,0.0379800203605035,0.173186144771449,0.381297677529508,0.52818493780491
1.40507461100675,0.109777651801891,5.52189452474534e-09,0.0378549167814899,0.17328683364033,0.38138519021521,0.528248241045677
1.40520803328827,0.109623375522004,5.5200158043752e-09,0.0377304222560443,0.17338760420216,0.381472726838448,0.528311551419018
1.40534145556979,0.109469902895108,5.51813804264069e-09,0.0376065328904969,0.173488456537689,0.381560287404524,0.528374868924606
1.40547487785131,0.109317229432753,5.5162612388897e-09,0.0374832448217998,0.173589390727755,0.38164787191874,0.528438193562114
1.40560830013283,0.10916535068749,5.51438539247072e-09,0.0373605542172435,0.173690406853281,0.381735480386395,0.528501525331212
1.40574172241435,0.10901426223929,5.51251050273274e-09,0.0372384572741754,0.173791504995282,0.381823112812788,0.528564864231571
1.40587514469587,0.108863959707037,5.51063656902533e-09,0.0371169502197217,0.173892685234857,0.381910769203217,0.528628210262861
1.40600856697739,0.108714438735043,5.50876359069863e-09,0.0369960293105122,0.173993947653193,0.381998449562977,0.528691563424751
1.40614198925892,0.10856569500601,5.50689156710329e-09,0.0368756908324083,0.174095292331569,0.382086153897365,0.528754923716908
1.40624738517508,0.108448742703475,5.50541345085246e-09,0.0367810397079383,0.174175406998525,0.382155452221988,0.528804979738338
1.40627541154044,0.108417724234713,5.50502049759055e-09,0.0367559311002334,0.174196719351347,0.382173882211673,0.528818291139
1.40640883382196,0.10827052216317,5.50315038151218e-09,0.0366367464575064,0.174298228793981,0.382261634511194,0.528881665690694
1.40654225610348,0.108124084569823,5.5012812182205e-09,0.036518133276178,0.174399820741012,0.382349410801219,0.528945047371655
1.406675678385,0.107978407259782,5.49941300706839e-09,0.0364000879563698,0.174501495274069,0.382437211087038,0.529008436181547
1.40680910066652,0.107833486073281,5.49754574740928e-09,0.0362826069261159,0.174603252474869,0.38252503537394,0.529071832120036
1.40694252294804,0.107689316879791,5.49567943859714e-09,0.0361656866411078,0.174705092425219,0.382612883667212,0.529135235186784
1.40707594522956,0.107545895577823,5.49381407998649e-09,0.0360493235844415,0.174807015207014,0.382700755972139,0.529198645381453
1.40720936751108,0.107403218100924,5.4919496709324e-09,0.0359335142663662,0.174909020902238,0.382788652294007,0.529262062703705
1.4073427897926,0.107261280406189,5.49008621079049e-09,0.0358182552240393,0.175011109592963,0.382876572638099,0.529325487153201
1.40747621207413,0.107120078484362,5.48822369891692e-09,0.0357035430212785,0.17511328136135,0.382964517009697,0.5293889187296
1.40760963435565,0.106979608353402,5.48636213466839e-09,0.0355893742483216,0.175215536289651,0.383052485414081,0.529452357432563
1.40761073215098,0.106978455594692,5.48634682169123e-09,0.0355884371150427,0.17521637798591,0.383053209315701,0.529452879434248
1.40774305663717,0.106839866065313,5.48450151740217e-09,0.0354757455215855,0.175317874460204,0.383140477856532,0.529515803261747
1.40787647891869,0.106700847695627,5.48264184647606e-09,0.0353626534834294,0.175420295955438,0.383228494342327,0.529579256216809
1.40800990120021,0.106562549347712,5.48078312124839e-09,0.0352500948019193,0.175522800857872,0.383316534876744,0.529642716297407
1.40814332348173,0.106424967162863,5.47892534107805e-09,0.0351380661705963,0.175625389250113,0.383404599465057,0.529706183503196
1.40827674576325,0.106288097296493,5.47706850532448e-09,0.0350265643082457,0.175728061214857,0.383492688112541,0.529769657833831
1.40841016804477,0.106151935944309,5.47521261334764e-09,0.03491558595867,0.175830816834892,0.383580800824469,0.529833139288967
1.40854359032629,0.106016479322503,5.47335766450806e-09,0.0348051278904631,0.175933656193092,0.383668937606111,0.529896627868257
1.40867701260781,0.10588172367842,5.47150365816678e-09,0.0346951868967879,0.176036579372425,0.38375709846274,0.529960123571353
1.40881043488934,0.105747665285265,5.46965059368542e-09,0.0345857597951549,0.176139586455945,0.383845283399622,0.530023626397907
1.40894385717086,0.105614300441021,5.4677984704261e-09,0.0344768434272042,0.176242677526798,0.383933492422027,0.530087136347571
1.40897407912688,0.105584187459328,5.46737907007275e-09,0.0344522430158106,0.17626604072764,0.383953476308034,0.530101523201829
1.40907727945238,0.105481625477881,5.4659472877515e-09,0.0343684346584894,0.176345852668219,0.384021725535219,0.530150653419993
1.4092107017339,0.105349636745276,5.46409704502484e-09,0.0342605303782633,0.176449111963535,0.384109982744463,0.530214177614825
1.40934412401542,0.105218330624671,5.46224774160988e-09,0.0341531274992666,0.17655245549616,0.384198264055024,0.530277708931714
1.40947754629694,0.105087703519302,5.46039937687091e-09,0.0340462229575178,0.176655883349602,0.384286569472162,0.530341247370307
1.40961096857846,0.104957751866474,5.45855195017277e-09,0.0339398137121063,0.176759395607456,0.38437489900114,0.530404792930252
1.40974439085998,0.104828472121726,5.45670546088082e-09,0.0338338967449867,0.176862992353409,0.384463252647215,0.530468345611195
1.4098778131415,0.104699860764773,5.45485990836096e-09,0.0337284690607757,0.176966673671239,0.384551630415647,0.53053190541278
1.41001123542302,0.104571914310019,5.45301529197965e-09,0.0336235276865511,0.177070439644814,0.384640032311691,0.530595472334653
1.41014465770455,0.10444462928585,5.45117161110385e-09,0.0335190696716525,0.177174290358092,0.384728458340603,0.530659046376456
1.41027807998607,0.104318002253109,5.44932886510109e-09,0.0334150920874843,0.177278225895123,0.384816908507636,0.530722627537833
1.41033742610277,0.104261889188981,5.44850951348556e-09,0.0333689965583463,0.177324483610929,0.384856258823785,0.530750910671621
1.41041150226759,0.104192029794397,5.44748705333941e-09,0.0333115920273208,0.177382246340048,0.384905382818043,0.530786215818426
1.41054492454911,0.10406670851734,5.44564617518738e-09,0.0332085666061126,0.177486351777099,0.384993881277075,0.530849811217874
1.41067834683063,0.103942035052706,5.44380623001412e-09,0.0331060129602965,0.177590542290597,0.385082403889982,0.53091341373582
1.41081176911215,0.10381800605467,5.44196721718929e-09,0.033003928247605,0.177694817964957,0.385170950662012,0.530977023371901
1.41094519139367,0.103694618205206,5.44012913608305e-09,0.0329023096468799,0.177799178884683,0.385259521598411,0.531040640125758
1.41107861367519,0.103571868207403,5.43829198606612e-09,0.0328011543578868,0.177903625134372,0.385348116704425,0.531104263997027
1.41121203595671,0.103449752785709,5.43645576650975e-09,0.0327004596011315,0.178008156798713,0.385436735985298,0.531167894985345
1.41134545823823,0.103328268688091,5.4346204767857e-09,0.0326002226176781,0.178112773962483,0.385525379446273,0.531231533090349
1.41147888051976,0.103207412691726,5.43278611626628e-09,0.0325004406689694,0.178217476710555,0.385614047092591,0.531295178311674
1.41161230280128,0.103087181588343,5.43095268432431e-09,0.0324011110366489,0.178322265127892,0.385702738929491,0.531358830648954
1.41170077307867,0.103007801178557,5.42973747529693e-09,0.0323354951523535,0.178391796005418,0.385761562472974,0.531401041465212
1.4117457250828,0.102967572197165,5.42912018033317e-09,0.0323022310223846,0.178427139299547,0.385791454962212,0.531422490101823
1.41187914736432,0.10284858135969,5.42728860366674e-09,0.032203797947694,0.178532099310667,0.385880195195991,0.531486156669913
1.41201256964584,0.102730205937346,5.42545795369944e-09,0.0321058091537722,0.178637145246491,0.385968959636062,0.531549830352858
1.41214599192736,0.102612442815188,5.42362822980622e-09,0.0320082620013201,0.178742277192349,0.386057748287661,0.531613511150287
1.41227941420888,0.102495288899031,5.42179943136254e-09,0.0319111538703758,0.178847495233665,0.38614656115602,0.531677199061832
1.4124128364904,0.102378741119676,5.41997155774441e-09,0.0318144821601463,0.178952799455953,0.386235398246369,0.531740894087121
1.41254625877192,0.102262796425098,5.41814460832835e-09,0.031718244288842,0.17905818994482,0.386324259563939,0.531804596225783
1.41267968105345,0.102147451787134,5.41631858249141e-09,0.0316224376935125,0.179163666785967,0.386413145113957,0.531868305477447
1.41281310333497,0.102032704198326,5.41449347961116e-09,0.0315270598298835,0.179269230065186,0.386502054901651,0.531932021841738
1.41294652561649,0.101918550673544,5.41266929906571e-09,0.0314321081721962,0.179374879868362,0.386590988932245,0.531995745318284
1.41306412005457,0.101818429315496,5.41106228469217e-09,0.0313487719667305,0.179468068273282,0.386669392850419,0.532051915195195
1.41307994789801,0.101804988245587,5.41084604023368e-09,0.0313375802130474,0.179480616281473,0.386679947210964,0.53205947590671
1.41321337017953,0.101692013967978,5.40902370249421e-09,0.0312434734632321,0.179586439390589,0.38676892974303,0.532123213606639
1.41334679246105,0.101579624921749,5.40720228522698e-09,0.0311497854515868,0.179692349281874,0.386857936533664,0.532186958417696
1.41348021474257,0.101467818197763,5.40538178781216e-09,0.0310565137248352,0.179798346041584,0.386946967588084,0.532250710339504
1.41361363702409,0.101356590913638,5.40356220963048e-09,0.0309636558474343,0.17990442975607,0.38703602291151,0.532314469371684
1.41374705930561,0.101245940206196,5.40174355006317e-09,0.0308712094014234,0.180010600511774,0.387125102509157,0.532378235513857
1.41388048158713,0.10113586323104,5.39992580849197e-09,0.0307791719862728,0.180116858395231,0.38721420638624,0.532442008765645
1.41401390386866,0.101026357163482,5.39810898429918e-09,0.0306875412187369,0.180223203493073,0.387303334547973,0.532505789126666
1.41414732615018,0.100917419197873,5.39629307686757e-09,0.0305963147327044,0.18032963589202,0.387392486999568,0.532569576596539
1.4142807484317,0.100809046551553,5.39447808558046e-09,0.0305054901790548,0.180436155678891,0.387481663746235,0.532633371174882
1.41441417071322,0.100701236455507,5.39266400982169e-09,0.0304150652255124,0.180542762940595,0.387570864793183,0.532697172861311
1.41442746703047,0.100690523262772,5.39248327661477e-09,0.0304060756521683,0.180553391779368,0.3875797555353,0.532703531465116
1.41454759299474,0.100593986164078,5.39085084897559e-09,0.030325037556504,0.180649457764136,0.38766009014562,0.532760981655444
1.41468101527626,0.100487292946573,5.38903860242705e-09,0.030235404873017,0.180756240236612,0.387749339808751,0.532824797556895
1.41481443755778,0.100381154098444,5.38722726956143e-09,0.0301461648924593,0.180863110445214,0.387838613787781,0.532888620565278
1.4149478598393,0.1002755669245,5.38541684976464e-09,0.0300573153485205,0.180970068477228,0.387927912087913,0.532952450680207
1.41508128212082,0.100170528751736,5.3836073424231e-09,0.029968853991034,0.181077114420034,0.388017234714347,0.533016287901296
1.41521470440234,0.100066036930295,5.38179874692373e-09,0.0298807785858412,0.181184248361106,0.388106581672284,0.533080132228155
1.41534812668387,0.0999620888199641,5.37999106265399e-09,0.0297930869146566,0.181291470388011,0.388195952966923,0.533143983660396
1.41548154896539,0.0998586818049751,5.37818428900182e-09,0.0297057767749338,0.181398780588414,0.388285348603459,0.53320784219763
1.41561497124691,0.0997558132857417,5.37637842535571e-09,0.0296188459797339,0.18150617905007,0.388374768587088,0.533271707839465
1.41574839352843,0.0996534806780316,5.37457347110464e-09,0.0295322923575941,0.181613665860831,0.388464212923004,0.53333558058551
1.41579081400637,0.0996210567630571,5.37399979170712e-09,0.0295048520443185,0.181647858901377,0.388492656090724,0.533355889869426
1.41588181580995,0.0995516814182566,5.37276942563811e-09,0.0294461137523979,0.181721241108645,0.388553681616399,0.533399460435373
1.41601523809147,0.099450412958533,5.37096628834613e-09,0.029360308023247,0.181828904881551,0.388643174672463,0.533463347388661
1.41614866037299,0.0993496727698657,5.36916405861922e-09,0.0292748730443337,0.181936657267685,0.388732692096385,0.53352724144498
1.41628208265451,0.0992494583379814,5.36736273584843e-09,0.0291898067048149,0.18204449835528,0.388822233893352,0.533591142603934
1.41641550493603,0.0991497671685236,5.36556231942529e-09,0.0291051069086879,0.18215242823266,0.388911800068552,0.533655050865129
1.41654892721755,0.0990505967803817,5.36376280874186e-09,0.0290207715746658,0.182260446988246,0.389001390627167,0.533718966228168
1.41668234949908,0.0989519447148168,5.36196420319071e-09,0.028936798636056,0.182368554710555,0.38909100557438,0.533782888692653
1.4168157717806,0.0988538085236276,5.36016650216491e-09,0.0288531860406383,0.182476751488198,0.389180644915373,0.533846818258186
1.41694919406212,0.0987561857774397,5.35836970505804e-09,0.0287699317505454,0.182585037409882,0.389270308655326,0.533910754924369
1.41708261634364,0.0986590740669418,5.35657381126419e-09,0.0286870337421434,0.18269341256441,0.389359996799415,0.5339746986908
1.41715416098226,0.0986072097894052,5.35561117625206e-09,0.028642727632445,0.182751563040071,0.389408100063279,0.534008989993429
1.41721603862516,0.0985624709934109,5.35477882017797e-09,0.028604490005914,0.182801877040679,0.389449709352818,0.53403864955708
1.41734946090668,0.0984663741761061,5.35298473119447e-09,0.0285222985463388,0.182910430927683,0.389539446320709,0.534102607522808
1.4174828831882,0.0983707812523666,5.35119154370932e-09,0.0284404573817823,0.183019074314512,0.389629207708262,0.534166572587579
1.41761630546972,0.0982756898733395,5.34939925711862e-09,0.0283589645443784,0.183127807290351,0.389718993520647,0.534230544750992
1.41774972775124,0.0981810977053488,5.347607870819e-09,0.0282778180799167,0.18323662994448,0.389808803763036,0.534294524012642
1.41788315003276,0.098087002433733,5.34581738420759e-09,0.0281970160477303,0.183345542366278,0.389898638440596,0.534358510372124
1.41801657231429,0.0979934017548624,5.34402779668203e-09,0.0281165565205842,0.183454544645218,0.389988497558494,0.534422503829032
1.41814999459581,0.0979002933837675,5.34223910764045e-09,0.0280364375845657,0.183563636870868,0.390078381121895,0.53448650438296
1.41828341687733,0.0978076750503136,5.3404513164815e-09,0.0279566573389747,0.183672819132896,0.390168289135962,0.5345505120335
1.41841683915885,0.097715544495241,5.33866442260431e-09,0.0278772138962159,0.183782091521064,0.390258221605858,0.534614526780244
1.41851750795816,0.0976463523279956,5.33731678211504e-09,0.02781749460401,0.183864598629514,0.390326092982591,0.534662831413239
1.41855026144037,0.097623899482324,5.33687842540853e-09,0.0277981053816915,0.18389145412523,0.390348178536743,0.534678548622782
1.41868368372189,0.0975327377835057,5.33509332429432e-09,0.0277193299336953,0.184000907035349,0.390438159933775,0.534742577560704
1.41881710600341,0.0974420571885574,5.33330911866232e-09,0.0276408857033074,0.184110450341475,0.390528165802111,0.5348066135936
1.41895052828493,0.097351855501743,5.33152580791368e-09,0.0275627708542902,0.184220084133755,0.390618196146907,0.534870656721057
1.41908395056645,0.0972621305400067,5.32974339145005e-09,0.0274849835629853,0.184329808502436,0.390708250973316,0.534934706942663
1.41921737284797,0.0971728801376464,5.3279618686736e-09,0.0274075220182111,0.18443962353786,0.39079833028649,0.534998764258005
1.4193507951295,0.0970841021390457,5.32618123898696e-09,0.027330384421162,0.184549529330467,0.39088843409158,0.535062828666668
1.41948421741102,0.0969957944100098,5.32440150179329e-09,0.0272535689853077,0.184659525970795,0.390978562393734,0.535126900168236
1.41961763969254,0.0969079548219953,5.32262265649624e-09,0.0271770739362941,0.184769613549476,0.391068715198099,0.535190978762295
1.41975106197406,0.0968205812667307,5.32084470249995e-09,0.0271008975118448,0.184879792157244,0.391158892509821,0.535255064448426
1.41988085493406,0.0967360296222298,5.31911596668704e-09,0.0270270972979198,0.18498706114734,0.39124664036087,0.535317413695722
1.41988448425558,0.096733671646739,5.31906763920906e-09,0.0270250379616638,0.184990061884926,0.391249094334043,0.535319157226213
1.4200179065371,0.0966472238806975,5.31729146602873e-09,0.0269494935473386,0.185100422823449,0.391339320675907,0.535383257095235
1.42015132881862,0.0965612358975785,5.31551618236458e-09,0.0268742625422448,0.185210875063838,0.391429571540554,0.535447364055075
1.42028475110014,0.0964757056416453,5.31374178762276e-09,0.026799343231451,0.185321418697213,0.391519846933122,0.535511478105312
1.42041817338166,0.0963906310747789,5.31196828120988e-09,0.0267247339116255,0.185432053814795,0.391610146858748,0.535575599245524
1.42055159566319,0.0963060101635631,5.31019566253308e-09,0.0266504328909421,0.185542780507902,0.391700471322568,0.535639727475289
1.42068501794471,0.0962218408954387,5.30842393099997e-09,0.0265764384889895,0.185653598867948,0.391790820329714,0.535703862794185
1.42081844022623,0.0961381212682804,5.30665308601866e-09,0.026502749036678,0.185764508986447,0.39188119388532,0.535768005201787
1.42095186250775,0.0960548492931782,5.30488312699778e-09,0.0264293628761513,0.185875510955011,0.391971591994514,0.535832154697671
1.42108528478927,0.095972022992358,5.3031140533464e-09,0.0263562783606945,0.18598660486535,0.392062014662425,0.535896311281412
1.42121870707079,0.0958896404046156,5.30134586447412e-09,0.0262834938546472,0.186097790809271,0.392152461894181,0.535960474952583
1.42124420190996,0.0958739487561169,5.3010080928281e-09,0.0262696199186054,0.186119047125033,0.392169747692447,0.535972736398451
1.42135212935231,0.0958076995789467,5.29957855979103e-09,0.0262110077333142,0.186209068878683,0.392242933694905,0.536024645710757
1.42148555163383,0.0957261985776681,5.2978121387077e-09,0.0261388183828789,0.18632043916559,0.392333430069722,0.536088823555505
1.42161897391535,0.0956451354762374,5.29604660063521e-09,0.0260669242003166,0.186431901762096,0.392423951023753,0.5361530084864
1.42175239619687,0.0955645083611789,5.2942819449851e-09,0.0259953235933093,0.186543456760403,0.392514496562117,0.53621720050301
1.4218858184784,0.0954843153337541,5.29251817116942e-09,0.0259240149801602,0.186655104252814,0.392605066689933,0.536281399604906
1.42201924075992,0.0954045545066884,5.29075527860072e-09,0.0258529967897101,0.186766844331728,0.392695661412317,0.536345605791656
1.42215266304144,0.0953252240010205,5.28899326669201e-09,0.0257822674612542,0.186878677089646,0.392786280734383,0.536409819062827
1.42228608532296,0.0952463219586949,5.28723213485682e-09,0.0257118254444591,0.186990602619165,0.392876924661245,0.536474039417986
1.42241950760448,0.095167846522875,5.28547188250914e-09,0.0256416691992813,0.187102621012982,0.392967593198013,0.5365382668567
1.422552929886,0.0950897958588517,5.28371250906347e-09,0.0255717971958864,0.187214732363896,0.393058286349797,0.536602501378532
1.42260754888586,0.0950579664168353,5.28299252881161e-09,0.0255432753801058,0.187260654158237,0.393095420453317,0.536628799069658
1.42268635216752,0.0950121681363395,5.28195401393478e-09,0.0255022079145681,0.187326936764802,0.393149004121705,0.536666742983048
1.42281977444904,0.0949349615404401,5.28019639653854e-09,0.0254328998456693,0.187439234308697,0.393239746518841,0.53673099166981
1.42295319673056,0.0948581742672705,5.27843965629069e-09,0.0253638714895029,0.187551625088674,0.393330513546311,0.53679524743838
1.42308661901208,0.0947818045239559,5.27668379260768e-09,0.0252951213562737,0.187664109197931,0.393421305209216,0.536859510288322
1.42322004129361,0.0947058505313798,5.27492880490643e-09,0.0252266479660011,0.18777668672976,0.393512121512657,0.536923780219194
1.42335346357513,0.0946303105174294,5.27317469260434e-09,0.0251584498484421,0.187889357777557,0.393602962461733,0.536988057230557
1.42348688585665,0.0945551827263507,5.2714214551193e-09,0.0250905255430155,0.188002122434817,0.393693828061539,0.53705234132197
1.42362030813817,0.0944804654092453,5.26966909186969e-09,0.0250228735987264,0.188114980795133,0.393784718317173,0.537116632492991
1.42375373041969,0.0944061568330636,5.26791760227436e-09,0.0249554925740916,0.188227932952201,0.393875633233726,0.537180930743177
1.42388715270121,0.094332255271502,5.26616698575266e-09,0.0248883810370655,0.188340978999815,0.39396657281629,0.537245236072084
1.42397089586176,0.0942860777257232,5.26506864826917e-09,0.024846395164226,0.188411980917072,0.394023664100666,0.537285601248178
1.42402057498273,0.0942587590111838,5.26441724172441e-09,0.0248215375649668,0.18845411903187,0.394057537069955,0.537309548479268
1.42415399726425,0.0941856663523704,5.2626683696099e-09,0.0247549607444056,0.188567353142362,0.39414852599981,0.537373867964284
1.42428741954577,0.0941129755986756,5.26092036882994e-09,0.024688649171212,0.188680681425387,0.394239539610939,0.537438194526684
1.42442084182729,0.0940406850724997,5.25917323880578e-09,0.0246226014503639,0.188794103975142,0.394330577908427,0.537502528166023
1.42455426410882,0.0939687931025224,5.25742697895917e-09,0.0245568161959166,0.188907620885924,0.394421640897357,0.537566868881851
1.42468768639034,0.0938972980294091,5.25568158871234e-09,0.0244912920309329,0.18902123225213,0.394512728582809,0.537631216673721
1.42482110867186,0.0938261982049309,5.253937067488e-09,0.0244260275874131,0.189134938168261,0.394603840969862,0.537695571541182
1.42495453095338,0.0937554919894494,5.25219341470932e-09,0.0243610215062267,0.189248738728915,0.394694978063593,0.537759933483784
1.4250879532349,0.0936851777563375,5.25045062979999e-09,0.0242962724370435,0.189362634028793,0.394786139869077,0.537824302501074
1.42522137551642,0.0936152538872431,5.24870871218412e-09,0.0242317790382664,0.189476624162698,0.394877326391388,0.537888678592602
1.42533424283765,0.0935564060441613,5.24723583013616e-09,0.0241774200898801,0.189573127156462,0.394954484072399,0.537943142463406
1.42535479779794,0.0935457187737392,5.24696766128636e-09,0.0241675399769642,0.189590709225533,0.394968537635596,0.537953061757913
1.42548822007946,0.0934765708174838,5.24522747653179e-09,0.0241035539288051,0.189704889312302,0.395059773606771,0.538017451996553
1.42562164236098,0.093407808434805,5.24348815734599e-09,0.0240398195779907,0.189819164518111,0.39515103430998,0.538081849308067
1.4257550646425,0.0933394300458846,5.241749703155e-09,0.023976335617191,0.189933534938168,0.395242319750291,0.538146253692001
1.42588848692403,0.0932714340832305,5.24001211338535e-09,0.0239131007474794,0.190048000667782,0.395333629932766,0.538210665147895
1.42602190920555,0.0932038189926889,5.23827538746404e-09,0.0238501136782688,0.190162561802364,0.395424964862468,0.538275083675294
1.42615533148707,0.0931365832227955,5.23653952481855e-09,0.0237873731272477,0.190277218437426,0.395516324544457,0.538339509273738
1.42628875376859,0.093069725237549,5.23480452487683e-09,0.0237248778203174,0.190391970668583,0.395607708983791,0.538403941942768
1.42642217605011,0.0930032435083906,5.23307038706729e-09,0.0236626264915294,0.19050681859155,0.395699118185527,0.538468381681924
1.42655559833163,0.0929371365176062,5.23133711081884e-09,0.0236006178830238,0.190621762302148,0.39579055215472,0.538532828490744
1.42668902061315,0.0928714027550916,5.22960469556084e-09,0.0235388507449673,0.190736801896295,0.395882010896421,0.538597282368767
1.42669758981355,0.092867193648524,5.22949345859793e-09,0.0235348919022068,0.190744193726463,0.395887885786658,0.538601422235239
1.42682244289467,0.0928060407220253,5.22787314072314e-09,0.0234773238354929,0.190851937470015,0.395973494415682,0.53866174331553
1.42695586517619,0.0927410489285904,5.22614244573604e-09,0.0234160359206395,0.190967169119434,0.396065002717551,0.538726211330568
1.42708928745771,0.0926764258936318,5.22441261003034e-09,0.0233549857742918,0.191082496940778,0.396156535807076,0.538790686413418
1.42722270973924,0.0926121701444203,5.22268363303728e-09,0.0232941721781214,0.191197921030379,0.396248093689302,0.538855168563613
1.42735613202076,0.0925482802199374,5.2209555141886e-09,0.023233593921528,0.191313441484668,0.396339676369271,0.538919657780687
1.42748955430228,0.0924847546681847,5.21922825291649e-09,0.0231732498015805,0.191429058400182,0.396431283852025,0.538984154064174
1.4276229765838,0.0924215920421469,5.21750184865361e-09,0.0231131386229609,0.191544771873558,0.396522916142604,0.539048657413604
1.42775639886532,0.092358790908735,5.21577630083311e-09,0.0230532591979049,0.191660582001538,0.396614573246044,0.539113167828508
1.42788982114684,0.0922963498421534,5.21405160888858e-09,0.022993610346147,0.191776488880966,0.396706255167381,0.539177685308417
1.42802324342836,0.0922342674240769,5.21232777225409e-09,0.0229341908948633,0.191892492608789,0.396797961911649,0.53924220985286
1.42806093678945,0.0922167931904754,5.21184092303667e-09,0.0229174456001114,0.191925282582594,0.396823874641339,0.539260440074033
1.42815666570988,0.0921725422456421,5.21060479036419e-09,0.0228749996786162,0.192008593282058,0.396889693483879,0.539306741461364
1.4282900879914,0.092111172907579,5.20888266265388e-09,0.0228160355392985,0.192124790997927,0.3969814498891,0.539371280133459
1.42842351027292,0.0920501580212249,5.20716138855863e-09,0.0227572973260795,0.192241085853652,0.397073231132341,0.539435825868668
1.42855693255445,0.0919894961999886,5.20544096751439e-09,0.0226987838953501,0.192357477946594,0.397165037218627,0.53950037866652
1.42869035483597,0.0919291860730742,5.20372139895756e-09,0.0226404941106688,0.192473967374217,0.397256868152982,0.539564938526537
1.42882377711749,0.091869226274023,5.202002682325e-09,0.0225824268427089,0.192590554234088,0.397348723940427,0.539629505448245
1.42942428376535,0.0916036598819615,5.19427761797881e-09,0.0223238024297704,0.193116496796164,0.397762456013602,0.539920195480546
1.43078763074125,0.0910263443136508,5.17680294304318e-09,0.0217527634794512,0.194317940564583,0.398703635259372,0.540580687945892
1.43215097771714,0.0904834858745562,5.15941630288962e-09,0.0212032038179112,0.195529719221653,0.399647417712839,0.541241916951489
1.43351432469304,0.0899738066957511,5.14211710716833e-09,0.0206740671247381,0.196751939247851,0.400593808685952,0.541903881969004
1.43487767166894,0.0894961060810231,5.12490477046974e-09,0.0201643607664047,0.197984708280562,0.401542813467903,0.542566582460309
1.43624101864484,0.0890492553826757,5.10777871227496e-09,0.0196731512765894,0.199228135124293,0.402494437324609,0.543230017877425
1.43760436562074,0.0886321932764508,5.09073835690688e-09,0.019199560203573,0.200482329760832,0.40344868549819,0.543894187662469
1.43896771259663,0.0882439213996384,5.07378313348175e-09,0.0187427602912861,0.201747403359366,0.404405563206435,0.544559091247608
1.44033105957253,0.0878835003335421,5.05691247586139e-09,0.0183019719639474,0.20302346828654,0.405365075642268,0.545224728055003
1.44169440654843,0.0875500458870915,5.0401258226059e-09,0.0178764600872184,0.204310638116439,0.406327227973204,0.545891097496758
1.44305775352433,0.0872427256498499,5.02342261692698e-09,0.0174655309814655,0.205609027640517,0.407292025340805,0.546558198974869
1.44442110050023,0.0869607558240873,5.00680230664178e-09,0.0170685296651049,0.206918752877421,0.408259472860119,0.547226031881173
1.44578444747613,0.0867033982733511,4.99026434412718e-09,0.0166848373081241,0.208239931082742,0.409229575619126,0.547894595597292
1.44714779445202,0.0864699577885076,4.97380818627479e-09,0.0163138688777865,0.209572680758656,0.410202338678168,0.548563889494584
1.44851114142792,0.0862597795627579,4.95743329444624e-09,0.0159550709602189,0.210917121663453,0.411177767069381,0.549233912934089
1.44987448840382,0.0860722468360453,4.94113913442922e-09,0.0156079197431199,0.212273374820948,0.412155865796111,0.549904665266476
1.45123783537972,0.085906778713221,4.92492517639384e-09,0.0152719191461896,0.213641562529766,0.413136639832331,0.550576145831994
1.45260118235562,0.0857628281331731,4.90879089484957e-09,0.0149465990871214,0.21502180837247,0.414120094122052,0.551248353960414
1.45396452933151,0.0856398799858476,4.89273576860266e-09,0.0146315138720973,0.216414237224546,0.415106233578725,0.551921288970978
1.45532787630741,0.0855374493501806,4.87675928071407e-09,0.0143262407007333,0.217818975263222,0.416095063084634,0.552594950172346
1.45669122328331,0.0854550798613258,4.86086091845784e-09,0.0140303782763156,0.219236149976094,0.417086587490291,0.553269336862546
1.45805457025921,0.0853923421851773,4.84504017327995e-09,0.0137435455129833,0.220665890169577,0.418080811613814,0.553944448328914
1.45941791723511,0.0853488325961878,4.82929654075766e-09,0.013465380332244,0.222108325977138,0.41907774024031,0.554620283848046
1.46078126421101,0.0853241716538098,4.81362952055932e-09,0.0131955385418721,0.22356358886731,0.420077378121239,0.555296842685741
1.4621446111869,0.0853180029610536,4.79803861640456e-09,0.0129336927908394,0.225031811651475,0.421079729973782,0.555974124096949
1.4635079581628,0.0853299920141385,4.78252333602505e-09,0.0126795315944687,0.226513128491387,0.422084800480197,0.556652127325719
1.4648713051387,0.0853598251160849,4.76708319112562e-09,0.0124327584244952,0.228007674906439,0.42309259428717,0.557330851605141
1.4662346521146,0.0854072083693994,4.75171769734584e-09,0.0121930908591655,0.229515587780637,0.424103116005158,0.558010296157294
1.4675979990905,0.0854718667349728,4.73642637422202e-09,0.0119602597889095,0.23103700536927,0.425116370207725,0.558690460193191
1.46896134606639,0.0855535431415948,4.72120874514966e-09,0.0117340086734885,0.232572067305274,0.426132361430874,0.559371342912726
1.47032469304229,0.0856519976661895,4.70606433734635e-09,0.0115140928468596,0.234120914605238,0.427151094172372,0.56005294350462
1.47168804001819,0.0857670067528268,4.69099268181496e-09,0.011300278866299,0.235683689675066,0.42817257289106,0.560735261146362
1.47305138699409,0.0858983624916521,4.67599331330743e-09,0.0110923439026068,0.237260536315253,0.429196802006171,0.561418295004161
1.47441473396999,0.0860458719364495,4.6610657702888e-09,0.0108900751684675,0.238851599725761,0.430223785896626,0.562102044232886
1.47577808094588,0.0862093564661253,4.64620959490171e-09,0.0106932693822734,0.240457026510474,0.431253528900333,0.562786507976013
1.47714142792178,0.0863886511877911,4.63142433293133e-09,0.0105017322649284,0.242076964681205,0.432286035313471,0.563471685365568
1.47850477489768,0.0865836043778557,4.6167095337706e-09,0.010315278067342,0.243711563661236,0.433321309389778,0.564157575522079
1.47986812187358,0.0867940769523219,4.60206475038593e-09,0.0101337291265015,0.245360974288362,0.434359355339821,0.564844177554509
1.48123146884948,0.0870199419748049,4.5874895392832e-09,0.00995691544817124,0.247025348817414,0.435400177330262,0.56553149056021
1.48259481582538,0.0872610841901063,4.57298346047425e-09,0.00978467431441449,0.248704840922238,0.436443779483121,0.566219513624867
1.48395816280127,0.0875173995936897,4.5585460774436e-09,0.00961684991427224,0.250399605697097,0.437490165875025,0.566908245822435
1.48532150977717,0.0877887950175773,4.5441769571157e-09,0.00945329299605471,0.252109799657471,0.438539340536455,0.567597686215092
1.48668485675307,0.0880751877489253,4.52987566982235e-09,0.0092938605398173,0.253835580740223,0.439591307450985,0.568287833853178
1.48804820372897,0.0883765051699932,4.51564178927066e-09,0.00913841544869771,0.2555771083031,0.440646070554507,0.568978687775142
1.48941155070487,0.0886926844171296,4.50147489251125e-09,0.00898682625788631,0.257334543123544,0.441703633734462,0.569670247007482
1.49077489768076,0.0890236720611382,4.48737455990684e-09,0.0088389668600925,0.259108047396763,0.442764000829048,0.570362510564695
1.49213824465666,0.0893694238139705,4.47334037510114e-09,0.00869471624644938,0.260897784733046,0.443827175626429,0.571055477449214
1.49350159163256,0.0897299042415293,4.45937192498817e-09,0.0085539582618764,0.26270392015428,0.444893161863939,0.571749146651359
1.49486493860846,0.0901050865012568,4.44546879968184e-09,0.00841658137398745,0.264526620089622,0.445961963227272,0.572443517149272
1.49622828558436,0.0904949520966041,4.43163059248584e-09,0.00828247845469673,0.266366052370303,0.447033583349666,0.573138587908868
1.49759163256025,0.0908994906419438,4.41785689986395e-09,0.00815154657373369,0.268222386223516,0.448108025811081,0.573834357883777
1.49895497953615,0.0913186996413429,4.40414732141061e-09,0.0080236868033325,0.270095792265348,0.449185294137369,0.574530826015281
1.50031832651205,0.0917525842899507,4.3905014598218e-09,0.00789880403341242,0.271986442492712,0.450265391799434,0.575227991232268
1.50168167348795,0.0922011572747141,4.37691892086625e-09,0.00777680679661147,0.27389451027424,0.451348322212389,0.575925852451165
1.50304502046385,0.092664438594843,4.36339931335702e-09,0.0076576071025796,0.275820170340088,0.452434088734699,0.576624408575886
1.50440836743975,0.0931424553944165,4.34994224912326e-09,0.00754112028097662,0.277763598770601,0.453522694667318,0.577323658497777
1.50577171441564,0.093635241801322,4.33654734298241e-09,0.00742726483265802,0.279724972983804,0.454614143252822,0.578023601095552
1.50713506139154,0.0941428387771479,4.3232142127126e-09,0.00731596228856505,0.281704471721648,0.455708437674531,0.578724235235242
1.50849840836744,0.0946652939779382,4.30994247902538e-09,0.00720713707586828,0.283702275034981,0.456805581055621,0.579425559770137
1.50986175534334,0.095202661627105,4.29673176553879e-09,0.00710071639094216,0.28571856426717,0.457905576458231,0.580127573540724
1.51122510231924,0.0957550023840466,4.2835816987506e-09,0.00699663007877659,0.287753522036333,0.459008426882561,0.580830275374636
1.51258844929513,0.0963223832369206,4.270491908012e-09,0.00689481051845579,0.289807332216116,0.460114135265961,0.581533664086587
1.51395179627103,0.0969048773927657,4.2574620255014e-09,0.00679519251435934,0.29188017991496,0.461222704482014,0.582237738478323
1.51531514324693,0.0975025641767497,4.24449168619864e-09,0.00669771319276144,0.29397225145379,0.462334137339607,0.582942497338556
1.51667849022283,0.0981155289401114,4.2315805278594e-09,0.00660231190352524,0.296083734342075,0.463448436582002,0.583647939442912
1.51804183719873,0.0987438629702107,4.21872819098995e-09,0.00650893012660815,0.298214817252176,0.464565604885884,0.584354063553872
1.51940518417463,0.0993876634115161,4.20593431882205e-09,0.00641751138311109,0.300365689991935,0.465685644860418,0.58506086842071
1.52076853115052,0.100047033189968,4.19319855728825e-09,0.00632800115062224,0.302536543475417,0.466808559046282,0.58576835277944
1.52213187812642,0.100722080941225,4.1805205549974e-09,0.00624034678261978,0.304727569691747,0.467934349914706,0.586476515352756
1.52349522510232,0.101412920943916,4.16789996321037e-09,0.00615449743171378,0.306938961671961,0.46906301986649,0.587185354849974
1.52485857207822,0.102119673062215,4.15533643581608e-09,0.00607040397651967,0.309170913453798,0.470194571231023,0.587894869966974
1.52622191905412,0.102842462687654,4.14282962930779e-09,0.00598801895196904,0.311423620044347,0.471329006265285,0.588605059386139
1.52758526603001,0.103581420684432,4.1303792027596e-09,0.0059072964828743,0.313697277380487,0.47246632715285,0.589315921776301
1.52894861300591,0.104336683348647,4.11798481780322e-09,0.00582819222057559,0.315992082287014,0.473606536002875,0.59002745579268
1.53031195998181,0.105108392352675,4.105646138605e-09,0.00575066328250731,0.318308232432382,0.474749634849076,0.590739660076827
1.53167530695771,0.105896694714549,4.09336283184314e-09,0.00567466819453249,0.320645926281974,0.475895625648706,0.591452533256563
1.53303865393361,0.106701742752365,4.08113456668522e-09,0.0056001668359007,0.323005363048796,0.47704451028152,0.592166073945922
1.5344020009095,0.10752369405312,4.0689610147659e-09,0.00552712038669467,0.325386742641522,0.478196290548722,0.592880280745093
1.5357653478854,0.108362711441701,4.05684185016488e-09,0.00545549127763799,0.327790265609776,0.479350968171922,0.593595152240359
1.5371286948613,0.109218962947033,4.04477674938508e-09,0.00538524314214348,0.330216133086564,0.480508544792068,0.594310687004043
1.5384920418372,0.110092621776803,4.03276539133107e-09,0.00531634077048915,0.332664546727748,0.481669021968374,0.595026883594443
1.5398553888131,0.110983866294356,4.02080745728769e-09,0.0052487500660144,0.335135708648463,0.482832401177248,0.595743740555775
1.541218735789,0.111892879994128,4.00890263089892e-09,0.00518243800323588,0.33762982135637,0.483998683811194,0.596461256418119
1.54258208276489,0.112819851479501,3.99705059814693e-09,0.00511737258778725,0.340147087681634,0.485167871177724,0.597179429697352
1.54394542974079,0.113764974446975,3.98525104733142e-09,0.00505352281809305,0.342687710703512,0.486339964498248,0.597898258895097
1.54530877671669,0.11472844766308,3.97350366904905e-09,0.00499085864869147,0.345251893673445,0.487514964906959,0.598617742498657
1.54667212369259,0.115710474953653,3.96180815617327e-09,0.00492935095512562,0.347839839934525,0.488692873449712,0.59933787898096
1.54803547066849,0.116711265182676,3.95016420383411e-09,0.0048689715003271,0.35045175283723,0.489873691082891,0.600058666800499
1.54939881764438,0.117731032243264,3.93857150939843e-09,0.00480969290242023,0.353087835651288,0.491057418672268,0.600780104401273
1.55076216462028,0.118769995037396,3.92702977245019e-09,0.0047514886038785,0.355748291473556,0.492244056991855,0.601502190212727
1.55212551159618,0.119828377472132,3.915538694771e-09,0.00469433284196904,0.358433323131783,0.493433606722741,0.602224922649692
1.55348885857208,0.120906408438778,3.90409798032088e-09,0.00463820062042413,0.361143133084114,0.494626068451931,0.602948300112329
1.55485220554798,0.122004321803295,3.89270733521915e-09,0.00458306768228177,0.363877923314222,0.495821442671165,0.603672320986067
1.55621555252387,0.123122356397271,3.8813664677256e-09,0.0045289104838408,0.366637895221904,0.497019729775732,0.604396983641544
1.55757889949977,0.124260756004053,3.87007508822178e-09,0.00447570616967849,0.369423249509026,0.498220930063283,0.605122286434548
1.55894224647567,0.125419769342961,3.85883290919253e-09,0.00442343254868169,0.372234186060654,0.499425043732619,0.605848227705957
1.56030559345157,0.126599650064013,3.84763964520765e-09,0.00437206807104447,0.375070903821234,0.500632070882486,0.606574805781682
1.56166894042747,0.127800656730001,3.83649501290381e-09,0.00432159180618856,0.377933600665678,0.501842011510349,0.607302018972604
1.56303228740337,0.12902305280283,3.82539873096661e-09,0.00427198342156408,0.380822473265194,0.503054865511169,0.608029865574516
1.56439563437926,0.130267106631127,3.81435052011283e-09,0.00422322316229114,0.383737716947713,0.504270632676156,0.608758343868067
1.56575898135516,0.131533091433668,3.80335010307282e-09,0.0041752918316041,0.386679525552753,0.505489312691529,0.609487452118695
1.56712232833106,0.132821285285731,3.79239720457317e-09,0.00412817077206301,0.389648091280569,0.506710905137256,0.610217188576576
1.56848567530696,0.134131971094164,3.78149155131942e-09,0.00408184184749754,0.392643604535425,0.507935409485791,0.610947551476558
1.56984902228286,0.135465436583188,3.77063287197907e-09,0.00403628742565154,0.395666253762817,0.509162825100794,0.611678539038106
1.57121236925875,0.136821974275396,3.75982089716467e-09,0.00399149036149692,0.398716225280497,0.510393151235857,0.612410149465237
1.57257571623465,0.138201881458429,3.74905535941711e-09,0.00394743398118784,0.401793703103126,0.511626387033206,0.61314238094647
1.57393906321055,0.139605460172169,3.7383359931891e-09,0.00390410206662721,0.404898868760381,0.5128625315224,0.613875231654754
1.57530241018645,0.14103301717318,3.72766253482878e-09,0.00386147884061893,0.408031901108361,0.514101583619025,0.614608699747419
1.57666575716235,0.142484863904597,3.7170347225635e-09,0.00381954895258081,0.411192976134107,0.515343542123374,0.615342783366113
1.57802910413824,0.143961316467379,3.7064522964838e-09,0.00377829746479384,0.414382266753075,0.516588405719119,0.61607748063674
1.57939245111414,0.145462695580739,3.69591499852748e-09,0.00373770983916535,0.417599942599386,0.517836172971975,0.616812789669404
1.58075579809004,0.146989326543531,3.68542257246391e-09,0.0036977719244838,0.420846169808681,0.519086842328356,0.617548708558348
1.58211914506594,0.148541539194058,3.6749747638784e-09,0.00365846994414491,0.424121110793405,0.520340412114021,0.618285235381895
1.58348249204184,0.15011966786266,3.66457132015685e-09,0.00361979048432896,0.427424924010354,0.521596880532713,0.619022368202388
1.58484583901774,0.151724051320814,3.6542119904704e-09,0.00358172048261073,0.430757763720303,0.522856245664786,0.619760105066132
1.58620918599363,0.153355032729405,3.64389652576037e-09,0.00354424721698386,0.434119779739562,0.524118505465825,0.620498444003332
1.58757253296953,0.155012959577959,3.63362467872325e-09,0.00350735829528273,0.437511117183259,0.525383657765262,0.621237383028038
1.58893587994543,0.156698183624638,3.62339620379593e-09,0.00347104164498531,0.440931916200216,0.526651700264973,0.62197692013808
1.59029922692133,0.158411060828037,3.61321085714095e-09,0.00343528550338149,0.444382311699227,0.527922630537876,0.622717053315015
1.59166257389723,0.160151951272858,3.60306839663204e-09,0.00340007840809212,0.447862433066587,0.529196446026517,0.623457780524062
1.59302592087312,0.161921219093019,3.59296858183969e-09,0.00336540918792424,0.451372403874704,0.530473144041647,0.624199099714045
1.59438926784902,0.163719232388215,3.5829111740169e-09,0.0033312669540494,0.454912341581639,0.53175272176079,0.624941008817337
1.59575261482492,0.165546363136003,3.57289593608509e-09,0.00329764109149163,0.458482357221426,0.533035176226804,0.625683505749796
1.59711596180082,0.167402987091329,3.56292263262012e-09,0.00326452125091316,0.462082555085018,0.534320504346433,0.626426588410708
1.59847930877672,0.169289483693227,3.55299102983845e-09,0.00323189734068569,0.465713032391717,0.535608702888852,0.627170254682729
1.59984265575261,0.171206235945182,3.54310089558345e-09,0.00319975951923616,0.469373878950957,0.536899768484202,0.627914502431823
1.60120600272851,0.173153630309624,3.53325199931181e-09,0.00316809818765619,0.473065176814301,0.538193697622115,0.628659329507206
1.60256934970441,0.175132056579764,3.52344411208013e-09,0.00313690398256475,0.476786999917542,0.539490486650237,0.629404733741287
1.60393269668031,0.177141907748166,3.51367700653163e-09,0.00310616776921437,0.480539413712791,0.540790131772735,0.630150712949607
1.60529604365621,0.179183579868671,3.50395045688291e-09,0.00307588063483135,0.484322474790433,0.542092629048805,0.630897264930783
1.60665939063211,0.181257471914962,3.49426423891096e-09,0.00304603388218089,0.48813623049089,0.543397974391159,0.631644387466445
1.608022737608,0.183363985616174,3.48461812994022e-09,0.00301661902334876,0.491980718506079,0.544706163564522,0.632392078321183
1.6093860845839,0.185503525296652,3.4750119088298e-09,0.00298762777373085,0.495855966470503,0.546017192184102,0.633140335242484
1.6107494315598,0.187676497709424,3.46544535596074e-09,0.00295905204622305,0.499761991541935,0.547331055714066,0.633889155960676
1.6121127785357,0.189883311837341,3.45591825322355e-09,0.00293088394560366,0.50369879997163,0.548647749466004,0.634638538188868
1.6134761255116,0.192124378713688,3.44643038400571e-09,0.00290311576310122,0.507666386664049,0.549967268597383,0.635388479622893
1.61483947248749,0.194400111215295,3.43698153317938e-09,0.00287573997114068,0.511664734726089,0.551289608109996,0.636138977941248
1.61620281946339,0.196710923843348,3.42757148708922e-09,0.00284874921826128,0.515693815005824,0.552614762848402,0.636890030805038
1.61756616643929,0.199057232504661,3.41820003354028e-09,0.00282213632419994,0.519753585620779,0.553942727498362,0.637641635857917
1.61892951341519,0.201439454275549,3.40886696178606e-09,0.00279589427513371,0.523843991475794,0.555273496585263,0.638393790726028
1.62029286039109,0.203858007145963,3.39957206251666e-09,0.00277001621907575,0.527964963770548,0.556607064472537,0.639146493017949
1.62165620736699,0.206313309769928,3.39031512784705e-09,0.00274449546141901,0.532116419496831,0.557943425360072,0.639899740324633
1.62301955434288,0.2088057811888,3.38109595130541e-09,0.00271932546062228,0.536298260925687,0.559282573282621,0.640653530219347
1.62438290131878,0.211335840543396,3.37191432782167e-09,0.00269449982403345,0.540510375084574,0.560624502108196,0.641407860257623
1.62574624829468,0.213903906781812,3.36277005371607e-09,0.00267001230384508,0.544752633224718,0.561969205536457,0.642162727977192
1.62710959527058,0.216510398346757,3.35366292668788e-09,0.00264585679317734,0.549024890278852,0.563316677097102,0.642918130897929
1.62847294224648,0.219155732844434,3.3445927458042e-09,0.00262202732228393,0.553326984309596,0.56466691014824,0.6436740665218
1.62983628922237,0.221840326716091,3.33555931148888e-09,0.00259851805487657,0.557658735948728,0.566019897874765,0.644430532332799
1.63119963619827,0.224564594875257,3.32656242551154e-09,0.00257532328456374,0.562019947827656,0.56737563328672,0.645187525796893
1.63256298317417,0.227328950349031,3.31760189097672e-09,0.00255243743139972,0.566410403999435,0.568734109217652,0.645945044361967
1.63392633015007,0.230133803882396,3.30867751231305e-09,0.00252985503854008,0.5708298693527,0.57009531832297,0.646703085457766
1.63528967712597,0.232979563556368,3.29978909526266e-09,0.00250757076899976,0.575278089017945,0.571459253078287,0.647461646495836
1.63665302410186,0.235866634357495,3.29093644687052e-09,0.00248557940251029,0.579754787766593,0.572825905777764,0.64822072486947
1.63801637107776,0.238795417765508,3.28211937547403e-09,0.00246387583247264,0.58425966940338,0.57419526853244,0.648980317953653
1.63937971805366,0.241766311291178,3.27333769069264e-09,0.0024424550630024,0.588792416152593,0.575567333268565,0.649740423105001
1.64074306502956,0.244779708026177,3.26459120341754e-09,0.00242131220606408,0.593352688038766,0.576942091725923,0.650501037661709
1.64210641200546,0.2478359961617,3.25587972580151e-09,0.00240044247869159,0.597940122262478,0.578319535456148,0.651262158943494
1.64346975898136,0.250935558492593,3.24720307124882e-09,0.00237984120029179,0.602554332571962,0.579699655821039,0.652023784251539
1.64483310595725,0.25407877190218,3.23856105440523e-09,0.00235950379002837,0.607194908631272,0.581082443990866,0.652785910868435
1.64619645293315,0.257266006847137,3.22995349114813e-09,0.00233942576428339,0.61186141538582,0.582467890942677,0.65354853605813
1.64755979990905,0.26049762679165,3.22138019857668e-09,0.00231960273419376,0.616553392426144,0.583855987458592,0.654311657065871
1.64892314688495,0.263773987662229,3.21284099500212e-09,0.00230003040326019,0.621270353350849,0.585246724124099,0.655075271118148
1.65028649386085,0.267095437255358,3.20433569993817e-09,0.00228070456502619,0.626011785129675,0.586640091326345,0.65583937542264
1.65164984083674,0.270462314648569,3.19586413409143e-09,0.0022616211008248,0.630777147467774,0.588036079252418,0.656603967168163
1.65301318781264,0.273874949579948,3.187426119352e-09,0.00224277597759073,0.635565872172277,0.589434677887628,0.657369043524608
1.65437653478854,0.277333661822363,3.17902147878404e-09,0.00222416524573585,0.64037736252235,0.59083587701379,0.658134601642896
1.65573988176444,0.280838760527159,3.17065003661659e-09,0.00220578503708589,0.645210992643955,0.592239666207491,0.658900638654913
1.65710322874034,0.284390543561288,3.1623116182343e-09,0.00218763156287631,0.650066106890648,0.593646034838364,0.659667151673468
1.65846657571623,0.287989296832152,3.15400605016836e-09,0.00216970111180551,0.654942019231767,0.595054972067354,0.660434137792226
1.65982992269213,0.291635293576836,3.14573316008747e-09,0.00215199004814339,0.659838012649472,0.596466466844981,0.661201594085667
1.66119326966803,0.295328793655243,3.13749277678891e-09,0.00213449480989362,0.664753338546137,0.597880507909602,0.661969517609022
1.66255661664393,0.299070042814955,3.12928473018967e-09,0.00211721190700768,0.669687216163688,0.599297083785671,0.662737905398226
1.66391996361983,0.30285927194773,3.12110885131767e-09,0.00210013791964926,0.674638832016521,0.600716182781991,0.663506754469862
1.66528331059573,0.306696696327051,3.1129649723031e-09,0.00208326949650717,0.679607339339743,0.602137792989969,0.664276061821108
1.66664665757162,0.310582514839711,3.10485292636974e-09,0.0020666033531554,0.684591857554511,0.603561902281869,0.665045824429688
1.66801000454752,0.314516909172211,3.09677254782648e-09,0.00205013627045871,0.689591471752328,0.604988498309062,0.665816039253814
1.66937335152342,0.318500043044359,3.08872367205883e-09,0.00203386509302234,0.694605232200233,0.606417568500272,0.666586703232137
1.67073669849932,0.322532061369816,3.08070613552055e-09,0.00201778672768456,0.699632153868856,0.607849100059822,0.667357813283695
1.67210004547522,0.326613089438686,3.07271977572531e-09,0.0020018981420505,0.704671215985419,0.609283079965885,0.668129366307859
1.67346339245111,0.330743232072889,3.06476443123851e-09,0.00198619636306617,0.709721361613775,0.610719494968722,0.668901359184285
1.67482673942701,0.334922572794864,3.05683994166909e-09,0.00197067847563132,0.714781497263673,0.612158331588933,0.669673788772857
1.67619008640291,0.339151172951188,3.04894614766143e-09,0.00195534162124998,0.719850492531486,0.613599576115694,0.670446651913644
1.67755343337881,0.343429070880248,3.04108289088738e-09,0.00194018299671746,0.724927179774678,0.615043214605007,0.671219945426839
1.67891678035471,0.347756281011777,3.03325001403828e-09,0.00192519985284274,0.730010353822346,0.616489232877941,0.671993666112719
1.6802801273306,0.352132793018398,3.02544736081712e-09,0.00191038949320513,0.735098771724225,0.617937616518876,0.672767810751586
1.6816434743065,0.356558570925104,3.01767477593074e-09,0.00189574927294422,0.740191152540559,0.619388350873749,0.673542376103722
1.6830068212824,0.361033552236961,3.0099321050821e-09,0.00188127659758199,0.745286177175309,0.6208414210483,0.674317358909336
1.6843701682583,0.365557647061427,3.00221919496259e-09,0.00186696892187626,0.750382488255169,0.62229681190632,0.675092755888517
1.6857335152342,0.370130737225992,2.99453589324452e-09,0.00185282374870432,0.755478690056887,0.623754508067899,0.675868563741183
1.6870968622101,0.374752675411765,2.9868820485735e-09,0.00183883862797612,0.760573348485437,0.625214493907676,0.676644779147033
1.68846020918599,0.37942328427611,2.97925751056107e-09,0.00182501115557584,0.765664991105528,0.626676753553095,0.677421398765498
1.68982355616189,0.384142355598131,2.97166212977726e-09,0.00181133897233118,0.770752107229012,0.628141270882657,0.67819841923569
1.69118690313779,0.388909649433922,2.9640957577433e-09,0.00179781976300952,0.775833148060685,0.629608029524179,0.678975837176359
1.69255025011369,0.393724893243541,2.95655824692434e-09,0.00178445125534007,0.780906526904986,0.631077012853058,0.67975364918584
1.69391359708959,0.398587781104771,2.94904945072228e-09,0.00177123121906135,0.785970619436051,0.63254820399053,0.680531851842008
1.69527694406548,0.403497972869856,2.9415692234686e-09,0.00175815746499315,0.79102376403358,0.634021585801946,0.681310441702231
1.69664029104138,0.408455093393935,2.93411742041737e-09,0.00174522784413236,0.79606426218685,0.635497140895037,0.682089415303321
1.69800363801728,0.413458731740805,2.92669389773817e-09,0.00173244024677189,0.801090378969237,0.636974851618194,0.682868769161489
1.69936698499318,0.418508440456635,2.9192985125092e-09,0.00171979260164205,0.806100343585456,0.638454700058751,0.683648499772299
1.70073033196908,0.423603734828312,2.91193112271038e-09,0.00170728287507367,0.811092349993706,0.63993666804127,0.684428603610619
1.70209367894498,0.428744092192888,2.90459158721652e-09,0.00169490907018251,0.816064557604743,0.641420737125833,0.685209077130579
1.70345702592087,0.433928951282258,2.89727976579059e-09,0.0016826692260741,0.821015092059869,0.642906888606337,0.685989916765523
1.70482037289677,0.439157711578342,2.88999551907702e-09,0.00167056141706862,0.825942046089625,0.644395103508806,0.686771118927966
1.70618371987267,0.444429732742326,2.88273870859503e-09,0.00165858375194513,0.830843480454886,0.645885362589692,0.687552680009547
1.70754706684857,0.449744334042445,2.87550919673207e-09,0.00164673437320472,0.835717424971883,0.647377646334201,0.688334596380985
1.70891041382447,0.455100793844433,2.8683068467373e-09,0.00163501145635186,0.840561879622506,0.648871934954608,0.689116864392037
1.71027376080036,0.460498349164786,2.86113152271511e-09,0.00162341320919365,0.84537481575108,0.650368208388601,0.689899480371453
1.71163710777626,0.465936195245347,2.85398308961871e-09,0.0016119378711563,0.850154177348572,0.651866446297611,0.690682440626931
1.71300045475216,0.471413485168152,2.84686141324378e-09,0.00160058371261839,0.854897882425027,0.653366628065166,0.691465741445077
1.71436380172806,0.476929329595597,2.8397663602222e-09,0.00158934903426056,0.859603824470745,0.654868732795248,0.692249379091361
1.71572714870396,0.482482796462562,2.83269779801573e-09,0.00157823216643098,0.864269874006547,0.65637273931066,0.693033349810073
1.71709049567985,0.488072910823477,2.82565559490992e-09,0.00156723146852632,0.868893880223127,0.6578786261514,0.693817649824286
1.71845384265575,0.493698654705358,2.81863962000788e-09,0.0015563453283877,0.873473672709333,0.659386371573054,0.694602275335807
1.71981718963165,0.499358967046862,2.81164974322427e-09,0.00154557216171121,0.878007063268847,0.660895953545185,0.695387222525145
1.72118053660755,0.505052743702198,2.80468583527921e-09,0.00153491041147274,0.882491847824488,0.662407349749747,0.696172487551462
1.72254388358345,0.510778837525441,2.79774776769237e-09,0.00152435854736644,0.886925808409075,0.663920537579504,0.696958066552537
1.72390723055935,0.51653605849964,2.79083541277696e-09,0.00151391506525678,0.891306715241419,0.665435494136456,0.697743955644726
1.72527057753524,0.522323173976251,2.78394864363395e-09,0.00150357848664354,0.895632328885756,0.666952196230291,0.698530150922921
1.72663392451114,0.528138908989087,2.77708733414616e-09,0.00149334735813959,0.899900402492547,0.668470620376834,0.699316648460513
1.72799727148704,0.533981946590891,2.77025135897253e-09,0.001483220250961,0.904108684118297,0.669990742796523,0.70010344430935
1.72936061846294,0.53985092836759,2.76344059354241e-09,0.00147319576042917,0.908254919121612,0.671512539412883,0.700890534499701
1.73072396543884,0.545744454954337,2.75665491404984e-09,0.00146327250548473,0.912336852632481,0.673035985851034,0.701677915040219
1.73208731241473,0.551661086673644,2.74989419744796e-09,0.00145344912821273,0.916352232091311,0.674561057436195,0.702465581917902
1.73345065939063,0.557599344257625,2.74315832144341e-09,0.00144372429337905,0.92029880985397,0.676087729192214,0.703253531098055
1.73481400636653,0.563557709640427,2.73644716449082e-09,0.00143409668797747,0.924174345858707,0.67761597584011,0.704041758524257
1.73617735334243,0.569534626858998,2.7297606057873e-09,0.00142456502078736,0.927976610350481,0.679145771796631,0.70483026011832
1.73754070031833,0.575528503036818,2.72309852526704e-09,0.00141512802194152,0.931703386657883,0.680677091172829,0.705619031780259
1.73890404729422,0.58153770943399,2.71646080359588e-09,0.00140578444250406,0.935352474017518,0.682209907772653,0.706408069388252
1.74026739427012,0.587560582623771,2.70984732216599e-09,0.00139653305405791,0.938921690440347,0.683744195091558,0.707197368798607
1.74163074124602,0.593595425727751,2.70325796309058e-09,0.00138737264830183,0.942408875614228,0.685279926315131,0.707986925845728
1.74299408822192,0.599640509755351,2.69669260919861e-09,0.00137830203665656,0.945811893836532,0.686817074317741,0.708776736342082
1.74435743519782,0.605694075002218,2.69015114402964e-09,0.00136932004988002,0.94912863697047,0.688355611661199,0.709566796078164
1.74572078217372,0.611754332591333,2.68363345182859e-09,0.00136042553769113,0.952357027418463,0.689895510593448,0.710357100822464
1.74708412914961,0.617819466030251,2.67713941754069e-09,0.00135161736840223,0.955495021105637,0.691436743047265,0.711147646321437
1.74844747612551,0.623887632883499,2.67066892680635e-09,0.00134289442855976,0.958540610466324,0.692979280638987,0.711938428299468
1.74981082310141,0.629956966556255,2.66422186595616e-09,0.00133425562259294,0.961491827426182,0.69452309466726,0.712729442458844
1.75117417007731,0.63602557807721,2.65779812200589e-09,0.00132569987247044,0.964346746372421,0.696068156111804,0.713520684479719
1.75253751705321,0.642091558034189,2.65139758265151e-09,0.00131722611736459,0.967103487104435,0.697614435632207,0.714312150020087
1.7539008640291,0.648152978529492,2.64502013626434e-09,0.00130883331332317,0.969760217756998,0.69916190356674,0.715103834715752
1.755264211005,0.654207895226229,2.63866567188612e-09,0.00130052043294841,0.972315157688129,0.700710529931189,0.715895734180298
1.7566275579809,0.660254349464175,2.63233407922422e-09,0.00129228646508309,0.974766580323599,0.702260284417724,0.716687844005056
1.7579909049568,0.666290370409792,2.62602524864685e-09,0.0012841304145036,0.977112815950085,0.703811136393778,0.717480159759085
1.7593542519327,0.672313977287448,2.61973907117833e-09,0.00127605130161972,0.979352254448926,0.705363054900961,0.718272676989136
1.7607175989086,0.678323181652119,2.61347543849432e-09,0.00126804816218097,0.981483347962483,0.706916008653999,0.719065391219627
1.76208094588449,0.684315989704057,2.60723424291724e-09,0.00126012004698938,0.983504613485197,0.708469966039695,0.719858297952617
1.76344429286039,0.690290404647021,2.60101537741158e-09,0.0012522660216185,0.98541463537151,0.710024895115918,0.720651392667784
1.76480763983629,0.696244429079593,2.59481873557934e-09,0.00124448516613854,0.987212067752981,0.711580763610623,0.721444670822389
1.76617098681219,0.702176067448393,2.58864421165546e-09,0.00123677657484742,0.9888956368571,0.713137538920897,0.722238127851262
1.76753433378809,0.708083328447888,2.58249170050334e-09,0.00122913935600766,0.990464143220509,0.71469518811203,0.72303175916677
1.76889768076398,0.713964227530197,2.5763610976103e-09,0.00122157263158887,0.99191646378962,0.716253677916623,0.723825560158798
1.77026102773988,0.719816789363897,2.57025229908324e-09,0.00121407553701581,0.993251553901849,0.71781297473372,0.724619526194722
1.77162437471578,0.725639050321812,2.56416520164413e-09,0.00120664722092181,0.994468449141086,0.719373044627971,0.725413652619389
1.77298772169168,0.731429060973312,2.55809970262573e-09,0.00119928684490749,0.99556626706128,0.720933853328831,0.726207934755094
1.77435106866758,0.737184888540579,2.55205569996722e-09,0.00119199358330451,0.996544208772492,0.722495366229783,0.727002367901557
1.77571441564347,0.742904619382435,2.54603309220989e-09,0.0011847666229444,0.997401560384117,0.7240575483876,0.727796947335905
1.77707776261937,0.748586361443311,2.54003177849295e-09,0.00117760516293228,0.998137694300453,0.725620364521637,0.728591668312649
1.77844110959527,0.754228246639417,2.53405165854923e-09,0.00117050841442527,0.998752070364252,0.72718377901316,0.729386526063666
1.77980445657117,0.759828433272116,2.52809263270103e-09,0.00116347560041562,0.999244236844377,0.7287477559047,0.730181515798178
1.78116780354707,0.765385108367862,2.52215460185598e-09,0.00115650595551835,0.999613831264222,0.730312258899457,0.730976632702736
1.78253115052297,0.770896489964047,2.51623746750288e-09,0.00114959872576333,0.999860581068034,0.731877251360723,0.731771871941201
1.78389449749886,0.77636082937129,2.51034113170765e-09,0.00114275316839164,0.999984304122889,0.733442696311356,0.732567228654727
1.78525784447476,0.781776413370826,2.50446549710927e-09,0.00113596855165625,0.999984909054578,0.735008556433279,0.733362697961742
1.78662119145066,0.787141566307525,2.49861046691573e-09,0.00112924415462672,0.999862395416252,0.736574794067026,0.734158274957936
1.78798453842656,0.792454652195696,2.4927759449001e-09,0.00112257926699799,0.99961685368925,0.738141371211319,0.734953954716245
1.78934788540246,0.797714076677357,2.48696183539652e-09,0.00111597318890307,0.999248465116093,0.739708249522687,0.735749732286833
1.79071123237835,0.802918288919477,2.48116804329632e-09,0.00110942523072959,0.998757501366246,0.741275390315123,0.736545602697082
1.79207457935425,0.808065783462822,2.4753944740441e-09,0.00110293471294007,0.998144324035761,0.742842754559787,0.737341560951575
1.79343792633015,0.81315510194141,2.4696410336339e-09,0.0010965009658959,0.99740938398256,0.744410302884737,0.738137602032089
1.79480127330605,0.81818483470509,2.46390762860535e-09,0.00109012332968485,0.996553220499594,0.745977995574716,0.738933720897576
1.79616462028195,0.823153622395287,2.45819416603989e-09,0.00108380115395211,0.995576460328741,0.747545792570973,0.739729912484157
1.79752796725784,0.828060157381362,2.452500553557e-09,0.0010775337977347,0.99447981651876,0.749113653471125,0.74052617170511
1.79889131423374,0.832903185082442,2.44682669931045e-09,0.00107132062929927,0.993264087131202,0.750681537529069,0.741322493450859
1.80025466120964,0.837681505213205,2.44117251198465e-09,0.0010651610259831,0.991930153798612,0.75224940365493,0.742118872588965
1.80161800818554,0.842393972942294,2.43553790079088e-09,0.00105905437403837,0.990478980139858,0.753817210415065,0.74291530396412
1.80298135516144,0.847039499849893,2.42992277546375e-09,0.00105300006847942,0.988911610037867,0.7553849160321,0.743711782398136
1.80434470213734,0.851617054876817,2.42432704625752e-09,0.00104699751293316,0.987229165785423,0.75695247838502,0.744508302689941
1.80570804911323,0.856125665113474,2.41875062394252e-09,0.00104104611949241,0.985432846105139,0.758519855009305,0.745304859615568
1.80707139608913,0.86056441646515,2.41319341980163e-09,0.00103514530857212,0.983523924049979,0.760087003097113,0.746101447928156
1.80843474306503,0.86493245421892,2.4076553456267e-09,0.00102929450876845,0.98150374479111,0.761653879497507,0.74689806235794
1.80979809004093,0.869228983510454,2.40213631371509e-09,0.00102349315672068,0.979373723300088,0.76322044071674,0.747694697612249
1.81116143701683,0.873453269628623,2.39663623686619e-09,0.0010177406969757,0.977135341932679,0.764786642918578,0.748491348375501
1.81252478399272,0.877604638296782,2.39115502837794e-09,0.0010120365818553,0.974790147921779,0.766352441924684,0.749288009309204
1.81388813096862,0.881682475719746,2.38569260204347e-09,0.00100638027132596,0.972339750787155,0.767917793215041,0.75008467505195
1.81525147794452,0.885686228632041,2.38024887214767e-09,0.00100077123287118,0.969785819669767,0.769482651928437,0.750881340219415
1.81661482492042,0.889615404169247,2.37482375346384e-09,0.00099520894136636,0.967130080598646,0.771046972862996,0.751677999404362
1.81797817189632,0.89346956968177,2.36941716125036e-09,0.000989692878955993,0.964374313698286,0.772610710476762,0.752474647176637
1.81934151887221,0.897248352378869,2.36402901124737e-09,0.000984222534933333,0.961520350344594,0.774173818888339,0.753271278083173
1.82070486584811,0.900951438959537,2.35865921967348e-09,0.000978797405622325,0.958570070277423,0.775736251877578,0.754067886647991
1.82206821282401,0.904578575052593,2.35330770322255e-09,0.000973416994261811,0.95552539867767,0.777297962886332,0.754864467372202
1.82343155979991,0.90812956464258,2.34797437906041e-09,0.000968080810891964,0.952388303216891,0.778858905019248,0.755661014734012
1.82479490677581,0.911604269346067,2.3426591648217e-09,0.00096278837224288,0.949160791087223,0.780419031044632,0.756457523188729
1.82615825375171,0.915002607641927,2.33736197860664e-09,0.000957539201625305,0.945844906019337,0.781978293395357,0.757253987168761
1.8275216007276,0.918324553980403,2.33208273897793e-09,0.000952332828823425,0.942442725295957,0.783536644169837,0.758050401083628
1.8288849477035,0.921570137849384,2.32682136495758e-09,0.000947168789989701,0.938956356768293,0.785094035133054,0.758846759319969
1.8302482946794,0.924739442738289,2.32157777602382e-09,0.000942046627541676,0.935387935882533,0.786650417717645,0.759643056241547
1.8316116416553,0.927832605034787,2.31635189210802e-09,0.000936965890060741,0.931739622723329,0.788205743025045,0.760439286189257
1.8329749886312,0.930849812882537,2.31114363359163e-09,0.000931926132192796,0.928013599080902,0.789759961826696,0.761235443481139
1.83433833560709,0.933791304931017,2.30595292130314e-09,0.000926926914550776,0.924212065548187,0.791313024565308,0.762031522412385
1.83570168258299,0.936657369063994,2.3007796765151e-09,0.000921967803618997,0.920337238654099,0.792864881356184,0.762827517255352
1.83706502955889,0.939448341063411,2.29562382094109e-09,0.000917048371659286,0.916391348038713,0.794415481988612,0.763623422259574
1.83842837653479,0.942164603223819,2.29048527673279e-09,0.000912168196618861,0.912376633675856,0.795964775927306,0.764419231651771
1.83979172351069,0.944806582918981,2.28536396647704e-09,0.000907326862039915,0.908295343148225,0.797512712313921,0.76521493963587
1.84115507048658,0.947374751155261,2.28025981319292e-09,0.000902523956970872,0.904149728979896,0.799059239968627,0.766010540393012
1.84251841746248,0.949869621039928,2.27517274032883e-09,0.000897759075879284,0.899942046030642,0.800604307391744,0.766806028081571
1.84388176443838,0.952291746274779,2.27010267175969e-09,0.000893031818566331,0.895674548956229,0.802147862765443,0.767601396837172
1.84524511141428,0.954641719595659,2.265049531784e-09,0.000888341790082883,0.891349489738442,0.803689853955514,0.768396640772706
1.84660845839018,0.956920171179308,2.2600132451211e-09,0.000883688600647111,0.886969115288281,0.805230228513193,0.769191753978345
1.84797180536608,0.959127767082694,2.2549937369083e-09,0.000879071865563586,0.882535665125387,0.806768933677065,0.769986730521568
1.84933515234197,0.961265207600034,2.24999093269813e-09,0.000874491205143871,0.878051369136453,0.808305916375018,0.770781564447175
1.85069849931787,0.96333322568124,2.24500475845559e-09,0.000869946244628537,0.873518445414975,0.809841123226277,0.771576249777313
1.85206184629377,0.965332585282434,2.24003514055538e-09,0.000865436614110603,0.868939098184437,0.8113745005435,0.772370780511491
1.85342519326967,0.967264079785098,2.23508200577921e-09,0.000860961948460355,0.864315515806605,0.81290599433494,0.773165150626609
1.85478854024557,0.969128530328989,2.23014528131308e-09,0.000856521887251521,0.85964986887636,0.814435550306681,0.773959354076979
1.85615188722146,0.970926784257966,2.22522489474462e-09,0.000852116074688773,0.854944308404161,0.815963113864932,0.774753384794349
1.85751523419736,0.972659713474979,2.22032077406043e-09,0.000847744159536531,0.850200964086892,0.817488630118402,0.775547236687928
1.85887858117326,0.974328212872098,2.21543284764345e-09,0.000843405795049039,0.845421942667628,0.819012043880736,0.776340903644415
1.86024192814916,0.975933198766946,2.21056104427033e-09,0.000839100638901682,0.840609326384498,0.820533299673023,0.777134379528026
1.86160527512506,0.977475607335748,2.20570529310885e-09,0.00083482835312354,0.835765171508637,0.822052341726379,0.777927658180519
1.86296862210096,0.978956393081814,2.20086552371534e-09,0.000830588604031126,0.830891506970875,0.823569113984593,0.778720733421226
1.86433196907685,0.980376527343452,2.19604166603213e-09,0.0008263810621633,0.825990333076667,0.825083560106847,0.779513599047084
1.86569531605275,0.981736996794229,2.191233650385e-09,0.00082220540221734,0.821063620308465,0.826595623470512,0.780306248832663
1.86705866302865,0.983038801990016,2.1864414074807e-09,0.000818061302986128,0.81611330821457,0.828105247174008,0.781098676530203
1.86842201000455,0.984282955949311,2.18166486840439e-09,0.000813948447296446,0.811141304383275,0.829612374039743,0.781890875869643
1.86978535698045,0.985470482769813,2.17690396461723e-09,0.000809866521948355,0.80614948350096,0.831116946617118,0.782682840558656
1.87114870395634,0.986602416250337,2.17215862795389e-09,0.000805815217655631,0.801139686492587,0.832618907185614,0.783474564282686
1.87251205093224,0.987679798572087,2.16742879062009e-09,0.000801794228987239,0.79611371974294,0.834118197757941,0.784266040704982
1.87387539790814,0.988703679023468,2.16271438519023e-09,0.000797803254309828,0.79107335439677,0.835614760083266,0.785057263466638
1.87523874488404,0.989675112724193,2.15801534460493e-09,0.000793841995731222,0.786020325735918,0.837108535650521,0.785848226186628
1.87660209185994,0.990595159430242,2.15333160216871e-09,0.000789910159044893,0.78095633263134,0.838599465691767,0.786638922461847
1.87796543883583,0.991464882352309,2.14866309154753e-09,0.000786007453675385,0.775883037067888,0.840087491185658,0.787429345867152
1.87932878581173,0.992285347014215,2.14400974676656e-09,0.000782133592624686,0.770802063739609,0.84157255286095,0.788219489955401
1.88069213278763,0.993057620162125,2.13937150220773e-09,0.00077828829241952,0.765714999713224,0.84305459120011,0.789009348257496
1.88205547976353,0.993782768715905,2.13474829260753e-09,0.000774471273059538,0.760623394157442,0.844533546442986,0.78979891428243
1.88341882673943,0.994461858730962,2.1301400530546e-09,0.000770682257966401,0.755528758135641,0.846009358590555,0.790588181517324
1.88478217371533,0.99509595444839,2.12554671898755e-09,0.00076692097393373,0.750432564459488,0.847481967408743,0.791377143427481
1.88614552069122,0.995686117344246,2.12096822619265e-09,0.0007631871510779,0.745336247600972,0.848951312432333,0.792165793456426
1.88750886766712,0.996233405250481,2.11640451080159e-09,0.000759480522789685,0.740241203660349,0.850417332968926,0.792954125025955
1.88887221464302,0.996738871479558,2.11185550928924e-09,0.000755800825686707,0.735148790387463,0.851879968103002,0.793742131536186
1.89023556161892,0.997203564031523,2.10732115847149e-09,0.000752147799566696,0.730060327253942,0.853339156700037,0.794529806365608
1.89159890859482,0.997628524815973,2.10280139550299e-09,0.000748521187361537,0.724977095573712,0.854794837410706,0.795317142871129
1.89296225557071,0.998014788909293,2.09829615787502e-09,0.000744920735092087,0.719900338669355,0.856246948675162,0.79610413438813
1.89432560254661,0.998363383869639,2.09380538341332e-09,0.000741346191823755,0.714831262081824,0.85769542872738,0.796890774230518
1.89568894952251,0.998675329067544,2.08932901027591e-09,0.000737797309622814,0.709771033821047,0.859140215599592,0.797677055690781
1.89705229649841,0.998951635087863,2.08486697695103e-09,0.000734273843513465,0.704720784655022,0.860581247126786,0.79846297204004
1.89841564347431,0.999193303128695,2.08041922225494e-09,0.000730775551435583,0.699681608434999,0.862018460951282,0.799248516528108
1.8997789904502,0.999401324447958,2.0759856853299e-09,0.0007273021942032,0.694654562454443,0.863451794527392,0.800033682383544
1.9011423374261,0.999576679886185,2.07156630564205e-09,0.000723853535463648,0.689640667839464,0.864881185126143,0.800818462813719
1.902505684402,0.999720339353405,2.06716102297934e-09,0.000720429341657397,0.684640909968499,0.866306569840083,0.801602851004864
1.9038690313779,0.999833261412757,2.0627697774495e-09,0.000717029381978543,0.679656238919062,0.867727885588164,0.802386840122141
1.9052323783538,0.999916392846482,2.058392509478e-09,0.000713653428335954,0.674687569939451,0.869145069120689,0.803170423309699
1.9065957253297,0.999970668300166,2.05402915980599e-09,0.000710301255315047,0.669735783943344,0.870558057024349,0.803953593690741
1.90795907230559,0.999997009936022,2.04967966948837e-09,0.000706972640140202,0.664801728025305,0.87196678572732,0.804736344367581
1.90932241928149,0.999996327082624,2.04534397989173e-09,0.000703667362637779,0.65988621599527,0.873371191504445,0.805518668421718
1.91068576625739,0.999969515990696,2.04102203269241e-09,0.000700385205199743,0.654990028930147,0.874771210482484,0.806300558913896
1.91204911323329,0.999917459545679,2.03671376987452e-09,0.000697125952747881,0.650113915740756,0.876166778645442,0.807082008884174
1.91341246020919,0.999841027051308,2.03241913372801e-09,0.0006938893926986,0.64525859375236,0.877557831839964,0.807863011351994
1.91477580718508,0.999741074002836,2.02813806684673e-09,0.000690675314928295,0.640424749297174,0.87894430578081,0.80864355931625
1.91613915416098,0.999618441919587,2.02387051212651e-09,0.000687483511739271,0.635613038317223,0.8803261360564,0.809423645755362
1.91750250113688,0.999473958187083,2.01961641276326e-09,0.000684313777826226,0.630824086976077,0.881703258134432,0.810203263627343
1.91886584811278,0.99930843592183,2.01537571225107e-09,0.00068116591024326,0.626058492277984,0.883075607367568,0.810982405869876
1.92022919508868,0.999122673850304,2.01114835438034e-09,0.000678039708371424,0.621316822693061,0.884443118999199,0.811761065400389
1.92159254206457,0.998917456233987,2.00693428323592e-09,0.000674934973886779,0.616599618787195,0.885805728169274,0.812539235116127
1.92295588904047,0.998693552779832,2.00273344319527e-09,0.000671851510728976,0.611907393855447,0.887163369920203,0.813316907894231
1.92431923601637,0.998451718602156,1.99854577892659e-09,0.000668789125070325,0.607240634557762,0.88851597920283,0.814094076591816
1.92568258299227,0.998192694181376,1.99437123538704e-09,0.000665747625285367,0.602599801555887,0.889863490882477,0.81487073404605
1.92704592996817,0.997917205361379,1.99020975782091e-09,0.000662726821920916,0.597985330150441,0.891205839745052,0.815646873074233
1.92840927694407,0.997625963336066,1.98606129175782e-09,0.000659726527666589,0.593397630917157,0.892542960503228,0.816422486473881
1.92977262391996,0.997319664665276,1.98192578301095e-09,0.000656746557325793,0.588837090341365,0.893874787802693,0.817197567022806
1.93113597089586,0.996998991319573,1.97780317767526e-09,0.000653786727787168,0.584304071449856,0.895201256228464,0.817972107479201
1.93249931787176,0.996664610719934,1.97369342212574e-09,0.000650846857996487,0.579798914439313,0.896522300311262,0.818746100581727
1.93386266484766,0.996317175786897,1.96959646301567e-09,0.000647926768928984,0.575321937300553,0.897837854533969,0.819519539049596
1.93522601182356,0.995957325027309,1.96551224727488e-09,0.000645026283562132,0.570873436437887,0.899147853338127,0.82029241558266
1.93658935879945,0.995585682607955,1.96144072210803e-09,0.000642145226848828,0.566453687282935,0.900452231130523,0.8210647228615
1.93795270577535,0.995202858447027,1.95738183499292e-09,0.000639283425691013,0.562062944902311,0.901750922289824,0.821836453547517
1.93931605275125,0.994809448329723,1.95333553367877e-09,0.000636440708913684,0.557701444598614,0.903043861173276,0.822607600283019
1.94067939972715,0.994406034010321,1.94930176618457e-09,0.000633616907239329,0.553369402504229,0.904330982123474,0.823378155691318
1.94204274670305,0.993993183347973,1.94528048079738e-09,0.00063081185326274,0.549067016167464,0.905612219475178,0.824148112376824
1.94340609367895,0.993571450422099,1.94127162607069e-09,0.000628025381426227,0.544794465130625,0.906887507562206,0.824917462925133
1.94476944065484,0.993141375681274,1.93727515082277e-09,0.000625257327995206,0.540551911499617,0.908156780724368,0.825686199903133
1.94613278763074,0.992703486082562,1.93329100413504e-09,0.000622507531034168,0.536339500504765,0.909419973314475,0.826454315859092
1.94749613460664,0.992258295252406,1.92931913535045e-09,0.000619775830383017,0.532157361052533,0.91067701970539,0.827221803322763
1.94885948158254,0.99180630364218,1.92535949407186e-09,0.000617062067633761,0.528005606267865,0.911927854297152,0.827988654805481
1.95022282855844,0.99134799868511,1.92141203016044e-09,0.000614366086107573,0.523884334026937,0.913172411524135,0.828754862800265
1.95158617553433,0.990883854963106,1.9174766937341e-09,0.00061168773083219,0.519793627480086,0.91441062586228,0.82952041978192
1.95294952251023,0.990414334403345,1.9135534351659e-09,0.000609026848519663,0.515733555564774,0.915642431836365,0.830285318207139
1.95431286948613,0.989939886414987,1.90964220508248e-09,0.000606383287544439,0.511704173508409,0.916867764027338,0.831049550514611
1.95567621646203,0.989460948105538,1.90574295436253e-09,0.000603756897921782,0.507705523320927,0.918086557079695,0.831813109125125
1.95703956343793,0.988977944448592,1.90185563413523e-09,0.000601147531286511,0.503737634277027,0.919298745708904,0.832575986441677
1.95840291041382,0.988491288470804,1.89798019577871e-09,0.000598555040872069,0.499800523388003,0.920504264708885,0.833338174849581
1.95976625738972,0.988001381435362,1.89411659091855e-09,0.000595979281489896,0.495894195863101,0.921703048959536,0.834099666716576
1.96112960436562,0.987508613050734,1.89026477142628e-09,0.000593420109509123,0.492018645560397,0.922895033434295,0.834860454392937
1.96249295134152,0.987013361639397,1.88642468941782e-09,0.000590877382836557,0.488173855427175,0.924080153207761,0.835620530211593
1.96385629831742,0.986515994341363,1.88259629725207e-09,0.000588350960896983,0.484359797929813,0.925258343463343,0.836379886488231
1.96521964529332,0.98601686731508,1.87877954752938e-09,0.000585840704613737,0.480576435473208,0.926429539500967,0.83713851552142
1.96658299226921,0.985516325925333,1.87497439309012e-09,0.000583346476389594,0.476823720809788,0.927593676744807,0.837896409592723
1.96794633924511,0.985014704931965,1.87118078701319e-09,0.000580868140087915,0.473101597438146,0.928750690751069,0.838653560966814
1.96930968622101,0.984512328703073,1.86739868261458e-09,0.000578405561014091,0.469409999991389,0.929900517215802,0.8394099618916
1.97067303319691,0.984009511388393,1.86362803344595e-09,0.000575958605897258,0.465748854615276,0.931043091982751,0.840165604598335
1.97203638017281,0.983506557139452,1.85986879329319e-09,0.000573527142872272,0.462118079336226,0.932178351051245,0.84092048130175
1.9733997271487,0.983003760282977,1.85612091617501e-09,0.000571111041461963,0.458517584419326,0.933306230584113,0.841674584200168
1.9747630741246,0.982501405518657,1.85238435634154e-09,0.000568710172559641,0.454947272716417,0.934426666915637,0.842427905475631
1.9761264211005,0.981999768124879,1.84865906827292e-09,0.000566324408411867,0.451407040004416,0.935539596559535,0.843180437294026
1.9774897680764,0.98149911414246,1.84494500667792e-09,0.00056395362260146,0.447896775313975,0.936644956216965,0.84393217180521
1.9788531150523,0.98099970055468,1.84124212649255e-09,0.000561597690030773,0.444416361248633,0.937742682784567,0.844683101143139
1.98021646202819,0.980501775501713,1.83755038287873e-09,0.000559256486905199,0.440965674294582,0.938832713362522,0.845433217425996
1.98157980900409,0.980005578436745,1.8338697312229e-09,0.000556929890716919,0.437544585121222,0.939914985262637,0.846182512756321
1.98294315597999,0.979511340348195,1.83020012713468e-09,0.000554617780228889,0.434152958872629,0.940989436016455,0.846930979221144
1.98430650295589,0.97901928390804,1.82654152644553e-09,0.00055232003545906,0.430790655450124,0.942056003383381,0.847678608892118
1.98566984993179,0.978529623684095,1.82289388520742e-09,0.00055003653766482,0.42745752978607,0.943114625358825,0.848425393825652
1.98703319690769,0.97804256630161,1.81925715969152e-09,0.000547767169327665,0.42415343210909,0.944165240182373,0.849171326063049
1.98839654388358,0.977558310630759,1.8156313063869e-09,0.000545511814138091,0.420878208200855,0.945207786345956,0.849916397630638
1.98975989085948,0.977077047955869,1.81201628199917e-09,0.0005432703569807,0.417631699644615,0.94624220260205,0.850660600539917
1.99112323783538,0.976598962164415,1.80841204344928e-09,0.000541042683919525,0.414413744065648,0.947268427971871,0.851403926787692
1.99248658481128,0.976124229905217,1.80481854787214e-09,0.000538828682183557,0.411224175363791,0.948286401753594,0.852146368356214
1.99384993178718,0.975653020754439,1.80123575261542e-09,0.000536628240152486,0.408062823938229,0.94929606353057,0.852887917213325
1.99521327876307,0.975185497401414,1.79766361523825e-09,0.000534441247342642,0.404929516904713,0.950297353179555,0.853628565312601
1.99657662573897,0.974721815794868,1.79410209350996e-09,0.000532267594393137,0.401824078305387,0.951290210878938,0.854368304593492
1.99793997271487,0.974262125316516,1.79055114540886e-09,0.000530107173052198,0.39874632931138,0.952274577116976,0.855107126981476
1.99930331969077,0.973806568941962,1.78701072912095e-09,0.000527959876163706,0.395696088418356,0.953250392700027,0.855845024388198
2.00066666666667,0.973355283380672,1.78348080303876e-09,0.000525825597653914,0.392673171635175,0.95421759876078,0.856581988711624
2.00203001364256,0.972908399260369,1.77996132576005e-09,0.000523704232518354,0.389677392665849,0.955176136766486,0.857318011836191
2.00339336061846,0.972466041246421,1.77645225608667e-09,0.000521595676808936,0.386708563084957,0.95612594852718,0.858053085632953
2.00475670759436,0.972028328222409,1.77295355302328e-09,0.00051949982762122,0.383766492506682,0.957066976203894,0.858787201959739
2.00612005457026,0.971595373404408,1.76946517577622e-09,0.000517416583081866,0.38085098874764,0.957999162316868,0.859520352661304
2.00748340154616,0.971167284532024,1.76598708375228e-09,0.00051534584233627,0.377961857983677,0.958922449753737,0.860252529569485
2.00884674852206,0.970744163949769,1.76251923655754e-09,0.000513287505536359,0.375098904900772,0.959836781777722,0.860983724503357
2.01021009549795,0.970326108801562,1.75906159399618e-09,0.000511241473828569,0.372261932840229,0.960742102035787,0.861713929269391
2.01157344247385,0.969913211134297,1.75561411606931e-09,0.000509207649341977,0.3694507439383,0.961638354566792,0.862443135661611
2.01293678944975,0.969505558046497,1.75217676297386e-09,0.000507185935176612,0.366665139260411,0.962525483809621,0.863171335461759
2.01430013642565,0.969103231815429,1.74874949510137e-09,0.000505176235391915,0.36390491893013,0.963403434611289,0.863898520439451
2.01566348340155,0.968706310020325,1.74533227303689e-09,0.000503178454995369,0.361169882253031,0.964272152235027,0.864624682352343
2.01702683037744,0.968314865684036,1.74192505755783e-09,0.000501192499931277,0.358459827835609,0.965131582368339,0.865349812946295
2.01839017735334,0.96792896737723,1.73852780963282e-09,0.000499218277069702,0.355774553699391,0.965981671131032,0.866073903955535
2.01975352432924,0.967548679365097,1.73514049042065e-09,0.000497255694195555,0.353113857390375,0.96682236508322,0.866796947102828
2.02111687130514,0.967174061695065,1.73176306126908e-09,0.000495304659997833,0.350477536083948,0.967653611233287,0.867518934099641
2.02248021828104,0.966805170347334,1.72839548371381e-09,0.000493365084059008,0.347865386685422,0.968475357045829,0.868239856646316
2.02384356525693,0.966442057319716,1.72503771947731e-09,0.000491436876844553,0.345277205926313,0.969287550449548,0.868959706432236
2.02520691223283,0.96608477074972,1.72168973046783e-09,0.00048951994969262,0.342712790456501,0.970090139845114,0.869678475136002
2.02657025920873,0.965733355032966,1.71835147877822e-09,0.000487614214803852,0.340171936932406,0.970883074112986,0.870396154425602
2.02793360618463,0.965387850925785,1.71502292668491e-09,0.000485719585231341,0.337654442101288,0.971666302621191,0.871112735958586
2.02929695316053,0.965048295631334,1.71170403664686e-09,0.000483835974870708,0.335160102881819,0.972439775233055,0.871828211382246
2.03066030013643,0.964714722938611,1.70839477130444e-09,0.000481963298450336,0.332688716441022,0.973203442314895,0.872542572333786
2.03202364711232,0.964387163280556,1.70509509347843e-09,0.000480101471521719,0.330240080267724,0.973957254743653,0.873255810440506
2.03338699408822,0.964065643869037,1.70180496616899e-09,0.00047825041044995,0.327813992242601,0.974701163914486,0.873967917319979
2.03475034106412,0.963750188760302,1.69852435255454e-09,0.000476410032404333,0.325410250704964,0.975435121748305,0.874678884580232
2.03611368804002,0.963440818979381,1.69525321599083e-09,0.000474580255349125,0.323028654516371,0.976159080699247,0.875388703819928
2.03747703501592,0.963137552576938,1.69199152000984e-09,0.000472760998034397,0.320669003121181,0.976872993762106,0.876097366628551
2.03884038199181,0.962840404751636,1.68873922831882e-09,0.000470952179987024,0.318331096604152,0.977576814479693,0.876804864586588
2.04020372896771,0.962549387911708,1.68549630479923e-09,0.000469153721501784,0.316014735745184,0.978270496950145,0.877511189265715
2.04156707594361,0.962264511772462,1.68226271350577e-09,0.000467365543632591,0.313719722071305,0.978953995834156,0.878216332228987
2.04293042291951,0.96198578344567,1.6790384186654e-09,0.000465587568183833,0.311445857905999,0.979627266362161,0.878920285031024
2.04429376989541,0.961713207498625,1.67582338467628e-09,0.000463819717701825,0.309192946415961,0.980290264341436,0.8796230392182
2.0456571168713,0.961446786061231,1.67261757610687e-09,0.000462061915466389,0.306960791655383,0.980942946163144,0.880324586328834
2.0470204638472,0.961186518885304,1.6694209576949e-09,0.000460314085482521,0.304749198607839,0.981585268809296,0.881024917893386
2.0483838108231,0.960932403422723,1.66623349434643e-09,0.000458576152472198,0.302557973225883,0.982217189859646,0.881724025434644
2.049747157799,0.96068443490711,1.66305515113486e-09,0.000456848041866264,0.300386922468413,0.982838667498512,0.882421900467924
2.0511105047749,0.960442606414458,1.6598858933e-09,0.000455129679796444,0.298235854335902,0.983449660521514,0.883118534501262
2.0524738517508,0.96020690894105,1.65672568624709e-09,0.000453420993087452,0.296104577903567,0.984050128342237,0.883813919035612
2.05383719872669,0.95997733147357,1.6535744955459e-09,0.000451721909249206,0.29399290335255,0.984640030998811,0.884508045565046
2.05520054570259,0.959753861056536,1.65043228692975e-09,0.000450032356469143,0.291900641999198,0.985219329160409,0.885200905576952
2.05656389267849,0.959536482841098,1.64729902629458e-09,0.000448352263604638,0.28982760632249,0.985787984133658,0.885892490552231
2.05792723965439,0.959325180173482,1.64417467969806e-09,0.000446681560175515,0.2877736099897,0.986345957868964,0.886582791965509
2.05929058663029,0.959119934647596,1.64105921335865e-09,0.000445020176356665,0.285738467880365,0.986893212966751,0.887271801285327
2.06065393360618,0.95892072615001,1.63795259365467e-09,0.000443368042970752,0.283721996108601,0.987429712683603,0.887959509974355
2.06201728058208,0.958727532946501,1.63485478712342e-09,0.000441725091481015,0.28172401204386,0.987955420938318,0.888645909489593
2.06338062755798,0.958540331724774,1.63176576046025e-09,0.000440091253984165,0.279744334330159,0.988470302317865,0.88933099128258
2.06474397453388,0.958359097639174,1.62868548051772e-09,0.000438466463203373,0.27778278290387,0.988974322083249,0.890014746799599
2.06610732150978,0.958183804391564,1.62561391430464e-09,0.000436850652481351,0.275839179010105,0.989467446175273,0.890697167481888
2.06747066848568,0.958014424267787,1.62255102898522e-09,0.000435243755773513,0.273913345217762,0.989949641220203,0.89137824476585
2.06883401546157,0.957850928192305,1.61949679187822e-09,0.000433645707641237,0.27200510543329,0.990420874535328,0.892057970083262
2.07019736243747,0.957693285775691,1.61645117045602e-09,0.000432056443245202,0.270114284913208,0.990881114134426,0.89273633486149
2.07156070941337,0.957541465376572,1.61341413234381e-09,0.000430475898338816,0.268240710275456,0.991330328733109,0.893413330523704
2.07292405638927,0.957395434144375,1.61038564531869e-09,0.000428904009261727,0.266384209509597,0.99176848775408,0.894088948489088
2.07428740336517,0.957255158045215,1.60736567730883e-09,0.000427340712933418,0.264544611985936,0.992195561332267,0.894763180173059
2.07565075034106,0.957120601946863,1.60435419639261e-09,0.000425785946846877,0.262721748463596,0.992611520319858,0.895436016987484
2.07701409731696,0.95699172963454,1.60135117079782e-09,0.000424239649062357,0.260915451097599,0.993016336291215,0.896107450340897
2.07837744429286,0.956868503855538,1.59835656890076e-09,0.00042270175820121,0.259125553444984,0.993409981547682,0.896777471638719
2.07974079126876,0.956750886377216,1.59537035922544e-09,0.000421172213439795,0.257351890470017,0.993792429122276,0.89744607228348
2.08110413824466,0.95663883802174,1.59239251044277e-09,0.000419650954503475,0.255594298548519,0.994163652784264,0.898113243675037
2.08246748522055,0.956532318698632,1.58942299136968e-09,0.000418137921660673,0.253852615471363,0.994523627043622,0.898778977210798
2.08383083219645,0.956431287444327,1.58646177096837e-09,0.000416633055717021,0.252126680447168,0.99487232715537,0.899443264285947
2.08519417917235,0.956335702477823,1.58350881834547e-09,0.000415136298009566,0.250416334104229,0.995209729123799,0.900106096293668
2.08655752614825,0.956245521213336,1.58056410275122e-09,0.000413647590401061,0.248721418491719,0.995535809706563,0.90076746462537
2.08792087312415,0.956160700316195,1.57762759357869e-09,0.000412166875274321,0.247041777080192,0.995850546418657,0.901427360670916
2.08928422010005,0.956081195730049,1.57469926036299e-09,0.000410694095526649,0.245377254761422,0.996153917536271,0.902085775818848
2.09064756707594,0.956006962701095,1.57177907278044e-09,0.000409229194564338,0.243727697847615,0.996445902100515,0.902742701456619
2.09201091405184,0.95593795583579,1.56886700064785e-09,0.000407772116297234,0.242092954070004,0.996726479921015,0.903398128970821
2.09337426102774,0.955874129109086,1.56596301392167e-09,0.000406322805133369,0.240472872576883,0.996995631579397,0.904052049747418
2.09473760800364,0.955815435912299,1.56306708269728e-09,0.000404881205973665,0.238867303931085,0.997253338432617,0.904704455171977
2.09610095497954,0.955761829074052,1.56017917720815e-09,0.000403447264206696,0.237276100106945,0.997499582616187,0.9053553366299
2.09746430195543,0.955713260895496,1.55729926782515e-09,0.000402020925703522,0.235699114486764,0.997734347047255,0.906004685506661
2.09882764893133,0.955669683175337,1.55442732505574e-09,0.000400602136812582,0.234136201856807,0.997957615427554,0.90665249318804
2.10019099590723,0.955631047243956,1.55156331954323e-09,0.000399190844354649,0.232587218402851,0.998169372246227,0.90729875106036
2.10155434288313,0.955597303991447,1.54870722206601e-09,0.000397786995617854,0.231052021705314,0.99836960278251,0.907943450510721
2.10291768985903,0.955568403878309,1.54585900353686e-09,0.000396390538352764,0.229530470733983,0.998558293108284,0.908586582927243
2.10428103683492,0.955544296990622,1.54301863500214e-09,0.000395001420767522,0.228022425842358,0.998735430090493,0.909228139699301
2.10564438381082,0.955524933033287,1.5401860876411e-09,0.00039361959152305,0.226527748761639,0.998901001393421,0.909868112217769
2.10700773078672,0.955510261386425,1.53736133276515e-09,0.000392244999728305,0.225046302594382,0.999054995480839,0.910506491875259
2.10837107776262,0.955500231099262,1.53454434181708e-09,0.000390877594935599,0.22357795180782,0.99919740161801,0.911143270066361
2.10973442473852,0.955494790936482,1.53173508637041e-09,0.00038951732713597,0.222122562226892,0.999328209873558,0.911778438187892
2.11109777171442,0.955493889392319,1.52893353812865e-09,0.000388164146754613,0.220680001026984,0.999447411121195,0.912411987639133
2.11246111869031,0.95549747470862,1.52613966892453e-09,0.000386818004646365,0.219250136726407,0.999554997041315,0.91304390982208
2.11382446566621,0.955505494906631,1.52335345071939e-09,0.000385478852091246,0.217832839178614,0.999650960122441,0.913674196141685
2.11518781264211,0.955517897804473,1.52057485560239e-09,0.000384146640790054,0.216427979564193,0.999735293662536,0.914302838006105
2.11655115961801,0.955534631019732,1.51780385578988e-09,0.000382821322860008,0.215035430382627,0.999807991770175,0.914929826826952
2.11791450659391,0.955555642021904,1.51504042362465e-09,0.000381502850830451,0.213655065443857,0.99986904936557,0.915555154019535
2.1192778535698,0.955580878127154,1.51228453157526e-09,0.000380191177638603,0.212286759859648,0.99991846218146,0.916178811003115
2.1206412005457,0.955610286524794,1.50953615223537e-09,0.000378886256625357,0.210930390034776,0.999956226763852,0.916800789201154
2.1220045475216,0.9556438143037,1.50679525832304e-09,0.000377588041531139,0.209585833658048,0.999982340472632,0.917421080041565
2.1233678944975,0.955681408444489,1.50406182268006e-09,0.000376296486491805,0.208252969693164,0.999996801482017,0.918039674956963
2.1247312414734,0.955723015874862,1.50133581827128e-09,0.000375011546034595,0.206931678369447,0.999999608780884,0.918656565384922
2.1260945884493,0.955768583442119,1.49861721818392e-09,0.000373733175074129,0.205621841172425,0.999990762172939,0.919271742768224
2.12745793542519,0.955818057977043,1.49590599562695e-09,0.000372461328908461,0.204323340834306,0.999970262276753,0.919885198555113
2.12882128240109,0.955871386271849,1.49320212393038e-09,0.000371195963215164,0.203036061324334,0.999938110525657,0.920496924199557
2.13018462937699,0.955928515107486,1.49050557654463e-09,0.000369937034047479,0.201759887839049,0.999894309167489,0.921106911161496
2.13154797635289,0.955989391278501,1.48781632703989e-09,0.000368684497830494,0.200494706792447,0.999838861264201,0.921715150907101
2.13291132332879,0.956053961592901,1.48513434910544e-09,0.000367438311357381,0.199240405806073,0.999771770691325,0.922321634909036
2.13427467030468,0.956122172900292,1.48245961654905e-09,0.000366198431785666,0.197996873699021,0.999693042137294,0.922926354646709
2.13563801728058,0.956193972088847,1.47979210329627e-09,0.000364964816633555,0.196764000477884,0.999602681102628,0.923529301606537
2.13700136425648,0.956269306116016,1.47713178338989e-09,0.000363737423776291,0.195541677326638,0.999500693898967,0.924130467282204
2.13836471123238,0.956348122001631,1.47447863098923e-09,0.000362516211442563,0.194329796596479,0.999387087647973,0.924729843174918
2.13972805820828,0.956430366868767,1.47183262036953e-09,0.000361301138210953,0.193128251795615,0.999261870280089,0.925327420793677
2.14109140518417,0.956515987928125,1.46919372592137e-09,0.000360092163006425,0.191936937579024,0.999125050533152,0.925923191655529
2.14245475216007,0.95660493249654,1.46656192214999e-09,0.000358889245096855,0.190755749738181,0.998976637950873,0.926517147285834
2.14381809913597,0.956697148024995,1.4639371836747e-09,0.000357692344089602,0.189584585190765,0.998816642881174,0.927109279218527
2.14518144611187,0.956792582091509,1.4613194852283e-09,0.000356501419928121,0.188423341970341,0.998645076474387,0.927699578996382
2.14654479308777,0.956891182411327,1.45870880165641e-09,0.000355316432888607,0.187271919216042,0.998461950681313,0.928288038171279
2.14790814006367,0.956992896870237,1.4561051079169e-09,0.000354137343576693,0.186130217162234,0.998267278251144,0.928874648304466
2.14927148703956,0.95709767350014,1.4535083790793e-09,0.000352964112924168,0.184998137128189,0.998061072729252,0.929459400966825
2.15063483401546,0.957205460520813,1.45091859032419e-09,0.00035179670218575,0.183875581507757,0.997843348454833,0.930042287739139
2.15199818099136,0.957316206326041,1.44833571694259e-09,0.000350635072935884,0.182762453759044,0.997614120558423,0.930623300212362
2.15336152796726,0.957429859508148,1.4457597343354e-09,0.000349479187065582,0.181658658394115,0.997373404959278,0.93120242998788
2.15472487494316,0.95754636886081,1.4431906180128e-09,0.000348329006779303,0.180564100968701,0.997121218362616,0.931779668677785
2.15608822191905,0.95766568338597,1.44062834359367e-09,0.000347184494591856,0.179478688071937,0.996857578256728,0.93235500790514
2.15745156889495,0.957787752305961,1.43807288680501e-09,0.000346045613325359,0.178402327316121,0.996582502909963,0.932928439304251
2.15881491587085,0.957912525067657,1.43552422348136e-09,0.000344912326106211,0.177334927326501,0.996296011367567,0.933499954520934
2.16017826284675,0.958039951354707,1.43298232956424e-09,0.000343784596362112,0.176276397731101,0.995998123448411,0.934069545212787
2.16154160982265,0.958169981094033,1.43044718110159e-09,0.000342662387819116,0.175226649150577,0.995688859741573,0.934637203049462
2.16290495679854,0.958302564461095,1.42791875424716e-09,0.000341545664498715,0.174185593188111,0.9953682416028,0.93520291971293
2.16426830377444,0.958437651884116,1.42539702526002e-09,0.000340434390714953,0.173153142419354,0.995036291150846,0.935766686897763
2.16563165075034,0.958575194056663,1.42288197050395e-09,0.000339328531071579,0.172129210382404,0.994693031263675,0.936328496311396
2.16699499772624,0.958715141953069,1.42037356644688e-09,0.00033822805045923,0.171113711567842,0.994338485574549,0.936888339674406
2.16835834470214,0.958857446808665,1.41787178966039e-09,0.000337132914052645,0.170106561408806,0.993972678467987,0.937446208720781
2.16972169167804,0.959002060143063,1.41537661681912e-09,0.000336043087307909,0.169107676271126,0.993595635075602,0.938002095198198
2.17108503865393,0.959148933777618,1.41288802470024e-09,0.000334958535959735,0.168116973443512,0.993207381271822,0.938555990868292
2.17244838562983,0.959298019816321,1.41040599018292e-09,0.000333879226018766,0.167134371127792,0.992807943669486,0.939107887506934
2.17381173260573,0.959449270663495,1.40793049024776e-09,0.000332805123768918,0.166159788429215,0.992397349615326,0.939657776904503
2.17517507958163,0.959602639033381,1.40546150197631e-09,0.000331736195764745,0.165193145346812,0.991975627185329,0.940205650866163
2.17653842655753,0.959758077949222,1.40299900255048e-09,0.000330672408828838,0.164234362763816,0.991542805179989,0.940751501212137
2.17790177353342,0.959915540739357,1.40054296925204e-09,0.000329613730049251,0.163283362438149,0.991098913119442,0.941295319777982
2.17926512050932,0.960074981071937,1.39809337946213e-09,0.000328560126776957,0.162340066992972,0.990643981238486,0.941837098414866
2.18062846748522,0.960236352920839,1.39565021066068e-09,0.000327511566623333,0.1614043999073,0.990178040481498,0.942376828989845
2.18199181446112,0.960399610598087,1.39321344042591e-09,0.000326468017457667,0.160476285506684,0.989701122497234,0.942914503386139
2.18335516143702,0.960564708748388,1.39078304643385e-09,0.000325429447404705,0.159555648953967,0.98921325963353,0.943450113503407
2.18471850841292,0.960731602347536,1.38835900645779e-09,0.000324395824842212,0.158642416240101,0.988714484931889,0.943983651258026
2.18608185538881,0.960900246715277,1.38594129836779e-09,0.000323367118398569,0.157736514175043,0.98820483212197,0.944515108583367
2.18744520236471,0.961070597519833,1.38352990013015e-09,0.000322343296950392,0.156837870378712,0.98768433561597,0.945044477430075
2.18880854934061,0.961242610772405,1.38112478980695e-09,0.000321324329620182,0.155946413272032,0.987153030502913,0.945571749766342
2.19017189631651,0.961416242831448,1.37872594555553e-09,0.000320310185773991,0.155062072068034,0.986610952542829,0.946096917578191
2.19153524329241,0.961591450421981,1.37633334562797e-09,0.000319300835019129,0.154184776763045,0.986058138160845,0.946619972869747
2.1928985902683,0.9617681906127,1.37394696837064e-09,0.000318296247201883,0.153314458127938,0.985494624441178,0.947140907663523
2.1942619372442,0.961946420841879,1.37156679222369e-09,0.000317296392405266,0.152451047699467,0.984920449121029,0.947659714000691
2.1956252842201,0.962126098908944,1.36919279572055e-09,0.000316301240946791,0.151594477771674,0.984335650584401,0.948176383941366
2.196988631196,0.962307182976516,1.36682495748747e-09,0.000315310763376271,0.150744681387371,0.983740267855804,0.94869090956488
2.1983519781719,0.962489631576477,1.36446325624302e-09,0.000314324930473638,0.149901592329698,0.983134340593893,0.949203282970065
2.19971532514779,0.962673403609091,1.36210767079762e-09,0.000313343713246791,0.149065145113761,0.982517909085009,0.949713496275529
2.20107867212369,0.96285845835091,1.35975818005308e-09,0.000312367082929464,0.148235274978338,0.981891014236638,0.950221541619936
2.20244201909959,0.963044755453332,1.35741476300209e-09,0.000311395010979119,0.147411917877676,0.981253697570787,0.950727411162284
2.20380536607549,0.963232254939841,1.35507739872779e-09,0.000310427469074862,0.146595010473351,0.980606001217286,0.951231097082183
2.20516871305139,0.963420917218584,1.35274606640327e-09,0.000309464429115379,0.145784490126211,0.979947967907,0.951732591580137
2.20653206002729,0.963610703065816,1.35042074529113e-09,0.000308505863216901,0.144980294888402,0.979279640964976,0.95223188687782
2.20789540700318,0.963801573651502,1.34810141474301e-09,0.00030755174371118,0.144182363495459,0.978601064303509,0.952728975218357
2.20925875397908,0.963993490525728,1.34578805419915e-09,0.000306602043143498,0.143390635358484,0.977912282415139,0.953223848866599
2.21062210095498,0.964186415618728,1.34348064318787e-09,0.000305656734270692,0.142605050556398,0.977213340365576,0.953716500109407
2.21198544793088,0.964380311250998,1.34117916132521e-09,0.000304715790059199,0.141825549828272,0.976504283786556,0.954206921255926
2.21334879490678,0.964575140126433,1.33888358831441e-09,0.000303779183683127,0.141052074565728,0.975785158868634,0.954695104637868
2.21471214188267,0.964770865336552,1.33659390394549e-09,0.000302846888522341,0.140284566805428,0.975056012353911,0.955181042609786
2.21607548885857,0.964967450365179,1.33431008809482e-09,0.000301918878160573,0.139522969221632,0.974316891528695,0.955664727549354
2.21743883583447,0.965164859076868,1.33203212072462e-09,0.000300995126383553,0.138767225118829,0.973567844216112,0.956146151857648
2.21880218281037,0.965363055739318,1.32975998188259e-09,0.000300075607177158,0.138017278424461,0.972808918768646,0.956625307959419
2.22016552978627,0.965562004997162,1.32749365170143e-09,0.000299160294725579,0.137273073681699,0.972040164060635,0.957102188303374
2.22152887676216,0.965761671890979,1.32523311039843e-09,0.000298249163409513,0.136534556042316,0.971261629480706,0.957576785362455
2.22289222373806,0.965962021858896,1.32297833827502e-09,0.000297342187804368,0.135801671259621,0.970473364924162,0.958049091634113
2.22425557071396,0.966163020725314,1.32072931571633e-09,0.000296439342678492,0.13507436568148,0.969675420785314,0.958519099640586
2.22561891768986,0.966364634696397,1.31848602319081e-09,0.000295540602991418,0.134352586243397,0.968867847949773,0.958986801929178
2.22698226466576,0.966566830393552,1.31624844124977e-09,0.000294645943892131,0.133636280461685,0.968050697786692,0.959452191072534
2.22834561164166,0.96676957481345,1.31401655052694e-09,0.000293755340717344,0.132925396426698,0.967224022140965,0.959915259668916
2.22970895861755,0.966972835342095,1.31179033173811e-09,0.000292868768989808,0.132219882796147,0.966387873325385,0.960376000342481
2.23107230559345,0.967176579768079,1.30956976568065e-09,0.000291986204416623,0.13151968878848,0.965542304112764,0.960834405743556
2.23243565256935,0.96738077627158,1.30735483323316e-09,0.000291107622887579,0.130824764176341,0.964687367728015,0.961290468548912
2.23379899954525,0.967585393408547,1.30514551535499e-09,0.00029023300047351,0.130135059280098,0.9638231178402,0.961744181462039
2.23516234652115,0.967790400146435,1.30294179308588e-09,0.000289362313424661,0.129450524961444,0.96294960855454,0.962195537213426
2.23652569349704,0.96799576582906,1.30074364754554e-09,0.000288495538169082,0.128771112617069,0.962066894404405,0.962644528560826
2.23788904047294,0.968201460196007,1.29855105993324e-09,0.000287632651311029,0.128096774172404,0.961175030343265,0.96309114828954
2.23925238744884,0.968407453371808,1.29636401152742e-09,0.000286773629629389,0.127427462075431,0.96027407173662,0.963535389212683
2.24061573442474,0.968613715876734,1.29418248368525e-09,0.000285918450076114,0.126763129290566,0.959364074353899,0.963977244171459
2.24197908140064,0.968820218611546,1.29200645784231e-09,0.000285067089774681,0.126103729292615,0.958445094360349,0.964416706035436
2.24334242837653,0.969026932870175,1.28983591551212e-09,0.000284219526018559,0.12544921606079,0.95751718830889,0.964853767702817
2.24470577535243,0.969233830327758,1.28767083828578e-09,0.000283375736269697,0.124799544072801,0.956580413131958,0.965288422100708
2.24606912232833,0.969440883044555,1.28551120783159e-09,0.000282535698157024,0.124154668299007,0.955634826133334,0.965720662185394
2.24743246930423,0.969648063471984,1.28335700589464e-09,0.00028169938947497,0.123514544196647,0.954680484979952,0.966150480942607
2.24879581628013,0.969855344440215,1.28120821429642e-09,0.000280866788181999,0.122879127704123,0.953717447693699,0.966577871387798
2.25015916325603,0.970062699153822,1.27906481493448e-09,0.000280037872399153,0.122248375235361,0.952745772643206,0.967002826566402
2.25152251023192,0.970270101211219,1.27692678978199e-09,0.000279212620408621,0.121622243674228,0.951765518535627,0.967425339554112
2.25288585720782,0.970477524586845,1.27479412088739e-09,0.00027839101065231,0.121000690369021,0.950776744408412,0.967845403457146
2.25424920418372,0.970684943623432,1.27266679037404e-09,0.000277573021730447,0.120383673127015,0.949779509621079,0.968263011412509
2.25561255115962,0.970892333059712,1.2705447804398e-09,0.000276758632400175,0.119771150209077,0.94877387384698,0.968678156588271
2.25697589813552,0.971099667988809,1.26842807335665e-09,0.000275947821574186,0.119163080324345,0.947759897065068,0.969090832183819
2.25833924511141,0.971306923891549,1.2663166514704e-09,0.000275140568319345,0.118559422624966,0.946737639551662,0.969501031430138
2.25970259208731,0.971514076619864,1.26421049720021e-09,0.000274336851855348,0.117960136700894,0.945707161872223,0.969908747590064
2.26106593906321,0.971721102393299,1.26210959303832e-09,0.000273536651553381,0.117365182574759,0.94466852487313,0.970313973958552
2.26242928603911,0.971927977798451,1.26001392154964e-09,0.000272739946934799,0.116774520696784,0.943621789673458,0.970716703862942
2.26379263301501,0.972134679801112,1.25792346537138e-09,0.000271946717669813,0.116188111939771,0.942567017656775,0.971116930663219
2.2651559799909,0.97234118571652,1.25583820721271e-09,0.000271156943576197,0.115605917594146,0.941504270462944,0.971514647752273
2.2665193269668,0.972547473237244,1.25375812985441e-09,0.000270370604618003,0.115027899363055,0.940433609979935,0.971909848556167
2.2678826739427,0.972753520414056,1.2516832161485e-09,0.00026958768090429,0.11445401935753,0.939355098335661,0.972302526534388
2.2692460209186,0.972959305657238,1.24961344901787e-09,0.00026880815268787,0.113884240091702,0.938268797889816,0.972692675180115
2.2706093678945,0.973164807736533,1.24754881145598e-09,0.000268032000364059,0.113318524478081,0.937174771225743,0.973080288020472
2.2719727148704,0.973370005781229,1.24548928652645e-09,0.000267259204469446,0.112756835822882,0.936073081142315,0.973465358616788
2.27333606184629,0.973574879270062,1.24343485736276e-09,0.000266489745680676,0.112199137821417,0.934963790645839,0.973847880564854
2.27469940882219,0.973779408039071,1.24138550716787e-09,0.000265723604813238,0.111645394553536,0.933846962941983,0.974227847495178
2.27606275579809,0.973983572274189,1.2393412192139e-09,0.000264960762820275,0.111095570479123,0.932722661427727,0.97460525307324
2.27742610277399,0.974187352505784,1.23730197684179e-09,0.000264201200791394,0.110549630433653,0.931590949683339,0.974980090999747
2.27878944974989,0.974390729620288,1.23526776346094e-09,0.0002634448999515,0.110007539623792,0.930451891464382,0.975352355010888
2.28015279672578,0.974593684842058,1.23323856254889e-09,0.000262691841659636,0.109469263623061,0.929305550693748,0.97572203887858
2.28151614370168,0.974796199734441,1.23121435765096e-09,0.000261942007407829,0.108934768367541,0.928151991453722,0.976089136410726
2.28287949067758,0.974998256212461,1.22919513237998e-09,0.000261195378819959,0.108404020151641,0.92699127797808,0.976453641451462
2.28424283765348,0.975199836516173,1.22718087041586e-09,0.000260451937650634,0.107876985623913,0.92582347464422,0.976815547881404
2.28560618462938,0.975400923231946,1.22517155550536e-09,0.000259711665784069,0.107353631782911,0.924648645965334,0.977174849617902
2.28696953160527,0.975601499272211,1.22316717146168e-09,0.000258974545232992,0.106833925973114,0.923466856582604,0.977531540615282
2.28833287858117,0.975801547884148,1.22116770216419e-09,0.000258240558137543,0.106317835880887,0.922278171257449,0.977885614865093
2.28969622555707,0.976001052641737,1.21917313155808e-09,0.000257509686764199,0.105805329530495,0.921082654863806,0.978237066396352
2.29105957253297,0.976199997447018,1.21718344365404e-09,0.000256781913504698,0.105296375280168,0.919880372380453,0.97858588927579
2.29242291950887,0.97639836652686,1.21519862252796e-09,0.000256057220874986,0.104790941818209,0.918671388883376,0.978932077608091
2.29378626648477,0.976596144425631,1.21321865232057e-09,0.000255335591514158,0.104288998159154,0.917455769538174,0.979275625536136
2.29514961346066,0.976793316012435,1.21124351723717e-09,0.000254617008183425,0.103790513639979,0.916233579592518,0.979616527241241
2.29651296043656,0.976989866470138,1.20927320154727e-09,0.000253901453765086,0.103295457916345,0.91500488436865,0.979954776943399
2.29787630741246,0.977185781289778,1.20730768958433e-09,0.000253188911261502,0.102803800958903,0.913769749255932,0.980290368901514
2.29923965438836,0.977381046290592,1.20534696574538e-09,0.000252479363794093,0.102315513049632,0.912528239703441,0.980623297413643
2.30060300136426,0.977575647582472,1.20339101449077e-09,0.000251772794602337,0.101830564778227,0.911280421212619,0.980953556817224
2.30196634834015,0.977769571594592,1.20143982034385e-09,0.00025106918704278,0.10134892703853,0.910026359329972,0.981281141489319
2.30332969531605,0.977962805051871,1.19949336789064e-09,0.000250368524588055,0.100870571025009,0.908766119639817,0.981606045846838
2.30469304229195,0.978155334988175,1.19755164177954e-09,0.000249670790825916,0.100395468229271,0.90749976775709,0.981928264346778
2.30605638926785,0.978347148730063,1.19561462672103e-09,0.000248975969458274,0.0999235904366273,0.906227369320204,0.982247791486447
2.30741973624375,0.978538233908118,1.19368230748737e-09,0.000248284044300243,0.0994549097226955,0.904948989983962,0.982564621803697
2.30878308321965,0.978728578438066,1.19175466891228e-09,0.000247594999279206,0.0989893984500445,0.90366469541253,0.982878749877152
2.31014643019554,0.978918170529477,1.1898316958907e-09,0.000246908818433872,0.0985270292648812,0.902374551272467,0.98319017032643
2.31150977717144,0.979106998686065,1.1879133733784e-09,0.00024622548591336,0.0980677750937766,0.901078623225806,0.983498877812371
2.31287312414734,0.979295051690546,1.18599968639177e-09,0.00024554498597628,0.0976116091404344,0.899776976923208,0.983804867037261
2.31423647112324,0.979482318607151,1.1840906200075e-09,0.000244867302989826,0.0971585048824967,0.898469677997166,0.984108132745051
2.31559981809914,0.979668788787987,1.18218615936227e-09,0.000244192421428881,0.0967084360683908,0.897156792055275,0.984408669721579
2.31696316507503,0.979854451864422,1.1802862896525e-09,0.000243520325875129,0.0962613767142136,0.89583838467356,0.984706472794791
2.31832651205093,0.980039297729752,1.178390996134e-09,0.000242851001016168,0.0958173011006555,0.894514521389873,0.985001536834957
2.31968985902683,0.980223316565365,1.17650026412176e-09,0.000242184431644647,0.095376183769961,0.893185267697351,0.985293856754883
2.32105320600273,0.980406498807909,1.17461407898961e-09,0.000241520602657396,0.0949379995229273,0.891850689037934,0.985583427510136
2.32241655297863,0.980588835173151,1.17273242616995e-09,0.000240859499054574,0.0945027234159394,0.890510850795956,0.985870244099245
2.32377989995452,0.980770316636013,1.1708552911535e-09,0.000240201105938822,0.0940703307580423,0.889165818291802,0.986154301563922
2.32514324693042,0.980950934428755,1.16898265948897e-09,0.00023954540851442,0.0936407971080487,0.887815656775619,0.986435594989266
2.32650659390632,0.98113068005564,1.16711451678281e-09,0.000238892392086461,0.0932140982716822,0.886460431421115,0.986714119503977
2.32786994088222,0.981309545262355,1.16525084869893e-09,0.000238242042060026,0.0927902102987561,0.885100207319407,0.986989870280556
2.32923328785812,0.981487522050551,1.16339164095844e-09,0.000237594343939368,0.0923691094803863,0.883735049472947,0.987262842535517
2.33059663483402,0.981664602683284,1.16153687933934e-09,0.000236949283327106,0.0919507723462393,0.88236502278952,0.987533031529585
2.33195998180991,0.981840779661471,1.15968654967628e-09,0.000236306845923424,0.0915351756618131,0.880990192076303,0.987800432567903
2.33332332878581,0.982016045732097,1.15784063786028e-09,0.000235667017525278,0.0911222964257524,0.879610622034003,0.988065041000228
2.33468667576171,0.982190393886255,1.15599912983844e-09,0.000235029784025614,0.0907121118671957,0.878226377251057,0.988326852221135
2.33605002273761,0.982363817359726,1.15416201161373e-09,0.000234395131412588,0.0903045994431566,0.876837522197912,0.988585861670208
2.33741336971351,0.982536309616347,1.15232926924466e-09,0.000233763045768797,0.0898997368359358,0.875444121221372,0.988842064832238
2.3387767166894,0.982707864356197,1.15050088884504e-09,0.000233133513270517,0.0894975019505655,0.874046238539019,0.989095457237418
2.3401400636653,0.982878475514177,1.14867685658372e-09,0.000232506520186946,0.0890978729122853,0.872643938233703,0.989346034461535
2.3415034106412,0.983048137258345,1.14685715868435e-09,0.000231882052879456,0.0887008280640489,0.871237284248109,0.989593792126156
2.3428667576171,0.983216843966906,1.14504178142506e-09,0.000231260097800852,0.0883063459640618,0.869826340379398,0.989838725898822
2.344230104593,0.98338459026044,1.14323071113827e-09,0.000230640641494638,0.0879144053833484,0.868411170273916,0.99008083149323
2.34559345156889,0.983551370965204,1.14142393421039e-09,0.000230023670594286,0.0875249853033498,0.866991837421984,0.990320104669421
2.34695679854479,0.983717181132586,1.13962143708157e-09,0.00022940917182252,0.0871380649135504,0.865568405152753,0.990556541233962
2.34832014552069,0.98388201602469,1.13782320624545e-09,0.000228797131990598,0.0867536236091345,0.864140936629147,0.990790137040126
2.34968349249659,0.98404587112282,1.13602922824893e-09,0.000228187537997609,0.0863716409886704,0.862709494842866,0.991020887988074
2.35104683947249,0.984208742113538,1.13423948969186e-09,0.000227580376829767,0.0859920968518243,0.861274142609474,0.991248790025032
2.35241018644839,0.984370624887833,1.13245397722685e-09,0.000226975635559718,0.0856149711971004,0.859834942563557,0.991473839145463
2.35377353342428,0.984531515542419,1.13067267755899e-09,0.000226373301345855,0.0852402442196109,0.858391957153957,0.991696031391247
2.35513688040018,0.984691410383995,1.12889557744563e-09,0.000225773361431634,0.084867896308871,0.856945248639085,0.991915362851847
2.35650022737608,0.984850305903396,1.12712266369607e-09,0.000225175803144899,0.0844979080466232,0.855494879082306,0.992131829664483
2.35786357435198,0.985008198799592,1.1253539231714e-09,0.000224580613897213,0.0841302602046856,0.854040910347393,0.992345428014301
2.35922692132788,0.985165085957265,1.1235893427842e-09,0.000223987781183197,0.083764933742829,0.852583404094075,0.992556154134534
2.36059026830377,0.985320964458214,1.12182890949831e-09,0.000223397292579869,0.0834019098066783,0.85112242177364,0.992764004306672
2.36195361527967,0.985475831569739,1.12007261032858e-09,0.000222809135746,0.0830411697256404,0.849658024624625,0.992968974860621
2.36331696225557,0.985629684743626,1.11832043234068e-09,0.000222223298421463,0.0826826950108566,0.848190273668584,0.993171062174864
2.36468030923147,0.985782521616348,1.1165723626508e-09,0.000221639768426597,0.0823264673531808,0.846719229705916,0.993370262676621
2.36604365620737,0.985934340000985,1.11482838842543e-09,0.000221058533661575,0.0819724686211817,0.845244953311793,0.993566572842003
2.36740700318327,0.986085137894278,1.11308849688115e-09,0.000220479582105774,0.0816206808591699,0.843767504832138,0.993759989196167
2.36877035015916,0.986234913469029,1.11135267528437e-09,0.00021990290181716,0.0812710862852488,0.842286944379699,0.993950508313471
2.37013369713506,0.986383665061055,1.1096209109511e-09,0.000219328480931662,0.0809236672893884,0.84080333183018,0.994138126817621
2.37149704411096,0.986531391182198,1.10789319124675e-09,0.000218756307662573,0.0805784064315245,0.839316726818469,0.994322841381821
2.37286039108686,0.986678090514278,1.10616950358584e-09,0.000218186370299938,0.0802352864396789,0.837827188734917,0.994504648728919
2.37422373806276,0.986823761894928,1.10444983543182e-09,0.000217618657209957,0.079894290208104,0.836334776721711,0.99468354563155
2.37558708503865,0.986968404340685,1.10273417429682e-09,0.000217053156834394,0.0795554007954483,0.834839549669309,0.994859528912283
2.37695043201455,0.987112017007015,1.10102250774143e-09,0.000216489857689986,0.0792186014229465,0.833341566212961,0.995032595443753
2.37831377899045,0.987254599224412,1.09931482337449e-09,0.00021592874836786,0.0788838754726291,0.83184088472929,0.995202742148806
2.37967712596635,0.987396150466173,1.09761110885283e-09,0.000215369817532958,0.0785512064855552,0.830337563332963,0.99536996600063
2.38104047294225,0.987536670369087,1.09591135188107e-09,0.000214813053923464,0.0782205781600668,0.828831659873422,0.995534264022894
2.38240381991814,0.987676158706907,1.0942155402114e-09,0.000214258446350233,0.0778919743500624,0.827323231931695,0.995695633289875
2.38376716689404,0.987814615411762,1.09252366164334e-09,0.000213705983696234,0.0775653790632943,0.825812336817282,0.995854070926587
2.38513051386994,0.98795204055155,1.09083570402356e-09,0.000213155654915993,0.0772407764596841,0.824299031565111,0.996009574108913
2.38649386084584,0.988088434344581,1.08915165524562e-09,0.000212607449035037,0.0769181508496597,0.822783372932564,0.996162140063727
2.38785720782174,0.98822379714706,1.08747150324977e-09,0.000212061355149349,0.076597486692512,0.821265417396582,0.996311766069015
2.38922055479764,0.988358129444537,1.08579523602272e-09,0.000211517362424828,0.0762787685947716,0.819745221150836,0.996458449454002
2.39058390177353,0.988491431876167,1.08412284159747e-09,0.000210975460096748,0.0759619813086052,0.818222840102974,0.996602187599263
2.39194724874943,0.988623705196592,1.08245430805305e-09,0.00021043563746923,0.0756471097302309,0.816698329871935,0.996742977936844
2.39331059572533,0.988754950299338,1.0807896235143e-09,0.00020989788391471,0.0753341388983522,0.815171745785336,0.996880817950377
2.39467394270123,0.988885168204152,1.07912877615172e-09,0.00020936218887342,0.0750230539926127,0.813643142876934,0.997015705175189
2.39603728967713,0.989014360057433,1.0774717541812e-09,0.000208828541852865,0.0747138403320671,0.812112575884146,0.997147637198411
2.39740063665302,0.989142527130436,1.07581854586383e-09,0.000208296932427315,0.0744064833736718,0.810580099245655,0.99727661165909
2.39876398362892,0.989269670812649,1.07416913950571e-09,0.000207767350237291,0.074100968710793,0.809045767099066,0.997402626248291
2.40012733060482,0.989395792612672,1.0725235234577e-09,0.000207239784989064,0.0737972820717339,0.807509633278651,0.9975256787092
2.40149067758072,0.989520894161442,1.07088168611526e-09,0.000206714226454154,0.0734954093182777,0.805971751313148,0.997645766837223
2.40285402455662,0.989644977201194,1.06924361591824e-09,0.000206190664468831,0.0731953364442497,0.804432174423632,0.997762888480091
2.40421737153251,0.989768043586324,1.06760930135064e-09,0.00020566908893363,0.0728970495740954,0.802890955521454,0.997877041537948
2.40558071850841,0.989890095279267,1.06597873094044e-09,0.000205149489812857,0.0726005349614764,0.801348147206247,0.997988223963451
2.40694406548431,0.990011134354793,1.06435189325939e-09,0.000204631857134114,0.0723057789878825,0.799803801763997,0.998096433761856
2.40830741246021,0.990131162988573,1.06272877692281e-09,0.000204116180987815,0.0720127681612611,0.798257971165183,0.998201668991113
2.40967075943611,0.990250183470118,1.06110937058939e-09,0.000203602451526711,0.0717214891146618,0.796710707062977,0.99830392776195
2.41103410641201,0.990368198177226,1.05949366296099e-09,0.000203090658965428,0.071431928604898,0.795162060791514,0.998403208237955
2.4123974533879,0.990485209597203,1.05788164278245e-09,0.00020258079357999,0.0711440735112245,0.793612083364224,0.998499508635665
2.4137608003638,0.990601220311843,1.05627329884139e-09,0.000202072845707366,0.0708579108340302,0.792060825472225,0.998592827224638
2.4151241473397,0.990716232997588,1.054668619968e-09,0.00020156680574501,0.070573427693547,0.790508337482788,0.998683162327537
2.4164874943156,0.990830250420835,1.05306759503489e-09,0.000201062664150405,0.0702906113285727,0.788954669437851,0.998770512320203
2.4178508412915,0.990943275448604,1.05147021295684e-09,0.000200560411440614,0.0700094490952116,0.787399871052612,0.998854875631725
2.41921418826739,0.991055311028626,1.04987646269064e-09,0.000200060038191837,0.0697299284656271,0.785843991714165,0.998936250744516
2.42057753524329,0.991166360203586,1.0482863332349e-09,0.000199561535038966,0.0694520370268109,0.784287080480211,0.999014636194375
2.42194088221919,0.99127642609167,1.04669981362986e-09,0.000199064892675148,0.0691757624793664,0.782729186077826,0.99909003057056
2.42330422919509,0.991385511904627,1.04511689295719e-09,0.00019857010185135,0.0689010926363058,0.781170356902282,0.999162432515845
2.42466757617099,0.991493620926379,1.04353756033981e-09,0.00019807715337593,0.0686280154218625,0.779610641015937,0.999231840726582
2.42603092314689,0.991600756530729,1.04196180494169e-09,0.00019758603811421,0.0683565188703168,0.778050086147178,0.999298253952763
2.42739427012278,0.99170692216119,1.0403896159677e-09,0.000197096746988051,0.0680865911248351,0.776488739689419,0.999361670998076
2.42875761709868,0.991812121335734,1.03882098266338e-09,0.000196609270975436,0.0678182204363236,0.774926648700163,0.999422090719952
2.43012096407458,0.99191635765697,1.03725589431477e-09,0.000196123601110051,0.0675513951622952,0.773363859900121,0.999479512029626
2.43148431105048,0.992019634791152,1.03569434024827e-09,0.000195639728480878,0.0672861037657493,0.771800419672377,0.999533933892179
2.43284765802638,0.99212195647326,1.03413630983038e-09,0.000195157644231781,0.0670223348140655,0.770236374061618,0.999585355326589
2.43421100500227,0.992223326512113,1.03258179246758e-09,0.000194677339561104,0.0667600769779089,0.768671768773419,0.999633775405771
2.43557435197817,0.992323748780341,1.03103077760614e-09,0.000194198805721269,0.0664993190301504,0.767106649173574,0.999679193256622
2.43693769895407,0.992423227221108,1.02948325473192e-09,0.000193722034018376,0.0662400498447975,0.765541060287488,0.99972160806006
2.43830104592997,0.992521765831473,1.02793921337019e-09,0.000193247015811812,0.0659822583959386,0.763975046799622,0.999761019051059
2.43966439290587,0.992619368673724,1.0263986430855e-09,0.000192773742513853,0.0657259337567001,0.762408653052982,0.999797425518686
2.44102773988176,0.992716039874081,1.02486153348143e-09,0.000192302205589285,0.0654710650982139,0.760841923048668,0.999830826806131
2.44239108685766,0.992811783610774,1.02332787420049e-09,0.00019183239655501,0.0652176416885996,0.759274900445476,0.999861222310738
2.44375443383356,0.992906604124848,1.02179765492389e-09,0.000191364306979673,0.0649656528919559,0.757707628559537,0.99988861148403
2.44511778080946,0.993000505707878,1.02027086537139e-09,0.000190897928483277,0.0647150881673655,0.756140150364019,0.999912993831737
2.44648112778536,0.99309349270391,1.01874749530112e-09,0.000190433252736811,0.0644659370679106,0.754572508488872,0.999934368913816
2.44784447476126,0.993185569512373,1.01722753450942e-09,0.00018997027146188,0.0642181892397005,0.753004745220625,0.999952736344471
2.44920782173715,0.993276740575691,1.01571097283066e-09,0.000189508976430331,0.0639718344209102,0.751436902502222,0.999968095792173
2.45057116871305,0.993367010402079,1.01419780013707e-09,0.000189049359463896,0.06372686244083,0.749869021932917,0.99998044697967
2.45193451568895,0.99345638352165,1.01268800633856e-09,0.000188591412433819,0.0634832632189258,0.748301144768205,0.999989789684003
2.45329786266485,0.993544864525943,1.01118158138259e-09,0.000188135127260507,0.0632410267639115,0.746733311919808,0.999996123736516
2.45466120964075,0.993632458048244,1.00967851525394e-09,0.000187680495913165,0.0630001431728308,0.745165563955696,0.999999449022865
2.45602455661664,0.993719168763058,1.00817879797462e-09,0.000187227510409449,0.0627606026301501,0.743597941100159,0.999999765483017
2.45738790359254,0.993805001386057,1.00668241960363e-09,0.000186776162815114,0.0625223954068622,0.742030483233923,0.999997073111259
2.45875125056844,0.993889960670361,1.00518937023686e-09,0.000186326445243663,0.0622855118595992,0.740463229894305,0.999991371956197
2.46011459754434,0.993974051411522,1.00369964000686e-09,0.000185878349856008,0.0620499424297574,0.738896220275413,0.999982662120751
2.46147794452024,0.994057278433895,1.00221321908275e-09,0.000185431868860126,0.0618156776426305,0.737329493228388,0.999970943762155
2.46284129149613,0.994139646610823,1.00073009767e-09,0.00018498699451072,0.0615827081065538,0.735763087261686,0.999956217091944
2.46420463847203,0.994221160833157,9.99250266010283e-10,0.000184543719108883,0.0613510245120576,0.7341970405414,0.999938482375949
2.46556798544793,0.994301826033335,9.97773714381341e-10,0.000184102035001766,0.0611206176310311,0.732631390891623,0.999917739934285
2.46693133242383,0.994381647174771,9.96300433096791e-10,0.000183661934582248,0.0608914783158949,0.731066175794851,0.999893990141334
2.46829467939973,0.99446062925163,9.94830412505984e-10,0.000183223410288607,0.0606635974987837,0.72950143239242,0.999867233425728
2.46965802637563,0.994538777278929,9.93363642993841e-10,0.000182786454604196,0.0604369661907379,0.727937197484986,0.999837470270334
2.47102137335152,0.994616096311998,9.91900114980701e-10,0.000182351060057123,0.0602115754809047,0.726373507533041,0.999804701212227
2.47238472032742,0.994692591420005,9.90439818922159e-10,0.000181917219219927,0.0599874165357481,0.724810398657461,0.999768926842667
2.47374806730332,0.994768267701548,9.88982745308914e-10,0.000181484924709267,0.059764480598268,0.723247906640097,0.999730147807078
2.47511141427922,0.994843130279053,9.87528884666613e-10,0.000181054169185602,0.0595427589872283,0.721686066924396,0.999688364805008
2.47647476125512,0.99491718429971,9.86078227555696e-10,0.000180624945352885,0.0593222430963933,0.720124914616058,0.999643578590109
2.47783810823101,0.994990434926297,9.84630764571244e-10,0.000180197245958251,0.0591029243937734,0.718564484483727,0.999595789970093
2.47920145520691,0.995062887343479,9.83186486342829e-10,0.000179771063791711,0.0588847944208789,0.717004810959719,0.999544999806706
2.48056480218281,0.99513454676046,9.81745383534356e-10,0.000179346391685848,0.0586678447919825,0.715445928140774,0.999491209015677
2.48192814915871,0.995205418396742,9.80307446843917e-10,0.000178923222515518,0.0584520671933897,0.713887869788848,0.999434418566689
2.48329149613461,0.995275507488746,9.78872667003641e-10,0.000178501549197549,0.0582374533827183,0.712330669331933,0.999374629483325
2.4846548431105,0.995344819295807,9.77441034779543e-10,0.000178081364690444,0.058023995188185,0.710774359864911,0.999311842843029
2.4860181900864,0.995413359077971,9.76012540971374e-10,0.000177662661994091,0.0578116845079009,0.709218974150434,0.999246059777056
2.4873815370623,0.995481132123862,9.74587176412477e-10,0.000177245434149464,0.0576005133091743,0.707664544619833,0.999177281470416
2.4887448840382,0.995548143727953,9.73164931969637e-10,0.000176829674238344,0.0573904736278217,0.706111103374062,0.999105509161829
2.4901082310141,0.995614399192015,9.71745798542936e-10,0.000176415375383024,0.0571815575674868,0.704558682184666,0.999030744143662
2.49147157799,0.995679903831021,9.70329767065607e-10,0.000176002530746029,0.0569737572989663,0.703007312494779,0.998952987761877
2.49283492496589,0.995744662972599,9.68916828503889e-10,0.000175591133529831,0.0567670650595439,0.701457025420143,0.998872241415963
2.49419827194179,0.995808681947683,9.67506973856884e-10,0.000175181176976573,0.0565614731523317,0.699907851750164,0.998788506558882
2.49556161891769,0.995871966096926,9.66100194156411e-10,0.000174772654367787,0.056356973945619,0.698359821948986,0.998701784696996
2.49692496589359,0.995934520767426,9.64696480466868e-10,0.000174365559024123,0.0561535598722282,0.696812966156592,0.998612077390005
2.49828831286949,0.995996351306584,9.63295823885085e-10,0.000173959884305074,0.0559512234288777,0.695267314189934,0.998519386250872
2.49965165984538,0.996057463077411,9.61898215540186e-10,0.000173555623608705,0.0557499571755522,0.693722895544079,0.998423712945757
2.50101500682128,0.996117861434725,9.60503646593447e-10,0.000173152770371384,0.0555497537348805,0.692179739393389,0.998325059193934
2.50237835379718,0.996177551738015,9.59112108238159e-10,0.00017275131806752,0.0553506057915191,0.690637874592717,0.998223426767722
2.50374170077308,0.996236539357647,9.57723591699485e-10,0.000172351260209291,0.0551525060915433,0.689097329678628,0.998118817492401
2.50510504774898,0.99629482965835,9.56338088234323e-10,0.00017195259034639,0.0549554474418451,0.687558132870639,0.998011233246129
2.50646839472487,0.99635242799936,9.5495558913117e-10,0.00017155530206576,0.0547594227095381,0.686020312072487,0.997900675959864
2.50783174170077,0.996409339752345,9.53576085709986e-10,0.000171159388991336,0.0545644248213676,0.684483894873411,0.997787147617271
2.50919508867667,0.99646557027383,9.52199569322052e-10,0.000170764844783794,0.0543704467631291,0.68294890854946,0.997670650254636
2.51055843565257,0.996521124925858,9.5082603134984e-10,0.00017037166314029,0.0541774815790917,0.681415380064817,0.997551185960777
2.51192178262847,0.996576009070557,9.49455463206877e-10,0.000169979837794217,0.0539855223714289,0.679883336073143,0.997428756876947
2.51328512960437,0.996630228052111,9.48087856337609e-10,0.000169589362514948,0.0537945622996549,0.678352802918942,0.997303365196739
2.51464847658026,0.996683787229342,9.4672320221727e-10,0.000169200231107591,0.0536045945800677,0.676823806638942,0.997175013165991
2.51601182355616,0.996736691935678,9.45361492351746e-10,0.000168812437412745,0.053415612485198,0.675296372963495,0.997043703082684
2.51737517053206,0.996788947520234,9.44002718277446e-10,0.000168425975306253,0.0532276093432641,0.673770527317993,0.996909437296836
2.51873851750796,0.996840559305794,9.42646871561168e-10,0.000168040838698964,0.0530405785376332,0.672246294824304,0.996772218210406
2.52010186448386,0.996891532614246,9.41293943799969e-10,0.00016765702153649,0.0528545135062879,0.670723700302218,0.996632048277176
2.52146521145975,0.996941872764077,9.39943926621038e-10,0.000167274517798969,0.0526694077412996,0.669202768270917,0.996488930002652
2.52282855843565,0.996991585060978,9.38596811681559e-10,0.000166893321500831,0.0524852547883061,0.667683522950452,0.996342865943945
2.52419190541155,0.997040674802813,9.37252590668591e-10,0.000166513426690561,0.052302048245997,0.666165988263243,0.996193858709661
2.52555525238745,0.997089147273395,9.35911255298932e-10,0.000166134827450469,0.0521197817656023,0.664650187835584,0.996041910959785
2.52691859936335,0.997137007750028,9.34572797318997e-10,0.000165757517896457,0.0519384490503889,0.663136144999173,0.995887025405562
2.52828194633924,0.997184261496084,9.33237208504687e-10,0.000165381492177794,0.0517580438551607,0.661623882792644,0.995729204809376
2.52964529331514,0.99723091376592,9.31904480661266e-10,0.000165006744476885,0.0515785599857654,0.660113423963121,0.99556845198463
2.53100864029104,0.997276969799923,9.30574605623232e-10,0.000164633269009051,0.0513999912986059,0.658604790967778,0.995404769795618
2.53237198726694,0.997322434824209,9.29247575254196e-10,0.000164261060022302,0.0512223317001575,0.657098005975418,0.995238161157401
2.53373533424284,0.997367314053987,9.27923381446754e-10,0.000163890111797117,0.0510455751464903,0.655593090868055,0.995068629035677
2.53509868121874,0.997411612682882,9.26602016122364e-10,0.000163520418646222,0.0508697156427959,0.654090067242512,0.994896176446649
2.53646202819463,0.99745533590042,9.25283471231223e-10,0.000163151974914377,0.0506947472429205,0.652588956412033,0.994720806456893
2.53782537517053,0.997498488876775,9.23967738752146e-10,0.000162784774978155,0.0505206640489024,0.651089779407897,0.994542522183221
2.53918872214643,0.99754107676018,9.22654810692442e-10,0.00016241881324573,0.0503474602105144,0.649592556981052,0.994361326792548
2.54055206912233,0.997583104691771,9.21344679087792e-10,0.000162054084156664,0.0501751299248113,0.648097309603747,0.994177223501745
2.54191541609823,0.997624577794904,9.20037336002131e-10,0.000161690582181695,0.0500036674356821,0.646604057471181,0.993990215577502
2.54327876307412,0.997665501170492,9.18732773527527e-10,0.000161328301822527,0.0498330670334074,0.645112820503163,0.993800306336186
2.54464211005002,0.997705879901617,9.17430983784058e-10,0.000160967237611625,0.0496633230542213,0.643623618345767,0.99360749914369
2.54600545702592,0.997745719057105,9.16131958919697e-10,0.000160607384112004,0.0494944298798777,0.642136470373013,0.993411797415289
2.54736880400182,0.997785023689418,9.14835691110192e-10,0.000160248735917028,0.0493263819372219,0.64065139568854,0.993213204615488
2.54873215097772,0.997823798826848,9.13542172558951e-10,0.000159891287650208,0.049159173697766,0.639168413127293,0.993011724257872
2.55009549795362,0.997862049480463,9.12251395496918e-10,0.000159535033964996,0.0489927996772699,0.63768754125722,0.99280735990495
2.55145884492951,0.997899780642098,9.10963352182463e-10,0.00015917996954459,0.0488272544353257,0.636208798380967,0.992600115167999
2.55282219190541,0.997936997280719,9.09678034901264e-10,0.000158826089101731,0.0486625325749468,0.634732202537583,0.992389993706908
2.55418553888131,0.997973704350138,9.08395435966189e-10,0.00015847338737851,0.0484986287421619,0.633257771504233,0.992176999230017
2.55554888585721,0.998009906779517,9.07115547717186e-10,0.00015812185914617,0.048335537625613,0.631785522797917,0.991961135493955
2.55691223283311,0.998045609472872,9.05838362521161e-10,0.000157771499204917,0.0481732539561575,0.630315473677182,0.991742406303475
2.558275579809,0.998080817322525,9.04563872771874e-10,0.00015742230238372,0.0480117725064744,0.628847641143856,0.991520815511289
2.5596389267849,0.998115535192638,9.03292070889818e-10,0.000157074263540127,0.0478510880906755,0.627382041944774,0.991296367017902
2.5610022737608,0.99814976791872,9.02022949322108e-10,0.000156727377560073,0.0476911955639196,0.625918692573512,0.991069064771439
2.5623656207367,0.998183520329569,9.00756500542373e-10,0.000156381639357691,0.0475320898220318,0.624457609272126,0.990838912767477
2.5637289677126,0.998216797219635,8.99492717050638e-10,0.00015603704387513,0.0473737658011258,0.622998808032888,0.990605915048868
2.56509231468849,0.99824960336202,8.98231591373217e-10,0.000155693586082364,0.0472162184772313,0.621542304600034,0.990370075705566
2.56645566166439,0.998281943507294,8.96973116062603e-10,0.000155351260977014,0.0470594428659245,0.620088114471508,0.99013139887445
2.56781900864029,0.99831382238296,8.95717283697356e-10,0.000155010063584161,0.0469034340219627,0.61863625290071,0.989889888739142
2.56918235561619,0.998345244690133,8.94464086881994e-10,0.00015466998895617,0.0467481870389229,0.617186734898248,0.98964554952983
2.57054570259209,0.998376215109865,8.93213518246885e-10,0.000154331032172508,0.0465936970488439,0.615739575233686,0.989398385523083
2.57190904956799,0.998406738292854,8.91965570448136e-10,0.000153993188339566,0.0464399592218728,0.614294788437299,0.989148401041668
2.57327239654388,0.998436818869644,8.90720236167491e-10,0.000153656452590482,0.046286968765914,0.612852388801833,0.98889560045436
2.57463574351978,0.998466461443194,8.89477508112218e-10,0.000153320820084969,0.0461347209262836,0.611412390384252,0.98863998817576
2.57599909049568,0.998495670593096,8.88237379015002e-10,0.000152986286009138,0.0459832109853652,0.609974807007496,0.9883815686661
2.57736243747158,0.998524450871726,8.86999841633845e-10,0.000152652845575324,0.0458324342622718,0.608539652262241,0.988120346431054
2.57872578444748,0.998552806809583,8.85764888751953e-10,0.00015232049402192,0.0456823861125091,0.607106939508653,0.987856326021544
2.58008913142337,0.998580742903965,8.84532513177637e-10,0.000151989226613202,0.0455330619276433,0.605676681878142,0.987589512033544
2.58145247839927,0.998608263634472,8.83302707744203e-10,0.000151659038639162,0.0453844571349725,0.604248892275118,0.987319909107886
2.58281582537517,0.998635373448756,8.82075465309851e-10,0.000151329925415344,0.0452365671972009,0.602823583378752,0.98704752193006
2.58417917235107,0.998662076768039,8.8085077875757e-10,0.000151001882282671,0.0450893876121169,0.601400767644717,0.986772355230012
2.58554251932697,0.998688377990306,8.79628640995036e-10,0.000150674904607286,0.0449429139122744,0.599980457306955,0.986494413781947
2.58690586630286,0.998714281485683,8.78409044954508e-10,0.000150348987780386,0.044797141664677,0.598562664379416,0.98621370240412
2.58826921327876,0.99873979159549,8.77191983592726e-10,0.00015002412721806,0.0446520664704661,0.597147400657814,0.985930225958637
2.58963256025466,0.998764912635558,8.7597744989081e-10,0.000149700318361127,0.0445076839646121,0.595734677721375,0.985643989351244
2.59099590723056,0.998789648897749,8.74765436854161e-10,0.000149377556674978,0.044363989815608,0.594324506934577,0.98535499753112
2.59235925420646,0.998814004632606,8.73555937512354e-10,0.000149055837649416,0.0442209797251676,0.592916899448898,0.985063255490668
2.59372260118236,0.998837984085995,8.72348944919043e-10,0.000148735156798498,0.044078649427925,0.591511866204553,0.984768768265304
2.59508594815825,0.998861591456592,8.7114445215186e-10,0.00014841550966038,0.0439369946911392,0.590109417932233,0.984471540933243
2.59644929513415,0.998884830925031,8.69942452312317e-10,0.000148096891797161,0.0437960113144,0.588709565154841,0.984171578615285
2.59781264211005,0.998907706641856,8.68742938525703e-10,0.000147779298794727,0.0436556951293378,0.58731231818922,0.983868886474601
2.59917598908595,0.998930222727845,8.67545903940991e-10,0.000147462726262605,0.0435160419993362,0.585917687147885,0.983563469716513
2.60053933606185,0.998952383276243,8.66351341730736e-10,0.000147147169833801,0.0433770478192477,0.584525681940743,0.983255333588275
2.60190268303774,0.998974192360367,8.6515924509098e-10,0.000146832625164659,0.0432387085151118,0.583136312276817,0.982944483378858
2.60326603001364,0.998995654010447,8.63969607241155e-10,0.000146519087934706,0.0431010200438768,0.581749587665962,0.98263092441872
2.60462937698954,0.999016772240434,8.62782421423985e-10,0.000146206553846505,0.0429639783931233,0.580365517420576,0.982314662079591
2.60599272396544,0.999037551032065,8.61597680905392e-10,0.000145895018625509,0.0428275795807918,0.578984110657311,0.981995701774244
2.60735607094134,0.999057994334811,8.604153789744e-10,0.000145584478019912,0.042691819654912,0.577605376298774,0.981674048956267
2.60871941791724,0.99907810608011,8.59235508943037e-10,0.000145274927800508,0.0425566946933356,0.576229323075229,0.981349709119844
2.61008276489313,0.999097890161906,8.58058064146247e-10,0.000144966363760544,0.0424222008034714,0.574855959526289,0.981022687799517
2.61144611186903,0.999117350443653,8.56883037941788e-10,0.000144658781715576,0.042288334122023,0.573485294002604,0.980692990569963
2.61280945884493,0.999136490771567,8.55710423710145e-10,0.000144352177503331,0.0421550908147296,0.572117334667552,0.980360623045756
2.61417280582083,0.999155314952053,8.54540214854431e-10,0.000144046546983566,0.042022467076109,0.57075208949891,0.980025590881144
2.61553615279673,0.999173826768991,8.53372404800302e-10,0.000143741886037923,0.0418904591292036,0.569389566290534,0.979687899769804
2.61689949977262,0.999192029974423,8.52206986995853e-10,0.000143438190569796,0.0417590632253282,0.568029772654022,0.979347555444617
2.61826284674852,0.999209928293826,8.51043954911539e-10,0.00014313545650419,0.0416282756438216,0.566672716020379,0.979004563677424
2.61962619372442,0.999227525425064,8.49883302040075e-10,0.000142833679787587,0.0414980926917993,0.565318403641676,0.978658930278792
2.62098954070032,0.999244825034684,8.48725021896347e-10,0.000142532856387807,0.0413685107039099,0.563966842592694,0.978310661097777
2.62235288767622,0.99926183076247,8.47569108017323e-10,0.000142232982293877,0.0412395260420927,0.562618039772576,0.977959762021678
2.62371623465211,0.99927854621578,8.46415553961961e-10,0.000141934053515894,0.0411111350953394,0.561272001906458,0.977606238975802
2.62507958162801,0.999294974977397,8.4526435331112e-10,0.000141636066084895,0.0409833342794562,0.559928735547108,0.977250097923219
2.62644292860391,0.99931112060375,8.44115499667471e-10,0.000141339016052724,0.0408561200368301,0.558588247076547,0.976891344864518
2.62780627557981,0.99932698661389,8.42968986655409e-10,0.000141042899491899,0.0407294888361963,0.557250542707669,0.976529985837564
2.62916962255571,0.99934257650697,8.41824807920959e-10,0.000140747712495488,0.0406034371724082,0.555915628485853,0.976166026917249
2.63053296953161,0.99935789375026,8.40682957131697e-10,0.000140453451176974,0.0404779615662106,0.55458351029057,0.975799474215251
2.6318963165075,0.999372941777637,8.39543427976657e-10,0.000140160111670131,0.0403530585640134,0.55325419383698,0.97543033387978
2.6332596634834,0.999387724003198,8.38406214166241e-10,0.000139867690128896,0.0402287247376695,0.551927684677525,0.975058612095333
2.6346230104593,0.999402243808065,8.3727130943214e-10,0.000139576182727243,0.0401049566842532,0.55060398820351,0.974684315082442
2.6359863574352,0.999416504544493,8.36138707527241e-10,0.000139285585659055,0.0399817510258421,0.549283109646686,0.974307449097426
2.6373497044111,0.999430509537246,8.35008402225544e-10,0.000138995895138007,0.0398591044093004,0.547965054080817,0.973928020432135
2.63871305138699,0.999444262082229,8.33880387322077e-10,0.000138707107397434,0.0397370135060645,0.546649826423241,0.973546035413699
2.64007639836289,0.999457765448899,8.32754656632805e-10,0.000138419218690215,0.0396154750119308,0.545337431436428,0.973161500404274
2.64143974533879,0.999471022874364,8.31631203994556e-10,0.000138132225288647,0.039494485646846,0.544027873729526,0.972774421800788
2.64280309231469,0.999484037571208,8.30510023264926e-10,0.00013784612348433,0.0393740421546984,0.542721157759904,0.972384806034685
2.64416643929059,0.999496812723278,8.29391108322202e-10,0.000137560909588041,0.0392541413031124,0.541417287834681,0.971992659571666
2.64552978626648,0.999509351483825,8.28274453065275e-10,0.000137276579929618,0.0391347798832444,0.540116268112252,0.971597988911434
2.64689313324238,0.999521656986573,8.27160051413559e-10,0.000136993130857843,0.0390159547095806,0.538818102603804,0.971200800587435
2.64825648021828,0.999533732322267,8.26047897306905e-10,0.000136710558740323,0.0388976626197375,0.537522795174826,0.970801101166598
2.64961982719418,0.99954558056512,8.24937984705523e-10,0.000136428859963373,0.0387799004742635,0.536230349546613,0.970398897249076
2.65098317417008,0.999557204760373,8.23830307589896e-10,0.000136148030931905,0.038662665156443,0.534940769297751,0.969994195467984
2.65234652114598,0.999568607924648,8.22724859960699e-10,0.000135868068069306,0.0385459535721021,0.533654057865608,0.969587002489137
2.65370986812187,0.99957979304654,8.21621635838723e-10,0.000135588967817331,0.0384297626494166,0.53237021854781,0.96917732501079
2.65507321509777,0.999590763081815,8.20520629264786e-10,0.000135310726635987,0.0383140893387214,0.531089254503708,0.96876516976337
2.65643656207367,0.99960152097047,8.19421834299657e-10,0.000135033341003419,0.0381989306123219,0.52981116875584,0.968350543509218
2.65779990904957,0.999612069612354,8.18325245023978e-10,0.000134756807415802,0.0380842834643077,0.528535964191378,0.96793345304232
2.65916325602547,0.999622411890588,8.17230855538179e-10,0.000134481122387229,0.0379701449103673,0.52726364356358,0.967513905188041
2.66052660300136,0.999632550656033,8.16138659962402e-10,0.0001342062824496,0.0378565119876052,0.525994209493216,0.967091906802862
2.66188994997726,0.999642488735989,8.15048652436422e-10,0.000133932284152515,0.0377433817543609,0.524727664470003,0.966667464774113
2.66325329695316,0.999652228921915,8.13960827119568e-10,0.000133659124063164,0.0376307512900286,0.523464010854015,0.966240586019702
2.66461664392906,0.999661773987641,8.12875178190642e-10,0.00013338679876622,0.0375186176948802,0.522203250877101,0.965811277487851
2.66597999090496,0.999671126678898,8.11791699847847e-10,0.000133115304863735,0.0374069780898889,0.520945386644278,0.965379546156823
2.66734333788086,0.999680289710119,8.10710386308704e-10,0.000132844638975027,0.0372958296165545,0.519690420135131,0.964945399034659
2.66870668485675,0.999689265776595,8.09631231809977e-10,0.000132574797736583,0.0371851694367313,0.518438353205191,0.964508843158901
2.67007003183265,0.999698057534949,8.08554230607599e-10,0.000132305777801949,0.0370749947324567,0.517189187587313,0.964069885596328
2.67143337880855,0.99970666763308,8.07479376976587e-10,0.000132037575841628,0.0369653027057817,0.515942924893041,0.963628533442678
2.67279672578445,0.999715098675974,8.06406665210978e-10,0.000131770188542979,0.0368560905786037,0.514699566613969,0.963184793822385
2.67416007276035,0.999723353254182,8.05336089623743e-10,0.00013150361261011,0.0367473555924995,0.513459114123086,0.962738673888299
2.67552341973624,0.999731433924102,8.04267644546716e-10,0.000131237844763781,0.0366390950085616,0.512221568676118,0.962290180821419
2.67688676671214,0.99973934321968,8.03201324330519e-10,0.000130972881741301,0.0365313061072347,0.510986931412859,0.961839321830617
2.67825011368804,0.999747083654583,8.02137123344488e-10,0.000130708720296429,0.0364239861881543,0.509755203358497,0.961386104152368
2.67961346066394,0.999754657706379,8.01075035976596e-10,0.000130445357199271,0.0363171325699873,0.508526385424921,0.96093053505047
2.68097680763984,0.999762067836153,8.0001505663338e-10,0.000130182789236189,0.0362107425902728,0.507300478412033,0.960472621815777
2.68234015461573,0.999769316472448,7.9895717973987e-10,0.000129921013209693,0.0361048136052663,0.506077483009039,0.960012371765919
2.68370350159163,0.999776406027752,7.97901399739512e-10,0.000129660025938353,0.0359993429897833,0.504857399795739,0.959549792245031
2.68506684856753,0.999783338880238,7.96847711094098e-10,0.000129399824256695,0.0358943281370464,0.503640229243805,0.959084890623473
2.68643019554343,0.999790117386417,7.9579610828369e-10,0.000129140405015111,0.0357897664585322,0.502425971718052,0.958617674297559
2.68779354251933,0.999796743880026,7.9474658580655e-10,0.000128881765079759,0.0356856553838207,0.501214627477692,0.958148150689279
2.68915688949523,0.99980322067054,7.93699138179069e-10,0.00012862390133247,0.0355819923604455,0.500006196677596,0.95767632724602
2.69052023647112,0.999809550039104,7.92653759935695e-10,0.000128366810670655,0.0354787748537461,0.498800679369528,0.957202211440296
2.69188358344702,0.99981573424632,7.91610445628857e-10,0.000128110490007212,0.0353760003467208,0.497598075503385,0.956725810769463
2.69324693042292,0.999821775523528,7.90569189828902e-10,0.000127854936270431,0.0352736663398814,0.496398384928416,0.956247132755448
2.69461027739882,0.999827676081704,7.89529987124018e-10,0.000127600146403904,0.0351717703511098,0.495201607394445,0.955766184944469
2.69597362437472,0.999833438111189,7.88492832120165e-10,0.000127346117366432,0.0350703099155145,0.494007742553072,0.955282974906758
2.69733697135061,0.999839063772006,7.8745771944101e-10,0.000127092846131937,0.0349692825852903,0.492816789958876,0.954797510236283
2.69870031832651,0.999844555203669,7.86424643727847e-10,0.000126840329689368,0.0348686859295774,0.491628749070602,0.954309798550469
2.70006366530241,0.999849914521601,7.85393599639539e-10,0.000126588565042615,0.0347685175343237,0.490443619252342,0.953819847489923
2.70142701227831,0.999855143819027,7.84364581852441e-10,0.000126337549210418,0.0346687750021471,0.489261399774706,0.953327664718152
2.70279035925421,0.999860245165578,7.83337585060336e-10,0.000126087279226281,0.0345694559521991,0.488082089815986,0.952833257921288
2.7041537062301,0.999865220605555,7.82312603974364e-10,0.000125837752138381,0.0344705580200309,0.486905688463311,0.952336634807804
2.705517053206,0.999870072163544,7.81289633322954e-10,0.000125588965009484,0.0343720788574591,0.485732194713787,0.951837803108242
2.7068804001819,0.999874801837269,7.80268667851756e-10,0.000125340914916857,0.034274016132434,0.484561607475641,0.951336770574931
2.7082437471578,0.999879411606447,7.79249702323578e-10,0.000125093598952184,0.0341763675289083,0.483393925569341,0.950833544981708
2.7096070941337,0.99988390342641,7.78232731518311e-10,0.000124847014221477,0.0340791307467076,0.482229147728721,0.950328134123639
2.7109704411096,0.999888279230786,7.77217750232869e-10,0.000124601157844996,0.0339823035014013,0.481067272602083,0.949820545816741
2.71233378808549,0.999892540928089,7.76204753281117e-10,0.000124356026957161,0.0338858835241759,0.479908298753308,0.949310787897704
2.71369713506139,0.99989669040838,7.75193735493812e-10,0.00012411161870647,0.0337898685617082,0.47875222466294,0.94879886822361
2.71506048203729,0.999900729537514,7.74184691718527e-10,0.00012386793025542,0.0336942563760408,0.477599048729274,0.948284794671655
2.71642382901319,0.999904660162093,7.73177616819597e-10,0.000123624958780415,0.0335990447444576,0.476448769269429,0.94776857513887
2.71778717598909,0.999908484103254,7.72172505678042e-10,0.000123382701471696,0.0335042314593618,0.475301384520414,0.947250217541845
2.71915052296498,0.999912203168689,7.71169353191512e-10,0.00012314115553325,0.0334098143281538,0.474156892640187,0.946729729816445
2.72051386994088,0.999915819132156,7.70168154274214e-10,0.000122900318182734,0.0333157911731109,0.473015291708704,0.946207119917537
2.72187721691678,0.999919333756773,7.69168903856855e-10,0.000122660186651396,0.0332221598312678,0.471876579728956,0.945682395818706
2.72324056389268,0.999922748780351,7.68171596886571e-10,0.000122420758183992,0.0331289181542987,0.470740754628005,0.945155565511981
2.72460391086858,0.999926065925462,7.67176228326867e-10,0.000122182030038708,0.0330360640083997,0.469607814258002,0.944626637007557
2.72596725784447,0.999929286885211,7.66182793157555e-10,0.000121943999487085,0.0329435952741732,0.468477756397207,0.944095618333511
2.72733060482037,0.99993241333442,7.65191286374685e-10,0.000121706663813934,0.0328515098465122,0.467350578750991,0.943562517535532
2.72869395179627,0.99993544693277,7.64201702990488e-10,0.000121470020317267,0.0327598056344871,0.466226278952836,0.943027342676638
2.73005729877217,0.999938389317995,7.6321403803331e-10,0.000121234066308213,0.0326684805612322,0.465104854565319,0.9424901018369
2.73142064574807,0.999941242105831,7.6222828654755e-10,0.000120998799110945,0.032577532563834,0.463986303081101,0.941950803113165
2.73278399272397,0.99994400688981,7.61244443593597e-10,0.000120764216062604,0.0324869595932204,0.462870621923891,0.941409454618779
2.73414733969986,0.999946685249358,7.60262504247771e-10,0.000120530314513224,0.0323967596140508,0.461757808449414,0.940866064483309
2.73551068667576,0.999949278742197,7.59282463602258e-10,0.000120297091825655,0.0323069306046072,0.460647859946365,0.940320640852267
2.73687403365166,0.999951788904535,7.58304316765051e-10,0.000120064545375491,0.0322174705566863,0.459540773637357,0.939773191886835
2.73823738062756,0.999954217256583,7.57328058859889e-10,0.000119832672550996,0.0321283774754928,0.45843654667986,0.939223725763587
2.73960072760346,0.999956565298586,7.56353685026194e-10,0.000119601470753028,0.0320396493795332,0.45733517616713,0.938672250674215
2.74096407457935,0.999958834506964,7.55381190419012e-10,0.00011937093739497,0.0319512843005112,0.456236659129132,0.938118774825252
2.74232742155525,0.999961026346309,7.54410570208955e-10,0.000119141069902656,0.0318632802832234,0.455140992533454,0.9375633064378
2.74369076853115,0.999963142260837,7.53441819582135e-10,0.000118911865714298,0.0317756353854564,0.454048173286215,0.93700585374725
2.74505411550705,0.999965183675984,7.52474933740111e-10,0.000118683322280415,0.0316883476778846,0.45295819823296,0.936446425003012
2.74641746248295,0.999967151994403,7.51509907899825e-10,0.000118455437063765,0.0316014152439691,0.451871064159551,0.935885028468243
2.74778080945884,0.999969048606037,7.50546737293546e-10,0.00011822820753927,0.0315148361798572,0.45078676779305,0.935321672419565
2.74914415643474,0.999970874883741,7.49585417168808e-10,0.000118001631193949,0.0314286085942834,0.449705305802591,0.934756365146802
2.75050750341064,0.999972632176603,7.48625942788354e-10,0.000117775705526851,0.0313427306084704,0.448626674800245,0.9341891149527
2.75187085038654,0.999974321820254,7.47668309430076e-10,0.000117550428048977,0.031257200356032,0.447550871341882,0.933619930152659
2.75323419736244,0.999975945134815,7.46712512386957e-10,0.000117325796283223,0.0311720159828759,0.446477891928017,0.933048819074458
2.75459754433834,0.999977503414889,7.45758546967016e-10,0.000117101807764304,0.0310871756471083,0.445407733004653,0.932475790057986
2.75596089131423,0.999978997947767,7.44806408493247e-10,0.000116878460038687,0.0310026775189387,0.444340390964118,0.931900851454972
2.75732423829013,0.999980429996407,7.4385609230356e-10,0.000116655750664529,0.0309185197805855,0.443275862145886,0.931324011628711
2.75868758526603,0.999981800809441,7.4290759375073e-10,0.000116433677211605,0.0308347006261831,0.442214142837403,0.930745278953796
2.76005093224193,0.999983111619747,7.41960908202336e-10,0.000116212237261242,0.0307512182616891,0.441155229274892,0.930164661815851
2.76141427921783,0.999984363642095,7.41016031040705e-10,0.000115991428406258,0.0306680709047931,0.44009911764416,0.929582168611259
2.76277762619372,0.999985558073764,7.40072957662857e-10,0.00011577124825089,0.0305852567848253,0.439045804081394,0.928997807746895
2.76414097316962,0.999986696098525,7.39131683480446e-10,0.000115551694410734,0.0305027741426669,0.437995284673945,0.928411587639858
2.76550432014552,0.999987778883577,7.38192203919707e-10,0.000115332764512679,0.0304206212306605,0.436947555461115,0.927823516717206
2.76686766712142,0.999988807577478,7.37254514421401e-10,0.000115114456194841,0.0303387963125223,0.435902612434927,0.927233603415686
2.76823101409732,0.999989783315807,7.36318610440757e-10,0.000114896767106502,0.0302572976632538,0.434860451540891,0.926641856181469
2.76959436107321,0.999990707215622,7.35384487447417e-10,0.000114679694908047,0.0301761235690551,0.433821068678761,0.926048283469889
2.77095770804911,0.999991580378348,7.34452140925384e-10,0.000114463237270896,0.0300952723272391,0.432784459703291,0.925452893745173
2.77232105502501,0.999992403893981,7.33521566372966e-10,0.000114247391877449,0.0300147422461459,0.431750620424973,0.924855695480178
2.77368440200091,0.999993178835613,7.32592759302721e-10,0.000114032156421019,0.0299345316450582,0.43071954661078,0.924256697156131
2.77504774897681,0.999993906259848,7.31665715241403e-10,0.000113817528605772,0.0298546388541177,0.429691233984887,0.923655907262361
2.77641109595271,0.999994587206082,7.30740429729908e-10,0.000113603506146663,0.0297750622142416,0.428665678229401,0.923053334296044
2.7777744429286,0.999995222703617,7.29816898323222e-10,0.000113390086769382,0.0296958000770406,0.427642874985071,0.922448986761934
2.7791377899045,0.999995813764172,7.28895116590367e-10,0.000113177268210286,0.0296168508047373,0.426622819852,0.921842873172108
2.7805011368804,0.999996361386465,7.27975080114345e-10,0.000112965048216344,0.0295382127700848,0.425605508390342,0.921235002045705
2.7818644838563,0.999996866555407,7.27056784492089e-10,0.000112753424545074,0.0294598843562869,0.424590936120997,0.920625381908664
2.7832278308322,0.999997330236056,7.26140225334409e-10,0.000112542394964487,0.0293818639569187,0.423579098526298,0.920014021293469
2.78459117780809,0.999997753385381,7.25225398265939e-10,0.000112331957253025,0.0293041499758473,0.422569991050695,0.91940092873889
2.78595452478399,0.999998136949557,7.24312298925084e-10,0.000112122109199507,0.0292267408271541,0.421563609101419,0.918786112789726
2.78731787175989,0.999998481848272,7.23400922963971e-10,0.000111912848603064,0.029149634935057,0.420559948049158,0.918169581996549
2.78868121873579,0.999998788999742,7.22491266048393e-10,0.000111704173273088,0.0290728307338341,0.41955900322871,0.917551344915448
2.79004456571169,0.999999059301365,7.21583323857762e-10,0.000111496081029171,0.0289963266677472,0.418560769939638,0.916931410107776
2.79140791268759,0.9999992936389,7.20677092085056e-10,0.00011128856970105,0.0289201211909665,0.417565243446918,0.916309786139897
2.79277125966348,0.999999492890565,7.19772566436764e-10,0.000111081637128548,0.0288442127674959,0.416572418981572,0.915686481582927
2.79413460663938,0.999999657911404,7.1886974263284e-10,0.000110875281161521,0.0287685998710985,0.41558229174131,0.915061505012491
2.79549795361528,0.999999789550092,7.17968616406654e-10,0.000110669499659798,0.0286932809852239,0.414594856891149,0.914434865008465
2.79686130059118,0.999999888640285,7.17069183504934e-10,0.000110464290493132,0.0286182546029345,0.413610109564034,0.913806570154728
2.79822464756708,0.999999956006217,7.16171439687723e-10,0.000110259651541136,0.0285435192268337,0.412628044861455,0.913176629038911
2.79958799454297,0.999999992452495,7.15275380728326e-10,0.000110055580693236,0.0284690733689942,0.411648657854048,0.912545050252153
2.80095134151887,0.999999998778826,7.14381002413261e-10,0.000109852075848613,0.0283949155508873,0.410671943582203,0.911911842388845
2.80231468849477,0.999999975767717,7.13488300542208e-10,0.000109649134916149,0.028321044303312,0.409697897056649,0.911277014046393
2.80367803547067,0.999999924189394,7.1259727092796e-10,0.000109446755814375,0.0282474581663258,0.408726513259049,0.910640573824963
2.80504138244657,0.999999844803312,7.11707909396378e-10,0.000109244936471416,0.0281741556891752,0.407757787142578,0.910002530327241
2.80640472942246,0.999999738365721,7.10820211786335e-10,0.000109043674824938,0.0281011354302271,0.406791713632502,0.909362892158188
2.80776807639836,0.999999605600788,7.09934173949673e-10,0.000108842968822096,0.0280283959569012,0.405828287626741,0.908721667924797
2.80913142337426,0.999999447236901,7.09049791751153e-10,0.000108642816419481,0.0279559358456022,0.404867503996438,0.908078866235848
2.81049477035016,0.999999263987807,7.08167061068406e-10,0.000108443215583071,0.0278837536816533,0.403909357586513,0.90743449570167
2.81185811732606,0.999999056551929,7.07285977791884e-10,0.000108244164288173,0.0278118480592296,0.402953843216215,0.906788564933901
2.81322146430196,0.999998825622577,7.06406537824817e-10,0.000108045660519378,0.027740217581293,0.402000955679667,0.906141082545243
2.81458481127785,0.999998571878948,7.05528737083157e-10,0.000107847702270507,0.0276688608595264,0.401050689746405,0.905492057149232
2.81594815825375,0.99999829598505,7.04652571495541e-10,0.000107650287544559,0.0275977765142697,0.400103040161912,0.904841497359992
2.81731150522965,0.999997998598317,7.03778037003233e-10,0.000107453414353666,0.0275269631744554,0.399158001648142,0.904189411792006
2.81867485220555,0.99999768036403,7.02905129560086e-10,0.000107257080719037,0.0274564194775457,0.398215568904046,0.903535809059874
2.82003819918145,0.999997341918948,7.0203384513249e-10,0.00010706128467091,0.0273861440694687,0.397275736606086,0.902880697778085
2.82140154615734,0.999996983887033,7.01164179699326e-10,0.000106866024248504,0.0273161356045569,0.396338499408746,0.902224086560776
2.82276489313324,0.999996606882946,7.00296129251924e-10,0.00010667129749997,0.0272463927454848,0.395403851945033,0.901565984021508
2.82412824010914,0.999996211508976,6.99429689794008e-10,0.000106477102482341,0.0271769141632077,0.39447178882698,0.900906398773028
2.82549158708504,0.999995798360461,6.98564857341661e-10,0.000106283437261483,0.0271076985369012,0.393542304646139,0.900245339427041
2.82685493406094,0.999995368016407,6.97701627923269e-10,0.000106090299912049,0.0270387445539002,0.392615393974064,0.899582814593982
2.82821828103683,0.999994921056548,6.96839997579481e-10,0.000105897688517429,0.02697005090964,0.391691051362801,0.898918832882786
2.82958162801273,0.999994458040947,6.95979962363165e-10,0.000105705601169704,0.0269016163075961,0.390769271345356,0.89825340290066
2.83094497498863,0.999993979523668,6.95121518339357e-10,0.000105514035969598,0.0268334394592263,0.389850048436175,0.897586533252862
2.83230832196453,0.999993486047021,6.94264661585221e-10,0.000105322991026432,0.0267655190839116,0.388933377131603,0.896918232542467
2.83367166894043,0.99999297814938,6.93409388190003e-10,0.000105132464458075,0.0266978539088993,0.388019251910349,0.896248509370154
2.83503501591633,0.999992456354928,6.92555694254984e-10,0.000104942454390899,0.0266304426692446,0.38710766723394,0.895577372333973
2.83639836289222,0.999991921178109,6.91703575893438e-10,0.000104752958959736,0.0265632841077547,0.386198617547172,0.89490483002913
2.83776170986812,0.999991373126536,6.9085302923059e-10,0.000104563976307827,0.0264963769749321,0.385292097278552,0.894230891047763
2.83912505684402,0.999990812698516,6.90004050403565e-10,0.00010437550458678,0.0264297200289187,0.384388100840745,0.893555563978726
2.84048840381992,0.99999024038043,6.8915663556135e-10,0.000104187541956522,0.0263633120354403,0.383486622630999,0.892878857407365
2.84185175079582,0.999989656654129,6.88310780864748e-10,0.000104000086585258,0.0262971517677518,0.382587657031583,0.892200779915307
2.84321509777171,0.999989061992342,6.87466482486338e-10,0.000103813136649422,0.0262312380065828,0.381691198410208,0.891521340080238
2.84457844474761,0.999988456858746,6.86623736610425e-10,0.000103626690333638,0.0261655695400834,0.380797241120449,0.890840546475695
2.84594179172351,0.999987841699366,6.85782539433003e-10,0.00010344074583067,0.0261001451637704,0.379905779502155,0.890158407670843
2.84730513869941,0.999987216969089,6.84942887161709e-10,0.000103255301341382,0.0260349636804747,0.379016807881865,0.889474932230271
2.84866848567531,0.999986583100112,6.8410477601578e-10,0.000103070355074693,0.0259700239002882,0.378130320573209,0.888790128713775
2.8500318326512,0.999985940521668,6.83268202226015e-10,0.000102885905247535,0.0259053246405118,0.377246311877311,0.888104005676152
2.8513951796271,0.999985289656743,6.82433162034725e-10,0.00010270195008481,0.0258408647256031,0.376364776083183,0.887416571666985
2.852758526603,0.999984630916259,6.81599651695697e-10,0.000102518487819344,0.0257766429871257,0.375485707468114,0.886727835230441
2.8541218735789,0.999983964706873,6.80767667474149e-10,0.000102335516691849,0.0257126582636975,0.374609100298061,0.886037804905059
2.8554852205548,0.999983291424558,6.79937205646691e-10,0.00010215303495088,0.0256489094009409,0.373734948828027,0.885346489223549
2.8568485675307,0.999982611458018,6.79108262501279e-10,0.000101971040852789,0.025585395251432,0.372863247302438,0.884653896712584
2.85821191450659,0.999981925194395,6.78280834337178e-10,0.000101789532661689,0.0255221146746513,0.371993989955515,0.883960035892598
2.85957526148249,0.999981233001584,6.77454917464916e-10,0.00010160850864941,0.0254590665369341,0.371127171011646,0.883264915277584
2.86093860845839,0.999980535250455,6.76630508206248e-10,0.000101427967095455,0.0253962497114219,0.370262784685743,0.882568543374894
2.86230195543429,0.999979832300031,6.75807602894112e-10,0.000101247906286966,0.0253336630780137,0.369400825183605,0.881870928685039
2.86366530241019,0.999979124501494,6.74986197872587e-10,0.000101068324518677,0.025271305523318,0.368541286702272,0.881172079701486
2.86502864938608,0.999978412202014,6.74166289496856e-10,0.000100889220092877,0.0252091759406049,0.367684163430374,0.880472004910469
2.86639199636198,0.999977695739339,6.73347874133164e-10,0.000100710591319367,0.0251472732297592,0.366829449548479,0.879770712790787
2.86775534333788,0.999976975446561,6.72530948158776e-10,0.000100532436515425,0.0250855962972329,0.365977139229432,0.879068211813612
2.86911869031378,0.999976251645107,6.71715507961939e-10,0.000100354754005762,0.0250241440559992,0.365127226638692,0.878364510442292
2.87048203728968,0.999975524652893,6.70901549941841e-10,0.000100177542122483,0.0249629154255059,0.364279705934669,0.877659617132163
2.87184538426558,0.999974794783931,6.70089070508573e-10,0.00010000079920505,0.0249019093316299,0.363434571269048,0.876953540330356
2.87320873124147,0.999974062343155,6.69278066083087e-10,9.98245236002433e-05,0.0248411247066318,0.362591816787117,0.876246288475607
2.87457207821737,0.999973327624392,6.68468533097158e-10,9.96487136621191e-05,0.0247805604891107,0.361751436628089,0.875537869998068
2.87593542519327,0.999972590923343,6.67660467993344e-10,9.94733677519749e-05,0.0247202156239595,0.360913424925412,0.87482829331912
2.87729877216917,0.999971852522649,6.66853867224947e-10,9.92984842383097e-05,0.0246600890623207,0.36007777580709,0.874117566851189
2.87866211914507,0.999971112705214,6.66048727255978e-10,9.91240614967864e-05,0.0246001797615425,0.359244483395986,0.873405698997557
2.88002546612096,0.999970371741878,6.65245044561109e-10,9.8950097910194e-05,0.024540486685135,0.35841354181013,0.872692698152183
2.88138881309686,0.999969629898751,6.64442815625644e-10,9.87765918684099e-05,0.0244810088027272,0.357584945163014,0.871978572699515
2.88275216007276,0.999968887439172,6.63642036945476e-10,9.86035417683631e-05,0.0244217450900239,0.356758687563899,0.871263331014316
2.88411550704866,0.999968144615869,6.62842705027049e-10,9.8430946013997e-05,0.0243626945287633,0.355934763118099,0.870546981461478
2.88547885402456,0.999967401682945,6.62044816387321e-10,9.82588030162324e-05,0.0243038561066748,0.355113165927273,0.869829532395849
2.88684220100045,0.999966658875467,6.61248367553723e-10,9.8087111192931e-05,0.0242452288174368,0.354293890089713,0.869110992162049
2.88820554797635,0.999965916440105,6.60453355064127e-10,9.79158689688594e-05,0.0241868116606358,0.353476929700623,0.8683913690943
2.88956889495225,0.999965174606851,6.59659775466802e-10,9.77450747756525e-05,0.0241286036417247,0.352662278852398,0.86767067151625
2.89093224192815,0.999964433603383,6.58867625320382e-10,9.75747270517779e-05,0.0240706037719821,0.3518499316349,0.866948907740796
2.89229558890405,0.999963693646709,6.58076901193825e-10,9.74048242425001e-05,0.0240128110684719,0.351039882135725,0.866226086069917
2.89365893587995,0.999962954958649,6.57287599666376e-10,9.7235364799845e-05,0.0239552245540028,0.350232124440474,0.8655022147945
2.89502228285584,0.999962217746971,6.56499717327533e-10,9.70663471825646e-05,0.0238978432570887,0.349426652633015,0.86477730219417
2.89638562983174,0.999961482222443,6.55713250777006e-10,9.68977698561024e-05,0.0238406662119091,0.348623460795746,0.864051356537125
2.89774897680764,0.99996074858024,6.54928196624686e-10,9.67296312925578e-05,0.0237836924582696,0.347822543009845,0.863324386079966
2.89911232378354,0.999960017019056,6.54144551490601e-10,9.65619299706522e-05,0.0237269210415634,0.34702389335553,0.86259639906753
2.90047567075944,0.999959287727868,6.53362312004885e-10,9.63946643756941e-05,0.0236703510127321,0.346227505912308,0.861867403732732
2.90183901773533,0.999958560897379,6.52581474807742e-10,9.62278329995452e-05,0.0236139814282282,0.345433374759217,0.861137408296394
2.90320236471123,0.999957836703253,6.51802036549406e-10,9.60614343405864e-05,0.0235578113499762,0.344641493975074,0.860406420967089
2.90456571168713,0.999957115326819,6.51023993890109e-10,9.58954669036837e-05,0.0235018398453354,0.343851857638712,0.859674449940977
2.90592905866303,0.999956396937583,6.50247343500043e-10,9.5729929200155e-05,0.0234460659870627,0.343064459829217,0.858941503401647
2.90729240563893,0.99995568170149,6.49472082059324e-10,9.55648197477366e-05,0.0233904888532747,0.342279294626164,0.858207589519961
2.90865575261483,0.999954969784155,6.48698206257959e-10,9.54001370705498e-05,0.0233351075274119,0.341496356109843,0.857472716453893
2.91001909959072,0.999954261343752,6.4792571279581e-10,9.52358796990685e-05,0.0232799210982013,0.340715638361488,0.856736892348378
2.91138244656662,0.999953556531478,6.47154598382553e-10,9.50720461700855e-05,0.0232249286596207,0.339937135463501,0.856000125335156
2.91274579354252,0.999952855500979,6.46384859737654e-10,9.49086350266808e-05,0.0231701293108625,0.33916084149967,0.855262423532618
2.91410914051842,0.999952158396726,6.45616493590325e-10,9.47456448181888e-05,0.0231155221562983,0.338386750555391,0.854523795045657
2.91547248749432,0.99995146535696,6.44849496679493e-10,9.45830741001663e-05,0.0230611063054433,0.33761485671788,0.853784247965516
2.91683583447021,0.999950776521647,6.44083865753763e-10,9.442092143436e-05,0.023006880872921,0.336845154076383,0.853043790369641
2.91819918144611,0.99995009202625,6.43319597571389e-10,9.42591853886754e-05,0.0229528449784289,0.336077636722386,0.852302430321532
2.91956252842201,0.999949411993733,6.42556688900232e-10,9.40978645371448e-05,0.0228989977467037,0.335312298749822,0.851560175870597
2.92092587539791,0.999948736556181,6.41795136517732e-10,9.39369574598959e-05,0.0228453383074868,0.334549134255271,0.850817035052007
2.92228922237381,0.999948065832353,6.4103493721087e-10,9.37764627431205e-05,0.0227918657954906,0.333788137338159,0.850073015886553
2.9236525693497,0.999947399937386,6.40276087776139e-10,9.36163789790436e-05,0.0227385793503647,0.33302930210096,0.849328126380503
2.9250159163256,0.999946738988953,6.39518585019503e-10,9.34567047658926e-05,0.0226854781166623,0.332272622649383,0.848582374525462
2.9263792633015,0.999946083096779,6.3876242575637e-10,9.32974387078662e-05,0.0226325612438071,0.331518093092566,0.847835768298231
2.9277426102774,0.999945432365479,6.38007606811556e-10,9.31385794151045e-05,0.0225798278860602,0.330765707543269,0.847088315660669
2.9291059572533,0.999944786899195,6.3725412501925e-10,9.29801255036581e-05,0.0225272772024877,0.330015460118049,0.846340024559555
2.9304693042292,0.999944146798079,6.36501977222986e-10,9.28220755954584e-05,0.0224749083569278,0.329267344937453,0.845590902926455
2.93183265120509,0.999943512158633,6.35751160275601e-10,9.26644283182874e-05,0.0224227205179591,0.328521356126194,0.844840958677585
2.93319599818099,0.999942883073356,6.35001671039213e-10,9.25071823057481e-05,0.0223707128588684,0.327777487813326,0.844090199713677
2.93455934515689,0.999942259632458,6.34253506385179e-10,9.23503361972345e-05,0.0223188845576189,0.327035734132423,0.84333863391985
2.93592269213279,0.999941641921771,6.33506663194067e-10,9.21938886379028e-05,0.022267234796819,0.32629608922175,0.842586269165477
2.93728603910869,0.999941030024196,6.32761138355623e-10,9.20378382786415e-05,0.0222157627636911,0.32555854722443,0.841833113304055
2.93864938608458,0.999940424019134,6.32016928768739e-10,9.1882183776043e-05,0.0221644676500403,0.324823102288615,0.841079174173083
2.94001273306048,0.999939823983996,6.31274031341418e-10,9.17269237923739e-05,0.0221133486522242,0.324089748567647,0.840324459593924
2.94137608003638,0.999939229992491,6.30532442990744e-10,9.15720569955468e-05,0.022062404971122,0.323358480220221,0.839568977371692
2.94273942701228,0.999938642115547,6.29792160642852e-10,9.14175820590919e-05,0.0220116358121043,0.322629291410546,0.838812735295118
2.94410277398818,0.99993806042214,6.29053181232892e-10,9.12634976621278e-05,0.0219610403850034,0.321902176308502,0.838055741136433
2.94546612096407,0.999937484978236,6.28315501704999e-10,9.11098024893342e-05,0.0219106179040831,0.32117712908979,0.837298002651242
2.94682946793997,0.999936915840206,6.27579119012263e-10,9.09564952309231e-05,0.0218603675880097,0.32045414393609,0.83653952757841
2.94819281491587,0.999936353074544,6.26844030116695e-10,9.08035745826114e-05,0.0218102886598219,0.319733215035208,0.835780323639935
2.94955616189177,0.999935796735239,6.26110231989198e-10,9.06510392455929e-05,0.0217603803469025,0.319014336581224,0.835020398540837
2.95091950886767,0.999935246874023,6.25377721609533e-10,9.04988879265109e-05,0.021710641880949,0.318297502774638,0.834259759969036
2.95228285584357,0.999934703545297,6.24646495966292e-10,9.03471193374303e-05,0.0216610724979451,0.317582707822508,0.833498415595243
2.95364620281946,0.999934166796329,6.23916552056862e-10,9.01957321958112e-05,0.0216116714381326,0.316869945938599,0.832736373072839
2.95500954979536,0.999933636671281,6.23187886887399e-10,9.00447252244809e-05,0.0215624379459823,0.316159211343513,0.831973640037767
2.95637289677126,0.999933113218612,6.22460497472793e-10,8.98940971516079e-05,0.0215133712701672,0.315450498264831,0.831210224108422
2.95773624374716,0.999932596478566,6.21734380836641e-10,8.97438467106742e-05,0.0214644706635338,0.314743800937243,0.830446132885535
2.95909959072306,0.999932086487594,6.21009534011215e-10,8.95939726404491e-05,0.0214157353830747,0.314039113602681,0.829681373952069
2.96046293769895,0.99993158328251,6.20285954037431e-10,8.94444736849631e-05,0.0213671646899017,0.313336430510451,0.828915954873109
2.96182628467485,0.999931086902539,6.1956363796482e-10,8.92953485934809e-05,0.0213187578492181,0.312635745917354,0.828149883195758
2.96318963165075,0.999930597370162,6.18842582851498e-10,8.91465961204756e-05,0.0212705141302919,0.31193705408782,0.827383166449029
2.96455297862665,0.999930114722439,6.18122785764134e-10,8.89982150256028e-05,0.0212224328064295,0.311240349294022,0.826615812143744
2.96591632560255,0.999929638986571,6.17404243777923e-10,8.88502040736745e-05,0.0211745131549484,0.310545625816004,0.825847827772428
2.96727967257844,0.99992917018396,6.16686953976555e-10,8.87025620346337e-05,0.0211267544571516,0.309852877941797,0.825079220809213
2.96864301955434,0.999928708343004,6.15970913452186e-10,8.85552876835285e-05,0.0210791559983008,0.309162099967538,0.824309998709731
2.97000636653024,0.999928253479287,6.15256119305404e-10,8.84083798004867e-05,0.021031717067591,0.30847328619758,0.823540168911021
2.97136971350614,0.99992780561569,6.14542568645208e-10,8.82618371706909e-05,0.0209844369581245,0.307786430944614,0.822769738831429
2.97273306048204,0.999927364770345,6.13830258588974e-10,8.81156585843533e-05,0.0209373149668855,0.30710152852977,0.821998715870511
2.97409640745794,0.999926930954819,6.13119186262423e-10,8.79698428366903e-05,0.0208903503947147,0.306418573282735,0.82122710740894
2.97545975443383,0.999926504185972,6.12409348799599e-10,8.78243887278983e-05,0.0208435425462837,0.305737559541854,0.82045492080841
2.97682310140973,0.999926084477944,6.11700743342833e-10,8.76792950631284e-05,0.0207968907300709,0.305058481654239,0.819682163411544
2.97818644838563,0.999925671836467,6.1099336704272e-10,8.75345606524625e-05,0.020750394258336,0.304381333975871,0.818908842541804
2.97954979536153,0.999925266264629,6.10287217058087e-10,8.73901843108885e-05,0.0207040524470957,0.303706110871702,0.818134965503399
2.98091314233743,0.999924867776788,6.09582290555966e-10,8.7246164858276e-05,0.0206578646160993,0.303032806715754,0.817360539581195
2.98227648931332,0.999924476374649,6.08878584711563e-10,8.71025011193523e-05,0.0206118300888042,0.302361415891221,0.816585572040632
2.98363983628922,0.999924092061822,6.08176096708235e-10,8.69591919236788e-05,0.0205659481923523,0.30169193279056,0.815810070127632
2.98500318326512,0.999923714836797,6.07474823737455e-10,8.68162361056263e-05,0.0205202182575458,0.301024351815587,0.815034041068515
2.98636653024102,0.999923344701729,6.0677476299879e-10,8.66736325043524e-05,0.0204746396188235,0.300358667377574,0.81425749206992
2.98772987721692,0.99992298165436,6.06075911699869e-10,8.65313799637768e-05,0.0204292116142376,0.299694873897333,0.813480430318713
2.98909322419281,0.999922625690055,6.05378267056359e-10,8.63894773325587e-05,0.02038393358543,0.299032965805312,0.812702862981913
2.99045657116871,0.999922276804652,6.04681826291931e-10,8.62479234640733e-05,0.0203388048776093,0.298372937541678,0.811924797206607
2.99181991814461,0.999921934991861,6.0398658663824e-10,8.61067172163883e-05,0.0202938248395279,0.297714783556406,0.811146240119873
2.99318326512051,0.999921600245574,6.03292545334891e-10,8.59658574522414e-05,0.0202489928234591,0.297058498309362,0.810367198828702
2.99454661209641,0.999921272552303,6.02599699629417e-10,8.5825343039017e-05,0.0202043081851744,0.296404076270385,0.809587680419917
2.99590995907231,0.99992095190355,6.01908046777246e-10,8.56851728487236e-05,0.020159770283921,0.295751511919369,0.808807691960103
2.9972733060482,0.999920638289325,6.01217584041679e-10,8.55453457579712e-05,0.0201153784823997,0.295100799746346,0.808027240495529
2.9986366530241,0.999920331692525,6.00528308693861e-10,8.54058606479487e-05,0.0200711321467426,0.294451934251556,0.807246333052074
3,0.999920032102005,5.99840218012753e-10,8.52667164044016e-05,0.0200270306464911,0.293804909945531,0.806464976635156
