theta_rad,eigenvalue_index_sorted,real_energy,imag_energy,in_teacher_plot_window,distance_from_rotated_continuum_ray,resonance_track
0,0,-0.297959637856473,0,1,0,
0,1,0.000565401100619777,0,1,0,
0,2,0.000565401105783717,0,1,0,
0,3,0.00226143444664931,0,1,0,
0,4,0.00226143446765241,0,1,0,
0,5,0.00508759173138633,0,1,0,
0,6,0.00508759177996967,0,1,0,
0,7,0.00904303096471134,0,1,0,
0,8,0.00904303105450426,0,1,0,
0,9,0.0141265842013227,0,1,0,
0,10,0.0141265843488353,0,1,0,
0,11,0.0203367682492614,0,1,0,
0,12,0.0203367684751425,0,1,0,
0,13,0.0276717982380575,0,1,0,
0,14,0.0276717985687535,0,1,0,
0,15,0.0361296038788112,0,1,0,
0,16,0.0361296043488045,0,1,0,
0,17,0.0457078481939144,0,1,0,
0,18,0.0457078488487834,0,1,0,
0,19,0.0564039484326347,0,1,0,
0,20,0.0564039493332797,0,1,0,
0,21,0.0682150988220508,0,1,0,
0,22,0.0682151000506618,0,1,0,
0,23,0.0811382947339101,0,1,0,
0,24,0.0811382964023789,0,1,0,
0,25,0.095170357781217,0,1,0,
0,26,0.0951703600431638,0,1,0,
0,27,0.110307961298641,0,1,0,
0,28,0.110307964366804,0,1,0,
0,29,0.126547655614757,0,1,0,
0,30,0.126547659786306,0,1,0,
0,31,0.143885892496398,0,1,0,
0,32,0.143885898190245,0,1,0,
0,33,0.162319048142096,0,1,0,
0,34,0.162319055954523,0,1,0,
0,35,0.181843444124893,0,1,0,
0,36,0.181843454913469,0,1,0,
0,37,0.202455365736263,0,1,0,
0,38,0.20245538074831,0,1,0,
0,39,0.224151077259172,0,1,0,
0,40,0.224151098331334,0,1,0,
0,41,0.246926833793396,0,1,0,
0,42,0.24692686366717,0,1,0,
0,43,0.270778889358659,0,1,0,
0,44,0.270778932189202,0,1,0,
0,45,0.295703501094586,0,1,0,
0,46,0.295703563290082,0,1,0,
0,47,0.321696929434407,0,1,0,
0,48,0.32169702107854,0,1,0,
0,49,0.34875543410687,0,1,0,
0,50,0.348755571448433,0,1,0,
0,51,0.376875265623387,0,1,0,
0,52,0.376875475609766,0,1,0,
0,53,0.406052651299409,0,1,0,
0,54,0.406052980254935,0,1,0,
0,55,0.436283773151578,0,1,0,
0,56,0.436284304509781,0,1,0,
0,57,0.46756472984392,0,1,0,
0,58,0.46756562374027,0,1,0,
0,59,0.499891456443371,0,1,0,
0,60,0.499893050144035,0,1,0,
0,61,0.53325949115171,0,1,0,
0,62,0.533262609839049,0,1,0,
0,63,0.567662884805676,0,1,0,
0,64,0.567670215847237,0,1,0,
0,65,0.603080174856441,0,1,0,
0,66,0.603111635917841,0,1,0,
0,67,0.620972220434375,0,1,0,
0,68,0.639582453470042,0,1,0,
0,69,0.639626338010827,0,1,0,
0,70,0.677078018919062,0,1,0,
0,71,0.677099415732375,0,1,0,
0,72,0.715593387032897,0,1,0,
0,73,0.715612197817888,0,1,0,
0,74,0.755123233268012,0,1,0,
0,75,0.755143123942879,0,1,0,
0,76,0.79566173731186,0,1,0,
0,77,0.795684919790302,0,1,0,
0,78,0.837202413391321,0,1,0,
0,79,0.837231230083296,0,1,0,
0,80,0.879737850131741,0,1,0,
0,81,0.879775478396143,0,1,0,
0,82,0.923259288335571,0,1,0,
0,83,0.923310527100828,0,1,0,
0,84,0.967755889487659,0,1,0,
0,85,0.967828442160019,0,1,0,
0,86,1.01321336792086,0,1,0,
0,87,1.01332023640878,0,1,0,
0,88,1.0596111866961,0,1,0,
0,89,1.05977553833062,0,1,0,
0,90,1.1069161071829,0,1,0,
0,91,1.1071821367616,0,1,0,
0,92,1.15506491611823,0,1,0,
0,93,1.15552533338384,0,1,0,
0,94,1.20390708819639,0,1,0,
0,95,1.20478699756133,0,1,0,
0,96,1.25293934474088,0,1,0,
0,97,1.25494415339517,0,1,0,
0,98,1.29925024357968,0,1,0,
0,99,1.30596681886595,0,1,0,
0,100,1.33028104932414,0,1,0,
0,101,1.35781463210117,0,1,0,
0,102,1.36612069192479,0,1,0,
0,103,1.41043150229973,0,1,0,
0,104,1.41584896241593,0,1,0,
0,105,1.46373710774425,0,1,0,
0,106,1.4688051461999,0,1,0,
0,107,1.51761377255259,0,1,0,
0,108,1.52319364401193,0,1,0,
0,109,1.57188845147053,0,1,0,
0,110,1.57864494281606,0,1,0,
0,111,1.62631756860962,0,1,0,
0,112,1.63502809869555,0,1,0,
0,113,1.68061134240757,0,1,0,
0,114,1.69227582337427,0,1,0,
0,115,1.73458839668902,0,1,0,
0,116,1.75034379423994,0,1,0,
0,117,1.78849911059192,0,1,0,
0,118,1.80919905428231,0,1,0,
0,119,1.84315187489053,0,1,0,
0,120,1.86881742976111,0,1,0,
0,121,1.89939934746227,0,1,0,
0,122,1.92918465375051,0,1,0,
0,123,1.95758447482351,0,1,0,
0,124,1.99029908112214,0,1,0,
0,125,2.017607518967,0,1,0,
0,126,2.0521743931575,0,1,0,
0,127,2.07923128657033,0,1,0,
0,128,2.11484061273095,0,1,0,
0,129,2.14224327886581,0,1,0,
0,130,2.17834202354878,0,1,0,
0,131,2.20649003839586,0,1,0,
0,132,2.242731667167,0,1,0,
0,133,2.27186835107802,0,1,0,
0,134,2.30806368138134,0,1,0,
0,135,2.3383106148648,0,1,0,
0,136,2.37438585491518,0,1,0,
0,137,2.40577340712154,0,1,0,
0,138,2.44173458936245,0,1,0,
0,139,2.47422975224796,0,1,0,
0,140,2.51013317513987,0,1,0,
0,141,2.54366400839909,0,1,0,
0,142,2.57959288296514,0,1,0,
0,143,2.61406839508325,0,1,0,
0,144,2.65011564487806,0,1,0,
0,145,2.68544052190623,0,1,0,
0,146,2.72169713686035,0,1,0,
0,147,2.75778154863329,0,1,0,
0,148,2.79432950516903,0,1,0,
0,149,2.83109477938201,0,1,0,
0,150,2.86800342633006,0,1,0,
0,151,2.90538459118705,0,1,0,
0,152,2.94270948587432,0,1,0,
0,153,2.980655644035,0,1,0,
0,154,3.01843899673231,0,0,0,
0,155,3.05691233577406,0,0,0,
0,156,3.09518441044426,0,0,0,
0,157,3.13415846627607,0,0,0,
0,158,3.17293945749563,0,0,0,
0,159,3.21239707143411,0,0,0,
0,160,3.25169912121911,0,0,0,
0,161,3.29163038514758,0,0,0,
0,162,3.33145951884607,0,0,0,
0,163,3.37185988877962,0,0,0,
0,164,3.41221773877452,0,0,0,
0,165,3.45308641253771,0,0,0,
0,166,3.49397166535092,0,0,0,
0,167,3.53531026045233,0,0,0,
0,168,3.57671981016234,0,0,0,
0,169,3.61853133850982,0,0,0,
0,170,3.66046116051069,0,0,0,
0,171,3.70274927278244,0,0,0,
0,172,3.7451950501753,0,0,0,
0,173,3.78796351037391,0,0,0,
0,174,3.83092105390709,0,0,0,
0,175,3.87417340042736,0,0,0,
0,176,3.91763890476145,0,0,0,
0,177,3.96137825541044,0,0,0,
0,178,4.00534843198506,0,0,0,
0,179,4.04957739465469,0,0,0,
0,180,4.09404951645878,0,0,0,
0,181,4.13877017298644,0,0,0,
0,182,4.18374206046599,0,0,0,
0,183,4.2289559975277,0,0,0,
0,184,4.27442596865077,0,0,0,
0,185,4.32013433560229,0,0,0,
0,186,4.36610113733078,0,0,0,
0,187,4.41230471632609,0,0,0,
0,188,4.45876744974087,0,0,0,
0,189,4.50546672801563,0,0,0,
0,190,4.55242477523328,0,0,0,
0,191,4.59962001309035,0,0,0,
0,192,4.64707297089961,0,0,0,
0,193,4.69476426172074,0,0,0,
0,194,4.7427118844772,0,0,0,
0,195,4.79089920510849,0,0,0,
0,196,4.83934135774053,0,0,0,
0,197,4.88802460898569,0,0,0,
0,198,4.93696122985251,0,0,0,
0,199,4.98614026768686,0,0,0,
0,200,5.03557134036144,0,0,0,
0,201,5.08524599897431,0,0,0,
0,202,5.13517153168469,0,0,0,
0,203,5.18534163967521,0,0,0,
0,204,5.23576165102796,0,0,0,
0,205,5.28642704210777,0,0,0,
0,206,5.33734155175869,0,0,0,
0,207,5.38850207122583,0,0,0,
0,208,5.43991109429278,0,0,0,
0,209,5.49156660238579,0,0,0,
0,210,5.54347014657399,0,0,0,
0,211,5.59562051963208,0,0,0,
0,212,5.64801858423021,0,0,0,
0,213,5.70066371440016,0,0,0,
0,214,5.75355629048717,0,0,0,
0,215,5.80669608454543,0,0,0,
0,216,5.86008315591092,0,0,0,
0,217,5.91371753361901,0,0,0,
0,218,5.96759907803876,0,0,0,
0,219,6.02172797032537,0,0,0,
0,220,6.07610396094618,0,0,0,
0,221,6.13072730810997,0,0,0,
0,222,6.18559771478631,0,0,0,
0,223,6.24071546483698,0,0,0,
0,224,6.29608025532765,0,0,0,
0,225,6.35169236252792,0,0,0,
0,226,6.40755150350841,0,0,0,
0,227,6.46365792713973,0,0,0,
0,228,6.52001138501834,0,0,0,
0,229,6.57661208836852,0,0,0,
0,230,6.63345982991445,0,0,0,
0,231,6.69055477946907,0,0,0,
0,232,6.74789677227311,0,0,0,
0,233,6.80548593708513,0,0,0,
0,234,6.86332214987849,0,0,0,
0,235,6.92140550108723,0,0,0,
0,236,6.97973590394597,0,0,0,
0,237,7.038313414417,0,0,0,
0,238,7.09713797887797,0,0,0,
0,239,7.15620962293804,0,0,0,
0,240,7.21552832204958,0,0,0,
0,241,7.27509407529376,0,0,0,
0,242,7.33490688362104,0,0,0,
0,243,7.3949667227735,0,0,0,
0,244,7.45527361637464,0,0,0,
0,245,7.51582751918778,0,0,0,
0,246,7.57662847557374,0,0,0,
0,247,7.63767642075396,0,0,0,
0,248,7.69897141884214,0,0,0,
0,249,7.76051338599337,0,0,0,
0,250,7.82230240606228,0,0,0,
0,251,7.88433837564092,0,0,0,
0,252,7.94662139929127,0,0,0,
0,253,8.00915135256781,0,0,0,
0,254,8.07192836269402,0,0,0,
0,255,8.13495228171847,0,0,0,
0,256,8.19822326249282,0,0,0,
0,257,8.26174113006183,0,0,0,
0,258,8.3255060669327,0,0,0,
0,259,8.38951786655738,0,0,0,
0,260,8.45377674626236,0,0,0,
0,261,8.51828246213593,0,0,0,
0,262,8.58303527272935,0,0,0,
0,263,8.64803488969446,0,0,0,
0,264,8.71328162058845,0,0,0,
0,265,8.77877512410421,0,0,0,
0,266,8.8445157661214,0,0,0,
0,267,8.91050314222988,0,0,0,
0,268,8.97673768766509,0,0,0,
0,269,9.04321892295776,0,0,0,
0,270,9.10994736564493,0,0,0,
0,271,9.17692244722895,0,0,0,
0,272,9.24414478260895,0,0,0,
0,273,9.31161369807361,0,0,0,
0,274,9.37932992325741,0,0,0,
0,275,9.447292660641,0,0,0,
0,276,9.51550277446277,0,0,0,
0,277,9.58395932221986,0,0,0,
0,278,9.65266332527421,0,0,0,
0,279,9.72161367224396,0,0,0,
0,280,9.79081156690297,0,0,0,
0,281,9.86025570227868,0,0,0,
0,282,9.92994749268598,0,0,0,
0,283,9.99988540598631,0,0,0,
0,284,10.0700710980297,0,0,0,
0,285,10.1405027790722,0,0,0,
0,286,10.2111823803412,0,0,0,
0,287,10.2821078192186,0,0,0,
0,288,10.3532813389599,0,0,0,
0,289,10.4247005260201,0,0,0,
0,290,10.4963679751146,0,0,0,
0,291,10.5682809009445,0,0,0,
0,292,10.6404422919382,0,0,0,
0,293,10.7128489473528,0,0,0,
0,294,10.7855042945876,0,0,0,
0,295,10.8584046706234,0,0,0,
0,296,10.9315539905253,0,0,0,
0,297,11.0049480784406,0,0,0,
0,298,11.0785913900386,0,0,0,
0,299,11.1524791813178,0,0,0,
0,300,11.2266165070792,0,0,0,
0,301,11.3009979934437,0,0,0,
0,302,11.3756293605267,0,0,0,
0,303,11.4505045339493,0,0,0,
0,304,11.5256299759915,0,0,0,
0,305,11.6009988287157,0,0,0,
0,306,11.6766183882964,0,0,0,
0,307,11.7524809128581,0,0,0,
0,308,11.828594644798,0,0,0,
0,309,11.9049508340502,0,0,0,
0,310,11.9815588097475,0,0,0,
0,311,12.0584086568862,0,0,0,
0,312,12.1355109699335,0,0,0,
0,313,12.2128544685262,0,0,0,
0,314,12.2904512419084,0,0,0,
0,315,12.3682883859241,0,0,0,
0,316,12.4463797811608,0,0,0,
0,317,12.5247105650039,0,0,0,
0,318,12.6032967936594,0,0,0,
0,319,12.6821212122062,0,0,0,
0,320,12.7612025502272,0,0,0,
0,321,12.8405205988653,0,0,0,
0,322,12.9200974041901,0,0,0,
0,323,12.9999090788577,0,0,0,
0,324,13.0799818126326,0,0,0,
0,325,13.1602871098492,0,0,0,
0,326,13.2408563613368,0,0,0,
0,327,13.3216552782126,0,0,0,
0,328,13.4027217930346,0,0,0,
0,329,13.484014327236,0,0,0,
0,330,13.5655790379142,0,0,0,
0,331,13.6473651875548,0,0,0,
0,332,13.7294292443752,0,0,0,
0,333,13.8117090077923,0,0,0,
0,334,13.8942738068466,0,0,0,
0,335,13.9770471822137,0,0,0,
0,336,14.0601143861289,0,0,0,
0,337,14.143381370853,0,0,0,
0,338,14.226952916365,0,0,0,
0,339,14.3107135062193,0,0,0,
0,340,14.3947915915846,0,0,0,
0,341,14.4790457795381,0,0,0,
0,342,14.5636328240931,0,0,0,
0,343,14.6483805988225,0,0,0,
0,344,14.7334791670887,0,0,0,
0,345,14.8187205111903,0,0,0,
0,346,14.9043331950634,0,0,0,
0,347,14.9900680830275,0,0,0,
0,348,15.0761973379629,0,0,0,
0,349,15.1624257340243,0,0,0,
0,350,15.2490736687755,0,0,0,
0,351,15.33579552481,0,0,0,
0,352,15.4229636490607,0,0,0,
0,353,15.5101789027503,0,0,0,
0,354,15.5978678425989,0,0,0,
0,355,15.6855764161399,0,0,0,
0,356,15.7737856134702,0,0,0,
0,357,15.8619874131385,0,0,0,
0,358,15.9507148310933,0,0,0,
0,359,16.0394097480175,0,0,0,
0,360,16.1286516108977,0,0,0,
0,361,16.2178395234097,0,0,0,
0,362,16.3075901254506,0,0,0,
0,363,16.3972709033962,0,0,0,
0,364,16.4875225274128,0,0,0,
0,365,16.5776960387878,0,0,0,
0,366,16.6684390332412,0,0,0,
0,367,16.7591051534598,0,0,0,
0,368,16.8503282256405,0,0,0,
0,369,16.9414868496024,0,0,0,
0,370,17.0331776435635,0,0,0,
0,371,17.1248287004071,0,0,0,
0,372,17.2169747404288,0,0,0,
0,373,17.3091182103753,0,0,0,
0,374,17.4017083026575,0,0,0,
0,375,17.4943442345968,0,0,0,
0,376,17.5873704299146,0,0,0,
0,377,17.6804989573228,0,0,0,
0,378,17.7739591867935,0,0,0,
0,379,17.8675805382632,0,0,0,
0,380,17.9614820554826,0,0,0,
0,381,18.0555965547944,0,0,0,
0,382,18.1499603934687,0,0,0,
0,383,18.2445684430732,0,0,0,
0,384,18.3394353496444,0,0,0,
0,385,18.4345373909924,0,0,0,
0,386,18.529976431184,0,0,0,
0,387,18.62557287525,0,0,0,
0,388,18.7216960122513,0,0,0,
0,389,18.8177871314997,0,0,0,
0,390,18.9147793080133,0,0,0,
0,391,19.0113650683228,0,0,0,
0,392,19.109560644327,0,0,0,
0,393,19.2066403996673,0,0,0,
0,394,19.3067709731535,0,0,0,
0,395,19.4043426817149,0,0,0,
0,396,19.5087398709029,0,0,0,
0,397,19.6067964985652,0,0,0,
0,398,19.7445211890393,0,0,0,
0,399,19.8428615839271,0,0,0,
0.04,0,-0.29795963785827,1.62320853915217e-12,1,0.0238113532729912,
0.04,1,0.000563261795056307,-4.83489264385264e-05,1,3.18139839537125e-06,
0.04,2,0.000563261800181758,-4.83489271035484e-05,1,3.18139864866748e-06,
0.04,3,0.00225288114785923,-0.000193359633357741,1,1.27029049809566e-05,
0.04,4,0.00225288116867844,-0.000193359636087091,1,1.27029060378161e-05,
0.04,5,0.00506836144892369,-0.000434924372885774,1,2.84968028892468e-05,
0.04,6,0.00506836149706323,-0.000434924379311253,1,2.84968054471184e-05,
0.04,7,0.00900887996115746,-0.000772865123622597,1,5.04513888678784e-05,
0.04,8,0.00900888005007563,-0.000772865135791249,1,5.04513938917441e-05,
0.04,9,0.0140732951890987,-0.00120693590665476,1,7.84126929767145e-05,
0.04,10,0.0140732953350596,-0.00120693592726925,1,7.8412701860857e-05,
0.04,11,0.0202601570945499,-0.00173682598295787,1,0.00011218684938481,
0.04,12,0.0202601573178331,-0.00173682601569272,1,0.000112186864171355,
0.04,13,0.0275677200484727,-0.00236216388298751,1,0.000151543078026848,
0.04,14,0.0275677203749641,-0.00236216393294779,1,0.000151543101735885,
0.04,15,0.0359939583662329,-0.00308252219988616,1,0.000196217220985576,
0.04,16,0.0359939588295682,-0.003082522274248,1,0.000196217258082297,
0.04,17,0.0455365842234762,-0.00389742305534655,1,0.000245915759132054,
0.04,18,0.0455365848679397,-0.00389742316428772,1,0.000245915816222699,
0.04,19,0.0561930676935487,-0.0048063441223622,1,0.000300320214329256,
0.04,20,0.056193068578067,-0.00480634428042493,1,0.000300320301200452,
0.04,21,0.0679606585858231,-0.00580872506290066,1,0.000359091821312683,
0.04,22,0.0679606597895477,-0.00580872529100324,1,0.000359091952490448,
0.04,23,0.0808364097000911,-0.0069039742127355,1,0.000421876332774583,
0.04,24,0.0808364113302209,-0.00690397454115864,1,0.000421876529876012,
0.04,25,0.0948172010488203,-0.00809147532248916,1,0.000488308803132735,
0.04,26,0.0948172032517049,-0.00809147579536639,1,0.000488309098454724,
0.04,27,0.109899764541308,-0.00937059414617416,1,0.000558018183373007,
0.04,28,0.109899767518328,-0.00937059482828695,1,0.000558018625396556,
0.04,29,0.126080708576702,-0.0107406846587203,1,0.000630631553347223,
0.04,30,0.126080712607166,-0.010740685645894,1,0.000630632215270293,
0.04,31,0.143356541961879,-0.0122010946847708,1,0.000705777821176943,
0.04,32,0.143356547436396,-0.0122010961199399,1,0.000705778814261573,
0.04,33,0.161723696560197,-0.0137511707338789,1,0.000783090733017653,
0.04,34,0.161723704029739,-0.0137511728322043,1,0.000783092227705756,
0.04,35,0.181178548091665,-0.0153902618626115,1,0.000862211060570866,
0.04,36,0.181178558340554,-0.0153902649512636,1,0.000862213320307684,
0.04,37,0.201717434545959,-0.0171177224206333,1,0.000942787866914957,
0.04,38,0.20171744870158,-0.0171177270026941,1,0.000942791303078823,
0.04,39,0.223336671735405,-0.0189329135822945,1,0.0010244787902828,
0.04,40,0.223336691435302,-0.0189329204410687,1,0.00102448405280929,
0.04,41,0.246032565601816,-0.0208352036121188,1,0.00110694932520297,
0.04,42,0.246032593251556,-0.0208352139845159,1,0.00110695745480562,
0.04,43,0.269801420990363,-0.0228239668538809,1,0.00118987111365015,
0.04,44,0.269801460167409,-0.0228239827246892,1,0.00118988380287728,
0.04,45,0.294639546704102,-0.0248985814570033,1,0.00127291927478165,
0.04,46,0.294639602800618,-0.0248986060705296,1,0.00127293932665071,
0.04,47,0.320543256738035,-0.0270584258422152,1,0.00135576878328096,
0.04,48,0.320543338001734,-0.0270584646174508,1,0.00135580094033834,
0.04,49,0.347508867639904,-0.0293028738255415,1,0.00143808981985351,
0.04,50,0.347508986890334,-0.0293029360492936,1,0.00143814231473413,
0.04,51,0.375532691927843,-0.0316312880851261,1,0.00151954178497021,
0.04,52,0.375532869436817,-0.0316313901746638,1,0.00151962936242029,
0.04,53,0.404611027383101,-0.0340430110581618,1,0.00159976508058158,
0.04,54,0.404611295773941,-0.0340431831693432,1,0.00159991519292904,
0.04,55,0.434740141864716,-0.0365373507800875,1,0.00167836820813505,
0.04,56,0.434740554423855,-0.0365376510405015,1,0.00167863453869079,
0.04,57,0.46591625363043,-0.03911355466322,1,0.00175490320371916,
0.04,58,0.465916897581291,-0.0391141022438534,1,0.00175539757189298,
0.04,59,0.498135512302617,-0.041770750093383,1,0.00182880794578382,
0.04,60,0.498136523497118,-0.0417718092672027,1,0.00182978292275543,
0.04,61,0.531394027197593,-0.0445077863032246,1,0.00189924627026471,
0.04,62,0.531395555853356,-0.0445099988330059,1,0.00190132956166859,
0.04,63,0.565688299489417,-0.0473228548683307,1,0.00196469514422482,
0.04,64,0.565690019802506,-0.0473278401487531,1,0.00196952700196222,
0.04,65,0.601015814045876,-0.0502244303099227,1,0.00203380298089853,
0.04,66,0.601017634162942,-0.050214377298463,1,0.00202363666782375,
0.04,67,0.620970954531809,-5.82511538862798e-05,1,0.0495666389455666,E1
0.04,68,0.637368677921333,-0.0531987754673327,1,0.0020935073174276,
0.04,69,0.637379814200387,-0.0531896621648878,1,0.00208353320966795,
0.04,70,0.674744151916249,-0.056249765583354,1,0.00214788990473359,
0.04,71,0.674758946860668,-0.0562468923769023,1,0.00214384355418451,
0.04,72,0.713137529249059,-0.0593761392871429,1,0.00219606954721555,
0.04,73,0.713153304180945,-0.0593773386052609,1,0.00219600438070794,
0.04,74,0.752543795072476,-0.0625764330541483,1,0.00223698816108998,
0.04,75,0.752561087749758,-0.0625806421607421,1,0.00223980186671182,
0.04,76,0.792957548325232,-0.065848904808765,1,0.00226934086657937,
0.04,77,0.792977522847514,-0.0658562964632194,1,0.0022751126225165,
0.04,78,0.83437289923066,-0.0691914143053972,1,0.00229146494292188,
0.04,79,0.83439705387593,-0.0692030053093612,1,0.00230108856436626,
0.04,80,0.876783333201902,-0.0726012275210912,1,0.00230115572258723,
0.04,81,0.876813658078593,-0.0726189798975792,1,0.00231642791852105,
0.04,82,0.920181531248289,-0.0760746815032586,1,0.00229534686308471,
0.04,83,0.920220786185287,-0.0761019975760241,1,0.00231943852474998,
0.04,84,0.96455914524885,-0.0796065806899586,1,0.00226952655693918,
0.04,85,0.964611233648303,-0.07964933905764,1,0.00230798554230109,
0.04,86,1.00990657170286,-0.0831890510023775,1,0.00221661336977529,
0.04,87,1.00997697329236,-0.0832576501225871,1,0.00227936696837133,
0.04,88,1.05621295650153,-0.0868092491188608,1,0.00212467245943466,
0.04,89,1.05630894045718,-0.086922724773864,1,0.00223011465752402,
0.04,90,1.10346741529838,-0.0904445914155126,1,0.00197206225030228,
0.04,91,1.103596752078,-0.0906391809655404,1,0.00215569353663643,
0.04,92,1.15166547077048,-0.0940528580235667,1,0.00171705570904336,
0.04,93,1.151828333606,-0.0943999745411156,1,0.002050046912362,
0.04,94,1.20083661531411,-0.097555575566446,1,0.00127907356416283,
0.04,95,1.20098941765313,-0.0981956596831076,1,0.00190489935166852,
0.04,96,1.25106286406826,-0.102013242272208,1,0.00170866804418791,
0.04,97,1.25114457549421,-0.100850286947266,1,0.000542902248332996,
0.04,98,1.30202773049341,-0.105834365784749,1,0.00144472877793584,
0.04,99,1.30302792420948,-0.104128309869254,1,0.000335800844406371,
0.04,100,1.32719742581269,-0.0154470638725949,1,0.0906649164949265,E2
0.04,101,1.35385798859024,-0.109632381296374,1,0.00108859790633599,
0.04,102,1.35627498808306,-0.108333590238554,1,0.000399193011021693,
0.04,103,1.40652070824448,-0.113367515532272,1,0.0006032609611957,
0.04,104,1.40973492158925,-0.113157696310401,1,0.000137249927020671,
0.04,105,1.45997331335229,-0.116978728407022,1,6.87244624775191e-05,
0.04,106,1.46360980475106,-0.117802614442115,1,0.000461917445848109,
0.04,107,1.51415870117337,-0.120369647994629,1,0.0010188587169384,
0.04,108,1.51825528450543,-0.122238322855919,1,0.000516462370019741,
0.04,109,1.56899370314006,-0.123383465441787,1,0.00239680274409346,
0.04,110,1.57376365745803,-0.126559019766769,1,0.000387405785937975,
0.04,111,1.62433188662578,-0.125756444726255,1,0.00445374694238529,
0.04,112,1.6301345964129,-0.130819267800674,1,0.000129161960073597,
0.04,113,1.67981260844543,-0.1270393336802,1,0.0076086859495032,
0.04,114,1.68734388447641,-0.135043816455939,1,0.0002316634797903,
0.04,115,1.73420082863971,-0.1267040878544,1,0.0122892775330454,
0.04,116,1.74536091871325,-0.139243967604891,1,0.000681359183821388,
0.04,117,1.7846532217833,-0.126844334556234,1,0.0161813669394361,
0.04,118,1.80415313898943,-0.143427604822078,1,0.00120946475831796,
0.04,119,1.83468400738974,-0.13321699275154,1,0.0138272852974475,
0.04,120,1.86368818318255,-0.147606055125213,1,0.00180210320358618,
0.04,121,1.89011746035981,-0.141873300968899,1,0.00962860992586099,
0.04,122,1.92393711720506,-0.151799762291751,1,0.002436583868625,
0.04,123,1.94890494572089,-0.149445143066523,1,0.00677896870494275,
0.04,124,1.98488026892837,-0.156042670794004,1,0.00307749875337899,
0.04,125,2.00955607592082,-0.156077501918003,1,0.0050147385937883,
0.04,126,2.0465159586242,-0.160383244599787,1,0.00367640465706248,
0.04,127,2.07159419566307,-0.162143089044266,1,0.00392630835022647,
0.04,128,2.10886988887807,-0.164878934620378,1,0.00417808842754338,
0.04,129,2.13482903699286,-0.167877229149195,1,0.00326390070251429,
0.04,130,2.17199950589233,-0.16958280467373,1,0.00453424675622188,
0.04,131,2.19916134599867,-0.173422561425938,1,0.00287740081357119,
0.04,132,2.23598706482903,-0.174526925492322,1,0.00471948487834405,
0.04,133,2.26453041469302,-0.178868725654835,1,0.00267260413716141,
0.04,134,2.30092138524603,-0.179712331705445,1,0.00473986946145127,
0.04,135,2.33089675069785,-0.184274758679706,1,0.00258750662532311,
0.04,136,2.36687735616931,-0.185112221337855,1,0.0046281014937925,
0.04,137,2.39823485148324,-0.18968145826118,1,0.00257940297377406,
0.04,138,2.43390387193155,-0.190685150350504,1,0.00442939983984118,
0.04,139,2.46652942919619,-0.195118229386104,1,0.00261776051735693,
0.04,140,2.50202331757866,-0.196389100586076,1,0.00418743716459603,
0.04,141,2.53577299098692,-0.200606844530667,1,0.00268027762586083,
0.04,142,2.57123822276834,-0.202190124674045,1,0.00393625442174428,
0.04,143,2.60596398803619,-0.206163479992628,1,0.00275070596465928,
0.04,144,2.64153937287754,-0.208064961114259,1,0.00369830233054721,
0.04,145,2.67710520992339,-0.211799836507815,1,0.00281760514869978,
0.04,146,2.71291222093086,-0.213999965042093,1,0.00348601959825936,
0.04,147,2.74920231593625,-0.217523838110838,1,0.00287352874700893,
0.04,148,2.78534094694411,-0.219988704692115,1,0.00330455317044059,
0.04,149,2.82226251075242,-0.223340197849928,1,0.00291435454467601,
0.04,150,2.85881064885251,-0.226029561030535,1,0.00315432600879124,
0.04,151,2.89629342353983,-0.229250989562709,1,0.00293862501944074,
0.04,152,2.93330833817941,-0.232123825507055,1,0.00303301282390622,
0.04,153,2.97130225047576,-0.235256258261189,1,0.00294687038356203,
0.04,154,3.00882325692324,-0.23827435393191,0,0.00293690721686825,
0.04,155,3.04729518864941,-0.241354638088136,0,0.00294094736434515,
0.04,156,3.08534683902015,-0.2444846767008,0,0.00286180552884786,
0.04,157,3.12427714650364,-0.247543923724739,0,0.00292344648405347,
0.04,158,3.16287250014081,-0.250758440241554,0,0.00280354680970061,
0.04,159,3.2022516812114,-0.253821547986239,0,0.00289721098722264,
0.04,160,3.24139535566662,-0.257099075326813,0,0.00275832090660244,
0.04,161,3.28122109609393,-0.260184940141765,0,0.00286498745198377,
0.04,162,3.32091192046739,-0.263509616699983,0,0.00272282426903737,
0.04,163,3.36118663120176,-0.266631762925293,0,0.0028292047673554,
0.04,164,3.40141981952505,-0.269992622433442,0,0.00269431720724932,
0.04,165,3.4421486917002,-0.27316004339836,0,0.00279186194042628,
0.04,166,3.4829175252093,-0.276550158295097,0,0.00267061848015722,
0.04,167,3.52410707486155,-0.279768221515074,0,0.00275449782668247,
0.04,168,3.56540412940611,-0.283183823394972,0,0.00265006152050621,
0.04,169,3.60706117211657,-0.286455141767501,0,0.00271821560477739,
0.04,170,3.64887915385034,-0.289894800423931,0,0.00263142919961137,
0.04,171,3.69101013509053,-0.293220010333894,0,0.00268373875997662,
0.04,172,3.73334239863749,-0.296683918464012,0,0.00261387911177772,
0.04,173,3.77595300314748,-0.30006233522522,0,0.00265148093886102,
0.04,174,3.81879382648,-0.303551719689828,0,0.00259686783660002,
0.04,175,3.86188879512977,-0.30698186175755,0,0.00262161760189207,
0.04,176,3.90523347864898,-0.310498523875584,0,0.00258007992077455,
0.04,177,3.94881657056336,-0.313978511189735,0,0.00259415208068492,
0.04,178,3.9926614176256,-0.317524486739553,0,0.00256336513722375,
0.04,179,4.03673546646962,-0.321052326891305,0,0.00256897217974582,
0.04,180,4.08107769117861,-0.324629649888215,0,0.00254668582996156,
0.04,181,4.1256447157708,-0.328203429937184,0,0.00254589591060133,
0.04,182,4.17048231276572,-0.331813981485928,0,0.00253007480828137,
0.04,183,4.21554365258857,-0.335431984403866,0,0.00252470650805683,
0.04,184,4.26087525367483,-0.339077407780468,0,0.00251360329400627,
0.04,185,4.30643170882894,-0.342738171667577,0,0.0025051777769248,
0.04,186,4.35225644303566,-0.346419836286223,0,0.00249735781337344,
0.04,187,4.3983084055065,-0.350122172492814,0,0.00248709125287444,
0.04,188,4.44462577261736,-0.353841171809602,0,0.00248142460628424,
0.04,189,4.4911733413907,-0.357584155501032,0,0.00247024678953433,
0.04,190,4.53798310408798,-0.361341326655374,0,0.0024658800327381,
0.04,191,4.58502618080508,-0.365124270610137,0,0.00245446812299883,
0.04,192,4.6323282770913,-0.368920226340817,0,0.00245078552242091,
0.04,193,4.67986664179551,-0.372742646155013,0,0.00243960479655745,
0.04,194,4.72766111706176,-0.376577812025909,0,0.0024361857768147,
0.04,195,4.7756944853999,-0.380439388579561,0,0.0024255316101675,
0.04,196,4.82398144214095,-0.384314040690353,0,0.00242210914546429,
0.04,197,4.87250950639439,-0.388214583794177,0,0.0024121465277949,
0.04,198,4.92128906888797,-0.392128883889737,0,0.00240856932218539,
0.04,199,4.97031152563382,-0.39606829949308,0,0.00239936775539956,
0.04,200,5.01958381670316,-0.400022325728507,0,0.00239556771912661,
0.04,201,5.06910038393767,-0.404000587908867,0,0.00238713050657474,
0.04,202,5.11886551103022,-0.407994360512097,0,0.00238309606302832,
0.04,203,5.16887593736999,-0.412011488638984,0,0.00237538380792187,
0.04,204,5.21913398548643,-0.416044990392895,0,0.00237113891196209,
0.04,205,5.26963805371136,-0.420101031306934,0,0.00236408756440826,
0.04,206,5.3203890831064,-0.424174223206338,0,0.00235967591170905,
0.04,207,5.37138660990547,-0.428269237921124,0,0.00235321000400814,
0.04,208,5.42263065689317,-0.432382070603769,0,0.00234868370097465,
0.04,209,5.47412149027014,-0.43651612486799,0,0.00234272554798986,
0.04,210,5.5258585698567,-0.440668546524094,0,0.00233813743791651,
0.04,211,5.57784258528554,-0.444841704527661,0,0.00233261310357501,
0.04,212,5.63007269469683,-0.449033666002704,0,0.00232801196207661,
0.04,213,5.68254979079981,-0.453245986533815,0,0.00232285474463272,
0.04,214,5.73527291325972,-0.457477444289336,0,0.00231828263026397,
0.04,215,5.78824300752298,-0.461728978718598,0,0.00231343472933812,
0.04,216,5.84145911586861,-0.465999896232018,0,0.0023089258771547,
0.04,217,5.89492214070948,-0.470290687792305,0,0.0023043387972959,
0.04,218,5.94863120060362,-0.474601035878973,0,0.00229991955455996,
0.04,219,6.00258709995568,-0.478931119809239,0,0.00229555368898833,
0.04,220,6.05678907258336,-0.483280876250744,0,0.0022912431011616,
0.04,221,6.11123779905831,-0.487650280467915,0,0.00228706683521635,
0.04,222,6.1659326432824,-0.492039429239207,0,0.0022828775886371,
0.04,223,6.22087415590119,-0.496448175288408,0,0.00227886617127225,
0.04,224,6.27606182990398,-0.500876705595958,0,0.00227480568309692,
0.04,225,6.33149609234619,-0.505324809702389,0,0.00227094003847038,
0.04,226,6.38717655481883,-0.509792714979741,0,0.00226701155297095,
0.04,227,6.44310353411841,-0.5142801890846,0,0.0022632771436044,
0.04,228,6.49927674507053,-0.518787466038833,0,0.00225948074735103,
0.04,229,6.55569641067923,-0.523314318747774,0,0.00225586655386108,
0.04,230,6.61236233194652,-0.527860966510762,0,0.00225220006231337,
0.04,231,6.66927465508742,-0.532427203917085,0,0.0022486977111873,
0.04,232,6.72643325060775,-0.53701322332648,0,0.00224515740748097,
0.04,233,6.78383820384944,-0.541618849695527,0,0.00224176045484674,
0.04,234,6.8414894397715,-0.5462442427107,0,0.00223834168065828,
0.04,235,6.89938699676332,-0.550889261027515,0,0.00223504504521373,
0.04,236,6.95753084143955,-0.555554030273159,0,0.0022317426551399,
0.04,237,7.0159209767592,-0.560238442665278,0,0.0022285421845396,
0.04,238,7.0745574006652,-0.564942591087931,0,0.00222535088203272,
0.04,239,7.13344008974075,-0.569666399140098,0,0.00222224303294112,
0.04,240,7.19256906535328,-0.574409929759952,0,0.00221915760795865,
0.04,241,7.25194428443101,-0.579173134739333,0,0.00221613921899131,
0.04,242,7.31156578608787,-0.583956050478674,0,0.00221315470780474,
0.04,243,7.3714335122251,-0.588758653488788,0,0.00221022284551593,
0.04,244,7.43154751598404,-0.593580957059788,0,0.00220733463129157,
0.04,245,7.49190772705314,-0.59842295913978,0,0.00220448649153604,
0.04,246,7.55251421055992,-0.603284652976079,0,0.00220169036198443,
0.04,247,7.61336688525433,-0.608166055159668,0,0.00219892321164274,
0.04,248,7.67446582762775,-0.613067141378942,0,0.00219621538714685,
0.04,249,7.73581094546426,-0.617987944724774,0,0.00219352653404849,
0.04,250,7.79740232720152,-0.622928425111785,0,0.00219090367699396,
0.04,251,7.85923986851678,-0.627888630714676,0,0.00218829045843571,
0.04,252,7.92132367142099,-0.632868506716845,0,0.00218574967183005,
0.04,253,7.98365361736097,-0.637868115706986,0,0.00218320945451981,
0.04,254,8.04622982449153,-0.642887388436732,0,0.00218074827570095,
0.04,255,8.10905215699391,-0.647926401972143,0,0.00217827846187888,
0.04,256,8.17212075263946,-0.652985072212071,0,0.00217589485517566,
0.04,257,8.23543545441032,-0.658063491467964,0,0.00217349289134969,
0.04,258,8.29899642408341,-0.663161559676734,0,0.00217118524180908,
0.04,259,8.3628034785689,-0.66827938583428,0,0.00216884862768987,
0.04,260,8.42685680902102,-0.673416852152128,0,0.00216661573677336,
0.04,261,8.49115620037547,-0.678574086388146,0,0.00216434203300437,
0.04,262,8.55570187963117,-0.683750950642444,0,0.00216218311577416,
0.04,263,8.62049359268261,-0.688947594120814,0,0.00215996994973318,
0.04,264,8.68553161009082,-0.694163855832715,0,0.00215788463232806,
0.04,265,8.75081563030506,-0.699399909697857,0,0.00215572970175964,
0.04,266,8.81634597660483,-0.704655568091901,0,0.00215371801707356,
0.04,267,8.88212229004807,-0.709931033464363,0,0.00215161909150012,
0.04,268,8.94814495744589,-0.715226087483265,0,0.0021496814706181,
0.04,269,9.01441355074788,-0.720540965457206,0,0.00214763639090026,
0.04,270,9.08092853300193,-0.725875413784412,0,0.00214577364735552,
0.04,271,9.14768939331833,-0.731229705426646,0,0.00214378032363821,
0.04,272,9.2146966858244,-0.736603546518768,0,0.0021419936279379,
0.04,273,9.28194980080047,-0.74199725286899,0,0.00214005003652724,
0.04,274,9.34944940067318,-0.747410485000013,0,0.00213834087858127,
0.04,275,9.41719475840762,-0.75284360707175,0,0.00213644505810308,
0.04,276,9.48518666455032,-0.758296228389625,0,0.00213481519639744,
0.04,277,9.55342425355992,-0.763768767171493,0,0.00213296524372069,
0.04,278,9.62190846671473,-0.769260775766105,0,0.00213141664156889,
0.04,279,9.69063827590061,-0.774772732222943,0,0.00212961070797663,
0.04,280,9.7596147986735,-0.780304126202572,0,0.00212814545930397,
0.04,281,9.82883681728829,-0.785855501276024,0,0.00212638174729008,
0.04,282,9.89830565414309,-0.791426278846534,0,0.00212500199721949,
0.04,283,9.96801987176013,-0.797017073454742,0,0.00212327875833562,
0.04,284,10.0379810289813,-0.802627232993051,0,0.00212198662698135,
0.04,285,10.1081874354667,-0.808257448029167,0,0.00212030216108605,
0.04,286,10.1786409210949,-0.813906988139613,0,0.00211909968220419,
0.04,287,10.2493395065818,-0.819576624468853,0,0.00211745233834184,
0.04,288,10.3202853303356,-0.825265544008362,0,0.00211634142801733,
0.04,289,10.3914760852027,-0.830974602463646,0,0.00211472960704981,
0.04,290,10.4629142584083,-0.836702900519771,0,0.00211371207993435,
0.04,291,10.5345971732629,-0.842451381895853,0,0.00211213423903167,
0.04,292,10.606527708827,-0.848219057701001,0,0.00211121189169913,
0.04,293,10.6787027744928,-0.854006962747361,0,0.00210966655045692,
0.04,294,10.7511256869666,-0.859814015512972,0,0.00210884133181096,
0.04,295,10.8237928944771,-0.865641344925788,0,0.00210732707972071,
0.04,296,10.8967082002746,-0.871487773582345,0,0.00210660136756419,
0.04,297,10.9698675408728,-0.877354527996026,0,0.00210511687243936,
0.04,298,11.0432752587182,-0.883240330827825,0,0.00210449387333884,
0.04,299,11.1169267238627,-0.889146510806697,0,0.00210303789006818,
0.04,300,11.1908268755618,-0.8950716849744,0,0.00210252217687277,
0.04,301,11.2649704569375,-0.901017291005047,0,0.00210109355593605,
0.04,302,11.3393630685745,-0.9069818319524,0,0.00210069175484371,
0.04,303,11.4139987581094,-0.912966864437147,0,0.00209928945012759,
0.04,304,11.488883861794,-0.918970765180698,0,0.00209901108828866,
0.04,305,11.5640116516793,-0.92499522443253,0,0.00209763416377576,
0.04,306,11.6393892879799,-0.93103847473301,0,0.00209749268972951,
0.04,307,11.7150091706936,-0.937102360971844,0,0.00209614032508069,
0.04,308,11.7908793919232,-0.9431849463834,0,0.00209615431904768,
0.04,309,11.866991360255,-0.949288259733495,0,0.00209482581420535,
0.04,310,11.9433542348061,-0.955410160522697,0,0.002095020412067,
0.04,311,12.0199582818849,-0.961552901010431,0,0.00209371519162558,
0.04,312,12.0968138998609,-0.967714090933152,0,0.00209412375416492,
0.04,313,12.1739100191822,-0.973896258484443,0,0.00209284137215953,
0.04,314,12.251258499632,-0.980096703410634,0,0.0020935074340256,
0.04,315,12.328846685088,-0.986318297847245,0,0.0020922475800277,
0.04,316,12.4066881852234,-0.992557954237201,0,0.00209322710519834,
0.04,317,12.484768431136,-0.99881897527169,0,0.00209198961196609,
0.04,318,12.5631031579811,-1.00509778854085,0,0.00209335355469344,
0.04,319,12.6416754591394,-1.01139823577075,0,0.00209213840697611,
0.04,320,12.7205036841115,-1.01771613864199,0,0.0020939755194574,
0.04,321,12.7995680358128,-1.02405601154508,0,0.00209278286199743,
0.04,322,12.8788901127271,-1.03041292258184,0,0.00209520259534592,
0.04,323,12.9584465108208,-1.03679222051627,0,0.00209403273624395,
0.04,324,13.0382628977018,-1.04318804315883,0,0.0020971679442399,
0.04,325,13.1183113386275,-1.04960676537325,0,0.00209602134792265,
0.04,326,13.1986226234508,-1.0560413879523,0,0.00210003033063116,
0.04,327,13.2791631042585,-1.06249953361295,0,0.00209890759241922,
0.04,328,13.3599700342704,-1.06897283097,0,0.00210397482400228,
0.04,329,13.4410025525998,-1.07547039921226,0,0.00210287661713659,
0.04,330,13.5223060661312,-1.08198223667834,0,0.00210921132227132,
0.04,331,13.6038306201184,-1.08851922668964,0,0.0021081383077849,
0.04,332,13.6856318788033,-1.09506946721513,0,0.00211596992938032,
0.04,333,13.7676484668719,-1.10164587835366,0,0.00211492262103533,
0.04,334,13.84994888492,-1.10823439348628,0,0.00212449221669967,
0.04,335,13.932457505405,-1.11485022543573,0,0.00212347079675152,
0.04,336,14.0152587711613,-1.12147691055928,0,0.00213501757163683,
0.04,337,14.098259421712,-1.12813216351313,0,0.00213402165936815,
0.04,338,14.1815635053199,-1.13479695725147,0,0.00214776423673946,
0.04,339,14.2650561820268,-1.14149163211279,0,0.00214679261953454,
0.04,340,14.3488653218516,-1.14819453907357,0,0.00216290528475749,
0.04,341,14.4328500180606,-1.15492863764836,0,0.00216195563064397,
0.04,342,14.5171666779094,-1.16166975278394,0,0.0021805406294312,
0.04,343,14.6016433827054,-1.16844327793916,0,0.00217960920831243,
0.04,344,14.6864701721325,-1.17522280985513,0,0.00220066714399441,
0.04,345,14.7714388685125,-1.18203576560925,0,0.00219974859149996,
0.04,346,14.8567784198741,-1.18885405532518,0,0.00222314989911774,
0.04,347,14.9422390826792,-1.19570644683964,0,0.0022222370597267,
0.04,348,15.028093881269,-1.20256397800876,0,0.00224769824441156,
0.04,349,15.1140464749919,-1.20945581145528,0,0.00224678212859284,
0.04,350,15.20041864253,-1.2163532080702,0,0.00227385075004532,
0.04,351,15.2868631191758,-1.22328449035996,0,0.00227292063322805,
0.04,352,15.3737541559195,-1.23022249863753,0,0.00230097275384466,
0.04,353,15.4606904531504,-1.23719323701309,0,0.00230001643491841,
0.04,354,15.5481009496033,-1.24417268947364,0,0.00232826938691113,
0.04,355,15.6355289894432,-1.25118289098072,0,0.00232727361125781,
0.04,356,15.7234583246153,-1.25820465259071,0,0.00235481556836169,
0.04,357,15.8113780130338,-1.26525432346176,0,0.00235376660905743,
0.04,358,15.8998240621073,-1.27231922184845,0,0.00237960278683777,
0.04,359,15.9882352898294,-1.27940836684146,0,0.00237848716842338,
0.04,360,16.0771941697718,-1.28651711070988,0,0.00240160081715804,
0.04,361,16.166096814681,-1.29364573245309,0,0.00240040616091438,
0.04,362,16.2555627019997,-1.3007988241602,0,0.00241983114766946,
0.04,363,16.3449566335093,-1.3079669225573,0,0.00241854711379058,
0.04,364,16.43492169443,-1.31516457215802,0,0.00243344802181956,
0.04,365,16.5248067801825,-1.32237214391062,0,0.00243206732083778,
0.04,366,16.6152612607504,-1.3296141928782,0,0.00244182268554695,
0.04,367,16.7056373759433,-1.33686123118462,0,0.00244034212383626,
0.04,368,16.7965699084826,-1.34414709457282,0,0.00244462657631247,
0.04,369,16.8874369479794,-1.35143358906625,0,0.00244304808556213,
0.04,370,16.9788351411956,-1.35876222534744,0,0.00244190957580603,
0.04,371,17.0701930343003,-1.36608816233916,0,0.00244024115132764,
0.04,372,17.1620444264472,-1.37345808068544,0,0.00243416986251256,
0.04,373,17.25389315374,-1.38082344377433,0,0.00243242630102146,
0.04,374,17.346186620186,-1.38823275904152,0,0.00242241232654537,
0.04,375,17.4385262310581,-1.39563753012666,0,0.00242061561817538,
0.04,376,17.5312539476259,-1.40308407565461,0,0.00240819342183157,
0.04,377,17.6240845760955,-1.41052823632621,0,0.00240637262749888,
0.04,378,17.7172446490214,-1.41800974259112,0,0.00239365313494365,
0.04,379,17.810566524106,-1.42549327575781,0,0.0023918435932254,
0.04,380,17.904166418926,-1.43300761694653,0,0.00238154242465634,
0.04,381,17.9979798645028,-1.44053050837255,0,0.00237978420833921,
0.04,382,18.0920408430537,-1.44807600696117,0,0.00237527265563231,
0.04,383,18.1863462610944,-1.45563824614451,0,0.00237360835656694,
0.04,384,18.2809092883874,-1.46321400644034,0,0.00237905295405936,
0.04,385,18.3757071190323,-1.47081558599238,0,0.00237752511092367,
0.04,386,18.4708414451824,-1.47842180271159,0,0.00239826586695417,
0.04,387,18.5661320970134,-1.48606271510929,0,0.00239691463041092,
0.04,388,18.6619498251474,-1.49370087545338,0,0.00244042778706435,
0.04,389,18.7577335668498,-1.50138110554333,0,0.0024392897339699,
0.04,390,18.8544197671595,-1.5090539644076,0,0.00251761903464883,
0.04,391,18.9506965587773,-1.51677347440187,0,0.00251672863899774,
0.04,392,19.048585856852,-1.52448453228142,0,0.00265312628577438,
0.04,393,19.1453550422906,-1.5322432291562,0,0.00265252384227011,
0.04,394,19.2451800326946,-1.53999434898299,0,0.00290367793178333,
0.04,395,19.342439547044,-1.54779199073502,0,0.00290343965304827,
0.04,396,19.4465370621437,-1.55556418720058,0,0.00347502201660327,
0.04,397,19.544279778841,-1.56339993535868,0,0.00347541417503414,
0.04,398,19.6815188375964,-1.56828526277482,0,0.00957312885183026,
0.04,399,19.7795448376402,-1.57618075456897,0,0.00953660695384748,
0.08,0,-0.297959637859872,-5.27159700884216e-13,1,0.0474703951477853,
0.08,1,0.000556863297413213,-9.63027282740261e-05,1,6.3542189424594e-06,
0.08,2,0.000556863302411963,-9.63027295881975e-05,1,6.35421944345341e-06,
0.08,3,0.00222729873545591,-0.00038514047925753,1,2.53719489283846e-05,
0.08,4,0.00222729875572957,-0.00038514048466502,1,2.53719510368444e-05,
0.08,5,0.00501084422707454,-0.000866302845149749,1,5.69190885168996e-05,
0.08,6,0.00501084427388884,-0.000866302857871188,1,5.69190936174816e-05,
0.08,7,0.00890673386914669,-0.00153944211422273,1,0.000100774389515319,
0.08,8,0.00890673395546641,-0.00153944213829274,1,0.000100774399525586,
0.08,9,0.0139139042696433,-0.00240407768343513,1,0.000156632805199762,
0.08,10,0.0139139044109952,-0.00240407772415524,1,0.000156632822879834,
0.08,11,0.0200310033314609,-0.00345960215399338,1,0.000224110108595014,
0.08,12,0.0200310035470348,-0.00345960221855442,1,0.000224110137986588,
0.08,13,0.0272564014127376,-0.004705289020259,1,0.000302748705132104,
0.08,14,0.027256401726788,-0.0047052891186045,1,0.000302748752187517,
0.08,15,0.035588204752396,-0.00614030182709021,1,0.000392024534092341,
0.08,16,0.0355882051960744,-0.00614030197313643,1,0.000392024607587109,
0.08,17,0.0450242710133002,-0.00776370462980854,1,0.0004913549186639,
0.08,18,0.045024271627121,-0.00776370484320088,1,0.000491355031537808,
0.08,19,0.0555622267539118,-0.00957447354541175,1,0.000600107186061345,
0.08,20,0.0555622275910604,-0.00957447385407486,1,0.000600107357408974,
0.08,21,0.0671994865924674,-0.0115715091349841,1,0.000717607838576681,
0.08,22,0.0671994877233149,-0.0115715095788608,1,0.00071760809661926,
0.08,23,0.0799332737772758,-0.0137536493086635,1,0.000843152016491812,
0.08,24,0.0799332752955353,-0.0137536499452151,1,0.000843152403026575,
0.08,25,0.0937606418240416,-0.0161196823996392,1,0.000976012957866753,
0.08,26,0.0937606438552599,-0.0161196833120322,1,0.000976013534995917,
0.08,27,0.108678496829269,-0.0186683600175604,1,0.00111545113284316,
0.08,28,0.108678499542542,-0.0186683613269335,1,0.0011154519932183,
0.08,29,0.124683620020867,-0.0213984092691534,1,0.00126072271544951,
0.08,30,0.124683623645093,-0.0213984111531564,1,0.00126072399798347,
0.08,31,0.141772690067456,-0.0243085439296907,1,0.00141108705810126,
0.08,32,0.141772694913943,-0.0243085466507425,1,0.00141108897226414,
0.08,33,0.159942304640685,-0.0273974741666612,1,0.00156581285580349,
0.08,34,0.159942311134628,-0.0273974781154807,1,0.00156581571958251,
0.08,35,0.179189000714719,-0.0306639144583645,1,0.00172418272952585,
0.08,36,0.17918900943905,-0.0306639202216835,1,0.00172418702928697,
0.08,37,0.199509273097783,-0.0341065894137489,1,0.00188549601929272,
0.08,38,0.199509284853991,-0.0341065978809156,1,0.00188550250533263,
0.08,39,0.220899590724878,-0.0377242372815743,1,0.00204906965279769,
0.08,40,0.22089960661673,-0.0377242498144506,1,0.00204907949373373,
0.08,41,0.243356410299891,-0.0415156110282805,1,0.0022142370360693,
0.08,42,0.243356431846587,-0.041515629735752,1,0.00221425207181456,
0.08,43,0.266876186958817,-0.0454794769531984,1,0.00238034498752358,
0.08,44,0.266876216242593,-0.0454795051413615,1,0.00238036815020861,
0.08,45,0.29145538173229,-0.049614610880647,1,0.00254674878978102,
0.08,46,0.291455421576873,-0.0496146538030654,1,0.00254678481599612,
0.08,47,0.317090465716854,-0.0539197920002645,1,0.00271280544411486,
0.08,48,0.317090519864612,-0.0539198581299235,1,0.00271286210239464,
0.08,49,0.343777921032261,-0.0583937943911185,1,0.00287786515030513,
0.08,50,0.343777994205478,-0.0583938976150075,1,0.00287795539791893,
0.08,51,0.371514238896339,-0.0630353761226021,1,0.00304126085345615,
0.08,52,0.371514336398781,-0.0630355395903949,1,0.00304140669940685,
0.08,53,0.400295915642231,-0.0678432655310902,1,0.00320229533046172,
0.08,54,0.400296041525941,-0.0678435284795554,1,0.00320253486479387,
0.08,55,0.430119448687562,-0.0728161438573601,1,0.00336022469137985,
0.08,56,0.430119599761557,-0.072816573655621,1,0.0033606249311114,
0.08,57,0.460981337570333,-0.0779526235129597,1,0.00351423675836049,
0.08,58,0.460981485714844,-0.0779533358858548,1,0.00351491643020059,
0.08,59,0.492878102803159,-0.0832512255969034,1,0.00366342586569112,
0.08,60,0.492878145616577,-0.0832524121644993,1,0.00366459045663844,
0.08,61,0.525805982660493,-0.0887123185021692,1,0.00380875501233872,
0.08,62,0.525806346493614,-0.0887103858277856,1,0.00380678905821705,
0.08,63,0.559761340798095,-0.0943314699359609,1,0.00394642785376999,
0.08,64,0.559762837913587,-0.094328604500423,1,0.00394336049987295,
0.08,65,0.594740487300482,-0.100108156622736,1,0.00407651566880943,
0.08,66,0.594744279158805,-0.100104851751175,1,0.00407264889736906,
0.08,67,0.620970951034048,-5.8266630362189e-05,1,0.0988744558710834,E1
0.08,68,0.630739594491961,-0.106040514330035,1,0.00419778785473904,
0.08,69,0.630746307831873,-0.106038343783611,1,0.00419457547481414,
0.08,70,0.667754721320769,-0.112126486864933,1,0.0043088423631002,
0.08,71,0.66776371239178,-0.112126937066006,1,0.00430785437257366,
0.08,72,0.705781796038251,-0.118363776858174,1,0.00440805987197819,
0.08,73,0.705792199974608,-0.118367451913614,1,0.00441003045049437,
0.08,74,0.74481660255344,-0.124749779672339,1,0.00449354071230148,
0.08,75,0.744828037510167,-0.124757061348112,1,0.00449890758449513,
0.08,76,0.784854775702073,-0.131281492809339,1,0.00456301618618016,
0.08,77,0.784867181232871,-0.131293125957712,1,0.00457252432072631,
0.08,78,0.825891816111057,-0.137955389889241,1,0.00461372178718512,
0.08,79,0.825905174203989,-0.137972747915769,1,0.00462872991714937,
0.08,80,0.867923146388328,-0.144767244348469,1,0.00464221419833252,
0.08,81,0.867937227319169,-0.14479257110854,1,0.00466497411822545,
0.08,82,0.910944252716777,-0.151711885557886,1,0.00464410796671457,
0.08,83,0.910958257461966,-0.151748660889646,1,0.0046781823666951,
0.08,84,0.954951000425931,-0.158782877243021,1,0.00461370775485365,
0.08,85,0.954962892880473,-0.158836364793661,1,0.00466461743963663,
0.08,86,0.999940296407463,-0.165972151637302,1,0.00454354163194672,
0.08,87,0.999945473465959,-0.166050120826942,1,0.00461969014354698,
0.08,88,1.04590006701703,-0.173383191685286,1,0.00453769433558799,
0.08,89,1.04591140929582,-0.173269791689858,1,0.00442393573465046,
0.08,90,1.09282052505673,-0.180827297495504,1,0.00441143546336603,
0.08,91,1.09286838332334,-0.180664630680127,1,0.00424322165191745,
0.08,92,1.14070061479626,-0.188372107608097,1,0.00423170782457548,
0.08,93,1.14082361212541,-0.188147498612787,1,0.00399037198241476,
0.08,94,1.18953429047468,-0.196004534870997,1,0.00398655462542189,
0.08,95,1.18979998289766,-0.195720609397305,1,0.00366392601100845,
0.08,96,1.23931621655685,-0.203707752809519,1,0.00366021435890617,
0.08,97,1.23982121183004,-0.20341402871977,1,0.00328978698244647,
0.08,98,1.29004274602098,-0.2114598265886,1,0.00323161339436466,
0.08,99,1.29087643825729,-0.21128972845127,1,0.00293086552038463,
0.08,100,1.32719707259892,-0.0154473187869722,1,0.196196642868637,E2
0.08,101,1.3417137281319,-0.219231814357846,1,0.00267220356231724,
0.08,102,1.3428878540102,-0.219393161637222,1,0.00264443036934673,
0.08,103,1.39433585741044,-0.226985166981292,1,0.00194286154493505,
0.08,104,1.39575712411203,-0.227690643332515,1,0.00241289338462173,
0.08,105,1.44792898850702,-0.234668274654983,1,0.000989473528366203,
0.08,106,1.44944225847766,-0.236098224295962,1,0.00216006736994867,
0.08,107,1.50253850564118,-0.242212273871235,1,0.00026317495346901,
0.08,108,1.5039532311925,-0.244549533681892,1,0.0018188401622613,
0.08,109,1.55826119187918,-0.249527741694762,1,0.00191878396659384,
0.08,110,1.55930872946413,-0.253010770657544,1,0.00135286544485634,
0.08,111,1.61530447660141,-0.256512512841941,1,0.00411126114329517,
0.08,112,1.61551514586715,-0.26146463840027,1,0.000744048868984132,
0.08,113,1.67256418632379,-0.269897104917196,1,2.0140933971251e-05,
0.08,114,1.67412983064805,-0.26313457619051,1,0.0069457294435042,
0.08,115,1.73043428385559,-0.278292279534345,1,0.000951955658577909,
0.08,116,1.73564466183839,-0.269969668344753,1,0.0099983725698723,
0.08,117,1.78458249241573,-0.173748850178288,1,0.112786876895705,E3
0.08,118,1.78909003981535,-0.286632413370013,1,0.0020632778361137,
0.08,119,1.79959580219682,-0.279379450202766,1,0.0108973601818696,
0.08,120,1.84847864522244,-0.294901831161328,1,0.00336116908167523,
0.08,121,1.86267599175925,-0.291263458152678,1,0.00921496597183735,
0.08,122,1.9085239970511,-0.303096693634944,1,0.00483729503307281,
0.08,123,1.92481809124359,-0.303130299417606,1,0.00740006435270045,
0.08,124,1.96912249204896,-0.311245428685608,1,0.00644708501263969,
0.08,125,1.98705761045836,-0.314500300534993,1,0.00609117761943635,
0.08,126,2.0301537183292,-0.319444272872541,1,0.00807634785759084,
0.08,127,2.04985536314658,-0.325486857691696,1,0.00524977398166392,
0.08,128,2.09153313285101,-0.327895066382598,1,0.00951235218293531,
0.08,129,2.11339313617746,-0.33622909727476,1,0.00476746603224964,
0.08,130,2.15331744369752,-0.336884809633568,1,0.0104807979759995,
0.08,131,2.17774480296443,-0.346833149768146,1,0.00455124824156955,
0.08,132,2.21577092104205,-0.346640831304857,1,0.0107993632122524,
0.08,133,2.24293971692419,-0.357377948007618,1,0.00452787249430987,
0.08,134,2.27924963293467,-0.357166847342131,1,0.0105211075319198,
0.08,135,2.30898856695008,-0.367924629788728,1,0.00463868482597572,
0.08,136,2.34399551291685,-0.36826962061446,1,0.00987534432076623,
0.08,137,2.37589550497289,-0.37852305121068,1,0.00483512741335665,
0.08,138,2.41007190522424,-0.379722320384223,1,0.00909609896169918,
0.08,139,2.44366453219137,-0.38921545438751,1,0.00507613515277816,
0.08,140,2.47743516471508,-0.391366131467576,1,0.00833320467151157,
0.08,141,2.512302948654,-0.400037943153988,1,0.00532722838415204,
0.08,142,2.54601139994383,-0.403117327779598,1,0.00765754587298117,
0.08,143,2.58182281745439,-0.411020454910314,1,0.00556077395964948,
0.08,144,2.61573238380514,-0.41494148935462,1,0.00709223307524254,
0.08,145,2.65224079087766,-0.422185992062345,1,0.00575671628882468,
0.08,146,2.68654473917366,-0.426830668838416,1,0.00663660817533357,
0.08,147,2.72357662956732,-0.433549905994097,1,0.00590304829682701,
0.08,148,2.75840918071425,-0.438789680435267,1,0.00627965959029698,
0.08,149,2.79585096162594,-0.445119859707575,1,0.00599549129130995,
0.08,150,2.83129752147645,-0.450828877850476,1,0.00600667516538041,
0.08,151,2.8690829793734,-0.456896719862215,1,0.00603624736841814,
0.08,152,2.90518987064083,-0.462960517613567,1,0.00580238595055474,
0.08,153,2.94328868281379,-0.468876206515623,1,0.00603209089601136,
0.08,154,2.98007249266099,-0.475196942008945,1,0.00565241898329756,
0.08,155,3.01847998077949,-0.481050865368436,0,0.005992278255617,
0.08,156,3.05593624668341,-0.487549665491662,0,0.00554395057504074,
0.08,157,3.09466462444789,-0.493411909755352,0,0.00592671878663076,
0.08,158,3.13277543473503,-0.500028918429284,0,0.00546597323695437,
0.08,159,3.17184672957376,-0.505950638631393,0,0.00584465811271868,
0.08,160,3.21058691912281,-0.512643437924454,0,0.0054093615713026,
0.08,161,3.25002758765096,-0.518659338359568,0,0.0057539171052588,
0.08,162,3.2893694193099,-0.52540040784605,0,0.00536681945389328,
0.08,163,3.32920652303502,-0.531531723694882,0,0.00566059308712549,
0.08,164,3.3691229386153,-0.538305500289038,0,0.00533274776660313,
0.08,165,3.40938164921018,-0.54456304039829,0,0.00556907901650998,
0.08,166,3.44984829682637,-0.551362990355885,0,0.00530305661868603,
0.08,167,3.4905504625095,-0.557749957618329,0,0.00548226432112715,
0.08,168,3.53154675811146,-0.564575922186001,0,0.00527494215769595,
0.08,169,3.57271026728214,-0.571090353266371,0,0.00540181451850672,
0.08,170,3.61421974801947,-0.577946305499661,0,0.00524664744884328,
0.08,171,3.65585845460297,-0.584583063199658,0,0.00532846323287371,
0.08,172,3.69786865256775,-0.591475323033467,0,0.00521722568008138,
0.08,173,3.73999266610529,-0.598227636833974,0,0.00526227956250251,
0.08,174,3.782494689588,-0.605163531811042,0,0.00518632096525362,
0.08,175,3.8251108739943,-0.612024121382145,0,0.00520289383297289,
0.08,176,3.86809883982072,-0.619011045244904,0,0.00515397759024839,
0.08,177,3.9112114035954,-0.625972883734053,0,0.00514967703443031,
0.08,178,3.9546818238776,-0.633017687853854,0,0.00512048360145313,
0.08,179,3.99829291909572,-0.640074471223612,0,0.00510187600459061,
0.08,180,4.04224411140183,-0.647183119010081,0,0.00508625009864833,
0.08,181,4.08635438787391,-0.654329508344611,0,0.00505870971076681,
0.08,182,4.13078595027171,-0.661506925935917,0,0.00505172407873525,
0.08,183,4.17539503444244,-0.668738624502422,0,0.00501943323751864,
0.08,184,4.22030740598158,-0.675988688834235,0,0.00501733041133206,
0.08,185,4.26541429157744,-0.683302407211133,0,0.00498337620581881,
0.08,186,4.31080840387471,-0.690628022552055,0,0.00498343743579256,
0.08,187,4.35641175356406,-0.698021375205845,0,0.00494996186846298,
0.08,188,4.40228876930136,-0.705424599733236,0,0.00495034050214701,
0.08,189,4.44838713448681,-0.712895966406469,0,0.0049187123474229,
0.08,190,4.49474826279596,-0.720378160283796,0,0.00491825823104609,
0.08,191,4.54134023302686,-0.72792653634359,0,0.00488924457944958,
0.08,192,4.58818660892104,-0.735488511420108,0,0.00488733706154222,
0.08,193,4.63527090418234,-0.743113363415889,0,0.00486126062033172,
0.08,194,4.68260351852212,-0.750755521815627,0,0.00485766057520864,
0.08,195,4.73017903762636,-0.758456658111562,0,0.00483453509329741,
0.08,196,4.7779987048366,-0.766179112562912,0,0.00482926098512512,
0.08,197,4.82606454198621,-0.773956574039393,0,0.00480890179422867,
0.08,198,4.87437189428789,-0.781759246922963,0,0.00480213097529853,
0.08,199,4.92292733410887,-0.789613219244651,0,0.00478424081009679,
0.08,200,4.97172283295692,-0.797495920195239,0,0.00477623473230353,
0.08,201,5.02076733231041,-0.805426666811852,0,0.00476046697613521,
0.08,202,5.07005128973279,-0.813389150528098,0,0.00475151751940995,
0.08,203,5.11958445264798,-0.821396964175735,0,0.0047375200898543,
0.08,204,5.16935705705917,-0.829438971099844,0,0.00472791351458901,
0.08,205,5.21937860735867,-0.837524140877463,0,0.00471535700517961,
0.08,206,5.26963995005931,-0.845645423821766,0,0.00470535188764104,
0.08,207,5.32014970474701,-0.85380821472535,0,0.00469394553250268,
0.08,208,5.37089980467175,-0.86200855452862,0,0.00468376125126594,
0.08,209,5.42189764995185,-0.870249196464578,0,0.00467325995077588,
0.08,210,5.47313647527953,-0.878528409509297,0,0.0046630727083757,
0.08,211,5.52462234616369,-0.886847093143112,0,0.00465327787854069,
0.08,212,5.57634983218078,-0.895205033172937,0,0.0046432217531875,
0.08,213,5.62832369599045,-0.90360191039754,0,0.00463397823487285,
0.08,214,5.68053975913551,-0.912038466627082,0,0.00462414928406306,
0.08,215,5.73300160277009,-0.920513653887175,0,0.00461534003272086,
0.08,216,5.78570615113135,-0.929028746951745,0,0.00460580196422433,
0.08,217,5.83865597171458,-0.937582330088572,0,0.00459734177679382,
0.08,218,5.89184891244228,-0.946175906976011,0,0.00458813213300234,
0.08,219,5.94528671082633,-0.954807946634369,0,0.00457996127505127,
0.08,220,5.99896795500477,-0.963479975394067,0,0.00457109743258945,
0.08,221,6.05289373157413,-0.9721905123484,0,0.00456317571173179,
0.08,222,6.10706319710153,-0.980940977090231,0,0.00455466027745738,
0.08,223,6.16147694934064,-0.989730037095335,0,0.00454696186708005,
0.08,224,6.21613456232432,-0.998558933573783,0,0.00453878725983308,
0.08,225,6.27103628367105,-1.00742653153326,0,0.00453129640122239,
0.08,226,6.32618197877557,-1.01633386345207,0,0.00452344855543986,
0.08,227,6.38157165835889,-1.02528000683138,0,0.00451615614654867,
0.08,228,6.43720537846645,-1.03426578289375,0,0.00450861737029132,
0.08,229,6.4930830014064,-1.04329047439337,0,0.00450151837448077,
0.08,230,6.54920469686978,-1.05235470605224,0,0.00449426945137759,
0.08,231,6.60557024489496,-1.06145794561077,0,0.00448736101829213,
0.08,232,6.66217987259074,-1.07060064543384,0,0.00448038267083595,
0.08,233,6.71903332479593,-1.07978243165822,0,0.00447366284517092,
0.08,234,6.77613084712399,-1.08900361220442,0,0.00446693668445433,
0.08,235,6.83347218074675,-1.09826394333369,0,0.00446040357818846,
0.08,236,6.89105756467176,-1.10756361643565,0,0.00445391265959013,
0.08,237,6.94888675581238,-1.11690249094186,0,0.00444756397351263,
0.08,238,7.0069599720036,-1.12628066729569,0,0.00444129306461279,
0.08,239,7.06527699624637,-1.13569808421476,0,0.00443512586061721,
0.08,240,7.12383801834315,-1.14515477319121,0,0.00442906151062254,
0.08,241,7.18264285126183,-1.154650732263,0,0.00442307215398526,
0.08,242,7.24169165527283,-1.16418594186859,0,0.00441720263639842,
0.08,243,7.30098427281834,-1.17376044354992,0,0.00441138684467067,
0.08,244,7.360520836649,-1.18337418048141,0,0.00440570202818722,
0.08,245,7.4203012154304,-1.19302722588184,0,0.00440005497939574,
0.08,246,7.48032551852565,-1.20271949563165,0,0.00439454616695142,
0.08,247,7.54059363599722,-1.21245108640808,0,0.00438906263339673,
0.08,248,7.60110565908431,-1.22222189338964,0,0.00438372239744235,
0.08,249,7.66186149365678,-1.23203203162576,0,0.00437839688248884,
0.08,250,7.72286121857042,-1.24188137929811,0,0.00437321891410251,
0.08,251,7.78410474966293,-1.25177006738524,0,0.00436804577807532,
0.08,252,7.84559215923838,-1.2616979583639,0,0.00436302476047979,
0.08,253,7.90732336728616,-1.2716651988934,0,0.00435799832809472,
0.08,254,7.96929844530602,-1.28167163504069,0,0.00435312983903421,
0.08,255,8.03151731173742,-1.29171743071307,0,0.00434824448547173,
0.08,256,8.09398004292173,-1.30180241320538,0,0.00434352492920357,
0.08,257,8.15668655011496,-1.31192676675799,0,0.00433877514459861,
0.08,258,8.21963692014665,-1.32209029613107,0,0.00433420171125311,
0.08,259,8.28283105137453,-1.33229321028373,0,0.00432958214558195,
0.08,260,8.34626904695386,-1.34253528645933,0,0.00432515279351325,
0.08,261,8.40995078632281,-1.35281676387611,0,0.00432065828459498,
0.08,262,8.47387639524645,-1.36313738617502,0,0.0043163717401338,
0.08,263,8.53804572763429,-1.37349742943991,0,0.00431199732775615,
0.08,264,8.60245893889613,-1.38389659658793,0,0.0043078530953442,
0.08,265,8.66711584989094,-1.39433520819159,0,0.0043035940245591,
0.08,266,8.73201665380135,-1.40481291832569,0,0.00429959239970324,
0.08,267,8.79716112964267,-1.4153301006608,0,0.00429544411610638,
0.08,268,8.86254951796349,-1.42588635134341,0,0.00429158619275694,
0.08,269,8.92818154548826,-1.43648210670637,0,0.00428754433216482,
0.08,270,8.99405751157687,-1.44711689495563,0,0.00428383199579607,
0.08,271,9.06017707816807,-1.45779122555239,0,0.0042798923703258,
0.08,272,9.12654061712619,-1.468504547896,0,0.00427632826850088,
0.08,273,9.1931477106654,-1.47925745585046,0,0.00427248685068655,
0.08,274,9.25999881948243,-1.49004930840892,0,0.00426907433370475,
0.08,275,9.32709342830548,-1.50088079577239,0,0.00426532724012085,
0.08,276,9.3944321059849,-1.51175117437513,0,0.00426207026653263,
0.08,277,9.46201421884032,-1.52266124313568,0,0.00425841374194084,
0.08,278,9.52984046649769,-1.53361014346985,0,0.00425531674723626,
0.08,279,9.59791007250668,-1.54459879556027,0,0.00425174715034328,
0.08,280,9.66622389342332,-1.55562621334651,0,0.00424881488198597,
0.08,281,9.7347809820432,-1.56669345065043,0,0.00424532867357884,
0.08,282,9.80358238166503,-1.57779938183416,0,0.00424256600200908,
0.08,283,9.87262694265373,-1.58894520618898,0,0.00423915973641088,
0.08,284,9.94191592852597,-1.600129647128,0,0.00423657145939187,
0.08,285,10.0114479519094,-1.61135406032455,0,0.00423324177957801,
0.08,286,10.0812245335446,-1.62261700794681,0,0.00423083244544791,
0.08,287,10.1512440095876,-1.63392001172514,0,0.00422757608262606,
0.08,288,10.2215081982776,-1.64526146362373,0,0.00422534986654314,
0.08,289,10.2920151174584,-1.65664305966491,0,0.00422216364409904,
0.08,290,10.3627669260506,-1.66806301409272,0,0.00422012431768043,
0.08,291,10.4337612790405,-1.6795232040068,0,0.00421700515992975,
0.08,292,10.5050007217198,-1.69102165973153,0,0.00421515619966827,
0.08,293,10.5764824993695,-1.70256044504225,0,0.00421210114464592,
0.08,294,10.6482095915032,-1.7141374010238,0,0.0042104460256244,
0.08,295,10.720178784835,-1.72575478315096,0,0.00420745224138969,
0.08,296,10.7923935429581,-1.73741023800983,0,0.0042059949598057,
0.08,297,10.8648501431663,-1.74910621825033,0,0.00420305976309279,
0.08,298,10.9375525851997,-1.76084016950375,0,0.00420180562515772,
0.08,299,11.0104965836591,-1.77261474901314,0,0.0041989265010437,
0.08,300,11.083686729472,-1.78442719206731,0,0.00419788320738988,
0.08,301,11.1571181177525,-1.7962803718427,0,0.00419505782841061,
0.08,302,11.2307959901869,-1.80817129873931,0,0.00419423687485814,
0.08,303,11.3047147600751,-1.82010307960534,0,0.00419146311836079,
0.08,304,11.3788803865651,-1.8320724775269,0,0.00419088152943162,
0.08,305,11.4532865300887,-1.84408286012518,0,0.00418815749189713,
0.08,306,11.5279399450134,-1.8561307096635,0,0.00418783990509701,
0.08,307,11.6028334544706,-1.86821969444586,0,0.00418516391340251,
0.08,308,11.6779747024035,-1.88034596763068,0,0.00418514504310427,
0.08,309,11.7533555703907,-1.89251355485506,0,0.00418251566309532,
0.08,310,11.8289847104375,-1.90471821292522,0,0.00418284319199577,
0.08,311,11.9048529298777,-1.91696440265277,0,0.0041802592357914,
0.08,312,11.9809700413508,-1.9292473935382,0,0.004180997204799,
0.08,313,12.0573256055211,-1.94157218562945,0,0.00417845773900748,
0.08,314,12.1339307952757,-1.95393344110818,0,0.00417969052266948,
0.08,315,12.2107736978344,-1.96633683521602,0,0.00417719487963875,
0.08,316,12.2878671096935,-1.97877626773311,0,0.00417903182822974,
0.08,317,12.3651973447121,-1.99125826329166,0,0.00417657962207677,
0.08,318,12.4427791715179,-2.00377576249499,0,0.00417916040147221,
0.08,319,12.5205967335173,-2.01633635870484,0,0.004176751548487,
0.08,320,12.5986672324343,-2.02893178788617,0,0.00418025209178884,
0.08,321,12.6769721164315,-2.0415709837,0,0.00417788683201519,
0.08,322,12.7555316281533,-2.05424417653997,0,0.00418252561291946,
0.08,323,12.8343238297177,-2.06696197065613,0,0.00418020452552725,
0.08,324,12.913372802124,-2.07971272895975,0,0.00418624856293725,
0.08,325,12.992652317439,-2.09250911983539,0,0.00418397256298735,
0.08,326,13.0721913339509,-2.10533721328688,0,0.00419174218053326,
0.08,327,13.1519581598672,-2.11821219918584,0,0.00418951248028327,
0.08,328,13.2319879721666,-2.13111736849649,0,0.0041993834114445,
0.08,329,13.3122421062258,-2.14407094758891,0,0.00419720142574142,
0.08,330,13.3927636701083,-2.1570529126796,0,0.00420960244791441,
0.08,331,13.4735051104991,-2.17008508320875,0,0.00420746962244571,
0.08,332,13.5545196223828,-2.18314355814638,0,0.00422287362777754,
0.08,333,13.6357483677791,-2.19625431867306,0,0.00422079117210807,
0.08,334,13.7172572978666,-2.209389034848,0,0.00423969756940367,
0.08,335,13.7989733470899,-2.22257838457301,0,0.00423766608472804,
0.08,336,13.8809784635062,-2.23578912294781,0,0.00426057280823382,
0.08,337,13.9631818149422,-2.24905706209885,0,0.00425859181263051,
0.08,338,14.0456851915934,-2.26234369421346,0,0.00428595609259612,
0.08,339,14.1283758423064,-2.27569022446587,0,0.00428402346438295,
0.08,340,14.2113798420433,-2.28905276027177,0,0.00431621192160271,
0.08,341,14.2945577865375,-2.30247788515523,0,0.00431432330061361,
0.08,342,14.3780650108466,-2.31591652381269,0,0.004351553782803,
0.08,343,14.4617302394613,-2.32942024904253,0,0.00434970198754987,
0.08,344,14.5457434366753,-2.34293542682897,0,0.00439198164917824,
0.08,345,14.6298959336402,-2.35651776049325,0,0.00439015618242841,
0.08,346,14.7144178598236,-2.37011018832779,0,0.00443722227599313,
0.08,347,14.7990576010539,-2.38377114086485,0,0.004435408995612,
0.08,348,14.8840908313147,-2.39744182309626,0,0.00448668026217159,
0.08,349,14.9692177820879,-2.41118140701222,0,0.00448486128983371,
0.08,350,15.054764474888,-2.42493163342672,0,0.00453940829954162,
0.08,351,15.1403785875968,-2.43874986272722,0,0.0045375622237787,
0.08,352,15.2264402102762,-2.45258116742304,0,0.00459410424696356,
0.08,353,15.3125414225104,-2.46647805676572,0,0.00459220665429127,
0.08,354,15.3991184521132,-2.48039214055303,0,0.00464914060659933,
0.08,355,15.4857066853602,-2.49436770416073,0,0.00464716494731942,
0.08,356,15.5727983044358,-2.50836632112984,0,0.00470262890814637,
0.08,357,15.6598734637219,-2.52242057153376,0,0.00470054768012249,
0.08,358,15.7474772757255,-2.53650538481606,0,0.00475251794757364,
0.08,359,15.8350392505423,-2.55063833151987,0,0.00475030416249763,
0.08,360,15.9231510438186,-2.56481074739416,0,0.00479672142638464,
0.08,361,16.0111997106852,-2.57902239556223,0,0.00479435031309057,
0.08,362,16.0998133042071,-2.59328338839887,0,0.00483326789829115,
0.08,363,16.188348531228,-2.6075737376775,0,0.00483071879262623,
0.08,364,16.2774557400489,-2.62192368050656,0,0.00486046442262745,
0.08,365,16.3664773938025,-2.63629272408927,0,0.00485772278762663,
0.08,366,16.4560681584433,-2.6507312409197,0,0.00487706499291811,
0.08,367,16.5455761134794,-2.66517896497214,0,0.00487412449972841,
0.08,368,16.635638845892,-2.67970482176633,0,0.00488243536885927,
0.08,369,16.7256329969716,-2.69423120533405,0,0.00487929993779879,
0.08,370,16.8161552063982,-2.70884225726697,0,0.00487670689540286,
0.08,371,16.9066354833323,-2.72344727279479,0,0.00487339254731196,
0.08,372,16.9976047575377,-2.73814048641978,0,0.00486091279965376,
0.08,373,17.0885711419927,-2.75282410100278,0,0.00485744909830187,
0.08,374,17.1799765712897,-2.76759567095254,0,0.0048371012960171,
0.08,375,17.2714291141678,-2.78235784838888,0,0.00483353209047507,
0.08,376,17.3632632556761,-2.79720342798393,0,0.00480842160777597,
0.08,377,17.4552020926237,-2.81204413157563,0,0.00480480473825315,
0.08,378,17.5474635818533,-2.82695919256017,0,0.00477918460473344,
0.08,379,17.6398889431587,-2.84187838837174,0,0.00477559026237562,
0.08,380,17.7325858825035,-2.85685871302635,0,0.00475491518457021,
0.08,381,17.8254980923227,-2.87185637294303,0,0.00475142276899404,
0.08,382,17.9186524259653,-2.88689865785532,0,0.00474245007354107,
0.08,383,18.0120518848173,-2.90197476130203,0,0.00473914370701068,
0.08,384,18.1057052286816,-2.91707727401677,0,0.00475021389537228,
0.08,385,18.1995923727572,-2.93223180666691,0,0.00474717721460412,
0.08,386,18.2938145234799,-2.94739498704913,0,0.00478897591501204,
0.08,387,18.3881897541673,-2.96262793428811,0,0.00478628729638471,
0.08,388,18.48309322745,-2.97785477714958,0,0.00487378374873399,
0.08,389,18.5779568020763,-2.99316610908959,0,0.00487151369521209,
0.08,390,18.6737270438742,-3.00846208352472,0,0.00502885357729332,
0.08,391,18.7690789049341,-3.02385172510862,0,0.00502706702568932,
0.08,392,18.8660513313066,-3.03922366631877,0,0.00530094032527142,
0.08,393,18.9618907923575,-3.05469143245404,0,0.00529971064118528,
0.08,394,19.0608009764841,-3.07014254069574,0,0.0058041481775142,
0.08,395,19.1571259026861,-3.08568794980762,0,0.00580361066577825,
0.08,396,19.2603262615681,-3.10117766070844,0,0.00695344155192004,
0.08,397,19.3571292448346,-3.11679904603855,0,0.00695406143883415,
0.08,398,19.4929147970201,-3.12655904892317,0,0.0189518309636335,
0.08,399,19.5899996370604,-3.14229952439547,0,0.0188797867287215,
0.12,0,-0.297959637857077,-2.25335028414264e-12,1,0.0708257884900938,
0.12,1,0.000546263627919641,-0.000143470381345475,1,9.5099305892484e-06,
0.12,2,0.000546263632694289,-0.000143470383289596,1,9.50993134270082e-06,
0.12,3,0.00218491872406842,-0.000573780065212655,1,3.79734473132393e-05,
0.12,4,0.00218491874344008,-0.000573780073193986,1,3.79734504611142e-05,
0.12,5,0.0049155588709201,-0.00129062590376236,1,8.51926976771942e-05,
0.12,6,0.00491555891555973,-0.0012906259225241,1,8.51927052902253e-05,
0.12,7,0.00873750985219197,-0.00229350674543828,1,0.00015084115712449,
0.12,8,0.00873750993424349,-0.00229350678087906,1,0.000150841172045605,
0.12,9,0.0136498343555289,-0.00358172952701241,1,0.0002344684286314,
0.12,10,0.0136498344893466,-0.00358172958684094,1,0.000234468454936301,
0.12,11,0.0196513385219157,-0.00515441769776868,1,0.000335506868624004,
0.12,12,0.0196513387249395,-0.00515441779237837,1,0.000335506912262701,
0.12,13,0.0267405803052795,-0.00701052186175138,1,0.000453279937098807,
0.12,14,0.0267405805991446,-0.00701052200541027,1,0.000453280006787637,
0.12,15,0.0349158795920974,-0.00914883247902018,1,0.000587012129376803,
0.12,16,0.0349158800040283,-0.00914883269155311,1,0.000587012237901048,
0.12,17,0.044175330014458,-0.0115679944146966,1,0.000735840300148859,
0.12,18,0.044175330579036,-0.011567994723866,1,0.000735840466255153,
0.12,19,0.0545168123702925,-0.0142665230656012,1,0.000898826137867,
0.12,20,0.0545168131317459,-0.0142665235105326,1,0.00089882638904635,
0.12,21,0.0659380095405067,-0.0172428217305023,1,0.00107496949128479,
0.12,22,0.0659380105556271,-0.0172428223666176,1,0.00107496986787096,
0.12,23,0.0784364227637265,-0.0204951998243087,1,0.00126322219304483,
0.12,24,0.078436424105599,-0.0204952007304966,1,0.00126322275429287,
0.12,25,0.0920093890948298,-0.0240218914736766,1,0.00146250197235904,
0.12,26,0.0920093908575211,-0.0240218927627796,1,0.00146250280551744,
0.12,27,0.106654099833168,-0.0278210739769424,1,0.00167170600540595,
0.12,28,0.106654102137548,-0.0278210758111676,1,0.00167170723930123,
0.12,29,0.122367619661237,-0.0318908855714307,1,0.00188972362407854,
0.12,30,0.122367622661953,-0.0318908881851473,1,0.0018897254496027,
0.12,31,0.139146906185937,-0.0362294419326363,1,0.00211544769725869,
0.12,32,0.139146910079351,-0.0362294456663116,1,0.00211545039844473,
0.12,33,0.156988829525904,-0.0408348508382562,1,0.00234778421858749,
0.12,34,0.156988834558189,-0.0408348561892675,1,0.00234778822004064,
0.12,35,0.175890191543947,-0.045705224469714,1,0.00258565968380139,
0.12,36,0.175890198017319,-0.0457052321689115,1,0.0025856656235867,
0.12,37,0.195847744289599,-0.0508386888959027,1,0.00282802591881095,
0.12,38,0.19584775256216,-0.0508387000236688,1,0.00282803476122317,
0.12,39,0.216858207200144,-0.056233390386154,1,0.00307386212299646,
0.12,40,0.216858217669739,-0.0562334065492765,1,0.00307387533420098,
0.12,41,0.238918282617036,-0.0618874983251752,1,0.00332217401230415,
0.12,42,0.238918295669461,-0.0618875219275977,1,0.00332219383563772,
0.12,43,0.262024669216108,-0.0677992046413118,1,0.00357199007150013,
0.12,44,0.262024685097901,-0.067799239299553,1,0.00357201996122213,
0.12,45,0.286174073032597,-0.0739667197973868,1,0.00382235503924222,
0.12,46,0.28617409156845,-0.0739667709769989,1,0.003822400345922,
0.12,47,0.311363215895619,-0.0803882655172155,1,0.00407232083817172,
0.12,48,0.311363235890011,-0.0803883414995984,1,0.00407238989002636,
0.12,49,0.337588841287372,-0.0870620645253261,1,0.00432093521596558,
0.12,50,0.337588859289169,-0.0870621778437061,1,0.0043210410073368,
0.12,51,0.364847717938838,-0.0939863276839957,1,0.00456722839634353,
0.12,52,0.364847725730001,-0.0939864971473393,1,0.00456739115054459,
0.12,53,0.393136621475518,-0.101159492318763,1,0.00481044893654638,
0.12,54,0.39313664190793,-0.10115923911794,1,0.00481019813613355,
0.12,55,0.422452352184878,-0.108579315841264,1,0.00504917910540647,
0.12,56,0.422452438457322,-0.10857894051599,1,0.00504879403052838,
0.12,57,0.452791737984199,-0.116244061974415,1,0.00528248640345072,
0.12,58,0.452791965385564,-0.116243517486699,1,0.00528190346795422,
0.12,59,0.484151607085265,-0.124151747387962,1,0.00550919828907803,
0.12,60,0.484152117612606,-0.124150994599282,1,0.00550834572315634,
0.12,61,0.516528788663372,-0.132300290057912,1,0.00572804612667891,
0.12,62,0.516529822778279,-0.132299349632108,1,0.00572688684355276,
0.12,63,0.54992010586536,-0.140687486016761,1,0.00593764426525944,
0.12,64,0.549921993839988,-0.140686543976809,1,0.00593628044955318,
0.12,65,0.584322370039791,-0.149310983296293,1,0.0061364660995999,
0.12,66,0.584325406299813,-0.149310500627094,1,0.00613527553769628,
0.12,67,0.619732377628333,-0.158168252154338,1,0.00632281588929229,
0.12,68,0.619736602853719,-0.158168922986817,1,0.00632246314718235,
0.12,69,0.620970951060164,-5.82666502861488e-05,1,0.147549829391866,E1
0.12,70,0.656146911728237,-0.167256550478918,1,0.00649479478307369,
0.12,71,0.656152030730736,-0.167259082333878,1,0.00649603726960432,
0.12,72,0.693562751279149,-0.176572883208091,1,0.00665025921804765,
0.12,73,0.693568270536303,-0.176577861315047,1,0.00665378270045535,
0.12,74,0.731976692353117,-0.186113954896763,1,0.0067867697853408,
0.12,75,0.731982044033072,-0.186121920602303,1,0.00679323506924747,
0.12,76,0.771385588407697,-0.195876115649204,1,0.00690152914402975,
0.12,77,0.771390092127273,-0.195887716597159,1,0.00691172703935106,
0.12,78,0.81178641985719,-0.205855303447061,1,0.00699130946488373,
0.12,79,0.811789113761701,-0.205871400301066,1,0.00700630460227636,
0.12,80,0.853175780736466,-0.216068699990587,1,0.00707360959268889,
0.12,81,0.853176407865117,-0.216046992286033,1,0.00705237500478054,
0.12,82,0.89554679069724,-0.226474811542423,1,0.00710976056148709,
0.12,83,0.89555319152386,-0.22644616888973,1,0.00708041737192698,
0.12,84,0.938898945715499,-0.237084284949057,1,0.00711022386541718,
0.12,85,0.938915086428899,-0.237047386484281,1,0.00707054629539878,
0.12,86,0.983229264880227,-0.247890895619219,1,0.00706966189297751,
0.12,87,0.983261421486573,-0.247844987779404,1,0.00701742615503582,
0.12,88,1.02853515014523,-0.258887495261187,1,0.00698174879936736,
0.12,89,1.02859287627415,-0.258833646013728,1,0.00691572132793442,
0.12,90,1.07481463395994,-0.270065843514837,1,0.00683894810180965,
0.12,91,1.07491155841354,-0.270009392567628,1,0.00676107595588398,
0.12,92,1.12206674966473,-0.281416430582621,1,0.00663225235034561,
0.12,93,1.12222024563706,-0.281371117370121,1,0.00655175151051277,
0.12,94,1.17029208340634,-0.292928317874243,1,0.00635089714820845,
0.12,95,1.17051999839112,-0.292921849420008,1,0.00629043810248799,
0.12,96,1.21949359037032,-0.304589056209299,1,0.00598208767835142,
0.12,97,1.21980604117716,-0.30466795781787,1,0.005984457429617,
0.12,98,1.26967778695701,-0.316384803964996,1,0.00551083008144237,
0.12,99,1.27006424100753,-0.316614242359594,1,0.00564183116420155,
0.12,100,1.32085645478266,-0.328300887771036,1,0.00492007103457023,
0.12,101,1.32127265452172,-0.328756268217302,1,0.00526346758394122,
0.12,102,1.32719707269464,-0.0154473188817275,1,0.300473662526449,E2
0.12,103,1.37304897826585,-0.340323275429056,1,0.00419157280338165,
0.12,104,1.37340926793996,-0.34107611869389,1,0.00483719625381747,
0.12,105,1.42628527855368,-0.352441846597176,1,0.00330839278024346,
0.12,106,1.42645985776324,-0.353545710846447,1,0.00433912010801109,
0.12,107,1.4804197049405,-0.366133667535408,1,0.00373988307014989,
0.12,108,1.48060869020844,-0.364657037447924,1,0.00226065389682106,
0.12,109,1.53529004005066,-0.378809345134925,1,0.0030094273109181,
0.12,110,1.53607623233799,-0.376992220443059,1,0.00105750512109317,
0.12,111,1.59107366506753,-0.391542318518116,1,0.00211753371265597,
0.12,112,1.59274898542176,-0.38951333693633,1,0.0002515211963147,
0.12,113,1.64777205218931,-0.404299043467863,1,0.00103126955805844,
0.12,114,1.65065801950511,-0.40234808709749,1,0.00154977046251235,
0.12,115,1.70538355523194,-0.417038063555294,1,0.000289242054264603,
0.12,116,1.70973844658256,-0.415669466191217,1,0.00265378175812302,
0.12,117,1.76390122294611,-0.429703437726421,1,0.00189668646418892,
0.12,118,1.76978713971018,-0.429596635815879,1,0.0033995250894344,
0.12,119,1.78458286887017,-0.173750709790176,1,0.255429372430619,E3
0.12,120,1.82330777774489,-0.442214291391521,1,0.00386551330411692,
0.12,121,1.83055175677185,-0.444079672000947,1,0.00377551112112118,
0.12,122,1.88356207926152,-0.454445912381979,1,0.00630708106612424,
0.12,123,1.89188670887213,-0.458934914098796,1,0.00392552955187755,
0.12,124,1.94455891575205,-0.46619373645511,1,0.00939508165955519,
0.12,125,1.95378365797277,-0.473982236510781,1,0.00402256124232514,
0.12,126,2.00599355874,-0.477115717461356,1,0.013389322739426,
0.12,127,2.01629773320466,-0.489113700499726,1,0.00418455552603935,
0.12,128,2.06688473284053,-0.48681204802037,1,0.0184449006606643,
0.12,129,2.07948668840432,-0.504284979777501,1,0.00446829644859533,
0.12,130,2.12492596373957,-0.496429623593261,1,0.0228995373064733,
0.12,131,2.14338921450397,-0.51948983927107,1,0.00488903730941968,
0.12,132,2.18094877314696,-0.510703299655034,1,0.0223517426428982,
0.12,133,2.2080236482301,-0.534743116394767,1,0.00543672465256302,
0.12,134,2.24043880040014,-0.529106882196391,1,0.0186165797714598,
0.12,135,2.27339325203638,-0.550073149831149,1,0.00608460753330771,
0.12,136,2.30355811505656,-0.547902464561271,1,0.0153633437331015,
0.12,137,2.33949335140937,-0.565519543585378,1,0.00679310593336234,
0.12,138,2.36883983720651,-0.566267196500925,1,0.0130426190148684,
0.12,139,2.40631947077305,-0.581132477538082,1,0.00751241437292214,
0.12,140,2.43560919019358,-0.584293949862641,1,0.0114037994812087,
0.12,141,2.47387601165561,-0.596970416853301,1,0.00818678967276516,
0.12,142,2.50358851803294,-0.602129034488828,1,0.0102387692692622,
0.12,143,2.54218368459947,-0.613093990745174,1,0.00876226332513938,
0.12,144,2.57264824534559,-0.61987998960163,1,0.00941227104086128,
0.12,145,2.61128245702428,-0.629556044550125,1,0.00919700500859886,
0.12,146,2.64271978056239,-0.637622592202423,1,0.00883439532081791,
0.12,147,2.68122737601495,-0.646391185700156,1,0.00947048404689567,
0.12,148,2.71376327662722,-0.65541235916721,1,0.00844174470932726,
0.12,149,2.75207818638463,-0.663609961761813,1,0.00958665668709844,
0.12,150,2.78575435639636,-0.673292075218358,1,0.00818696626972748,
0.12,151,2.82388761320577,-0.681200642942487,1,0.00956944941040853,
0.12,152,2.85867811753576,-0.691296176104903,1,0.00803306892733719,
0.12,153,2.89669361260357,-0.699136947694862,1,0.00945341275241669,
0.12,154,2.93252617790908,-0.709453180846209,1,0.00795035861982773,
0.12,155,2.97051759562868,-0.717387248884859,1,0.00927435681246668,
0.12,156,3.0072950328906,-0.727786961045389,0,0.00791481489383137,
0.12,157,3.04536710345803,-0.735921619882515,0,0.00906314302026132,
0.12,158,3.08298495127661,-0.746317345170633,0,0.00790724149879604,
0.12,159,3.12124021388003,-0.754715560685517,0,0.00884311224368943,
0.12,160,3.15959905598512,-0.765060390778479,0,0.00791278344608807,
0.12,161,3.19812968951233,-0.773751036651589,0,0.00863006187086502,
0.12,162,3.2371424509426,-0.784028554395609,0,0.00792055445503243,
0.12,163,3.27602604846682,-0.793015975093378,0,0.00843346469175986,
0.12,164,3.31562137640379,-0.803230906471832,0,0.00792322737822122,
0.12,165,3.35491951156745,-0.812503138319241,0,0.00825802641529164,
0.12,166,3.39504243656886,-0.822673463257729,0,0.00791652823872761,
0.12,167,3.43480108369695,-0.832208902770629,0,0.00810512857848022,
0.12,168,3.47541195983778,-0.84235964193236,0,0.00789864207805561,
0.12,169,3.51566306006619,-0.852132179022828,0,0.00797399793230965,
0.12,170,3.55673553661918,-0.862290799098575,0,0.00786958003115602,
0.12,171,3.59749918406225,-0.872273542334737,0,0.00786258849263954,
0.12,172,3.63901774857641,-0.882466791562101,0,0.00783057026147182,
0.12,173,3.68030460821279,-0.892634569266735,0,0.00776821662960247,
0.12,174,3.7222620720652,-0.902886500062603,0,0.00778352628796077,
0.12,175,3.76407575202422,-0.913217350504926,0,0.00768800048765803,
0.12,176,3.8064709174028,-0.923548273193866,0,0.00773062512293129,
0.12,177,3.84881011269063,-0.934024146176985,0,0.00761914979543098,
0.12,178,3.89164575759385,-0.944450270408707,0,0.0076740046968301,
0.12,179,3.93450606190255,-0.955057153551153,0,0.00755914320939745,
0.12,180,3.97778730296714,-0.965590702289299,0,0.00761557198615989,
0.12,181,4.02116264863842,-0.976318362007695,0,0.00750582230863986,
0.12,182,4.06489568730647,-0.986967979485695,0,0.0075569025876468,
0.12,183,4.10877941980678,-0.997809474530592,0,0.0074574252191173,
0.12,184,4.15297064214949,-1.00858078842385,0,0.00749920861142939,
0.12,185,4.19735626542799,-1.01953187839341,0,0.00741257828688197,
0.12,186,4.24201164607499,-1.03042811343259,0,0.00744335267431197,
0.12,187,4.28689329138019,-1.04148665048383,0,0.00737026065754288,
0.12,188,4.33201804364487,-1.05250922325039,0,0.00738988927900449,
0.12,189,4.37739071999946,-1.06367458515422,0,0.00732975359636156,
0.12,190,4.42298913396611,-1.07482363662873,0,0.00733911927638162,
0.12,191,4.46884881679873,-1.08609623479565,0,0.00729058365802959,
0.12,192,4.51492423194702,-1.0973710781145,0,0.00729114737639497,
0.12,193,4.56126784019729,-1.10875195555966,0,0.00725246632597306,
0.12,194,4.60782270680615,-1.12015143173647,0,0.00724593628790266,
0.12,195,4.65464801037722,-1.13164195274214,0,0.00721525452635728,
0.12,196,4.7016840027861,-1.14316469753057,0,0.0072033538710242,
0.12,197,4.74898949313321,-1.15476632221046,0,0.00717889454940014,
0.12,198,4.79650764676992,-1.16641095368978,0,0.0071632117127884,
0.12,199,4.84429239474452,-1.17812508582067,0,0.0071433904283459,
0.12,200,4.89229324689721,-1.18989032556534,0,0.00712529490853558,
0.12,201,4.94055676433965,-1.20171821999408,0,0.00710877674404121,
0.12,202,4.98904048553784,-1.21360296168392,0,0.00708938368716468,
0.12,203,5.03778260082664,-1.22554567750222,0,0.00707509911175356,
0.12,204,5.08674910922764,-1.23754901627632,0,0.00705526798933175,
0.12,205,5.13596986211001,-1.24960740307778,0,0.00704240120847936,
0.12,206,5.18541891747607,-1.26172863744029,0,0.00702275630494742,
0.12,207,5.23511847494054,-1.27390334378211,0,0.00701071704403471,
0.12,208,5.28504975175606,-1.28614195990103,0,0.00699168008799938,
0.12,209,5.33522834428924,-1.29843345517538,0,0.00698006719586886,
0.12,210,5.38564148549525,-1.31078910132077,0,0.00696189496212468,
0.12,211,5.4362993615871,-1.32319770431778,0,0.00695045785251941,
0.12,212,5.48719401550852,-1.33567016118939,0,0.00693327976164633,
0.12,213,5.53833141151222,-1.34819607052529,0,0.00692188169285341,
0.12,214,5.58970725503339,-1.36078522146233,0,0.00690573425645376,
0.12,215,5.64132437725253,-1.37342854465714,0,0.0068943198291122,
0.12,216,5.69318112833611,-1.38613434826657,0,0.00687917621279913,
0.12,217,5.74527814433084,-1.39889512755006,0,0.00686774423700751,
0.12,218,5.79761556673996,-1.41171759415266,0,0.00685353826170631,
0.12,219,5.85019260317385,-1.42459582805972,0,0.00684212026884428,
0.12,220,5.90301050586213,-1.43753500051457,0,0.00682876489166227,
0.12,221,5.95606765064874,-1.45053066103115,0,0.00681740899012979,
0.12,222,6.00936588382357,-1.46358659992263,0,0.00680480975707089,
0.12,223,6.06290319079745,-1.47669964540603,0,0.00679356919260667,
0.12,224,6.1166816402032,-1.48987241821502,0,0.00678163339806068,
0.12,225,6.17069913498531,-1.50310280258461,0,0.00677055902070797,
0.12,226,6.22495771552954,-1.51639247627002,0,0.00675920139825114,
0.12,227,6.27945540164948,-1.52974015509349,0,0.00674833720579939,
0.12,228,6.33419405113596,-1.54314679143558,0,0.00673748296170742,
0.12,229,6.38917191580061,-1.55661172556441,0,0.00672686393963757,
0.12,230,6.44439058924022,-1.57013537863028,0,0.00671644986245036,
0.12,231,6.499848608396,-1.58371753600027,0,0.00670610143833337,
0.12,232,6.55554727314364,-1.59735825115118,0,0.00669607570711477,
0.12,233,6.61148541566935,-1.61105760728745,0,0.00668601425674703,
0.12,234,6.66766404747427,-1.62481542123477,0,0.00667633544788737,
0.12,235,6.72408227847722,-1.63863195890796,0,0.00666656941271075,
0.12,236,6.78074085842491,-1.65250690041995,0,0.00665720508646885,
0.12,237,6.83763914169748,-1.66644060880362,0,0.00664773637598201,
0.12,238,6.89477765395589,-1.68043269975969,0,0.00663866151672257,
0.12,239,6.95215595369969,-1.69448357334919,0,0.00662948696842211,
0.12,240,7.00977438394902,-1.70859282992231,0,0.00662068246289334,
0.12,241,7.06763266589437,-1.72276086739728,0,0.00661179521330535,
0.12,242,7.12573100030784,-1.73698730121596,0,0.00660324647962726,
0.12,243,7.18406923236001,-1.75127250436444,0,0.00659463716294353,
0.12,244,7.24264745700826,-1.76561612356306,0,0.0065863329888397,
0.12,245,7.30146560954168,-1.78001849633547,0,0.00657799072580937,
0.12,246,7.36052371010742,-1.79447930644444,0,0.00656992233611225,
0.12,247,7.41982175601253,-1.80899885416831,0,0.00656183550788158,
0.12,248,7.47935971771972,-1.82357685882642,0,0.00655399585580706,
0.12,249,7.53913763228928,-1.83821358758808,0,0.00654615267752392,
0.12,250,7.59915543997138,-1.85290878907994,0,0.00653853593881053,
0.12,251,7.65941320069323,-1.86766270526239,0,0.00653092485921087,
0.12,252,7.71991083894406,-1.88247510489668,0,0.00652352610060354,
0.12,253,7.78064842524988,-1.89734621485412,0,0.0065161360584782,
0.12,254,7.84162587861772,-1.91227581320492,0,0.00650895104943022,
0.12,255,7.90284327162191,-1.92726412304997,0,0.00650177161820928,
0.12,256,7.96430052482119,-1.94231092008609,0,0.00649479675559784,
0.12,257,8.02599770707321,-1.95741643556586,0,0.00648781820484495,
0.12,258,8.08793474520063,-1.97258043069325,0,0.00648105052314386,
0.12,259,8.15011170046233,-1.98780315713168,0,0.00647426382165561,
0.12,260,8.2125285092118,-2.00308434917272,0,0.00646770106413766,
0.12,261,8.27518522226642,-2.01842429146004,0,0.00646109784480553,
0.12,262,8.33808178814391,-2.03382267859212,0,0.00645473857427087,
0.12,263,8.40121824463721,-2.04927984120518,0,0.00644831107650174,
0.12,264,8.46459455517884,-2.06479542087924,0,0.00644215480624327,
0.12,265,8.52821074149077,-2.08036980792097,0,0.00643589580719961,
0.12,266,8.59206678548996,-2.09600257677986,0,0.00642994313432926,
0.12,267,8.65616268863227,-2.11169419202797,0,0.00642384587721526,
0.12,268,8.72049845637887,-2.12744414584337,0,0.00641809860072763,
0.12,269,8.78507406391464,-2.14325299280238,0,0.00641215672518951,
0.12,270,8.84988954744747,-2.15912012644877,0,0.0064066179312984,
0.12,271,8.91494484742697,-2.17504620840063,0,0.00640082540898866,
0.12,272,8.98024004079416,-2.19103051588284,0,0.00639549950624931,
0.12,273,9.04577502170366,-2.20707383593347,0,0.00638985058341217,
0.12,274,9.11154992122125,-2.22317531048278,0,0.00638474327086828,
0.12,275,9.17756457193968,-2.23933587160301,0,0.00637923241831349,
0.12,276,9.24381917643072,-2.25555450585103,0,0.00637435057338834,
0.12,277,9.3103134861908,-2.27183231091064,0,0.00636897244417812,
0.12,278,9.37704779718101,-2.28816809714485,0,0.00636432392099915,
0.12,279,9.44402175553423,-2.3045631489395,0,0.00635907331597001,
0.12,280,9.5112357773757,-2.32101607943273,0,0.00635466665474733,
0.12,281,9.57868937415759,-2.33752838070305,0,0.0063495384956962,
0.12,282,9.64638311405104,-2.35409844809763,0,0.0063453825548392,
0.12,283,9.71431633934681,-2.3707280015402,0,0.00634037186570794,
0.12,284,9.7824898072351,-2.38741519925205,0,0.00633647540401316,
0.12,285,9.85090265134621,-2.40416200752211,0,0.00633157730030512,
0.12,286,9.9195558596627,-2.42096633011491,0,0.00632794855373275,
0.12,287,9.98844831307459,-2.43783039582048,0,0.00632315824052161,
0.12,288,10.0575812763441,-2.45475183928527,0,0.00631980455570408,
0.12,289,10.1269533296968,-2.47173316497303,0,0.00631511733446099,
0.12,290,10.1965660640116,-2.48877172683946,0,0.00631204493611199,
0.12,291,10.2664177080755,-2.50587031497271,0,0.00630745622016941,
0.12,292,10.3365102304963,-2.52302599417407,0,0.00630467019985339,
0.12,293,10.4068414561545,-2.54024184710433,0,0.00630017553802213,
0.12,294,10.4774137841162,-2.5575146435234,0,0.00629768015384735,
0.12,295,10.548224582356,-2.57484776345712,0,0.00629327526056735,
0.12,296,10.6192767331875,-2.59223767709492,0,0.00629107463071902,
0.12,297,10.6905670951021,-2.60968806605809,0,0.00628675542089776,
0.12,298,10.7620990857949,-2.62719509578928,0,0.00628485467737956,
0.12,299,10.8338690025963,-2.64476275559268,0,0.00628061730319406,
0.12,300,10.9058808499686,-2.66238689749775,0,0.00627902425087721,
0.12,301,10.9781303130097,-2.68007182970599,0,0.00627486513715338,
0.12,302,11.0506220344186,-2.69781307499583,0,0.00627359243910137,
0.12,303,11.1233510352247,-2.71561528090258,0,0.00626950831475068,
0.12,304,11.1963226499743,-2.73347361346569,0,0.00626857620927935,
0.12,305,11.2695311802788,-2.75139309407707,0,0.00626456413207621,
0.12,306,11.3429827118642,-2.76936848768004,0,0.00626400368555208,
0.12,307,11.4166707636464,-2.78740524370599,0,0.00626006105932918,
0.12,308,11.4906022429758,-2.80549765885718,0,0.00625991797843929,
0.12,309,11.5647698084954,-2.82365169070911,0,0.00625604256369257,
0.12,310,11.6391812782584,-2.84186107115713,0,0.00625638163497443,
0.12,311,11.7138283500864,-2.86013237894876,0,0.00625257155534907,
0.12,312,11.7887198705001,-2.87845864774326,0,0.00625348183738079,
0.12,313,11.8638464415427,-2.89684723128913,0,0.00624973558682528,
0.12,314,11.9392180978236,-2.91529028630183,0,0.006251336536834,
0.12,315,12.0148241613439,-2.93379614510892,0,0.00624765299284295,
0.12,316,12.0906760734142,-2.95235585393158,0,0.00625010172982759,
0.12,317,12.1667616230544,-2.97097898718018,0,0.00624648017737619,
0.12,318,12.2430939581868,-2.98965518142118,0,0.00624998002766211,
0.12,319,12.3196589880019,-3.00839558793497,0,0.00624642019617719,
0.12,320,12.3964719772851,-3.02718805716589,0,0.00625123048727788,
0.12,321,12.473516481793,-3.04604573537653,0,0.00624773259704716,
0.12,322,12.5508104413928,-3.06495422135648,0,0.00625417932160289,
0.12,323,12.6283344156508,-3.08392916927544,0,0.00625074412925981,
0.12,324,12.7061097737495,-3.10295336160277,0,0.00625923057220667,
0.12,325,12.7841132134549,-3.12204557682082,0,0.00625585939518724,
0.12,326,12.8623705433672,-3.14118511178172,0,0.0062668751239835,
0.12,327,12.9408534449736,-3.16039459152299,0,0.00626356981560616,
0.12,328,13.0195935041546,-3.17964905652444,0,0.00627769564660546,
0.12,329,13.0985558649762,-3.1989757977856,0,0.0062744584856794,
0.12,330,13.1777796383899,-3.21834474422061,0,0.00629236429638741,
0.12,331,13.2572214566499,-3.23778874402348,0,0.00628919775337412,
0.12,332,13.3369302012596,-3.25727171151718,0,0.00631162950687108,
0.12,333,13.4168514760199,-3.27683296729389,0,0.00630853585309911,
0.12,334,13.4970467611177,-3.29642952180357,0,0.00633628817641429,
0.12,335,13.5774474920117,-3.31610803191564,0,0.00633326891620494,
0.12,336,13.6581312279605,-3.33581781892163,0,0.00636714026602253,
0.12,337,13.739011414641,-3.35561358328987,0,0.00636419539380003,
0.12,338,13.8201858607528,-3.37543639523407,0,0.00640492442359672,
0.12,339,13.9015455019792,-3.39534941602643,0,0.00640205153863209,
0.12,340,13.9832132431729,-3.41528527031691,0,0.00645023578130052,
0.12,341,14.0650523354778,-3.43531555261251,0,0.00644742912585995,
0.12,342,14.1472162175528,-3.45536477322502,0,0.00650343034541049,
0.12,343,14.2295347534748,-3.47551232555051,0,0.00650067986366135,
0.12,344,14.3121977686945,-3.49567561806162,0,0.00656452397566247,
0.12,345,14.3949957346178,-3.51594045268672,0,0.00656181451301126,
0.12,346,14.4781608529736,-3.53621896017791,0,0.0066330971737891,
0.12,347,14.56143822668,-3.5566010930656,0,0.00663040794346815,
0.12,348,14.6451081735059,-3.57699641947758,0,0.00670821900354856,
0.12,349,14.7288649216187,-3.59749586981336,0,0.00670552343621477,
0.12,350,14.8130419085779,-3.61801005856189,0,0.00678840376639967,
0.12,351,14.8972779841317,-3.63862684783073,0,0.0067856698291137,
0.12,352,14.9819634071659,-3.65926230700298,0,0.00687161218191267,
0.12,353,15.0666787475875,-3.67999645763599,0,0.00686880321266747,
0.12,354,15.1518728713056,-3.70075582854821,0,0.00695530487552505,
0.12,355,15.2370673971183,-3.72160736221458,0,0.00695238093436642,
0.12,356,15.3227690496434,-3.74249333474024,0,0.00703655057283563,
0.12,357,15.4084426642204,-3.76346227040234,0,0.00703347027247598,
0.12,358,15.4946489695284,-3.78447735520149,0,0.00711218554860912,
0.12,359,15.580801560227,-3.80556370707913,0,0.00710890830132504,
0.12,360,15.6675077369073,-3.82670998063345,0,0.00717901569575971,
0.12,361,15.7541391779115,-3.84791375623628,0,0.00717550430035836,
0.12,362,15.8413384350039,-3.86919259871555,0,0.00723404897272555,
0.12,363,15.9284485921986,-3.89051379710415,0,0.00723027246216077,
0.12,364,16.0161321555419,-3.91192564540732,0,0.00727474439472591,
0.12,365,16.1037208937185,-3.93336425584409,0,0.00727068105944464,
0.12,366,16.1918782012289,-3.95490839508674,0,0.00729926401152134,
0.12,367,16.2799453938659,-3.9764643962428,0,0.00729490449457163,
0.12,368,16.3685645060735,-3.99813881332565,0,0.00730671582260613,
0.12,369,16.4571100477862,-4.01981217322102,0,0.00730206613711407,
0.12,370,16.5461783306444,-4.04161349676659,0,0.00729737744203307,
0.12,371,16.6352021521212,-4.06340417363099,0,0.00729246168553184,
0.12,372,16.7247073014844,-4.08532772598004,0,0.00727289182760825,
0.12,373,16.8142093862335,-4.10723567020855,0,0.00726775426308831,
0.12,374,16.9041408754305,-4.12927565878254,0,0.00723642757650366,
0.12,375,16.994121276895,-4.15130081608289,0,0.00723113364365597,
0.12,376,17.0844723188057,-4.17345069115728,0,0.00719279880827487,
0.12,377,17.1749311753531,-4.19559300679663,0,0.00718743456152752,
0.12,378,17.2657013002791,-4.21784600649594,0,0.00714854799524007,
0.12,379,17.356638844301,-4.24010543019781,0,0.00714321751013472,
0.12,380,17.4478372190987,-4.26245531546045,0,0.00711201843625627,
0.12,381,17.5392537751804,-4.28483180595043,0,0.00710683895896513,
0.12,382,17.6309034740802,-4.30727375225761,0,0.00709349842094926,
0.12,383,17.7227994402681,-4.32976727974783,0,0.00708859350224189,
0.12,384,17.8149431478084,-4.35229883578357,0,0.00710563878327567,
0.12,385,17.9073189536527,-4.37490937991146,0,0.00710113030730865,
0.12,386,18.0000273550444,-4.3975313301714,0,0.00716460145727492,
0.12,387,18.0928833898872,-4.42025887009707,0,0.00716060221424961,
0.12,388,18.1862696642832,-4.44297575527921,0,0.00729299166266204,
0.12,389,18.2796061664571,-4.46582024723486,0,0.00728960081819042,
0.12,390,18.3738563635828,-4.48864016567592,0,0.00752726685141336,
0.12,391,18.467673246187,-4.51160149842559,0,0.00752457179668966,
0.12,392,18.5631240775183,-4.53453428249089,0,0.00793800106707309,
0.12,393,18.6574206030326,-4.55761218094214,0,0.00793609369929161,
0.12,394,18.754812565202,-4.58066129827237,0,0.00869793595019649,
0.12,395,18.8495864801706,-4.60385504671398,0,0.00869697581450309,
0.12,396,18.9512977408958,-4.62695303035406,0,0.0104380609739933,
0.12,397,19.0465411542453,-4.65026015788689,0,0.010438572419693,
0.12,398,19.1799156277686,-4.66487439068697,0,0.0279466757824574,
0.12,399,19.2754386025831,-4.68835914669573,0,0.0278411024385508,
0.16,0,-0.297959637855004,1.71998526532491e-12,1,0.0937281384808399,
0.16,1,0.000531558701566166,-0.00018946900262579,1,1.26400954039164e-05,
0.16,2,0.00053155870605383,-0.000189469005165094,1,1.26400964026452e-05,
0.16,3,0.00212612386317226,-0.000757748314368157,1,5.04740669085714e-05,
0.16,4,0.00212612388131133,-0.000757748324777923,1,5.04740710839457e-05,
0.16,5,0.00478336318449575,-0.00170445630123605,1,0.000113244184582467,
0.16,6,0.00478336322616158,-0.00170445632566459,1,0.000113244194664222,
0.16,7,0.00850272459667244,-0.00302896174005418,1,0.000200524931434728,
0.16,8,0.00850272467291298,-0.00302896178609348,1,0.00020052495115414,
0.16,9,0.013283438914664,-0.00473039101628923,1,0.000311729001500582,
0.16,10,0.0132834390382488,-0.00473039109378253,1,0.000311729036184333,
0.16,11,0.0191245235616584,-0.00680763809206961,1,0.000446115590266855,
0.16,12,0.019124523747717,-0.0068076382141614,1,0.000446115647632899,
0.16,13,0.026024787378574,-0.00925937712596858,1,0.000602800860908002,
0.16,14,0.0260247876453132,-0.00925937731053241,1,0.000602800952195293,
0.16,15,0.0339828365379274,-0.0120840775796459,1,0.000780770423740283,
0.16,16,0.0339828369074621,-0.0120840778512563,1,0.000780770565319236,
0.16,17,0.0429970815878893,-0.0152800215920503,1,0.000978893612605645,
0.16,18,0.0429970820871988,-0.0152800219847342,1,0.000978893828289065,
0.16,19,0.0530657456583783,-0.0188453233395382,1,0.00119593928081961,
0.16,20,0.0530657463203505,-0.0188453239006505,1,0.00119593960521294,
0.16,21,0.0641868738644151,-0.0227779500310362,1,0.00143059277254193,
0.16,22,0.0641868747288988,-0.0227779508267374,1,0.0014305932559121,
0.16,23,0.076358343940307,-0.0270757441135676,1,0.00168147365589054,
0.16,24,0.0763583450550315,-0.0270757452365942,1,0.00168147437125212,
0.16,25,0.089577878128597,-0.0317364461886577,1,0.00194715373613882,
0.16,26,0.0895778795496406,-0.0317364477693993,1,0.00194715478962199,
0.16,27,0.103843056326818,-0.0367577180694736,1,0.00222617480684041,
0.16,28,0.103843058117986,-0.0367577202917701,1,0.00222617635288146,
0.16,29,0.119151330460324,-0.0421371653481669,1,0.0025170655503377,
0.16,30,0.119151332690372,-0.0421371684719128,1,0.0025170678140092,
0.16,31,0.135500039999261,-0.0478723588003109,1,0.00281835697449178,
0.16,32,0.135500042734958,-0.0478723631937763,1,0.00281836028436611,
0.16,33,0.152886428472204,-0.0539608539359598,1,0.00312859577660287,
0.16,34,0.152886431763736,-0.0539608601220373,1,0.00312860061324109,
0.16,35,0.171307660751211,-0.0604002080223228,1,0.00344635506463467,
0.16,36,0.171307664603806,-0.0604002167444876,1,0.00344636213212497,
0.16,37,0.190760840799158,-0.067187993956786,1,0.00377024194326045,
0.16,38,0.190760845120214,-0.0671880062726584,1,0.003770252274663,
0.16,39,0.211243029489858,-0.0743218104642083,1,0.00409890158788304,
0.16,40,0.211243033992975,-0.0743218278768986,1,0.00409891670009531,
0.16,41,0.232751262047238,-0.0817992882283769,1,0.00443101757904916,
0.16,42,0.232751266080929,-0.08179931286745,1,0.00443103969846565,
0.16,43,0.255282564616056,-0.0896180917389296,1,0.00476530844301877,
0.16,44,0.255282566861732,-0.089618126601593,1,0.00476534082947923,
0.16,45,0.27883396743317,-0.0977759660868379,1,0.00510056792845516,
0.16,46,0.278833969488411,-0.0977759168337489,1,0.00510052052916848,
0.16,47,0.303402517605347,-0.106270553444389,1,0.00543548678325141,
0.16,48,0.303402528578663,-0.106270484133651,1,0.00543541753920583,
0.16,49,0.328985296710831,-0.115099625575857,1,0.0057688679250315,
0.16,50,0.32898532486909,-0.115099528798054,1,0.00576876720246643,
0.16,51,0.355579421908971,-0.124260920519017,1,0.00609947106440556,
0.16,52,0.355579481723892,-0.124260787289719,1,0.00609932578266283,
0.16,53,0.383182053952621,-0.133752161068002,1,0.00642602772911931,
0.16,54,0.383182170125047,-0.133751982159306,1,0.00642582135868762,
0.16,55,0.411790400607794,-0.14357103625896,1,0.00674722261387644,
0.16,56,0.41179061383847,-0.143570806279678,1,0.00674693723415639,
0.16,57,0.441401718153545,-0.153715181282009,1,0.00706167404023992,
0.16,58,0.441402091875627,-0.153714908344165,1,0.00706129739750227,
0.16,59,0.472013311627551,-0.164182156283896,1,0.00736791375811823,
0.16,60,0.472013935863899,-0.164181880993632,1,0.00736745607896802,
0.16,61,0.503622534714692,-0.174969424393861,1,0.00766436612217889,
0.16,62,0.503623517649994,-0.174969249514962,1,0.00766389092235622,
0.16,63,0.536226790402862,-0.186074329170482,1,0.00794932647730434,
0.16,64,0.53622822447071,-0.186074450877512,1,0.00794899089613647,
0.16,65,0.569823533763751,-0.197494071575599,1,0.0082209384266819,
0.16,66,0.569825433753782,-0.197494787564793,1,0.0082210203956541,
0.16,67,0.604410278474277,-0.209225686594677,1,0.00847716958760075,
0.16,68,0.604412518410865,-0.209227359316132,1,0.00847805278490238,
0.16,69,0.620970951082871,-5.82666111915874e-05,1,0.195281387593624,E1
0.16,70,0.639984608994207,-0.221266019828983,1,0.00871578554124373,
0.16,71,0.639986896316022,-0.221269011863841,1,0.00871790617174643,
0.16,72,0.676544200650256,-0.233611704910217,1,0.0089343220760703,
0.16,73,0.676546086749418,-0.23361633252553,1,0.00893812146869971,
0.16,74,0.714086850177128,-0.246259143617951,1,0.00913005670739387,
0.16,75,0.714087733793083,-0.24626566565165,1,0.00913596969674666,
0.16,76,0.752609607599865,-0.25921310636113,1,0.00930844563982015,
0.16,77,0.752610519311843,-0.259204492367304,1,0.00929998213768784,
0.16,78,0.792109616482724,-0.272454466430689,1,0.0094522316628407,
0.16,79,0.792113393312375,-0.272443661567421,1,0.00944078723962552,
0.16,80,0.832585846091339,-0.285985228155622,1,0.00956364159109156,
0.16,81,0.832593953712318,-0.28597233838062,1,0.00954885577368197,
0.16,82,0.874036627252304,-0.299800499052064,1,0.00963855637174134,
0.16,83,0.874051058337984,-0.29978604814069,1,0.00962029951785303,
0.16,84,0.916460632696934,-0.313894973790545,1,0.00967235751249918,
0.16,85,0.916484008838792,-0.313880272785228,1,0.00965104944502625,
0.16,86,0.959857006652166,-0.328262908980508,1,0.00965986238121693,
0.16,87,0.959892564272764,-0.328250639849937,1,0.00963703084951445,
0.16,88,1.00422553454939,-0.342898120443067,1,0.00959526823237386,
0.16,89,1.00427683100779,-0.342893170467747,1,0.00957443338998896,
0.16,90,1.0495668615082,-0.357794019971823,1,0.00947211837406449,
0.16,91,1.04963694157755,-0.35780451323364,1,0.00946003410344824,
0.16,92,1.09588276695693,-0.372943719467111,1,0.00928331462946916,
0.16,93,1.09597247194163,-0.372981990532552,1,0.00929142469176394,
0.16,94,1.1431764965994,-0.388340245781504,1,0.00902121685018811,
0.16,95,1.14328169685988,-0.38842319821443,1,0.00906686575342207,
0.16,96,1.19145313730526,-0.403976930466931,1,0.0086778949500401,
0.16,97,1.19156104251316,-0.404124967182371,1,0.00878447327338988,
0.16,98,1.24071998691415,-0.419848063705854,1,0.00824563331167187,
0.16,99,1.24080527264661,-0.420081844686576,1,0.0084407184591179,
0.16,100,1.29098680547108,-0.435949923769724,1,0.00771782895473603,
0.16,101,1.29100871608794,-0.436284733152859,1,0.00802874953212817,
0.16,102,1.32719707281898,-0.0154473187448124,1,0.40282867638946,E2
0.16,103,1.34216718733947,-0.452720428044955,1,0.00753734889652931,
0.16,104,1.34226571790663,-0.452282289733949,1,0.00709045807207563,
0.16,105,1.39427975029962,-0.469372224283379,1,0.00695095396546731,
0.16,106,1.39457035593256,-0.468850460143323,1,0.00636426214939224,
0.16,107,1.44734970758424,-0.486220997150356,1,0.00625037198696026,
0.16,108,1.44791360809359,-0.485667522424209,1,0.00554760993013268,
0.16,109,1.50138492856919,-0.503245941971918,1,0.00541337898512042,
0.16,110,1.50230326843204,-0.502755992890925,1,0.00465942295225129,
0.16,111,1.55639816641579,-0.520424521454656,1,0.00441457004471863,
0.16,112,1.55773541729374,-0.520146965330375,1,0.00373044953168575,
0.16,113,1.61240812837334,-0.537731603294514,1,0.00322420401753636,
0.16,114,1.61418722158995,-0.537874256861087,1,0.0027999726012782,
0.16,115,1.6694420941401,-0.555137940217774,1,0.00180593707462392,
0.16,116,1.67161374578245,-0.555962607396854,1,0.00190561138114587,
0.16,117,1.72754131081018,-0.572608138897128,1,0.000113197659605459,
0.16,118,1.72995411079208,-0.574414112364817,1,0.00106850544749356,
0.16,119,1.78458286922948,-0.173750709807794,1,0.396439767641437,E3
0.16,120,1.78677183726263,-0.590098476859094,1,0.00191629706229404,
0.16,121,1.78914668871281,-0.593201810681351,1,0.000282448463270395,
0.16,122,1.84724739807696,-0.607556530637331,1,0.00436808325189754,
0.16,123,1.84914438498553,-0.612275868662384,1,0.00048504909597615,
0.16,124,1.90918118667416,-0.624933061144991,1,0.00735596391558355,
0.16,125,1.90992037563269,-0.631577583847541,1,0.00128127175839977,
0.16,126,1.97146321951762,-0.651051721504448,1,0.00215505128926979,
0.16,127,1.97300686088263,-0.642263138829716,1,0.0109830631938851,
0.16,128,2.03376696276134,-0.670652414712198,1,0.00314805330319199,
0.16,129,2.03954630373117,-0.660126095335887,1,0.0149579958887389,
0.16,130,2.09682130143044,-0.690344049011653,1,0.00429084303328419,
0.16,131,2.10872781608969,-0.680867237015148,1,0.0170319599961613,
0.16,132,2.12441994876825,-0.564794389975657,1,0.132148637689137,E4
0.16,133,2.16060342090227,-0.71010091498548,1,0.00560064805167962,
0.16,134,2.17690495024781,-0.704899459064736,1,0.015665970256254,
0.16,135,2.22507117878623,-0.729909317940181,1,0.00707721125961712,
0.16,136,2.24357561627736,-0.729148711624441,1,0.0136200829714555,
0.16,137,2.29015798801534,-0.749775707820668,1,0.00869346407630307,
0.16,138,2.31008489547937,-0.752892290657581,1,0.0120034320087948,
0.16,139,2.3557735607234,-0.769744206619757,1,0.010379122799904,
0.16,140,2.3770337544376,-0.776278793691309,1,0.0108640073237515,
0.16,141,2.42182182800583,-0.789922493300939,1,0.0120017546795911,
0.16,142,2.44464660950244,-0.799480314355833,1,0.0101090454267944,
0.16,143,2.48825073949261,-0.810498134766289,1,0.0133669412627858,
0.16,144,2.5130129605563,-0.822617943479555,1,0.00965175628499086,
0.16,145,2.55512377110505,-0.831703683366035,1,0.0142739030243373,
0.16,146,2.5821695772016,-0.84577622871861,1,0.00942345075598128,
0.16,147,2.62264479244752,-0.85371221433834,1,0.0146224813784471,
0.16,148,2.6521306951576,-0.869018168986236,1,0.00936880612127194,
0.16,149,2.69107500024984,-0.876543449059951,1,0.014476119852762,
0.16,150,2.72290093723959,-0.892394617405157,1,0.00944100497875876,
0.16,151,2.76060966237002,-0.900080734534388,1,0.0140069743416589,
0.16,152,2.79448189695573,-0.915949613823134,1,0.00959874440951512,
0.16,153,2.83132986821553,-0.924164263803439,1,0.013392247285935,
0.16,154,2.86687607169574,-0.939722999278227,1,0.00980499148442092,
0.16,155,2.9032327526836,-0.948661528210779,1,0.0127568193298591,
0.16,156,2.94008934385066,-0.963751123517316,1,0.0100270921398186,
0.16,157,2.97627789929897,-0.973486342831073,1,0.0121697865854408,
0.16,158,3.01413226630997,-0.988066243776778,0,0.0102377462505945,
0.16,159,3.0504169022295,-0.998590781053837,0,0.0116614158326951,
0.16,160,3.08902012337782,-1.01269523779895,0,0.010416248442758,
0.16,161,3.12560598402569,-1.02395208519259,0,0.0112395385519392,
0.16,162,3.16477182648539,-1.03765831826998,0,0.0105493610225697,
0.16,163,3.20180953120991,-1.04956247640733,0,0.010900335884454,
0.16,164,3.24140797393389,-1.06296835821705,0,0.0106313439934753,
0.16,165,3.27900001747348,-1.07542263460929,0,0.0106345035781556,
0.16,166,3.31894863636164,-1.0886311563314,0,0.010663006584029,
0.16,167,3.3571568571273,-1.10153779894572,0,0.010430592879503,
0.16,168,3.39741145512812,-1.11464659113257,0,0.0106500134895636,
0.16,169,3.43626513605559,-1.1279154586373,0,0.0102768032728554,
0.16,170,3.47681044250539,-1.14101031704416,0,0.0106008974773287,
0.16,171,3.51631449303171,-1.15456395638759,0,0.010161956273099,
0.16,172,3.55715557686205,-1.16771556189791,0,0.0105252257904017,
0.16,173,3.59729818352393,-1.18149161605067,0,0.0100760289789691,
0.16,174,3.63845304627608,-1.19475467693905,0,0.0104322054601081,
0.16,175,3.67921229218284,-1.2087061875078,0,0.0100104332906938,
0.16,176,3.72070588665042,-1.222120263859,0,0.0103298142165414,
0.16,177,3.76205505686428,-1.23621450280836,0,0.00995812967340015,
0.16,178,3.80391477067956,-1.24980585984459,0,0.0102243983980547,
0.16,179,3.84582628131246,-1.2640222886632,0,0.00991362039479507,
0.16,180,3.88807877450642,-1.27780625519424,0,0.0101206126233495,
0.16,181,3.93052682817883,-1.29213410245793,0,0.00987285078436051,
0.16,182,3.97319602800891,-1.30611755045032,0,0.0100215701178569,
0.16,183,4.01615819296087,-1.32055336587047,0,0.00983304329771685,
0.16,184,4.05926421555706,-1.33473705372566,0,0.00992909769646599,
0.16,185,4.10272216188116,-1.34928247079541,0,0.0097924893496874,
0.16,186,4.14628093098968,-1.36366309630867,0,0.00984402246145864,
0.16,187,4.19022055427464,-1.37832293193227,0,0.00975032343579054,
0.16,188,4.23424390812989,-1.39289481990379,0,0.00976644627392455,
0.16,189,4.27865504516566,-1.40767556169813,0,0.00970630128760619,
0.16,190,4.32315115351568,-1.42243196835277,0,0.00969598521186065,
0.16,191,4.36802705869947,-1.43734064668137,0,0.00966059885375354,
0.16,192,4.41300100700864,-1.45227470187114,0,0.00963196496896738,
0.16,193,4.45833771949308,-1.46731811005143,0,0.00961364283143419,
0.16,194,4.50379215229258,-1.48242344201528,0,0.00957357131995774,
0.16,195,4.54958784742322,-1.4976076500964,0,0.00956597752208727,
0.16,196,4.59552359496936,-1.51287874946456,0,0.00951995924369413,
0.16,197,4.64177798176027,-1.52820885037069,0,0.00951816786704369,
0.16,198,4.68819462188677,-1.54364123307021,0,0.00947032646320862,
0.16,199,4.73490842235361,-1.55912126115276,0,0.0094707350805043,
0.16,200,4.78180475179655,-1.57471148661318,0,0.0094239579559677,
0.16,201,4.82897927811279,-1.59034445479472,0,0.00942411936028049,
0.16,202,4.87635368448845,-1.60609004875458,0,0.0093802479696617,
0.16,203,4.92399051574274,-1.62187805916398,0,0.00937866347432157,
0.16,204,4.97184125314058,-1.63777738138897,0,0.00933870558103799,
0.16,205,5.0199420041792,-1.65372177397659,0,0.00933461123433098,
0.16,206,5.06826738271058,-1.66977386178854,0,0.00929894906414654,
0.16,207,5.11683355222352,-1.6858753747094,0,0.00929211562093528,
0.16,208,5.16563205571992,-1.70207978439311,0,0.00926069342811535,
0.16,209,5.21466493842161,-1.71833870823443,0,0.00925125232659853,
0.16,210,5.26393528570193,-1.73469536873295,0,0.00922373454418605,
0.16,211,5.3134359332972,-1.75111168356991,0,0.00921203552885748,
0.16,212,5.36317709784765,-1.76762077067246,0,0.00918793238458685,
0.16,213,5.4131463147077,-1.78419426034761,0,0.00917443366806186,
0.16,214,5.46335751593523,-1.80085609485939,0,0.00915319509379494,
0.16,215,5.5137958774316,-1.81758643685152,0,0.00913838381725928,
0.16,216,5.56447655441105,-1.83440140689997,0,0.00911946494040325,
0.16,217,5.61538443820845,-1.85128823884447,0,0.0091038038738662,
0.16,218,5.66653421444618,-1.86825674432494,0,0.00908670666727109,
0.16,219,5.71791183741272,-1.8852997098855,0,0.00907060227723577,
0.16,220,5.76953048286476,-1.9024221258468,0,0.00905489836714364,
0.16,221,5.82137793841145,-1.91962090345343,0,0.00903868528322741,
0.16,222,5.87346533298538,-1.93689755873449,0,0.00902402474702032,
0.16,223,5.92578262547831,-1.95425187691752,0,0.00900796203125862,
0.16,224,5.97833872659409,-1.97168304435782,0,0.00899407248578846,
0.16,225,6.03112580094902,-1.98919268721985,0,0.0089783477479954,
0.16,226,6.08415061645157,-2.00677858209406,0,0.00896502731466259,
0.16,227,6.13740738212,-2.02444338803163,0,0.00894976547102366,
0.16,228,6.19090094890674,-2.04218417186179,0,0.00893687243407852,
0.16,229,6.24462729823518,-2.06000402810339,0,0.00892214666713148,
0.16,230,6.29858966633636,-2.07789981557052,0,0.00890958790513621,
0.16,231,6.35278548777301,-2.09587465052545,0,0.00889543108082676,
0.16,232,6.40721670924758,-2.11392551776284,0,0.00888315070138062,
0.16,233,6.46188189614323,-2.13205529263781,0,0.00886956609540125,
0.16,234,6.51678201797106,-2.150261285695,0,0.0088575351649434,
0.16,235,6.57191647382888,-2.16854598636628,0,0.00884450582935742,
0.16,236,6.62728553393439,-2.18690712905942,0,0.00883271367050145,
0.16,237,6.68288917495733,-2.20534675880475,0,0.00882021013423361,
0.16,238,6.73872720054738,-2.22386305950859,0,0.00880865735573716,
0.16,239,6.79479995625466,-2.24245763290698,0,0.00879664360895632,
0.16,240,6.85110696375353,-2.26112909009665,0,0.00878533682481564,
0.16,241,6.90764877631956,-2.27987862819001,0,0.00877377470381174,
0.16,242,6.96442477231148,-2.29870523471843,0,0.00876272276946535,
0.16,243,7.02143559515234,-2.31760976138531,0,0.00875157495411998,
0.16,244,7.07868057787225,-2.33659150759479,0,0.00874078648177017,
0.16,245,7.1361603738745,-2.35565104700009,0,0.00873001835925596,
0.16,246,7.19387433491066,-2.37478792282851,0,0.00871950025415973,
0.16,247,7.2518230745835,-2.39400249777059,0,0.00870908090665702,
0.16,248,7.3100060005647,-2.41329449403913,0,0.00869883767553226,
0.16,249,7.36842366029816,-2.43266412500389,0,0.00868874023019173,
0.16,250,7.42707553442319,-2.45211123407108,0,0.00867877384150363,
0.16,251,7.48596209495887,-2.47163593881288,0,0.0086689753872046,
0.16,252,7.54508289829688,-2.4912381547642,0,0.00865928550021312,
0.16,253,7.60443834345946,-2.5109179482543,0,0.0086497667374943,
0.16,254,7.66402805599807,-2.53067526677085,0,0.00864035115662212,
0.16,255,7.72385237169651,-2.55051016138251,0,0.00863109590777523,
0.16,256,7.78391097315019,-2.57042257940452,0,0.00862195115631392,
0.16,257,7.84420414662903,-2.5904125852315,0,0.00861294582754432,
0.16,258,7.90473161704147,-2.61048010050556,0,0.00860406776693166,
0.16,259,7.96549363635113,-2.63062522573876,0,0.00859530082419677,
0.16,260,8.02648995653811,-2.65084783631456,0,0.00858668527101981,
0.16,261,8.08772081018292,-2.67114808762405,0,0.00857814676671692,
0.16,262,8.14918596206549,-2.69152579134848,0,0.00856979007774382,
0.16,263,8.21088563879185,-2.71198117423851,0,0.0085614712470308,
0.16,264,8.27281960566953,-2.73251396828188,0,0.00855337085488852,
0.16,265,8.33498809435516,-2.75312448740035,0,0.0085452637871201,
0.16,266,8.39739086116335,-2.77381236784266,0,0.00853741867399577,
0.16,267,8.46002815077691,-2.79457802723791,0,0.00852951605624828,
0.16,268,8.52289970436288,-2.81542098873986,0,0.00852192715300011,
0.16,269,8.58600578396717,-2.83634179206503,0,0.00851422207709693,
0.16,270,8.6493461134074,-2.85733982764755,0,0.00850689257231438,
0.16,271,8.71292097218595,-2.87841577831678,0,0.0084993783949543,
0.16,272,8.77673006915205,-2.89956887927428,0,0.00849231393246122,
0.16,273,8.8407736964444,-2.92079998057796,0,0.00848498417685463,
0.16,274,8.90505155560705,-2.9421081365487,0,0.00847819291596284,
0.16,275,8.96956394094126,-2.96349439173481,0,0.0084710412048786,
0.16,276,9.03431056038401,-2.98495759094859,0,0.0084645337154316,
0.16,277,9.09929169350039,-3.00649900327713,0,0.00845755372702072,
0.16,278,9.16450707509624,-3.02811723298957,0,0.00845134269560615,
0.16,279,9.22995694595776,-3.04981380576564,0,0.00844452813523083,
0.16,280,9.29564109564596,-3.07158705287216,0,0.00843862786947618,
0.16,281,9.36155969443511,-3.09343878946209,0,0.00843197245343984,
0.16,282,9.42771262232882,-3.1153670412608,0,0.00842639819169005,
0.16,283,9.49409993943007,-3.13737394509357,0,0.0084198956403585,
0.16,284,9.56072165968464,-3.15945719013641,0,0.00841466270231041,
0.16,285,9.62757768565579,-3.18161926469208,0,0.00840830674209319,
0.16,286,9.69466821604232,-3.20385749363163,0,0.00840342959084693,
0.16,287,9.76199294157881,-3.22617474241771,0,0.00839721396537578,
0.16,288,9.829552302736,-3.24856794872713,0,0.0083927052886913,
0.16,289,9.89734571863104,-3.27104037524254,0,0.00838662378053316,
0.16,290,9.9653739330122,-3.29358855566505,0,0.00838249373290545,
0.16,291,10.0336360301196,-3.31621616335319,0,0.00837654019637089,
0.16,292,10.1021331207032,-3.33891931793054,0,0.0083727959664348,
0.16,293,10.1708638899077,-3.3617021101227,0,0.00836696437199789,
0.16,294,10.2398298787998,-3.38456024166481,0,0.00836361024630795,
0.16,295,10.3090293110001,-3.40749822151712,0,0.00835789473505309,
0.16,296,10.3784642181096,-3.43051133441069,0,0.00835493281230288,
0.16,297,10.4481323042166,-3.45360450483843,0,0.00834932775787546,
0.16,298,10.5180361462217,-3.47677260314333,0,0.00834675943062609,
0.16,299,10.5881728771761,-3.50002096675856,0,0.00834125950376561,
0.16,300,10.6585456670134,-3.52334405160557,0,0.00833908776813951,
0.16,301,10.729151033819,-3.5467476106631,0,0.00833368799862901,
0.16,302,10.7999927809136,-3.57022567702339,0,0.00833192059292945,
0.16,303,10.8710667746853,-3.59378443338059,0,0.00832661642271358,
0.16,304,10.9423774860947,-3.61741746631486,0,0.00832526974794216,
0.16,305,11.013920098113,-3.64113142140859,0,0.00832005707024027,
0.16,306,11.0856997807078,-3.6649193919013,0,0.00831916083021407,
0.16,307,11.1577110024741,-3.6887885467422,0,0.00831403601235359,
0.16,308,11.229959666235,-3.71273140717669,0,0.00831363854610073,
0.16,309,11.3024394895185,-3.7367557623574,0,0.00830859843632431,
0.16,310,11.3751571520321,-3.76085344159068,0,0.00830877280745367,
0.16,311,11.4481055689021,-3.78503299730085,0,0.00830381473104348,
0.16,312,11.5212922612185,-3.80928539517812,0,0.00830466577734675,
0.16,313,11.5947092640612,-3.83362015121567,0,0.00829978753110772,
0.16,314,11.6683650382592,-3.85802713226523,0,0.00830146022935098,
0.16,315,11.7422506197817,-3.88251708803246,0,0.00829666008649189,
0.16,316,11.8163755588768,-3.90707847406792,0,0.00829934969145711,
0.16,317,11.8907297121085,-3.93172362854339,0,0.00829462642884896,
0.16,318,11.9653239433012,-3.95643919004618,0,0.00829859082068993,
0.16,319,12.0401466616086,-3.98123954172882,0,0.00829394377655015,
0.16,320,12.1152103742251,-4.00610898826038,0,0.00829951820552692,
0.16,321,12.1905016513609,-4.03106453509272,0,0.00829494736766821,
0.16,322,12.266035121068,-4.05608750563384,0,0.00830256124155518,
0.16,323,12.3417949512705,-4.08119824492377,0,0.00829806735298512,
0.16,324,12.4177985720758,-4.1063742999446,0,0.008308261830702,
0.16,325,12.494026950229,-4.13164022831934,0,0.00830384648368451,
0.16,326,12.5705012752365,-4.15696884645215,0,0.00831729045396235,
0.16,327,12.6471981970851,-4.18238995989017,0,0.00831295612726925,
0.16,328,12.7241439878024,-4.20787054311999,0,0.0083304567919669,
0.16,329,12.80130945019,-4.233446837113,0,0.00832620677213831,
0.16,330,12.8787277323094,-4.25907872913442,0,0.00834870976803277,
0.16,331,12.9563617333833,-4.2848101990278,0,0.00834454789059553,
0.16,332,13.0342538544236,-4.31059272148844,0,0.00837312101818464,
0.16,333,13.1123563937181,-4.33647936303339,0,0.00836905116977629,
0.16,334,13.1907240749838,-4.3624118734435,0,0.00840484576794292,
0.16,335,13.2692951532722,-4.38845368356398,0,0.00840087111166923,
0.16,336,13.3481405256869,-4.41453565642563,0,0.00844505631890688,
0.16,337,13.4271801444836,-4.44073263416256,0,0.00844117824159679,
0.16,338,13.5065057556513,-4.46696376329768,0,0.00849484608404145,
0.16,339,13.5860139162555,-4.49331591084437,0,0.00849106291234764,
0.16,340,13.6658226953328,-4.51969622622416,0,0.00855510635501298,
0.16,341,13.7457993973404,-4.54620354992262,0,0.00855141194180559,
0.16,342,13.8260945656397,-4.57273353715777,0,0.00862638334291834,
0.16,343,13.906539804914,-4.59939604829256,0,0.00862276567523055,
0.16,344,13.9873247240236,-4.62607675432766,0,0.00870872868122634,
0.16,345,14.0682384901898,-4.6528944695458,0,0.00870516869350175,
0.16,346,14.1495164456873,-4.67972757520016,0,0.00880156134398132,
0.16,347,14.230898719306,-4.7067005164064,0,0.00879803212854253,
0.16,348,14.3126726461623,-4.73368835631807,0,0.008903561546112,
0.16,349,14.3945233958215,-4.76081654994752,0,0.00890002812856052,
0.16,350,14.4767955601032,-4.78796206384169,0,0.00901261665071267,
0.16,351,14.5591147397216,-4.81524553948347,0,0.00900903644843856,
0.16,352,14.6418863986981,-4.84255214539421,0,0.00912583505107738,
0.16,353,14.7246739453769,-4.86999093382415,0,0.00912215906470531,
0.16,354,14.8079450133122,-4.89746232298821,0,0.00923963692549963,
0.16,355,14.8912008460704,-4.92505645374122,0,0.0092358116455042,
0.16,356,14.9749695951934,-4.95269631677192,0,0.00934992200455805,
0.16,357,15.0586936149127,-4.9804458154386,0,0.00934589196018404,
0.16,358,15.1429564405775,-5.00825751829255,0,0.00945230583118687,
0.16,359,15.2271485314624,-5.03616240375178,0,0.00944801667650249,
0.16,360,15.3118998085517,-5.0641486385233,0,0.00954240915442136,
0.16,361,15.3965598413884,-5.09220892032597,0,0.00953781117702782,
0.16,362,15.4817918973402,-5.12037135942562,0,0.00961618121905787,
0.16,363,15.566919734828,-5.14858703553879,0,0.00961123315850657,
0.16,364,15.6526229651152,-5.17692601866968,0,0.0096702370433651,
0.16,365,15.7382184695202,-5.20529707378184,0,0.00966491010742962,
0.16,366,15.8243816253548,-5.23381135642413,0,0.00970219068486528,
0.16,367,15.910444668677,-5.26233776101958,0,0.00969647262634046,
0.16,368,15.9970553546328,-5.29102435233196,0,0.00971096972228101,
0.16,369,16.0835858313364,-5.31970606275762,0,0.00970486878018612,
0.16,370,16.1706312618773,-5.34856018115687,0,0.0096970993406775,
0.16,371,16.2576291039488,-5.37739714092174,0,0.00969064774349256,
0.16,372,16.3450971808143,-5.40641231754914,0,0.00966294653013741,
0.16,373,16.4325623744083,-5.43540446007649,0,0.00965620311957553,
0.16,374,16.5204431590394,-5.46457282286641,0,0.00961291623755009,
0.16,375,16.6083757612051,-5.49372007581452,0,0.00960596762869378,
0.16,376,16.6966634261827,-5.52303284679611,0,0.00955359432766824,
0.16,377,16.7850635791124,-5.55233513780248,0,0.00954655393847869,
0.16,378,16.8737589326673,-5.5817833679268,0,0.00949384321504231,
0.16,379,16.9626268716679,-5.61124063114948,0,0.00948684756476508,
0.16,380,17.0517405757771,-5.64081617258869,0,0.0094448875270904,
0.16,381,17.1410766259609,-5.67042835468647,0,0.0094380895184992,
0.16,382,17.2306333205188,-5.70012502258096,0,0.00942050194126749,
0.16,383,17.3204378763624,-5.72989208584927,0,0.00941406145404559,
0.16,384,17.4104817069855,-5.75970688681314,0,0.00943757449988947,
0.16,385,17.5007551886245,-5.78962880620744,0,0.00943164746780575,
0.16,386,17.5913580372989,-5.81956301503673,0,0.00951766272430548,
0.16,387,17.6821008170994,-5.84963976479982,0,0.00951239073098977,
0.16,388,17.7733767408949,-5.87969951915277,0,0.00969096065570452,
0.16,389,17.8645890304708,-5.90993104296041,0,0.00968646373269019,
0.16,390,17.9567248765769,-5.94012693423202,0,0.0100063104761758,
0.16,391,18.0484065475869,-5.97051308643925,0,0.0100026865029955,
0.16,392,18.1417407918784,-6.0008574233602,0,0.0105585993738634,
0.16,393,18.2338910342947,-6.03139784238006,0,0.0105559367739862,
0.16,394,18.3291709663991,-6.06189270955749,0,0.0115810093172528,
0.16,395,18.4217873565289,-6.09258645516115,0,0.011579438176465,
0.16,396,18.521426612801,-6.1231291654211,0,0.0139303939813661,
0.16,397,18.6145005553106,-6.15397300869582,0,0.0139302754934402,
0.16,398,18.7445240162518,-6.17341289392723,0,0.0363782808159959,
0.16,399,18.8378744748378,-6.20449165586679,0,0.0362421519221589,
0.2,0,-0.297959637861137,4.4804437937529e-12,1,0.116030948246643,
0.2,1,0.000512881164542862,-0.000233927772598252,1,1.57364138566152e-05,
0.2,2,0.000512881168646577,-0.000233927775686156,1,1.57364151027016e-05,
0.2,3,0.00205144353050243,-0.000935563162342199,1,6.28409972713282e-05,
0.2,4,0.00205144354709961,-0.000935563174984006,1,6.28410024519537e-05,
0.2,5,0.00461544378229389,-0.0021044639239236,1,0.000141001166892626,
0.2,6,0.00461544382025403,-0.00210446395353376,1,0.000141001179383014,
0.2,7,0.00820447662554397,-0.00373989809878689,1,0.000249700573308746,
0.2,8,0.00820447669456856,-0.00373989815443205,1,0.000249700597681893,
0.2,9,0.0128179751600962,-0.00584085164494603,1,0.000388225983319272,
0.2,10,0.0128179752710484,-0.0058408517382563,1,0.000388226026056864,
0.2,11,0.018455211456007,-0.00840603902441839,1,0.000555676807304,
0.2,12,0.0184552116212497,-0.00840603917074054,1,0.000555676877727065,
0.2,13,0.0251152973924801,-0.011433916646148,1,0.000750977154278806,
0.2,14,0.0251152976261794,-0.011433916866085,1,0.000750977265847391,
0.2,15,0.0327971858443479,-0.0149226990227736,1,0.00097289025122701,
0.2,16,0.0327971861627027,-0.014922699344262,1,0.000972890423364286,
0.2,17,0.0414996723292263,-0.0188703774525833,1,0.00122003500888655,
0.2,18,0.0414996727505409,-0.0188703779137315,1,0.00122003526956454,
0.2,19,0.0512213972597474,-0.023274740983078,1,0.00149090445340979,
0.2,20,0.0512213978041866,-0.0232747416360399,1,0.0014909048428129,
0.2,21,0.0619608489766709,-0.0281333993493191,1,0.00178388567283212,
0.2,22,0.061960849665464,-0.0281334002656208,1,0.00178388624857326,
0.2,23,0.0737163677670024,-0.0334438075092101,1,0.00209728085083333,
0.2,24,0.0737163686206411,-0.0334438087870513,1,0.00209728169538041,
0.2,25,0.0864861510914771,-0.0392032913206635,1,0.00242932888129649,
0.2,26,0.0864861521262301,-0.0392032930949107,1,0.00242933011253463,
0.2,27,0.100268260252461,-0.0454090738249943,1,0.00277822698031411,
0.2,28,0.100268261474057,-0.0454090762808033,1,0.00277822876655197,
0.2,29,0.115060628720547,-0.0520583015214223,1,0.00314215164407657,
0.2,30,0.11506063011317,-0.0520583049126683,1,0.00314215422530811,
0.2,31,0.130861072300209,-0.0591480699454462,1,0.00351927824942517,
0.2,32,0.130861073807831,-0.0591480746194117,1,0.00351928196733655,
0.2,33,0.147667301248095,-0.0666754478073787,1,0.00390779856782638,
0.2,34,0.147667302743381,-0.066675454237244,1,0.00390780390783283,
0.2,35,0.16547693436056,-0.0746374989161261,1,0.00430593547256971,
0.2,36,0.165476935593758,-0.0746375077426642,1,0.00430594312211993,
0.2,37,0.184287514922926,-0.08303130111813,1,0.00471195417175128,
0.2,38,0.184287515438777,-0.0830313132009057,1,0.00471196509984267,
0.2,39,0.204096527274017,-0.0918539780080645,1,0.0051241849652271,
0.2,40,0.204096528269918,-0.0918539615325001,1,0.00512416940240515,
0.2,41,0.224901416704415,-0.101102649806916,1,0.00554097025158293,
0.2,42,0.224901420558203,-0.101102627469006,1,0.00554094817626938,
0.2,43,0.246699609273376,-0.110774522613429,1,0.00596073901709038,
0.2,44,0.246699618216299,-0.110774492580111,1,0.0059607078720344,
0.2,45,0.269488529773491,-0.120866837899014,1,0.0063819533216629,
0.2,46,0.269488547434519,-0.120866798020383,1,0.00638190971348351,
0.2,47,0.293265620834952,-0.131376880620093,1,0.00680310833127722,
0.2,48,0.293265653005783,-0.131376828658755,1,0.00680304794380402,
0.2,49,0.318028360111132,-0.142301970451632,1,0.0072227175511334,
0.2,50,0.318028415834089,-0.142301904696367,1,0.00722263528698268,
0.2,51,0.343774275488047,-0.153639448738209,1,0.00763929488395739,
0.2,52,0.343774368478085,-0.153639369360009,1,0.00763918555976762,
0.2,53,0.370500957934434,-0.165386661896932,1,0.00805133433901271,
0.2,54,0.370501108148012,-0.165386573621054,1,0.00805119453562267,
0.2,55,0.398206071869396,-0.177540942165939,1,0.00845728826294911,
0.2,56,0.39820630655745,-0.177540859028034,1,0.00845712029603508,
0.2,57,0.426887363230782,-0.190099586674968,1,0.00885554492054183,
0.2,58,0.426887715925751,-0.190099539525535,1,0.00885536414714788,
0.2,59,0.456542665748622,-0.203059835819216,1,0.00924440613270918,
0.2,60,0.456543170469003,-0.203059882263583,1,0.00924425236342932,
0.2,61,0.487169906230689,-0.216418851860715,1,0.00962206550877783,
0.2,62,0.487170583671745,-0.21641908587819,1,0.00962201724517251,
0.2,63,0.518767109919751,-0.23017369859602,1,0.00998658763297153,
0.2,64,0.518767944424328,-0.230174253782532,1,0.00998677402222355,
0.2,65,0.551332407157785,-0.244321322863314,1,0.0103358884361615,
0.2,66,0.551333318741025,-0.244322362324824,1,0.0103364908563784,
0.2,67,0.584864042664127,-0.258858538673271,1,0.010667716966337,
0.2,68,0.584864863508756,-0.258860229740748,1,0.0106689548906738,
0.2,69,0.619360388668613,-0.273782014894596,1,0.0109796389319563,
0.2,70,0.619360851299082,-0.273784495230503,1,0.0109817433158225,
0.2,71,0.620970951022395,-5.82665793837991e-05,1,0.241763811295443,E1
0.2,72,0.654819697739854,-0.289091611387161,1,0.0112722057372492,
0.2,73,0.654819962876168,-0.289088267753632,1,0.0112690227978832,
0.2,74,0.6912399854065,-0.304777843553356,1,0.0115374542788549,
0.2,75,0.691241451669144,-0.304773659928872,1,0.0115330299159606,
0.2,76,0.728620487254405,-0.32083926821609,1,0.0117743529795381,
0.2,77,0.728623737900688,-0.320834408664092,1,0.0117686111744575,
0.2,78,0.766960197228261,-0.337271768950012,1,0.0119795021368647,
0.2,79,0.766965930853737,-0.337266605851592,1,0.0119725138293731,
0.2,80,0.806258373656884,-0.354071034248463,1,0.0121492194105869,
0.2,81,0.806267393195474,-0.354066252912551,1,0.012141303134813,
0.2,82,0.846514597404973,-0.371232563532221,1,0.0122795227117073,
0.2,83,0.846527756042359,-0.37122931153649,1,0.0122714032105289,
0.2,84,0.887728844543219,-0.388751687882438,1,0.0123661209997039,
0.2,85,0.887746909303669,-0.388751766460512,1,0.0123591586258337,
0.2,86,0.929901572032684,-0.406623612834181,1,0.0124044203309191,
0.2,87,0.929924952583878,-0.406629686956686,1,0.012400910152743,
0.2,88,0.973033813139253,-0.424843492418497,1,0.0123895548996854,
0.2,89,0.973062096656506,-0.424859259513368,1,0.0123930632353564,
0.2,90,1.01712727580899,-0.443406546124645,1,0.0123164564585008,
0.2,91,1.01715852296345,-0.443436749687443,1,0.0123321075669807,
0.2,92,1.06218443105709,-0.462308232711955,1,0.0121799799890827,
0.2,93,1.06221424192339,-0.462358347843294,1,0.0122145301836293,
0.2,94,1.10820856855585,-0.481544495388451,1,0.0119751078798423,
0.2,95,1.1082290315516,-0.481619878081844,1,0.012036571272466,
0.2,96,1.15520255942002,-0.50121641026379,1,0.0117938193280696,
0.2,97,1.15520378221834,-0.501112089204201,1,0.0116972570891362,
0.2,98,1.20313475984815,-0.521141890724921,1,0.0114807241336554,
0.2,99,1.20317482984214,-0.521008989170741,1,0.0113427097054226,
0.2,100,1.25202644890019,-0.541388945396011,1,0.0110901759313262,
0.2,101,1.25212679091106,-0.541234849985858,1,0.0109091696401419,
0.2,102,1.30188006225927,-0.561948965181594,1,0.0106132967193652,
0.2,103,1.30206443497518,-0.561791437532714,1,0.0103964060291082,
0.2,104,1.32719707260809,-0.0154473185608081,1,0.502606961343638,E2
0.2,105,1.35270037205196,-0.582812477024414,1,0.0100395028806194,
0.2,106,1.35299123008635,-0.582682874676704,1,0.00980686575981434,
0.2,107,1.4044951079276,-0.60396971713728,1,0.00935679130432799,
0.2,108,1.40490799945667,-0.60391545208646,1,0.00914602234787719,
0.2,109,1.45727552529085,-0.625411328598284,1,0.00855216063366953,
0.2,110,1.45781140740797,-0.62549669868565,1,0.00842210936547444,
0.2,111,1.51105705012882,-0.647129211687229,1,0.00761214336997729,
0.2,112,1.51169271191676,-0.647433484229472,1,0.00764485858045629,
0.2,113,1.56586013868943,-0.66911772830732,1,0.00652358044406178,
0.2,114,1.5665374384543,-0.669729241629661,1,0.00682306856089904,
0.2,115,1.62171140148455,-0.691375688965755,1,0.00527501363907521,
0.2,116,1.62232656224996,-0.692380917999183,1,0.00596133600628768,
0.2,117,1.67864478421021,-0.713909864476827,1,0.00385946021128972,
0.2,118,1.67903924190754,-0.715376682322707,1,0.0050568798518313,
0.2,119,1.73665631386254,-0.738695276830815,1,0.00409758303882446,
0.2,120,1.73670192491389,-0.736741173691667,1,0.00227997307909,
0.2,121,1.78458286924732,-0.173750709263324,1,0.534914301671924,E3
0.2,122,1.79516323880187,-0.76230708191861,1,0.00306182597974217,
0.2,123,1.79592912945732,-0.759914887383006,1,0.000560217033493069,
0.2,124,1.85455145138208,-0.78617598958243,1,0.00191968650268206,
0.2,125,1.85636494629896,-0.783514542889223,1,0.0012378764183636,
0.2,126,1.91481786370198,-0.810260727407616,1,0.000634352681742057,
0.2,127,1.91800863093651,-0.807671085520481,1,0.00299340873609498,
0.2,128,1.97596290767609,-0.834514456948731,1,0.000837484743628408,
0.2,129,1.98076894491107,-0.832539997016813,1,0.0045276418242585,
0.2,130,2.03798748645655,-0.858881792076763,1,0.00254719148048028,
0.2,131,2.04443831115159,-0.858216987865264,1,0.0056715861676057,
0.2,132,2.10088841983831,-0.883292254814168,1,0.00455844361468869,
0.2,133,2.10876907445518,-0.884644863047619,1,0.00638148038789923,
0.2,134,2.12442189284593,-0.564794982665159,1,0.307078223734853,E4
0.2,135,2.16465002521943,-0.907648209332195,1,0.0069550626068801,
0.2,136,2.17360769071807,-0.911637664060131,1,0.00676881071907419,
0.2,137,2.2292242329447,-0.931803319387451,1,0.00985311385740347,
0.2,138,2.23893448013051,-0.939000079149776,1,0.00700580751962439,
0.2,139,2.29447468419734,-0.955526749622238,1,0.0134121101858901,
0.2,140,2.30480306935804,-0.966601665212071,1,0.00723350005222252,
0.2,141,2.36000368309269,-0.9784754747821,1,0.0177931287020191,
0.2,142,2.3712780850983,-0.994377338553446,1,0.00753700118982933,
0.2,143,2.42468971260049,-1.00045786858889,1,0.0227359295932271,
0.2,144,2.43840781446754,-1.02230366118319,1,0.00795670264023376,
0.2,145,2.48674377832474,-1.0230509358345,1,0.0260913280262591,
0.2,146,2.50621908924969,-1.05038018621137,1,0.00850346480512523,
0.2,147,2.54754278065526,-1.04977732948328,1,0.0251509360275732,
0.2,148,2.57472012170154,-1.0786201715088,1,0.00916827438028241,
0.2,149,2.61093523601221,-1.0800246489586,1,0.0219774947656989,
0.2,150,2.64390539642463,-1.1070477731751,1,0.00992673432724165,
0.2,151,2.67731549578412,-1.11123891029177,1,0.0190769469174955,
0.2,152,2.71376150822943,-1.13569861496639,1,0.0107408127670818,
0.2,153,2.74578129640899,-1.14254647423149,1,0.0169026095395393,
0.2,154,2.78427441163997,-1.16462110796163,1,0.0115604505773447,
0.2,155,2.81576950176985,-1.17384635714751,1,0.0153281991815192,
0.2,156,2.85543824462321,-1.19387584546544,1,0.0123275548454595,
0.2,157,2.88699783676961,-1.20518716032114,1,0.0141990279985763,
0.2,158,2.92726422314425,-1.22353056254964,1,0.0129841051413744,
0.2,159,2.95931692549206,-1.23663040751319,1,0.0134002591327585,
0.2,160,2.99978602326761,-1.25364988697878,1,0.0134836894292516,
0.2,161,3.03264041684253,-1.26822866843017,0,0.0128498459777893,
0.2,162,3.07305779543888,-1.28428270749644,0,0.0138023653710991,
0.2,163,3.1069144579843,-1.30002496252804,0,0.0124871937083839,
0.2,164,3.14714426576906,-1.31545296041258,0,0.0139432917003159,
0.2,165,3.18210374140377,-1.33205521405183,0,0.0122654645103019,
0.2,166,3.22210734188414,-1.34715847387846,0,0.013932576787149,
0.2,167,3.25818476500102,-1.36435036846557,0,0.0121470035748952,
0.2,168,3.29799554627894,-1.37937754776599,0,0.0138091033226556,
0.2,169,3.33514239678421,-1.39693770458015,0,0.0121007927783036,
0.2,170,3.37483978307604,-1.41207882761072,0,0.0136137853131958,
0.2,171,3.41296797640157,-1.42984144645579,0,0.0121011477837175,
0.2,172,3.45265472300224,-1.44522990919452,0,0.0133821820702613,
0.2,173,3.49165808235389,-1.46308287989166,0,0.0121271306772346,
0.2,174,3.5314430037952,-1.47880259871325,0,0.013141288990533,
0.2,175,3.57121351852971,-1.49668019085196,0,0.0121623041255494,
0.2,176,3.61119978380104,-1.51277503006762,0,0.0129093606563369,
0.2,177,3.65163831372704,-1.53064823131049,0,0.0121945574427446,
0.2,178,3.69191640996917,-1.54713175559887,0,0.0126972556469718,
0.2,179,3.7329386836558,-1.56499838148893,0,0.0122158292619791,
0.2,180,3.77358292489061,-1.58186286341894,0,0.0125102258182258,
0.2,181,3.81512200307724,-1.59973861495996,0,0.012221647303775,
0.2,182,3.85618958973443,-1.61696279475549,0,0.0123495986590811,
0.2,183,3.8981958795977,-1.63487379678485,0,0.0122104930914291,
0.2,184,3.93972770850421,-1.65242919756493,0,0.0122141541646243,
0.2,185,3.98216741600608,-1.67040617602064,0,0.012183061062481,
0.2,186,4.02419000094907,-1.68826194560125,0,0.0121011735518993,
0.2,187,4.06704271119551,-1.70633599097075,0,0.0121415067458171,
0.2,188,4.10957069959867,-1.72446235008632,0,0.0120072031468598,
0.2,189,4.1528266026771,-1.74266209493253,0,0.0120887701400744,
0.2,190,4.19586548458071,-1.76103255040221,0,0.0119285902106039,
0.2,191,4.23952261506949,-1.77938252570075,0,0.0120280311071013,
0.2,192,4.2830713274583,-1.79797505876727,0,0.0118618415079417,
0.2,193,4.32713305795084,-1.81649497081446,0,0.0119623189565715,
0.2,194,4.37118628920834,-1.83529243370673,0,0.0118038453899144,
0.2,195,4.41565921296822,-1.85399711011274,0,0.0118942697950925,
0.2,196,4.46020930205444,-1.87298705989382,0,0.0117519896153162,
0.2,197,4.5051015585898,-1.89188683996417,0,0.0118260075197825,
0.2,198,4.55013995549988,-1.91106101451385,0,0.0117042011148257,
0.2,199,4.59545999475338,-1.93016239714249,0,0.0117591172035234,
0.2,200,4.64097830052624,-1.94951600209087,0,0.0116589297709976,
0.2,201,4.68673404386485,-1.96882240582422,0,0.0116946800797578,
0.2,202,4.73272468090909,-1.98835334106135,0,0.0116150950959347,
0.2,203,4.77892301636684,-2.0078658711066,0,0.0116333439883137,
0.2,204,4.82537959632107,-2.02757398678835,0,0.0115720117236603,
0.2,205,4.87202613754591,-2.04729213930654,0,0.0115754093235688,
0.2,206,4.91894359824472,-2.06717857749717,0,0.0115293065671969,
0.2,207,4.96604263758612,-2.08710084098443,0,0.0115209165814893,
0.2,208,5.01341721683107,-2.10716749183482,0,0.011486837320059,
0.2,209,5.06097180978375,-2.12729182828704,0,0.0114697267405197,
0.2,210,5.10880091482375,-2.1475409092612,0,0.0114446188895959,
0.2,211,5.15681304304311,-2.16786511439112,0,0.0114215896922077,
0.2,212,5.20509506354039,-2.18829886702457,0,0.0114027615658044,
0.2,213,5.25356583489477,-2.20882081975566,0,0.0113761988156627,
0.2,214,5.30229993556074,-2.22944130981878,0,0.0113614224365431,
0.2,215,5.35122979076367,-2.25015912756047,0,0.0113332317363429,
0.2,216,5.40041570903469,-2.27096813018999,0,0.0113207698482168,
0.2,217,5.44980461437993,-2.29188024903828,0,0.0112923785230836,
0.2,218,5.4994424791844,-2.31287919926709,0,0.01128095958022,
0.2,219,5.54929009326671,-2.33398439828699,0,0.0112533592362933,
0.2,220,5.59938027343716,-2.35517438843111,0,0.0112421207791606,
0.2,221,5.64968608228424,-2.37647177546337,0,0.0112159329992937,
0.2,222,5.70022906753452,-2.39785358316051,0,0.0112043494796747,
0.2,223,5.75099248733741,-2.41934255691174,0,0.0111799007458279,
0.2,224,5.80198880080588,-2.44091669057435,0,0.0111677076045382,
0.2,225,5.85320925060357,-2.46259689067856,0,0.0111451035988882,
0.2,226,5.90465938951304,-2.48436364223573,0,0.011132225579108,
0.2,227,5.95633633802952,-2.50623489592949,0,0.0111114185387052,
0.2,228,6.0082407377372,-2.52819439365526,0,0.011097907028292,
0.2,229,6.06037372938747,-2.55025666496057,0,0.0110787526779022,
0.2,230,6.11273274569234,-2.57240892172189,0,0.0110647343802656,
0.2,231,6.16532141084978,-2.59466226672157,0,0.0110470371248026,
0.2,232,6.21813531562334,-2.61700722103713,0,0.0110326745397294,
0.2,233,6.27117936983389,-2.63945175101515,0,0.0110162211082518,
0.2,234,6.32444835560981,-2.66198929987839,0,0.0110016840872126,
0.2,235,6.37794759175565,-2.68462515276842,0,0.0109862667789061,
0.2,236,6.43167178167045,-2.70735517629008,0,0.0109717136988321,
0.2,237,6.48562605828522,-2.73018249597989,0,0.0109571448947056,
0.2,238,6.53980551857427,-2.7531048746097,0,0.0109427116619614,
0.2,239,6.59421474671101,-2.77612379711248,0,0.0109288314479717,
0.2,240,6.6488494997365,-2.79923842258564,0,0.0109146264892954,
0.2,241,6.70371363005839,-2.82244906783404,0,0.0109013051875076,
0.2,242,6.75880366652168,-2.84575584913228,0,0.010887408715198,
0.2,243,6.81412267766784,-2.86915831709758,0,0.0108745459276487,
0.2,244,6.86966796721625,-2.89265718269276,0,0.0108610120036103,
0.2,245,6.92544185600277,-2.9162515526142,0,0.0108485335062503,
0.2,246,6.98144235586619,-2.93994245013272,0,0.0108353937142929,
0.2,247,7.0376711295188,-2.96372878180351,0,0.0108232472477593,
0.2,248,7.0941267911184,-2.98761167606561,0,0.0108105150730985,
0.2,249,7.15081046148106,-3.01159001231968,0,0.0107986657969893,
0.2,250,7.20772123515424,-3.03566488250239,0,0.0107863410793156,
0.2,251,7.26485981466447,-3.05983525224931,0,0.0107747672095489,
0.2,252,7.32222565276648,-3.08410208872354,0,0.0107628402641227,
0.2,253,7.37981915190565,-3.1084645100666,0,0.0107515292080951,
0.2,254,7.43764001060195,-3.13292331128177,0,0.0107399843931033,
0.2,255,7.49568843650548,-3.1574777944162,0,0.0107289295390647,
0.2,256,7.55396427657701,-3.18212856405962,0,0.0107177481856573,
0.2,257,7.6124676325001,-3.20687511377743,0,0.0107069463874891,
0.2,258,7.6711984194624,-3.23171785832227,0,0.0106961091046001,
0.2,259,7.73015670483301,-3.25665647604901,0,0.0106855588265384,
0.2,260,7.78934240863434,-3.28169120272479,0,0.0106750472526327,
0.2,261,7.84875561947135,-3.30682188808241,0,0.0106647472925615,
0.2,262,7.90839621399138,-3.33204860325124,0,0.0106545453960172,
0.2,263,7.96826434351376,-3.35737135518576,0,0.010644494084048,
0.2,264,8.02835980603943,-3.38279006308225,0,0.010634589119657,
0.2,265,8.088682845341,-3.40830488062013,0,0.0106247838842534,
0.2,266,8.14923315615451,-3.43391558240906,0,0.0106151671006959,
0.2,267,8.21001109485704,-3.4596224651154,0,0.0106056043009584,
0.2,268,8.2710162370281,-3.48542515823091,0,0.0105962714685846,
0.2,269,8.33224906386156,-3.51132410644333,0,0.0105869464047888,
0.2,270,8.39370902329897,-3.53731878419338,0,0.0105778982000142,
0.2,271,8.45539672657946,-3.56340979909767,0,0.0105688052300428,
0.2,272,8.51731149235425,-3.58959645054004,0,0.0105600474753707,
0.2,273,8.57945406035241,-3.61587953414365,0,0.0105511801826219,
0.2,274,8.64182362526456,-3.64225814425861,0,0.0105427239083201,
0.2,275,8.70442104646668,-3.66873329930614,0,0.0105340752811901,
0.2,276,8.76724540778429,-3.69530384950129,0,0.0105259365481389,
0.2,277,8.83029767105532,-3.72197107936364,0,0.0105174991456368,
0.2,278,8.89357683131297,-3.74873354834044,0,0.0105096985581086,
0.2,279,8.95708392597758,-3.77559285689875,0,0.0105014646482932,
0.2,280,9.02081789368425,-3.80254722188689,0,0.010494026492683,
0.2,281,9.08477980953852,-3.8295986134229,0,0.0104859881582253,
0.2,282,9.1489685996231,-3.85674485174461,0,0.0104789391357225,
0.2,283,9.21338532689497,-3.88398833084134,0,0.0104710883499483,
0.2,284,9.27802896071349,-3.91132642170817,0,0.0104644559244204,
0.2,285,9.34290048998534,-3.93876199316005,0,0.0104567846039951,
0.2,286,9.4079989947398,-3.96629191953452,0,0.010450595060942,
0.2,287,9.47332531684826,-3.9939195882623,0,0.0104430951051575,
0.2,288,9.53887872432466,-4.02164133855137,0,0.010437371500548,
0.2,289,9.60465983025187,-4.04946110951633,0,0.0104300348280314,
0.2,290,9.67066817487601,-4.07737467881489,0,0.0104247950857971,
0.2,291,9.73690405564488,-4.10538655692789,0,0.0104176136775202,
0.2,292,9.80336737196488,-4.13349194751503,0,0.0104128691521588,
0.2,293,9.87005801855236,-4.16169593753813,0,0.0104058351082253,
0.2,294,9.93697633838327,-4.18999315836214,0,0.0104015899471785,
0.2,295,10.0041217416601,-4.21838926480359,0,0.0103946955601012,
0.2,296,10.0714950912297,-4.24687832977068,0,0.0103909471684906,
0.2,297,10.1390952419356,-4.27546655677879,0,0.0103841850113318,
0.2,298,10.2069236394404,-4.30414748178743,0,0.0103809258317176,
0.2,299,10.2749785281975,-4.33292783305134,0,0.0103742888546052,
0.2,300,10.3432619821836,-4.36180063186046,0,0.0103715095422024,
0.2,301,10.411771599546,-4.39077311052797,0,0.0103649911674398,
0.2,302,10.4805101084631,-4.41983778968325,0,0.0103626850896082,
0.2,303,10.5494744449947,-4.4490023983054,0,0.0103562792929146,
0.2,304,10.618667998139,-4.47825895143076,0,0.0103544481540851,
0.2,305,10.6880870445061,-4.50761569194017,0,0.0103481495207242,
0.2,306,10.7577356243999,-4.53706409369339,0,0.0103468098564855,
0.2,307,10.8276093714628,-4.56661296741732,0,0.0103406136047783,
0.2,308,10.897712957572,-4.59625316728416,0,0.0103398039455496,
0.2,309,10.9680413964574,-4.62599417498598,0,0.0103337059169362,
0.2,310,11.0385999700921,-4.65582609085482,0,0.0103334946142578,
0.2,311,11.1093830922318,-4.685759232789,0,0.0103274912378091,
0.2,312,11.1803966425782,-4.71578274395156,0,0.0103279852603131,
0.2,313,11.2516344397097,-4.74590801991142,0,0.0103220735088076,
0.2,314,11.3231029712695,-4.77612295886969,0,0.0103234288853877,
0.2,315,11.3947954354027,-4.80644036820361,0,0.0103176062474971,
0.2,316,11.4667189776561,-4.83684651055655,0,0.0103200411453628,
0.2,317,11.5388661010252,-4.86735605213175,0,0.0103143056402666,
0.2,318,11.6112447218398,-4.89795310401514,0,0.0103181171552135,
0.2,319,11.6838464968719,-4.92865477611833,0,0.0103124674119796,
0.2,320,11.7566803218835,-4.95944235930474,0,0.0103180528393809,
0.2,321,11.8297367412254,-4.99033615948737,0,0.0103124882497449,
0.2,322,11.9030259819001,-5.02131379538599,0,0.010320370749705,
0.2,323,11.9765370385391,-5.05239972028383,0,0.0103148916815122,
0.2,324,12.0502820315896,-5.08356681566334,0,0.0103257487784008,
0.2,325,12.1242477190983,-5.11484486084664,0,0.0103203568087303,
0.2,326,12.1984489790702,-5.14620069994168,0,0.0103350481395551,
0.2,327,12.2728692919731,-5.17767085987234,0,0.0103297462371246,
0.2,328,12.3475275769189,-5.20921460926469,0,0.0103493346304359,
0.2,329,12.4224025111475,-5.24087687744897,0,0.0103441271919853,
0.2,330,12.4975188982851,-5.27260761122566,0,0.0103698849585316,
0.2,331,12.5728484516353,-5.30446198064404,0,0.0103647775911763,
0.2,332,12.6484244159318,-5.33637873323739,0,0.0103981684569366,
0.2,333,12.7242085883988,-5.36842519710736,0,0.0103931674059289,
0.2,334,12.8002460726125,-5.40052704935615,0,0.0104357945201168,
0.2,335,12.8764848664389,-5.43276560223275,0,0.0104309056738779,
0.2,336,12.9529863271327,-5.46505180221729,0,0.010484418231105,
0.2,337,13.0296797463964,-5.49748244137002,0,0.0104796456926147,
0.2,338,13.1066481578937,-5.52995255550912,0,0.0105456013036744,
0.2,339,13.1837962074829,-5.5625752824367,0,0.0105409455960553,
0.2,340,13.2612350058197,-5.59522936480395,0,0.0106206325112931,
0.2,341,13.3388376897001,-5.62804418668124,0,0.0106160885703846,
0.2,342,13.416750642261,-5.66088294676017,0,0.010710320400885,
0.2,343,13.494807961037,-5.69388987756767,0,0.0107058755851416,
0.2,344,13.5731989550094,-5.72691482048965,0,0.0108147797552085,
0.2,345,13.6517109028936,-5.76011388157392,0,0.0108104121494843,
0.2,346,13.7305836562765,-5.79332739218741,0,0.0109332399251452,
0.2,347,13.8095502177049,-5.82671861204809,0,0.0109289172185852,
0.2,348,13.8889079286624,-5.86012395643196,0,0.011063905765841,
0.2,349,13.9683290748843,-5.89370736962103,0,0.0110595849379142,
0.2,350,14.0481740363557,-5.92730859531613,0,0.011203899137348,
0.2,351,14.1280497223872,-5.96108424045443,0,0.011199527098334,
0.2,352,14.2083829365816,-5.99488596878,0,0.0113493007116471,
0.2,353,14.2887130989157,-6.02885388581334,0,0.0113448159382661,
0.2,354,14.3695339290247,-6.06286100389719,0,0.0114952996378512,
0.2,355,14.450318484461,-6.09702123081192,0,0.0114906347425289,
0.2,356,14.5316243784268,-6.13123850449515,0,0.0116364450798829,
0.2,357,14.6128632243278,-6.16559107376708,0,0.0116315301815555,
0.2,358,14.6946495392411,-6.20002271272,0,0.0117669817594853,
0.2,359,14.7763425554695,-6.23456764778346,0,0.0117617484900214,
0.2,360,14.8586025037848,-6.26921685952278,0,0.0118812437953581,
0.2,361,14.9407495565414,-6.30395417153113,0,0.0118756297779791,
0.2,362,15.0234742897023,-6.3388227416273,0,0.0119740784011481,
0.2,363,15.1060752374658,-6.37375242674865,0,0.0119680320542636,
0.2,364,15.1892540811438,-6.40884035983291,0,0.0120412729504349,
0.2,365,15.2723087828995,-6.44396239730992,0,0.0120347584790652,
0.2,366,15.3559296420722,-6.47926764977846,0,0.0120799639083273,
0.2,367,15.4394379679621,-6.51458200098719,0,0.012072966318484,
0.2,368,15.5234879292653,-6.55010033381318,0,0.0120890119822586,
0.2,369,15.6074497736574,-6.58560694258259,0,0.0120815418757688,
0.2,370,15.6919159453423,-6.6213319228789,0,0.0120693325720157,
0.2,371,15.7763312420133,-6.65703071735438,0,0.0120614303428252,
0.2,372,15.8612018858704,-6.69295390037684,0,0.012024173121903,
0.2,373,15.9460706244959,-6.72884479668866,0,0.0120159119986446,
0.2,374,16.0313366464832,-6.76495612391803,0,0.0119593299835464,
0.2,375,16.1166588888342,-6.80103903177558,0,0.011950817184152,
0.2,376,16.2023157644174,-6.83732748108171,0,0.0118833004923775,
0.2,377,16.2880916576304,-6.8736023110776,0,0.0118746756641378,
0.2,378,16.3741418779173,-6.91005682439454,0,0.0118073795319467,
0.2,379,16.4603716609989,-6.94652349619258,0,0.0117988097429618,
0.2,380,16.5468278150171,-6.98313417916371,0,0.0117457498745862,
0.2,381,16.6335118136323,-7.01979262883692,0,0.0117374208254004,
0.2,382,16.7204005230918,-7.05655215679756,0,0.0117157106659533,
0.2,383,16.8075391269486,-7.09340234046203,0,0.0117078145357676,
0.2,384,16.8949063539914,-7.13030741310415,0,0.0117383923713536,
0.2,385,16.982499970924,-7.16734930283978,0,0.0117311136944433,
0.2,386,17.0704190543693,-7.20440187260289,0,0.0118407406906472,
0.2,387,17.1584680347413,-7.24163543949554,0,0.0118342425366249,
0.2,388,17.2470540728066,-7.27884329732283,0,0.0120605641165936,
0.2,389,17.3355585936868,-7.31626847433628,0,0.0120549771838379,
0.2,390,17.4249993755457,-7.35364450725519,0,0.0124592521579422,
0.2,391,17.513959254873,-7.39126111695005,0,0.0124546689810077,
0.2,392,17.6045954334531,-7.4288193899097,0,0.0131565991716153,
0.2,393,17.6940097663983,-7.46662698964499,0,0.0131530750927202,
0.2,394,17.786597159576,-7.50436592288929,0,0.0144484448960436,
0.2,395,17.8764632968519,-7.54236336357168,0,0.0144460066192148,
0.2,396,17.9734598605839,-7.58013336709316,0,0.0174297706904029,
0.2,397,18.0637682559691,-7.61831674300014,0,0.0174282981505884,
0.2,398,18.189526477331,-7.64254790653792,0,0.0440824766710727,
0.2,399,18.2801077480069,-7.68102175730543,0,0.0439197217108465,
0.25,0,-0.29795963786326,-9.6281038697299e-12,1,0.142849459873356,
0.25,1,0.00048420654309477,-0.000286796779886142,1,1.95468701155006e-05,
0.25,2,0.000484206546652507,-0.000286796783575338,1,1.95468716474047e-05,
0.25,3,0.00193678709441846,-0.00114702370277263,1,7.80628037249465e-05,
0.25,4,0.00193678710870073,-0.00114702371787801,1,7.80628101338817e-05,
0.25,5,0.00435762391386072,-0.00258019196127299,1,0.000175175279605662,
0.25,6,0.00435762394628329,-0.00258019199653523,1,0.000175175295006986,
0.25,7,0.00774651909317282,-0.00458549167852715,1,0.000310268446216715,
0.25,8,0.0077465191514779,-0.00458549174449771,1,0.000310268476158386,
0.25,9,0.0121031920879726,-0.00716179908491677,1,0.000482490603079011,
0.25,10,0.0121031921803012,-0.0071617991948975,1,0.000482490655331463,
0.25,11,0.0174272763552417,-0.0103076865111054,1,0.000690764582562659,
0.25,12,0.0174272764900817,-0.0103076866823161,1,0.000690764668168487,
0.25,13,0.0237183151980732,-0.0140214351398651,1,0.000933800932802049,
0.25,14,0.0237183153840452,-0.0140214353949561,1,0.000933801067505738,
0.25,15,0.0309757569608466,-0.0183010504376499,1,0.00121011376373094,
0.25,16,0.0309757572061992,-0.0183010508066464,1,0.00121011396992754,
0.25,17,0.0391989497665273,-0.0231442801609622,1,0.00151803907222927,
0.25,18,0.0391989500781925,-0.0231442806838131,1,0.00151803938165386,
0.25,19,0.0483871360432536,-0.0285486348005159,1,0.00185575530765771,
0.25,20,0.0483871364251866,-0.0285486355304113,1,0.00185575576509269,
0.25,21,0.0585394471477634,-0.0345114102860125,1,0.00222130587483982,
0.25,22,0.0585394475981754,-0.0345114112936589,1,0.00222130654319378,
0.25,23,0.0696548984556486,-0.0410297127238468,1,0.00261262319729911,
0.25,24,0.0696548989625425,-0.0410297141029372,1,0.00261262416454693,
0.25,25,0.0817323853475963,-0.0481004848773221,1,0.00302755388013188,
0.25,26,0.0817323858816718,-0.0481004867513945,1,0.00302755526873565,
0.25,27,0.0947706805701962,-0.0557205340223077,1,0.0034638844209433,
0.25,28,0.0947706810737878,-0.0557205365531083,1,0.00346388640049507,
0.25,29,0.108768433481297,-0.0638865607206653,1,0.00391936682270006,
0.25,30,0.108768433851362,-0.0638865641178996,1,0.00391936962663511,
0.25,31,0.123724171693606,-0.0725951879510623,1,0.00439174337044066,
0.25,32,0.123724171755823,-0.0725951924829357,1,0.00439174731770505,
0.25,33,0.13963630506633,-0.0818429959300001,1,0.00487877527590679,
0.25,34,0.13963630559647,-0.0818429899270334,1,0.00487876975364524,
0.25,35,0.15650313458056,-0.0916265277086447,1,0.0053782433341405,
0.25,36,0.156503136155451,-0.0916265198243275,1,0.00537823565995836,
0.25,37,0.17432286293229,-0.101942345791725,1,0.00588799253267706,
0.25,38,0.174322866256413,-0.101942335547322,1,0.00588798194869709,
0.25,39,0.193093609523676,-0.112787035728489,1,0.00640592801571051,
0.25,40,0.193093615673894,-0.112787022605295,1,0.00640591355045268,
0.25,41,0.212813428916441,-0.124157229651508,1,0.00693002689430954,
0.25,42,0.212813439508981,-0.124157213164344,1,0.00693000734712805,
0.25,43,0.233480332261778,-0.136049620557575,1,0.00745834050503892,
0.25,44,0.233480349674235,-0.136049600410011,1,0.00745831447591124,
0.25,45,0.255092311080049,-0.148460971134854,1,0.00798899075591463,
0.25,46,0.255092338726917,-0.148460947515302,1,0.0079889567731926,
0.25,47,0.277647362463299,-0.161388116655776,1,0.00852016058243479,
0.25,48,0.277647405097592,-0.161388090763603,1,0.0085201174199462,
0.25,49,0.301143514605708,-0.174827961790509,1,0.00905007891118228,
0.25,50,0.30114357856372,-0.174827936713926,1,0.009050026241306,
0.25,51,0.325578851506518,-0.188777471595402,1,0.00957700090822992,
0.25,52,0.325578944709413,-0.188777453680484,1,0.00957694050256207,
0.25,53,0.350951535763147,-0.203233657355716,1,0.0100991846273608,
0.25,54,0.350951667124402,-0.203233658166446,1,0.0100991223609026,
0.25,55,0.3772598285861,-0.218193558362122,1,0.0106148654217876,
0.25,56,0.377260006264342,-0.218193597160843,1,0.0106148142873816,
0.25,57,0.404502106504936,-0.233654221024198,1,0.0111222296052518,
0.25,58,0.404502334281304,-0.233654327312341,1,0.0111222136800643,
0.25,59,0.43267687465293,-0.249612676929867,1,0.0116193888283625,
0.25,60,0.432677145812905,-0.249612891962527,1,0.0116194475362583,
0.25,61,0.461782776954662,-0.266065921525086,1,0.0121043564840745,
0.25,62,0.461783065682897,-0.266066297057094,1,0.0121045476207264,
0.25,63,0.491818603922303,-0.283010895016886,1,0.0125750272107884,
0.25,64,0.491818855421484,-0.283011487361162,1,0.0125754264666655,
0.25,65,0.522783299021419,-0.300444466922855,1,0.0130291602813205,
0.25,66,0.522783420816265,-0.300445325206702,1,0.013029855104698,
0.25,67,0.55467582187103,-0.318364574534674,1,0.0134654442840298,
0.25,68,0.554675964637193,-0.318363425443446,1,0.013464367415862,
0.25,69,0.587495285092139,-0.336765892350341,1,0.0138796310833817,
0.25,70,0.587495868518506,-0.336764472560558,1,0.013878105391126,
0.25,71,0.62097095098986,-5.82667218788172e-05,1,0.297658198776818,E1
0.25,72,0.621241217286519,-0.355645827976869,1,0.0142696716408439,
0.25,73,0.621242451186743,-0.355644225483252,1,0.0142676737571099,
0.25,74,0.655913220678722,-0.37500082905278,1,0.0146326391696385,
0.25,75,0.655915334184641,-0.374999224742981,1,0.0146302179866216,
0.25,76,0.691511110232387,-0.394827253228276,1,0.0149654259182568,
0.25,77,0.691514328266942,-0.39482594880201,1,0.0149627383685627,
0.25,78,0.728034934328917,-0.415121385682532,1,0.0152647486294411,
0.25,79,0.728039439829444,-0.415120834340324,1,0.0152621047291174,
0.25,80,0.765484999119836,-0.435879463854402,1,0.0155271585682833,
0.25,81,0.765490873283303,-0.435880300272757,1,0.0155250763704616,
0.25,82,0.80386189543665,-0.45709771152111,1,0.0157490585278106,
0.25,83,0.803869027115946,-0.457100771943625,1,0.0157483251920544,
0.25,84,0.843166525575829,-0.478772384558259,1,0.0159267301457737,
0.25,85,0.84317448260071,-0.478778700031562,1,0.0159284576940754,
0.25,86,0.883400125659614,-0.50089983049658,1,0.0160563754502614,
0.25,87,0.883407987084811,-0.500910567134856,1,0.0160620287687757,
0.25,88,0.9245642774892,-0.523476563286933,1,0.0161341767894494,
0.25,89,0.924570438652358,-0.523492875080486,1,0.0161455379160586,
0.25,90,0.966660901795612,-0.546499353181539,1,0.016156378945501,
0.25,91,0.966662884850832,-0.546522109385083,1,0.0161753986655891,
0.25,92,1.00968655269971,-0.569994685185623,1,0.0161478767396154,
0.25,93,1.00969222273208,-0.569965328853779,1,0.0161193957763858,
0.25,94,1.05364292683932,-0.593906890625727,1,0.0160590029032192,
0.25,95,1.05366069188616,-0.593872084275524,1,0.0160199404400884,
0.25,96,1.09853388458087,-0.618254855474184,1,0.0159044806780472,
0.25,97,1.09856886009032,-0.618217776045876,1,0.0158551722659016,
0.25,98,1.14436188127883,-0.643034579005887,1,0.0156796219378609,
0.25,99,1.1444191885721,-0.643001187914932,1,0.0156228439187735,
0.25,100,1.1911301619522,-0.668242047678757,1,0.0153793487231472,
0.25,101,1.19121379973504,-0.668221729367767,1,0.0153214196386501,
0.25,102,1.23884296267367,-0.693873460961241,1,0.0149982948722529,
0.25,103,1.23895418422096,-0.693879327398004,1,0.0149501207046427,
0.25,104,1.28750566195248,-0.719925569581604,1,0.0145310302862821,
0.25,105,1.28764090538612,-0.719974170439928,1,0.0145088423960239,
0.25,106,1.32719707232902,-0.0154473190932113,1,0.622735873371101,E2
0.25,107,1.33712484490535,-0.74639612242433,1,0.0139724223523751,
0.25,108,1.33727337142604,-0.746506277902757,1,0.0139978854721617,
0.25,109,1.38770824193437,-0.773284418995072,1,0.0133181501767265,
0.25,110,1.38784976935523,-0.773474903318673,1,0.0134174640374604,
0.25,111,1.4392644883906,-0.800591967609791,1,0.0125653974232902,
0.25,112,1.43936725851864,-0.800877831672054,1,0.0127669961154142,
0.25,113,1.4918026165114,-0.828323240225404,1,0.011713758318208,
0.25,114,1.49182249006973,-0.828710686576969,1,0.0120442465886012,
0.25,115,1.54521245248725,-0.856966393000149,1,0.0112444503313994,
0.25,116,1.54533113983487,-0.85648647047313,1,0.010766376945071,
0.25,117,1.59953556548773,-0.885634920217,1,0.0103595621830761,
0.25,118,1.59985654592112,-0.885094333320276,1,0.00973126633216393,
0.25,119,1.65479289872451,-0.914703354767424,1,0.00937773669710441,
0.25,120,1.65538103412929,-0.914164149008914,1,0.00862257199295633,
0.25,121,1.71098941662194,-0.944156255837779,1,0.00828304321287386,
0.25,122,1.71189953392901,-0.943716993388531,1,0.00746122066718639,
0.25,123,1.76813525765578,-0.97397617831963,1,0.00705531156323331,
0.25,124,1.76939655091187,-0.973774933047691,1,0.00627400602327692,
0.25,125,1.78458286809809,-0.173750709491788,1,0.703094009955689,E3
0.25,126,1.82624722866877,-1.00414425809777,1,0.00566992929999062,
0.25,127,1.82784418682556,-1.00435591660117,1,0.00509005458720744,
0.25,128,1.88535091842864,-1.03464087045682,1,0.00409740620640013,
0.25,129,1.88720323843748,-1.03546704441732,1,0.00393439254931965,
0.25,130,1.94548413899705,-1.06544664899967,1,0.00230261860204982,
0.25,131,1.94742855298129,-1.0670986944339,1,0.00282022314491195,
0.25,132,2.00670288583775,-1.09654478282857,1,0.000243967880850394,
0.25,133,2.00847738145317,-1.09922269723717,1,0.00174332035189704,
0.25,134,2.06909178676462,-1.12792714302007,1,0.00212625249391815,
0.25,135,2.07031701749554,-1.13179588146855,1,0.000681478001897882,
0.25,136,2.12442189106119,-0.564794979897362,1,0.522847883943423,E4
0.25,137,2.13278173156494,-1.1596114701118,1,0.00485522564255221,
0.25,138,2.13292815992352,-1.1647669539703,1,0.000401064404904792,
0.25,139,2.19630320196409,-1.19808297886214,1,0.00154711559268245,
0.25,140,2.19797373418841,-1.19169054222633,1,0.00795790232365665,
0.25,141,2.26044119515297,-1.23169288257807,1,0.00280104211433949,
0.25,142,2.26493116130362,-1.22446616785702,1,0.0112956853733767,
0.25,143,2.32534160079798,-1.26554763824544,1,0.00420561083558691,
0.25,144,2.33371724336856,-1.25868648881346,1,0.014242332882174,
0.25,145,2.3909976823297,-1.29959817740807,1,0.0058006536944824,
0.25,146,2.40339686338046,-1.29519995435375,1,0.0156049416037691,
0.25,147,2.45548627567658,-1.1115315686615,1,0.20176210860349,E5
0.25,148,2.4573887962801,-1.33379250847019,1,0.00762190060306653,
0.25,149,2.47252919706982,-1.33340842045393,1,0.0152176643516581,
0.25,150,2.5244694364197,-1.36807406093562,1,0.00969717999371156,
0.25,151,2.54106163395294,-1.37202132835252,1,0.0141878501805262,
0.25,152,2.59215184718456,-1.40238560397929,1,0.0120346443820178,
0.25,153,2.60959391959534,-1.41055546571555,1,0.013227091149123,
0.25,154,2.66028043774663,-1.43668982147258,1,0.0145924475351739,
0.25,155,2.6785261650851,-1.44899900203543,1,0.0125375929785265,
0.25,156,2.72861014707672,-1.47102973493386,1,0.0172153460029724,
0.25,157,2.74805134148838,-1.48743639449895,1,0.0121377527717072,
0.25,158,2.79684923848,-1.50564630540674,1,0.0195520105534111,
0.25,159,2.81825534597907,-1.52594921629343,1,0.0119971646207976,
0.25,160,2.8648734714239,-1.54105712950431,1,0.0210886433404782,
0.25,161,2.88917220321386,-1.56460279779752,1,0.0120748080141055,
0.25,162,2.93300579555567,-1.57782675383181,1,0.0214846384166377,
0.25,163,2.96080986253351,-1.60345018194095,1,0.0123279445184349,
0.25,164,3.00188718401579,-1.61611473234019,0,0.0209072729099462,
0.25,165,3.03316299771517,-1.64253802045177,0,0.0127130798635305,
0.25,166,3.07199494373143,-1.65563660800274,0,0.0198350144772991,
0.25,167,3.10622060056339,-1.68191139960814,0,0.0131853695078387,
0.25,168,3.14346542986864,-1.69601341997388,0,0.0186658046973345,
0.25,169,3.17997172299876,-1.72161692086368,0,0.0136986680394546,
0.25,170,3.2162411478943,-1.73698298846724,0,0.0176021636311454,
0.25,171,3.25441053798858,-1.76170360903416,0,0.0142071585066546,
0.25,172,3.29021551016073,-1.77840666206615,0,0.0167146685037912,
0.25,173,3.32954056115972,-1.80222132840525,0,0.0146687663631935,
0.25,174,3.36529103609343,-1.82022173743644,0,0.0160116119909664,
0.25,175,3.40537706253296,-1.84321692608326,0,0.0150497002434202,
0.25,176,3.44139154848416,-1.86240511844065,0,0.0154767415610857,
0.25,177,3.48194662903032,-1.88472925103427,0,0.0153286134215733,
0.25,178,3.51846018276048,-1.90495342818076,0,0.0150857583926696,
0.25,179,3.55928368245917,-1.92678492693849,0,0.0154986441137002,
0.25,180,3.59645500618946,-1.94787309498578,0,0.0148129174732138,
0.25,181,3.63742506199038,-1.96939657799004,0,0.0155663751865358,
0.25,182,3.67534531881125,-1.99117544266882,0,0.0146335628770215,
0.25,183,3.71640459472437,-2.01256405415496,0,0.0155481558830838,
0.25,184,3.75510902724026,-2.03487413134829,0,0.0145251145890909,
0.25,185,3.79624930980554,-2.05627785702142,0,0.0154652803060526,
0.25,186,3.83573084374954,-2.07898366870887,0,0.0144675115916014,
0.25,187,3.87697792336886,-2.1005233062865,0,0.0153396046263807,
0.25,188,3.91720099683731,-2.12351840749856,0,0.0144434734556926,
0.25,189,3.95860123370744,-2.14528419841449,0,0.0151905257619279,
0.25,190,3.99951420887392,-2.16849178827859,0,0.0144386747487826,
0.25,191,4.04112361713636,-2.19054535065514,0,0.0150334659467769,
0.25,192,4.082668786344,-2.21391575388244,0,0.0144418227339332,
0.25,193,4.12454486980156,-2.23629399636446,0,0.0148795312322371,
0.25,194,4.16666574986356,-2.25980033567962,0,0.0144446033655738,
0.25,195,4.20886191668936,-2.28252029380983,0,0.0147358843111174,
0.25,196,4.25150799470404,-2.30615343049781,0,0.0144414745925169,
0.25,197,4.29407017797597,-2.32921727112089,0,0.0146064478908028,
0.25,198,4.33719951228286,-2.35298077434651,0,0.0144293161802922,
0.25,199,4.38016455656814,-2.3763804721323,0,0.0144926889476043,
0.25,200,4.4237447173789,-2.4002860933617,0,0.0144069746946868,
0.25,201,4.46714009327045,-2.4240074812516,0,0.0143943497984009,
0.25,202,4.51114791876488,-2.44807138842477,0,0.0143747599327529,
0.25,203,4.55499236097587,-2.47209743219027,0,0.014310068214735,
0.25,204,4.59941295113751,-2.49633729680775,0,0.0143339510872158,
0.25,205,4.64371766667073,-2.52065055561408,0,0.0142378712432674,
0.25,206,4.68854296348871,-2.54508347441785,0,0.0142863598350511,
0.25,207,4.73331311814536,-2.56966779095621,0,0.0141755478546563,
0.25,208,4.77854034091307,-2.59430895289028,0,0.0142339794715776,
0.25,209,4.82377659966944,-2.61915047108726,0,0.0141209140097358,
0.25,210,4.86940672683912,-2.64401244160718,0,0.0141787305221259,
0.25,211,4.91510669040191,-2.66910007961711,0,0.0140719865308766,
0.25,212,4.9611431106952,-2.69419256067289,0,0.014122298316277,
0.25,213,5.00730255120992,-2.7195180756856,0,0.0140270826006754,
0.25,214,5.05374994984701,-2.74484800371633,0,0.0140660485753147,
0.25,215,5.10036379925432,-2.77040577824273,0,0.0139848611887332,
0.25,216,5.14722730148306,-2.79597763789105,0,0.0140110028831594,
0.25,217,5.19429038451832,-2.82176430016583,0,0.0139443216740066,
0.25,218,5.24157494767136,-2.84758055284403,0,0.0139578556675753,
0.25,219,5.28908247800139,-2.87359452180959,0,0.013904773454069,
0.25,220,5.33679250360376,-2.89965607168402,0,0.0139070164696704,
0.25,221,5.38474037744194,-2.92589709363355,0,0.0138657884403703,
0.25,222,5.43287950441498,-2.95220373621339,0,0.0138586645274135,
0.25,223,5.48126443318337,-2.97867245830225,0,0.0138271461218182,
0.25,224,5.52983546979072,-3.00522327684412,0,0.0138128061515966,
0.25,225,5.57865499423969,-3.03192088394932,0,0.013788778515222,
0.25,226,5.6276599480294,-3.05871457536982,0,0.0137693285208277,
0.25,227,5.67691237279093,-3.08564250192864,0,0.013750720013801,
0.25,228,5.72635254258908,-3.11267762653782,0,0.0137280461324135,
0.25,229,5.77603682421887,-3.13983734411715,0,0.0137130650794446,
0.25,230,5.82591292471605,-3.16711250238127,0,0.0136887381583981,
0.25,231,5.87602853929733,-3.19450537649517,0,0.013675935029089,
0.25,232,5.92634083578023,-3.22201932163356,0,0.0136511764065554,
0.25,233,5.97688764513495,-3.24964652716781,0,0.0136394538955526,
0.25,234,6.02763608262582,-3.27739822527731,0,0.0136151445491938,
0.25,235,6.07861421178915,-3.30526070813375,0,0.0136037324945741,
0.25,236,6.12979852874165,-3.33324935835792,0,0.0135804498500297,
0.25,237,6.18120826198085,-3.36134783093242,0,0.0135688593505958,
0.25,238,6.23282808347335,-3.38957285757693,0,0.0135469288801766,
0.25,239,6.28466978192838,-3.41790781683382,0,0.0135348969484169,
0.25,240,6.33672469091599,-3.44636884381874,0,0.0135144487513379,
0.25,241,6.38899873189351,-3.47494060251812,0,0.0135018818048899,
0.25,242,6.44148831959224,-3.50363741860274,0,0.013482905280825,
0.25,243,6.49419505554701,-3.53244614228823,0,0.0134698270173066,
0.25,244,6.5471189535692,-3.5613786634379,0,0.0134522192991611,
0.25,245,6.6002586876781,-3.59042440781926,0,0.0134387261793897,
0.25,246,6.65361658530634,-3.61959264113862,0,0.0134223320663804,
0.25,247,6.70718956008949,-3.6488753863269,0,0.0134085578149058,
0.25,248,6.76098121026382,-3.67827939830019,0,0.0133932005147676,
0.25,249,6.81498760573993,-3.70779907787292,0,0.0133792897283488,
0.25,250,6.86921282312256,-3.73743896829455,0,0.0133647928075874,
0.25,251,6.92365276133305,-3.76719549234777,0,0.0133508828941536,
0.25,252,6.97831141536634,-3.79707137430938,0,0.0133370845128379,
0.25,253,7.03318496862169,-3.82706464650012,0,0.0133232946887915,
0.25,254,7.0882769739364,-3.85717663209981,0,0.0133100555433922,
0.25,255,7.1435841747223,-3.88740656123445,0,0.0132964814131292,
0.25,256,7.19910948067343,-3.91775475224335,0,0.0132836879105844,
0.25,257,7.25485033172538,-3.94822125927424,0,0.013270400156397,
0.25,258,7.31080891230274,-3.97880574178574,0,0.0132579642726928,
0.25,259,7.36698339586643,-4.00950876319813,0,0.0132450101221699,
0.25,260,7.4233752407764,-4.04032960523753,0,0.0132328672244553,
0.25,261,7.47998332649363,-4.0712690937954,0,0.0132202735766013,
0.25,262,7.53680843385636,-4.10232634493788,0,0.013208379257331,
0.25,263,7.59385008504123,-4.13350226865967,0,0.013196156590447,
0.25,264,7.65110845589141,-4.16479596084855,0,0.0131844833127677,
0.25,265,7.7085836341932,-4.1962083009386,0,0.0131726297352754,
0.25,266,7.76627526880097,-4.22773844988432,0,0.0131611638414899,
0.25,267,7.82418393740116,-4.25938719818666,0,0.0131496688591964,
0.25,268,7.88230883331833,-4.29115380492997,0,0.0131384082622419,
0.25,269,7.94065095889042,-4.32303896131451,0,0.013127256011733,
0.25,270,7.99920911056105,-4.35504201374059,0,0.0131162086797075,
0.25,271,8.05798466425479,-4.38716358369332,0,0.0131053805150265,
0.25,272,8.11697606397499,-4.41940305796301,0,0.0130945636753034,
0.25,273,8.17618502168005,-4.45176105053739,0,0.0130840400922009,
0.25,274,8.23560966164376,-4.48423691254769,0,0.0130734799305585,
0.25,275,8.29525200376151,-4.51683133874446,0,0.0130632418788736,
0.25,276,8.35510987886781,-4.54954354582326,0,0.0130529733981072,
0.25,277,8.41518558977826,-4.58237441740237,0,0.013043003068898,
0.25,278,8.4754767008041,-4.6153229204713,0,0.0130330697118165,
0.25,279,8.53598576817439,-4.64839024915551,0,0.0130233509046931,
0.25,280,8.59671012484804,-4.68157499555322,0,0.0130138035499724,
0.25,281,8.6576525388857,-4.71487879255718,0,0.0130043217284057,
0.25,282,8.71881016234583,-4.74829972959784,0,0.012995216746615,
0.25,283,8.78018591506737,-4.78184000540535,0,0.0129859588827117,
0.25,284,8.84177683918947,-4.81549708457136,0,0.0129773550928237,
0.25,285,8.90358592374725,-4.84927384888116,0,0.0129683093922084,
0.25,286,8.96561019488889,-4.88316703033492,0,0.0129602639800133,
0.25,287,9.02785260498144,-4.9171802921019,0,0.0129514195629484,
0.25,288,9.09031027985635,-4.95130954899486,0,0.0129439832802784,
0.25,289,9.15298600923586,-4.98555931650438,0,0.0129353298803104,
0.25,290,9.21587715087412,-5.01992463840329,0,0.0129285421014308,
0.25,291,9.27898619296007,-5.05441091933314,0,0.0129200698257965,
0.25,292,9.34231086502671,-5.08901231403253,0,0.0129139542330108,
0.25,293,9.40585321263163,-5.12373511547362,0,0.0129056534129866,
0.25,294,9.46961147270758,-5.15857260855122,0,0.0129002151654854,
0.25,295,9.53358711787808,-5.19353193697649,0,0.0128920763074893,
0.25,296,9.59777901058609,-5.22860556869017,0,0.0128873014689579,
0.25,297,9.66218794455976,-5.26380142987924,0,0.0128793152999705,
0.25,298,9.7268134955703,-5.29911124937342,0,0.0128751730491985,
0.25,299,9.79165570884272,-5.33454364831386,0,0.0128673306355461,
0.25,300,9.85671492075107,-5.37008970553418,0,0.0128637783853651,
0.25,301,9.92199040323589,-5.40575864632867,0,0.0128560712909501,
0.25,302,9.98748325403809,-5.44154098242932,0,0.0128530623758952,
0.25,303,10.0531919952946,-5.47744646823997,0,0.0128454828201546,
0.25,304,10.1191184397314,-5.5134651054894,0,0.0128429759994041,
0.25,305,10.1852604292202,-5.54960713854312,0,0.0128355169751962,
0.25,306,10.2516204027014,-5.58586207067886,0,0.0128334867783652,
0.25,307,10.3181956300243,-5.62224065234411,0,0.0128261420995758,
0.25,308,10.3849890543449,-5.6587318359395,0,0.0128245891436479,
0.25,309,10.4519975094232,-5.69534696686488,0,0.0128173534091461,
0.25,310,10.51922429924,-5.73207431357563,0,0.0128163143078416,
0.25,311,10.5866659723956,-5.76892599385945,0,0.0128091827913939,
0.25,312,10.6543260416275,-5.80588936255309,0,0.0128087401306341,
0.25,313,10.7222009235494,-5.84297759189533,0,0.0128017086316129,
0.25,314,10.7902941916175,-5.88017677887757,0,0.0128020025383756,
0.25,315,10.8586022732253,-5.91750155665686,0,0.0127950672486513,
0.25,316,10.9271286723529,-5.9549362818192,0,0.012796311047414,
0.25,317,10.9958699446004,-5.99249760704217,0,0.0127894685017979,
0.25,318,11.064829431059,-6.03016749410077,0,0.0127919714481134,
0.25,319,11.1340038847523,-6.06796536519386,0,0.0127852186197654,
0.25,320,11.2033964585911,-6.10586991553011,0,0.0127894183161924,
0.25,321,11.2730040843126,-6.14390432997973,0,0.0127827528959806,
0.25,322,11.3428298232131,-6.1820428920051,0,0.0127892584077575,
0.25,323,11.4128706114457,-6.22031384590281,0,0.0127826792628816,
0.25,324,11.4831297242873,-6.25868558516251,0,0.0127923230350918,
0.25,325,11.5536036658076,-6.29719307276327,0,0.0127858307853858,
0.25,326,11.6242965697603,-6.33579695165935,0,0.0127997233978813,
0.25,327,11.69520365632,-6.37454096510204,0,0.0127933209876627,
0.25,328,11.7663310774571,-6.41337574432904,0,0.0128128981314071,
0.25,329,11.8376713026976,-6.45235627369109,0,0.012806591220048,
0.25,330,11.9092343942867,-6.49142054919362,0,0.0128336379754654,
0.25,331,11.9810077547463,-6.53063758303502,0,0.0128274349429267,
0.25,332,12.0530082200968,-6.56992987140255,0,0.0128640697352376,
0.25,333,12.1252147160881,-6.60938339790135,0,0.012857981106199,
0.25,334,12.1976549152869,-6.64890227869815,0,0.0129065819709863,
0.25,335,12.2702945513638,-6.68859228738155,0,0.0129006191193107,
0.25,336,12.3431775651583,-6.72833660257934,0,0.0129636793109864,
0.25,337,12.4162503498791,-6.76826308653019,0,0.0129578524102277,
0.25,338,12.4895799714687,-6.80823218547264,0,0.0130377614900869,
0.25,339,12.5630859162142,-6.8483951437541,0,0.0130320768185457,
0.25,340,12.6368665447568,-6.88858914860605,0,0.0131308366455553,
0.25,341,12.7108056614759,-6.92898858853889,0,0.0131252935073137,
0.25,342,12.7850420808441,-6.96940864280291,0,0.0132441940741909,
0.25,343,12.8594143787723,-7.01004458167281,0,0.0132387817273864,
0.25,344,12.9341114210755,-7.05069303664833,0,0.0133780762114163,
0.25,345,13.0089169026656,-7.09156550244871,0,0.0133727712654732,
0.25,346,13.0840790158143,-7.13244599673179,0,0.0135313989400916,
0.25,347,13.1593176722918,-7.17355502766148,0,0.0135261636655718,
0.25,348,13.2349484301506,-7.2146724246229,0,0.0137015699234137,
0.25,349,13.310620237218,-7.25601806723792,0,0.0136963518147602,
0.25,350,13.3867218447532,-7.29737823393107,0,0.0138844449492037,
0.25,351,13.4628267589908,-7.33896054005564,0,0.0138791777098374,
0.25,352,13.5393996093985,-7.38056997445031,0,0.0140744437241382,
0.25,353,13.6159375658445,-7.42238899712944,0,0.0140690496584111,
0.25,354,13.6929799007815,-7.4642543334506,0,0.0142648234777815,
0.25,355,13.7699508120574,-7.50631012233845,0,0.0142592171185952,
0.25,356,13.8474585219131,-7.54843756126738,0,0.0144480868810081,
0.25,357,13.9248622791287,-7.59073015787555,0,0.0144421795936723,
0.25,358,14.0028288624969,-7.63312487619512,0,0.0146164853046251,
0.25,359,14.0806653380713,-7.67565430938827,0,0.0146101905925306,
0.25,360,14.1590820237616,-7.71831990217002,0,0.0147625721471971,
0.25,361,14.2373510762545,-7.76108618422981,0,0.0147558114220841,
0.25,362,14.3162071018235,-7.80402418454004,0,0.0148797636379776,
0.25,363,14.3949085828604,-7.84702730805476,0,0.0148724722697175,
0.25,364,14.4741916229627,-7.89023681861347,0,0.0149628734987925,
0.25,365,14.553325386352,-7.93347675442639,0,0.0149550069868044,
0.25,366,14.6330221319013,-7.97695421687521,0,0.0150085992664428,
0.25,367,14.7125880450019,-8.02043091333936,0,0.015000139343716,
0.25,368,14.7926849479572,-8.06417003671387,0,0.0150159482377516,
0.25,369,14.8726829052177,-8.10788342054745,0,0.0150069086110301,
0.25,370,14.9531671203964,-8.15187529220984,0,0.014986597386344,
0.25,371,15.0335970586764,-8.19582527128384,0,0.0149770286353644,
0.25,372,15.1144576297025,-8.24005867974277,0,0.0149251835348558,
0.25,373,15.1953195444504,-8.28424514809786,0,0.0149151764654808,
0.25,374,15.2765488928155,-8.32870715411104,0,0.0148395194120735,
0.25,375,15.3578428533756,-8.37312999931097,0,0.0148292059418404,
0.25,376,15.4394386371285,-8.41780679289625,0,0.014740733543823,
0.25,377,15.5211647984252,-8.46246590537994,0,0.0147302840963487,
0.25,378,15.6031322164606,-8.5073439724525,0,0.0146433485617499,
0.25,379,15.6852908231764,-8.55223925576851,0,0.0146329650881632,
0.25,380,15.767645474617,-8.59730683798275,0,0.0145653639538607,
0.25,381,15.8502368530058,-8.64243821767281,0,0.0145552682119416,
0.25,382,15.9330083762903,-8.68768697350853,0,0.0145285312750043,
0.25,383,16.0160329082166,-8.73305440108649,0,0.0145189488909021,
0.25,384,16.0992699579522,-8.77848106369824,0,0.0145592693392939,
0.25,385,16.1827280316164,-8.82408451087946,0,0.0145504112482732,
0.25,386,16.2665060358906,-8.8696921961702,0,0.0146912167712817,
0.25,387,16.3503979669226,-8.91553163328076,0,0.0146832603357238,
0.25,388,16.4348334525964,-8.96133026978517,0,0.0149717037775655,
0.25,389,16.5191593637478,-9.00740561990284,0,0.0149647753533785,
0.25,390,16.6044413997672,-9.05341057297077,0,0.0154780168322561,
0.25,391,16.6892010242342,-9.09972162424453,0,0.0154721744235382,
0.25,392,16.7756734355847,-9.14594780685199,0,0.0163619650505966,
0.25,393,16.8608657173458,-9.19249402703941,0,0.0163571694604496,
0.25,394,16.9492970691705,-9.2389310146911,0,0.0180011273486509,
0.25,395,17.0349189930215,-9.28571102906838,0,0.0179971394447627,
0.25,396,17.1278326237375,-9.33212835893052,0,0.021807267637964,
0.25,397,17.2138730675119,-9.37913761487457,0,0.0218027504722776,
0.25,398,17.3330681928278,-9.40930518519124,0,0.0524734039813457,
0.25,399,17.419376389836,-9.45667107618074,0,0.0522842778571724,
