E,T_real,T_imag,R_real,R_imag,absT2,absR2,unitarity_error
0.002,2.0229547743356288e-08,1.845123781377143e-08,-0.6738864734387442,0.7388349077544318,7.4968277876108e-16,1.000000000000207,2.0761170560490427e-13
0.0033633469758981354,3.169997171228624e-08,1.7037968618182327e-08,-0.47342659587166036,0.8808332749857496,1.2951805811939133e-15,1.0000000000007496,7.509548538564559e-13
0.004726693951796271,4.1389855649453875e-08,1.2524767950463617e-08,-0.2896343390926588,0.9571373723880146,1.8699899628955895e-15,1.000000000003474,3.47588624549644e-12
0.006090040927694407,4.9383407570643006e-08,6.052394892632761e-09,-0.12164905402071544,0.9925731749673541,2.475352427224608e-15,1.0000000000089089,8.911316129456281e-12
0.0074533879035925425,5.5762865110872326e-08,-1.7493332030585665e-09,0.03135550951159019,0.9995082951260568,3.1125572920286658e-15,1.0000000000025278,2.530864406935507e-12
0.008816734879490678,6.06085352566154e-08,-1.046656108999364e-08,0.1701723860102646,0.9854143083197625,3.78294344700296e-15,1.0000000000017426,1.7463808177353712e-12
0.010180081855388814,6.399883299483205e-08,-1.980026639863726e-08,0.29556254053974396,0.9553233927003244,4.487901174157407e-15,1.000000000010766,1.0770495606493569e-11
0.011543428831286949,6.601031890406642e-08,-2.9521379212588758e-08,0.4082559789480487,0.9128674907421992,5.2288740324300176e-15,1.0000000000007887,7.94031507211912e-13
0.012906775807185085,6.67177357435963e-08,-3.944749103934026e-08,0.508952822997695,0.8607944144627361,6.007360812051176e-15,1.0000000000075677,7.573719429387893e-12
0.014270122783083221,6.619404403584917e-08,-4.942940511760352e-08,0.5983243518102033,0.8012539984498158,6.824917556100106e-15,1.0000000000009175,9.243716903029053e-13
0.015633469758981354,6.45104567107572e-08,-5.934273866814606e-08,0.677014010226776,0.7359701284371502,7.683159657666356e-15,0.9999999999951366,4.855782442803047e-12
0.016996816734879492,6.173647280837865e-08,-6.908235632016149e-08,0.7456383853308763,0.6663508072479984,8.583764029565431e-15,0.9999999999988956,1.095901147607492e-12
0.01836016371077763,5.793991028288579e-08,-7.855850144189243e-08,0.8047881519400751,0.5935621538625424,9.528471352384669e-15,1.0000000000010618,1.071365218763276e-12
0.019723510686675765,5.318693793635805e-08,-8.769400228794367e-08,0.8550289881057102,0.5185802054592678,1.0519088404323877e-14,0.9999999999952509,4.738542891402631e-12
0.0210868576625739,4.754210649550946e-08,-9.642218925610547e-08,0.8969024613731511,0.44222841924658274,1.155749047097058e-14,1.000000000006548,6.559641718695275e-12
0.022450204638472034,4.106837888418953e-08,-1.0468530031333482e-07,0.9309268867246899,0.36520560177504924,1.2645623845868444e-14,0.9999999999947995,5.1878501494684315e-12
0.023813551614370168,3.38271596738321e-08,-1.1243323212702132e-07,0.957598157209155,0.288107218428537,1.378550841812759e-14,1.0000000000009979,1.0116352200384426e-12
0.025176898590268303,2.5878323775722453e-08,-1.196225426467677e-07,0.9773905477369572,0.21144199487285945,1.4979240350718875e-14,1.0000000000013638,1.3786749519795194e-12
0.026540245566166444,1.7280244368967338e-08,-1.262156409211588e-07,0.9907574932223496,0.13564508699453517,1.6228994858590118e-14,1.000000000001989,2.0052848270779577e-12
0.02790359254206458,8.089820104363739e-09,-1.3218011913175025e-07,0.9981323415511476,0.061088695760450396,1.753702908300466e-14,1.0000000000000897,1.0724754417879012e-13
0.029266939517962713,-1.6374983986297353e-09,-1.3748819464889935e-07,0.9999290822819054,-0.011909257191249887,1.8905685068819155e-14,0.9999999999999807,4.440892098500626e-16
0.030630286493860848,-1.1847682760484083e-08,-1.4211623856371032e-07,0.996543051765559,-0.08307795121703357,2.0337392850290493e-14,1.0000000000006337,6.541434061091422e-13
0.03199363346975898,-2.248810170479384e-08,-1.4604437314199503e-07,0.9883516153901535,-0.1521876616485972,2.1834673644723435e-14,1.000000000002394,2.4158453015843406e-12
0.033356980445657124,-3.350749657313122e-08,-1.4925612494513468e-07,0.9757148276481226,-0.2190446874728642,2.3400143160236058e-14,1.0000000000024905,2.5137669723562794e-12
0.03472032742155526,-4.485595748355675e-08,-1.5173812343876892e-07,0.9589760707030399,-0.28348702936584086,2.503651502648572e-14,0.9999999999997107,2.6423307986078726e-13
0.03608367439745339,-5.648490009400805e-08,-1.5347983711011337e-07,0.9384626720970853,-0.3453806784875423,2.674660433797701e-14,0.9999999999921165,7.856715278364845e-12
0.03744702137335153,-6.834704295711085e-08,-1.5447334092263225e-07,0.9144865022501978,-0.4046164074714969,2.8533331336780926e-14,0.9999999999929414,7.030043214228954e-12
0.03881036834924966,-8.039638548597647e-08,-1.5471311002177583e-07,0.8873445522786684,-0.46110697841618076,3.039972521181984e-14,1.0000000000027303,2.7606805730329143e-12
0.040173715325147796,-9.258818644419312e-08,-1.541958358005264e-07,0.8573194928544566,-0.5147846998218415,3.234892804724757e-14,0.9999999999988862,1.081468248287365e-12
0.04153706230104594,-1.0487894300640806e-07,-1.5292026099411883e-07,0.8246802147078068,-0.5655992781754478,3.438419890865081e-14,1.000000000003102,3.1363800445660672e-12
0.04290040927694407,-1.1722637036326237e-07,-1.5088703110731145e-07,0.789682351032166,-0.6135159203022399,3.650891806492353e-14,0.9999999999959934,3.970046513757097e-12
0.04426375625284221,-1.2958938181508984e-07,-1.4809856007486255e-07,0.7525687828316097,-0.6585136499017749,3.872659137546481e-14,0.9999999999996079,3.5338398873818733e-13
0.04562710322874034,-1.4192806939865077e-07,-1.4455890820411265e-07,0.7135701272446917,-0.7005838090486594,4.1040854824393294e-14,0.9999999999971338,2.8250735084611733e-12
0.046990450204638476,-1.5420368499615388e-07,-1.4027367091186244e-07,0.6729052097074073,-0.7397287196989284,4.3455479217482526e-14,0.9999999999987859,1.1707301794672276e-12
0.04835379718053661,-1.6637862190800911e-07,-1.3524987698009605e-07,0.630781520333204,-0.7759604845630851,4.597437505113937e-14,0.999999999997246,2.708056001665682e-12
0.049717144156434745,-1.7841639692634091e-07,-1.2949589516475122e-07,0.587395654923031,-0.8092999101521083,4.8601597556697865e-14,0.9999999999946672,5.284217508005895e-12
0.051080491132332886,-1.9028163281807194e-07,-1.2302134823808094e-07,0.5429337412009385,-0.8397755370746146,5.1341351910226734e-14,1.0000000000034048,3.4561242756581123e-12
0.05244383810823102,-2.0194004127748634e-07,-1.1583703369664957e-07,0.49757185069335996,-0.8674227650867274,5.419799864679162e-14,0.9999999999931193,6.8265393338151625e-12
0.053807185084129155,-2.13358406299974e-07,-1.0795485037089762e-07,0.45147639667657774,-0.8922830622852357,5.717605925746769e-14,0.9999999999971843,2.7585711492861265e-12
0.05517053206002729,-2.2450456797300687e-07,-9.93877303561722e-08,0.40480451853498867,-0.9144032489906357,6.028022198609765e-14,0.9999999999909748,8.964939901545677e-12
0.056533879035925425,-2.353474066718944e-07,-9.014957576889784e-08,0.35770445323771005,-0.9338348484236315,6.35153478384983e-14,0.9999999999964757,3.460787212361538e-12
0.05789722601182356,-2.4585682766245783e-07,-8.025519980714052e-08,0.3103158939462647,-0.9506334971766286,6.688647680433154e-14,0.9999999999899365,9.996670158329835e-12
0.0592605729877217,-2.560037460707175e-07,-6.9720271747545e-08,0.262770336512696,-0.9648584094381547,7.039883429479193e-14,1.0000000000145217,1.4592105301858282e-11
0.060623919963619835,-2.6576007223570356e-07,-5.856126550993835e-08,0.2151914139335841,-0.9765718895059182,7.405783781285188e-14,1.0000000000038942,3.9683811792201595e-12
0.06198726693951797,-2.750986974461101e-07,-4.6795411493188294e-08,0.16769521944906046,-0.9858388881405105,7.786910387336324e-14,0.9999999999961864,3.735789455561189e-12
0.0633506139154161,-2.8399348000960685e-07,-3.444065134727958e-08,0.12039061832003234,-0.992726598333003,8.183845515319185e-14,1.000000000017295,1.7376988736828025e-11
0.06471396089131425,-2.924192316724608e-07,-2.151559549170902e-08,0.07337954892103292,-0.9973040869306404,8.597192790127516e-14,1.0000000000084124,8.498313164295723e-12
0.06607730786721237,-3.0035170440383926e-07,-8.039483133738105e-09,0.02675731335108373,-0.9996419589940052,9.027577962734888e-14,0.9999999999991405,7.69273533762771e-13
0.06744065484311051,-3.077675774755083e-07,5.967855450722496e-09,-0.019387142243798904,-0.9998120516944735,9.475649704382373e-14,0.9999999999978941,2.011169009108471e-12
0.06880400181900864,-3.1464444487641116e-07,2.0486034478648707e-08,-0.06497095691460504,-0.9978871553200863,9.94208043002453e-14,0.9999999999952134,4.687139565362486e-12
0.07016734879490678,-3.209608030572648e-07,3.5494146298664e-08,-0.10991709385271639,-0.993940759038514,1.0427567152063531e-13,0.9999999999990838,8.11906097908377e-13
0.07153069577080491,-3.266960389550929e-07,5.0970793228069475e-08,-0.15415408856082358,-0.9880468192237877,1.093283236312462e-13,0.9999999999982623,1.628364110217717e-12
0.07289404274670305,-3.318304183396026e-07,6.689411768663523e-08,-0.19761580573487544,-0.9802795485651882,1.1458624951650912e-13,1.0000000000114135,1.1528111798497775e-11
0.0742573897226012,-3.3634507443371e-07,8.324183080882671e-08,-0.2402412049641416,-0.9707132241046378,1.2005721149222325e-13,1.0000000000142433,1.43633993587855e-11
0.07562073669849932,-3.402219968273281e-07,9.99912396098949e-08,-0.2819741147356856,-0.9594220127907667,1.2574925512389785e-13,1.00000000000846,8.58557669403126e-12
0.07698408367439746,-3.434440206622836e-07,1.1711927281064757e-07,-0.3227630145286053,-0.9464798130156085,1.3167071939237e-13,0.9999999999936537,6.214584402641776e-12
0.07834743065029559,-3.4599481608094897e-07,1.3460250540316922e-07,-0.3625608247182356,-0.9319601109300267,1.3783024721569993e-13,0.9999999999850748,1.4787393531889848e-11
0.07971077762619373,-3.478588779858107e-07,1.524171820701652e-07,-0.4013247040661646,-0.9159358503282566,1.4423679638375705e-13,1.000000000010341,1.0485390333769828e-11
0.08107412460209187,-3.4902151596141885e-07,1.7053923949721134e-07,-0.4390158545316195,-0.8984793149847146,1.508996508122942e-13,0.99999999998553,1.4319101460102956e-11
0.08243747157799,-3.494688445645759e-07,1.8894432769453448e-07,-0.47559933328129744,-0.8796620227015096,1.5782843228923935e-13,1.000000000000926,1.0837997166390778e-12
0.08380081855388814,-3.491877737586741e-07,2.0760783035597513e-07,-0.5110438714121471,-0.8595546297323127,1.6503311256765434e-13,1.0000000000021685,2.333466753157154e-12
0.08516416552978627,-3.481659996518624e-07,2.2650488429327746e-07,-0.5453216993963825,-0.8382268452835365,1.7252402592229165e-13,0.9999999999865485,1.3278933508331647e-11
0.08652751250568441,-3.4639199542323823e-07,2.4561039811420503e-07,-0.5784083790751666,-0.8157473548985665,1.8031188215511097e-13,1.0000000000083697,8.550049557243256e-12
0.08789085948158254,-3.4385500252933284e-07,2.6489907003463635e-07,-0.6102826416002617,-0.7921837522685548,1.8840778006966265e-13,0.9999999999968803,2.931321851917801e-12
0.08925420645748068,-3.405450221121183e-07,2.8434540500553466e-07,-0.6409262316704087,-0.767602478863057,1.9682322143310466e-13,0.9999999999999403,1.3700152123874432e-13
0.09061755343337882,-3.364528065666404e-07,3.0392373113311e-07,-0.6703237574419301,-0.7420687705368324,2.0557012539244005e-13,0.9999999999971134,2.680966559864828e-12
0.09198090040927695,-3.315698514363718e-07,3.236082154512661e-07,-0.6984625461039591,-0.7156466108979187,2.1466084348909073e-13,0.9999999999997022,8.315570454442422e-14
0.09334424738517509,-3.2588838742082957e-07,3.433728790547394e-07,-0.7253325048884348,-0.6883986906987758,2.241081751260894e-13,1.0000000000035199,3.743894083640953e-12
0.09470759436107322,-3.194013725980316e-07,3.6319161171982965e-07,-0.7509259874236994,-0.6603863728230411,2.3392538364115413e-13,0.9999999999986309,1.1352030426792226e-12
0.09607094133697136,-3.121024849464163e-07,3.830381859226616e-07,-0.7752376650369199,-0.6316696626458235,2.4412621298465153e-13,0.9999999999989839,7.719380690218713e-13
0.09743428831286949,-3.0398611489167486e-07,4.0288627036158645e-07,-0.7982644031397423,-0.602307182990378,2.547249048928039e-13,1.0000000000018536,2.1083135237631723e-12
0.09879763528876763,-2.9504735820346455e-07,4.227094430184811e-07,-0.8200051422621045,-0.5723561536928049,2.6573621679983807e-13,1.0000000000063158,6.581624134582853e-12
0.10016098226466577,-2.852820089593502e-07,4.4248120372707895e-07,-0.840460783742838,-0.541872375185722,2.771754402876475e-13,0.9999999999990414,6.813438702124586e-13
0.1015243292405639,-2.746865527873782e-07,4.621749863399813e-07,-0.8596340798743816,-0.5109102159116004,2.8905842028057497e-13,1.0000000000043126,4.601652392466349e-12
0.10288767621646204,-2.63258160191045e-07,4.817641704839356e-07,-0.8775295283154125,-0.47952260315415207,3.014015748692484e-13,1.0000000000012048,1.5061285552064874e-12
0.10425102319236017,-2.509946801361384e-07,5.012220929241906e-07,-0.8941532706881914,-0.44776101719461875,3.142219158919483e-13,1.0000000000015499,1.864064458345638e-12
0.10561437016825831,-2.3789463376810188e-07,5.205220586010605e-07,-0.9095129951804148,-0.41567548832596923,3.2753707026594525e-13,0.9999999999970823,2.5901503164504902e-12
0.10697771714415645,-2.2395720825502096e-07,5.396373512262461e-07,-0.9236178430429696,-0.38331459665344286,3.4136530196786167e-13,0.9999999999949389,4.719669099984003e-12
0.10834106412005458,-2.0918225088663357e-07,5.585412436994339e-07,-0.936478318830715,-0.35072547435094703,3.5572553499930895e-13,0.999999999998699,9.452438831658583e-13
0.10970441109595272,-1.9357026325152567e-07,5.772070080947935e-07,-0.9481062042450551,-0.3179538102808907,3.70637377009008e-13,1.0000000000001026,4.731770530952417e-13
0.11106775807185085,-1.7712239560486995e-07,5.956079254137217e-07,-0.9585144755136221,-0.28504385667582754,3.861211438404456e-13,0.9999999999977838,1.830091633792108e-12
0.11243110504774899,-1.598404413944251e-07,6.13717295090673e-07,-0.9677172241481999,-0.252038437716546,4.0219788499857683e-13,0.9999999999996947,9.681144774731365e-14
0.11379445202364712,-1.4172683192971716e-07,6.315084441861698e-07,-0.975729580921977,-0.21897895997555972,4.1888940996727097e-13,0.9999999999981546,1.4265255643408636e-12
0.11515779899954526,-1.2278463116767722e-07,6.489547363357689e-07,-0.9825676430609629,-0.18590542436442403,4.3621831546360993e-13,0.9999999999984923,1.0714762410657386e-12
0.1165211459754434,-1.03017530711221e-07,6.660295805411749e-07,-0.9882484044358406,-0.1528564396048007,4.542080137896908e-13,0.9999999999986409,9.049427873719651e-13
0.11788449295134153,-8.242984487054549e-08,6.82706439644824e-07,-0.9927896887142835,-0.11986923701456978,4.72882762057894e-13,0.999999999999859,3.319566843629218e-13
0.11924783992723967,-6.102650592325818e-08,6.989588386824801e-07,-0.9962100853403959,-0.08697968651103674,4.922676925975627e-13,0.9999999999994771,3.064215547965432e-14
0.1206111869031378,-3.881305947468474e-08,7.147603730031374e-07,-0.9985288882662321,-0.05422231364459953,5.123888444013694e-13,0.9999999999991709,3.1674662892555716e-13
0.12197453387903594,-1.579565997217854e-08,7.300847162061817e-07,-0.9997660373078433,-0.021630317728745584,5.332731957118174e-13,0.9999999999992741,1.9262369477246466e-13
0.12333788085493406,8.018933668268572e-09,7.449056278983691e-07,-0.999942062067544,0.010764409300508046,5.549486977718396e-13,0.9999999999994811,3.597122599785507e-14
0.1247012278308322,3.262336230504119e-08,7.591969613319309e-07,-0.9990780283085744,0.042931263095361244,5.774443098637233e-13,0.9999999999999116,4.89164264649844e-13
0.12606457480673033,5.8009670678803094e-08,7.729326708147636e-07,-0.9971954867054141,0.0748409065500832,6.007900355051069e-13,0.9999999999988862,5.130340596792848e-13
0.1274279217826285,8.416931137545611e-08,7.860868190615448e-07,-0.9943164238922867,0.1064652486886159,6.250169600797162e-13,1.0000000000002744,8.995026945513018e-13
0.12879126875852662,1.1109314875954257e-07,7.986335843678499e-07,-0.9904632156966064,0.13777742322972283,6.501572897815493e-13,0.9999999999998843,5.344613640545504e-13
0.13015461573442474,1.387714626396893e-07,8.105472676368456e-07,-0.9856585825408691,0.16875176639854808,6.762443919167148e-13,0.9999999999991052,2.1860291354869332e-13
0.13151796271032287,1.67193952000332e-07,8.218022993216966e-07,-0.9799255468563866,0.1993637946524592,7.033128367559168e-13,1.000000000000016,7.192024753521764e-13
0.13288130968622103,1.9634973843556595e-07,8.323732462390213e-07,-0.9732873925077025,0.22959018181370083,7.313984408382016e-13,0.9999999999996909,4.2232883856740955e-13
0.13424465666211916,2.2622736961385025e-07,8.422348182816586e-07,-0.965767626104217,0.25940873610343573,7.605383118883401e-13,0.9999999999977565,1.4830359162942841e-12
0.13560800363801728,2.568148225385083e-07,8.513618750473218e-07,-0.9573899401775243,0.28879837680814313,7.907708953595772e-13,1.000000000000142,9.328093852900565e-13
0.13697135061391544,2.8809950680079363e-07,8.597294323746405e-07,-0.9481781780841203,0.31773911091280466,8.22136022710082e-13,0.9999999999985811,5.967448757360216e-13
0.13833469758981357,3.2006826757942744e-07,8.673126687812868e-07,-0.9381563006871941,0.34621200944718755,8.54674961339814e-13,1.0000000000045404,5.395017765863486e-12
0.1396980445657117,3.5270738870280604e-07,8.740869318072099e-07,-0.9273483545817106,0.3741991839302741,8.884304664016942e-13,0.9999999999994893,3.7769787297747826e-13
0.14106139154160982,3.860025954691394e-07,8.800277443543189e-07,-0.9157784420372422,0.40168376255065164,9.234468345422625e-13,0.9999999999970071,2.0694557179012918e-12
0.14242473851750798,4.1993905745519287e-07,8.85110810858041e-07,-0.9034706923240434,0.428649866569222,9.59769959474135e-13,0.999999999998298,7.421840919619171e-13
0.1437880854934061,4.545013911994796e-07,8.893120235230937e-07,-0.8904492346083356,0.455082586552383,9.974473897850019e-13,0.999999999997778,1.2245759961615477e-12
0.14515143246930423,4.896736627481753e-07,8.926074684364347e-07,-0.8767381722276724,0.4809679587610164,1.0365283886977144e-12,0.9999999999958582,3.105293799876563e-12
0.1465147794452024,5.254393902046664e-07,8.949734315575062e-07,-0.8623615583185116,0.5062929416187611,1.0770639959724699e-12,0.9999999999985099,4.1311398746302075e-13
0.14787812642110051,5.617815460629132e-07,8.96386404847403e-07,-0.8473433727502004,0.5310453922725157,1.1191070922920893e-12,0.9999999999975553,1.325606291402437e-12
0.14924147339699864,5.986825595093629e-07,8.968230921622909e-07,-0.8317075003706801,0.5552140432543053,1.1627124656962144e-12,0.9999999999996383,8.009148899645879e-13
0.1506048203728968,6.36124318670024e-07,8.962604152561601e-07,-0.8154777103669089,0.5787884794066073,1.2079368807585467e-12,0.9999999999990687,2.76667577736589e-13
0.15196816734879492,6.740881727177292e-07,8.946755196735758e-07,-0.7986776368765719,0.6017591148896735,1.2548391501011102e-12,0.9999999999995486,8.033573806187633e-13
0.15333151432469305,7.125549338614944e-07,8.9204578071168e-07,-0.7813307607082541,0.6241171703911769,1.3034802086558695e-12,1.0000000000060285,7.331912854624534e-12
0.15469486130059118,7.515048793444013e-07,8.883488091890127e-07,-0.763460392052228,0.6458546506500907,1.35392319046598e-12,0.9999999999988927,2.466915560717098e-13
0.15605820827648934,7.909177532710266e-07,8.835624573881441e-07,-0.7450896543681303,0.6669643220932845,1.4062335085450643e-12,0.9999999999917744,6.8194339064575615e-12
0.15742155525238746,8.307727683573694e-07,8.776648248681318e-07,-0.7262414691551409,0.6874396907900553,1.4604789374549755e-12,0.9999999999941445,4.395039887583607e-12
0.1587849022282856,8.710486076769663e-07,8.706342642559836e-07,-0.7069385416677978,0.7072749806815367,1.5167296990325395e-12,0.9999999999934608,5.022537941101746e-12
0.16014824920418375,9.117234262119442e-07,8.624493871914697e-07,-0.6872033476818817,0.726465111986424,1.575058551370588e-12,0.9999999999986329,2.078337502098293e-13
0.16151159618008187,9.527748524153976e-07,8.530890701106753e-07,-0.6670581209882432,0.7450056799947661,1.6355408809374794e-12,1.0000000000008296,2.4651392038776976e-12
0.16287494315598,9.94179989640649e-07,8.425324600005052e-07,-0.6465248417802835,0.7628929341369302,1.6982547979563836e-12,0.999999999995075,3.2266411764680925e-12
0.16423829013187813,1.0359154174870395e-06,8.307589803704738e-07,-0.6256252259597731,0.7801237572601298,1.763281235653537e-12,0.9999999999988791,6.423750420481156e-13
0.16560163710777628,1.0779571931302727e-06,8.17748337013114e-07,-0.604380714980113,0.7966956453713722,1.8307040529090102e-12,0.9999999999935798,4.589439939195472e-12
0.1669649840836744,1.1202808524989377e-06,8.034805239203064e-07,-0.582812466710319,0.8126066875465577,1.900610140794997e-12,0.9999999999983558,2.5646151868841116e-13
0.16832833105957254,1.1628614114251117e-06,7.879358291880944e-07,-0.5609413468161047,0.8278555462395136,1.973089533099933e-12,1.0000000000073888,9.36184463284917e-12
0.1696916780354707,1.2056733666997508e-06,7.710948408555787e-07,-0.5387879208714106,0.8424414379132548,2.048235520763202e-12,0.9999999999902895,7.662204204450518e-12
0.17105502501136882,1.2486906970691141e-06,7.529384529373412e-07,-0.5163724472692108,0.8563641139736305,2.126144770858627e-12,1.0000000000006355,2.7615687514526144e-12
0.17241837198726695,1.2918868641068753e-06,7.334478712847455e-07,-0.4937148704701971,0.8696238420593547,2.2069174495440205e-12,1.000000000001477,3.6839420403111944e-12
0.17378171896316508,1.335234813114051e-06,7.126046196441304e-07,-0.47083481513963304,0.8822213876655154,2.2906573500898702e-12,1.0000000000020397,4.3303138852479606e-12
0.17514506593906323,1.3787069738135684e-06,6.90390545670248e-07,-0.4477515806951284,0.8941579960963174,2.3774720251930307e-12,0.9999999999979683,3.4572344986827375e-13
0.17650841291496136,1.4222752611426684e-06,6.667878270055966e-07,-0.4244841364598539,0.9054353747718288,2.4674729247012907e-12,0.9999999999942699,3.2626124024659475e-12
0.1778717598908595,1.4659110757959567e-06,6.417789774040748e-07,-0.4010511173581655,0.9160556758537285,2.560775537979079e-12,0.9999999999980644,6.252776074688882e-13
0.17923510686675764,1.5095853048064166e-06,6.153468528364396e-07,-0.37747082003287297,0.9260214792444819,2.657499541783192e-12,0.9999999999984277,1.085131984268628e-12
0.18059845384265577,1.5532683220570603e-06,5.87474657750133e-07,-0.3537611995475473,0.9353357759104363,2.7577689538045914e-12,1.0000000000032974,6.055156376305604e-12
0.1819618008185539,1.596929988651017e-06,5.581459512849565e-07,-0.32993986649142254,0.9440019515282466,2.8617122915887267e-12,0.9999999999895162,7.62212515326155e-12
0.18332514779445203,1.6405396533142754e-06,5.273446536195442e-07,-0.30602408451869706,0.9520237705513644,2.9694627377976405e-12,1.0000000000003437,3.313127550086392e-12
0.18468849477035018,1.6840661526660797e-06,4.950550523278848e-07,-0.28203076831823304,0.9594053604790662,3.0811583113908966e-12,0.9999999999941398,2.7789992529392293e-12
0.1860518417462483,1.7274778114246903e-06,4.6126180881393533e-07,-0.25797648201205714,0.9661511966165498,3.196942045234941e-12,0.9999999999949083,1.8948176361277547e-12
0.18741518872214644,1.770742442608806e-06,4.2594996483784423e-07,-0.23387743786574486,0.9722660870605486,3.3169621706015617e-12,0.9999999999906755,6.0075278085491846e-12
0.1887785356980446,1.8138273475090923e-06,3.891049490083987e-07,-0.20974949542245142,0.977755158086794,3.4413723079146984e-12,0.9999999999953049,1.2537748617091893e-12
0.19014188267394272,1.8566993158296257e-06,3.507125834221291e-07,-0.18560816092630275,0.9826238398299573,3.570331665572825e-12,1.0000000000046136,8.183898003721879e-12
0.19150522964984085,1.8993246255937418e-06,3.107590905331902e-07,-0.1614685871577618,0.9868778522994958,3.704005245735822e-12,0.9999999999979894,1.6933121571582888e-12
0.19286857662573897,1.9416690430742386e-06,2.6923109974872323e-07,-0.13734557348968532,0.9905231917754054,3.842564057904737e-12,1.0000000000021472,5.9896532178527195e-12
0.19423192360163713,1.983697822591677e-06,2.2611565433450263e-07,-0.11325356625211766,0.993566117442894,3.986185340490081e-12,0.9999999999993694,3.355538069627073e-12
0.19559527057753526,2.025375706288936e-06,1.8140021854800633e-07,-0.08920665949438153,0.9960131384115215,4.13505279091467e-12,0.999999999986515,9.349965246485681e-12
0.19695861755343338,2.066666923812936e-06,1.350726844045423e-07,-0.06521859581652846,0.9978710010598593,4.289356804054674e-12,0.9999999999964855,7.749356711883593e-13
0.19832196452933154,2.1075351919645266e-06,8.712137895623945e-08,-0.04130276760238482,0.9991466766088614,4.449294720040192e-12,0.9999999999901492,5.401457059406312e-12
0.19968531150522967,2.1479437143672843e-06,3.7535071623155864e-08,-0.017472218482291822,0.999847349143601,4.615071081691682e-12,1.0000000000081788,1.2793766046570454e-11
0.2010486584811278,2.187855180855562e-06,-1.3697018659713102e-08,0.006260355059783614,0.9999804037828427,4.786897900716687e-12,0.9999999999951719,4.118927421359331e-14
0.20241200545702592,2.2272317670512846e-06,-6.658521599851139e-08,0.029882601823619438,0.9995534153300649,4.964994935151956e-12,0.9999999999897462,5.288769422406858e-12
0.20377535243292408,2.266035133658663e-06,-1.2113937988940078e-07,0.053382513777656765,0.9985741370688745,5.1495899763354246e-12,1.0000000000000688,5.218492304948086e-12
0.2051386994088222,2.3042264258345815e-06,-1.77368897627684e-07,0.07674842380652319,0.9970504899166432,5.340919147360071e-12,0.9999999999998042,5.1449955407179004e-12
0.20650204638472033,2.341766272454614e-06,-2.352826766906598e-07,0.09996900335274239,0.9949905518973278,5.539227212756698e-12,0.9999999999962894,1.828537321557633e-12
0.2078653933606185,2.37861478536639e-06,-2.94889136629185e-07,0.1230332596630262,0.9924025478631101,5.7447679000655035e-12,0.9999999999885023,5.752953669002636e-12
0.20922874033651662,2.414731558590177e-06,-3.561962012631264e-07,0.1459305331541636,0.9892948395121977,5.957804233845626e-12,0.9999999999921232,1.919020498064583e-12
0.21059208731241474,2.450075667197931e-06,-4.192112905565506e-07,0.16865049443656285,0.98567591566301,6.178608881125476e-12,0.9999999999918103,2.0110579868060086e-12
0.2119554342883129,2.484605666624423e-06,-4.839413122669976e-07,0.19118314124999058,0.9815543828529203,6.407464512340898e-12,0.9999999999959912,2.3987478670051132e-12
0.21331878126421103,2.518279591380373e-06,-5.503926537005987e-07,0.21351879529854073,0.9769389561485561,6.644664173610486e-12,0.9999999999863705,6.98485713712671e-12
0.21468212824010915,2.5510549541401364e-06,-6.185711731625038e-07,0.23564809897352362,0.9718384502795799,6.89051167531057e-12,0.9999999999916513,1.4581669205426806e-12
0.21604547521600728,2.582888744530194e-06,-6.884821913217296e-07,0.2575620118654529,0.9662617709714916,7.145321994387933e-12,0.999999999997143,4.28834745491713e-12
0.21740882219190544,2.6137374280120023e-06,-7.601304824097745e-07,0.2792518072838561,0.9602179065787135,7.409421692879312e-12,0.999999999985707,6.8836047972808956e-12
0.21877216916780357,2.6435569444125365e-06,-8.335202653620702e-07,0.3007090686637048,0.9537159199785015,7.683149351121003e-12,0.9999999999970322,4.715339230187965e-12
0.2201355161437017,2.6723027067593067e-06,-9.086551946526086e-07,0.32192568575702935,0.9467649406445985,7.966856019322285e-12,0.9999999999839038,8.129386053212784e-12
0.22149886311959985,2.699929599911979e-06,-9.855383510963625e-07,0.34289385095767394,0.9393741570665293,8.260905685962595e-12,0.9999999999890357,2.703393064962256e-12
0.22286221009549798,2.7263919788764823e-06,-1.0641722325306288e-06,0.3636060553487716,0.9315528092918288,8.565675762971243e-12,0.9999999999857923,5.642042388842583e-12
0.2242255570713961,2.751643667673153e-06,-1.1445587440956201e-06,0.38405508479174133,0.9233101818128504,8.881557592531506e-12,0.9999999999936706,2.55218068900831e-12
0.22558890404729423,2.775637957462683e-06,-1.2266991886688778e-06,0.40423401590570496,0.9146555965885036,9.208956970388498e-12,0.999999999985925,4.865996494629599e-12
0.2269522510231924,2.7983276050113164e-06,-1.3105942569343202e-06,0.4241362120536453,0.9055984063663944,9.548294691277592e-12,0.9999999999885683,1.883493361276578e-12
0.2283155979990905,2.8196648310771853e-06,-1.3962440172161374e-06,0.4437553191598818,0.8961479881740659,9.900007115225389e-12,0.9999999999911144,1.014521799902468e-12
0.22967894497498864,2.839601318459077e-06,-1.4836479053638749e-06,0.46308526161807245,0.8863137370391396,1.0264546754885141e-11,0.9999999999921638,2.4282797994601424e-12
0.2310422919508868,2.8580882103955165e-06,-1.5728047141583896e-06,0.48212023805138143,0.8761050599394792,1.0642382887280701e-11,0.9999999999902789,9.212630658339549e-13
0.23240563892678492,2.8750761086249637e-06,-1.6637125828457338e-06,0.5008547170960027,0.8655313699389937,1.1034002188705285e-11,0.999999999985788,3.1780134079895106e-12
0.23376898590268305,2.890515071377315e-06,-1.7563689861727218e-06,0.5192834331294284,0.8546020805424259,1.1439909393448798e-11,0.9999999999901288,1.5687451337953462e-12
0.23513233287858118,2.904354611478067e-06,-1.850770723385768e-06,0.5374013819710481,0.8433266002238362,1.1860627979755792e-11,0.9999999999894864,1.347144618080165e-12
0.23649567985447933,2.916543694195004e-06,-1.9469139070544237e-06,0.5552038165919575,0.8317143271764004,1.2296700881630562e-11,0.9999999999887683,1.0649259252204502e-12
0.23785902683037746,2.9270307351129496e-06,-2.0447939515078747e-06,0.5726862427674403,0.8197746442385851,1.2748691228419044e-11,0.9999999999915863,4.334976821951386e-12
0.2392223738062756,2.935763598079956e-06,-2.1444055612205935e-06,0.5898444147007632,0.8075169140212365,1.321718311480518e-11,0.9999999999840667,2.716049607442983e-12
0.24058572078217375,2.9426895928376717e-06,-2.245742719001674e-06,0.6066743307542191,0.7949504741750428,1.370278239974417e-11,0.9999999999872051,9.07940389538453e-13
0.24194906775807187,2.9477554726677654e-06,-2.3487986736759954e-06,0.6231722289937575,0.7820846328861857,1.4206117536104875e-11,0.9999999999857678,2.609024107869118e-14
0.24331241473397,2.950907432249875e-06,-2.4535659278829555e-06,0.63933458286703,0.7689286645331335,1.4727840436175698e-11,0.9999999999904672,5.1949555768260325e-12
0.24467576170986813,2.952091104909007e-06,-2.5600362253376215e-06,0.6551580968342935,0.7554918054768723,1.526862736672378e-11,0.999999999990238,5.5067062021407764e-12
0.24603910868576628,2.9512515601270406e-06,-2.6682005381061122e-06,0.6706397020330707,0.7417832500396941,1.5829179882702044e-11,0.9999999999824571,1.7136292385089291e-12
0.2474024556616644,2.9483333013531625e-06,-2.7780490533728727e-06,0.6857765518739185,0.7278121467004899,1.641022579881395e-11,0.9999999999848568,1.2669865157022286e-12
0.24876580263756254,2.943280262964547e-06,-2.889571160151578e-06,0.7005660177174706,0.7135875943441513,1.7012520195936393e-11,0.9999999999823883,5.99187366390197e-13
0.25012914961346067,2.936035807646718e-06,-3.002755435631064e-06,0.7150056845740735,0.6991186387245109,1.7636846469995618e-11,0.9999999999852527,2.8894664438894324e-12
0.2514924965893588,2.9265427237716126e-06,-3.1175896311483987e-06,0.7290933467176944,0.6844142691046785,1.8284017422304573e-11,0.9999999999820994,3.8347103270552907e-13
0.252855843565257,2.914743222337149e-06,-3.234060658109939e-06,0.7428270034391079,0.6694834149838926,1.895487639249484e-11,0.9999999999768192,4.225952920933196e-12
0.2542191905411551,2.9005789340652226e-06,-3.352154573427676e-06,0.7562048547796649,0.6543349429680654,1.9650298436895027e-11,0.9999999999813556,1.0058620603103918e-12
0.25558253751705323,2.8839909067247715e-06,-3.4718565646977562e-06,0.7692252971845214,0.6389776538702436,2.037119155590608e-11,0.999999999974136,5.492828414332962e-12
0.25694588449295136,2.8649196017186902e-06,-3.5931509352614424e-06,0.7818869193544803,0.6234202798433041,2.1118497967882156e-11,0.9999999999775433,1.3381518115807012e-12
0.2583092314688495,2.8433048910719864e-06,-3.716021088598843e-06,0.794188498001978,0.6076714816620991,2.1893195434505213e-11,0.9999999999840488,5.941913627793838e-12
0.2596725784447476,2.819086054374575e-06,-3.840449512573016e-06,0.8061289936321002,0.5917398462194011,2.2696298640591516e-11,0.9999999999780631,7.593925488436071e-13
0.26103592542064574,2.792201775226728e-06,-3.966417763501812e-06,0.8177075464624755,0.5756338840217813,2.352886062820201e-11,0.999999999975683,7.881473251813986e-13
0.2623992723965439,2.7625901380502617e-06,-4.093906449714092e-06,0.8289234722512769,0.5593620268924525,2.439197428986321e-11,0.9999999999783464,2.738476112540411e-12
0.26376261937244205,2.730188624825103e-06,-4.222895214651512e-06,0.8397762581728155,0.5429326258212586,2.5286773921051032e-11,0.9999999999719023,2.810973676048434e-12
0.2651259663483402,2.694934111274845e-06,-4.3533627199327074e-06,0.8502655588473904,0.5263539487957183,2.6214436835412637e-11,0.9999999999749107,1.1251000131551336e-12
0.2664893133242383,2.656762863479467e-06,-4.485286627785495e-06,0.8603911922422176,0.509634178882952,2.717618504615499e-11,0.9999999999736857,8.619771563189715e-13
0.26785266030013644,2.6156105342592377e-06,-4.618643583082875e-06,0.8701531357076776,0.4927814123853598,2.8173287014480506e-11,0.999999999974414,2.587263736586465e-12
0.26921600727603456,2.571412159289636e-06,-4.753409195126085e-06,0.8795515220320987,0.4758036570468403,2.9207059469251804e-11,0.9999999999681286,2.6643132144954507e-12
0.2705793542519327,2.524102153176556e-06,-4.889558019114358e-06,0.8885866355586539,0.45870883039129884,3.027886930195606e-11,0.9999999999724014,2.680300426050053e-12
0.2719427012278309,2.473614306127141e-06,-5.027063536985806e-06,0.8972589082301435,0.4415047582666865,3.1390135540369094e-11,0.9999999999704745,1.864730592160413e-12
0.273306048203729,2.4198817793535558e-06,-5.165898137860923e-06,0.9055689158457625,0.42419917329319373,3.254233139680229e-11,0.9999999999686986,1.241007296926e-12
0.27466939517962713,2.3628371011589905e-06,-5.30603309827935e-06,0.9135173742389117,0.4067997135363526,3.3736986406649385e-11,0.9999999999696141,3.3510971775285725e-12
0.27603274215552526,2.3024121631087454e-06,-5.447438561585448e-06,0.9211051355002121,0.38931392130325565,3.497568865107923e-11,0.9999999999653817,3.5726976932437537e-13
0.2773960891314234,2.2385382153292795e-06,-5.590083517447533e-06,0.9283331843274065,0.371749241882549,3.6260087073528186e-11,0.9999999999637126,2.731148640577885e-14
0.2787594361073215,2.1711458623886738e-06,-5.7339357801373405e-06,0.9352026343249642,0.35411302251562277,3.759189388650667e-11,0.9999999999635025,1.0944578576754793e-12
0.28012278308321964,2.100165059077749e-06,-5.878961967218172e-06,0.9417147243930435,0.33641251139406,3.89728870873688e-11,0.9999999999611244,9.725553695716371e-14
0.2814861300591178,2.025525105542553e-06,-6.025127476937856e-06,0.9478708151679043,0.31865485672397953,4.040491306653472e-11,0.9999999999608473,1.2523315717771766e-12
0.28284947703501595,1.9471546429280798e-06,-6.172396465633685e-06,0.9536723854795252,0.30084710590640545,4.188988933244358e-11,0.9999999999584679,3.5771385853422544e-13
0.2842128240109141,1.8649816486299764e-06,-6.320731824276449e-06,0.9591210288802061,0.2829962047734915,4.342980734414766e-11,0.9999999999564251,1.4510614931850796e-13
0.2855761709868122,1.7789334312742194e-06,-6.470095154662958e-06,0.9642184502128668,0.2651089968753306,4.502673546329817e-11,0.9999999999551465,1.7319479184152442e-13
0.28693951796271033,1.6889366262036825e-06,-6.620446745180715e-06,0.9689664622099594,0.24719222290689347,4.668282203310619e-11,0.9999999999533362,1.9095836023552692e-14
0.28830286493860846,1.5949171903322045e-06,-6.7717455457347116e-06,0.9733669821526653,0.22925252017437658,4.8400298580195067e-11,0.9999999999512899,3.098632461728812e-13
0.2896662119145066,1.496800396810749e-06,-6.923949142140621e-06,0.9774220285921451,0.21129642205535634,5.0181483150842645e-11,0.9999999999505795,7.609468610780823e-13
0.29102955889040477,1.3945108302667684e-06,-7.0770137301365525e-06,0.9811337180747395,0.19333035768632065,5.2028783792272604e-11,0.9999999999462832,1.687983086640088e-12
0.2923929058663029,1.2879723809887955e-06,-7.230894088374439e-06,0.9845042619747513,0.17536065151493216,5.394470217147835e-11,0.999999999946191,1.3566925360919413e-13
0.293756252842201,1.1771082398238508e-06,-7.385543551160968e-06,0.9875359633099915,0.15739352309912996,5.5931837354356563e-11,0.9999999999441491,8.104628079763643e-14
0.29511959981809915,1.0618408928379547e-06,-7.540913980537492e-06,0.9902312136519651,0.13943508687713269,5.799288974356872e-11,0.9999999999430773,1.070254995738651e-12
0.2964829467939973,9.420921151750371e-07,-7.696955737374494e-06,0.9925924900681716,0.1214913519565514,6.013066517657711e-11,0.999999999939964,9.459100169806334e-14
0.2978462937698954,8.177829655163715e-07,-7.853617651897765e-06,0.994622352113636,0.10356822202634482,6.234807920088892e-11,0.99999999993776,1.0813572259849025e-13
0.2992096407457936,6.888337805480681e-07,-8.010846993856041e-06,0.9963234388583917,0.08567149535713829,6.464816153619654e-11,0.9999999999353395,1.2323475573339238e-14
0.3005729877216917,5.551641682906517e-07,-8.168589441090325e-06,0.997698465986547,0.0678068647036449,6.70340607108462e-11,0.9999999999328477,1.1823875212257917e-13
0.30193633469758985,4.166930023141466e-07,-8.326789048504925e-06,0.9987502229216827,0.04997991741078039,6.950904891647915e-11,0.9999999999304994,8.43769498715119e-15
0.303299681673488,2.7333841588007015e-07,-8.48538821540482e-06,0.9994815700075059,0.032196135534318646,7.20765270557268e-11,0.9999999999280131,8.970602038971265e-14
0.3046630286493861,1.25017794874277e-07,-8.6443276522323e-06,0.9998954357403916,0.014460895921343241,7.47400300081832e-11,0.9999999999253157,5.573319583618286e-14
0.30602637562528423,-2.835222830990572e-08,-8.803546346744101e-06,0.9999948140424729,-0.003220529564182147,7.750323212812157e-11,0.9999999999225138,1.709743457922741e-14
0.30738972260118236,-1.8685578158128326e-07,-8.962981528957127e-06,0.9997827615847622,-0.020842973818274792,8.036995297153698e-11,0.9999999999196427,1.2656542480726785e-14
0.30875306957708054,-3.505777597310268e-07,-9.122568635359697e-06,0.9992623951573948,-0.03840137420525735,8.334416327246651e-11,0.9999999999165459,1.1002310174035301e-13
0.31011641655297867,-5.196038316483779e-07,-9.282241272335027e-06,0.9984368890850962,-0.05589077229006274,8.642999117970347e-11,0.9999999999131044,4.656275365277907e-13
0.3114797635288768,-6.940204471543276e-07,-9.441931178810251e-06,0.9973094726931908,-0.0733063134146481,8.963172876645743e-11,0.9999999999100171,3.51163542688937e-13
0.3128431105047749,-8.739148442796866e-07,-9.601568187343329e-06,0.9958834278142199,-0.09064324636715633,9.295383881125583e-11,0.9999999999069775,6.861178292183467e-14
0.31420645748067305,-1.059375056828427e-06,-9.761080185023454e-06,0.9941620863420241,-0.1078969229590835,9.640096188948771e-11,0.9999999999039646,3.6548541970660153e-13
0.3155698044565712,-1.2504899216033747e-06,-9.920393072372984e-06,0.9921488278379892,-0.12506279750336655,9.99779237544175e-11,0.9999999998996638,3.58268970046538e-13
0.3169331514324693,-1.447349086444949e-06,-1.0079430722285027e-05,0.9898470771742363,-0.1421364263862014,1.0368974306337628e-10,0.9999999998962184,9.192646643896296e-14
0.3182964984083675,-1.6500430178355355e-06,-1.0238114937017353e-05,0.9872603022241357,-0.15911346751585104,1.0754163942428564e-10,0.9999999998926097,1.5121237595394632e-13
0.3196598453842656,-1.8586630088228618e-06,-1.0396365404812877e-05,0.9843920116040472,-0.1759896797504185,1.1153904181075644e-10,0.9999999998885176,5.6621374255882984e-14
0.32102319236016374,-2.0733011877618857e-06,-1.0554099654649261e-05,0.9812457524469299,-0.1927609223556784,1.1568759733544248e-10,0.9999999998825535,1.7589263379136355e-12
0.3223865393360619,-2.294050526082661e-06,-1.0711233010229612e-05,0.9778251082393974,-0.20942315434904907,1.1999318041565264e-10,0.9999999998808948,8.879563750952002e-13
0.32374988631196,-2.5210048472196627e-06,-1.0867678542560882e-05,0.9741336966704224,-0.2259724339050849,1.2446190234414327e-10,0.9999999998737703,1.7678081221106368e-12
0.3251132332878581,-2.7542588351349204e-06,-1.1023347021683297e-05,0.9701751675735621,-0.2424049176369072,1.2910012129137275e-10,0.999999999870945,4.5075054799781356e-14
0.32647658026375626,-2.99390804371421e-06,-1.1178146866301781e-05,0.9659532008423991,-0.2587168600013432,1.3391445273882893e-10,0.9999999998666311,5.455635943008019e-13
0.32783992723965444,-3.240048905208482e-06,-1.1331984093171145e-05,0.9614715044731147,-0.2749046124525148,1.389117803960265e-10,0.9999999998614622,3.739231146937527e-13
0.32920327421555257,-3.4927787401589633e-06,-1.1484762264056079e-05,0.9567338125696123,-0.2909646228349896,1.4409926758959296e-10,0.999999999855494,4.0667469392019484e-13
0.3305666211914507,-3.752195766800341e-06,-1.1636382431681578e-05,0.9517438834380504,-0.3068934345776323,1.4948436916874207e-10,0.9999999998485969,1.918798453459658e-12
0.3319299681673488,-4.018399110550371e-06,-1.1786743084606082e-05,0.9465054977248903,-0.32268768588845975,1.5507484395418127e-10,0.9999999998474918,2.566613588328437e-12
0.33329331514324695,-4.291488814634265e-06,-1.1935740089688611e-05,0.9410224565364186,-0.3383441090552405,1.608787677347309e-10,0.9999999998382205,9.007239398783895e-13
0.3346566621191451,-4.5715658497249404e-06,-1.2083266633801082e-05,0.9352985797021791,-0.3538595295327476,1.6690454686190184e-10,0.9999999998340507,9.552358903874847e-13
0.3360200090950432,-4.858732124458515e-06,-1.2229213163718013e-05,0.9293377039789196,-0.36923086516487424,1.7316093246089909e-10,0.9999999998272115,3.7259084706420253e-13
0.3373833560709414,-5.153090496464823e-06,-1.2373467323666293e-05,0.9231436813378575,-0.3844551253705834,1.7965703527459352e-10,0.9999999998177227,2.620237360417832e-12
0.3387467030468395,-5.454744783191104e-06,-1.2515913892535959e-05,0.9167203773129867,-0.3995294102187746,1.8640234121512514e-10,0.9999999998106266,2.9710678361993814e-12
0.34011005002273764,-5.763799772764035e-06,-1.2656434717642025e-05,0.9100716693413982,-0.4144509095973163,1.9340672758244913e-10,0.999999999803882,2.7112756484370948e-12
0.34147339699863577,-6.080361236089981e-06,-1.279490864746748e-05,0.9032014451577025,-0.4292169023506174,2.0068048005838382e-10,0.9999999997984217,8.978373600143641e-13
0.3428367439745339,-6.404535937990453e-06,-1.2931211463276631e-05,0.8961136012541284,-0.44382475532494425,2.082343104889882e-10,0.9999999997918896,1.2390088954816747e-13
0.344200090950432,-6.7364316494969054e-06,-1.306521580711028e-05,0.8888120413423194,-0.45827192249679416,2.1607937545470795e-10,0.9999999997840088,8.815170815523743e-14
0.34556343792633015,-7.0761571605312385e-06,-1.3196791108637667e-05,0.8813006748547619,-0.4725559440681045,2.2422729572555574e-10,0.999999999773556,2.2166712909665875e-12
0.34692678490222834,-7.423822291532909e-06,-1.3325803510577246e-05,0.873583415538331,-0.4866744454608183,2.326901766187738e-10,0.9999999997682114,9.015010959956271e-13
0.34829013187812646,-7.779537907363262e-06,-1.3452115790019802e-05,0.8656641799744351,-0.5006251364687407,2.4148062928020216e-10,0.9999999997551565,3.362865541589599e-12
0.3496534788540246,-8.14341593028187e-06,-1.3575587279050002e-05,0.8575468862354115,-0.514405810286577,2.506117929846728e-10,0.9999999997486397,7.485123632022805e-13
0.3510168258299227,-8.515569352869493e-06,-1.3696073783189564e-05,0.8492354525603378,-0.5280143424742718,2.6009735847810264e-10,0.9999999997438993,3.9965808440456385e-12
0.35238017280582085,-8.896112252789777e-06,-1.3813427495925556e-05,0.8407337959749056,-0.5414486901200881,2.6995159239942864e-10,0.9999999997271334,2.915001573455811e-12
0.353743519781719,-9.285159806995414e-06,-1.3927496912337777e-05,0.8320458310985754,-0.5547068907693927,2.801893628846214e-10,0.999999999715566,4.244715690049361e-12
0.3551068667576171,-9.682828305228885e-06,-1.4038126738738262e-05,0.8231754688413995,-0.5677870614970062,2.908261663214199e-10,0.9999999997056628,3.5110803153770576e-12
0.3564702137335153,-1.0089235166579441e-05,-1.4145157800564991e-05,0.8141266152147282,-0.5806873979127135,3.018781554494279e-10,0.9999999996956279,2.493893980215489e-12
0.3578335607094134,-1.0504498953741694e-05,-1.4248426947069165e-05,0.8049031701442494,-0.5934061731902736,3.1336216873512704e-10,0.9999999996885875,1.9497736758467e-12
0.35919690768531154,-1.0928739388921559e-05,-1.4347766953712131e-05,0.7955090263421715,-0.6059417370335778,3.252957611889995e-10,0.9999999996711393,3.5649261320713777e-12
0.36056025466120967,-1.136207737055873e-05,-1.444300642028825e-05,0.7859480681860603,-0.6182925147341446,3.376972366310503e-10,0.9999999996616724,6.303846333821639e-13
0.3619236016371078,-1.1804634989530953e-05,-1.4533969667388232e-05,0.7762241706082856,-0.6304570061583465,3.5058568152861955e-10,0.9999999996506663,1.2521095271722515e-12
0.3632869486130059,-1.2256535546137394e-05,-1.4620476628403067e-05,0.7663411980889949,-0.6424337847218565,3.639810004354099e-10,0.9999999996405249,4.50595116774366e-12
0.36465029558890405,-1.2717903567403298e-05,-1.4702342739223696e-05,0.7563030036017787,-0.6542214964100717,3.779039531713732e-10,0.9999999996221054,9.325873406851315e-15
0.36601364256480223,-1.3188864826188486e-05,-1.4779378823524364e-05,0.7461134276264265,-0.6658188587942188,3.9237619381271215e-10,0.9999999996104905,2.866595849582154e-12
0.36737698954070036,-1.3669546357648706e-05,-1.485139097565571e-05,0.7357762972068975,-0.6772246599661104,4.0742031153569484e-10,0.9999999995977067,5.127009927718973e-12
0.3687403365165985,-1.4160076480279942e-05,-1.4918180438381064e-05,0.7252954249779571,-0.6884377575961176,4.230598735194726e-10,0.9999999995779261,9.85878045867139e-13
0.3701036834924966,-1.4660584814202924e-05,-1.4979543477557759e-05,0.7146746082772842,-0.6994570779116355,4.3931946989048067e-10,0.9999999995569733,3.707256723828323e-12
0.37146703046839474,-1.517120230112874e-05,-1.5035271253081529e-05,0.7039176282985041,-0.7102816146494054,4.562247609155139e-10,0.9999999995383575,5.417777337868301e-12
0.37283037744429287,-1.5692061225515592e-05,-1.508514968522942e-05,0.6930282491996347,-0.7209104280964717,4.738025265311072e-10,0.9999999995269488,7.513989430663059e-13
0.374193724420191,-1.6223295235294295e-05,-1.5128959315660592e-05,0.6820102172600667,-0.7313426440863461,4.920807182664359e-10,0.9999999995063311,1.5881740367262864e-12
0.3755570713960892,-1.6765039364109255e-05,-1.5166475166914887e-05,0.6708672601613181,-0.7415774529596912,5.110885138687788e-10,0.9999999994945368,5.625278021170743e-12
0.3769204183719873,-1.7317430053111185e-05,-1.519746659327494e-05,0.659603086113083,-0.7516141086076683,5.308563744981062e-10,0.9999999994680031,1.1405321131974233e-12
0.37828376534788544,-1.788060517434864e-05,-1.522169713037824e-05,0.6482213832121271,-0.7614519274369522,5.514161049299085e-10,0.999999999450893,2.3090418466154006e-12
0.37964711232378356,-1.8454704054608792e-05,-1.5238924337362823e-05,0.6367258186369037,-0.7710902873907391,5.728009167030632e-10,0.9999999994271678,3.1308289294429414e-14
0.3810104592996817,-1.903986749938012e-05,-1.5248899634645212e-05,0.6251200379907094,-0.7805286269644021,5.950454944614342e-10,0.9999999994084408,3.4863223419279166e-12
0.3823738062755798,-1.9636237818363394e-05,-1.5251368136572238e-05,0.6134076646306023,-0.7897664441848039,6.181860656965759e-10,0.9999999993878783,6.064482249712455e-12
0.38373715325147795,-2.0243958851292547e-05,-1.5246068477698548e-05,0.6015922989829693,-0.7988032956629173,6.422604739994992e-10,0.9999999993575521,1.8740564655672642e-13
0.38510050022737613,-2.0863175994517865e-05,-1.5232732634163554e-05,0.5896775179929313,-0.8076387955671808,6.673082560821379e-10,0.9999999993315103,1.1814993428060916e-12
0.38646384720327426,-2.149403622864837e-05,-1.5211085737185107e-05,0.5776668744230364,-0.8162726146938811,6.933707227024449e-10,0.9999999993048656,1.7637002969195237e-12
0.3878271941791724,-2.213668814659704e-05,-1.518084588259573e-05,0.5655638963722892,-0.8247044794319445,7.204910438108137e-10,0.99999999927492,4.588995849985622e-12
0.3891905411550705,-2.27912819829209e-05,-1.5141723931265396e-05,0.5533720866405323,-0.8329341708578739,7.4871433803567e-10,0.9999999992555906,4.305000800286507e-12
0.39055388813096864,-2.345796964386779e-05,-1.5093423304592734e-05,0.5410949222342797,-0.8409615237086481,7.780877668642457e-10,0.9999999992260922,4.179989687713714e-12
0.39191723510686677,-2.413690473903092e-05,-1.5035639771373902e-05,0.5287358538339466,-0.8487864254703191,8.08660633715574e-10,0.9999999991921942,8.548717289613705e-13
0.3932805820827649,-2.482824261226863e-05,-1.4968061228130848e-05,0.5162983053283137,-0.8564088153871744,8.404844881427458e-10,0.9999999991577517,1.7638113192219862e-12
0.3946439290586631,-2.5532140376053777e-05,-1.4890367471472386e-05,0.5037856733014192,-0.8638286835368857,8.736132356179983e-10,0.9999999991248334,1.553424056055519e-12
0.3960072760345612,-2.6248756944549565e-05,-1.4802229961671277e-05,0.49120132662209065,-0.8710460698623426,9.08103252972238e-10,0.9999999990979347,6.037836897121451e-12
0.39737062301045933,-2.697825306931671e-05,-1.4703311577359851e-05,0.47854860593983123,-0.8780610632538204,9.440135100130205e-10,0.9999999990493853,6.601164059816256e-12
0.39873396998635746,-2.7720791375734972e-05,-1.4593266364340189e-05,0.465830823377337,-0.8848738006125119,9.81405697677605e-10,0.9999999990188391,2.446931546273845e-13
0.4000973169622556,-2.847653640079935e-05,-1.4471739271533207e-05,0.45305126204309526,-0.8914844658991459,1.0203443629292868e-09,0.9999999989783268,1.3288259381738499e-12
0.4014606639381537,-2.9245654632062786e-05,-1.4338365878074381e-05,0.44021317568947044,-0.8978932892520316,1.060897050911423e-09,0.9999999989344412,4.66171545809857e-12
0.40282401091405184,-3.0028314547390387e-05,-1.4192772113134473e-05,0.42731978836865364,-0.9041005460478787,1.1031344548123845e-09,0.9999999988955033,1.362243651215067e-12
0.40418735788995,-3.082468665619402e-05,-1.4034573961198203e-05,0.41437429405898957,-0.9101065559984333,1.147130573724888e-09,0.9999999988482153,4.654054919228656e-12
0.40555070486584816,-3.1634943544030006e-05,-1.386337715891257e-05,0.4013798563579812,-0.9159116822692858,1.1929628792842243e-09,0.9999999988073067,2.69562150378988e-13
0.4069140518417463,-3.245925991513587e-05,-1.3678776881248646e-05,0.3883396081999063,-0.9215163305455699,1.240712491205329e-09,0.9999999987590285,2.59015031645049e-13
0.4082773988176444,-3.329781264013607e-05,-1.3480357411850858e-05,0.3752566515157907,-0.9269209481948222,1.2904643625688477e-09,0.9999999987092318,3.0375701953744283e-13
0.40964074579354254,-3.415078080282727e-05,-1.3267691805454572e-05,0.36213405699596235,-0.9321260233568981,1.342307475287282e-09,0.9999999986554995,2.1930235405420717e-12
0.41100409276944067,-3.501834574938821e-05,-1.3040341534837679e-05,0.34897486383641885,-0.937132084079371,1.396335046368908e-09,0.9999999986005923,3.0726532429525832e-12
0.41236743974533885,-3.590069114042659e-05,-1.2797856124587301e-05,0.3357820794830077,-0.9419396974582048,1.4526447457459407e-09,0.9999999985495871,2.2317703241014897e-12
0.413730786721237,-3.6798003002583787e-05,-1.2539772768123012e-05,0.3225586793796281,-0.9465494687812239,1.5113389260543246e-09,0.9999999984931469,4.4857451086954825e-12
0.4150941336971351,-3.771046978513686e-05,-1.2265615936581315e-05,0.3093076068129945,-0.9509620406690988,1.5725248657194378e-09,0.9999999984259189,1.556199613617082e-12
0.41645748067303323,-3.863828241552368e-05,-1.1974896963968358e-05,0.2960317726867498,-0.9551780922528966,1.6363150253194247e-09,0.9999999983599426,3.74245079370894e-12
0.41782082764893136,-3.958163435961456e-05,-1.1667113621367337e-05,0.28273405532062146,-0.9591983383294069,1.7028273188321145e-09,0.9999999982919394,5.2332582711756e-12
0.4191841746248295,-4.0540721682093834e-05,-1.1341749671683067e-05,0.2694173003170787,-0.9630235285366404,1.7721854001201158e-09,0.9999999982253045,2.5101032363750164e-12
0.4205475216007276,-4.151574311029925e-05,-1.0998274407543065e-05,0.2560843203993196,-0.9666544465323943,1.8445189659439769e-09,0.999999998155231,2.5002222514558525e-13
0.4219108685766258,-4.250690010023608e-05,-1.063614216854405e-05,0.24273789522134875,-0.9700919092040413,1.919964076360931e-09,0.9999999980796326,4.0334402484631937e-13
0.4232742155525239,-4.351439690599399e-05,-1.0254791841980546e-05,0.22938077132511656,-0.9733367658455268,1.9986634938147298e-09,0.9999999980003353,1.0011991236069662e-12
0.42463756252842205,-4.453844064949483e-05,-9.85364634084845e-06,0.21601566196111693,-0.9763898973800038,2.080767041699089e-09,0.9999999979182337,9.993117444651034e-13
0.4260009095043202,-4.557924139625815e-05,-9.432112058158963e-06,0.2026452469915482,-0.9792522155731913,2.166431984136041e-09,0.9999999978332694,2.985389713217046e-13
0.4273642564802183,-4.6637012230882e-05,-8.989578303588612e-06,0.18927217283519301,-0.9819246622514008,2.2558234278997884e-09,0.9999999977472827,3.106181978296263e-12
0.42872760345611644,-4.771196933841063e-05,-8.525416711925207e-06,0.17589905235061987,-0.9844082085364348,2.34911474826141e-09,0.9999999976517588,8.735234757750732e-13
0.43009095043201456,-4.8804332086069285e-05,-8.0389806275928e-06,0.1625284647749068,-0.9867038540991502,2.446488039898144e-09,0.9999999975562053,2.6934010577406298e-12
0.43145429740791275,-4.991432311213764e-05,-7.52960446526586e-06,0.14916295569433485,-0.9888126263845539,2.54813459514623e-09,0.9999999974489897,2.8756996783840805e-12
0.4328176443838109,-5.104216841388762e-05,-6.9966030382026775e-06,0.13580503696820684,-0.990735579899786,2.6542554104658536e-09,0.9999999973453013,4.43312053732825e-13
0.434180991359709,-5.2188097443534194e-05,-6.439270861946976e-06,0.12245718670233738,-0.9924737954546711,2.7650617240093405e-09,0.999999997239251,4.312772361458883e-12
0.43554433833560713,-5.335234320469159e-05,-5.856881425332833e-06,0.10912184923738569,-0.994028379444398,2.880775585461609e-09,0.999999997121843,2.6185720258808942e-12
0.43690768531150526,-5.453514235534977e-05,-5.248686428887773e-06,0.09580143512450426,-0.9954004631432564,3.001630460947055e-09,0.9999999969977236,6.459277557269161e-13
0.4382710322874034,-5.573673531394149e-05,-4.613914991957401e-06,0.082498321110182,-0.9965912019897766,3.1278718750093828e-09,0.9999999968694262,2.7019497750302435e-12
0.4396343792633015,-5.695736637041549e-05,-3.951772820921462e-06,0.06921485018275766,-0.9976017748859571,3.2597580922819104e-09,0.9999999967414337,1.191713394632643e-12
0.4409977262391997,-5.8197283801792903e-05,-3.261441342439611e-06,0.05595333152812658,-0.998433383503175,3.3975608415366013e-09,0.9999999966026947,2.5557334026871104e-13
0.4423610732150978,-5.945673999383894e-05,-2.54207679655921e-06,0.042716040607083616,-0.9990872516095082,3.5415660851345703e-09,0.9999999964537869,4.647060514173518e-12
0.44372442019099595,-6.073599156638277e-05,-1.7928092875613733e-06,0.029505219160801042,-0.9995646244017994,3.6920748366932852e-09,0.9999999963132373,5.312195128226449e-12
0.4450877671668941,-6.203529950474854e-05,-1.0127417919690507e-06,0.01632307525115287,-0.9998667678110854,3.849404030581055e-09,0.9999999961586419,8.046008304063434e-12
0.4464511141427922,-6.335492929867037e-05,-2.0094912030701558e-07,0.003171783336265573,-0.9999949678770983,4.013887446988473e-09,0.9999999959890509,2.9383162569729393e-12
0.44781446111869033,-6.469515108608526e-05,6.435231712648661e-07,-0.009946515703020136,-0.9999505300971235,4.1858766961233525e-09,0.9999999958161487,2.0254908861261356e-12
0.44917780809458846,-6.605623980390647e-05,1.5216599180850627e-06,-0.023029714467605343,-0.9997347787701407,4.365742265937505e-09,0.9999999956310417,3.2160940577341535e-12
0.45054115507048664,-6.743847534496897e-05,2.4344775430842854e-06,-0.03607573900618154,-0.9993490563884709,4.553874637761769e-09,0.9999999954493695,3.2440716779547074e-12
0.45190450204638477,-6.884214272289523e-05,3.383025303220508e-06,-0.049082548666268364,-0.9987947229842862,4.750685474881706e-09,0.9999999952448335,4.480971149689594e-12
0.4532678490222829,-7.026753224557598e-05,4.368386605080739e-06,-0.06204813608867393,-0.998073155558438,4.956608889414509e-09,0.9999999950384566,4.934497255248971e-12
0.454631195998181,-7.171493969605281e-05,5.391680375395741e-06,-0.07497052703585155,-0.9971857474398801,5.172102792878919e-09,0.9999999948212654,6.63180621529591e-12
0.45599454297407915,-7.318466652134594e-05,6.454062509399347e-06,-0.08784778033045908,-0.9961339077091448,5.397650336715849e-09,0.9999999945968796,5.470068842328146e-12
0.4573578899499773,-7.467702003404729e-05,7.556727380780463e-06,-0.10067798773279739,-0.994919060601616,5.633761449872936e-09,0.9999999943623272,3.9113157157544265e-12
0.4587212369258754,-7.619231361631912e-05,8.70090943680453e-06,-0.11345927384172821,-0.9935426449303522,5.880974479235001e-09,0.9999999941158921,3.1333824423995793e-12
0.4600845839017736,-7.773086694415694e-05,9.887884866291165e-06,-0.12618979592869858,-0.9920061135205235,6.139857943019258e-09,0.9999999938586206,1.5214496329463145e-12
0.4614479308776717,-7.929300621107274e-05,1.1118973359584083e-05,-0.13886774387473874,-0.9903109326335067,6.4110124025603615e-09,0.9999999935823058,6.681766251404042e-12
0.46281127785356985,-8.087906437630491e-05,1.239553995305207e-05,-0.1514913399695144,-0.988458581435668,6.695072465114184e-09,0.999999993299572,5.35549382618683e-12
0.464174624829468,-8.248938141490404e-05,1.3718996972252792e-05,-0.1640588388038262,-0.9864505514296952,6.9927089241382e-09,0.9999999930056094,1.6816548153997246e-12
0.4655379718053661,-8.412430458408145e-05,1.5090806081106751e-05,-0.17656852712992227,-0.9842883459244269,7.304631049932876e-09,0.9999999926954743,1.0547118733938987e-13
0.46690131878126423,-8.578418870754508e-05,1.6512480429204568e-05,-0.18901872369386594,-0.9819734795123435,7.631589042136569e-09,0.9999999923724368,4.025890731895743e-12
0.46826466575716236,-8.746939646497543e-05,1.798558692290474e-05,-0.2014077790717978,-0.9795074775374267,7.974376654908416e-09,0.9999999920223666,3.2568392427378967e-12
0.46962801273306054,-8.91802987086669e-05,1.9511748616045463e-05,-0.21373407554652263,-0.9768918756008783,8.333834011822809e-09,0.9999999916647286,1.4372947276797277e-12
0.47099135970895867,-9.091727478945201e-05,2.1092647228965207e-05,-0.22599602690721884,-0.9741282190326652,8.710850622266302e-09,0.9999999912936004,4.451106150327178e-12
0.4723547066848568,-9.268071290144744e-05,2.2730025805887928e-05,-0.2381920782721552,-0.9712180624082803,9.106368617056857e-09,0.999999990899703,6.071587677070056e-12
0.4737180536607549,-9.447101044741917e-05,2.4425691522423e-05,-0.2503207059372608,-0.9681629690587042,9.521386221304952e-09,0.9999999904774941,1.1196599203344704e-12
0.47508140063665305,-9.62885744233647e-05,2.6181518647880867e-05,-0.26238041720089156,-0.9649645105990798,9.95696148319318e-09,0.9999999900462355,3.1969982217106008e-12
0.4764447476125512,-9.81338218224199e-05,2.7999451671170728e-05,-0.2743697501395679,-0.9616242664354167,1.0414216279360678e-08,0.9999999895891021,3.318456620604593e-12
0.4778080945884493,-0.00010000718006509756,2.9881508611898607e-05,-0.28628727346456667,-0.95814382331574,1.0894340621495816e-08,0.9999999891058795,2.2004620348070603e-13
0.4791714415643475,-0.00010190908745564218,3.18297845197089e-05,-0.29813158631153536,-0.9545247748725704,1.1398597288612829e-08,0.9999999886021633,7.607248164731573e-13
0.4805347885402456,-0.00010383999365481936,3.38464551700734e-05,-0.309901318032276,-0.9507687211702281,1.192832680981271e-08,0.9999999880738129,2.1396218130576017e-12
0.48189813551614374,-0.0001058003601912137,3.593378098809193e-05,-0.3215951280215428,-0.9468772682598521,1.2484952832690718e-08,0.9999999875144321,6.150635556423367e-13
0.48326148249204187,-0.00010779066099910011,3.809411119576825e-05,-0.3332117054847582,-0.9428520277656248,1.3069987906418482e-08,0.9999999869338116,3.799627279477136e-12
0.48462482946794,-0.00010981138298168144,4.032988821260439e-05,-0.344749769271052,-0.9386946164245684,1.3685039715590681e-08,0.9999999863169111,1.950883898871325e-12
0.4859881764438381,-0.0001118630266196942,4.264365231846491e-05,-0.3562080676174879,-0.9344066557144275,1.4331817807576526e-08,0.9999999856792052,1.102296032229333e-11
0.48735152341973625,-0.00011394610661050338,4.503804660509e-05,-0.36758537796835883,-0.929989771390118,1.5012140853694465e-08,0.9999999849863849,1.4742651543997454e-12
0.48871487039563444,-0.00011606115254112218,4.7515822232392844e-05,-0.3788805067583348,-0.9254455931431482,1.572794449159399e-08,0.9999999842695261,2.529421117003494e-12
0.49007821737153257,-0.00011820870961606157,5.007984400894013e-05,-0.3900922891810681,-0.920775754154829,1.648128980505414e-08,0.9999999835179202,7.900347043232614e-13
0.4914415643474307,-0.0001203893394193555,5.273309632821337e-05,-0.4012195889749521,-0.9159818907319397,1.727437249418941e-08,0.9999999827260885,4.60964599824365e-13
0.4928049113233288,-0.00012260362072749153,5.547868948193707e-05,-0.41226129820548046,-0.9110656419224854,1.8109532802123784e-08,0.9999999818896982,7.690514891578459e-13
0.49416825829922695,-0.00012485215037919283,5.8319866380217834e-05,-0.42321633703690203,-0.9060286491469758,1.8989266268915045e-08,0.9999999810100263,7.074341112911497e-13
0.4955316052751251,-0.00012713554420003403,6.126000970585182e-05,-0.4340836534837597,-0.9008725558375028,1.991623538819986e-08,0.9999999800830034,7.611689056830073e-13
0.4968949522510232,-0.00012945443797845058,6.43026495470956e-05,-0.4448622232263528,-0.8955990070620223,2.08932822510931e-08,0.9999999791043738,2.344013871891093e-12
0.4982582992269214,-0.00013180948852313138,6.745147153040972e-05,-0.4555510493355022,-0.8902096492001274,2.1923442276347175e-08,0.9999999780796912,3.133493464702042e-12
0.4996216462028195,-0.0001342013747761581,7.071032550393613e-05,-0.4661491620481972,-0.8847061295763792,2.3009959124683444e-08,0.9999999769882534,1.787459069646502e-12
0.5009849931787176,-0.00013663079900801418,7.408323481450064e-05,-0.4766556185649074,-0.8790900961424792,2.4156300918148806e-08,0.9999999758452879,1.588729148238599e-12
0.5023483401546158,-0.00013909848809772783,7.757440621800948e-05,-0.48706950274524136,-0.873363197142513,2.5366177891150487e-08,0.9999999746274885,6.333600310881593e-12
0.503711687130514,-0.00014160519490042875,8.118824048583899e-05,-0.4973899249510789,-0.867527080797973,2.6643561615974836e-08,0.9999999733606928,4.2543746303636e-12
0.5050750341064121,-0.00014415169970048152,8.492934375825186e-05,-0.5076160217312303,-0.8615833949688012,2.7992705957745116e-08,0.9999999720042061,3.0879743206924104e-12
0.5064383810823102,-0.0001467388117910792,8.880253970118409e-05,-0.5177469556254058,-0.85553378689961,2.9418169943238136e-08,0.9999999705861633,4.333200465111986e-12
0.5078017280582083,-0.00014936737114173466,9.281288254953526e-05,-0.5277819148937761,-0.8493799028612352,3.092484272894654e-08,0.9999999690735024,1.6548984405062583e-12
0.5091650750341065,-0.0001520382502054589,9.696567109949739e-05,-0.5377201133061533,-0.8431233879033483,3.2517970897313634e-08,0.9999999674836022,1.5731860258938468e-12
0.5105284220100046,-0.00015475235585571276,0.00010126646373526251,-0.5475607898522842,-0.8367658855454889,3.42031883203384e-08,0.9999999657963837,4.2799097599299785e-13
0.5118917689859027,-0.00015751063146492408,0.00010572109458298427,-0.5573032085069058,-0.8303090375233053,3.5986548864303444e-08,0.9999999640049694,8.481770841228808e-12
0.5132551159618008,-0.0001603140591417283,0.00011033569089632417,-0.5669466580292735,-0.8237544834951979,3.787456224406675e-08,0.9999999621290022,3.5644820428615276e-12
0.514618462937699,-0.0001631636621453736,0.00011511669176185559,-0.5764904516270583,-0.817103860785726,3.98742333668837e-08,0.9999999601281089,2.3423485373541553e-12
0.5159818099135971,-0.0001660605074804857,0.00012007086827892755,-0.5859339267772211,-0.8103588041462841,4.199310555393202e-08,0.9999999580059697,9.247047572102929e-13
0.5173451568894952,-0.00016900570870311145,0.00012520534532117647,-0.595276444952935,-0.8035209454922179,4.4239308071236e-08,0.9999999557605124,1.795230630818878e-13
0.5187085038653934,-0.00017200042894714688,0.00013052762504118582,-0.6045173913501476,-0.7965919136752767,4.6621608456894925e-08,0.9999999533776273,7.642775301519578e-13
0.5200718508412915,-0.00017504588420336935,0.00013604561227162444,-0.6136561746643794,-0.7895733342432609,4.914947019490056e-08,0.9999999508517395,1.2096990076315706e-12
0.5214351978171897,-0.00017814334685163885,0.0001417676420294822,-0.6226922268233813,-0.7824668292165398,5.1833116354102715e-08,0.9999999481704469,3.5631497752319774e-12
0.5227985447930878,-0.00018129414951865115,0.00014770250929479722,-0.6316250027262201,-0.7752740168759271,5.468359990167071e-08,0.9999999453118328,4.5673465010054315e-12
0.524161891768986,-0.00018449968922303934,0.00015385950130651678,-0.640453980014095,-0.7679965115606971,5.771288146568814e-08,0.9999999422852952,1.8233192733418946e-12
0.5255252387448841,-0.00018776143190834038,0.0001602484326311708,-0.6491786587790109,-0.760635923455687,6.093391547301724e-08,0.9999999390654011,6.834532939592464e-13
0.5268885857207822,-0.0001910809173626984,0.0001668796832806483,-0.6577985613349323,-0.7531938584093536,6.436074567201988e-08,0.9999999356398762,6.219469383950127e-13
0.5282519326966804,-0.00019445976455884147,0.00017376424017368403,-0.6663132319470404,-0.7456719177539601,6.80086111954178e-08,0.9999999319945789,3.190114838957925e-12
0.5296152796725785,-0.00019789967749514885,0.0001809137423338461,-0.6747222365798571,-0.7380716981205183,7.189406451792118e-08,0.9999999281018299,4.105604745063829e-12
0.5309786266484766,-0.00020140245155549378,0.00018834053017824777,-0.6830251626507435,-0.7303947912956605,7.603510280038646e-08,0.9999999239659062,1.0089706847793423e-12
0.5323419736243747,-0.0002049699804662775,0.00019605769934863762,-0.6912216187418075,-0.7226427840482932,8.045131436622695e-08,0.9999999195531127,4.427125332995274e-12
0.5337053206002729,-0.00020860426389157484,0.00020407915959842675,-0.6993112343701027,-0.7148172579904299,8.516404229614591e-08,0.9999999148371934,1.2356782264077992e-12
0.535068667576171,-0.0002123074157924896,0.0002124196992903706,-0.7072936597137522,-0.7069197894602633,9.019656744709652e-08,0.9999999098018162,1.6163737015517654e-12
0.5364320145520691,-0.00021608167353823614,0.00022109505611243432,-0.7151685653642845,-0.6989519493777364,9.557431347644536e-08,0.9999999044241469,1.539657290550167e-12
0.5377953615279673,-0.0002199294079830738,0.00023012199476162815,-0.7229356420645505,-0.6909153031379588,1.0132507696885616e-07,0.9999998986775015,2.5783819523894635e-12
0.5391587085038654,-0.00022385313450611386,0.00023951839238472045,-0.7305946004102051,-0.6828114105447387,1.0747928611877322e-07,0.9999998925186431,2.070787985530842e-12
0.5405220554797636,-0.00022785552519710397,0.00024930333272002133,-0.7381451706656483,-0.6746418256783379,1.1407029206815774e-07,0.9999998859316198,1.9118040484045196e-12
0.5418854024556617,-0.000231939422311448,0.0002594972099411383,-0.7455871024218926,-0.6664080968639057,1.211346975894034e-07,0.9999998788636463,1.656119685833346e-12
0.5432487494315599,-0.0002361078531508767,0.0002701218434720339,-0.7529201643836038,-0.6581117666113961,1.2871272864024594e-07,0.9999998712878054,5.340172748447003e-13
0.544612096407458,-0.00024036404653158573,0.0002812006050568226,-0.7601441440893824,-0.6497543715575009,1.3684865514936142e-07,0.9999998631514626,1.176836406102666e-13
0.5459754433833561,-0.0002447114510639506,0.000292758559706543,-0.7672588476393833,-0.6413374424799122,1.455912685632738e-07,0.9999998544075892,1.142197447734361e-12
0.5473387903592543,-0.00024915375548498735,0.0003048226223093562,-0.7742640994435859,-0.6328625042742413,1.549944249438253e-07,0.9999998450034511,2.123967668410387e-12
0.5487021373351524,-0.00025369491129591313,0.00031742173193647825,-0.7811597419464921,-0.6243310759842466,1.651176639229947e-07,0.9999998348775573,4.778843987196524e-12
0.5500654843110505,-0.00025833915802144256,0.0003305870462866554,-0.7879456353592944,-0.6157446708603806,1.760269157397631e-07,0.9999998239747205,1.6362466936925557e-12
0.5514288312869486,-0.00026309105147504793,0.00034435215895519506,-0.7946216573687276,-0.6071047964266676,1.8779531074335022e-07,0.9999998122036889,1.000310945187266e-12
0.5527921782628468,-0.00026795549540695537,0.0003587533428184569,-0.8011877028969403,-0.5984129545888054,2.0050410850220417e-07,0.9999997994929796,2.9118929489868606e-12
0.5541555252387449,-0.00027293777709264485,0.000373829823167141,-0.807643683803803,-0.5896706417721139,2.1424376685345025e-07,0.9999997857561141,1.1901590823981678e-13
0.555518872214643,-0.0002780436073586179,0.0003896240849870764,-0.8139895285985703,-0.5808793491051322,2.2911517519500982e-07,0.9999997708849246,9.992007221626409e-14
0.5568822191905412,-0.00028327916576390233,0.0004061822194364284,-0.8202251821676245,-0.5720405626420354,2.4523108114219527e-07,0.9999997547697294,8.104628079763643e-13
0.5582455661664393,-0.00028865115173925296,0.00042355431554947336,-0.8263506054789794,-0.5631557636263919,2.627177456209801e-07,0.9999997372811004,1.1539658117953877e-12
0.5596089131423375,-0.00029416684254430006,0.0004417949040795654,-0.832365775291835,-0.5542264288225711,2.817168685231555e-07,0.9999997182825978,5.336842079373127e-13
0.5609722601182356,-0.0002998341592201016,0.00046096346187535453,-0.838270683842879,-0.5452540309100712,3.023878362193366e-07,0.9999996976140886,1.9249046800950964e-12
0.5623356070941338,-0.0003056617418085648,0.0004811249866528896,-0.8440653385408906,-0.5362400389403047,3.249103531871889e-07,0.9999996750888476,7.992495554276502e-13
0.5636989540700319,-0.0003116590353677844,0.0005023506537685076,-0.8497497616499926,-0.5271859189042035,3.494875336680249e-07,0.9999996505150887,2.6223467841646197e-12
0.56506230104593,-0.00031783638869465236,0.0005247185691071089,-0.8553239899428761,-0.5180931343666614,3.763495467442699e-07,0.9999996236496725,7.807088309164101e-13
0.5664256480218282,-0.0003242051679988892,0.0005483146349187226,-0.8607880743790716,-0.5089631472396352,4.0575792982324e-07,0.9999995942413048,7.653877531765829e-13
0.5677889949977263,-0.000330777888118915,0.0005732335486674376,-0.866142079709671,-0.49979741870415456,4.3801071258627293e-07,0.99999956198713,2.157385381451604e-12
0.5691523419736244,-0.000337568364724801,0.0005995799597133954,-0.8713860841318873,-0.4905974102364646,4.7344852895289306e-07,0.9999995265494305,2.0405899192610377e-12
0.5705156889495225,-0.00034459189136220865,0.000627469813346853,-0.8765201788492727,-0.48136458491276446,5.124619382541188e-07,0.9999994875381991,1.3744561044859438e-13
0.5718790359254207,-0.00035186544624598567,0.0006570319187910488,-0.8815444676520132,-0.47210040886174187,5.555002345721339e-07,0.9999994444952952,4.47020198635073e-12
0.5732423829013188,-0.0003594079348537026,0.0006884097859243502,-0.8864590664655405,-0.46280635302238526,6.03082096992213e-07,0.9999993969168385,1.0644818360106e-12
0.5746057298772169,-0.0003672404757272493,0.0007217637859742891,-0.891264102803567,-0.45348389524595617,6.558085297563156e-07,0.999999344193693,2.2226664952995634e-12
0.575969076853115,-0.0003753867387092605,0.0007572737048686641,-0.8959597152278059,-0.44413452276309073,7.143786676842872e-07,0.9999992856210892,2.431388423929093e-13
0.5773324238290132,-0.0003838733472095355,0.000795141775184861,-0.9005460527332305,-0.43475973513777594,7.796091893419847e-07,0.9999992203904714,3.3928415632544784e-13
0.5786957708049114,-0.000392730359146754,0.0008355962945938669,-0.9050232740209113,-0.42536104784294987,8.524583025345387e-07,0.9999991475415821,1.1535217225855376e-13
0.5800591177808095,-0.00040199184509273546,0.0008788959677885423,-0.9093915467179298,-0.4159399965125465,9.340555657160202e-07,0.9999990659408858,3.5484948313069253e-12
0.5814224647567077,-0.00041169658722594346,0.0009253351461243458,-0.9136510464650175,-0.406498142129366,1.0257392125864533e-06,0.9999989742612477,4.602984660095899e-13
0.5827858117326058,-0.0004218889298795776,0.0009752501897057084,-0.9178019558264535,-0.3970370773332749,1.1291032016759551e-06,0.9999988708962123,5.859757123971576e-13
0.5841491587085039,-0.0004326198211485889,0.0010290272423440763,-0.9218444630574365,-0.3875584341417542,1.2460569751368912e-06,0.9999987539440618,1.0369483049998962e-12
0.585512505684402,-0.00044394809773319415,0.0010871117998629753,-0.9257787605888013,-0.37806389346199265,1.3789019788822397e-06,0.9999986210969778,1.0432765762402596e-12
0.5868758526603002,-0.00045594208214509165,0.001150020573705721,-0.9296050432357817,-0.36855519689882804,1.5304305022172372e-06,0.9999984695705333,1.035616037370346e-12
0.5882391996361983,-0.00046868158409437343,0.001218356318401353,-0.9333235059637397,-0.3590341615521785,1.7040545458577103e-06,0.9999982959459225,4.68292071786891e-13
0.5896025466120964,-0.0004822604311745926,0.001292826524968771,-0.9369343411711735,-0.3495026986439722,1.9039755471395328e-06,0.9999980960252802,8.273381979506667e-13
0.5909658935879946,-0.0004967896993017619,0.0013742672093827672,-0.9404377352324569,-0.3399628372935745,2.135410368117033e-06,0.9999978645898502,2.1826984664130578e-13
0.5923292405638927,-0.0005124018796468498,0.0014636734932054706,-0.9438338641393206,-0.33041675503666496,2.404895780977929e-06,0.9999975951051211,9.021672298104022e-13
0.5936925875397908,-0.0005292563145588547,0.0015622393518232242,-0.9471228878504442,-0.32086681754945684,2.720704038885469e-06,0.9999972792944816,1.4795942249179461e-12
0.595055934515689,-0.0005475463779377116,0.001671409906215574,-0.9503049429229926,-0.31131563089504016,3.093418110588261e-06,0.9999969065834491,1.55964130499342e-12
0.5964192814915872,-0.0005675090889199257,0.0017929511312301937,-0.9533801326729693,-0.3017661112261174,3.5367403249863564e-06,0.9999964632600621,3.8702374638432957e-13
0.5977826284674853,-0.0005894381791596146,0.0019290441472011957,-0.9563485139336526,-0.29222157902265256,4.068648688902191e-06,0.9999959313495983,1.7128520823916915e-12
0.5991459754433834,-0.0006137021520333898,0.0020824148397450342,-0.9592100787898894,-0.282685888694813,4.71308189620075e-06,0.9999952869192821,1.1781686737322161e-12
0.6005093224192816,-0.000640769709448083,0.002256515279885277,-0.96196472894243,-0.2731636099918534,5.502447028901911e-06,0.9999944975530646,9.348077867343818e-14
0.6018726693951797,-0.0006712463063996662,0.002455782817188225,-0.9646122389801598,-0.26366028705285427,6.481440849052128e-06,0.9999935185591105,4.0523140398818214e-14
0.6032360163710778,-0.0007059279593463571,0.0026860186254944658,-0.9671522023642437,-0.25418281694783834,7.71303034029009e-06,0.9999922869695452,1.1446399383885364e-13
0.604599363346976,-0.0007458826140179142,0.002954955299777822,-0.9695839498745942,-0.24474001724910402,9.288101697579235e-06,0.999990711897511,7.914779942552741e-13
0.6059627103228741,-0.0007925770639306571,0.00327313365151659,-0.9719064224990206,-0.23534350282593627,1.1341582302959268e-05,0.9999886584172262,4.708455847435289e-13
0.6073260572987722,-0.0008480822042356313,0.003655304834027843,-0.9741179659888294,-0.22600908796116703,1.4080496854808487e-05,0.9999859195032528,1.0769163338864018e-13
0.6086894042746703,-0.0009154194282183921,0.004122765728129702,-0.9762159842865037,-0.21675912168534445,1.7835189978600517e-05,0.9999821648102691,2.4780177909633494e-13
0.6100527512505685,-0.0009991758989704805,0.0047074427126856345,-0.9781963240555017,-0.2076265716016767,2.315836937030055e-05,0.9999768416307623,1.325606291402437e-13
0.6114160982264666,-0.0011066679038113786,0.005459468524436528,-0.9800521111526073,-0.19866260069585298,3.103051041863943e-05,0.9999689694899224,3.410605131648481e-13
0.6127794452023647,-0.0012503198068381824,0.006462317397293834,-0.9817713714924651,-0.18995170247354284,4.332484576273841e-05,0.9999566751547931,5.557776461273534e-13
0.6141427921782628,-0.0014530477877011758,0.007866048139997552,-0.9833316471210567,-0.1816449440773143,6.398606121410225e-05,0.999936013938661,1.249000902703301e-13
0.6155061391541611,-0.001762233022302617,0.009970222186257195,-0.9846860228714841,-0.1740428842726866,0.00010251079566822898,0.9998974892044166,8.482103908136196e-14
0.6168694861300592,-0.002293912054462098,0.01347179388402756,-0.9857189358016651,-0.16784346379762807,0.00018675126296732896,0.999813248737553,5.202505093393484e-13
0.6169703036986622,-0.0023488777497116258,0.013825343206278548,-0.9857757527022917,-0.16747987354354393,0.00019665734145448284,0.9998033426579311,6.143974218275616e-13
0.6169753068256166,-0.002351684032808682,0.013843352093450542,-0.9857784796685026,-0.1674622948815798,0.00019716881497340886,0.9998028311845498,4.767297667740422e-13
0.6169803099525709,-0.002354497970006342,0.013861406052767575,-0.9857811976561011,-0.16744476136955821,0.00019768223845046559,0.9998023177624055,8.559819519859957e-13
0.6169853130795253,-0.002357319593127591,0.01387950525204584,-0.985783906629859,-0.16742727318795672,0.0001981976217057113,0.9998018023775813,7.129852264142755e-13
0.6169903162064796,-0.0023601489330412075,0.013897649862552697,-0.9857866065622533,-0.16740983050124184,0.00019871497468824654,0.9998012850259774,6.656897255652439e-13
0.616995319333434,-0.002362986022160766,0.01391584005517683,-0.9857892974181737,-0.16739243348522903,0.00019923430738219108,0.9998007656923233,2.944311461305915e-13
0.6170003224603883,-0.0023658308927319563,0.013934076004706948,-0.9857919791693098,-0.16737508230128118,0.00019975562991795482,0.9998002443699054,1.766364832178624e-13
0.6170053255873427,-0.002368683575713416,0.013952357880450036,-0.9857946517806286,-0.16735777713708902,0.00020027895230601068,0.9997997210475587,1.3533618670180658e-13
0.6170103287142971,-0.0023715441034906468,0.013970685856288186,-0.9857973152222512,-0.1673405181549834,0.00020080428472989202,0.9997991957157767,5.064837438339964e-13
0.6170153318412513,-0.002374412508375764,0.013989060106368892,-0.9857999694609514,-0.1673233055312044,0.00020133163741953297,0.9997986683631016,5.211386877590485e-13
0.6170203349682057,-0.0023772888237949346,0.014007480809906091,-0.9858026144638439,-0.1673061394450559,0.00020186102079162768,0.9997981389797586,5.502265310042276e-13
0.61702533809516,-0.0023801730801364866,0.014025948133941079,-0.9858052501983802,-0.16728902007226681,0.00020239244494741165,0.9997976075554303,3.7769787297747826e-13
0.6170303412221144,-0.0023830653132486993,0.014044462267943997,-0.9858078766316005,-0.16727194759048095,0.00020292592068291179,0.9997970740796173,3.0020430585864233e-13
0.6170353443490687,-0.002385965554315645,0.014063023381239714,-0.9858104937312987,-0.16725492217224203,0.0002034614582476757,0.9997965385415897,1.6264767310758543e-13
0.6170403474760231,-0.0023888738373578494,0.014081631657456434,-0.985813101464771,-0.1672379439994911,0.0002039990683470921,0.9997960009327678,1.1148859613285822e-12
0.6170453506029774,-0.002391790195159048,0.01410028727223884,-0.9858156997953131,-0.16722101325827132,0.00020453876149731956,0.9997954612380459,4.568567746332519e-13
0.6170503537299318,-0.0023947146620261687,0.014118990410697849,-0.9858182886931173,-0.1672041301213087,0.00020508054852990093,0.9997949194514497,2.042810365310288e-14
0.6170553568568862,-0.0023976472702853615,0.014137741247920754,-0.9858208681222544,-0.16718729477318495,0.00020562444002586675,0.9997943755588913,1.0828005159169152e-12
0.6170603599838405,-0.002400588055978454,0.014156539974853855,-0.9858234380506272,-0.1671705073948175,0.0002061704470741416,0.9997938295525994,3.26405569239796e-13
0.6170653631107949,-0.0024035370518046785,0.014175386769677122,-0.9858259984430356,-0.16715376816948369,0.00020671858042933515,0.9997932814194654,1.0524914273446484e-13
0.6170703662377491,-0.0024064942924077065,0.014194281817694032,-0.9858285492645001,-0.1671370772866937,0.00020726885109951027,0.9997927311488871,1.3322676295501878e-14
0.6170753693647035,-0.002409459813313312,0.01421322530686078,-0.9858310904801926,-0.16712043493142972,0.00020782127021555952,0.999792178729036,7.48401340899818e-13
0.6170803724916578,-0.002412433647282044,0.014232217418447865,-0.9858336220589691,-0.16710384127809363,0.00020837584874850936,0.9997916241518007,5.491163079796024e-13
0.6170853756186122,-0.0024154158311655623,0.014251258345602834,-0.9858361439605726,-0.1670872965316551,0.00020893259807055963,0.9997910674013082,6.212808045802376e-13
0.6170903787455666,-0.0024184063996464875,0.014270348275403492,-0.985838656154048,-0.16707080086801718,0.00020949152941516252,0.9997905084702998,2.849942504212777e-13
0.6170953818725209,-0.002421405387062447,0.014289487392789835,-0.9858411586019544,-0.16705435448408845,0.00021005265399719466,0.9997899473457394,2.6334490144108713e-13
0.6171003849994753,-0.0024244128300768314,0.014308675892630858,-0.9858436512695468,-0.16703795756574596,0.00021061598337099657,0.9997893840162074,4.2155168245017194e-13
0.6171053881264296,-0.002427428763591087,0.014327913963549925,-0.9858461341223548,-0.16702161029938487,0.00021118152894919825,0.9997888184709917,5.917488721252084e-14
0.617110391253384,-0.002430453224381493,0.014347201799968214,-0.985848607121142,-0.16700531289379184,0.0002117493023649175,0.9997882506974493,1.858513343222512e-13
0.6171153943803382,-0.002433486246961958,0.01436653959072504,-0.985851070233351,-0.16698906552563045,0.00021231931512602294,0.9997876806853667,4.927169783286445e-13
0.6171203975072926,-0.002436527869820193,0.014385927536840058,-0.9858535234206138,-0.16697286839559292,0.00021289157915562357,0.9997871084210906,2.462474668618597e-13
0.6171254006342469,-0.002439578127633503,0.0144053658266212,-0.9858559666461301,-0.16695672170328524,0.0002134661060396137,0.9997865338936837,2.7677860003905153e-13
0.6171304037612013,-0.0024426370584063346,0.014424854662025907,-0.9858583998765078,-0.16694062562923453,0.00021404290781967044,0.9997859570925485,3.681499549657019e-13
0.6171354068881557,-0.002445704698302668,0.014444394236636003,-0.9858608230707427,-0.1669245803900561,0.00021462199633466315,0.9997853780041185,4.531930386519889e-13
0.61714041001511,-0.002448781085087866,0.014463984750853873,-0.9858632361934772,-0.16690858617572438,0.0002152033836756175,0.9997847966170551,7.30748794808278e-13
0.6171454131420644,-0.0024518662553323057,0.014483626401328997,-0.9858656392065599,-0.16689264318706049,0.00021578708186731162,0.9997842129181226,1.0103029524088925e-14
0.6171504162690187,-0.0024549602472313543,0.01450331939211885,-0.9858680320740634,-0.16687675162058374,0.00021637310320529688,0.9997836268970243,2.2959412149248237e-13
0.6171554193959731,-0.002458063098834738,0.014523063923659024,-0.9858704147576857,-0.16686091167737394,0.00021696145992853918,0.9997830385402955,2.240430063693566e-13
0.6171604225229274,-0.0024611748471235753,0.014542860194834101,-0.9858727872176594,-0.16684512356963221,0.00021755216427460388,0.999782447835282,4.43312053732825e-13
0.6171654256498817,-0.002464295530845271,0.014562708412522067,-0.9858751494189041,-0.1668293874893095,0.000218145228771485,0.9997818547718047,5.762057497804562e-13
0.6171704287768361,-0.002467425188288776,0.014582608779839365,-0.985877501320695,-0.16681370364692627,0.00021874066588565007,0.9997812593347412,6.268319197033634e-13
0.6171754319037904,-0.0024705638585012213,0.014602561504175968,-0.9858798428853215,-0.1667980722439058,0.00021933848826217442,0.9997806615118694,1.3167245072054357e-13
0.6171804350307448,-0.002473711580475741,0.01462256679238287,-0.9858821740727567,-0.1667824934967445,0.000219938708581078,0.9997800612914168,2.1094237467877974e-15
0.6171854381576991,-0.002476868392241745,0.014642624849096526,-0.9858844948461867,-0.16676696760128412,0.00022054133950386533,0.9997794586610484,5.522249324485529e-13
0.6171904412846535,-0.0024800343344218673,0.014662735886651337,-0.9858868051628829,-0.166751494779396,0.00022114639398160423,0.9997788536054387,5.796474411567942e-13
0.6171954444116078,-0.002483209446086883,0.014682900115237171,-0.9858891049869393,-0.16673607522968323,0.0002217538849471668,0.9997782461149467,1.0613732115416497e-13
0.6172004475385622,-0.0024863937663082126,0.01470311774218509,-0.985891394276713,-0.16672070916887757,0.00022236382530169428,0.9997776361746548,4.3520742565306136e-14
0.6172054506655166,-0.002489587335399294,0.014723388981591713,-0.9858936729945132,-0.16670539679912896,0.00022297622820383677,0.999777023772567,7.709388682997087e-13
0.6172104537924709,-0.002492790194327983,0.014743714048600734,-0.9858959410959939,-0.16669013835209537,0.00022359110689984434,0.9997764088933964,2.9620750296999176e-13
0.6172154569194253,-0.0024960023836316076,0.014764093159600974,-0.9858981985427042,-0.16667493403391453,0.000224208474724471,0.9997757915249594,3.1608049511078207e-13
0.6172204600463795,-0.0024992239420198207,0.014784526521563335,-0.9859004452952235,-0.16665978405604584,0.00022482834477917474,0.9997751716549276,2.9320990080350384e-13
0.6172254631733339,-0.0025024549131615775,0.014805014362297099,-0.9859026813124367,-0.1666446886383454,0.00022545073086022987,0.9997745492704233,1.283639861071606e-12
0.6172304663002882,-0.002505695336245002,0.014825556891584435,-0.9859049065496674,-0.16662964800549027,0.00022607564626368672,0.9997739243531423,5.940803404769213e-13
0.6172354694272426,-0.002508945253354451,0.014846154332387255,-0.985907120969723,-0.16661466236799163,0.00022670310474539072,0.9997732968948081,4.4653170050423796e-13
0.6172404725541969,-0.0025122047066189865,0.014866806905409877,-0.9859093245295968,-0.16659973194832833,0.0002273331200507014,0.999772666879661,2.8821389719269064e-13
0.6172454756811513,-0.002515473736637757,0.01488751482878875,-0.9859115171888801,-0.1665848569583409,0.0002279657058971193,0.9997720342935102,5.926370505449086e-13
0.6172504788081057,-0.0025187523867157132,0.014908278327576203,-0.9859136989028329,-0.1665700376401296,0.00022860087627806443,0.9997713991237002,2.1760371282653068e-14
0.61725548193506,-0.0025220406985279015,0.014929097625410045,-0.9859158696309938,-0.16655527420422764,0.000229238645194055,0.9997707613554844,6.783462680459706e-13
0.6172604850620144,-0.0025253387158375817,0.014949972949979982,-0.9859180293282357,-0.16654056688514657,0.0002298790268348414,0.9997701209728976,2.6756374893466273e-13
0.6172654881889686,-0.002528646480018819,0.01497090452211573,-0.9859201779538043,-0.16652591590468332,0.00023052203523121675,0.9997694779643548,4.1400216588272087e-13
0.617270491315923,-0.002531964034634114,0.014991892571846454,-0.9859223154649016,-0.16651132148794678,0.00023116768475846554,0.9997688323153352,9.370282327836321e-14
0.6172754944428773,-0.0025352914234208785,0.015012937329068332,-0.985924441817459,-0.1664967838627656,0.00023181598984820486,0.9997681840097123,4.3942627314663696e-13
0.6172804975698317,-0.0025386286906861396,0.015034039025787772,-0.985926556967661,-0.16648230326510605,0.00023246696505808457,0.9997675330345611,3.808064974464287e-13
0.6172855006967861,-0.0025419758783879246,0.015055197885937023,-0.9859286608722426,-0.16646787992056322,0.00023312062475102868,0.9997668793745806,6.683542608243442e-13
0.6172905038237404,-0.0025453330325568234,0.015076414149669919,-0.9859307534870034,-0.1664535140642927,0.0002337769838589923,0.9997662230158022,3.388400671155978e-13
0.6172955069506948,-0.0025487001963413747,0.015097688044699088,-0.9859328347681556,-0.16643920592603093,0.00023443605698588035,0.9997655639432591,2.4491519923230953e-13
0.6173005100776491,-0.0025520774153810527,0.015119019811611942,-0.9859349046663932,-0.16642495575986738,0.0002350978591980124,0.9997649021392035,1.5983880885528379e-12
0.6173055132046035,-0.002555464733671229,0.015140409682052812,-0.9859369631461636,-0.1664107637653274,0.00023576240534543588,0.9997642375948393,1.8474111129762605e-13
0.6173105163315578,-0.002558862197427751,0.015161857897946827,-0.9859390101530711,-0.1663966302178542,0.00023642971066295732,0.9997635702894749,1.3788969965844444e-13
0.6173155194585122,-0.0025622698510228033,0.015183364693375459,-0.9859410456472493,-0.16638255532942714,0.00023709979020150083,0.9997629002099412,1.4277468096679513e-13
0.6173205225854664,-0.002565687741286924,0.015204930312321873,-0.9859430695793232,-0.1663685393606409,0.00023777265938835455,0.9997622273404914,1.2023715356690445e-13
0.6173255257124208,-0.0025691159132702887,0.015226554993524023,-0.9859450819059283,-0.16635458253930563,0.00023844833354662995,0.9997615516663145,1.3888890038060708e-13
0.6173305288393752,-0.0025725544140337508,0.015248238982939298,-0.9859470825802427,-0.16634068511213043,0.00023912682829399423,0.999760873172065,3.590461261637756e-13
0.6173355319663295,-0.0025760032893450196,0.015269982520688072,-0.9859490715545514,-0.1663268473262052,0.00023980815912883564,0.9997601918407568,1.1435297153639112e-13
0.6173405350932839,-0.0025794625868796285,0.015291785856691676,-0.9859510487832976,-0.16631306942345,0.00024049234192402734,0.9997595076579341,1.41886502547095e-13
0.6173455382202382,-0.00258293235320539,0.015313649234231008,-0.9859530142200094,-0.166299351647555,0.00024117939241029905,0.999758820607919,3.2929214910382143e-13
0.6173505413471926,-0.002586412635543536,0.015335572902241738,-0.9859549678149867,-0.1662856942562362,0.00024186932656127043,0.9997581306733302,1.0857981180834031e-13
0.6173555444741469,-0.0025899034823012633,0.015357557111852193,-0.985956909523408,-0.16627209748722888,0.00024256216049143813,0.9997574378397526,2.440270208126094e-13
0.6173605476011013,-0.0025934049411366344,0.01537960211368034,-0.9859588392936,-0.16625856160797708,0.00024325791036383272,0.9997567420891362,4.99933427988708e-13
0.6173655507280557,-0.002596917059591089,0.015401708156909924,-0.9859607570817398,-0.16624508685325873,0.0002439565923650209,0.9997560434080451,4.1011638529653283e-13
0.6173705538550099,-0.00260043988795382,0.015423875501928145,-0.9859626628356261,-0.16623167348948173,0.00024465822310984047,0.9997553417770321,1.41886502547095e-13
0.6173755569819643,-0.002603973473169064,0.01544610439694924,-0.9859645565083119,-0.16621832176701856,0.0002453628188904228,0.9997546371816762,5.666578317686799e-13
0.6173805601089186,-0.0026075178650947473,0.015468395100822298,-0.9859664380510854,-0.166205031937805,0.0002460703964119316,0.9997539296045915,1.0034195696562165e-12
0.617385563235873,-0.0026110731136121455,0.015490747872922922,-0.985968307412343,-0.16619180426778443,0.0002467809724670943,0.9997532190273418,1.9106938253798944e-13
0.6173905663628273,-0.0026146392683942124,0.015513162973043277,-0.9859701645448261,-0.16617863901308766,0.00024749456393202994,0.9997525054367937,7.258638134999273e-13
0.6173955694897817,-0.0026182163786959162,0.015535640659003458,-0.9859720093981551,-0.16616553642924595,0.0002482111876913529,0.9997517888134545,1.1457501614131615e-12
0.6174005726167361,-0.002621804496044538,0.01555818119806594,-0.9859738419179309,-0.16615249679921046,0.00024893086100733185,0.9997510691390167,2.398081733190338e-14
0.6174055757436904,-0.0026254036694042613,0.015580784846877442,-0.9859756620596597,-0.16613952035842125,0.00024965360087200706,0.9997503463989106,2.1738166822160565e-13
0.6174105788706448,-0.0026290139514526536,0.015603451877109336,-0.985977469768927,-0.16612660738967439,0.0002503794248381995,0.9997496205747384,4.234390615920347e-13
0.617415581997599,-0.0026326353932261386,0.015626182554785914,-0.9859792649956831,-0.16611375815583992,0.0002511083503491626,0.9997488916500845,4.3365311341858614e-13
0.6174205851245534,-0.002636268045597547,0.01564897714635931,-0.9859810476855759,-0.16610097293156167,0.00025184039493551477,0.9997481596039576,1.106892355551281e-12
0.6174255882515077,-0.0026399119598113155,0.015671835918859886,-0.9859828177919557,-0.1660882519697866,0.0002525755762232217,0.9997474244233442,4.32542890393961e-13
0.6174305913784621,-0.0026435671897881963,0.01569475914919505,-0.9859845752583324,-0.1660755955584999,0.0002533139122381665,0.9997466860874645,2.973177259946169e-13
0.6174355945054164,-0.0026472337874422795,0.015717747107670717,-0.9859863200330078,-0.16606300396562926,0.00025405542086606714,0.9997459445783216,8.12350187118227e-13
0.6174405976323708,-0.0026509118045090893,0.015740800066220972,-0.985988052067064,-0.16605047745210869,0.0002548001201200278,0.9997451998810765,1.1965983759409937e-12
0.6174456007593252,-0.002654601296332589,0.015763918306454527,-0.9859897713000745,-0.16603801631897588,0.00025554802841506286,0.9997444519715135,7.138734048339757e-14
0.6174506038862795,-0.002658302314901756,0.015787102101785796,-0.9859914776826675,-0.16602562083130973,0.0002562991639696215,0.9997437008352719,7.585043704239069e-13
0.6174556070132339,-0.0026620149142604233,0.015810351731462047,-0.985993171162638,-0.1660132912624126,0.0002570535452762899,0.9997429464551338,4.1011638529653283e-13
0.6174606101401882,-0.0026657391481585573,0.015833667474173408,-0.9859948516836878,-0.16600102789765012,0.000257811190888722,0.9997421888098141,7.027711745877241e-13
0.6174656132671426,-0.002669475073214346,0.015857049620801224,-0.9859965191886453,-0.16598883102893097,0.000258572119843065,0.9997414278784755,1.6814327707947996e-12
0.6174706163940968,-0.002673222741942641,0.015880498446372,-0.9859981736283374,-0.16597670092363398,0.00025933635073326295,0.9997406636479106,1.3561374245796287e-12
0.6174756195210512,-0.002676982209679663,0.01590401423647602,-0.9859998149458147,-0.16596463787115961,0.0002601039025849734,0.9997398960968858,5.291322935363496e-13
0.6174806226480056,-0.0026807535333225074,0.015927597282559023,-0.9860014430826745,-0.16595264217138025,0.00026087479470180265,0.9997391252047787,5.194733532221107e-13
0.6174856257749599,-0.0026845367679984144,0.01595124787161804,-0.9860030579863888,-0.16594071409735037,0.0002616490463205344,0.9997383509536485,3.097522238704187e-14
0.6174906289019143,-0.0026883319704275733,0.015974966296083033,-0.986004659598101,-0.16592885395310497,0.0002624266769442119,0.9997375733233578,3.019806626980426e-13
0.6174956320288686,-0.002692139196435991,0.015998752843950206,-0.9860062478635321,-0.16591706201779033,0.0002632077060147918,0.9997367922945364,5.511147094239277e-13
0.617500635155823,-0.0026959585039454657,0.01602260781332077,-0.9860078227239129,-0.16590533859599524,0.0002639921533944837,0.9997360078474031,7.975842208907125e-13
0.6175056382827773,-0.0026997899487633294,0.016046531494390438,-0.986009384121859,-0.16589368397966436,0.0002647800387679077,0.9997352199607126,5.194733532221107e-13
0.6175106414097317,-0.002703633589767468,0.016070524187936284,-0.9860109320028465,-0.1658820984587667,0.000265571382262764,0.999734428618206,4.687361609967411e-13
0.617515644536686,-0.0027074894846494738,0.01609458619237941,-0.9860124663049689,-0.16587058234435811,0.0002663662040134174,0.9997336337960638,7.72715225139109e-14
0.6175206476636403,-0.002711357692307343,0.01611871781077303,-0.9860139869729287,-0.16585913592594864,0.00026716452439896595,0.9997328354763529,7.51843032276156e-13
0.6175256507905947,-0.0027152382708571844,0.016142919341205014,-0.9860154939446428,-0.1658477595165179,0.00026796636372417845,0.9997320336355467,7.290834602713403e-13
0.617530653917549,-0.0027191312790139726,0.01616719108708194,-0.9860169871646199,-0.16583645341376446,0.0002687717425587339,0.9997312282580499,6.086242620995108e-13
0.6175356570445034,-0.0027230367775643084,0.016191533359439236,-0.9860184665713543,-0.16582521792178623,0.00026958068182180144,0.9997304193185331,3.5482727867020003e-13
0.6175406601714577,-0.0027269548257601896,0.016215946463686536,-0.9860199321049004,-0.16581405335472382,0.00027039320233488475,0.9997296067980755,4.1033842990145786e-13
0.6175456632984121,-0.0027308854831993,0.016240430706608685,-0.9860213837065473,-0.16580296001311856,0.0002712093250585069,0.999728790675686,7.4451556031363e-13
0.6175506664253664,-0.002734828811685888,0.016264986401869637,-0.9860228213126047,-0.16579193822052643,0.00027202907128223144,0.9997279709281874,5.303535388634373e-13
0.6175556695523208,-0.0027387848711226473,0.01628961386118568,-0.9860242448661294,-0.1657809882784446,0.0002728524623168229,0.9997271475383984,7.152056724635258e-13
0.6175606726792752,-0.0027427537240887934,0.016314313401634212,-0.9860256543023789,-0.16577011050832366,0.0002736795197577447,0.9997263204803765,1.341149413747189e-13
0.6175656758062295,-0.0027467354318470535,0.01633908533835912,-0.9860270495614373,-0.16575930522377572,0.0002745102652267461,0.9997254897351021,3.2884805989397137e-13
0.6175706789331838,-0.002750730055550004,0.016363929986798954,-0.9860284305812442,-0.1657485727411754,0.00027534472045136405,0.9997246552802483,6.996625501187737e-13
0.6175756820601381,-0.0027547376607022847,0.016388847678010014,-0.986029797296387,-0.16573791339273855,0.00027618290779230566,0.999723817092133,7.471800955727304e-14
0.6175806851870925,-0.002758758306839328,0.01641383872036761,-0.986031149648354,-0.1657273274834346,0.00027702484893379393,0.9997229751516563,5.901945598907332e-13
0.6175856883140468,-0.0027627920598104166,0.016438903447650106,-0.9860324875686783,-0.1657168153584338,0.000277870566526914,0.9997221294334173,5.573319583618286e-14
0.6175906914410012,-0.002766838982229654,0.016464042181513813,-0.9860338109987662,-0.16570637731866283,0.0002787200829082517,0.9997212799168256,2.6612045900265e-13
0.6175956945679556,-0.002770899138332386,0.01648925525035216,-0.9860351198703287,-0.1656960137131129,0.00027957342074607744,0.9997204265781094,1.1445289160860739e-12
0.6176006976949099,-0.002774972593835123,0.016514542987995096,-0.986036414122601,-0.16568572485880242,0.0002804306029988741,0.9997195693977441,7.429612480791548e-13
0.6176057008218643,-0.002779059413536006,0.01653990572549526,-0.986037693684498,-0.16567551110517673,0.00028129165263223393,0.9997187083466054,7.62390151010095e-13
0.6176107039488186,-0.002783159661456279,0.01656534379000134,-0.9860389584969282,-0.1656653727644086,0.00028215659258209325,0.9997178434068773,5.405675906899887e-13
0.617615707075773,-0.0027872734052213632,0.01659085752598834,-0.9860402084912163,-0.16565531018578625,0.0002830254464830982,0.9997169745541505,6.337153024560394e-13
0.6176207102027272,-0.002791400710610196,0.016616447266823545,-0.9860414436006361,-0.16564532370100724,0.00028389823769832276,0.9997161017620377,2.639000129533997e-13
0.6176257133296816,-0.0027955416440186005,0.016642113352885263,-0.9860426637593588,-0.16563541365601284,0.00028477498993372414,0.9997152250106504,5.839773109528323e-13
0.6176307164566359,-0.0027996962728904467,0.016667856126797484,-0.9860438688996929,-0.16562558038657824,0.00028565572708405713,0.9997143442730659,1.5010215292932116e-13
0.6176357195835903,-0.0028038646661303463,0.016693675936000255,-0.9860450589532229,-0.16561582424538138,0.0002865404733221682,0.999713459526542,1.3578027591165664e-13
0.6176407227105447,-0.0028080468899964435,0.016719573120898713,-0.9860462338533785,-0.1656061455714186,0.00028742925268149743,0.9997125707474536,1.3500311979441904e-13
0.617645725837499,-0.0028122430131614674,0.016745548030330647,-0.9860473935311681,-0.16559654471084273,0.00028832208960118604,0.9997116779097804,6.183942247162122e-13
0.6176507289644534,-0.002816453105277583,0.016771601014866435,-0.9860485379178455,-0.16558702201972003,0.0002892190086960966,0.9997107809912802,2.375877272697835e-14
0.6176557320914077,-0.0028206772364316574,0.016797732431846908,-0.9860496669424437,-0.16557757785150384,0.00029012003492404526,0.9997098799644749,6.010747455320598e-13
0.6176607352183621,-0.0028249154751203865,0.01682394262942837,-0.9860507805370581,-0.1655682125550389,0.00029102519303987183,0.9997089748064121,5.480060849549773e-13
0.6176657383453164,-0.00282916789204892,0.01685023196528559,-0.9860518786318075,-0.16555892648645779,0.00029193450824533285,0.9997080654926652,9.106049247975534e-13
0.6176707414722707,-0.0028334345597646905,0.01687660080350017,-0.9860529611526591,-0.16554972001359333,0.0002928480060851716,0.9997071519945068,5.919709167301335e-13
0.6176757445992251,-0.002837715547109895,0.01690304949846767,-0.9860540280315201,-0.16554059348446884,0.00029376571187395744,0.9997062342883759,2.498001805406602e-13
0.6176807477261794,-0.0028420109272325076,0.016929578416465398,-0.9860550791953031,-0.16553154727210745,0.00029468765146976005,0.9997053123491536,6.232792060245629e-13
0.6176857508531338,-0.0028463207719280265,0.01695618792111564,-0.9860561145712974,-0.16552258174086848,0.00029561385075289697,0.999704386149606,3.588240815588506e-13
0.6176907539800881,-0.002850645154200673,0.016982878381986782,-0.9860571340877218,-0.16551369725446904,0.00029654433593252175,0.9997034556641354,6.794564910705958e-14
0.6176957571070425,-0.0028549841472172194,0.017009650167938404,-0.9860581376708052,-0.1655048941878048,0.0002974791333165086,0.9997025208669331,2.495781359357352e-13
0.6177007602339968,-0.002859337823979514,0.017036503648836056,-0.9860591252486891,-0.16549617290089927,0.0002984182693684441,0.9997015817310545,4.2299497238218464e-13
0.6177057633609512,-0.002863706260237707,0.017063439204930027,-0.9860600967435694,-0.16548753378791378,0.0002993617710452677,0.9997006382291435,1.887379141862766e-13
0.6177107664879055,-0.002868089529324274,0.0170904572065665,-0.9860610520843892,-0.1654789772078579,0.00030030966507770034,0.9996996903355313,6.090683513093609e-13
0.6177157696148599,-0.002872487705981539,0.017117558033029966,-0.9860619911932907,-0.16547050355144027,0.0003012619786351637,0.9996987380216446,2.7977620220553945e-13
0.6177207727418143,-0.002876900867938187,0.017144742070776313,-0.9860629139969492,-0.1654621131902609,0.0003022187392773907,0.9996977812615417,8.191225475684405e-13
0.6177257758687685,-0.0028813290898874236,0.017172009699167178,-0.9860638204173997,-0.16545380651426272,0.00030317997443252316,0.999696820026217,6.494804694057166e-13
0.6177307789957229,-0.002885772448783456,0.01719936130436477,-0.9860647103780676,-0.16544558390884265,0.0003041457119042378,0.9996958542879202,1.7552626019323725e-13
0.6177357821226772,-0.00289023102165354,0.017226797274939164,-0.9860655838029118,-0.1654374457593151,0.0003051159797103799,0.9996948840199434,3.461675390781238e-13
0.6177407852496316,-0.0028947048873434696,0.017254318004438933,-0.9860664406141427,-0.16542939245752175,0.0003060908061831156,0.9996939091943091,4.922728891187944e-13
0.6177457883765859,-0.002899194122139737,0.01728192387943693,-0.9860672807318623,-0.16542142440145174,0.0003070702195325021,0.9996929297809348,4.674038933671909e-13
0.6177507915035403,-0.002903698806970525,0.01730961530279152,-0.9860681040798036,-0.16541354197595592,0.00030805424869223644,0.9996919457525697,1.261879489788953e-12
0.6177557946304947,-0.002908219020943312,0.017337392671822223,-0.9860689105749055,-0.16540574559288423,0.0003090429225307314,0.999690957077519,4.973799150320701e-14
0.617760797757449,-0.0029127548421537057,0.0173652563805957,-0.986069700140218,-0.16539803564377853,0.0003100362699343096,0.9996899637294397,6.259437412836633e-13
0.6177658008844034,-0.0029173063524346662,0.017393206836649345,-0.9860704726957195,-0.1653904125321083,0.0003110343204164211,0.9996889656799007,3.170796958329447e-13
0.6177708040113576,-0.002921873632350832,0.017421244444050896,-0.9860712281594877,-0.1653828766595933,0.00031203710350280125,0.999687962896163,3.341771304121721e-13
0.617775807138312,-0.002926456763819152,0.017449369612828138,-0.9860719664492039,-0.16537542844673747,0.00031304464907559276,0.9996869553509419,1.7541523789077473e-14
0.6177808102652663,-0.002931055828682561,0.017477582751799652,-0.9860726874834622,-0.16536806829671594,0.0003140569871168587,0.999685943013045,1.6187051699034782e-13
0.6177858133922207,-0.0029356709095459572,0.017505884274337732,-0.9860733911792987,-0.16536079662351122,0.00031507414791565947,0.9996849258518045,2.7988722450800196e-13
0.6177908165191751,-0.0029403020898533666,0.01753427459615725,-0.9860740774546539,-0.16535361383732003,0.0003160961619930417,0.9996839038371083,8.987255384340642e-13
0.6177958196461294,-0.0029449494524327424,0.01756275413457647,-0.9860747462258945,-0.16534652036225556,0.00031712306006896683,0.9996828769403682,4.3720582709738665e-13
0.6178008227730838,-0.002949613083510326,0.017591323314514545,-0.9860753974070205,-0.16533951661900365,0.0003181548732981983,0.9996818451272192,5.173639294753229e-13
0.6178058259000381,-0.0029542930672471863,0.017619982557824876,-0.9860760309130954,-0.16533260303436112,0.00031919163286523757,0.9996808083674416,3.0686564400639327e-13
0.6178108290269925,-0.002958989487957047,0.01764873228542569,-0.9860766466586192,-0.165325780032378,0.00032023337007246747,0.9996797666288216,1.1058931548291184e-12
0.6178158321539468,-0.002963702432897296,0.01767757293202443,-0.9860772445605263,-0.16531904803486994,0.00032128011687780416,0.9996787198832356,1.13464793116691e-13
0.6178208352809011,-0.00296843198871802,0.017706504928113383,-0.9860778245284851,-0.16531240748042564,0.000322331905240948,0.9996776680938042,9.547918011776346e-13
0.6178258384078554,-0.002973178242639494,0.01773552870733241,-0.9860783864776833,-0.16530585880455048,0.0003233887673911168,0.9996766112335412,9.323652960802065e-13
0.6178308415348098,-0.002977941283067647,0.017764644709108664,-0.9860789303182419,-0.16529940243803307,0.00032445073592626096,0.9996755492639389,1.3489209749195652e-13
0.6178358446617642,-0.0029827211979382116,0.017793853371501085,-0.986079455962663,-0.16529303882874882,0.00032551784355111047,0.9996744821568637,4.147793219999585e-13
0.6178408477887185,-0.0029875180767979094,0.017823155136428306,-0.9860799633205788,-0.1652867684176467,0.000326590123276385,0.9996734098762626,4.60964599824365e-13
0.6178458509156729,-0.0029923320090010806,0.017852550449758628,-0.9860804523044345,-0.1652805916456527,0.0003276676084132694,0.9996723323916553,6.861178292183467e-14
0.6178508540426272,-0.0029971630851217635,0.017882039761092216,-0.9860809228224969,-0.1652745089639623,0.00032875033257609947,0.9996712496677463,3.2240876635114546e-13
0.6178558571695816,-0.0030020113968575687,0.01791162352351276,-0.9860813747840373,-0.1652685208240657,0.00032983832967491844,0.9996701616713518,1.0267342531733448e-12
0.6178608602965359,-0.003006877035285971,0.017941302188015186,-0.9860818080954641,-0.1652626276851087,0.00033093163370700865,0.9996690683662065,8.64863736182997e-14
0.6178658634234903,-0.003011760092896791,0.01797107621258147,-0.9860822226672187,-0.16525682999745647,0.0003320302790955772,0.9996679697211305,2.2604140781368187e-13
0.6178708665504447,-0.0030166606623314085,0.018000946055544302,-0.9860826184057683,-0.16525112821998234,0.0003331343004462737,0.9996668656999532,3.994582442601313e-13
0.6178758696773989,-0.0030215788383961776,0.018030912184934748,-0.9860829952139452,-0.16524552283085983,0.00033424373289747195,0.9996657562657499,1.3525847109008282e-12
0.6178808728043533,-0.00302651471341551,0.018060975059699814,-0.9860833530051453,-0.16524001426579846,0.00033535861141761924,0.999664641388431,1.5132339825640884e-13
0.6178858759313076,-0.003031468384478016,0.01809113515618202,-0.9860836916773947,-0.16523460302359794,0.00033647897180533485,0.9996635210284853,2.90656387846866e-13
0.617890879058262,-0.0030364399463557344,0.018121392942168885,-0.9860840111374286,-0.16522928956182095,0.0003376048497123131,0.9996623951499843,3.0331293032759277e-13
0.6178958821852163,-0.0030414294948733784,0.018151748892995433,-0.9860843112887054,-0.16522407436383843,0.00033873628124664665,0.9996612637191078,3.5438318946034997e-13
0.6179008853121707,-0.0030464371280062392,0.018182203487977736,-0.9860845920364275,-0.16521895789282923,0.00033987330285312455,0.9996601266988402,1.6933121571582888e-12
0.617905888439125,-0.0030514629429443467,0.01821275720711699,-0.9860848532778304,-0.16521394065135203,0.0003410159511775545,0.9996589840495087,6.863398738232718e-13
0.6179108915660794,-0.003056507038167733,0.01824341053653056,-0.9860850949183606,-0.16520902310900543,0.00034216426327876316,0.999657835736784,6.283862319378386e-14
0.6179158946930338,-0.0030615695129924524,0.018274163961999674,-0.9860853168577852,-0.16520420575963796,0.0003433182763929323,0.9996566817231916,4.155564781171961e-13
0.617920897819988,-0.0030666504671899636,0.018305017976068597,-0.9860855189975357,-0.1651994890892246,0.0003444780281921109,0.9996555219719806,1.7275070263167436e-13
0.6179259009469424,-0.0030717500006920318,0.0183359730700552,-0.9860857012357563,-0.1651948735932477,0.0003456435564925411,0.9996543564431024,4.050093593832571e-13
0.6179309040738967,-0.0030768682153565325,0.018367029742535162,-0.9860858634722632,-0.16519035976608692,0.0003468148995778426,0.9996531850994881,9.340306306171442e-13
0.6179359072008511,-0.0030820052141748476,0.01839818849907868,-0.9860860056035202,-0.16518594812150555,0.000347992096187832,0.9996520079039065,9.43689570931383e-14
0.6179409103278054,-0.003087161097465796,0.018429449832679613,-0.9860861275286485,-0.16518163914500367,0.00034917518477696084,0.9996508248150763,1.467714838554457e-13
0.6179459134547598,-0.003092335972270438,0.018460814265034084,-0.9860862291428572,-0.16517743335729154,0.00035036420509348363,0.9996496357956818,7.751577157932843e-13
0.6179509165817142,-0.0030975299387178104,0.01849228228941227,-0.9860863103415995,-0.16517333126377476,0.0003515591959925639,0.9996484408038819,1.254552017826427e-13
0.6179559197086685,-0.0031027431041803742,0.018523854431112808,-0.9860863710204844,-0.1651693333819809,0.0003527601977555964,0.9996472398021964,4.807265696626928e-14
0.6179609228356229,-0.0031079755746000587,0.018555531206052106,-0.9860864110754093,-0.16516544021862287,0.0003539672505110841,0.9996460327501927,7.038813976123492e-13
0.6179659259625772,-0.0031132274561454787,0.018587313133404785,-0.9860864303966412,-0.16516165230729637,0.00035518039471294004,0.999644819605266,2.1094237467877974e-14
0.6179709290895316,-0.0031184988552010726,0.018619200735355817,-0.9860864288800287,-0.1651579701618237,0.00035639967113336506,0.9996436003293419,4.75175454539567e-13
0.6179759322164858,-0.0031237898808478682,0.0186511945419181,-0.986086406415137,-0.1651543943200176,0.000357625121060163,0.9996423748799306,9.907630271754897e-13
0.6179809353434402,-0.003129100641651646,0.018683295084103806,-0.9860863628939123,-0.1651509253048234,0.0003588567860252822,0.999641143214384,4.092282068768327e-13
0.6179859384703946,-0.003134431247085578,0.01871550289541399,-0.9860862982066773,-0.165147563657137,0.00036009470787095585,0.9996399052928364,7.074341112911497e-13
0.6179909415973489,-0.003139781809351788,0.018747818518621073,-0.9860862122425413,-0.165144309911647,0.00036133892901748756,0.9996386610710365,5.395683899678261e-14
0.6179959447243033,-0.003145152437616891,0.01878024248970766,-0.9860861048910802,-0.16514116461024056,0.0003625894918280684,0.9996374105080892,8.271161533457416e-14
0.6180009478512576,-0.0031505432442576545,0.01881277535472522,-0.9860859760406865,-0.1651381282957151,0.00036384643928129425,0.9996361535611255,4.0678571622265736e-13
0.618005950978212,-0.003155954343609315,0.01884541766771977,-0.9860858255755561,-0.16513520152743325,0.000365109814889751,0.9996348901845323,5.77871084317394e-13
0.6180109541051663,-0.0031613858480445227,0.018878169976068063,-0.9860856533865842,-0.1651323848424293,0.00036637966212553383,0.9996336203385947,7.203126983768016e-13
0.6180159572321207,-0.0031668378735929814,0.01891103284264593,-0.9860854593540509,-0.16512967881625798,0.00036765602529325594,0.9996323439754501,7.434053372890048e-13
0.618020960359075,-0.003172310534783789,0.018944006821089106,-0.986085243364835,-0.16512708399687745,0.0003689389485665707,0.9996310610511976,2.3581137043038325e-13
0.6180259634860293,-0.0031778039472930486,0.018977092476291625,-0.9860850053038981,-0.16512460094584325,0.00037022847678115563,0.9996297715227127,5.061506769266089e-13
0.6180309666129837,-0.0031833182298819265,0.019010290379896575,-0.986084745053086,-0.16512223023713093,0.0003715246552806868,0.9996284753448936,1.7430501486614958e-13
0.618035969739938,-0.003188853499847239,0.019043601102664322,-0.9860844624920917,-0.16511997244986593,0.0003728275296008858,0.9996271724701618,2.3736568266485847e-13
0.6180409728668924,-0.003194409875973224,0.01907702521765986,-0.9860841575061837,-0.16511782813919565,0.00037413714561094553,0.999625862854085,3.040900864448304e-13
0.6180459759938467,-0.003199987478603706,0.01911056330702375,-0.9860838299727376,-0.16511579790236147,0.00037545354977498306,0.9996245464506364,4.11448652926083e-13
0.6180509791208011,-0.00320558642881263,0.019144215954896238,-0.986083479769199,-0.16511388232464833,0.0003767767888802914,0.99962322321005,1.0696998842263383e-12
0.6180559822477554,-0.003211206847458114,0.01917798374693326,-0.9860831067791332,-0.16511208197741772,0.0003781069100147981,0.9996218930901049,1.1968204205459188e-13
0.6180609853747098,-0.00321684885701912,0.019211867273518868,-0.9860827108771362,-0.16511039745953854,0.00037944396070421044,0.9996205560400484,7.525091660909311e-13
0.6180659885016642,-0.0032225125826645462,0.01924586713611922,-0.9860822919361463,-0.16510882938120816,0.0003807879891665851,0.999619212009676,1.1574075031717257e-12
0.6180709916286184,-0.003228198146640701,0.01927998392660061,-0.986081849838435,-0.16510737831927105,0.00038213904348395237,0.9996178609562527,2.6334490144108713e-13
0.6180759947555728,-0.003233905676140063,0.019314218255271208,-0.9860813844540016,-0.16510604489311242,0.00038349717273442253,0.999616502826967,2.985389713217046e-13
0.6180809978825271,-0.0032396352965903758,0.019348570727324578,-0.9860808956592672,-0.16510482970088217,0.00038486242604519573,0.9996151375747399,7.851497230149107e-13
0.6180860010094815,-0.003245387135842597,0.019383041956501167,-0.9860803833236313,-0.16510373336634554,0.0003862348531489772,0.9996137651471853,3.341771304121721e-13
0.6180910041364358,-0.0032511613225140183,0.019417632558904722,-0.986079847319772,-0.1651027565028763,0.0003876145041376479,0.9996123854950332,8.292255770925294e-13
0.6180960072633902,-0.0032569579838044867,0.019452343150381354,-0.9860792875225552,-0.16510189971684033,0.0003890014293484562,0.9996109985710998,4.483080573436382e-13
0.6181010103903445,-0.0032627772517430627,0.019487174361863608,-0.9860787037968751,-0.16510116365034092,0.00039039568000416634,0.9996096043204221,4.263256414560601e-13
0.6181060135172989,-0.0032686192584698236,0.0195221268227342,-0.9860780960118751,-0.16510054892927,0.000391797307539758,0.9996082026911511,1.309063968335522e-12
0.6181110166442533,-0.0032744841346500054,0.01955720116745755,-0.9860774640385372,-0.16510005618313484,0.0003932063638524777,0.9996067936363469,1.9939605522267811e-13
0.6181160197712076,-0.003280372013016785,0.01959239802564589,-0.9860768077417892,-0.1650996860486641,0.00039462290093911673,0.9996053770996048,5.440092820663267e-13
0.618121022898162,-0.0032862830299018467,0.01962771804902855,-0.9860761269855525,-0.16509943917787812,0.00039604697196478204,0.999603953027677,3.581579477440755e-13
0.6181260260251162,-0.0032922173196846998,0.01966316188399275,-0.9860754216368762,-0.1650993162106313,0.0003974786301561371,0.9996025213695615,2.823297151621773e-13
0.6181310291520706,-0.0032981750185105143,0.019698730178534737,-0.9860746915595667,-0.16509931779788925,0.00039891792909944196,0.9996010820716228,7.223110998211268e-13
0.6181360322790249,-0.0033041562637485112,0.019734423589333524,-0.9860739366137627,-0.1650994446010139,0.0004003649230185119,0.9995996350765265,4.549693954913892e-13
0.6181410354059793,-0.0033101611949435507,0.019770242781845502,-0.9860731566636818,-0.16509969727664447,0.00040181966678962437,0.9995981803335174,3.070876886113183e-13
0.6181460385329337,-0.003316189949718912,0.01980618841340216,-0.9860723515675099,-0.1651000764956858,0.00040328221524980255,0.9995967177847606,1.0436096431476471e-14
0.618151041659888,-0.0033222426709701883,0.019842261162466294,-0.9860715211868508,-0.16510058291798416,0.00040475262440433344,0.9995952473756081,1.2434497875801753e-14
0.6181560447868424,-0.003328319499107903,0.019878461699302984,-0.9860706653790773,-0.1651012172253057,0.0004062309502187975,0.9995937690504135,6.323830348264892e-13
0.6181610479137967,-0.0033344205780616513,0.019914790707495248,-0.9860697839984902,-0.16510198010800128,0.0004077172495147401,0.9995922827504118,7.349676423018536e-14
0.6181660510407511,-0.0033405460511904575,0.019951248868409717,-0.9860688769049295,-0.16510287223534473,0.00040921157932934424,0.9995907884209095,2.389199948993337e-13
0.6181710541677053,-0.003346696063030781,0.01998783687065088,-0.9860679439527877,-0.16510389429471534,0.0004107139973060565,0.9995892860025588,1.3511414209688155e-13
0.6181760572946597,-0.0033528707609377564,0.02002455541217795,-0.9860669849937943,-0.16510504699779838,0.0004122245617949366,0.9995877754388968,6.916689443414725e-13
0.6181810604216141,-0.0033590702926278074,0.020061405192366315,-0.986065999880975,-0.1651063310312078,0.0004137433315231169,0.999586256667854,6.229461391171753e-13
0.6181860635485684,-0.003365294805395099,0.02009838691195587,-0.986064988467361,-0.1651077471010079,0.0004152703655898983,0.9995847296339069,5.032640970625835e-13
0.6181910666755228,-0.003371544450176838,0.02013550128473319,-0.9860639506021975,-0.16510929591938817,0.0004168057239670102,0.999583194276209,1.7608137170554983e-13
0.6181960698024771,-0.0033778193764945515,0.02017274901736233,-0.9860628861343256,-0.16511097819595716,0.00041834946665771495,0.9995816505323818,9.60453938603223e-13
0.6182010729294315,-0.0033841197385059522,0.02021013084068501,-0.986061794910805,-0.16511279466312698,0.00041990165500215297,0.9995800983441866,8.112399640936019e-13
0.6182060760563858,-0.003390445687896574,0.02024764746889566,-0.9860606767809931,-0.16511474602655052,0.00042146234998725326,0.9995785376492025,8.102407633714392e-13
0.6182110791833402,-0.003396797380527763,0.020285299640750747,-0.986059531588576,-0.16511683302835703,0.00042303161395940267,0.9995769683859961,4.451994328746878e-14
0.6182160823102945,-0.0034031749716082744,0.020323088087795108,-0.9860583591763568,-0.16511905640624547,0.00042460950931166034,0.999575390490058,6.303846333821639e-13
0.6182210854372489,-0.0034095786166190305,0.020361013544142974,-0.9860571593917736,-0.16512141688582466,0.00042619609888767935,0.9995738039021561,1.0438316877525722e-12
0.6182260885642032,-0.0034160084777781906,0.020399076770186243,-0.9860559320697473,-0.16512391523608372,0.00042779144699620455,0.9995722085528315,1.723066134218243e-13
0.6182310916911575,-0.0034224647121189724,0.02043727850936869,-0.9860546770565479,-0.16512655218894676,0.00042939561757520284,0.999570604382902,4.771738559838923e-13
0.6182328331059573,-0.0034247181193730364,0.020450607840405928,-0.986054233702688,-0.16512750268200835,0.00042995605523923436,0.9995700439449919,2.311484337269576e-13
0.6182360948181119,-0.0034289474810434103,0.02047561951817545,-0.986053394187686,-0.16512932851429651,0.0004310086754808415,0.9995689913246385,1.192379528447418e-13
0.6182410979450662,-0.003435456945956439,0.02051410055735077,-0.9860520833026177,-0.1651322449678639,0.00043263068610461955,0.9995673693135592,3.361755318564974e-13
0.6182461010720206,-0.0034419932704861096,0.020552722395461836,-0.9860507442385482,-0.16513530231679857,0.0004342617155389901,0.9995657382846551,1.9406698470447736e-13
0.6182511041989749,-0.003448556621735856,0.02059148581416563,-0.9860493768281274,-0.16513850134375066,0.00043590183080830273,0.9995640981691984,6.661338147750939e-15
0.6182561073259293,-0.0034551471629744278,0.020630391581987186,-0.9860479809088836,-0.16514184281095615,0.00043755109874393805,0.9995624489014846,2.284838984678572e-13
0.6182611104528837,-0.003461765064226352,0.020669440493942558,-0.9860465563092591,-0.16514532752277075,0.0004392095876925304,0.9995607904119519,3.5560443478743764e-13
0.618266113579838,-0.0034684104911108437,0.020708633328402115,-0.9860451028642474,-0.16514895625415005,0.00044087736566505466,0.9995591226343995,6.461498003318411e-14
0.6182711167067924,-0.003475083617565872,0.020747970894503132,-0.9860436204008366,-0.16515272981271403,0.00044255450238822385,0.9995574454977803,1.6853185513809876e-13
0.6182761198337466,-0.003481784612884029,0.02078745398835855,-0.9860421087484001,-0.1651566489977574,0.0004442410674086397,0.9995557589331603,5.688782778179302e-13
0.618281122960701,-0.003488513650730626,0.020827083419047085,-0.9860405677344279,-0.1651607146140394,0.0004459371312352799,0.9995540628698533,1.0884626533425035e-12
0.6182861260876553,-0.0034952709055843475,0.020866860000665035,-0.9860389971821264,-0.16516492748535033,0.00044764276499077883,0.9995523572351744,1.652011860642233e-13
0.6182911292146097,-0.003502056554902016,0.02090678456094538,-0.9860373969172683,-0.1651692884287034,0.00044935804079151634,0.9995506419594269,2.184918912462308e-13
0.618296132341564,-0.003508870772806562,0.020946857912921953,-0.986035766764458,-0.16517379825752357,0.00045108303052439716,0.9995489169695899,1.1435297153639112e-13
0.6183011354685184,-0.0035157137408268965,0.02098708090050275,-0.9860341065427036,-0.16517845782060714,0.0004528178078316863,0.999547182193462,1.2936318682932324e-12
0.6183061385954728,-0.0035225856389833475,0.0210274543604793,-0.9860324160684246,-0.16518326796294094,0.0004545624464660117,0.9995454375526516,8.824052599720744e-13
0.6183111417224271,-0.00352948664712958,0.02106797913326049,-0.9860306951670624,-0.16518822950479212,0.0004563170207517655,0.9995436829785683,6.799005802804459e-13
0.6183161448493815,-0.003536416950825884,0.021108656077854122,-0.9860289436517612,-0.16519334331516214,0.00045808160626321654,0.9995419183946492,9.123812816369536e-13
0.6183211479763357,-0.0035433767339859397,0.021149486047293123,-0.9860271613346299,-0.16519861025684962,0.0004598562787435992,0.9995401437204227,8.337774914934926e-13
0.6183261511032901,-0.0035503661821413373,0.02119046990469507,-0.98602534803675,-0.16520403117250368,0.0004616411148090802,0.9995383588866397,1.4488410471358293e-12
0.6183311542302444,-0.0035573854866316583,0.02123160853206554,-0.9860235035611254,-0.16520960696380815,0.00046343619235937595,0.9995365638080927,4.5208281562736374e-13
0.6183361573571988,-0.003564434832901327,0.0212729027945183,-0.986021627724306,-0.1652153384868378,0.0004652415889830249,0.9995347584114104,3.934630399271555e-13
0.6183411604841532,-0.003571514413970264,0.021314353580905963,-0.986019720333562,-0.1652212266307707,0.00046705738378107625,0.9995329426160526,1.6631140908884845e-13
0.6183461636111075,-0.003578624421356615,0.02135596177936118,-0.9860177811964307,-0.16522727228866832,0.0004688836562706653,0.9995311163434858,2.4358293160275934e-13
0.6183511667380619,-0.0035857650516239264,0.02139772829493677,-0.9860158101186036,-0.16523347635529953,0.00047072048718938524,0.9995292795123033,5.07260899951234e-13
0.6183561698650162,-0.0035929364985316206,0.02143965402442634,-0.9860138069048464,-0.16523983973357412,0.00047256795736958136,0.9995274320421653,4.650724250154781e-13
0.6183611729919706,-0.003600138962070105,0.0214817398876305,-0.9860117713552399,-0.16524636334509696,0.00047442614914603056,0.9995255738498775,9.764411501578252e-13
0.6183661761189249,-0.0036073726381191267,0.021523986791876133,-0.9860097032751078,-0.1652530480931867,0.0004762951447671088,0.9995237048567553,1.5225598559709397e-12
0.6183711792458793,-0.0036146377300857787,0.02156639566960391,-0.9860076024572363,-0.1652598949194383,0.0004781750280976699,0.999521824972251,3.4861002973229915e-13
0.6183761823728336,-0.0036219344415562367,0.021608967457785472,-0.986005468701803,-0.16526690475165676,0.0004800658836905628,0.9995199341160554,2.540190280342358e-13
0.6183811854997879,-0.003629262974664736,0.02165170308701366,-0.9860033018066106,-0.16527407851888226,0.0004819677963074692,0.9995180322038035,1.1102230246251565e-13
0.6183861886267423,-0.003636623536864404,0.02169460350906435,-0.9860011015621368,-0.16528141718208264,0.00048388085216438334,0.9995161191474647,3.709255125272648e-13
0.6183911917536966,-0.003644016336152711,0.021737669680743178,-0.9859988677620781,-0.1652889216897458,0.0004858051382072491,0.9995141948614591,3.3362201889985954e-13
0.618396194880651,-0.0036514415816529112,0.021780902557067598,-0.9859966001959908,-0.165296593004608,0.0004877407418246978,0.9995122592569835,1.1918244169351055e-12
0.6184011980076053,-0.0036588994857252397,0.021824303114426756,-0.9859942986538343,-0.16530443209324494,0.0004896877518770177,0.9995103122475367,5.863087793045452e-13
0.6184062011345597,-0.003666390260765862,0.021867872323749288,-0.9859919629217517,-0.16531243993252015,0.0004916462575120389,0.9995083537427322,2.4424906541753444e-13
0.618411204261514,-0.0036739141219944388,0.02191161116981927,-0.9859895927839656,-0.16532061751007024,0.0004936163490331388,0.9995063836522012,1.234345958778249e-12
0.6184162073884684,-0.0036814712880786863,0.02195552065113333,-0.9859871880225219,-0.16532896581785256,0.0004955981179072898,0.9995044018829609,8.681944052568724e-13
0.6184212105154228,-0.0036890619760687024,0.021999601757979853,-0.9859847484190922,-0.16533748585639185,0.0004975916557729863,0.9995024083443728,1.4566126083082054e-13
0.618426213642377,-0.0036966864081629356,0.0220438555052316,-0.9859822737547363,-0.16534617862441936,0.0004995970559358261,0.9995004029442583,1.9406698470447736e-13
0.6184312167693314,-0.0037043448064631185,0.022088282905512235,-0.9859797638033114,-0.16535504515383434,0.0005016144121591143,0.9994983855874602,3.806954751439662e-13
0.6184362198962857,-0.0037120373950541826,0.022132884980494504,-0.9859772183440483,-0.16536408644953163,0.0005036438191820799,0.9994963561807549,6.294964549624638e-14
0.6184412230232401,-0.003719764402258962,0.022177662764896765,-0.9859746371471686,-0.16537330355484817,0.0005056853729218015,0.9994943146261348,9.433565040239955e-13
0.6184462261501944,-0.003727526055483133,0.02222261729745492,-0.9859720199871125,-0.16538269750289428,0.0005077391700434483,0.9994922608308009,8.444356325298941e-13
0.6184512292771488,-0.0037353225848123415,0.022267749620862358,-0.9859693666285092,-0.16539226935422546,0.0005098053079900248,0.9994901946919643,4.5630166312093934e-14
0.6184562324041032,-0.003743154225066927,0.02231306079989291,-0.985966676843151,-0.16540202014735406,0.0005118838858123541,0.9994881161139523,2.353672812205332e-13
0.6184612355310575,-0.0037510212100162975,0.02235855189751965,-0.9859639503930224,-0.16541195096399358,0.0005139750030720716,0.9994860249963288,5.99187366390197e-13
0.6184662386580119,-0.003758923773574797,0.0224042239713787,-0.9859611870473648,-0.1654220628474638,0.0005160787596952457,0.9994839212405587,2.540190280342358e-13
0.6184712417849662,-0.003766862160286307,0.022450078128656244,-0.9859583865576161,-0.16543235692585237,0.0005181952585173663,0.9994818047413403,1.4233059175694507e-13
0.6184762449119205,-0.00377483660763353,0.02249611544448335,-0.9859555486913102,-0.16544283424967623,0.0005203246015058525,0.9994796753997484,1.2541079286165768e-12
0.6184812480388748,-0.0037828473584384337,0.022542337014819572,-0.9859526731998492,-0.16545349593681702,0.0005224668922269491,0.9994775331076433,1.297850715786808e-13
0.6184862511658292,-0.003790894659342575,0.02258874395275021,-0.9859497598415293,-0.1654643430861813,0.0005246222356811411,0.9994753777645107,1.9184653865522705e-13
0.6184912542927835,-0.0037989787580726287,0.022635337376426423,-0.9859468083663175,-0.1654753768226213,0.0005267907377489342,0.9994732092623165,6.550315845288424e-14
0.6184962574197379,-0.0038070999032913315,0.02268211840629385,-0.9859438185271504,-0.1654865982596574,0.0005289725050707751,0.9994710274954516,5.222489107836736e-13
0.6185012605466923,-0.0038152583478339407,0.022729088181423378,-0.9859407900704029,-0.16549800854066338,0.0005311676458196364,0.999468832355576,1.3957723865587468e-12
0.6185062636736466,-0.0038234543458141677,0.022776247843451967,-0.9859377227403714,-0.16550960881183097,0.0005333762689608756,0.999466623731515,4.758415883543421e-13
0.618511266800601,-0.0038316881538179776,0.022823598546108263,-0.9859346162818114,-0.16552140022385398,0.0005355984847020243,0.9994644015148283,4.697353617189037e-13
0.6185162699275553,-0.0038399600291415953,0.022871141445990697,-0.9859314704389417,-0.16553338392708436,0.0005378344040679186,0.9994621655962451,3.1308289294429414e-13
0.6185212730545097,-0.0038482702346270075,0.022918877722647304,-0.9859282849463755,-0.16554556111231844,0.0005400841398643751,0.999459915861294,1.1584067038938883e-12
0.6185262761814639,-0.003856619035087759,0.022966808558858014,-0.9859250595398317,-0.1655579329559131,0.000542347805761035,0.9994576521932552,9.837686221203512e-13
0.6185312793084183,-0.0038650066931177757,0.023014935135527367,-0.9859217939580934,-0.16557050063801915,0.0005446255160303771,0.9994553744830695,9.000578060636144e-13
0.6185362824353727,-0.0038734334797633375,0.023063258662629853,-0.9859184879294512,-0.16558326537222257,0.0005469173870615224,0.9994530826124234,5.151434834260726e-13
0.618541285562327,-0.003881899664769102,0.023111780345479407,-0.9859151411853938,-0.1655962283544174,0.0005492235357450228,0.9994507764638235,4.3143266736933583e-13
0.6185462886892814,-0.0038904055198291775,0.023160501399503302,-0.9859117534510409,-0.16560939081585793,0.0005515440801851119,0.9994484559193055,5.093703236980218e-13
0.6185512918162357,-0.003898951324924207,0.02320942307123058,-0.9859083244493325,-0.1656227539914871,0.0005538791407334985,0.9994461208582149,1.0516032489249483e-12
0.6185562949431901,-0.003907537353716702,0.023258546584179342,-0.9859048539064932,-0.16563631910511678,0.0005562288373791317,0.9994437711630758,4.549693954913892e-13
0.6185612980701444,-0.003916163891346915,0.02330787320467112,-0.9859013415358044,-0.16565008742710988,0.0005585932929489156,0.9994414067067082,3.4283687000424834e-13
0.6185663011970988,-0.0039248312192078074,0.023357404184421535,-0.9858977870574875,-0.16566406020902588,0.0005609726303337008,0.9994390273697908,1.2456702336294256e-13
0.6185713043240532,-0.003933539620659647,0.02340714078815648,-0.9858941901859632,-0.16567823871857232,0.0005633669738238781,0.9994366330273246,1.148414696672262e-12
0.6185763074510074,-0.003942289389265603,0.023457084313154755,-0.9858905506296657,-0.16569262424693204,0.000565776450103167,0.9994342235507002,8.033573806187633e-13
0.6185813105779618,-0.003951080815081255,0.023507236047886015,-0.9858868680983196,-0.1657072180841104,0.000568201186218335,0.9994317988138883,1.0658141036401503e-13
0.6185863137049161,-0.003959914191146478,0.023557597292356687,-0.9858831422982607,-0.16572202153166693,0.0005706413105900944,0.9994293586884349,9.749978602258125e-13
0.6185913168318705,-0.003968789813527266,0.023608169359853493,-0.9858793729338686,-0.1657370359045299,0.0005730969531074831,0.9994269030468974,4.884981308350689e-15
0.6185963199588248,-0.003977707983388265,0.023658953578693284,-0.9858755597053984,-0.16575226252280148,0.0005755682452398747,0.9994244317558604,1.1002310174035301e-12
0.6186013230857792,-0.003986669004499991,0.023709951291486814,-0.9858717023067033,-0.16576770273730573,0.0005780553199961184,0.9994219446799205,8.337774914934926e-14
0.6186063262127335,-0.003995673178723085,0.02376116383490774,-0.9858678004355829,-0.16578335789010246,0.0005805583109404944,0.9994194416890121,4.7406523151494184e-14
0.6186113293396879,-0.004004720817062305,0.023812592578134638,-0.9858638537836233,-0.16579922933573,0.000583077354114845,0.9994169226454193,4.658495811327157e-13
0.6186163324666423,-0.00401381222875829,0.02386423888313127,-0.9858598620404219,-0.1658153184444855,0.0005856125860788841,0.9994143874132058,7.153166947659884e-13
0.6186213355935966,-0.004022947728854513,0.023916104139733465,-0.985855824891723,-0.16583162660320827,0.000588164145651672,0.9994118358548054,4.571898415406395e-13
0.618626338720551,-0.004032127633910972,0.023968189739118576,-0.9858517420191439,-0.1658481552061785,0.0005907321726265375,0.9994092678274736,1.0014211682118912e-13
0.6186313418475052,-0.0040413522637461185,0.024020497087059254,-0.9858476131037162,-0.1658649056612294,0.0005933168084291078,0.999406683192303,7.320810624378282e-13
0.6186363449744596,-0.004050621942821989,0.024073027603272467,-0.9858434378215435,-0.16588187938422264,0.0005959181961115892,0.999404081803841,4.7406523151494184e-14
0.6186413481014139,-0.004059936994774814,0.02412578271328601,-0.9858392158489843,-0.16589907779904864,0.0005985364799302311,0.9994014635203152,2.453592884421596e-13
0.6186463512283683,-0.0040692977497132484,0.02417876386190129,-0.9858349468554128,-0.16591650235475985,0.000601171806065405,0.9993988281950518,1.1171064073778325e-12
0.6186513543553227,-0.004078704542129305,0.024231972508721035,-0.9858306305066178,-0.16593415451051202,0.0006038243224053982,0.999396175678194,5.995204332975845e-13
0.618656357482277,-0.0040881577055855945,0.024285410117507716,-0.9858262664681868,-0.16595203572904477,0.0006064941780012851,0.9993935058212184,7.8026474170656e-13
0.6186613606092314,-0.004097657578460607,0.024339078164572606,-0.9858218544034844,-0.16597014748560177,0.0006091815235314906,0.9993908184759172,5.513367540288527e-13
0.6186663637361857,-0.004107204501855357,0.02439297814010369,-0.9858173939716438,-0.1659884912670736,0.0006118865113636375,0.9993881134901627,1.5263346142546652e-12
0.6186713668631401,-0.004116798825827174,0.0244471115644134,-0.9858128848190721,-0.16600706860743936,0.0006146092964152074,0.9993853907029364,6.483702463810914e-13
0.6186763699900943,-0.004126440893839315,0.024501479939259944,-0.9858083266053869,-0.1660258809977634,0.0006173500336643068,0.9993826499655963,7.394085344003543e-13
0.6186813731170487,-0.00413613106160316,0.02455608481074085,-0.9858037189767604,-0.166044929975328,0.0006201088813910557,0.9993798911189232,3.141931159689193e-13
0.618686376244003,-0.0041458696823730695,0.02461092771148974,-0.9857990615763035,-0.16606421708778804,0.0006228859982433939,0.9993771140017005,5.617728504603292e-14
0.6186913793709574,-0.004155657116254764,0.024666010210245032,-0.9857943540441948,-0.16608374390362124,0.0006256815457597911,0.9993743184544546,2.142730437526552e-13
0.6186963824979118,-0.00416549372743402,0.02472133387960651,-0.9857895960184124,-0.1661035119871133,0.0006284956867802728,0.9993715043125979,6.218359160925502e-13
0.6187013856248661,-0.004175379876298819,0.024776900288048232,-0.9857847871380612,-0.16612352290753896,0.0006313285849952857,0.9993686714160441,1.0393907956540716e-12
0.6187063887518205,-0.004185315936191917,0.024832711048247462,-0.9857799270284443,-0.1661437782846552,0.0006341804074914934,0.9993658195949056,2.396971510165713e-12
0.6187113918787748,-0.004195302283439202,0.024888767785347977,-0.9857750153130489,-0.16616427974339856,0.0006370513231224056,0.999362948678084,1.206368338557695e-12
0.6187163950057292,-0.0042053392900143,0.02494507210874954,-0.9857700516204335,-0.16618502888929443,0.0006399415010548522,0.9993600584986876,2.575717417130363e-13
0.6187213981326835,-0.004215427339941002,0.02500162567371202,-0.985765035567682,-0.1662060273782902,0.0006428511139867383,0.9993571488846266,1.3866685577568205e-12
0.6187264012596378,-0.004225566813105683,0.025058430122511372,-0.9857599667738177,-0.16622727685307664,0.0006457803350968054,0.9993542196639074,9.958700530887654e-13
0.6187314043865922,-0.00423575810220693,0.025115487141335054,-0.985754844849805,-0.16624877898817644,0.0006487293410469779,0.9993512706599227,9.696687897076117e-13
0.6187364075135465,-0.004246001598562458,0.02517279841384793,-0.9857496693983102,-0.16627053548835896,0.0006516983095592199,0.9993483016904636,2.2870594307278225e-14
0.6187414106405009,-0.00425629769751222,0.025230365639006734,-0.9857444400275018,-0.16629254804024673,0.0006546874203678194,0.9993453125788508,7.813749647311852e-13
0.6187464137674552,-0.004266646798086822,0.02528819053350302,-0.9857391563384947,-0.16631481836004264,0.0006576968553583762,0.9993423031450612,4.1966430330830917e-13
0.6187514168944096,-0.004277049306392204,0.025346274832687928,-0.9857338179228672,-0.16633734819433055,0.0006607267986634594,0.9993392732011144,2.2215562722749382e-13
0.6187564200213639,-0.004287505628536032,0.02540462028081479,-0.9857284243782747,-0.16636013926864307,0.0006637774361271144,0.9993362225647581,8.852918398360998e-13
0.6187614231483183,-0.004298016179724835,0.02546322864964145,-0.9857229752863702,-0.16638319336981167,0.0006668489563450976,0.9993331510433503,3.0464519795714295e-13
0.6187664262752727,-0.004308581373881054,0.025522101712431234,-0.9857174702346453,-0.16640651226564185,0.0006699415492750401,0.9993300584502041,5.209166431541234e-13
0.618771429402227,-0.004319201628931006,0.025581241254781718,-0.9857119088034624,-0.1664300977480625,0.0006730554068467063,0.9993269445933947,2.4136248555350903e-13
0.6187764325291814,-0.004329877375523901,0.025640649107129442,-0.9857062905656588,-0.16645395163553064,0.0006761907247220116,0.9993238092757949,5.169198402654729e-13
0.6187814356561356,-0.0043406090395481794,0.0257003270885654,-0.9857006150913452,-0.16647807576002832,0.000679347699293456,0.999320652300218,4.884981308350689e-13
0.61878643878309,-0.004351397055917242,0.025760277049958584,-0.9856948819485761,-0.16650247196441284,0.0006825265300288682,0.9993174734698774,9.370282327836321e-14
0.6187914419100443,-0.004362241861198748,0.02582050084601806,-0.9856890906991365,-0.16652714210812075,0.0006857274179948141,0.9993142725819888,1.6431300764452317e-14
0.6187964450369987,-0.0043731438970979536,0.025881000351379,-0.985683240903084,-0.16655208805643656,0.0006889505667328051,0.999311049433166,1.0125233984581428e-13
0.618801448163953,-0.004384103614978309,0.02594177748158081,-0.9856773321071854,-0.1665773117377363,0.0006921961834107191,0.9993078038157097,8.79518680108049e-13
0.6188064512909074,-0.004395121459513214,0.026002834122983685,-0.9856713638684086,-0.16660281502802213,0.0006954644750712781,0.9993045355254698,5.411227022023013e-13
0.6188114544178618,-0.004406197894799952,0.026064172236336253,-0.9856653357218492,-0.16662859989279902,0.0006987556542535412,0.9993012443459004,1.538769112130467e-13
0.6188164575448161,-0.004417333375827572,0.026125793747245208,-0.9856592472118088,-0.16665466826092326,0.0007020699330767968,0.9992979300673078,3.8458125573015423e-13
0.6188214606717705,-0.004428528371667522,0.026187700634319057,-0.9856530978710014,-0.16668102210384833,0.0007054075280513788,0.9992945924722852,3.3661962106634746e-13
0.6188264637987247,-0.004439783350447218,0.02624989487675886,-0.9856468872292379,-0.16670766340735219,0.0007087686572397995,0.999291231343425,6.648015471455437e-13
0.6188314669256791,-0.004451098791187484,0.026312378485873575,-0.9856406148089487,-0.16673459417904268,0.0007121535420327731,0.9992878464570123,9.549028234800971e-13
0.6188364700526334,-0.004462475169890496,0.026375153472987037,-0.9856342801347661,-0.1667618164283824,0.0007155624053655094,0.999284437595272,6.374900607397649e-13
0.6188414731795878,-0.004473912975707167,0.026438221888900208,-0.9856278827154895,-0.16678933221173053,0.000718995473960923,0.9992810045258536,1.8551826741486366e-13
0.6188464763065422,-0.004485412698677943,0.026501585791985586,-0.9856214220622034,-0.16681714358699531,0.0007224529765674336,0.9992775470224441,9.884315588237769e-13
0.6188514794334965,-0.004496974832385991,0.026565247252134796,-0.9856148976831486,-0.16684525261439795,0.0007259351442101686,0.9992740648549258,8.640865800657593e-13
0.6188564825604509,-0.004508599878671383,0.026629208379392616,-0.9856083090722577,-0.16687366141907087,0.0007294422117790695,0.999270557787682,5.38902256153051e-13
0.6188614856874052,-0.0045202883459757245,0.02669347129077379,-0.9856016557251445,-0.16690237210815728,0.0007329744162821284,0.9992670255834761,2.416955524608966e-13
0.6188664888143596,-0.004532040744790451,0.02675803812634225,-0.9855949371302822,-0.1669313868210512,0.0007365319976832263,0.9992634680028447,5.280220705117245e-13
0.6188714919413139,-0.004543857591249167,0.026822911037882594,-0.9855881527700526,-0.16696070771401608,0.0007401151983557165,0.9992598848010495,5.947464742916964e-13
0.6188764950682683,-0.004555739409321287,0.02688809221202372,-0.9855813021226609,-0.1669903369720446,0.0007437242643679338,0.9992562757358369,2.0472512574087887e-13
0.6188814981952225,-0.004567686726000916,0.026953583843960162,-0.9855743846582832,-0.16702027679621462,0.000747359444060275,0.9992526405556378,3.019806626980426e-13
0.6188865013221769,-0.004579700076966462,0.02701938816398481,-0.9855673998441716,-0.16705052940543058,0.0007510209895510491,0.9992489790102356,2.1338486533295509e-13
0.6188915044491313,-0.004591779998979486,0.02708550739999099,-0.9855603471435413,-0.1670810970300608,0.0007547091546739947,0.9992452908464663,1.1401990462900358e-12
0.6188965075760856,-0.004603927042116131,0.027151943834913293,-0.9855532260027859,-0.16711198196750604,0.0007584241982234142,0.9992415758016067,1.6997514507011147e-13
0.61890151070304,-0.004616141753926207,0.02721869974158103,-0.9855460358785393,-0.16714318647040638,0.0007621663803146844,0.9992378336193843,3.0098146197587994e-13
0.6189065138299943,-0.004628424691957663,0.02728577742679988,-0.9855387762097787,-0.1671747128644982,0.0007659359649139855,0.9992340640343955,6.904476990143849e-13
0.6189115169569487,-0.0046407764210220125,0.02735317922878181,-0.9855314464355343,-0.16720656346890886,0.0007697332197117747,0.9992302667803987,1.1057821325266559e-13
0.618916520083903,-0.004653197508601045,0.02742090748899658,-0.9855240459860469,-0.16723874063579636,0.00077355841457416,0.999226441586155,7.291944825738028e-13
0.6189215232108574,-0.004665688533880126,0.027488964598437506,-0.9855165742821138,-0.16727124675689792,0.0007774118241893309,0.9992225881763602,5.495603971894525e-13
0.6189265263378118,-0.0046782500762770065,0.027557352943748937,-0.9855090307435296,-0.1673040842194686,0.000781293725042534,0.9992187062735661,1.3913314944602462e-12
0.618931529464766,-0.0046908827226237815,0.027626074944252392,-0.9855014147856158,-0.1673372554377937,0.00078520439754286,0.9992147956019037,5.534461777756405e-13
0.6189365325917204,-0.004703587070221665,0.027695133052672908,-0.9854937258103568,-0.1673707628669634,0.0007891441261324118,0.9992108558742481,3.8058445284150366e-13
0.6189415357186747,-0.0047163637198246785,0.027764529734331873,-0.9854859632167642,-0.16740460897162512,0.0007931131981062773,0.9992068868022163,3.226308109560705e-13
0.6189465388456291,-0.004729213279978358,0.027834267486911424,-0.9854781263944041,-0.16743879625915514,0.000797111904780458,0.99920288809454,6.794564910705958e-13
0.6189515419725834,-0.004742136365715342,0.02790434882986652,-0.9854702147339729,-0.16747332722630964,0.0008011405409299132,0.9991988594600734,1.0031975250512914e-12
0.6189565450995378,-0.0047551335971112415,0.02797477629764776,-0.985462227608444,-0.16750820443322034,0.0008051994044298112,0.9991948005954383,1.318944953254686e-13
0.6189615482264922,-0.004768205602761943,0.02804555246293133,-0.9854541643937401,-0.16754343043677475,0.0008092887976212438,0.9991907112034871,1.1084466677857563e-12
0.6189665513534465,-0.0047813530216319275,0.028116679928319725,-0.9854460244481936,-0.16757900784864094,0.000813409026909046,0.9991865909722847,8.062439604827887e-13
0.6189715544804009,-0.004794576491793085,0.028188161298004954,-0.9854378071363857,-0.16761493926459167,0.0008175604010979993,0.9991824395984416,4.604094883120524e-13
0.6189765576073551,-0.004807876664674876,0.02825999922296102,-0.9854295118042166,-0.16765122734410448,0.0008217432341044828,0.9991782567646811,1.2144729666374587e-12
0.6189815607343095,-0.0048212541976435964,0.028332196375932137,-0.9854211377988208,-0.1676878747435979,0.000825957843522678,0.999174042156747,2.69562150378988e-13
0.6189865638612638,-0.004834709756200989,0.02840475545620487,-0.9854126844490233,-0.1677248841862547,0.0008302045509535054,0.9991697954483231,7.23421322845752e-13
0.6189915669882182,-0.004848244011454697,0.02847767918842566,-0.9854041510886516,-0.16776225837430372,0.0008344836819534984,0.9991655163175932,4.533040609544514e-13
0.6189965701151725,-0.0048618576424370305,0.02855097032347792,-0.9853955370337186,-0.16780000008164783,0.00083879556614744,0.9991612044333719,4.807265696626928e-13
0.6190015732421269,-0.004875551339219844,0.0286246316492832,-0.9853868415992507,-0.16783811207318708,0.0008431405379185137,0.9991568594612384,8.429923425978814e-13
0.6190065763690813,-0.00488932579272752,0.028698665960959362,-0.9853780640914401,-0.16787659715674083,0.0008475189346461582,0.9991524810655209,1.6697754290362354e-13
0.6190115794960356,-0.004903181711430263,0.028773076113652298,-0.9853692038011485,-0.16791545819056022,0.0008519310999373324,0.999148068899055,1.007638417149792e-12
0.61901658262299,-0.00491711980375642,0.02884786496251555,-0.9853602600235696,-0.1679546980191754,0.0008563773800600261,0.9991436226204291,4.89164264649844e-13
0.6190215857499443,-0.0049311407888732945,0.028923035402878126,-0.9853512320353183,-0.16799431954624905,0.0008608581263958312,0.999139141873327,2.772226892489016e-13
0.6190265888768987,-0.004945245396684844,0.02899859036753228,-0.985342119109989,-0.1680343256970556,0.0008653736953373686,0.9991346263046278,3.4861002973229915e-14
0.6190315920038529,-0.0049594343620001655,0.02907453280345362,-0.985332920510268,-0.16807471942854213,0.0008699244469300886,0.9991300755522773,7.925882172798993e-13
0.6190365951308073,-0.00497370842710972,0.029150865690680833,-0.9853236354948466,-0.16811550371541029,0.0008745107460340156,0.9991254892542676,3.015365734881925e-13
0.6190415982577617,-0.004988068346791457,0.02922759204707685,-0.9853142633097888,-0.16815668157038005,0.0008791329627026126,0.9991208670384741,1.176836406102666e-12
0.619046601384716,-0.005002514887225717,0.029304714935518873,-0.9853048031873456,-0.16819825606890748,0.000883791472648938,0.9991162085286757,1.3244960683778118e-12
0.6190516045116704,-0.005017048816665215,0.029382237424089536,-0.9852952543595731,-0.1682402302704976,0.0008884866548743698,0.999111513344966,1.596500709410975e-13
0.6190566076386247,-0.005031670914482431,0.029460162619553677,-0.9852856160500213,-0.16828260727661878,0.0008932188937621964,0.9991067811068867,6.488143355909415e-13
0.6190616107655791,-0.0050463819717553905,0.029538493675035266,-0.9852758874633157,-0.16832539025247445,0.0008979885795949563,0.9991020114202721,1.3289369604763124e-13
0.6190666138925334,-0.005061182783458154,0.029617233750024414,-0.985266067805792,-0.16836858235675026,0.0009027961061711585,0.9990972038943094,4.805045250577678e-13
0.6190716170194878,-0.0050760741603179445,0.0296963860618891,-0.9852561562705807,-0.1684121867903957,0.0009076418740178085,0.9990923581286023,2.6201263381153694e-12
0.619076620146442,-0.005091056921938697,0.029775953860134336,-0.9852461520307213,-0.16845620683222767,0.0009125262888632689,0.9990874737116454,5.087041898832467e-13
0.6190816232733964,-0.005106131892845399,0.02985594041379306,-0.9852360542692311,-0.16850064571788623,0.0009174497608990947,0.9990825502393479,2.469136006766348e-13
0.6190866264003508,-0.005121299909256462,0.02993634902937504,-0.9852258621448589,-0.168545506780252,0.0009224127059691138,0.9990775872948923,8.613110225041964e-13
0.6190916295273051,-0.005136561820242701,0.030017183057319156,-0.9852155748109079,-0.16859079335359592,0.000927415546029783,0.9990725844535827,3.8746783559417963e-13
0.6190966326542595,-0.005151918480340816,0.030098445873520875,-0.9852051914124108,-0.16863650882148806,0.0009324587080293429,0.9990675412934648,1.4941381465405357e-12
0.6191016357812138,-0.005167370762325301,0.030180140907895926,-0.9851947110747427,-0.1686826566209735,0.0009375426258157874,0.9990624573743552,1.709743457922741e-13
0.6191066389081682,-0.005182919541842464,0.030262271608753683,-0.9851841329260045,-0.16872924018308,0.0009426677378991918,0.9990573322619228,1.779687508474126e-13
0.6191116420351225,-0.0051985657059964805,0.03034484146025382,-0.9851734560774162,-0.16877626299802434,0.0009478344886475015,0.999052165511099,2.5346391652192324e-13
0.6191166451620769,-0.005214310153941587,0.03042785398952903,-0.9851626796277878,-0.16882372860423955,0.0009530433287895959,0.9990469566712414,3.108624468950438e-14
0.6191216482890313,-0.00523015379924504,0.030511312771674768,-0.9851518026668401,-0.1688716405607614,0.000958294715814721,0.9990417052834073,7.779332733548472e-13
0.6191266514159856,-0.005246097561813482,0.03059522140696353,-0.9851408242731363,-0.1689200024806637,0.000963589112569185,0.9990364108876216,1.907363156306019e-13
0.61913165454294,-0.005262142372724091,0.030679583531770343,-0.9851297435133713,-0.16896881799845198,0.0009689269880336922,0.9990310730105151,1.4511725154875421e-12
0.6191366576698942,-0.005278289178236416,0.030764402834978357,-0.9851185594474942,-0.1690180907897489,0.0009743088184419119,0.9990256911821176,5.595524044110789e-13
0.6191416607968486,-0.005294538930235875,0.03084968302654328,-0.9851072711171885,-0.16906782457899414,0.0009797350853219759,0.9990202649158276,1.149524919696887e-12
0.6191466639238029,-0.005310892606505402,0.03093542790120619,-0.9850958775469618,-0.1691180231640802,0.00098520627970856,0.9990147937189451,1.3463674619629273e-12
0.6191516670507573,-0.005327351174837167,0.03102164122694935,-0.9850843777700402,-0.1691686902975878,0.000990722894953602,0.9990092771035882,1.4581669205426806e-12
0.6191566701777117,-0.005343915631902245,0.031108326862430244,-0.9850727707903352,-0.16921982984738065,0.0009962854344606879,0.9990037145661247,5.853095785823825e-13
0.619161673304666,-0.005360586982499249,0.031195488698989658,-0.9850610555997251,-0.16927144570672878,0.0010018944079657316,0.9989981055908906,1.1436407376663738e-12
0.6191666764316204,-0.005377366240953136,0.0312831306600882,-0.9850492311884149,-0.16932354178902,0.0010075503315854929,0.9989924496688655,4.509725926027386e-13
0.6191716795585747,-0.005394254434933426,0.0313712567101758,-0.9850372965248624,-0.16937612207115676,0.0010132537284845491,0.9989867462728732,1.3578027591165664e-12
0.6191766826855291,-0.005411252615892399,0.03145987090493568,-0.9850252505589103,-0.1694291906065966,0.0010190051322282211,0.9989809948682503,4.785061236134425e-13
0.6191816858124833,-0.005428361828484566,0.03154897726390689,-0.9850130922453424,-0.1694827514118972,0.001024805078539462,0.9989751949208784,5.822009541134321e-13
0.6191866889394377,-0.005445583147153982,0.03163857991676477,-0.9850008205133333,-0.16953680860577403,0.0010306541149620785,0.9989693458841707,8.671952045347098e-13
0.619191692066392,-0.005462917649414904,0.0317286829998606,-0.9849884342810094,-0.1695913663448009,0.001036552794149932,0.9989634472060503,2.0028423364237824e-13
0.6191966951933464,-0.0054803664364455025,0.03181929073236231,-0.9849759324493658,-0.16964642883528405,0.0010425016789883165,0.9989574983210626,5.084821452783217e-14
0.6192016983203008,-0.005497930613621903,0.031910407341750394,-0.9849633139127415,-0.16970200030799634,0.0010485013377486382,0.9989514986625049,2.5357493882438575e-13
0.6192067014472551,-0.005515611303397559,0.03200203712240064,-0.9849505775474409,-0.16975808505980508,0.0010545523480336757,0.9989454476542091,2.2428725543477412e-12
0.6192117045742095,-0.005533409652851176,0.03209418443829894,-0.9849377222082208,-0.16981468745252645,0.0010606552971458162,0.9989393447033177,4.634070904785403e-13
0.6192167077011638,-0.0055513268070027065,0.03218685365987223,-0.9849247467485054,-0.16987181185843195,0.0010668107778401769,0.998933189221674,4.858335955759685e-13
0.6192217108281182,-0.00556936393540685,0.03228004923327469,-0.9849116500000783,-0.16992946272256543,0.0010730193931476483,0.9989269806070568,2.0450308113595383e-13
0.6192267139550724,-0.005587522221474681,0.032373775652709276,-0.9848984307786254,-0.1699876445385255,0.001079281754587425,0.998920718245955,5.424549698318515e-13
0.6192317170820268,-0.0056058028649558864,0.03246803746254329,-0.9848850878850098,-0.17004636184939367,0.0010855984824298622,0.9989144015164784,1.091793322416379e-12
0.6192367202089812,-0.005624207074368836,0.032562839243094895,-0.9848716201112167,-0.17010561923663622,0.0010919702047870212,0.9989080297963722,1.1592948823135885e-12
0.6192417233359355,-0.005642736086934736,0.03265818566413482,-0.9848580262194961,-0.17016542136912394,0.0010983975614198968,0.998901602438693,1.127986593019159e-13
0.6192467264628899,-0.005661391142945748,0.03275408141180889,-0.9848443049688506,-0.17022577293603852,0.0011048811988048294,0.9988951188012503,5.5067062021407764e-14
0.6192517295898442,-0.005680173507865224,0.032850531251105854,-0.9848304550939647,-0.17028667870431058,0.0011114217745593366,0.9988885782247309,7.097655796428626e-13
0.6192567327167986,-0.0056990844561173966,0.03294753997607364,-0.9848164753217856,-0.170348143461931,0.0011180199541129295,0.998881980046152,2.6489921367556235e-13
0.6192617358437529,-0.005718125286793234,0.03304511246615708,-0.9848023643520792,-0.1704101720901258,0.0011246764146964341,0.9988753235852317,7.194245199571014e-14
0.6192667389707073,-0.005737297311256014,0.03314325363874188,-0.9847881208739658,-0.17047276950888243,0.0011313918421997225,0.9988686081585052,7.049916206369744e-13
0.6192717420976616,-0.0057566018605601085,0.03324196847445536,-0.984773743556853,-0.1705359406947901,0.0011381669330376883,0.9988618330676358,6.7346128673762e-13
0.619276745224616,-0.00577604028172997,0.03334126201167442,-0.9847592310517519,-0.17059969069266806,0.0011450023938672912,0.9988549976060715,6.117328865684613e-14
0.6192817483515703,-0.005795613941523738,0.03344113934919508,-0.9847445819941837,-0.1706640245963349,0.0011518989419314679,0.9988481010583178,2.4935609133081016e-13
0.6192867514785246,-0.005815324223283609,0.0335416056405898,-0.9847297950005696,-0.17072894755688975,0.0011588573047707543,0.9988411426957472,5.18030063290098e-13
0.619291754605479,-0.005835172528526653,0.03364266609609897,-0.9847148686672554,-0.17079446479510818,0.0011658782204912795,0.9988341217790179,4.908295991867817e-13
0.6192967577324333,-0.005855160280032544,0.03374432600433422,-0.9846998015757855,-0.17086058158367007,0.0011729624393916574,0.9988270375625017,1.893374346195742e-12
0.6193017608593877,-0.005875288923252866,0.03384659072424582,-0.9846845922761076,-0.17092730329436706,0.001180110723586301,0.9988198892774491,1.035393992765421e-12
0.619306763986342,-0.005895559913321674,0.03394946563455038,-0.9846692393151275,-0.17099463530406034,0.0011873238435630832,0.9988126761562003,2.3658852654762086e-13
0.6193117671132964,-0.005915974728478742,0.03405295620183952,-0.9846537412144568,-0.17106258307758598,0.0011946025830724002,0.9988053974168026,1.2501111257279263e-13
0.6193167702402508,-0.005936534873696613,0.034157067979766496,-0.9846380964702505,-0.17113115216568242,0.0012019477392810059,0.9987980522621123,1.3933298959045715e-12
0.6193217733672051,-0.005957241871771072,0.03426180657467239,-0.98462230355664,-0.17120034818493463,0.0012093601204790467,0.9987906398798271,3.0619951019161817e-13
0.6193267764941595,-0.005978097265781062,0.03436717765610952,-0.9846063609355726,-0.17127017678664935,0.001216840546965732,0.998783159451321,1.7132961716015416e-12
0.6193317796211137,-0.005999102608722203,0.03447318693119464,-0.9845902670497739,-0.17134064369281282,0.0012243898493030662,0.9987756101502127,4.842792833414933e-13
0.6193367827480681,-0.006020259495238355,0.03457984023949619,-0.9845740203050299,-0.17141175474275025,0.0012320088753790875,0.9987679911235983,1.0226264279822317e-12
0.6193417858750224,-0.00604156952743395,0.03468714344180702,-0.9845576191018959,-0.17148351579087712,0.0012396984825073143,0.9987603015195937,2.1009860518006462e-12
0.6193467890019768,-0.006063034340006262,0.034795102502708654,-0.9845410618027244,-0.1715559328081067,0.0012474595435820973,0.9987525404572953,8.775202786637237e-13
0.6193517921289312,-0.006084655584943323,0.03490372345123301,-0.9845243467569217,-0.17162901181846996,0.0012552929443475351,0.9987447070549278,7.246425681728397e-13
0.6193567952558855,-0.00610643492842911,0.035013012343943405,-0.9845074722986261,-0.17170275887969175,0.001263199580932272,0.9987368004187276,3.4017233474514796e-13
0.6193617983828399,-0.006128374081533479,0.03512297540197834,-0.9844904367162376,-0.17177718021806493,0.0012711803699711867,0.9987288196293979,6.309397448944765e-13
0.6193668015097942,-0.006150474755329506,0.03523361882986634,-0.9844732382991108,-0.17185228202686392,0.0012792362355642573,0.9987207637649784,5.426770144367765e-13
0.6193718046367486,-0.00617273871044739,0.03534494899672754,-0.984455875286423,-0.17192807068694535,0.0012873681227687267,0.9987126318760924,1.1388667786604856e-12
0.6193768077637029,-0.006195167704818748,0.03545697225792814,-0.9844383459206446,-0.17200455254604274,0.0012955769845903145,0.9987044230155394,1.2967404927621828e-13
0.6193818108906572,-0.006217763552253136,0.035569695158678666,-0.984420648386791,-0.17208173415512687,0.0013038637972730563,0.9986961362001058,2.621125538837532e-12
0.6193868140176115,-0.006240528054357241,0.035683124183954994,-0.9844027808841465,-0.17215962199337342,0.0013122295419247733,0.9986877704573422,7.329692408575283e-13
0.6193918171445659,-0.00626346307963438,0.03579726604779314,-0.9843847415452215,-0.17223822277872583,0.0013206752262464266,0.9986793247730267,7.2686301422209e-13
0.6193968202715203,-0.006286570489761075,0.0359121274334132,-0.9843665285067871,-0.1723175431915774,0.0013292018653164436,0.9986707981360845,1.4008794124720225e-12
0.6194018233984746,-0.006309852203637766,0.036027715212850246,-0.9843481398511791,-0.17239759010407915,0.0013378104982899933,0.9986621895021703,4.602984660095899e-13
0.619406826525429,-0.0063333101374167654,0.03614403623038072,-0.9843295736607173,-0.1724783703674766,0.0013465021723197803,0.9986534978277098,2.9531932455029164e-14
0.6194118296523833,-0.006356946257866329,0.03626109750661934,-0.9843108279694127,-0.1725598910001622,0.0013552779581099562,0.9986447220398188,2.071232074740692e-12
0.6194168327793377,-0.006380762544131435,0.03637890609978767,-0.9842919007992743,-0.17264215905043595,0.001364138939661759,0.9986358610606446,3.064215547965432e-13
0.619421835906292,-0.0064047610175920686,0.036497469187300714,-0.9842727901274468,-0.17272518170755718,0.001373086220770432,0.9986269137811776,1.9479973190072997e-12
0.6194268390332464,-0.006428943723202274,0.036616794027500475,-0.9842534939095379,-0.1728089662223967,0.0013821209222484962,0.9986178790799861,2.234656903965515e-12
0.6194318421602008,-0.006453312742041205,0.03673688799119508,-0.9842340100644565,-0.17289351996988847,0.0013912441846242048,0.9986087558151387,2.370326157574709e-13
0.619436845287155,-0.006477870169445269,0.03685775849094282,-0.9842143364953694,-0.1729788503644487,0.0014004571629088562,0.9985995428364267,6.644684802381562e-13
0.6194418484141094,-0.006502618152918693,0.03697941310486324,-0.9841944710577625,-0.1730649649801429,0.0014097610364227986,0.9985902389642468,6.696865284538944e-13
0.6194468515410637,-0.006527558861206394,0.03710185946676994,-0.9841744115823017,-0.1731518714468481,0.001419157000578461,0.9985808429989155,5.060396546241464e-13
0.6194518546680181,-0.006552694489280617,0.03722510529577094,-0.9841541558724503,-0.17323957749238977,0.0014286462693510822,0.9985713537307567,1.0769163338864018e-13
0.6194568577949724,-0.006578027278956524,0.03734915846157216,-0.9841337016873075,-0.17332809098099516,0.0014382300806703237,0.9985617699198783,5.486722187697524e-13
0.6194618609219268,-0.00660355949886586,0.037474026904231274,-0.9841130467577504,-0.1734174198571387,0.0014479096904741107,0.9985520903087293,7.965850201685498e-13
0.6194668640488811,-0.006629293448084766,0.037599718660228265,-0.9840921887849802,-0.17350757215671517,0.0014576863749491372,0.998542313623331,1.71984648744683e-12
0.6194718671758355,-0.006655231463451326,0.037726241893194915,-0.9840711254328398,-0.17359855603845914,0.001467561433215967,0.998532438569294,2.509992214072554e-12
0.6194768703027899,-0.006681375926035733,0.03785360487702805,-0.9840498543205457,-0.17369037977605542,0.0014775361864511718,0.9985224638150375,1.4885870314174099e-12
0.6194818734297441,-0.006707729239769326,0.037981815976543855,-0.9840283730416196,-0.17378305174552322,0.001487611976430098,0.9985123880249239,1.354028000832841e-12
0.6194868765566985,-0.006734293856100488,0.038110883692508264,-0.984006679147249,-0.17387658043642454,0.0014977901695642053,0.9985022098306615,2.2581936320875684e-13
0.6194918796836528,-0.00676107225095933,0.038240816591047576,-0.9839847701605781,-0.1739709744201972,0.0015080721515328317,0.9984919278486789,2.1183055309847987e-13
0.6194968828106072,-0.006788066952133057,0.03837162340906307,-0.983962643554447,-0.1740662424294357,0.0015184593359935973,0.9984815406641587,1.5232259897857148e-13
0.6195018859375615,-0.006815280519178704,0.03850331297327165,-0.9839402967682904,-0.17416239329447758,0.0015289531584728063,0.9984710468425319,1.0047518372857667e-12
0.6195068890645159,-0.006842715557684957,0.03863589424622063,-0.9839177271974806,-0.17425943597468854,0.001539555080408528,0.9984604449196723,8.08242361927114e-14
0.6195118921914703,-0.006870374702329576,0.0387693762740161,-0.9838949322080626,-0.17435737951837002,0.0015502665852266532,0.9984497334172209,2.44759768008862e-12
0.6195168953184246,-0.006898260642679471,0.03890376827679892,-0.9838719091072243,-0.17445623315011233,0.0015610891860292071,0.9984389108152208,1.2501111257279263e-12
0.619521898445379,-0.006926376101568812,0.0390390795620727,-0.983848655175518,-0.17455600617093886,0.0015720244189542255,0.9984279755810243,2.1538326677728037e-14
0.6195269015723333,-0.0069547238454065585,0.039175319576766406,-0.9838251676456552,-0.1746567080300213,0.0015830738477076436,0.9984169261528856,5.933031843596837e-13
0.6195319046992876,-0.006983306687546882,0.03931249790023159,-0.9838014437026311,-0.17475834831189785,0.0015942390634480505,0.9984057609360838,4.681810494844285e-13
0.6195369078262419,-0.00701212748543844,0.03945062424490897,-0.9837774804924918,-0.1748609367139297,0.0016055216851850404,0.998394478312628,2.187028336209096e-12
0.6195419109531963,-0.007041189137454817,0.03958970844780426,-0.9837532751128607,-0.17496448309233983,0.001616923359451556,0.9983830766390493,1.4991341501513489e-12
0.6195469140801507,-0.0070704945920797785,0.03972976048468701,-0.9837288246191909,-0.17506899740423607,0.0016284457619472265,0.9983715542387791,7.263079027097774e-13
0.619551917207105,-0.00710004685158098,0.039870790495959006,-0.9837041260070796,-0.1751744898044453,0.0016400906000673004,0.9983599094015998,1.667110893777135e-12
0.6195569203340594,-0.007129848954591911,0.04001280872278796,-0.9836791762367953,-0.17528097053174863,0.0016518596080017116,0.9983481403924522,4.53859172466764e-13
0.6195619234610137,-0.007159904000201479,0.0401558255923407,-0.9836539722115898,-0.17538845001027709,0.0016637545542945854,0.9983362454446466,1.0588196985850118e-12
0.6195669265879681,-0.0071902151176761325,0.040299851609282934,-0.983628510800633,-0.17549693874444966,0.0016757772331686825,0.998324222768544,1.7126300377867665e-12
0.6195719297149224,-0.00722078551669068,0.04044489751583331,-0.9836027887951413,-0.17560644747746976,0.0016879294785443091,0.9983120705212365,2.191580250610059e-13
0.6195769328418768,-0.007251618434410359,0.04059097413947983,-0.9835768029574409,-0.17571698703741492,0.0017002131515102008,0.9982997868494874,9.976464099281657e-13
0.619581935968831,-0.007282717180047194,0.0407380925078068,-0.9835505499793339,-0.17582856844984612,0.0017126301506991794,0.9982873698477724,1.5283330156989905e-12
0.6195869390957854,-0.007314085095525641,0.040886263750827906,-0.983524026516541,-0.1759412028522668,0.0017251824042868536,0.9982748175964125,6.992184609089236e-13
0.6195919422227398,-0.007345725600636642,0.041035499210705983,-0.9834972291526777,-0.17605490157575035,0.0017378718800716998,0.9982621281198419,8.637535131583718e-14
0.6195961800818555,-0.007372742248609261,0.04116274895508076,-0.9834743138219174,-0.1761520502939168,0.0017487292298034298,0.9982512707702418,4.529709940470639e-14
0.6195969453496941,-0.007377642157873819,0.04118581036775383,-0.9834701544239252,-0.17616967610294268,0.001750700579458216,0.9982492994208351,2.9332092310596636e-13
0.6196019484766485,-0.007409838295865583,0.041337208884698114,-0.9834427988010435,-0.17628553810121894,0.0017636705419480404,0.9982363294572661,7.858158568296858e-13
0.6196069516036028,-0.00744231759076528,0.04148970655491457,-0.983415158707186,-0.17640249936629723,0.0017767838411347349,0.9982232161577564,1.1087797346931438e-12
0.6196119547305572,-0.007475083687567084,0.04164331537534356,-0.9833872304995374,-0.17652057188630557,0.0017900425915864573,0.9982099574086187,2.0516921495072893e-13
0.6196169578575115,-0.007508140296456919,0.04179804752362425,-0.9833590104658172,-0.17663976784903085,0.001803448947498432,0.9981965510500708,2.4308333124167802e-12
0.6196219609844659,-0.007541491175238642,0.0419539153172395,-0.9833304948489109,-0.17676009956833358,0.0018170050995923058,0.9981829948992109,1.1968204205459188e-12
0.6196269641114203,-0.0075751401625408065,0.042110931301048746,-0.9833016798120092,-0.1768815795796377,0.0018307132835237855,0.9981692867157069,7.69273533762771e-13
0.6196319672383745,-0.007609091152212806,0.04226910817711778,-0.9832725614592499,-0.1770042205978564,0.001844575774251568,0.998155424228089,2.340572180514755e-12
0.6196369703653289,-0.007643348107936273,0.0424284588314401,-0.9832431358253876,-0.17712803550820544,0.0018585948891103007,0.9981414051107375,1.5221157667610896e-13
0.6196419734922832,-0.007677915065313753,0.04258899637303144,-0.9832133988802854,-0.17725303740688525,0.001872772991812258,0.9981272270076901,4.977129819394577e-13
0.6196469766192376,-0.007712796118499456,0.04275073406144602,-0.9831833465246077,-0.17737923956740373,0.0018871124867580217,0.998112887512837,4.050093593832571e-13
0.6196519797461919,-0.007747995437750763,0.04291368536600777,-0.9831529745885934,-0.17750665546122363,0.0019016158249961163,0.9980983841754291,4.2521541843143495e-13
0.6196569828731463,-0.007783517278657141,0.04307786400618213,-0.9831222788215643,-0.17763529878825463,0.001916285508562276,0.9980837144908983,5.394573676653636e-13
0.6196619860001006,-0.007819365949297486,0.043243283842987874,-0.9830912549114688,-0.17776518342260317,0.0019311240813742491,0.9980688759206783,2.0525803279269894e-12
0.619666989127055,-0.007855545842409687,0.04340995896298186,-0.983059898464652,-0.17789632345385967,0.0019461341376499693,0.9980538658677324,5.382361223382759e-12
0.6196719922540094,-0.007892061445224967,0.043577903722753164,-0.9830282049958444,-0.1780287332371825,0.0019613183267247506,0.9980386816753876,2.112310326651823e-12
0.6196769953809637,-0.007928917296819217,0.04374713262548553,-0.9829961699654477,-0.17816242727213222,0.0019766793424516194,0.998023320658237,6.885603198725221e-13
0.619681998507918,-0.007966118031284337,0.04391766043001341,-0.9829637887397791,-0.1782974203180614,0.0019922199341343193,0.9980077800657368,1.2889689315898067e-13
0.6196870016348723,-0.008003668353633283,0.04408950207931708,-0.9829310566135491,-0.17843372731750204,0.002007942900717057,0.9979920570998446,5.617728504603292e-13
0.6196920047618267,-0.00804157307492495,0.04426267283264447,-0.9828979687729323,-0.17857136354416553,0.00202385110380908,0.9979761488959786,2.1227464230832993e-13
0.619697007888781,-0.008079837075335642,0.04443718811005785,-0.9828645203439715,-0.17871034439305125,0.002039947454292635,0.9979600525440683,1.6391332735565811e-12
0.6197020110157354,-0.008118465321385547,0.044613063583242255,-0.9828307063555386,-0.17885068555269645,0.002056234921456956,0.9979437650779965,5.465627950229646e-13
0.6197070141426898,-0.008157462879079685,0.04479031519063401,-0.9827965217436578,-0.1789924029540636,0.0020727165354999036,0.9979272834667019,2.2017943024366105e-12
0.6197120172696441,-0.008196834911920336,0.044968959132482264,-0.982761961343814,-0.17913551279949758,0.0020893953880321363,0.9979106046102793,1.688649220454863e-12
0.6197170203965985,-0.008236586649851656,0.045149011786096656,-0.9827270199268523,-0.1792800314685995,0.002106274624901609,0.9978937253776942,2.595701431573616e-12
0.6197220235235528,-0.008276723454553662,0.045330489892811354,-0.9826916921308384,-0.17942597569748364,0.0021233574650654317,0.9978766425379645,3.0300206788069772e-12
0.6197270266505072,-0.00831725076872119,0.04551341040305048,-0.9826559725116994,-0.1795733624467271,0.002140647186866297,0.9978593528133373,2.036149027162537e-13
0.6197320297774614,-0.00835817411948707,0.04569779048861465,-0.9826198555414382,-0.1797222088895094,0.0021581471301529835,0.9978418528724013,2.55440113505756e-12
0.6197370329044158,-0.00839949918048099,0.04588364772804126,-0.9825833355523679,-0.17987253258251587,0.0021758607153138866,0.9978241392828655,1.8206547380827942e-12
0.6197420360313702,-0.008441231677866113,0.04607099982409849,-0.9825464068124675,-0.1800243512527956,0.0021937914170314936,0.9978062085840806,1.1122214260694818e-12
0.6197470391583245,-0.008483377488440502,0.046259864885010216,-0.9825090634473636,-0.18017768299661624,0.0022119427927907807,0.9977880572062444,9.64783808399261e-13
0.6197520422852789,-0.008525942574616937,0.04645026125353479,-0.9824712994948216,-0.1803325461535375,0.002230318467307301,0.9977696815332611,5.684341886080801e-13
0.6197570454122332,-0.008568933019515343,0.04664220756305579,-0.9824331088720563,-0.1804889593637957,0.0022489221394481184,0.9977510778602396,3.12194714524594e-13
0.6197620485391876,-0.00861235502296964,0.0468357227939797,-0.9823944853751788,-0.18064694161461048,0.002267757588676179,0.9977322424102749,1.048938713665848e-12
0.6197670516661419,-0.008656214902080505,0.04703082620152161,-0.9823554226933678,-0.18080651214637428,0.002286828669628732,0.9977131713296024,7.689404668553834e-13
0.6197720547930963,-0.00870051909048589,0.04722753736101576,-0.9823159143874729,-0.18096769054876408,0.002306139317630048,0.9976938606814504,9.195977312970172e-13
0.6197770579200506,-0.008745274156497382,0.04742587619702069,-0.982275953894316,-0.18113049672879108,0.0023256935531274347,0.9976743064442071,2.6655344598225383e-12
0.619782061047005,-0.008790486784663144,0.04762586293911581,-0.9822355345255257,-0.18129495093100798,0.0023454954786067818,0.9976545045177218,3.671507542435393e-12
0.6197870641739593,-0.008836163781681452,0.0478275181197165,-0.982194649477722,-0.18146107367641204,0.0023655492798685092,0.9976344507224613,2.3296919948734285e-12
0.6197920673009136,-0.008882312113119526,0.048030862688800004,-0.9821532917811551,-0.1816288859283382,0.00238585923910523,0.9976141407601282,7.664979762012081e-13
0.619797070427868,-0.008928938858603842,0.048235917901699676,-0.9821114543591616,-0.18179840893454643,0.0024064297249601963,0.9975935702745999,4.39870362356487e-13
0.6198020735548223,-0.008976051241529294,0.048442705366022534,-0.9820691299867647,-0.18196966430470193,0.002427265199069828,0.9975727348001268,8.033573806187633e-13
0.6198070766817767,-0.009023656624466862,0.04865124704284022,-0.9820263113048175,-0.1821426739914229,0.0024483702176997532,0.9975516297836922,1.3919976282750213e-12
0.619812079808731,-0.009071762535160784,0.04886156533985736,-0.9819829907790053,-0.18231746042209354,0.0024697494429554968,0.9975302505540418,3.0027091924011984e-12
0.6198170829356854,-0.009120376623432368,0.049073682956574854,-0.9819391607669736,-0.18249404627363444,0.002491407628675676,0.9975085923730721,1.7477130853649214e-12
0.6198220860626398,-0.009169506716522956,0.049287623039219096,-0.9818948134361224,-0.18267245471182122,0.0025133496382805207,0.9974866503632,1.4803713810351837e-12
0.6198270891895941,-0.009219160782458647,0.04950340909369294,-0.9818499408216473,-0.1828527092266572,0.002535580437430344,0.9974644195630007,4.3098857815948577e-13
0.6198320923165485,-0.009269346956453903,0.04972106505625923,-0.9818045347868054,-0.18303483376257312,0.002558105103327884,0.997441894898428,1.7559287357471476e-12
0.6198370954435027,-0.009320073539017454,0.049940615253948446,-0.981758587030736,-0.1832188526485694,0.0025809288227156015,0.9974190711744457,2.8386182293616002e-12
0.6198420985704571,-0.009371348989370398,0.05016208443714909,-0.9817120890957763,-0.18340479062890136,0.0026040568969602483,0.9973959431024244,6.153966225497243e-13
0.6198471016974114,-0.009423181970852942,0.05038549786986937,-0.9816650323187038,-0.18359267296738033,0.0026274947540504195,0.9973725052445891,1.3604672943756668e-12
0.6198521048243658,-0.009475581282033385,0.05061088111521378,-0.9816174078976768,-0.1837825252382623,0.002651247927890724,0.9973487520707067,1.4025447470089603e-12
0.6198571079513201,-0.00952855594222707,0.0508382603228998,-0.9815692068185018,-0.18397437357620985,0.0026753220910030783,0.9973246779070618,1.935118731921648e-12
0.6198621110782745,-0.009582115121137257,0.05106766198133434,-0.9815204199058152,-0.18416824448495922,0.0026997230304345483,0.9973002769687592,8.062439604827887e-13
0.6198671142052289,-0.00963626821328522,0.051299113153601694,-0.9814710377704958,-0.18436416501173855,0.002724456675424401,0.9972755433227696,1.8059997941577421e-12
0.6198721173321832,-0.009691024788695693,0.05153264132890761,-0.9814210508388288,-0.18456216265909625,0.0027495290837889503,0.9972504709149935,1.2174705688039467e-12
0.6198771204591376,-0.009746394629684284,0.05176827451277129,-0.9813704493303939,-0.18476226542397634,0.0027749464543071847,0.9972250535435394,2.1533885785629536e-12
0.6198821235860918,-0.00980238771774514,0.05200604119858277,-0.9813192232638368,-0.1849645018026254,0.0028007151261176893,0.9971992848742333,3.510525203864745e-13
0.6198871267130462,-0.009859014255997037,0.05224597041832165,-0.9812673624337075,-0.1851689008310967,0.002826841587052094,0.9971731584126015,3.4650060598551136e-13
0.6198921298400005,-0.009916284653348545,0.05248809169038396,-0.9812148564340348,-0.18537549202263923,0.0028533324706243894,0.9971466675294993,1.2367884494324244e-13
0.6198971329669549,-0.009974209548478784,0.052732435102056475,-0.9811616946237364,-0.1855843054667772,0.0028801945679095627,0.9971198054325081,4.176659018639839e-13
0.6199021360939093,-0.010032799816093264,0.05297903130555291,-0.9811078661317212,-0.18579537180839076,0.0029074348302245557,0.9970925651709576,1.1821654766208667e-12
0.6199071392208636,-0.010092066559376129,0.05322791149598968,-0.9810533598515825,-0.1860087222512609,0.0029350603696637885,0.9970649396296254,7.108758026674877e-13
0.619912142347818,-0.010152021109161484,0.05347910739524008,-0.9809981644524967,-0.1862243885217596,0.0029630784603924825,0.9970369215394709,1.3666845433135677e-13
0.6199171454747723,-0.01021267507745278,0.05373265143919169,-0.9809422683239043,-0.18644240304530404,0.0029914965629232945,0.997008503437754,6.772360450213455e-13
0.6199221486017267,-0.010274040293067931,0.05398857651871502,-0.9808856596353954,-0.18666279872079458,0.00302032229846073,0.9969796777046448,3.105515844481488e-12
0.619927151728681,-0.01033612889607565,0.054246916322376035,-0.9808283262490695,-0.18688560922910977,0.003049563491043156,0.9969504365094862,5.293543381412746e-13
0.6199321548556354,-0.0103989532431328,0.05450770498351546,-0.9807702558088328,-0.18711086870277724,0.0030792281311228186,0.9969207718660316,2.8456126344167387e-12
0.6199371579825897,-0.010462525984036493,0.05477097736838606,-0.9807114356605162,-0.18733861202129953,0.0031093244118548975,0.9968906755893778,1.2327916465437738e-12
0.619942161109544,-0.01052686007612506,0.05503676903982061,-0.9806518528495598,-0.18756887474129758,0.003139860729404872,0.9968601392689913,1.6038281813735011e-12
0.6199471642364984,-0.010591968735315212,0.055305116171801276,-0.9805914941612806,-0.18780169303004465,0.00317084567646633,0.9968291543264036,2.8699265186560297e-12
0.6199521673634527,-0.01065786551408044,0.05557605571171795,-0.9805303460434727,-0.1880371038357261,0.0032022880657882028,0.9967977119310598,3.152034189213282e-12
0.6199571704904071,-0.010724564225027837,0.05584962521198158,-0.9804683946795366,-0.18827514472252796,0.0032341969141355545,0.9967658030857564,1.0813572259849025e-13
0.6199621736173614,-0.010792079039182428,0.056125863038190976,-0.9804056259028238,-0.18851585403985716,0.0032665814717697324,0.9967334185262845,1.9457768729580494e-12
0.6199671767443158,-0.010860424430936492,0.056404808271687625,-0.9803420252363075,-0.18875927088401837,0.0032994512149859233,0.9967005487890914,4.07740508023835e-12
0.6199721798712701,-0.010929615224415542,0.05668650075887255,-0.9802775778563267,-0.1890054350945254,0.003332815857239434,0.9966671841431375,3.7680969455777813e-13
0.6199771829982245,-0.010999666590687551,0.05697098118951243,-0.9802122685929465,-0.18925438736187788,0.003366685362802066,0.9966333146358507,1.3472556403826275e-12
0.6199821861251789,-0.011070594016565875,0.05725829089042627,-0.9801460819593217,-0.18950616900860315,0.003401069927572297,0.9965989300725269,9.9253938401489e-14
0.6199871892521331,-0.011142413405292656,0.057548472195856314,-0.980079002049281,-0.1897608223821019,0.003435980028571693,0.9965640199690464,2.381872477030811e-12
0.6199921923790875,-0.011215141003968155,0.057841568177281755,-0.9800110126215784,-0.1900183905318069,0.0034714263969460217,0.9965285735998699,3.184119634624949e-12
0.6199971955060418,-0.011288793455264371,0.05813762281279533,-0.9799420970302549,-0.19027891744824982,0.00350742004399848,0.9964925799573315,1.3300471835009375e-12
0.6200021986329962,-0.0113633877886989,0.05843668090475825,-0.9798722382432534,-0.19054244794524441,0.003543972257200889,0.9964560277488095,6.0103033661107474e-12
0.6200072017599505,-0.011438941477179262,0.05873878827958671,-0.9798014187913177,-0.1908090278310584,0.0035810946306724456,0.9964189053673128,2.0147217227872716e-12
0.6200122048869049,-0.011515472356319051,0.05904399154016238,-0.9797296208360647,-0.19107870372447053,0.0036187990405839145,0.9963812009606028,1.1866063687193673e-12
0.6200172080138593,-0.011592998759927742,0.05935233841291899,-0.9796568260466721,-0.19135152333614486,0.0036570976953293442,0.9963429023029031,1.7675860775057117e-12
0.6200222111408136,-0.01167153940473078,0.059663877411437485,-0.9795830157044766,-0.19162753519132453,0.003696003099843223,0.9963039969001793,2.2648549702353193e-14
0.620027214267768,-0.011751113530537859,0.05997865826159236,-0.9795081705715909,-0.19190678900628494,0.003735528116068472,0.9962644718832074,7.240874566605271e-13
0.6200322173947223,-0.01183174078555116,0.060296731499924726,-0.9794322709969213,-0.19218933532773008,0.00377568591959049,0.9962243140839011,3.4916514124461173e-12
0.6200372205216766,-0.011913441369204407,0.0606181489188432,-0.9793552967830663,-0.19247522594195807,0.0038164900636045228,0.9961835099384557,2.0603518890993655e-12
0.6200422236486309,-0.011996235944733208,0.06094296326910635,-0.9792772272672784,-0.1927645136005137,0.0038579544488613554,0.9961420455479313,3.2073232958396147e-12
0.6200472267755853,-0.012080145695576007,0.061271228449167714,-0.9791980412652659,-0.19305725220052375,0.003900093355696444,0.9960999066449499,6.463718449367661e-13
0.6200522299025396,-0.012165192355056345,0.06160299950630048,-0.9791177170421262,-0.1933534967982989,0.003942921453208777,0.996057078549915,3.1237235020853404e-12
0.620057233029494,-0.012251398201276485,0.06193833264591619,-0.979036232321896,-0.19365330359043406,0.003986453808842406,0.9960135461905424,6.151745779447992e-13
0.6200622361564484,-0.012338786077602132,0.0622772852941496,-0.9789535642622562,-0.19395673000064223,0.004030705905477729,0.9959692940943174,2.0483614804334138e-13
0.6200672392834027,-0.01242737940662665,0.06261991607693969,-0.9788696894387143,-0.19426383465829378,0.004075693648399219,0.9959243063579899,6.389111462112851e-12
0.6200722424103571,-0.01251720224683217,0.06296628495678558,-0.9787845837914947,-0.19457467753472524,0.004121433393347222,0.9958785666056319,1.0208500711428314e-12
0.6200772455373114,-0.01260827923574705,0.06331645310546141,-0.9786982226851274,-0.19488931979038648,0.0041679419391426635,0.9958320580553863,5.470957020747846e-12
0.6200822486642658,-0.012700635683187411,0.06367048310344392,-0.9786105808121883,-0.1952078240036783,0.004215236565382991,0.9957847634298196,4.797384711707764e-12
0.62008725179122,-0.012794297538703626,0.06402843883366893,-0.9785216322176643,-0.19553025407142274,0.004263335028985762,0.9957366649751567,4.142464149481384e-12
0.6200922549181744,-0.012889291489787081,0.06439038572110363,-0.9784313502187807,-0.19585667540285112,0.004312255608421203,0.9956877443908039,7.749356711883593e-13
0.6200972580451288,-0.012985644861968026,0.06475639046326029,-0.9783397074873034,-0.19618715470713535,0.0043620170783113844,0.9956379829184238,3.264832848515198e-12
0.6201022611720831,-0.013083385750031101,0.06512652137047838,-0.9782466759279965,-0.1965217602956571,0.004412638768503493,0.9955873612338785,2.381872477030811e-12
0.6201072642990375,-0.013182543029385731,0.06550084832727279,-0.9781522266685702,-0.19686056204309374,0.004464140572314002,0.9955358594246047,3.0813129825446595e-12
0.6201122674259918,-0.013283146281837407,0.0658794426092199,-0.978056330124758,-0.1972036312313224,0.00451654293364619,0.9954834570679292,1.5754064719430971e-12
0.6201172705529462,-0.013385225981746332,0.06626237735105557,-0.9779589558234753,-0.19755104099193813,0.0045698669267961005,0.9954301330723403,8.636424908559093e-13
0.6201222736799005,-0.01348881334938882,0.0666497270996747,-0.9778600725436714,-0.1979028658742599,0.0046241342080357625,0.9953758657963595,4.395372954490995e-12
0.6201272768068549,-0.01359394055452235,0.06704156838423572,-0.9777596481153236,-0.1982591824103386,0.004679367111218041,0.9953206328926171,3.835154416265141e-12
0.6201322799338093,-0.013700640583912693,0.06743797926041392,-0.9776576495543594,-0.1986200686452222,0.0047355885991375735,0.9952644114007877,7.471800955727304e-14
0.6201372830607635,-0.013808947363249913,0.0678390396897638,-0.977554042930831,-0.19898560455496622,0.0047928223333103545,0.9952071776705187,3.829159211932165e-12
0.6201422861877179,-0.013918895799217644,0.06824483155280812,-0.9774487933404619,-0.19935587201084842,0.004851092693940634,0.9951489073079309,1.871613974913089e-12
0.6201472893146722,-0.014030521750683565,0.0686554385727357,-0.9773418649251404,-0.1997309547371983,0.00491042478621109,0.9950895752155842,1.7952306308188781e-12
0.6201522924416266,-0.014143862105535752,0.06907094648108635,-0.9772332207954024,-0.20011093846677788,0.004970844483053504,0.9950291555202104,3.263833647793035e-12
0.6201572955685809,-0.014258954809565209,0.06949144304144943,-0.9771228230053606,-0.2004959109663573,0.005032378448244233,0.994967621552195,4.3920422854171193e-13
0.6201622986955353,-0.014375838894156615,0.06991701811183575,-0.9770106325268024,-0.20088596208327328,0.005095054165561516,0.994904945832545,1.8934853684982045e-12
0.6201673018224896,-0.01449455450805928,0.07034776367488152,-0.9768966092057044,-0.20128118381609383,0.005158899964444082,0.9948411000360108,4.549693954913892e-13
0.620172304949444,-0.014615143001705796,0.0707837740170837,-0.9767807116972799,-0.20168167043511231,0.005223945069061885,0.9947760549333418,2.403632848313464e-12
0.6201773080763984,-0.014737646906965775,0.07122514562638456,-0.9766628974646007,-0.202087518445774,0.005290219605854087,0.99470978039552,1.3742340598810188e-12
0.6201823112033527,-0.014862110050627339,0.07167197748468138,-0.9765431226854172,-0.20249882680998135,0.005357754671721631,0.9946422453236047,4.6737058667645215e-12
0.620187314330307,-0.014988577480960009,0.07212437075388183,-0.9764213423078408,-0.2029156967093363,0.005426582311546145,0.9945734176852811,3.1727953597737724e-12
0.6201923174572613,-0.015117095686988411,0.07258242939456354,-0.9762975098448032,-0.203338232089011,0.005496735638826363,0.9945032643582482,2.9254376698872875e-12
0.6201973205842157,-0.015247712473351847,0.07304625968313952,-0.9761715774901016,-0.20376653924180982,0.005568248789366664,0.9944317512140974,3.4641178814354134e-12
0.62020232371117,-0.01538047715390028,0.07351597074160425,-0.9760434959333512,-0.20420072726602317,0.005641157031562062,0.9943588429697704,1.3324896741551129e-12
0.6202073268381244,-0.015515440542921762,0.0739916744564672,-0.975913214356861,-0.20464090807139965,0.005715496784112762,0.9942845032126276,3.2596148002994596e-12
0.6202123299650788,-0.015652654939904257,0.07447348531461578,-0.9757806804613857,-0.20508719613267978,0.0057913056215740015,0.994208694379249,8.22897305852166e-13
0.6202173330920331,-0.015792174379187715,0.07496152107009468,-0.975645840215864,-0.20553970920337492,0.0058686224127649225,0.9941313775899271,2.6920687901110796e-12
0.6202223362189875,-0.015934054475477532,0.0754559021859345,-0.9755086380020327,-0.205998567750895,0.0059474872667208,0.994052512732001,1.2781997682509427e-12
0.6202273393459418,-0.016078352636434493,0.07595675241286304,-0.9753690164134925,-0.20646389552818267,0.006027941660610515,0.9939720583360961,3.2933655802480644e-12
0.6202323424728962,-0.016225128047004822,0.07646419859429536,-0.9752269162646737,-0.20693581937649583,0.006110028446809544,0.9938899715481269,5.0636161930128765e-12
0.6202373455998504,-0.01637444178786398,0.07697837096824686,-0.9750822764763554,-0.20741446953095635,0.006193791940789177,0.9938062080691196,9.908740494779522e-12
0.6202423487268048,-0.01652635692544989,0.07749940321387566,-0.9749350339827585,-0.20789997966604035,0.006279277971734248,0.9937207220321024,3.836708728499616e-12
0.6202473518537591,-0.016680938524220135,0.07802743253729053,-0.9747851237159358,-0.20839248700129323,0.0063665339384102355,0.9936334660564766,5.1131321399111584e-12
0.6202523549807135,-0.016838253732967275,0.07856259969116636,-0.9746324785296309,-0.20889213228399464,0.00645560885901024,0.9935443911349653,6.0245142208259495e-12
0.6202573581076679,-0.016998371916731758,0.07910504926293946,-0.9744770290602534,-0.20939906009283743,0.006546553466711614,0.9934534465338615,5.730971253115058e-13
0.6202623612346222,-0.017161364780395955,0.0796549299057534,-0.9743187035992997,-0.2099134190934409,0.0066394202994163026,0.9933605796989188,1.6648904477278847e-12
0.6202673643615766,-0.01732730629650486,0.08021239399549615,-0.9741574281770017,-0.21043536165887372,0.006734263693981603,0.9932657363089312,2.9127811274065607e-12
0.6202723674885309,-0.017496273019413082,0.08077759840496318,-0.9739931262367401,-0.21096504465620447,0.006831139973643352,0.9931688600232125,3.1441516057384433e-12
0.6202773706154853,-0.017668343984771177,0.08135070404207559,-0.973825718745636,-0.2115026289998252,0.006930107427305574,0.9930698925642923,8.402056828060722e-12
0.6202823737424396,-0.017843600919262785,0.08193187634749173,-0.9736551239749326,-0.21204828012551719,0.00703122645558659,0.9929687735468309,2.417399613818816e-12
0.620287376869394,-0.01802212841072328,0.08252128550552797,-0.973481257339189,-0.2126021682180812,0.007134559673937459,0.9928654403217174,4.345079851475475e-12
0.6202923799963483,-0.018204013853196088,0.08311910627205618,-0.9733040314399983,-0.2131644680421544,0.007240171947832724,0.9927598280530477,8.804068585277491e-13
0.6202973831233026,-0.018389347750178427,0.0837255185226908,-0.9731233557790022,-0.21373535945938205,0.0073481305625704325,0.9926518694458176,8.387956995647983e-12
0.620302386250257,-0.01857822374099782,0.08434070717769702,-0.9729391367136097,-0.21431502739903732,0.007458505284604609,0.9925414947180743,2.6789681584205027e-12
0.6203073893772113,-0.018770738722146157,0.08496486238593565,-0.9727512773486612,-0.2149036620085956,0.007571368472436059,0.9924286315281567,5.928590951498336e-13
0.6203123925041657,-0.01896699304561359,0.08559817982314831,-0.9725596773306477,-0.21550145896411266,0.007686795214228388,0.9923132047851547,6.16839912481737e-13
0.62031739563112,-0.019167090661080785,0.08624086088638042,-0.9723642327130244,-0.21610861966023276,0.00780486345083411,0.9921951365510399,1.8740564655672642e-12
0.6203223987580744,-0.01937113923495498,0.08689311279282377,-0.9721648358251246,-0.21672535131858164,0.007925654086086408,0.9920743459190541,5.1405546486194e-12
0.6203274018850288,-0.019579250380290025,0.08755514896605918,-0.9719613750583073,-0.2173518673570118,0.0080492511559229,0.9919507488488155,4.738431869100168e-12
0.6203324050119831,-0.019791539724592137,0.08822718896722721,-0.9717537347839839,-0.21798838733525266,0.00817574191772893,0.9918242580796451,2.6258994978434202e-12
0.6203374081389375,-0.02000812718395916,0.08890945903036214,-0.971541795081442,-0.2186351375027644,0.008305217058481132,0.9916947829409235,5.954126081064715e-13
0.6203424112658917,-0.02022913713577808,0.08960219215244013,-0.971325431579957,-0.21929235083950321,0.008437770827780917,0.9915622291707055,1.513567049471476e-12
0.6203474143928461,-0.020454698648245975,0.0903056285284051,-0.9711045152064731,-0.2199602675502559,0.008573501240700849,0.9914264987551793,4.119815599779031e-12
0.6203524175198004,-0.020684945556158248,0.09102001535396079,-0.9708789121287524,-0.22063913482557396,0.008712510167696487,0.9912874898328877,5.841993555577574e-13
0.6203574206467548,-0.020920016892282626,0.09174560771496067,-0.9706484833150795,-0.22132920774910772,0.008854903641760838,0.9911450963647118,6.472600233564663e-12
0.6203624237737091,-0.02116005700170393,0.09248266851617692,-0.9704130844173744,-0.22203074923102464,0.009000791988188421,0.9909992080125324,7.207567875866516e-13
0.6203674269006635,-0.021405215739785613,0.09323146866723103,-0.9701725655820808,-0.22274403018106567,0.009150290010715647,0.9908497099894206,1.361133428190442e-13
0.6203724300276179,-0.021655648902176056,0.09399228783616584,-0.9699267710116698,-0.2234693302694856,0.00930351730205097,0.9906964826962164,1.7327250745324818e-12
0.6203774331545722,-0.021911518335123316,0.09476541430920637,-0.9696755388635057,-0.2242069377722807,0.00946059838494598,0.9905394016154536,3.9968028886505635e-13
0.6203824362815266,-0.022172992380307906,0.09555114575750838,-0.9694187007918612,-0.22495715037445613,0.009621663046669806,0.9903783369495759,3.754330180072429e-12
0.6203874394084808,-0.022440246024512858,0.09634978916259954,-0.9691560818146455,-0.22572027504108208,0.00978684651331805,0.9902131534829374,3.744560217455728e-12
0.6203924425354352,-0.022713461387883008,0.09716166163008809,-0.9688874998079531,-0.22649662889079422,0.009956289818938585,0.9900437101830004,1.9388934902053734e-12
0.6203974456623895,-0.022992828011479286,0.09798709058632772,-0.9686127652311243,-0.22728653934939358,0.01013014006153866,0.9898698599381085,3.5282887722587475e-13
0.6204024487893439,-0.023278543139936728,0.09882641401030852,-0.9683316808400426,-0.22809034439102224,0.010308550676854798,0.9896914493229173,2.2792878695554464e-13
0.6204074519162983,-0.0235708122566317,0.09967998123091527,-0.9680440411534192,-0.22890839334430452,0.010491681848633,0.989508318156114,4.746869564087319e-12
0.6204124550432526,-0.02386984943415023,0.10054815319985472,-0.9677496320944903,-0.22974104716745447,0.010679700823910456,0.9893202991726198,3.4697800188610017e-12
0.620417458170207,-0.024175877697885987,0.10143130281900833,-0.9674482306419003,-0.23058867875502678,0.010872782254024507,0.9891272177421325,3.842925977437517e-12
0.6204224612971613,-0.024489129617578202,0.10232981574533143,-0.9671396042245206,-0.23145167376665776,0.011071108659900025,0.9889288913489495,8.849587729287123e-12
0.6204274644241157,-0.024809847781496544,0.10324409081655352,-0.9668235102525488,-0.23233043104470788,0.011274870835477777,0.9887251291664798,1.957545237019076e-12
0.62043246755107,-0.02513828524204764,0.10417454051710089,-0.966499695678011,-0.23322536306006733,0.011484268276859645,0.988515731720188,2.9523050670832163e-12
0.6204374706780243,-0.025474706125620517,0.10512159161946574,-0.9661678963683841,-0.23413689660194836,0.011699509676796458,0.9883004903233,9.658940314238862e-14
0.6204424738049786,-0.025819386188218562,0.10608568567240327,-0.9658278365708478,-0.2350654732117786,0.011920813407720322,0.9880791865914018,8.778533455711113e-13
0.620447476931933,-0.026172613558506155,0.10706728001161171,-0.9654792281588116,-0.23601155022031856,0.012148408149567769,0.9878515918435328,6.899480986533035e-12
0.6204524800588874,-0.026534689237895787,0.10806684797847382,-0.9651217701275012,-0.2369756009777834,0.012382533364954275,0.9876174666328231,2.222555472997101e-12
0.6204574831858417,-0.02690592795910356,0.10908487995417819,-0.9647551477445763,-0.23795811586401341,0.012623439993957937,0.9873765600052106,8.314460231417797e-13
0.6204624863127961,-0.027286658823527137,0.11012188383073794,-0.9643790319098642,-0.23895960276866876,0.012871391048182114,0.9871286089427669,9.050982185954126e-12
0.6204674894397504,-0.02767722620051079,0.11117838609974919,-0.9639930782557417,-0.23998058817841636,0.013126662385899145,0.9868733376274393,1.3338441462451556e-11
0.6204724925667048,-0.028077990642675573,0.1122549326050623,-0.9635969262273195,-0.24102161794082352,0.013389543452697251,0.9866104565495504,2.247535491051167e-12
0.6204774956936591,-0.028489329607537826,0.11335208916121009,-0.9631901983659783,-0.24208325787646645,0.013660338018697853,0.9863396619723764,8.925749028776409e-12
0.6204824988206135,-0.0289116385496624,0.11447044259878064,-0.9627724992188387,-0.243166094810991,0.013939365072387059,0.9860606349177168,9.896194974601258e-12
0.6204875019475679,-0.02934533210706301,0.1156106021150727,-0.962343414147082,-0.24427073794403167,0.014226959837883472,0.9857730401679842,5.867750729748877e-12
0.6204925050745221,-0.029790844937360707,0.11677319950200551,-0.961902508494796,-0.24539781906157032,0.014523474564017053,0.9854765254487564,1.2773559987522276e-11
0.6204975082014765,-0.030248633209067524,0.11795889107665494,-0.9614493260950394,-0.2465479944793178,0.014829279795050849,0.9851707202303791,2.5429880423644136e-11
0.6205025113284308,-0.030719175757995498,0.11916835835200583,-0.9609833881048006,-0.2477219457260022,0.015144765391562696,0.9848552346076581,7.791545186819349e-13
0.6205075144553852,-0.031202975265985585,0.12040230893901673,-0.9605041918500226,-0.24892038039836398,0.015470341663296139,0.9845296583391314,2.4276136656453673e-12
0.6205125175823395,-0.03170056013477858,0.12166147856797563,-0.9600112089252268,-0.25014403422616227,0.015806440880204706,0.9841935591210151,1.219913059458122e-12
0.6205175207092939,-0.03221248563423798,0.12294663149033598,-0.9595038840598009,-0.2513936714770684,0.016153518425556464,0.9838464815845639,1.0120349003273077e-11
0.6205225238362483,-0.03273933614948341,0.12425856317272904,-0.9589816328708194,-0.2526700875980844,0.016512054653259965,0.9834879453504068,3.666844605731967e-12
0.6205275269632026,-0.03328172627384198,0.1255981000451765,-0.9584438407652064,-0.25397410902656525,0.016882556038725106,0.9831174439565981,4.676814491233472e-12
0.620532530090157,-0.03384030350748434,0.12696610288126248,-0.9578898602417134,-0.25530659653874666,0.017265557422333985,0.9827344425900876,1.2421619288716101e-11
0.6205375332171112,-0.03441574978859473,0.12836346691340075,-0.9573190093605559,-0.25666844536827704,0.01766162347153889,0.9823383765308445,2.383426789265286e-12
0.6205425363440656,-0.035008784144101114,0.12979112472307144,-0.956730569096546,-0.258060588093443,0.018071351024128154,0.9819286489709346,4.937272812810534e-12
0.6205475394710199,-0.035620164777205345,0.13125004709288096,-0.9561237812468614,-0.25948399549654577,0.01849537100063874,0.9815046289846473,1.4714007789962125e-11
0.6205525425979743,-0.03625069212700459,0.1327412460395066,-0.955497845373801,-0.2609396795902713,0.018934351079807708,0.9810656488986493,2.1542989614431463e-11
0.6205575457249286,-0.036901211125670415,0.13426577555146854,-0.9548519165417101,-0.26242869437333155,0.019388997866978626,0.9806110021538682,2.084687977799149e-11
0.620562548851883,-0.03757261520556741,0.13582473573535672,-0.9541851013225002,-0.26395213994014927,0.01986006025096513,0.9801399397648141,1.57791557597875e-11
0.6205675519788374,-0.038265848305323716,0.13741927247874844,-0.9534964557723805,-0.26551116219192006,0.020348331595114556,0.9796516684189954,1.411004646456604e-11
0.6205725551057917,-0.038981909802507826,0.13905058272088439,-0.9527849805175668,-0.2671069580583178,0.02085465384686837,0.9791453461430278,1.0103806680206162e-11
0.6205775582327461,-0.039721857200630144,0.1407199145238776,-0.9520496180537009,-0.2687407756055672,0.021379920283074675,0.9786200797092797,7.645661881383603e-12
0.6205825613597004,-0.04048681112792931,0.14242857146800436,-0.9512892477518011,-0.2704139184118336,0.02192507984572504,0.9780749201590297,4.7548631698646204e-12
0.6205875644866548,-0.0412779595752437,0.14417791493784823,-0.9505026816220725,-0.2721277478614095,0.022491141102520856,0.9775088589268738,2.9394708889185495e-11
0.620592567613609,-0.04209656303988746,0.14596936754062273,-0.9496886591665323,-0.27388368656415873,0.023079176879980626,0.9769208231155002,4.5191628217367e-12
0.6205975707405634,-0.04294395948867648,0.1478044157759164,-0.9488458424197997,-0.2756832210158529,0.023690328979425055,0.976309671027015,6.440181721245608e-12
0.6206025738675178,-0.043821570574210725,0.14968461390823076,-0.9479728097267479,-0.27752790548681666,0.024325813688446635,0.9756741863051245,6.4288574463944315e-12
0.6206075769944721,-0.0447309076906721,0.151611587361893,-0.9470680496965416,-0.2794193653970374,0.024986927525224342,0.9750130725148941,4.011835308403988e-11
0.6206125801214265,-0.04567357953602961,0.15358703752490174,-0.946129953627439,-0.2813593021351114,0.025675053963309595,0.9743249460490165,1.2326140108598338e-11
0.6206175832483808,-0.04665129836264621,0.15561274365300512,-0.9451568092710638,-0.28334949495334133,0.026391669626136517,0.9736083304017716,2.790812025921241e-11
0.6206225863753352,-0.04766588983580373,0.15769057006937104,-0.9441467909581469,-0.2853918081848602,0.027138352942642198,0.972861647055591,1.7668089213884741e-12
0.6206275895022895,-0.048719300616275905,0.15982246823222238,-0.9430979520321842,-0.2874881932777382,0.027916791604378793,0.9720832084013982,5.7769344863345395e-12
0.6206325926292439,-0.04981360908376998,0.16201048305850332,-0.9420082141077513,-0.2896406951595072,0.02872879227080024,0.9712712077389573,9.757528118825576e-12
0.6206375957561981,-0.05095103565320969,0.16425675726957953,-0.9408753567756014,-0.2918514565407003,0.029576290342852207,0.9704237096725434,1.539568472708197e-11
0.6206425988831525,-0.05213395509207175,0.16656353769823556,-0.9396970052660487,-0.2941227242568519,0.030461361364093685,0.9695386386302526,5.653699730601147e-12
0.6206476020101069,-0.05336490872806479,0.16893317957201123,-0.9384706182501575,-0.2964568535445828,0.03138623264386408,0.9686137673323871,2.3748780719756724e-11
0.6206526051370612,-0.054646619263753055,0.1713681535310734,-0.9371934730297,-0.298856315027038,0.032353297041607144,0.9676467029210112,3.738165332833887e-11
0.6206576082640156,-0.05598200644223233,0.17387105195404587,-0.9358626498536684,-0.3013237011053314,0.033365127752904664,0.966634872238945,8.1503692683782e-12
0.6206626113909699,-0.05737420413747817,0.17644459504320043,-0.9344750148575075,-0.3038617319582501,0.03442449442036801,0.9655755055416063,3.8025693704923924e-11
0.6206676145179243,-0.05882657936681144,0.1790916380878799,-0.9330272010184314,-0.3064732628862066,0.035534381272999925,0.9644656187044065,2.2593593662634248e-11
0.6206726176448786,-0.060342753100601346,0.18181517796755048,-0.9315155873655125,-0.3091612907755936,0.036698006791132186,0.9633019932189469,1.0079048706757021e-11
0.620677620771833,-0.0619266244094226,0.18461836243681692,-0.9299362748313708,-0.3119289633698476,0.03791884655959759,0.9620811534362345,4.167999279047763e-12
0.6206826238987874,-0.06358239500971866,0.18750449595443977,-0.9282850616996295,-0.3147795851286145,0.039200656958300405,0.9607993429884278,5.3271720368286424e-11
0.6206876270257417,-0.0653145980889579,0.19047704847374483,-0.9265574147766347,-0.31771662601986184,0.040547502718791435,0.9594524973270055,4.579692181039263e-11
0.620692630152696,-0.0671281310736687,0.1935396650652205,-0.9247484366438948,-0.3207437310958642,0.041963787935001384,0.9580362121126235,4.762479299813549e-11
0.6206976332796503,-0.06902828852695803,0.1966961712714337,-0.922852832733972,-0.3238647259044335,0.043454288409802165,0.9565457115702704,1.9927504091299397e-11
0.6207026364066047,-0.07102080364137973,0.19995058547119107,-0.9208648698564093,-0.32708362882901965,0.045024191180139506,0.9549758087836213,3.6239233835999585e-11
0.620707639533559,-0.07311188962536642,0.20330712355198485,-0.9187783347971323,-0.3304046557583491,0.0466791348915738,0.9533208650393846,6.904155025466707e-11
0.6207126426605134,-0.07530829018552115,0.20677021065429552,-0.9165864838573132,-0.3338322318265074,0.04842525858468841,0.9515747413961794,1.9132251338760398e-11
0.6207176457874678,-0.07761733273541455,0.21034448707154443,-0.9142819896213817,-0.33737099732721954,0.05026925358235118,0.9497307463835953,3.4053426745117577e-11
0.6207226489144221,-0.08004698945083911,0.21403481667129073,-0.9118568799095077,-0.341025816138008,0.05221842326765578,0.9477815767108968,2.1447399412011237e-11
0.6207276520413765,-0.08260594488688264,0.21784629256958546,-0.9093024701745746,-0.34480178135127226,0.05428074931696812,0.9457192506885935,5.561551219557259e-12
0.6207326551683308,-0.08530367424440767,0.221784245397606,-0.9066092852041571,-0.3487042236329487,0.05646496834618154,0.9435350315978498,5.5968674139705854e-11
0.6207376582952852,-0.0881505253459184,0.22585424182655173,-0.9037669771879542,-0.35273870962060483,0.058780653669807906,0.9412193463202616,9.930500866062175e-12
0.6207426614222394,-0.09115782020415565,0.23006209277352418,-0.9007642241053186,-0.3569110502538769,0.0612383147157068,0.938761685221382,6.291112075729188e-11
0.6207476645491938,-0.09433795898563345,0.23441384578941593,-0.8975886257922424,-0.36122729307576734,0.06384950160335914,0.9361504984144525,1.7811752073271236e-11
0.6207526676761481,-0.09770454682473757,0.23891578462865656,-0.8942265771119999,-0.3656937218447068,0.06662693061495395,0.9333730694100774,2.5031310357803704e-11
0.6207576708031025,-0.10127253020913195,0.24357441611157288,-0.8906631315801662,-0.3703168433715215,0.06958462155905322,0.9304153784408362,1.1057821325266559e-13
0.6207626739300569,-0.10505835382075447,0.24839645286465176,-0.8868818445160634,-0.37510337029083224,0.07273805550326799,0.9272619445357563,3.902433931557425e-11
0.6207676770570112,-0.10908013979534587,0.25338878954239746,-0.882864593780162,-0.380060197253828,0.07610435556353358,0.9238956444872292,5.076272735493603e-11
0.6207726801839656,-0.11335788772627008,0.25855846461372045,-0.8785913797788848,-0.3851943627378598,0.07970249033316619,0.9202975097067906,3.995670461165446e-11
0.6207776833109199,-0.11791370398038123,0.26391261059799764,-0.8740400961511331,-0.39051299924421917,0.0835535076190233,0.9164464922585976,1.223789958260113e-10
0.6207826864378743,-0.12277206076431481,0.26945838558382923,-0.8691862706816493,-0.3960232648853829,0.08768080046576018,0.9123191994719516,6.228817461817471e-11
0.6207876895648285,-0.12796009323833932,0.2752028837783767,-0.8640027682183693,-0.4017322538461603,0.0921104127014992,0.9078895872693206,2.9180213800827914e-11
0.6207926926917829,-0.13350793367359273,0.28115301493305944,-0.8584594564859396,-0.4076468758912425,0.09687138615974158,0.9031286138540247,1.3766321416142091e-11
0.6207976958187373,-0.13944909314427947,0.28731534824614774,-0.8525228244103079,-0.41377370021684,0.10199615891656708,0.8980038411316641,4.823119681418575e-11
0.6208026989456916,-0.14582089785983623,0.2936959127139791,-0.8461555457844315,-0.42011875581205604,0.10752102339754603,0.8924789766468192,4.436517819783603e-11
0.620807702072646,-0.15266498030515638,0.300299934431882,-0.8393159881194068,-0.42668726878344027,0.11348664683136644,0.8865133532547281,8.609468693521194e-11
0.6208127051996003,-0.1600278418740728,0.30713150431264097,-0.8319576500264123,-0.43348333003611106,0.11993867111621903,0.8800613288566663,2.711464386351281e-11
0.6208177083265547,-0.16796148393381016,0.31419314691933303,-0.8240285301310348,-0.4405094641401921,0.12692839365632114,0.8730716064669929,1.233140256573506e-10
0.620822711453509,-0.17652412852713098,0.32148527540296157,-0.8154704063971183,-0.4477660842402625,0.1345135502531811,0.8654864499053391,1.5852008594663403e-10
0.6208277145804634,-0.18578102040896421,0.32900548950900527,-0.806218034066422,-0.4552507900819891,0.14275919967125614,0.8572408003242017,4.5421444383464404e-12
0.6208327177074177,-0.19580532826398112,0.33674768472539585,-0.7961982444587444,-0.46295747715473134,0.15173872974447997,0.8482612701326602,1.2285983341797646e-10
0.620837720834372,-0.2066791331918804,0.3447009100394565,-0.7853289564705583,-0.4708751944433159,0.16153498147897652,0.8384650186131666,9.214318197336979e-11
0.6208427239613264,-0.21849453412856892,0.3528479331977907,-0.773518071163271,-0.47898670970537494,0.17224152540601287,0.8277584744905282,1.0345890810725678e-10
0.6208477270882807,-0.23135479447993385,0.36116338702761747,-0.7606623251384272,-0.4872666557535735,0.18396403305811304,0.8160359666942699,2.476170379850373e-10
0.6208527302152351,-0.2453755738040202,0.36961144217244807,-0.7466460588325478,-0.49567920323972375,0.1968217904044491,0.8031782096945437,9.899281394609716e-11
0.6208577333421894,-0.260686156821144,0.37814285031487377,-0.731339987527176,-0.5041751038432568,0.21094928760243514,0.7890507126916086,2.9404390033960226e-10
0.6208627364691438,-0.27743058487573985,0.38669119809362923,-0.7146000698733771,-0.5126879442100678,0.2264978121075815,0.7735021880013813,1.0896283875183599e-10
0.6208677395960981,-0.2957685788324958,0.3951681957674301,-0.6962665850174906,-0.5211294345872067,0.24363695517068032,0.7563630450051001,1.757805012658764e-10
0.6208727427230525,-0.31587604304843353,0.40345777480304146,-0.6761636285917644,-0.5293835064495732,0.2625558506209575,0.737444149531227,1.521844872343081e-10
0.6208777458500069,-0.3379447968486355,0.4114087321723246,-0.6540993812757707,-0.537298956765706,0.283463830624705,0.7165361695268623,1.5156720323261652e-10
0.6208827489769612,-0.3621811064821167,0.4188256779401979,-0.6298675768196603,-0.5446803956050044,0.3065901023946768,0.6934098976850949,7.977174476536675e-11
0.6208877521039156,-0.38880229549868234,0.42545803250115194,-0.6032508916715864,-0.551277243357306,0.3321817624047959,0.6678182373461946,2.490094797025222e-10
0.6208927552308698,-0.4180304566866441,0.43098693021205375,-0.5740272330503473,-0.5567706343819384,0.36049919673125397,0.6395008035935037,3.2475755418204244e-10
0.6208977583578242,-0.45008196961036384,0.4350101023480908,-0.5419802213834828,-0.5607582999525007,0.39180756851324083,0.6081924313365079,1.5025125588152832e-10
0.6209027614847785,-0.4851509803388382,0.4370252146507967,-0.5069157106053528,-0.5627379058138772,0.42636251196431063,0.5736374882983177,2.6262836350099406e-10
0.6209077646117329,-0.523384683006189,0.4364128745169783,-0.4686865065792937,-0.5620900593590329,0.46438772344966084,0.5356122762797434,2.7059576801491403e-10
0.6209127677386873,-0.564847779126104,0.43242172028547665,-0.42722790779697895,-0.5580633989257066,0.5060415577583429,0.4939584424210962,1.7943913022122615e-10
0.6209177708656416,-0.6094735815378572,0.42415979065155585,-0.38260660141813635,-0.5497659632122012,0.5513695745981548,0.44863042575537604,3.535309822666477e-10
0.620922773992596,-0.6570001461658046,0.41059884917205747,-0.3350845315092507,-0.5361695157780997,0.6002406070033067,0.399759392906496,9.019729407810928e-11
0.6209277771195503,-0.7068921387128186,0.39060126424231745,-0.28519703238597693,-0.5161364250133749,0.6522658434016795,0.3477341565073552,9.096534636654496e-11
0.6209327802465047,-0.7582542510099924,0.3629816244664477,-0.23383941219835988,-0.4884812795251955,0.7067051688750259,0.2932948311438466,1.887245915099811e-11
0.620937783373459,-0.8097497778170177,0.3266159323713532,-0.1823483761968784,-0.45208008184152765,0.7623726699535177,0.23762733069948067,6.529983220815438e-10
0.6209427865004133,-0.8595490956646452,0.28060676488787784,-0.13255354784957904,-0.4060354088883672,0.8175648043587502,0.18243519631865415,6.774043548318787e-10
0.6209477896273676,-0.9053432349194472,0.22450016985212143,-0.08676389678533607,-0.34989330850437167,0.8700466992780407,0.12995330112151188,3.9955261321722446e-10
0.620952792754322,-0.9444619329338496,0.1585268534026123,-0.047649685657391395,-0.2838844868299642,0.9171391060108767,0.08286089440596034,4.1683700935379875e-10
0.6209577958812764,-0.9741229357611607,0.08381066297798433,-0.0179931684063562,-0.2091327913040715,0.9559397212047517,0.0440602785079318,2.873165039218861e-10
0.6209595270577536,-0.981707981536112,0.056277410339768574,-0.010409674421767757,-0.18158725325694647,0.9669177079262582,0.033082291866969614,2.0677215495368273e-10
0.6209627990082307,-0.9918031701712327,0.0024642969993621806,-0.00031741827326560847,-0.12775092034774643,0.9836796011214083,0.016320398404056455,4.745352999435681e-10
0.6209678021351851,-0.9956672342394246,-0.08250382175573379,0.0035421628332251757,-0.0427472967309083,0.9981601219422872,0.0018398782953374052,2.3762458667420105e-10
0.6209703036986622,-0.9921272700490296,-0.12523370070816614,-4.235205344563009e-08,3.346054692647157e-07,0.9999999997680025,1.137545164929221e-13,2.3188373443616683e-10
0.6209728052621394,-0.9849384105595416,-0.16750094577080907,-0.007191142509182184,0.04228533201735559,0.9981602394296717,0.0018397618344053646,1.264077065243896e-09
0.6209778083890938,-0.9600875864150169,-0.2488289090218064,-0.032046447007162866,0.1236487998804196,0.9836839995531947,0.016316000477650947,3.0845770382370574e-11
0.6209828115160481,-0.9227663313237285,-0.3232053902828396,-0.069372181144425,0.19806078563007432,0.9559594265325358,0.04404057432113717,8.536731321839852e-10
0.6209878146430025,-0.8755032712895187,-0.38817937530485114,-0.11663971892174865,0.26307027501895014,0.9171892054507131,0.08281079362869058,9.20596265885365e-10
0.6209928177699569,-0.82126694066221,-0.44233855868029176,-0.170880525984828,0.3172649626410281,0.8701427883200239,0.12985721068046446,9.99511584609536e-10
0.6209978208969111,-0.7630283300092459,-0.4852913705087929,-0.22912361176323684,0.36025327859117495,0.8177199466870011,0.1822800542031212,8.90122198171639e-10
0.6210028240238655,-0.7034264390312458,-0.517481195543898,-0.28872997656633304,0.3924786076257591,0.7625955428697211,0.2374044568118497,3.184291719193766e-10
0.6210078271508198,-0.6445799518798664,-0.53992243457724,-0.3475809362359894,0.41495535053614124,0.7069995497252647,0.29300045017325876,1.0147660489678856e-10
0.6210128302777742,-0.588033740519053,-0.553938070682392,-0.404131618805803,0.42900649040136773,0.6526310661401598,0.3473689341250976,2.6525737162330643e-10
0.6210178334047285,-0.534800067917012,-0.5609469220146804,-0.4573697613133468,0.43605084536187166,0.6006725619617846,0.39932743830463074,2.6641533423799046e-10
0.6210228365316829,-0.48544961163722966,-0.5623171167042484,-0.5067246861928332,0.43745654356370306,0.5518618651773165,0.44813813510392736,2.812439170440939e-10
0.6210278396586372,-0.4402172722611908,-0.5592810360535324,-0.5519614928617591,0.43445596629674904,0.5065865240861961,0.4934134762530237,3.392197633900196e-10
0.6210328427855916,-0.3991011214249594,-0.5528974273463289,-0.5930821096842492,0.4281078608535476,0.4649772702888493,0.5350227293521204,3.5903036099682595e-10
0.621037845912546,-0.3619445040888734,-0.544044918735984,-0.6302431917012543,0.41929085538562333,0.42698869764258385,0.5730113020957918,2.6162438881982553e-10
0.6210428490395002,-0.3284987525707826,-0.5334337287573893,-0.6636934065934474,0.40871516842108524,0.3924629734165722,0.6075370268530912,2.696634027188338e-10
0.6210478521664546,-0.2984682318875534,-0.5216261377607128,-0.6937283893459542,0.3969430803196988,0.36117711304124045,0.6388228871982227,2.394631160029803e-10
0.6210528552934089,-0.27154095725171595,-0.5090597096253447,-0.7206601247451492,0.3844121549551243,0.33287627942901843,0.6671237202749367,2.960448552968842e-10
0.6210578584203633,-0.2474082552385264,-0.4960698301518938,-0.7447972862143769,0.37145777813332415,0.30729612114710064,0.6927038784880464,3.6485303667177504e-10
0.6210628615473176,-0.22577656834772675,-0.48290988542934715,-0.7664334312578079,0.35833333593502925,0.28417701626026104,0.7158229841919436,4.5220449607086266e-10
0.621067864674272,-0.20637383506988677,-0.46976845094587383,-0.7858406213793071,0.3452274038531319,0.2632725573055386,0.7367274425809889,1.1347256467786337e-10
0.6210728678012264,-0.1889523377686928,-0.45678351226678787,-0.8032665742202565,0.33227796745249283,0.24435416302703697,0.7556458369139069,5.905620437118841e-11
0.6210778709281807,-0.1732892304820073,-0.4440539103027787,-0.8189341357419212,0.319583867647053,0.22721303265623444,0.7727869671436164,2.0014923052258382e-10
0.6210828740551351,-0.15918574346646663,-0.43164846945620894,-0.8330420756844373,0.30721392883161436,0.21166050210685947,0.788339497928792,3.565148176676303e-11
0.6210878771820894,-0.1464656001760692,-0.41961314966679736,-0.8457666705983471,0.29521411095270383,0.19752736740822624,0.8024726324006082,1.9116552785192198e-10
0.6210928803090437,-0.13497309214859654,-0.4079766427522283,-0.8572636289420393,0.2836131058222319,0.18466267663553285,0.8153373233010069,6.346023706527149e-11
0.621097883435998,-0.12457101228131595,-0.3967546853903858,-0.8676701578209065,0.2724266501231259,0.1729322174800158,0.8270677824702649,4.971933975639331e-11
0.6211028865629524,-0.11513863965323573,-0.38595340523534305,-0.877106978155242,0.2616608715020568,0.1622169373539546,0.8377830628038361,1.577906694194553e-10
0.6211078896899068,-0.10656981376859535,-0.37557186325307057,-0.8856802504398587,0.25131483093500123,0.1524113496740562,0.8475886502670991,5.884470688499732e-11
0.6211128928168611,-0.09877119132796922,-0.36560402551437876,-0.893483317974356,0.24138249448567173,0.1434220517086648,0.8565779481425894,1.4874590448243907e-10
0.6211178959438155,-0.09166065445369657,-0.3560402414683551,-0.9005982986364399,0.23185421160872804,0.13516632911972462,0.8648336709475553,6.727995938149434e-11
0.6211228990707698,-0.08516590338773584,-0.34686837495619804,-0.9070974921848515,0.2227178461400489,0.12757090064460275,0.872429099317309,3.808819926121032e-11
0.6211279021977242,-0.07922321680373724,-0.33807466351145726,-0.9130446199468043,0.2139596356147543,0.12057079618911702,0.8794292036862025,1.2468048815605925e-10
0.6211329053246785,-0.0737763602629773,-0.3296443558416209,-0.9184959163592524,0.20556482873998555,0.11410835267188978,0.8858916471835224,1.4458778618831047e-10
0.6211379084516329,-0.06877563385073877,-0.32156218802493647,-0.9235010813388594,0.19751816159615804,0.10813232857895547,0.8918676713943687,2.6675772701878486e-11
0.6211429115785871,-0.06417704670286611,-0.31381274010377047,-0.9281041057471104,0.18980421422269675,0.10259712917493846,0.8974028708413391,1.6277645897844195e-11
0.6211479147055415,-0.05994159628215979,-0.30638069217686026,-0.9323439921244389,0.18240766671932498,0.09746212350362542,0.9025378765285239,3.214939425788543e-11
0.6211529178324959,-0.056034646116126234,-0.2992510128982253,-0.9362553769401101,0.17531348774263653,0.09269105028597334,0.907308949833755,1.1972822733241628e-10
0.6211579209594502,-0.0524253809547963,-0.29240908316815767,-0.9398690754470863,0.16850705818643794,0.08825149248749806,0.9117485076404082,1.2790613013180518e-10
0.6211629240864046,-0.04908634021704374,-0.28584079035599347,-0.9432125482245151,0.16197426542391805,0.0841144262272424,0.9158855737878012,1.504352198367087e-11
0.6211679272133589,-0.04599300890814829,-0.27953258261319114,-0.9463103102675228,0.15570155761234897,0.08025382161082553,0.9197461783615271,2.7647439893030423e-11
0.6211729303403133,-0.04312346350727983,-0.27347150131319825,-0.9491842850967805,0.14967597611759567,0.07664629513535828,0.9233537049014414,3.6799674418830364e-11
0.6211779334672676,-0.040458063647173706,-0.26764519518843205,-0.9518541130809945,0.1438851696718428,0.07327080542153266,0.9267291946407017,6.223443982378285e-11
0.621182936594222,-0.03797918401539531,-0.2620419223196583,-0.9543374195322157,0.13831739635523113,0.07010838747145709,0.9298916124538985,7.464440177074039e-11
0.6211879397211764,-0.035670981913375824,-0.25665054593104153,-0.9566500471465584,0.1329615193995884,0.06714192167736607,0.9328580783465594,2.392552822527705e-11
0.6211929428481306,-0.0335191917595247,-0.2514605149723085,-0.958806261508591,0.127806987744425,0.06435592680635037,0.9356440732243844,3.073474807990806e-11
0.621197945975085,-0.03151094755801154,-0.24646184801002996,-0.9608189286128309,0.12284381996706276,0.06173638234052287,0.9382636176848083,2.5331070574452497e-11
0.6212029491020393,-0.029634627534525976,-0.2416451121578812,-0.9626996702344,0.11806258317716865,0.05927057137890507,0.9407294286158884,5.206501896282134e-12
0.6212079522289937,-0.027879716035777397,-0.23700139603669315,-0.9644590020261913,0.11345436598313216,0.05694694028957705,0.9430530597499914,3.9568570642245504e-11
0.621212955355948,-0.02623668404384784,-0.23252228548368456,-0.9661064530052723,0.10901075423963882,0.054754976836172795,0.9452450230783234,8.550382624150643e-11
0.6212179584829024,-0.024696884510756533,-0.22819984226872897,-0.9676506702214897,0.10472380970794697,0.05268510411601043,0.9473148958998444,1.5854872970066936e-11
0.6212229616098567,-0.02325245735483459,-0.2240265715136931,-0.9690995137546384,0.10058603751383917,0.050728581517218235,0.9492714185022122,1.9430457243174715e-11
0.6212279647368111,-0.02189624863604169,-0.21999540191441114,-0.9704601375461305,0.09659036634530681,0.04887742256781463,0.9511225774367751,4.589661983800397e-12
0.6212329678637655,-0.020621738124318098,-0.21609966150812324,-0.9717390618252033,0.0927301242520681,0.04712431978719339,0.9528756802207304,7.923883771354667e-12
0.6212379709907198,-0.01942297428512117,-0.2123330521326454,-0.9729422381267687,0.08899901306072913,0.04546257695804519,0.9545374230569098,1.4954926186305784e-11
0.6212429741176742,-0.01829451773313249,-0.20868962840218427,-0.9740751058370782,0.08539108738327139,0.043886050381729644,0.9561139496160125,2.257860565180181e-12
0.6212479772446284,-0.017231390857426726,-0.2051637772988893,-0.9751426425648501,0.08190073422105583,0.042389096346429664,0.9576109036143072,3.9263148288171124e-11
0.6212529803715828,-0.016229032338383312,-0.20175019663067958,-0.9761494096319865,0.07852265136317367,0.040966523331158175,0.9590334767019786,3.313682661598705e-11
0.6212579834985371,-0.015283257568852874,-0.19844387678927503,-0.9770995916440881,0.07525182920672986,0.039613550197072876,0.9603864497900025,1.2924550318871297e-11
0.6212629866254915,-0.014390222592124679,-0.19524008310191823,-0.9779970325593845,0.0720835330819125,0.038325768555894826,0.9616742314365332,7.571943072548493e-12
0.6212679897524459,-0.01354639239079936,-0.1921343386644812,-0.9788452673941528,0.06901328607943455,0.037099108840843074,0.9629008911554126,3.744338172850803e-12
0.6212729928794002,-0.012748512197952236,-0.18912240859725607,-0.9796475509153483,0.06603685332077425,0.0359298099968888,0.9640701900109495,7.83839659845853e-12
0.6212779960063546,-0.011993581838274764,-0.18620028475391168,-0.9804068832987037,0.06315022666256485,0.03481439204774919,0.9651856079470115,5.239364497811039e-12
0.6212829991333089,-0.01127883300677882,-0.18336417291751433,-0.9811260328489991,0.06034961189014574,0.0337496319837189,0.9662503679893067,2.697431167320019e-11
0.6212880022602633,-0.010601708393347564,-0.1806104788269973,-0.9818075568764931,0.05763141473087545,0.0327325412829748,0.9672674587036706,1.3354650718611083e-11
0.6212930053872175,-0.009959843399841435,-0.17793579690447628,-0.9824538199800174,0.05499222961775781,0.03176034630058039,0.9682396537116603,1.2240652935702201e-11
0.6212980085141719,-0.009351048953583851,-0.17533689709842987,-0.9830670112308442,0.052428826493150595,0.030830469600637702,0.9691695304177939,1.8431478565617e-11
0.6213030116411263,-0.00877329694036806,-0.17281071642862356,-0.98364915874476,0.0499381423844355,0.029940514451778005,0.9700594855640821,1.585997999598021e-11
0.6213080147680806,-0.00822470623639104,-0.17035434749664893,-0.9842021436440814,0.04751726988221641,0.029088249503683952,0.9709117504906647,5.651368262249434e-12
0.621313017895035,-0.007703530718554934,-0.16796503073435443,-0.984727712053276,0.04516344943133551,0.028271595935124343,0.9717284040502164,1.4659273794848104e-11
0.6213180210219893,-0.00720814756800152,-0.16564014311887712,-0.9852274867900432,0.042874057996184586,0.027488614403804186,0.972511385575685,2.0510815268437455e-11
0.6213230241489437,-0.006737047826631472,-0.1633771932154821,-0.9857029768131352,0.04064660415089531,0.0267374950763873,0.9732625049272757,3.6630698474482415e-12
0.621328027275898,-0.006288826662780255,-0.16117381076294998,-0.9861555869545381,0.03847871762668117,0.026016546616645708,0.9739834533918432,8.488987290888872e-12
0.6213330304028524,-0.005862175379603409,-0.1590277414975392,-0.9865866259112356,0.03636814416995207,0.025324187665989383,0.9746758123372828,3.2722713427801864e-12
0.6213380335298067,-0.005455873666275024,-0.15693683958584317,-0.9869973139925384,0.03431273793716864,0.024658938176655026,0.9753410618132304,1.0114575843545026e-11
0.621343036656761,-0.005068782760230084,-0.154899061859973,-0.9873887899627083,0.0323104557677881,0.024019411923770145,0.9759805880959437,1.9713786159059055e-11
0.6213480397837154,-0.00469983916077042,-0.15291246160658048,-0.9877621173215482,0.03035935093903296,0.02340430940272106,0.9765956906049872,7.708278459972462e-12
0.6213530429106697,-0.004348048739357708,-0.1509751829910524,-0.9881182901985857,0.028457567626330327,0.022812411407021584,0.9771875885801836,1.2794765247292617e-11
0.6213580460376241,-0.004012481781956403,-0.1490854572560777,-0.9884582383066521,0.0266033370647495,0.0222425735753043,0.9777574264192709,5.42477174292344e-12
0.6213630491645784,-0.0036922678852293884,-0.1472415961134458,-0.9887828320501244,0.024794970974527587,0.0216937204681714,0.9783062795426923,1.0863754340562082e-11
0.6213680522915328,-0.0033865917031340328,-0.1454419881352638,-0.989092886774508,0.02303085791803903,0.021164840916101952,0.9788351590843709,4.729550084903167e-13
0.6213730554184871,-0.0030946890188254875,-0.14368509538694604,-0.989389166696295,0.021309459968396872,0.020654983736479022,0.9793450162601337,3.3872904481313526e-12
0.6213780585454415,-0.002815842774089173,-0.1419694475488353,-0.9896723888749542,0.019629306801766618,0.02016325300784989,0.9798367469869766,5.1734172501483044e-12
0.6213830616723959,-0.002549379972168191,-0.1402936400775635,-0.9899432263062966,0.017988993876827404,0.019688804784455425,0.9803111952104203,5.12423437015741e-12
0.6213880647993502,-0.0022946684499211647,-0.13865633011516248,-0.9902023111540121,0.01638717833716043,0.019230843384299975,0.9807691566286008,1.2900791546144319e-11
0.6213930679263046,-0.0020511139465935377,-0.1370562325076125,-0.9904502376782125,0.014822575020973415,0.01878861793760266,0.9812113820470801,1.5317191959240972e-11
0.6213980710532588,-0.0018181575506042212,-0.13549211799665545,-0.9906875647910464,0.013293954677923936,0.018361419736098422,0.9816385802625923,1.3092860129404471e-12
0.6214030741802132,-0.0015952733141078757,-0.1339628097100765,-0.9909148184401124,0.01180014043159148,0.01794857928236487,0.9820514207184062,7.711609129046337e-13
0.6214080773071675,-0.0013819658156073405,-0.13246717980559972,-0.9911324940473957,0.01034000443789938,0.017549463555164596,0.9824505364483868,3.5513814111709507e-12
0.6214130804341219,-0.001177768395218917,-0.13100414875107808,-0.9913410582723008,0.008912467173695218,0.017163474128387368,0.9828365258875674,1.59547930422832e-11
0.6214180835610762,-0.0009822409194819447,-0.129572680519804,-0.9915409512485922,0.007516492606106838,0.016790044334311104,0.9832099556640608,1.628142065612792e-12
0.6214230866880306,-0.0007949682977864946,-0.12817178275582486,-0.9917325880666698,0.006151088377457335,0.01642863786940085,0.983571362121642,8.9571683403733e-12
0.621428089814985,-0.0006155586735281484,-0.12680050298826642,-0.991916360583426,0.0048153020175844795,0.016078746470557917,0.98392125352659,2.8520519279595646e-12
0.6214330929419393,-0.0004436420110681077,-0.12545792742271963,-0.9920926388346424,0.0035082197376610715,0.01573988837143837,0.9842601116356118,7.050138250974669e-12
0.6214380960688937,-0.0002788686038447169,-0.12414317839177452,-0.9922617725262012,0.002228963860425798,0.01541160650891016,0.9845883934967299,5.64015500970072e-12
0.621443099195848,-0.00012090788222768918,-0.12285541346399306,-0.9924240922285582,0.0009766919633091846,0.015093467236124675,0.9849065327628688,1.006528194125167e-12
0.6214481023228023,3.055283460255479e-05,-0.12159382342006464,-0.9925799106216849,-0.0002494051817662418,0.01478505882738556,0.9852149411726966,8.215650382226158e-14
0.6214531054497566,0.00017580954045690758,-0.12035762985742891,-0.9927295237005842,-0.0014501059684410309,0.014485989973892383,0.9855140100341087,8.000933249263653e-12
0.621458108576711,0.00031514240961842303,-0.11914608508523465,-0.9928732116385237,-0.0026261580902364524,0.014195888905876317,0.9858041110957118,1.588063014423824e-12
0.6214631117036654,0.0004488168938730498,-0.11795846987252293,-0.993011239887741,-0.003778280785980455,0.013914402051271119,0.9860855979490866,3.5771385853422544e-13
0.6214681148306197,0.0005770846102894092,-0.11679409192425608,-0.9931438600653625,-0.004907166335217962,0.013641192935059011,0.9863588070669701,2.029043599804936e-12
0.6214731179575741,0.0007001840687597345,-0.11565228564461698,-0.9932713106814912,-0.006013480349056634,0.01337594143255422,0.9866240585688362,1.390443316040546e-12
0.6214781210845284,0.0008183415964872771,-0.1145324096961762,-0.9933938180630931,-0.007097864150142221,0.013118342553781298,0.9868816574414636,4.7550852144695455e-12
0.6214831242114828,0.0009317719752985494,-0.11343384667155258,-0.99351159699148,-0.008160935168851136,0.012868105769719255,0.9871318942193911,1.0889622537035848e-11
0.6214881273384371,0.0010406791299535363,-0.11235600198639607,-0.9936248513921965,-0.009203287966912152,0.01262495419541856,0.9873750458135663,8.984812893686467e-12
0.6214931304653915,0.0011452567976624143,-0.11129830203877666,-0.9937337750026728,-0.010225496155732842,0.01238862364984735,0.9876113763526938,2.5410784587620583e-12
0.6214981335923458,0.0012456890489789534,-0.11026019467506101,-0.9938385518928385,-0.011228111889503194,0.012158862270989102,0.9878411377250573,3.953615212992645e-12
0.6215031367193001,0.0013421508967291127,-0.10924114727139382,-0.9939393570760612,-0.012211667784089924,0.01193542962619994,0.9880645703748424,1.042277375518097e-12
0.6215081398462545,0.0014348088204641002,-0.10824064574236938,-0.9940363570313543,-0.013176677933481802,0.011718096067076392,0.9882819039415286,8.604894574659738e-12
0.6215131429732088,0.0015238211876140667,-0.10725819432898977,-0.9941297101270207,-0.014123638095581134,0.011506642281727153,0.9884933577102891,7.983724792381963e-12
0.6215181461001632,0.0016093387738455264,-0.1062933147054576,-0.994219567137321,-0.015053026601676789,0.011300858722362453,0.9886991412885928,1.0955236717791195e-11
0.6215231492271175,0.0016915051042860198,-0.10534554493115286,-0.9943060715891185,-0.015965305372545858,0.011100545026359373,0.9888994549746241,9.834355552129637e-13
0.6215281523540719,0.0017704569615145814,-0.10441443886391913,-0.9943893602635299,-0.016860920576721936,0.010905509561119683,0.9890944904480069,9.126477351628637e-12
0.6215331554810262,0.001846324629025424,-0.10349956582162798,-0.9944695634454221,-0.017740302877057974,0.010715569039901247,0.989284430965498,5.399236613357061e-12
0.6215381586079806,0.001919232356789246,-0.10260050936801135,-0.9945468053832751,-0.01860386871931145,0.010530547975414735,0.9894694520294033,4.817923837663329e-12
0.621543161734935,0.0019892986085843973,-0.1017168671790373,-0.9946212045421015,-0.019452020422542494,0.010350278377672028,0.9896497216232998,9.71889235756862e-13
0.6215481648618892,0.0020566363991221938,-0.10084825033030403,-0.9946928739365327,-0.020285146913201473,0.010174599347961862,0.9898254006454089,6.629252702339272e-12
0.6215531679888436,0.0021213535832131382,-0.09999428288000645,-0.9947619214211234,-0.021103624130758013,0.01000335674971176,0.9899966432608973,1.0609069178713071e-11
0.6215581711157979,0.002183553123762105,-0.09915460065784715,-0.9948284499580029,-0.021907816255747,0.009836402735861434,0.9901635972589382,5.200395669646696e-12
0.6215631742427523,0.0022433333502223513,-0.09832885200621526,-0.9948925578782662,-0.022698074931095616,0.009673595681380402,0.9903264043271371,8.517631044924201e-12
0.6215681773697066,0.0023007881798502087,-0.09751669610181969,-0.9949543390982729,-0.023474740987827827,0.009514799644863195,0.9904852003549264,2.1038726316646716e-13
0.621573180496661,0.002356007374278558,-0.0967178034201271,-0.9950138833795982,-0.024238143951696645,0.009359884269162006,0.9906401157403719,9.53392920166607e-12
0.6215781836236154,0.002409076730052049,-0.09593185447425016,-0.9950712765185681,-0.02498860331088996,0.009208724353559988,0.9907912756477216,1.2816414596272807e-12
0.6215831867505697,0.002460078280486554,-0.09515854030118594,-0.9951266005500518,-0.02572642801480191,0.009061199777398552,0.9909388002207032,1.8982593275040927e-12
0.6215881898775241,0.0025090904992592636,-0.09439756136100158,-0.9951799339465093,-0.026451917617269668,0.00891719512603753,0.9910828048754093,1.446842645691504e-12
0.6215931930044784,0.0025561884649805424,-0.09364862740534044,-0.9952313517862187,-0.02716536236893402,0.00877659951437278,0.9912234004908599,5.232703159663288e-12
0.6215981961314327,0.0026014440284568706,-0.0929114570903958,-0.995280925920581,-0.027867043605549695,0.008639306369693654,0.9913606936206429,9.663381206337363e-12
0.621603199258387,0.0026449259832545015,-0.09218577809472163,-0.9953287251431555,-0.02855723365184445,0.008505213316386153,0.9914947866889454,5.331513008854927e-12
0.6216082023853414,0.0026867002033806645,-0.09147132568957063,-0.9953748153276845,-0.02923619723701931,0.00837422178139035,0.991625778217504,1.1056711102241934e-12
0.6216132055122957,0.002726829786366635,-0.090767843790229,-0.9954192595724102,-0.029904190440200054,0.00824623706701123,0.9917537629335689,5.802025526691068e-13
0.6216182086392501,0.0027653752006129833,-0.09007508356544132,-0.9954621183455393,-0.030561462097523664,0.008121167979321402,0.9918788320265268,5.8482108045154746e-12
0.6216232117662045,0.002802394388494501,-0.08939280372082896,-0.9955034495888806,-0.031208253505307287,0.007998926771379315,0.9920010732302126,1.5918377727075494e-12
0.6216282148931588,0.002837942909125135,-0.08872077018203806,-0.9955433088625065,-0.0318447987306144,0.007879428981649464,0.9921205710271017,8.751221969305334e-12
0.6216332180201132,0.0028720740338372265,-0.08805875548625462,-0.9955817494364835,-0.03247132524762367,0.007762593227043822,0.992237406774346,1.389777182225771e-12
0.6216382211470675,0.0029048388607676515,-0.0874065391787168,-0.9956188224099621,-0.03308805350401904,0.00764834118000758,0.9923516588216849,1.6924239787385886e-12
0.6216432242740219,0.002936286421187758,-0.08676390683741572,-0.9956545768138714,-0.033695197922790236,0.007536597307639006,0.9924634026934654,1.1044498648971057e-12
0.6216482274009761,0.002966463767022193,-0.08613065031418382,-0.9956890597005554,-0.03429296665006131,0.007427288830825269,0.9925727111690386,1.362243651215067e-13
0.6216532305279305,0.002995416064487681,-0.08550656743829921,-0.9957223162361261,-0.03488156186022283,0.007320345592479802,0.9926796544084446,9.243716903029053e-13
0.6216582336548849,0.0030231866781392797,-0.08489146179953762,-0.9957543897846216,-0.035461179962199725,0.007215699944153234,0.9927843000596556,3.808731108279062e-12
0.6216632367818392,0.003049817259630963,-0.08428514229556616,-0.9957853219987273,-0.0360320120529332,0.00711328659710098,0.9928867134006916,2.2074564398621987e-12
0.6216682399087936,0.003075347821486341,-0.0836874234809464,-0.9958151528902093,-0.036594243584482676,0.007013042613102382,0.9929869573892711,2.3734347820436597e-12
0.6216732430357479,0.0030998168025084282,-0.0830981248091604,-0.9958439208976966,-0.037148055105462006,0.006914907211007913,0.9930850927870161,1.9759749392278536e-12
0.6216782461627023,0.0031232611571926656,-0.08251707095387513,-0.9958716629761984,-0.03769362193654152,0.006818821759062889,0.9931811782536738,1.2736700583104721e-11
0.6216832492896566,0.0031457163884959917,-0.08194409103248523,-0.9958984146289124,-0.038231114963176896,0.0067247295867370795,0.9932752704117088,1.5540901898702941e-12
0.621688252416611,0.0031672166623175567,-0.08137901921172686,-0.995924210021067,-0.038760700020934014,0.0066325760292486715,0.9933674239721995,1.4481749133210542e-12
0.6216932555435654,0.0031877948143454815,-0.08082169385840503,-0.9959490819889335,-0.039282538736623546,0.006542308233920111,0.9934576917641935,1.8863799411406035e-12
0.6216982586705196,0.0032074824395258734,-0.08027195787963787,-0.9959730621268755,-0.0397967882121611,0.006453875165430225,0.9935461248343889,1.80855330711438e-13
0.621703261797474,0.003226309934583024,-0.07972965815189634,-0.9959961808325479,-0.04030360156080081,0.00636722746481224,0.9936327725317935,3.394284853186491e-12
0.6217082649244283,0.0032443065514482475,-0.07919464589042532,-0.9960184673567486,-0.0408031275775195,0.006282317462709633,0.9937176825357935,1.496802681799636e-12
0.6217132680513827,0.0032615004424325273,-0.07866677602893771,-0.9960399498535693,-0.04129551131516164,0.006199099035923035,0.9938009009590817,4.995226454695967e-12
0.621718271178337,0.003277918724338187,-0.0781459073779854,-0.996060655438158,-0.04178089397477024,0.0061175275910920375,0.9938824724132236,4.3156589413229085e-12
0.6217232743052914,0.003293587490215458,-0.07763190228239553,-0.9960806102045189,-0.04225941320847696,0.006037559970539112,0.9939624400301313,6.703526622686695e-13
0.6217282774322457,0.0033085318846157933,-0.07712462692634202,-0.9960998392964378,-0.042731202833896864,0.005959154461758959,0.9940408455420209,3.779865309638808e-12
0.6217332805592001,0.003322776118950673,-0.0766239506810528,-0.9961183669257188,-0.04319639347978842,0.005882270659109082,0.9941177293364216,4.46931380793103e-12
0.6217382836861545,0.0033363435338739492,-0.07612974647689236,-0.9961362164337555,-0.043655112208171414,0.005806869486811928,0.9941931305128658,3.2218672174622043e-13
0.6217432868131088,0.003349256614490343,-0.07564189015970926,-0.9961534103042179,-0.04410748318450784,0.005732913066803229,0.9942670869335951,3.9834802123550617e-13
0.6217482899400631,0.0033615370316928185,-0.07516026098264804,-0.9961699702094873,-0.04455362714733378,0.0056603647621952064,0.9943396352391544,1.3495871087343403e-12
0.6217532930670174,0.0033732056770505495,-0.07468474119009147,-0.9961859170400196,-0.044993661856578784,0.005589189083170631,0.9944108109161289,7.004397062360113e-13
0.6217582961939718,0.0033842827019814445,-0.07421521581990927,-0.996201270948648,-0.04542770226760369,0.005519351628602641,0.9944806483730156,1.6182610806936282e-12
0.6217632993209261,0.003394787532426857,-0.07375157288241989,-0.9962160513601537,-0.045855860379639284,0.005450819085021213,0.9945491809187732,3.79452025356386e-12
0.6217683024478805,0.003404738907070069,-0.07329370309648459,-0.9962302770129552,-0.046278245471043596,0.00538355916062095,0.9946164408411875,1.80855330711438e-12
0.6217733055748349,0.003414154903290235,-0.07284149984601215,-0.9962439659855574,-0.04669496415544074,0.00531754055352025,0.9946824594401104,6.369349492274523e-12
0.6217783087017892,0.0034230529733043445,-0.07239485924806348,-0.9962571357299421,-0.04710612031781646,0.00525273293720497,0.9947472670642251,1.4301893003221267e-12
0.6217833118287436,0.0034314499436507453,-0.0719536796895106,-0.9962698030717173,-0.047511815571685,0.005189106869576469,0.9948108931314764,1.0529355165544985e-12
0.6217883149556979,0.0034393620652158974,-0.0715178621482384,-0.9962819842629783,-0.04791214893641292,0.005126633817670077,0.9948733661826824,3.523847880160247e-13
0.6217933180826523,0.0034468050229937226,-0.07108731001264884,-0.9962936949883135,-0.048307217023550966,0.005065286109700979,0.9949347138900271,2.7189361873070084e-13
0.6217983212096065,0.0034537939630115413,-0.07066192886783289,-0.9963049503934834,-0.04869711425260286,0.005005036884061608,0.9949949631150925,8.458789224619068e-13
0.6218033243365609,0.003460343511621372,-0.07024162651639908,-0.9963157651051642,-0.04908193281665203,0.004945860072887717,0.9950541399261068,1.0055289934030043e-12
0.6218083274635152,0.003466467792203483,-0.06982631309590455,-0.9963261532476168,-0.049461762575500286,0.004887730399521677,0.995112269602269,1.7905676941154525e-12
0.6218133305904696,0.0034721804482679038,-0.06941590064638369,-0.996336128461726,-0.04983669150584473,0.004830623299613946,0.9951693766983498,2.0362600494649996e-12
0.621818333717424,0.0034774946644281104,-0.06901030334653646,-0.9963457039351765,-0.05020680540753299,0.004774514937122108,0.9952254850593124,3.5654812435836902e-12
0.6218233368443783,0.0034824231794889017,-0.06860943733165595,-0.9963548924048111,-0.050572188157429324,0.004719382162167467,0.9952806178340331,3.799405234872211e-12
0.6218283399713327,0.0034869783025906166,-0.06821322077079396,-0.9963637061811705,-0.0509329215801739,0.004665202505607814,0.9953347974957698,1.3775647289548942e-12
0.621833343098287,0.003491171926579234,-0.0678215734947511,-0.9963721571561174,-0.05128908584982821,0.00461195411272486,0.9953880458832458,4.029332423272081e-12
0.6218383462252414,0.0034950155618976696,-0.06743441731981178,-0.9963802568404819,-0.051640759148374904,0.004559615773040438,0.9954403842269254,3.419486915845482e-14
0.6218433493521957,0.003498520322478153,-0.06705167577448873,-0.9963880163482692,-0.0519880179488978,0.004508166868613952,0.9954918331326936,1.3076206784035094e-12
0.62184835247915,0.003501696960973041,-0.06667327410339731,-0.9963954464315576,-0.05233093700719332,0.004457587361273237,0.9955424126375939,1.1328715743275097e-12
0.6218533556061044,0.0035045558788651724,-0.06629913925986536,-0.9964025574930094,-0.052669589365763075,0.004407857778507108,0.9955921422225681,1.0751399770470016e-12
0.6218583587330587,0.003507107129568612,-0.0659291997465481,-0.9964093595852535,-0.053004046524210556,0.004358959179638509,0.9956410408170357,3.325784092567119e-12
0.6218633618600131,0.0035093604484057895,-0.0655633857425458,-0.9964158624430661,-0.053334378310055254,0.0043108731607826925,0.9956891268378794,1.3379297669757761e-12
0.6218683649869674,0.0035113252457717806,-0.06520162888136329,-0.9964220754789535,-0.05366065307369548,0.0042635818137646215,0.995736418190081,3.845590512696617e-12
0.6218733681139218,0.003513010624364386,-0.06484386228242821,-0.9964280077929047,-0.05398293771533966,0.004217067719349413,0.9957829322785152,2.135402965564026e-12
0.6218783712408761,0.00351442540408545,-0.06449002063192735,-0.9964336682076023,-0.05430129752971062,0.004171313947027297,0.9958286860510682,1.9044765764419935e-12
0.6218833743678305,0.0035155781132219805,-0.06414003990130251,-0.9964390652490603,-0.054615796561272585,0.0041263040080108445,0.9958736959884436,3.5456082514429e-12
0.6218883774947849,0.0035164770113740263,-0.06379385756196733,-0.9964442071779022,-0.05492649733198101,0.004082021873208098,0.9959179781275581,7.66275931596283e-13
0.6218933806217392,0.003517130087373047,-0.06345141226790366,-0.9964491019827114,-0.05523346119149226,0.004038451922842979,0.995961548077344,1.8696155734687636e-13
0.6218983837486936,0.0035175450828238653,-0.06311264413467839,-0.9964537574064762,-0.05553674801092484,0.003995578973080254,0.9960044210291136,2.1938006966593093e-12
0.6219033868756478,0.003517729488739099,-0.06277749447254208,-0.996458180938167,-0.05583641649654565,0.003953388233005995,0.9960466117657765,1.2175815911064092e-12
0.6219083900026022,0.0035176905659586046,-0.062445905813046085,-0.9964623798397908,-0.056132524108862415,0.0039118652997296565,0.9960881346988114,1.4589440766599182e-12
0.6219133931295565,0.003517435342909954,-0.06211782196571813,-0.9964663611394386,-0.05642512704119646,0.003870996157156206,0.9961290038440893,1.2454481890245006e-12
0.6219183962565109,0.0035169706252071247,-0.06179318779931652,-0.9964701316425822,-0.05671428042760073,0.003830767140780171,0.9961692328602055,9.85656001262214e-13
0.6219233993834652,0.0035163030101664173,-0.061471949484468394,-0.9964736979472906,-0.05700003808920983,0.00379116496028034,0.9962088350429195,3.199884801574626e-12
0.6219284025104196,0.003515438883206202,-0.06115405406366102,-0.9964770664390806,-0.05728245298474544,0.003752176638962733,0.9962478233589857,2.0515811272048268e-12
0.621933405637374,0.003514384441864994,-0.06083944995889156,-0.9964802433145061,-0.057561576697789385,0.003713789569305693,0.9962862104280727,2.621569628047382e-12
0.6219384087643283,0.0035131456840616303,-0.060528086449872225,-0.9964832345723529,-0.05783745994392735,0.0036759914418806458,0.996324008556544,1.5752954496406346e-12
0.6219434118912827,0.0035117284242314516,-0.060219913936404294,-0.9964860460254432,-0.058110152338449884,0.003638770271033496,0.9963612297282195,7.469580509678053e-13
0.6219484150182369,0.003510138295323088,-0.05991488373969689,-0.9964886833094261,-0.0583797025342556,0.003602114364393688,0.9963978856317417,3.864575326417707e-12
0.6219534181451913,0.0035083807678600617,-0.05961294825344544,-0.9964911518926249,-0.058646158156593,0.003566012335080254,0.9964339876668187,1.8989254613188677e-12
0.6219584212721456,0.0035064611264737523,-0.05931406073234149,-0.9964934570616029,-0.058909565941183545,0.0035304530701913664,0.9964695469259633,3.84525744578923e-12
0.6219634243991,0.0035043845175504263,-0.05901817546438084,-0.9964956039603662,-0.05916997161303032,0.0034954257459912912,0.9965045742530217,9.869882688917642e-13
0.6219684275260544,0.0035021559125704973,-0.05872524757256627,-0.9964975975633513,-0.059427420026891935,0.0034609197984951535,0.9965390802005833,9.2148511043888e-13
0.6219734306530087,0.00349978014450548,-0.05843523310071551,-0.9964994427009053,-0.05968195516237969,0.0034269249285948326,0.9965730750752191,3.813838134192338e-12
0.6219784337799631,0.003497261889685009,-0.05814808893333394,-0.9965011440508516,-0.05993362012100657,0.0033934310873239564,0.9966065689154654,2.7893243270682433e-12
0.6219834369069174,0.0034946056912481416,-0.05786377276450001,-0.9965027061557685,-0.06018245721244475,0.0033604284674789973,0.9966395715318975,6.235012506294879e-13
0.6219884400338718,0.003491815955540342,-0.05758224324441269,-0.9965041334215172,-0.06042850779346308,0.003327907515726077,0.9966720924803137,3.960165528837933e-12
0.621993443160826,0.003488896957180845,-0.05730345970668844,-0.9965054301243232,-0.06067181251753447,0.0032958588963338913,0.9967041411014255,2.240652108298491e-12
0.6219984462877804,0.0034858528404291397,-0.05702738229086977,-0.9965066004075479,-0.060912411255273746,0.003264273500974134,0.9967357265007398,1.7139623054163167e-12
0.6220034494147347,0.003482687622846435,-0.056753971887253896,-0.9965076482891095,-0.06115034310437824,0.0032331424380575334,0.9967668575604747,1.4678258608569195e-12
0.6220084525416891,0.0034794052128130134,-0.05648319020232632,-0.9965085776766098,-0.06138564637390185,0.003202457036067123,0.9967975429638019,1.3100631690576847e-13
0.6220134556686435,0.0034760093939801566,-0.056214999597755305,-0.9965093923544229,-0.061618358693744414,0.0031722088210826677,0.9968277911786926,2.2470914018413168e-13
0.6220184587955978,0.00347250384219215,-0.0559493631734531,-0.9965100959983292,-0.06184851696363076,0.0031423895224489897,0.9968576104771996,3.5149660959632456e-13
0.6220234619225522,0.0034688921256556204,-0.05568624474491239,-0.9965106921758937,-0.06207615737509894,0.0031129910663697195,0.9968870089353369,1.7066348334537906e-12
0.6220284650495065,0.0034651777022176805,-0.055425608779675964,-0.9965111843467359,-0.0623013154445676,0.0030840055651056393,0.9969159944342578,6.364908600176022e-13
0.6220334681764609,0.003461363936962616,-0.055167420404600175,-0.9965115758737503,-0.06252402606489557,0.003055425314402002,0.9969445746857489,1.509903313490213e-13
0.6220384713034152,0.0034574540890888092,-0.05491164541229364,-0.9965118700174831,-0.0627443234335624,0.003027242790663625,0.9969727572088767,4.597433544972773e-13
0.6220434744303696,0.0034534513259558536,-0.05465825024837979,-0.9965120699450011,-0.062962241106347,0.002999450646275256,0.9970005493512045,2.5202062658991053e-12
0.622048477557324,0.003449358724501993,-0.05440720192793124,-0.9965121787341418,-0.06317781206030484,0.002972041697236983,0.9970279583021932,5.698774785400929e-13
0.6220534806842782,0.0034451792685192962,-0.05415846807000621,-0.9965121993667653,-0.06339106869346346,0.0029450089238821173,0.9970549910768872,7.693845560652335e-13
0.6220584838112326,0.003440915856876606,-0.05391201694741047,-0.9965121347436771,-0.06360204271532115,0.0029183454732719786,0.9970816545289621,2.234212814755665e-12
0.6220634869381869,0.0034365713016037526,-0.05366781732675426,-0.9965119876752319,-0.06381076537817107,0.002892044638928871,0.9971079553585894,2.4816815269446124e-12
0.6220684900651413,0.0034321483420230807,-0.053425838635182785,-0.9965117609022867,-0.06401726723777934,0.0028660998761142415,0.9971339001211695,2.716271652047908e-12
0.6220734931920956,0.003427649632836266,-0.05318605074949487,-0.9965114570788588,-0.06422157842600502,0.002840504776333327,0.9971594952249575,1.290745288429207e-12
0.62207849631905,0.003423077747029884,-0.052948424147584994,-0.9965110787779647,-0.06442372846278314,0.002815253080974773,0.9971847469162696,2.755684569422101e-12
0.6220834994460044,0.0034184351978362774,-0.05271292984372846,-0.9965106285127114,-0.06462374633731711,0.0027903386719116447,0.9972096613294691,1.3806733534238447e-12
0.6220885025729587,0.0034137244120051946,-0.0524795393211011,-0.9965101087111571,-0.0648216605521479,0.0027657555617161167,0.9972342444402601,1.9761969838327786e-12
0.6220935056999131,0.003408947753154735,-0.05224822456865803,-0.9965095217350374,-0.06501749913890083,0.002741497895360659,0.9972585021028698,1.7694734566475745e-12
0.6220985088268673,0.003404107522349076,-0.05201895815667408,-0.9965088698866631,-0.0652112895148178,0.0027175599557295216,0.99728244004298,1.290523243824282e-12
0.6221035119538217,0.0033992059468687993,-0.05179171299622121,-0.9965081553938637,-0.06540305876599573,0.0026939361361521773,0.9973060638624291,1.418642980866025e-12
0.622108515080776,0.0033942451970535017,-0.05156646258666783,-0.9965073804237328,-0.06559283341681994,0.002670620964159934,0.9973293790346167,1.22335475083446e-12
0.6221135182077304,0.00338922737799602,-0.051343180872917414,-0.9965065470858994,-0.06578063948745283,0.002647609084368871,0.9973523909164399,8.08686451136964e-13
0.6221185213346847,0.0033841545326362835,-0.05112184212962385,-0.9965056574201019,-0.0659665027309393,0.002624895244626947,0.9973751047528208,2.5522917113107724e-12
0.6221235244616391,0.0033790286570414703,-0.0509024212880868,-0.9965047134245913,-0.0661504481975134,0.00260247432765498,0.9973975256741587,1.8136603330276557e-12
0.6221285275885935,0.0033738516775828104,-0.05068489352482707,-0.9965037170239812,-0.06633250072259159,0.0025803413067653855,0.9974196586947233,1.4885870314174099e-12
0.6221335307155478,0.003368625472905403,-0.050469234488127145,-0.9965026700978182,-0.06651268465688327,0.0025584912673942695,0.9974415087323475,2.582378755278114e-13
0.6221385338425022,0.0033633518714601654,-0.0502554203148409,-0.9965015744751967,-0.0666910238528867,0.0025369194068325775,0.9974630805940926,9.252598687226055e-13
0.6221435369694565,0.0033580326455946857,-0.050043427452520606,-0.9965004319266036,-0.06686754188026882,0.002515621014444572,0.997484378987017,1.461497589616556e-12
0.6221485400964109,0.0033526695187146636,-0.04983323281608345,-0.9964992441776205,-0.06704226180641526,0.002494591485803695,0.9975054085146888,4.924949337237194e-13
0.6221535432233651,0.00334726416850307,-0.04962481365935721,-0.9964980129039469,-0.06721520639492654,0.00247382630813967,0.9975261736922274,3.6703973194107675e-13
0.6221585463503195,0.0033418182223417573,-0.04941814763025313,-0.9964967397346747,-0.06738639798258841,0.0024533210642366686,0.9975466789349039,8.594236433623337e-13
0.6221635494772739,0.003336333265931127,-0.04921321276357961,-0.9964954262544176,-0.06755585854493203,0.0024330714301747133,0.9975669285697161,1.092459456231154e-13
0.6221685526042282,0.0033308108383637834,-0.04900998746863058,-0.9964940740027382,-0.06772360966740254,0.0024130731725162877,0.9975869268289573,1.4737100428874328e-12
0.6221735557311826,0.0033252524330216974,-0.048808450472006194,-0.9964926844739633,-0.06788967261897902,0.0023933221412215985,0.9976066778584378,3.4061642395499803e-13
0.6221785588581369,0.0033196595071791034,-0.04860858086143959,-0.9964912591233853,-0.06805406832900734,0.0023738142726067155,0.9976261857254388,1.9544366125501256e-12
0.6221835619850913,0.0033140334763480353,-0.048410358089544386,-0.9964897993680378,-0.06821681732695492,0.002354545588240271,0.9976454544107715,9.883205365213144e-13
0.6221885651120456,0.003308375715115143,-0.04821376194131037,-0.996488306581357,-0.06837793984177633,0.002335512190405712,0.9976644878103863,7.920331057675867e-13
0.622193568239,0.003302687558238027,-0.04801877250772167,-0.9964867821000615,-0.06853745576456097,0.0023167102582556665,0.9976832897428146,1.070254995738651e-12
0.6221985713659542,0.0032969703072914056,-0.04782537024232928,-0.9964852272243342,-0.06869538465491963,0.0022981360520230366,0.9977018639492204,1.2434497875801753e-12
0.6222035744929086,0.003291225224522043,-0.04763353583913089,-0.9964836432158357,-0.06885174582637847,0.0022797859000162975,0.9977202141000453,6.150635556423367e-14
0.622208577619863,0.003285453541513333,-0.0474432504145054,-0.9964820313080495,-0.06900655814258418,0.0022616562148669093,0.9977383437865023,1.369127033967743e-12
0.6222135807468173,0.0032796564514361412,-0.047254495293007695,-0.9964803926923073,-0.06915984029533645,0.0022437434718363333,0.9977562565298912,1.7275070263167436e-12
0.6222185838737717,0.0032738351155297786,-0.04706725212371263,-0.9964787285309035,-0.06931161062900262,0.002226044218840806,0.9977739557825523,1.3931078512996464e-12
0.622223587000726,0.0032679906652913057,-0.046881502861288706,-0.9964770399548377,-0.06946188719240659,0.002208555073521452,0.9977914449294857,3.007150084499699e-12
0.6222285901276804,0.003262124195870627,-0.04669722971676069,-0.996475328060437,-0.06961068776535184,0.002191272717489203,0.9978087272843208,1.8101076193488552e-12
0.6222335932546347,0.0032562367791882925,-0.04651441524532627,-0.9964735939187529,-0.06975802979940515,0.00217419390357678,0.9978258060988502,2.426947531830592e-12
0.6222385963815891,0.0032503294512832726,-0.04633304219582543,-0.9964718385654384,-0.06990393054823901,0.0021573154406620185,0.9978426845600784,7.405187574249794e-13
0.6222435995085435,0.003244403223467775,-0.04615309363766612,-0.996470063012485,-0.07004840694094981,0.002140634204603625,0.9978593657950706,3.2573943542502093e-13
0.6222486026354977,0.003238459077941455,-0.04597455287926649,-0.996468268242543,-0.07019147566030093,0.002124147129647972,0.9978758528696631,6.890044090823721e-13
0.6222536057624521,0.0032324979706844534,-0.04579740352140801,-0.9964664552103711,-0.0703331531199713,0.002107851212433154,0.9978921487873199,2.469136006766348e-13
0.6222586088894064,0.003226520829612713,-0.04562162937947109,-0.9964646248445537,-0.0704734554990425,0.002091743503901745,0.9979082564965726,4.742872761198669e-13
0.6222636120163608,0.003220528557803382,-0.04544721454480297,-0.9964627780481017,-0.07061239870296852,0.002075821114072978,0.9979241788859273,2.220446049250313e-16
0.6222686151433151,0.0032145220339629558,-0.045274143328464585,-0.9964609157011729,-0.07074999841452555,0.002060081206033188,0.9979399187956756,1.708855279503041e-12
0.6222736182702695,0.0032085021119671333,-0.04510240030714179,-0.9964590386538591,-0.07088627008310125,0.002044520999268161,0.9979554790012678,5.360156762890256e-13
0.6222786213972239,0.0032024696209877732,-0.04493197024258946,-0.9964571477395242,-0.07102122891771787,0.0020291377615542935,0.9979708622381711,2.745581539898012e-13
0.6222836245241782,0.003196425372884468,-0.04476283824507343,-0.9964552437679761,-0.07115488982293545,0.002013928822919028,0.9979860711784106,1.3296030942910875e-12
0.6222886276511326,0.003190370149293488,-0.044594989500662645,-0.996453327520984,-0.07128726761067347,0.0019988915502537146,0.9980011084510373,1.290967333034132e-12
0.6222936307780869,0.0031843047152705995,-0.04442840952389658,-0.9964513997643084,-0.07141837676184239,0.001984023369342759,0.9980159766315457,8.884004643050503e-13
0.6222986339050413,0.0031782298139997793,-0.044263083992978576,-0.9964494612408116,-0.0715482316008223,0.001969321749320073,0.9980306782523087,1.6286971771251046e-12
0.6223036370319955,0.0031721461664515694,-0.04409899883262557,-0.9964475126714388,-0.0716768462051448,0.001954784209341245,0.9980452157910134,3.54605234065275e-13
0.6223086401589499,0.0031660544763496916,-0.04393614014220234,-0.996445554759563,-0.07180423447750461,0.001940408311542458,0.9980595916889937,5.362377208939506e-13
0.6223136432859042,0.0031599554260225322,-0.04377449427360026,-0.9964435881874436,-0.07193041006480626,0.0019261916672039115,0.9980738083319587,8.374412274747556e-13
0.6223186464128586,0.003153849678202235,-0.0436140477271201,-0.9964416136195984,-0.07205538645618398,0.0019121319269362067,0.9980878680701788,2.8850255517909318e-12
0.6223228740336517,0.0031486856083643923,-0.04347939617931619,-0.996439939366129,-0.07216006598000275,0.001900372113178256,0.998099627886213,6.087352844019733e-13
0.622323649539813,0.0031477378836284697,-0.043454787267741886,-0.9964396317049858,-0.07217917689786496,0.0018982267902687327,0.9981017732100211,2.8976820942716586e-13
0.6223286526667673,0.003141620665826881,-0.04329669979174185,-0.9964376430671903,-0.07230179449556623,0.0018844739932641695,0.9981155260085762,1.8403056856186595e-12
0.6223336557937217,0.0031354986340213437,-0.04313977240660508,-0.9964356483164204,-0.07242325213384915,0.0018708713149776354,0.9981291286854082,3.856914787547794e-13
0.622338658920676,0.0031293723843522627,-0.04298399242457545,-0.996433648048429,-0.07254356250262649,0.001857416576275906,0.9981425834236731,5.0959236830294685e-14
0.6223436620476304,0.0031232424945093003,-0.04282934733684908,-0.9964316428406031,-0.07266273811348058,0.00184410763697997,0.9981558923641717,1.1517453657461374e-12
0.6223486651745846,0.003117109522241301,-0.0426758247730935,-0.9964296332509417,-0.07278079133727501,0.0018309423918374283,0.998169057608286,1.234568003383174e-13
0.622353668301539,0.003110974016661367,-0.04252341263416487,-0.9964276198286044,-0.07289773427095673,0.0018179187813877943,0.9981820812191371,5.24913446042774e-13
0.6223586714284934,0.0031048365058712005,-0.04237209890611109,-0.9964256031026085,-0.07301357892105613,0.0018050347754374513,0.9981949652252582,6.956657472301231e-13
0.6223636745554477,0.0030986975045069628,-0.04222187175597219,-0.9964235835856168,-0.07312833713889016,0.0017922883808021996,0.9982077116183017,8.960610031749638e-13
0.6223686776824021,0.0030925575161801703,-0.04207271958146095,-0.99642156178267,-0.07324202051212898,0.00177967764497113,0.9982203223541143,9.14601727686204e-13
0.6223736808093564,0.003086417027289936,-0.0419246308957626,-0.9964195381797707,-0.07335464053372767,0.0017672006458122772,0.9982327993542198,3.219646771412954e-14
0.6223786839363108,0.0030802765093006566,-0.041777594369250715,-0.9964175132484011,-0.07346620853241002,0.001754855494655399,0.9982451445042553,1.0893508317622036e-12
0.6223836870632651,0.0030741364251048427,-0.04163159888601156,-0.9964154874528297,-0.07357673561583812,0.0017426403405659155,0.9982573596597434,3.093081346605686e-13
0.6223886901902195,0.0030679972190133823,-0.04148663339260319,-0.9964134612349836,-0.07368623285060645,0.0017305533571881314,0.9982694466419941,8.177902799388903e-13
0.6223936933171738,0.0030618593290627737,-0.04134268709865264,-0.9964114350342247,-0.07379471102108003,0.0017185927590880677,0.9982814072416477,7.358558207215538e-13
0.6223986964441282,0.0030557231741001082,-0.04119974927258918,-0.99640940926975,-0.07390218085833891,0.0017067567842409454,0.9982932432169104,1.1513012765362873e-12
0.6224036995710825,0.003049589165396507,-0.04105780938095766,-0.996407384352882,-0.07400865289327893,0.0016950437052407588,0.9983049562960299,1.2705392293810291e-12
0.6224087026980368,0.003043457701261681,-0.040916857028595065,-0.9964053606808908,-0.07411413752864728,0.0016834518238778582,0.9983165481752312,8.909539772616881e-13
0.6224137058249912,0.0030373291729804894,-0.040776881987681646,-0.9964033386456034,-0.07421864498776302,0.0016719794731423542,0.9983280205279245,1.0669243266647754e-12
0.6224187089519455,0.0030312039518604473,-0.04063787410879002,-0.9964013186185043,-0.07432218542098083,0.0016606250094796404,0.9983393749904451,7.527312106958561e-14
0.6224237120788999,0.0030250824059400686,-0.04049982344254378,-0.9963993009683128,-0.07442476877048883,0.001649386822439946,0.9983506131766829,8.770761894538737e-13
0.6224287152058542,0.003018964891711937,-0.04036272014419396,-0.9963972860501341,-0.07452640489529842,0.00163826332645591,0.998361736674691,1.1468603844377867e-12
0.6224337183328086,0.0030128517505312955,-0.04022655450559015,-0.9963952742063759,-0.07462710349282664,0.0016272529630618946,0.9983727470365281,4.100053629940703e-13
0.622438721459763,0.0030067433212618727,-0.04009131697374021,-0.996393265775749,-0.07472687411945733,0.0016163542020888628,0.9983836457989281,1.0169642905566434e-12
0.6224437245867173,0.0030006399251720443,-0.039956998083088634,-0.9963912610787037,-0.07482572624579902,0.0016055655357724854,0.9983944344622205,2.0069501616148955e-12
0.6224487277136717,0.0029945418833064747,-0.03982358854313085,-0.9963892604379193,-0.07492366914789604,0.0015948854855434593,0.998405114514607,1.5054624213917123e-13
0.6224537308406259,0.0029884494985995204,-0.03969107915667566,-0.9963872641547574,-0.07502071204148407,0.001584312595027173,0.9984156874050135,4.063416270128073e-14
0.6224587339675803,0.002982363070162779,-0.03955946084716091,-0.9963852725295113,-0.07511686398883727,0.0015738454320003276,0.9984261545692261,1.226352353000948e-12
0.6224637370945346,0.0029762828868280062,-0.03942872468542019,-0.9963832858498595,-0.07521213393028743,0.0015634825901410887,0.9984365174113105,1.4515055823949297e-12
0.622468740221489,0.0029702092285352234,-0.03929886183470965,-0.9963813043969064,-0.07530653069221142,0.0015532226843648748,0.9984467773165774,9.423573033018329e-13
0.6224737433484434,0.0029641423685596124,-0.0391698635938033,-0.9963793284432692,-0.07540006298296865,0.001543064353938247,0.9984569356468959,8.339995360984176e-13
0.6224787464753977,0.0029580825695591905,-0.03904172136145888,-0.9963773582522854,-0.07549273940079362,0.001533006259354124,0.998466993740039,6.068479052601106e-13
0.6224837496023521,0.0029520300906300465,-0.03891442668250261,-0.9963753940832234,-0.07558456839484555,0.0015230470856838565,0.9984769529139338,3.823608096809039e-13
0.6224887527293064,0.0029459851789176597,-0.03878797115883307,-0.9963734361818314,-0.07567555837768615,0.0015131855352928684,0.9984868144645647,1.4244161405940758e-13
0.6224937558562608,0.0029399480753295997,-0.03866234654766447,-0.9963714847903218,-0.07576571758154658,0.001503420335257337,0.9984965796639175,8.252287742038789e-13
0.622498758983215,0.0029339190160277404,-0.03853754471197039,-0.9963695401444725,-0.0758550541451691,0.0014937502332197262,0.9985062497670742,2.9398705692074145e-13
0.6225037621101694,0.0029278982250668037,-0.03841355757392672,-0.9963676024683289,-0.07594357614792382,0.001484173993501732,0.9985158260066214,1.2301271112846734e-13
0.6225087652371237,0.002921885924883779,-0.03829037722869767,-0.996365671984097,-0.07603129149779969,0.0014746904056740031,0.9985253095951443,8.182343691487404e-13
0.6225137683640781,0.0029158823259760806,-0.03816799580328172,-0.9963637489029255,-0.07611820806130641,0.001465298273378271,0.9985347017263562,2.6556534749033744e-13
0.6225187714910325,0.0029098876379549214,-0.038046405589251,-0.9963618334339871,-0.07620433355079483,0.0014559964243273129,0.9985440035758569,1.8429702208777599e-13
0.6225237746179868,0.002903902060849284,-0.03792559894703149,-0.9963599257774028,-0.07628967560643958,0.0014467837026700809,0.9985532162992877,1.957767281624001e-12
0.6225287777449412,0.0028979257855205986,-0.03780556831677967,-0.996358026124162,-0.07637424178657552,0.0014376589696130796,0.9985623410305104,1.234568003383174e-13
0.6225337808718955,0.0028919590039151715,-0.037686306279248585,-0.9963561346655657,-0.07645803951502075,0.0014286211078536574,0.9985713788921874,4.107825191113079e-14
0.6225387839988499,0.002886001896202472,-0.037567805478310776,-0.9963542515835837,-0.07654107613383092,0.0014196690154010812,0.9985803309844081,1.908473379330644e-13
0.6225437871258042,0.002880054639652327,-0.03745005866135138,-0.996352377054834,-0.07662335890594814,0.0014108016084660422,0.9985891983928478,1.3138379273414102e-12
0.6225487902527586,0.002874117404064303,-0.0373330586591376,-0.9963505112469625,-0.0767048950095356,0.0014020178196989543,0.9985979821805071,2.0605739337042905e-13
0.622553793379713,0.0028681903549885295,-0.03721679840749252,-0.9963486543283422,-0.07678569149257583,0.0013933165996163868,0.9986066833998914,4.921618668163319e-13
0.6225587965066672,0.0028622736528210626,-0.03710127090664763,-0.9963468064583253,-0.07686575536004125,0.0013846969133520912,0.998615303086773,1.2523315717771766e-13
0.6225637996336216,0.002856367451753197,-0.03698646927935567,-0.9963449677906512,-0.07694509349676375,0.0013761577447721559,0.9986238422549796,2.48245868306185e-13
0.6225688027605759,0.002850471901847661,-0.03687238669981729,-0.9963431384762497,-0.07702371272016112,0.0013676980910040859,0.998632301909901,9.050538096744276e-13
0.6225738058875303,0.0028445871480964583,-0.036759016470817474,-0.9963413186597779,-0.07710161972877,0.0013593169679449462,0.9986406830335052,1.4501733147653795e-12
0.6225788090144846,0.0028387133276187525,-0.0366463519052099,-0.9963395084781461,-0.07717882121216457,0.001351013401316882,0.9986489865981728,5.102585021177219e-13
0.622583812141439,0.0028328505790581812,-0.03653438648033708,-0.9963377080707323,-0.07725532368900086,0.0013427864378979068,0.998657213561932,1.7008616737257398e-13
0.6225888152683933,0.002826999031973012,-0.03642311371669408,-0.9963359175661404,-0.0773311336445031,0.0013346351363460048,0.998665364863107,5.470068842328146e-13
0.6225938183953477,0.00282115881174393,-0.036312527193004436,-0.9963341370904285,-0.07740625749909605,0.0013265585681837672,0.9986734414317452,7.105427357601002e-14
0.6225988215223021,0.0028153300402370407,-0.03620262060005158,-0.9963323667653288,-0.07748070155922429,0.0013185558215467403,0.9986814441783111,1.4221956945448255e-13
0.6226038246492563,0.0028095128352163077,-0.03609338769895838,-0.996330606708198,-0.07755447206599829,0.0013106259979585656,0.9986893740009616,1.0798029137504273e-12
0.6226088277762107,0.002803707310425101,-0.03598482232649508,-0.9963288570342381,-0.07762757517659147,0.00130276821255195,0.9986972317869486,4.994893387788579e-13
0.622613830903165,0.00279791357351251,-0.035876918361302246,-0.9963271178496785,-0.07770001701973576,0.0012949815914683918,0.9987050184075146,1.017075312859106e-12
0.6226188340301194,0.0027921317330626104,-0.03576966982919513,-0.9963253892628523,-0.07777180357211178,0.0012872652793044074,0.9987127347206336,6.195044477408373e-14
0.6226238371570737,0.002786361888581618,-0.035663070767578915,-0.9963236713752321,-0.0778429407825138,0.001279618429147482,0.9987203815722915,1.439071084519128e-12
0.6226288402840281,0.0027806041375469342,-0.035557115292771675,-0.9963219642819803,-0.07791343455328438,0.0012720402073132008,0.9987279597945922,1.9053647548616937e-12
0.6226338434109825,0.002774858571563094,-0.03545179758672778,-0.9963202680769536,-0.07798329068215418,0.0012645297922224948,0.99873547020655,1.2275735983280356e-12
0.6226388465379368,0.002769125287347715,-0.0353471119523566,-0.9963185828551481,-0.07805251488378367,0.001257086378229459,0.9987429136221739,4.034550471487819e-13
0.6226438496648912,0.0027634043674587957,-0.03524305269436602,-0.9963169086994136,-0.07812111285023676,0.0012497091669159508,0.9987502908333152,2.311484337269576e-13
0.6226488527918455,0.0027576958972094774,-0.035139614237851446,-0.9963152456960862,-0.07818909014753134,0.001242397375446498,0.9987576026245513,2.220446049250313e-15
0.6226538559187998,0.0027519999571069508,-0.03503679103982392,-0.9963135939249137,-0.0782564523243123,0.0012351502301322025,0.9987648497699654,9.747758156208874e-14
0.6226588590457541,0.0027463166227888335,-0.03493457761719503,-0.996311953462223,-0.07832320486238097,0.0012279669682844303,0.9987720330316255,9.00390872971002e-14
0.6226638621727085,0.0027406459720434612,-0.03483296861122197,-0.9963103243841682,-0.07838935312846824,0.0012208468426144529,0.9987791531583864,1.0007550343971161e-12
0.6226688652996629,0.002734988071233955,-0.03473195863863621,-0.9963087067591546,-0.07845490249350776,0.0012137891106257283,0.998786210889365,9.2148511043888e-15
0.6226738684266172,0.00272934299157442,-0.034631542442450015,-0.9963071006575006,-0.07851985821957273,0.001206793045108873,0.9987932069553768,4.856115509710435e-13
0.6226788715535716,0.0027237107967875746,-0.034531714809008435,-0.9963055061434194,-0.07858422551890132,0.0011998579281552295,0.9988001420721007,2.5579538487363607e-13
0.6226838746805259,0.002718091550471117,-0.034432470598186986,-0.9963039232791565,-0.07864800953955742,0.0011929830531717538,0.9988070169459735,8.54760706658908e-13
0.6226888778074803,0.0027124853124844295,-0.034333804708117414,-0.9963023521259001,-0.07871121537457446,0.0011861677223055894,0.9988138322773438,3.5060843117662444e-13
0.6226938809344346,0.002706892138382609,-0.03423571208851402,-0.9963007927387796,-0.07877384808014021,0.0011794112472564625,0.9988205887532738,5.302425165609748e-13
0.622698884061389,0.0027013120820185265,-0.034138187775783126,-0.996299245171928,-0.07883591261522169,0.0011727129515790881,0.9988272870480285,3.9246383920499284e-13
0.6227038871883432,0.0026957451966314115,-0.03404122684972881,-0.9962977094791897,-0.07889741389743458,0.0011660721675998589,0.9988339278331829,7.827072323607354e-13
0.6227088903152976,0.0026901915306185515,-0.03394482446043583,-0.9962961857071282,-0.07895835679006023,0.0011594882381212146,0.9988405117615587,3.2007729799943263e-13
0.622713893442252,0.0026846511301393382,-0.03384897577422041,-0.9962946739040984,-0.07901874610954047,0.001152960512654319,0.9988470394863979,9.477973961224961e-13
0.6227188965692063,0.0026791240423355398,-0.03375367607333253,-0.99629317411503,-0.07907858658965461,0.0011464883540976813,0.9988535116452191,6.832312493543213e-13
0.6227238996961607,0.0026736103068837943,-0.033658920644301385,-0.9962916863827421,-0.07913788292379066,0.0011400711310124532,0.998859928869028,4.04121180963557e-14
0.622728902823115,0.0026681099647013,-0.033564704842560196,-0.9962902107446339,-0.07919663978265053,0.001133708221951922,0.9988662917784498,4.0167869030938164e-13
0.6227339059500694,0.002662623051202954,-0.03347102405782206,-0.9962887472378666,-0.07925486176008809,0.0011273990129921007,0.9988726009854083,1.5996093338799255e-12
0.6227389090770237,0.002657149607013279,-0.03337787379776334,-0.9962872959040772,-0.07931255334463842,0.0011211429032934668,0.9988788570979046,1.198152688175469e-12
0.6227439122039781,0.002651689660030963,-0.033285249529558913,-0.996285856769716,-0.07936971908049036,0.0011149392942981168,0.998885060706283,5.810907310888069e-13
0.6227489153309325,0.0026462432440426424,-0.033193146826574316,-0.9962844298685422,-0.07942636339105258,0.0011087875995571617,0.9988912124000136,4.2932324362254803e-13
0.6227539184578867,0.002640810389261495,-0.03310156131380612,-0.9962830152318677,-0.07948249064688315,0.0011026872409236972,0.9988973127589339,1.4244161405940758e-13
0.6227589215848411,0.0026353911233077567,-0.03301048865143153,-0.9962816128856227,-0.07953810519760564,0.0010966376473790992,0.998903362352403,2.1793677973391823e-13
0.6227639247117954,0.0026299854706815624,-0.03291992453585359,-0.9962802228561768,-0.0795932113358768,0.0010906382550222914,0.9989093617451109,1.3322676295501878e-13
0.6227689278387498,0.002624593455732308,-0.032829864732578415,-0.9962788451675453,-0.07964781329739493,0.001084688509167269,0.9989153114914343,6.015188347419098e-13
0.6227739309657041,0.002619215099545435,-0.0327403050401473,-0.9962774798404731,-0.07970191528811421,0.0010787878618595814,0.9989212121378779,2.625677453238495e-13
0.6227789340926585,0.002613850423932216,-0.03265124130728635,-0.9962761268958509,-0.07975552146290864,0.0010729357729453329,0.9989270642264177,6.369349492274523e-13
0.6227839372196128,0.002608499447014923,-0.03256266943875965,-0.9962747863532145,-0.07980863591076293,0.0010671317103430086,0.9989328682890799,5.770939282001564e-13
0.6227889403465672,0.0026031621863369906,-0.032474585378089116,-0.9962734582300624,-0.0798612626866948,0.001061375148847174,0.9989386248516012,4.483080573436382e-13
0.6227939434735216,0.0025978386561458064,-0.032386985102546936,-0.9962721425401947,-0.07991340581803322,0.0010556655697159627,0.9989443344310678,7.838174553853605e-13
0.6227989466004759,0.0025925288708328934,-0.03229986464212754,-0.9962708392978936,-0.0799650692734329,0.0010500024618458634,0.9989499975392342,1.0800249583553523e-12
0.6228039497274303,0.0025872328422152434,-0.032213220071930566,-0.9962695485143556,-0.0800162569820712,0.0010443853211824672,0.9989556146784189,3.986810881428937e-13
0.6228089528543845,0.002581950581138713,-0.03212704750368397,-0.9962682702025873,-0.0800669728236733,0.0010388136501074089,0.9989611863496024,2.902122986370159e-13
0.6228139559813389,0.0025766820972268185,-0.03204134310306098,-0.9962670043711781,-0.08011722063242845,0.0010332869584782428,0.998966713040586,9.35695965154082e-13
0.6228189591082932,0.002571427399685018,-0.031956103070610184,-0.9962657510281645,-0.08016700421949786,0.0010278047623313124,0.9989721952372417,4.269917752708352e-13
0.6228239622352476,0.0025661864941087663,-0.03187132364435344,-0.9962645101804529,-0.08021632733769472,0.0010223665839656688,0.998977633416646,6.117328865684613e-13
0.622828965362202,0.002560959382883887,-0.03178700108049862,-0.996263281830527,-0.0802651937314126,0.0010169719506524016,0.9989830280484733,8.743006318923108e-13
0.6228339684891563,0.00255574607481489,-0.0317031317406527,-0.9962620659874405,-0.08031360703434218,0.0010116204001641123,0.9989883796004299,5.939693181744587e-13
0.6228389716161107,0.0025505465701038356,-0.031619711963495244,-0.996260862649871,-0.08036157092272941,0.0010063114724606728,0.9989936885290341,1.4948042803553108e-12
0.622843974743065,0.002545360868625053,-0.03153673813554294,-0.9962596718180361,-0.0804090890043456,0.0010010447141813362,0.99899895528549,3.2862601528904634e-13
0.6228489778700194,0.002540188973596666,-0.03145420671955048,-0.9962584934959647,-0.08045616481265874,0.0009958196803777969,0.9990041803192112,4.1100456371623295e-13
0.6228539809969736,0.0025350308817679943,-0.03137211416987097,-0.9962573276820227,-0.08050280188466821,0.0009906359290589365,0.9990093640714073,4.662936703425657e-13
0.622858984123928,0.0025298865923921525,-0.031290457020696924,-0.9962561743721401,-0.08054900370622971,0.000985493026734447,0.9990145069726782,5.873079800267078e-13
0.6228639872508824,0.00252475610209979,-0.031209231796981356,-0.9962550335652196,-0.08059477373314275,0.0009803905427328023,0.9990196094571333,1.3389289676979388e-13
0.6228689903778367,0.0025196394064735017,-0.03112843510056932,-0.9962539052552973,-0.08064011538509577,0.0009753280545490102,0.9990246719457526,3.015365734881925e-13
0.6228739935047911,0.002514536498156002,-0.031048063537212883,-0.996252789437363,-0.08068503203080729,0.0009703051432113666,0.9990296948555388,1.2497780588205387e-12
0.6228789966317454,0.002509447375086506,-0.030968113788814502,-0.9962516861076854,-0.08072952700366418,0.0009653213977652916,0.9990346786026415,4.0678571622265736e-13
0.6228839997586998,0.0025043720258670393,-0.03088858251706629,-0.9962505952547787,-0.08077360364449293,0.0009603764091575586,0.9990396235912183,3.75921516138078e-13
0.6228890028856541,0.0024993104440243284,-0.03080946646862612,-0.9962495168726448,-0.08081726519925816,0.0009554697767770063,0.9990445302232653,4.241051954068098e-14
0.6228940060126085,0.002494262619864321,-0.0307307623976037,-0.9962484509525652,-0.08086051491110889,0.000950601103554826,0.9990493988970753,6.301625887772389e-13
0.6228990091395628,0.0024892285440783293,-0.03065246710666848,-0.9962473974826757,-0.08090335599469514,0.0009457699984700476,0.9990542300022088,6.787903572558207e-13
0.6229040122665171,0.002484208203660312,-0.030574577400158856,-0.996246356452433,-0.08094579162718919,0.0009409760735974378,0.9990590239269003,4.976019596369952e-13
0.6229090153934715,0.0024792015875836327,-0.030497090153169024,-0.9962453278500591,-0.08098782493994411,0.0009362189483223964,0.9990637810515748,1.028066520802895e-13
0.6229140185204258,0.0024742086838811187,-0.030420002260124986,-0.9962443116638153,-0.0810294590374689,0.0009314982461174022,0.999068501754414,5.313527395855999e-13
0.6229190216473802,0.0024692294782533565,-0.030343310639985913,-0.9962433078779949,-0.08107069701060018,0.0009268135948109575,0.999073186405474,2.851052727237402e-13
0.6229240247743345,0.002464263955071892,-0.030267012238096497,-0.9962423164788272,-0.08111154190041411,0.0009221646266613497,0.9990778353725622,7.76378961120372e-13
0.6229290279012889,0.0024593121022037563,-0.030191104070955894,-0.9962413374536075,-0.0811519966949954,0.0009175509810393353,0.999082449018937,2.375877272697835e-14
0.6229340310282432,0.00245437390084874,-0.03011558312326524,-0.9962403707832483,-0.08119206441474133,0.0009129722980994658,0.9990870277022719,3.7125857943465235e-13
0.6229390341551976,0.0024494493346269596,-0.030040446452786293,-0.9962394164514511,-0.08123174799576849,0.0009084282251256249,0.9990915717739761,8.982814492242142e-13
0.622944037282152,0.002444538386969693,-0.029965691140024647,-0.9962384744427621,-0.08127105035449704,0.0009039184134247199,0.9990960815857652,8.100187187665142e-13
0.6229490404091063,0.0024396410402313684,-0.029891314302102935,-0.9962375447384356,-0.08130997438120995,0.0008994425191122846,0.9991005574803394,5.482281295599023e-13
0.6229540435360607,0.002434757274788435,-0.02981731305828228,-0.9962366273195213,-0.08134852295025939,0.0008950002010027461,0.9991049997991638,1.6653345369377348e-13
0.6229590466630149,0.002429887070581373,-0.02974368456881873,-0.9962357221640216,-0.08138669891785157,0.0008905911229051641,0.9991094088764146,6.802336471878334e-13
0.6229640497899693,0.0024250304085167043,-0.02967042604226188,-0.9962348292557964,-0.08142450505374334,0.000886214954011563,0.9991137850455727,4.157785227221211e-13
0.6229690529169236,0.002420187268393073,-0.029597534701679366,-0.9962339485728776,-0.08146194414664688,0.0008818713668312063,0.9991181286332582,8.948397578478762e-14
0.622974056043878,0.002415357627833898,-0.029525007779457893,-0.9962330800933321,-0.08149901896034399,0.0008775600368473846,0.9991224399637461,5.935252289646087e-13
0.6229790591708323,0.0024105414651417675,-0.029452842565439247,-0.996232223795256,-0.08153573220818246,0.0008732806453397176,0.9991267193547652,1.0480505352461478e-13
0.6229840622977867,0.0024057387578981107,-0.029381036357642477,-0.9962313796567251,-0.08157208659152379,0.0008690328764203622,0.999130967123637,5.728750807065808e-14
0.6229890654247411,0.0024009494826420672,-0.029309586480066367,-0.9962305476541227,-0.08160808478193324,0.0008648164180506883,0.9991351835810083,9.410250356722827e-13
0.6229940685516954,0.002396173619095616,-0.02923849031454711,-0.9962297277665499,-0.08164372940736776,0.0008606309638867149,0.9991393690373576,1.2443379659998755e-12
0.6229990716786498,0.0023914111378885213,-0.029167745205649888,-0.9962289199664655,-0.08167902310568069,0.0008564762076121293,0.9991435237930487,6.608047442568932e-13
0.623004074805604,0.0023866620175548255,-0.029097348589429015,-0.9962281242304959,-0.08171396846024025,0.0008523518505207856,0.9991476481493337,1.4555023852835802e-13
0.6230090779325584,0.0023819262333093514,-0.029027297895633162,-0.9962273405343883,-0.08174856803512803,0.0008482575957027568,0.9991517424040142,2.831068712794149e-13
0.6230140810595127,0.0023772037601640377,-0.028957590584069767,-0.9962265688535756,-0.08178282436637165,0.0008441931501519441,0.9991558068511089,1.2609913113692528e-12
0.6230190841864671,0.002372494569008234,-0.02888822412217384,-0.9962258091588468,-0.08181673998841374,0.0008401582234129201,0.9991598417765307,5.639932965095795e-14
0.6230240873134215,0.0023677986367583227,-0.02881919603796133,-0.9962250614266546,-0.08185031737961274,0.0008361525306586806,0.9991638474696852,3.439470930288735e-13
0.6230290904403758,0.0023631159345764955,-0.0287505038492755,-0.9962243256290892,-0.08188355900962421,0.0008321757885074547,0.9991678242112163,2.7622348852673895e-13
0.6230340935673302,0.0023584464362480157,-0.028682145123520002,-0.9962236017392552,-0.08191646732000028,0.0008282277184793133,0.9991717722805228,9.978684545330907e-13
0.6230390966942845,0.0023537901152420465,-0.02861411744350129,-0.9962228897312305,-0.08194904472547716,0.0008243080449770959,0.9991756919558618,8.388845174067683e-13
0.6230440998212389,0.0023491469407800345,-0.028546418396121757,-0.9962221895732946,-0.0819812936420319,0.0008204164945958149,0.9991795835054302,2.5979218776228663e-14
0.6230491029481932,0.0023445168857398322,-0.028479045615129053,-0.9962215012399817,-0.08201321642576048,0.0008165527985761206,0.9991834472013416,8.22675261247241e-14
0.6230541060751476,0.002339899922269529,-0.02841199675781782,-0.9962208247009535,-0.0820448154413791,0.0008127166914124873,0.9991872833086582,7.083222897108499e-14
0.623059109202102,0.002335296019949617,-0.028345269487809317,-0.9962201599277818,-0.0820760930047173,0.0008089079098373262,0.9991910920894541,7.085443343157749e-13
0.6230641123290562,0.0023307051501812496,-0.02827886149867386,-0.9962195068926102,-0.08210705142086087,0.0008051261941582601,0.999194873806383,5.413447468072263e-13
0.6230691154560106,0.0023261272823070552,-0.02821277050991612,-0.9962188655628935,-0.0821376929842899,0.0008013712879786862,0.9991986287122002,1.7896795156957523e-13
0.6230741185829649,0.002321562387088682,-0.028146994256368373,-0.9962182359101937,-0.08216801995337752,0.000797642937585179,0.999202357063077,6.621370118864434e-13
0.6230791217099193,0.002317010433384872,-0.02808153049827923,-0.9962176179035467,-0.08219803456694198,0.0007939408924742009,0.9992060591080851,5.593303598061539e-13
0.6230841248368736,0.002312471391451868,-0.028016377020168244,-0.9962170115123263,-0.08222773904787302,0.0007902649052724948,0.9992097350954756,7.480682739924305e-13
0.623089127963828,0.002307945229412695,-0.027951531617138037,-0.9962164167056451,-0.08225713559171989,0.0007866147309258363,0.9992133852695904,5.162537064506978e-13
0.6230941310907823,0.002303431915983857,-0.027886992107372874,-0.9962158334510304,-0.0822862263918746,0.00078299012738825,0.9992170098723459,2.65898414397725e-13
0.6230991342177367,0.002298931419513217,-0.0278227563406217,-0.9962152617196752,-0.08231501357742174,0.0007793908560612301,0.9992206091434518,4.869438186005937e-13
0.6231041373446911,0.0022944437097717893,-0.02775882218456537,-0.9962147014793296,-0.08234349929627163,0.0007758166810116297,0.9992241833199047,9.163780845256042e-13
0.6231091404716453,0.002289968751899662,-0.027695187506039255,-0.9962141526945554,-0.08237168568563416,0.0007722673678793499,0.9992277326316236,4.970468481246826e-13
0.6231141435985997,0.0022855065165300567,-0.02763185022306797,-0.9962136153359734,-0.08239957482743779,0.0007687426867871629,0.9992312573125136,6.992184609089236e-13
0.623119146725554,0.002281056969987677,-0.027568808253285306,-0.9962130893725193,-0.08242716878290085,0.0007652424094067413,0.999234757590704,1.1080025785759062e-13
0.6231241498525084,0.002276620079097427,-0.027506059532018144,-0.9962125747683258,-0.08245446964318508,0.0007617663099634758,0.999238233690676,6.394884621840902e-13
0.6231291529794627,0.002272195810961927,-0.027443602021940176,-0.9962120714912935,-0.08248147943200405,0.0007583141657419917,0.9992416858342664,8.43769498715119e-15
0.6231341561064171,0.002267784132835461,-0.027381433703181284,-0.9962115795094694,-0.08250820016867617,0.0007548857565148522,0.9992451142438262,3.410605131648481e-13
0.6231391592333715,0.0022633850118627665,-0.027319552583595648,-0.9962110987895079,-0.08253463384777793,0.0007514808650797726,0.999248519135785,8.648637361829969e-13
0.6231441623603258,0.0022589984137855634,-0.027257956660477853,-0.9962106292957367,-0.08256078248253267,0.0007480992751379746,0.9992519007259355,1.0735856648125264e-12
0.6231491654872802,0.0022546243038235134,-0.02719664397892069,-0.9962101709963525,-0.08258664800703323,0.0007447407744675547,0.9992552592256193,8.681944052568724e-14
0.6231541686142344,0.0022502626499130824,-0.027135612588220254,-0.9962097238574565,-0.08261223238395736,0.0007414051525315714,0.9992585948476108,1.4233059175694507e-13
0.6231591717411888,0.0022459134173478524,-0.02707486056190602,-0.9962092878435939,-0.08263753754622535,0.0007380922015248772,0.9992619077975441,9.310330284506563e-13
0.6231641748681431,0.002241576572097599,-0.02701438598309465,-0.9962088629230909,-0.08266256539530234,0.0007348017155721975,0.9992651982842503,1.7752466163756253e-13
0.6231691779950975,0.002237252079678425,-0.026954186970000942,-0.9962084490602454,-0.0826873178211604,0.0007315334920817942,0.9992684665074771,4.410916076835747e-13
0.6231741811220518,0.0022329399059024682,-0.026894261629475898,-0.9962080462202288,-0.08271179672202465,0.0007282873292180714,0.9992717126709112,1.2922996006636822e-13
0.6231791842490062,0.00222864001502814,-0.026834608105963834,-0.9962076543682437,-0.08273600394560272,0.0007250630285172444,0.9992749369707647,7.179812300250887e-13
0.6231841873759606,0.0022243523734532078,-0.026775224552939507,-0.9962072734698477,-0.08275994134559934,0.0007218603933416217,0.999278139605755,9.033884751374899e-13
0.6231891905029149,0.0022200769469883403,-0.026716109159057342,-0.996206903492227,-0.08278361072362922,0.0007186792302492168,0.9992813207700125,2.617905892066119e-13
0.6231941936298693,0.0022158136982951167,-0.026657260093103895,-0.9962065443975843,-0.08280701391425851,0.0007155193460169415,0.9992844806539721,1.0880185641326534e-14
0.6231991967568236,0.002211562593916566,-0.026598675568597963,-0.9962061961513021,-0.0828301527130672,0.000712380551110341,0.9992876194487167,1.729727472365994e-13
0.623204199883778,0.0022073235983374496,-0.026540353811907547,-0.9962058587195607,-0.0828530288820923,0.000709262657929013,0.999290737342114,4.3076653355456074e-14
0.6232092030107322,0.0022030966758191163,-0.02648229305218316,-0.9962055320654731,-0.08287564419774872,0.000706165480264714,0.9992938345190441,6.912248551316225e-13
0.6232142061376866,0.002198881792927362,-0.026424491558137267,-0.9962052161556468,-0.08289800039419505,0.0007030888352453352,0.9992969111650752,3.206324095117452e-13
0.623219209264641,0.002194678910485711,-0.02636694757621635,-0.996204910951859,-0.08292009921778531,0.0007000325400070721,0.9992999674588885,1.1044498648971057e-12
0.6232242123915953,0.002190487996383362,-0.026309659404850597,-0.9962046164216192,-0.08294194237267082,0.0006969964156615429,0.9993030035842968,4.163336342344337e-14
0.6232292155185497,0.002186309013211391,-0.026252625341139788,-0.9962043325263173,-0.08296353157126503,0.0006939802844035043,0.9993060197149817,6.148415110374117e-13
0.623234218645504,0.0021821419258760393,-0.026195843701099317,-0.9962040592330987,-0.08298486848140346,0.0006909839705970906,0.9993090160293792,2.375877272697835e-14
0.6232392217724584,0.002177986697959985,-0.026139312808699168,-0.9962037965037613,-0.08300595479271851,0.0006880073001675151,0.9993119926995582,2.743361093848762e-13
0.6232442248994127,0.002173843293954189,-0.026083031010230056,-0.9962035443047447,-0.08302679214375112,0.0006850501013472925,0.9993149498990169,3.6415315207705135e-13
0.6232492280263671,0.0021697116782819588,-0.026026996669295123,-0.9962033025981138,-0.08304738218639292,0.0006821122043903724,0.999317887795402,2.0761170560490427e-13
0.6232542311533215,0.0021655918142644416,-0.025971208149266723,-0.996203071349266,-0.08306772654685962,0.0006791934406385475,0.9993208065593747,1.3322676295501878e-14
0.6232592342802757,0.002161483666718264,-0.025915663846400396,-0.9962028505209283,-0.0830878268438188,0.0006762936442411145,0.9993237063556512,1.0769163338864018e-13
0.6232642374072301,0.0021573871988574992,-0.025860362150899825,-0.9962026400783124,-0.0831076846697021,0.0006734126501014864,0.9993265873501582,2.5979218776228663e-13
0.6232692405341844,0.0021533023753032214,-0.025805301494330624,-0.9962024399848664,-0.0831273016025136,0.0006705502963327887,0.9993294497035163,1.5087930904655877e-13
0.6232742436611388,0.002149229159059985,-0.02575048029088408,-0.9962022502047339,-0.08314667922135344,0.0006677064211893631,0.9993322935785134,2.972067036921544e-13
0.6232792467880931,0.0021451675144729112,-0.025695896987181614,-0.9962020707012301,-0.08316581908638511,0.000664880865640999,0.9993351191337279,6.311617894994015e-13
0.6232842499150475,0.002141117406092388,-0.025641550045801657,-0.9962019014396126,-0.08318472273189567,0.0006620734724980227,0.9993379265278821,3.801403636316536e-13
0.6232892530420018,0.0021370787965676458,-0.025587437929307635,-0.9962017423814603,-0.08320339170146568,0.0006592840855689098,0.999340715914485,5.395683899678261e-14
0.6232942561689562,0.002133051650155901,-0.025533559120753856,-0.9962015934926499,-0.08322182750006205,0.0006565125507152651,0.9993434874497448,4.600764214046649e-13
0.6232992592959106,0.0021290359300480664,-0.02547991211313632,-0.9962014547352227,-0.083240031645488,0.0006537587152845867,0.9993462412849158,2.0028423364237824e-13
0.6233042624228649,0.00212503160020709,-0.025426495418796453,-0.9962013260739125,-0.08325800561754026,0.0006510224285839558,0.9993489775708323,5.837552663479073e-13
0.6233092655498192,0.002121038626091963,-0.025373307563985883,-0.9962012074729646,-0.08327575090067804,0.0006483035415899974,0.9993516964586643,2.5424107263916085e-13
0.6233142686767735,0.00211705696888757,-0.025320347071243542,-0.9962010988958755,-0.0832932689544022,0.000645601906017747,0.9993543980944604,4.780620344035924e-13
0.6233192718037279,0.0021130865932845206,-0.02526761248948993,-0.9962010003045024,-0.08331056125191323,0.0006429173758697463,0.9993570826238001,3.3018032752352156e-13
0.6233242749306822,0.0021091274633406186,-0.025215102385832154,-0.9962009116655934,-0.08332762920579617,0.0006402498069846161,0.9993597501924182,5.971889649458717e-13
0.6233292780576366,0.0021051795421906075,-0.025162815318028862,-0.996200832940166,-0.0833444742760693,0.0006375990556340857,0.9993624009430351,1.3308243396181751e-12
0.623334281184591,0.002101242795962096,-0.02511074989254493,-0.9962007640959075,-0.08336109784367005,0.0006349649814535277,0.9993650350189721,4.25659507641285e-13
0.6233392843115453,0.002097317184943616,-0.025058904679331126,-0.9962007050932581,-0.08337750133832118,0.0006323474431020631,0.9993676525577266,8.286704655802168e-13
0.6233442874384997,0.0020934026745217655,-0.02500727828936349,-0.9962006558951835,-0.0833936861638258,0.0006297463021993654,0.9993702536979846,1.8407497748285095e-13
0.623349290565454,0.0020894992287842293,-0.02495586935067959,-0.9962006164675854,-0.08340965368140263,0.0006271614220752789,0.9993728385776488,2.758904216193514e-13
0.6233542936924084,0.0020856068115280386,-0.024904676492910723,-0.9962005867757894,-0.08342540525230814,0.0006245926669888322,0.9993754073339388,9.277023593767808e-13
0.6233592968193626,0.002081725385606281,-0.024853698344811697,-0.996200566779949,-0.08344094226543822,0.0006220399019959734,0.9993779600988355,8.315570454442422e-13
0.623364299946317,0.0020778549155138332,-0.02480293357199808,-0.9962005564444533,-0.08345626605580021,0.0006195029948268744,0.9993804970042148,9.583445148564351e-13
0.6233693030732713,0.002073995365412366,-0.024752380831718393,-0.99620055573745,-0.08347137794044346,0.0006169818136141721,0.9993830181868808,4.949374243778948e-13
0.6233743062002257,0.0020701466982657513,-0.024702038802196163,-0.9962005646181435,-0.0834862792661364,0.0006144762283375455,0.9993855237712114,4.510836149052011e-13
0.6233793093271801,0.002066308878942281,-0.02465190616762657,-0.9962005830519901,-0.08350097134539053,0.0006119861100806606,0.9993880138887491,1.1702860902573775e-12
0.6233843124541344,0.0020624818723983863,-0.024601981637409644,-0.9962006110054851,-0.08351545545673887,0.0006095113319614132,0.9993904886678484,1.9018120411828932e-13
0.6233893155810888,0.002058665640930113,-0.02455226390257876,-0.9962006484393243,-0.08352973292287805,0.0006070517669630182,0.9993929482330977,6.061817714453355e-14
0.6233943187080431,0.0020548601487352814,-0.02450275168817559,-0.9962006953187186,-0.08354380501134326,0.0006046072905232521,0.9993953927092718,2.049471703458039e-13
0.6233993218349975,0.002051065361131422,-0.02445344372833403,-0.9962007516080158,-0.08355767299117145,0.0006021777792904322,0.9993978222200751,6.34492458573277e-13
0.6234043249619518,0.002047281241759003,-0.024404338759715517,-0.9962008172725557,-0.08357133811817032,0.0005997631107818113,0.9994002368893695,1.5143442055887135e-13
0.6234093280889061,0.002043507753656256,-0.024355435523766435,-0.9962008922742814,-0.08358480165927429,0.0005973631634915972,0.9994026368364946,1.3877787807814457e-14
0.6234143312158605,0.002039744862584991,-0.02430673279022484,-0.9962009765785464,-0.08359806484676033,0.0005949778180398336,0.9994050221821725,2.1227464230832993e-13
0.6234193343428148,0.0020359925323517225,-0.024258229327865217,-0.9962010701494268,-0.08361112890910154,0.000592606955715092,0.9994073930443178,3.2862601528904634e-14
0.6234243374697692,0.002032250727100666,-0.02420992391725134,-0.9962011729524809,-0.0836239950570521,0.0005902504590968997,0.9994097495412005,2.9753977059954195e-13
0.6234293405967235,0.0020285194107630615,-0.024161815340213944,-0.9962012849500781,-0.0836366645203948,0.0005879082115344404,0.9994120917882837,1.8185453143360064e-13
0.6234343437236779,0.0020247985497523807,-0.024113902414562807,-0.9962014061090273,-0.08364913847754839,0.0005855800988261373,0.9994144199016393,4.654054919228656e-13
0.6234393468506322,0.0020210881064760162,-0.024066183930034884,-0.9962015363910186,-0.0836614181437311,0.0005832660060884079,0.9994167339936462,2.6545432518787493e-13
0.6234443499775866,0.0020173880469701788,-0.02401865872693257,-0.9962016757636105,-0.08367350467013877,0.0005809658215729125,0.9994190341780096,4.1744385725905886e-13
0.623449353104541,0.0020136983348205987,-0.023971325615297624,-0.9962018241907451,-0.08368539924307551,0.000578679432738283,0.9994213205674413,1.7963408538435033e-13
0.6234543562314953,0.002010018935744004,-0.023924183449590682,-0.9962019816360196,-0.08369710302379273,0.0005764067298517181,0.9994235932701075,4.0745185003743245e-14
0.6234593593584496,0.0020063498134199366,-0.023877231059444785,-0.9962021480649651,-0.08370861716812017,0.0005741476026399248,0.9994258523974494,8.926193117986259e-14
0.6234643624854039,0.0020026909335008622,-0.023830467319621594,-0.9962023234427538,-0.08371994280730999,0.0005719019436466793,0.9994280980564004,4.707345624410664e-14
0.6234693656123583,0.0019990422610706624,-0.023783891087413526,-0.9962025077330569,-0.08373108109445933,0.0005696696452194951,0.9994303303548784,9.792167077193881e-14
0.6234743687393126,0.0019954037606819503,-0.02373750124123277,-0.9962027009026977,-0.08374203313109826,0.000567450601345671,0.9994325493987598,1.0547118733938987e-13
0.623479371866267,0.0019917753960770118,-0.02369129665213146,-0.9962029029150004,-0.08375280005700207,0.000565244706287713,0.9994347552936617,5.062616992290714e-14
0.6234843749932213,0.00198815713556469,-0.023645276242925076,-0.9962031137378485,-0.08376338294570627,0.0005630518573999339,0.9994369481434937,8.93729534823251e-13
0.6234893781201757,0.0019845489409266604,-0.023599438879518996,-0.9962033333318441,-0.08377378294153309,0.0005608719499270859,0.9994391280498124,2.6056934387952424e-13
0.6234943812471301,0.001980950780041549,-0.02355378349963689,-0.9962035616666127,-0.08378400109510252,0.0005587048831407142,0.9994412951167488,1.1046719095020308e-13
0.6234993843740844,0.0019773626172308587,-0.023508309012913627,-0.9962037987059992,-0.08379403850014318,0.0005565505555666582,0.9994434494444262,7.105427357601002e-15
0.6235043875010388,0.0019737844177215983,-0.023463014349358886,-0.9962040444152414,-0.08380389623021771,0.0005544088672858617,0.9994455911326493,6.483702463810914e-14
0.623509390627993,0.001970216147329635,-0.02341789843871457,-0.996204298759805,-0.08381357535367069,0.0005522797189531488,0.9994477202810799,3.3084646133829665e-14
0.6235143937549474,0.00196665777204349,-0.023372960235095476,-0.9962045617061661,-0.08382307691429446,0.0005501630129436934,0.9994498369875541,4.978240042419202e-13
0.6235193968819017,0.001963109255747662,-0.023328198677732895,-0.9962048332189429,-0.08383240196827713,0.000548058651497781,0.9994519413485525,5.040412531798211e-14
0.6235244000088561,0.001959570566519378,-0.023283612744533198,-0.9962051132642024,-0.08384155155214203,0.0005459665392425578,0.9994540334604128,3.446132268436486e-13
0.6235294031358105,0.0019560416689890876,-0.02323920139360061,-0.9962054018080001,-0.08385052669871401,0.0005438865804231501,0.9994561134190904,4.864997293907436e-13
0.6235344062627648,0.0019525225302210623,-0.02319496361606115,-0.996205698818508,-0.08385932840883517,0.0005418186813814215,0.9994581813196525,1.0338396805309458e-12
0.6235394093897192,0.0019490131137946697,-0.02315089837137896,-0.9962060042570027,-0.08386795773826,0.0005397627475196604,0.99946023725289,4.0967229608668276e-13
0.6235444125166735,0.0019455133880234023,-0.023107004675799254,-0.9962063180916678,-0.08387641567358657,0.0005377186874303869,0.9994622813120053,5.643263634169671e-13
0.6235494156436279,0.0019420233182542404,-0.023063281519747972,-0.9962066402906103,-0.08388470320479631,0.0005356864090277915,0.9994643135908621,1.1013412404281553e-13
0.6235544187705822,0.00193854287044481,-0.0230197279111804,-0.9962069708186937,-0.08389282133152857,0.0005336658215653302,0.9994663341787214,2.866595849582154e-13
0.6235594218975365,0.0019350720114226481,-0.022976342872429025,-0.9962073096417992,-0.08390077103870817,0.0005316568354808113,0.9994683431646412,1.219024881038422e-13
0.6235644250244908,0.0019316107084646522,-0.02293312542736499,-0.9962076567276305,-0.08390855329698677,0.00052965936179631,0.9994703406391496,9.459100169806334e-13
0.6235694281514452,0.0019281589263256372,-0.022890074602103308,-0.9962080120404863,-0.08391616908821566,0.000527673312135024,0.9994723266880997,2.347011474057581e-13
0.6235744312783996,0.001924716632303098,-0.022847189435459214,-0.9962083755492196,-0.08392361936049038,0.0005256985992144233,0.9994743014009796,1.9406698470447736e-13
0.6235794344053539,0.0019212837936505506,-0.02280446898118234,-0.9962087472200831,-0.08393090506614771,0.0005237351369294517,0.99947626486303,4.0523140398818214e-14
0.6235844375323083,0.0019178603766047114,-0.02276191228454001,-0.9962091270196245,-0.08393802715997933,0.0005217828392732437,0.9994782171607116,1.509903313490213e-14
0.6235894406592626,0.001914446348535978,-0.02271951841133813,-0.9962095149145497,-0.0839449865797784,0.0005198416216645551,0.9994801583781612,1.7430501486614958e-13
0.623594443786217,0.0019110416762205646,-0.022677286430671986,-0.9962099108731383,-0.08395178424931386,0.0005179114001469916,0.9994820886005092,6.561418075534675e-13
0.6235994469131713,0.0019076463262130828,-0.022635215408810406,-0.9962103148597967,-0.08395842111300822,0.0005159920911091624,0.9994840079088445,4.629630012686903e-14
0.6236044500401257,0.0019042602665724705,-0.022593304439022282,-0.9962107268439129,-0.08396489807159326,0.0005140836126371906,0.9994859163870502,3.126388037344441e-13
0.62360945316708,0.0019008834642566814,-0.022551552606676812,-0.9962111467933767,-0.08397121603156851,0.0005121858829163963,0.9994878141171954,1.1191048088221578e-13
0.6236144562940343,0.0018975158861625119,-0.022509959002712885,-0.9962115746740885,-0.08397737591036523,0.000510298820842054,0.9994897011794178,2.5979218776228663e-13
0.6236194594209887,0.0018941575004498225,-0.02246852273503062,-0.9962120104535606,-0.08398337860490013,0.0005084223465310982,0.999491577653819,3.5016434196677437e-13
0.623624462547943,0.0018908082737487985,-0.022427242909669125,-0.9962124540993719,-0.0839892250011939,0.000506556380457381,0.9994934436189942,5.484501741648273e-13
0.6236294656748974,0.0018874681753879932,-0.022386118649493362,-0.9962129055805033,-0.08399491598130863,0.0005047008443022969,0.9994952991558559,1.580957587066223e-13
0.6236344688018517,0.0018841371716169606,-0.022345149073528518,-0.9962133648639583,-0.0840004524192457,0.0005028556599996812,0.9994971443402081,2.078337502098293e-13
0.6236394719288061,0.0018808152305646653,-0.02230433330539525,-0.996213831917158,-0.08400583519796821,0.0005010207501296877,0.9994989792503756,5.051514762044462e-13
0.6236444750557605,0.0018775023202038396,-0.022263670485522753,-0.9962143067069629,-0.0840110651816764,0.0004991960384503076,0.9995008039605946,9.551248680850222e-13
0.6236494781827148,0.0018741984094995095,-0.022223159765670294,-0.9962147892059285,-0.08401614320072827,0.0004973814496486774,0.9995026185509377,5.864198016070077e-13
0.6236544813096692,0.001870903465204278,-0.022182800280707946,-0.9962152793774246,-0.08402107013771626,0.0004955769080698897,0.9995044230921272,1.9695356456850277e-13
0.6236594844366234,0.0018676174561654715,-0.02214259119332488,-0.996215777191946,-0.08402584682194418,0.0004937823397172825,0.9995062176602976,1.4876988529977098e-14
0.6236644875635778,0.0018643403515385753,-0.022102531662738092,-0.9962162826168196,-0.08403047410345967,0.0004919976708487148,0.9995080023289274,2.2382096176443156e-13
0.6236694906905321,0.0018610721186309313,-0.02206262085714271,-0.9962167956224812,-0.08403495279788317,0.000490222828516774,0.9995097771720669,5.837552663479073e-13
0.6236744938174865,0.0018578127261809237,-0.022022857947540192,-0.9962173161750295,-0.0840392837488411,0.0004884577403030939,0.9995115422599967,2.9976021664879227e-13
0.6236794969444408,0.0018545621432248581,-0.021983242117820545,-0.9962178442442093,-0.08404346776782957,0.0004867023347538018,0.9995132976650222,2.240430063693566e-13
0.6236845000713952,0.0018513203386589059,-0.021943772555534938,-0.9962183798003375,-0.08404750565833091,0.00048495654096538055,0.9995150434593963,3.61710661422876e-13
0.6236862210095498,0.001850207269421442,-0.02193022976708927,-0.996218565740296,-0.08404886096334235,0.0004843582445771481,0.9995156417548877,5.351274978693255e-13
0.6236895031983496,0.0018480872804147825,-0.021904448446037367,-0.9962189228095641,-0.08405139825049375,0.00048322028832113983,0.999516779711711,3.219646771412954e-14
0.6236945063253039,0.001844862938146495,-0.02186526899032789,-0.9962194732421769,-0.0840551463330633,0.0004814935072799409,0.9995185064919933,7.267519919196275e-13
0.6236995094522583,0.0018416472815798814,-0.021826233399342303,-0.9962200310681772,-0.08405875070168631,0.000479776129112316,0.9995202238710084,1.20570220474292e-13
0.6237045125792126,0.0018384402783763179,-0.02178734087043695,-0.9962205962551025,-0.08406221215275504,0.00047806808486176877,0.9995219319148867,2.5157653738006047e-13
0.623709515706167,0.00183524189904493,-0.021748590625801978,-0.9962211687731172,-0.08406553146937623,0.0004763693070367316,0.9995236306929043,5.895284260759581e-14
0.6237145188331212,0.0018320521123278625,-0.02170998188481509,-0.9962217485912963,-0.08406870942895392,0.0004746797283812843,0.9995253202713498,2.688960165642129e-13
0.6237195219600756,0.0018288708880522602,-0.02167151387995952,-0.9962223356801434,-0.08407174679854684,0.0004729992825744431,0.9995270007177589,3.33288951992472e-13
0.62372452508703,0.0018256981949573003,-0.021633185832843894,-0.9962229300075575,-0.0840746443577379,0.00047132790317742815,0.9995286720967229,9.969802761133906e-14
0.6237295282139843,0.0018225340038128463,-0.02159499699191151,-0.9962235315447653,-0.08407740285525743,0.00046966552527572127,0.9995303344744092,3.1508129438861943e-13
0.6237345313409387,0.0018193782839071165,-0.02155694659398156,-0.9962241402598189,-0.0840800230684135,0.00046801208379572607,0.9995319879156004,6.038503030936226e-13
0.623739534467893,0.0018162310058345648,-0.021519033896481854,-0.9962247561252341,-0.08408250572013132,0.00046636751490449,0.999533632484958,1.375566327510569e-13
0.6237445375948474,0.001813092138087395,-0.021481258141626186,-0.9962253791091412,-0.08408485157535443,0.0004647317544483756,0.9995352682456016,4.9960036108132044e-14
0.6237495407218017,0.0018099616514033626,-0.02144361859542649,-0.9962260091821139,-0.08408706136882342,0.0004631047396456714,0.9995368952605658,2.113864638886298e-13
0.6237545438487561,0.00180683951662803,-0.021406114524165257,-0.9962266463140236,-0.0840891358386346,0.0004614864080605274,0.9995385135921747,2.3514523661560816e-13
0.6237595469757103,0.0018037257035107652,-0.021368745197552098,-0.9962272904752654,-0.08409107571479546,0.00045987669773141124,0.9995401233025603,2.9176661087149114e-13
0.6237645501026647,0.0018006201821697788,-0.021331509887119245,-0.9962279416361125,-0.08409288171972441,0.0004582755471047032,0.999541724452453,4.4220183070819985e-13
0.6237695532296191,0.0017975229239746249,-0.0212944078818701,-0.9962285997685069,-0.08409455456633837,0.00045668289570166575,0.9995433171044308,1.325606291402437e-13
0.6237745563565734,0.0017944338991665873,-0.021257438463524354,-0.996229264841444,-0.08409609497745538,0.00045509868304900286,0.9995449013169813,3.019806626980426e-14
0.6237795594835278,0.0017913530774980298,-0.021220600917239693,-0.996229936826323,-0.08409750365932617,0.0004535228491370158,0.9995464771507097,1.5332179970073412e-13
0.6237845626104821,0.0017882804310528164,-0.021183894548652615,-0.9962306156940106,-0.08409878131241529,0.0004519553351485205,0.9995480446643008,5.506706202140776e-13
0.6237895657374365,0.0017852159305739113,-0.021147318654937384,-0.99623130141512,-0.08409992864510273,0.00045039608221223755,0.9995496039173752,4.1255887595070817e-13
0.6237945688643908,0.0017821595465713433,-0.021110872540585166,-0.9962319939614388,-0.08410094633861064,0.00044884503207426806,0.9995511549674341,4.916067553040193e-13
0.6237995719913452,0.0017791112504020928,-0.021074555514993345,-0.9962326933032994,-0.0841018350956527,0.0004473021269958437,0.9995526978728021,2.020605904817785e-13
0.6238045751182996,0.001776071013345294,-0.021038366899992875,-0.9962333994124158,-0.08410259558844099,0.00044576731006316104,0.9995542326895308,4.0600856010541975e-13
0.6238095782452538,0.0017730388066408136,-0.021002306011913885,-0.9962341122597369,-0.08410322850692857,0.00044424052442792837,0.9995557594752346,3.375077994860476e-13
0.6238145813722082,0.0017700146022885039,-0.02096637218107629,-0.9962348318187743,-0.08410373450585859,0.00044272171412772427,0.9995572782868132,9.408029910673577e-13
0.6238195844991625,0.0017669983707616626,-0.020930564727250103,-0.99623555805631,-0.08410411429119906,0.00044121082304388065,0.9995587891764747,4.813927034774679e-13
0.6238245876261169,0.0017639900843726298,-0.02089488299240517,-0.9962362909489207,-0.0841043684964814,0.00043970779628406766,0.9995602922038545,1.3855583347321954e-13
0.6238295907530712,0.0017609897150703757,-0.020859326317636886,-0.9962370304663404,-0.08410449779107151,0.0004382125792022425,0.9995617874210803,2.824407374646398e-13
0.6238345938800256,0.0017579972341555598,-0.02082389404516394,-0.996237776580713,-0.08410450283172609,0.00043672511747951294,0.9995632748830544,5.340172748447003e-13
0.62383959700698,0.0017550126138500088,-0.02078858551902984,-0.9962385292629611,-0.08410438427918265,0.00043524535715678994,0.999564754643008,1.6475709685437323e-13
0.6238446001339343,0.0017520358260488598,-0.020753400099998865,-0.9962392884872457,-0.08410414275888993,0.00043377324524639164,0.9995662267547816,2.7977620220553945e-14
0.6238496032608887,0.00174906684347306,-0.020718337141857654,-0.9962400542242097,-0.08410377893315978,0.0004323087287466153,0.999567691271494,2.4069635173873394e-13
0.623854606387843,0.0017461056376806528,-0.020683396006892757,-0.9962408264470685,-0.08410329342874663,0.0004308517552758875,0.9995691482454999,7.758238496080594e-13
0.6238596095147974,0.0017431521815026308,-0.020648576061800927,-0.9962416051260913,-0.08410268689279163,0.0004294022729078557,0.9995705977267979,2.942091015256665e-13
0.6238646126417516,0.0017402064470715278,-0.020613876677502984,-0.9962423902365609,-0.08410195993726903,0.0004279602301537307,0.9995720397695462,3.000932835561798e-13
0.623869615768706,0.0017372684072858636,-0.020579297229450524,-0.9962431817499613,-0.08410111319442207,0.00042652557597702364,0.9995734744238274,1.9562129693895258e-13
0.6238746188956603,0.001734338034942085,-0.020544837100193454,-0.9962439796394597,-0.08410014727999142,0.0004250982598929322,0.9995749017403843,2.773337115513641e-13
0.6238796220226147,0.0017314153024614145,-0.020510495669769816,-0.9962447838768718,-0.08409906281849876,0.0004236782315692439,0.9995763217688249,3.9412917374193057e-13
0.6238846251495691,0.0017285001828576893,-0.02047627232867847,-0.9962455944356264,-0.0840978604152307,0.00042226544136034265,0.9995777345588144,1.7474910407599964e-13
0.6238896282765234,0.0017255926491237452,-0.020442166468037194,-0.9962464112882153,-0.08409654068511892,0.000420859839897654,0.9995791401598516,2.5068835896036035e-13
0.6238946314034778,0.0017226926737607935,-0.020408177480271794,-0.9962472344085689,-0.08409510422569097,0.000419461378114502,0.9995805386214521,4.333200465111986e-13
0.6238996345304321,0.0017198002315297273,-0.02037430477625009,-0.9962480637695249,-0.08409355163702957,0.000418070007951897,0.9995819299914572,5.908606937055083e-13
0.6239046376573865,0.0017169152941339,-0.020340547750913637,-0.9962488993455697,-0.08409188350972129,0.0004166856809344287,0.9995833143194717,4.0611958240788226e-13
0.6239096407843407,0.0017140378357873012,-0.020306905817581485,-0.9962497411072008,-0.08409010045121702,0.0004153083495866353,0.9995846916500605,3.5293989952833726e-13
0.6239146439112951,0.0017111678294567613,-0.020273378387911482,-0.9962505890306456,-0.08408820303134344,0.00041393796660000416,0.9995860620329486,4.5130565951012613e-13
0.6239196470382495,0.0017083052492043096,-0.020239964879393207,-0.9962514430890849,-0.08408619183878005,0.00041257448514352943,0.999587425515032,1.7541523789077473e-13
0.6239246501652038,0.0017054500683579574,-0.020206664711654464,-0.9962523032552234,-0.08408406745666253,0.000411217858704884,0.9995887821413943,9.9253938401489e-14
0.6239296532921582,0.0017026022608021161,-0.02017347730867041,-0.9962531695038366,-0.08408183045441565,0.0004098680411819284,0.999590131959005,1.8696155734687636e-13
0.6239346564191125,0.001699761800575488,-0.020140402099692103,-0.9962540418079164,-0.08407948141314443,0.00040852498691597766,0.9995914750133131,2.291500322826323e-13
0.6239396595460669,0.0016969286624729152,-0.0201074385231104,-0.9962549201418254,-0.08407702089564968,0.00040718865084618636,0.9995928113494822,3.284039706841213e-13
0.6239446626730212,0.0016941028187257687,-0.020074586004606796,-0.996255804480483,-0.08407444945678112,0.00040585898761676966,0.9995941410125152,1.318944953254686e-13
0.6239496657999756,0.0016912842444612105,-0.02004184398748799,-0.9962566947968062,-0.08407176767100959,0.00040453595281437127,0.9995954640467849,4.00679489587219e-13
0.6239546689269299,0.0016884729143411934,-0.020009211920408086,-0.9962575910662342,-0.08406897608369575,0.000403219502458265,0.9995967804968573,6.84452494681409e-13
0.6239596720538843,0.0016856688025353311,-0.01997668924551186,-0.9962584932625831,-0.08406607525873495,0.0004019095925235901,0.9995980904072396,2.368105711525459e-13
0.6239646751808386,0.001682871883266742,-0.019944275416647624,-0.9962594013607701,-0.08406306573081368,0.0004006061796705845,0.999599393819783,5.463407504180395e-13
0.6239696783077929,0.0016800821321068275,-0.019911969892767663,-0.9962603153354956,-0.08405994805248192,0.0003993092209811105,0.9996006907789673,5.162537064506978e-14
0.6239746814347473,0.001677299522636756,-0.019879772124334515,-0.9962612351607695,-0.08405672276541906,0.0003980186734041051,0.9996019813261243,4.716227408607665e-13
0.6239796845617016,0.0016745240299792057,-0.019847681578710134,-0.9962621608125374,-0.08405339040370322,0.0003967344947768474,0.9996032655052236,4.440892098500626e-16
0.623984687688656,0.001671755628459137,-0.01981569771197243,-0.9962630922643804,-0.08404995151565764,0.00039545664269355417,0.9996045433579698,6.632472349110685e-13
0.6239896908156103,0.0016689942942156781,-0.01978382000860162,-0.996264029492005,-0.08404640661281113,0.0003941850760868702,0.9996058149241727,2.595701431573616e-13
0.6239946939425647,0.0016662400017713568,-0.019752047931664476,-0.9962649724703806,-0.08404275623398197,0.00039291975323827404,0.9996070802468128,5.10702591327572e-14
0.6239996970695191,0.001663492726060153,-0.019720380957552863,-0.9962659211746325,-0.084039000904734,0.0003916606331606686,0.9996083393670052,1.6586731987899839e-13
0.6240047001964734,0.0016607524425585663,-0.01968881856776772,-0.9962668755800458,-0.08403514113850857,0.00039040767526993915,0.9996095923241956,5.344613640545504e-13
0.6240097033234278,0.0016580191274983011,-0.019657360251085713,-0.9962678356631376,-0.08403117745161642,0.00038916083946811486,0.9996108391608173,2.8532731732866523e-13
0.624014706450382,0.001655292754276692,-0.01962600547806677,-0.9962688013975451,-0.08402711036901371,0.0003879200851274676,0.999612079915068,1.9539925233402755e-13
0.6240197095773364,0.001652573300636988,-0.01959475375590277,-0.9962697727602844,-0.08402294038582457,0.0003866853732684439,0.9996133146269089,1.7741363933510002e-13
0.6240247127042907,0.0016498607412575737,-0.0195636045689425,-0.996270749725893,-0.08401866802095806,0.0003854566641954909,0.999614543335409,3.9546144137148076e-13
0.6240297158312451,0.0016471550518466173,-0.019532557415126543,-0.9962717322713901,-0.08401429377072832,0.00038423391894003875,0.9996157660808307,2.2926105458509483e-13
0.6240347189581995,0.0016444562081557893,-0.019501611791805817,-0.9962727203722985,-0.08400981813755687,0.00038301709869884183,0.9996169829015255,2.2426505097428162e-13
0.6240397220851538,0.0016417641864678585,-0.019470767207157357,-0.9962737140033451,-0.08400524162205852,0.00038180616527928277,0.9996181938339992,7.215339437038892e-13
0.6240447252121082,0.0016390789630084503,-0.019440023164460477,-0.9962747131428685,-0.08400056470862044,0.00038060108048173683,0.9996193989192721,2.461364445593972e-13
0.6240497283390625,0.0016364005135341493,-0.019409379173947246,-0.996275717765216,-0.08399578789707089,0.00037940180655875194,0.9996205981930459,3.9535041906901824e-13
0.6240547314660169,0.0016337288149637225,-0.019378834750012248,-0.9962767278479632,-0.08399091166932111,0.000378208306109125,0.9996217916944883,5.972999872483342e-13
0.6240597345929711,0.0016310638423298596,-0.01934838940354532,-0.9962777433652898,-0.08398593651756651,0.00037702054176898064,0.9996229794577672,4.637401573859279e-13
0.6240647377199255,0.001628405572808795,-0.01931804265492209,-0.9962787642965614,-0.08398086291109666,0.00037583847672694403,0.9996241615235759,3.028688411177427e-13
0.6240697408468798,0.0016257539831856065,-0.019287794030285667,-0.9962797906160521,-0.08397569133663796,0.00037466207456856725,0.999625337925431,4.440892098500626e-16
0.6240747439738342,0.001623109050126062,-0.019257643053940964,-0.9962808223015257,-0.08397042226379564,0.0003734912989816017,0.9996265087009644,5.4067861299245124e-14
0.6240797471007886,0.0016204707493741046,-0.0192275892486319,-0.9962818593289626,-0.0839650561711806,0.00037232611376368215,0.9996276738858044,4.318767565791859e-13
0.6240847502277429,0.0016178390587583663,-0.019197632151075547,-0.9962829016762619,-0.08395959351982718,0.0003711664834280537,0.9996288335164867,8.526512829121202e-14
0.6240897533546973,0.0016152139548549162,-0.0191677712953259,-0.9962839493198693,-0.08395403477571944,0.0003700123725498776,0.9996299876275184,6.838973831690964e-14
0.6240947564816516,0.0016125954145071615,-0.019138006215802,-0.9962850022362375,-0.08394838040872302,0.00036886374588696567,0.9996311362541076,5.440092820663267e-15
0.624099759608606,0.0016099834150634616,-0.019108336455858257,-0.9962860604035263,-0.08394263087236412,0.0003677205687070611,0.999632279432153,8.602007994795713e-13
0.6241047627355603,0.0016073779332315314,-0.01907876155535239,-0.9962871237971889,-0.08393678663085972,0.000366582806306232,0.9996334171939895,2.957634137601417e-13
0.6241097658625147,0.0016047789465947443,-0.019049281062519307,-0.996288192395552,-0.08393084813465376,0.00036545042446629053,0.9996345495753987,1.3500311979441904e-13
0.624114768989469,0.0016021864323544546,-0.0190198945234177,-0.9962892661767005,-0.08392481582788672,0.00036432338904595534,0.9996356766106532,3.008704396734174e-13
0.6241197721164233,0.00159960036813708,-0.01899060149316313,-0.9962903451178691,-0.08391869016363762,0.0003632016664098739,0.9996367983338633,2.731148640577885e-13
0.6241247752433777,0.0015970207318099872,-0.018961401529610334,-0.9962914291958636,-0.08391247158789622,0.00036208522318493993,0.9996379147771259,3.1086244689504383e-13
0.624129778370332,0.0015944475001911983,-0.018932294182833088,-0.9962925183881874,-0.08390616054860169,0.00036097402585620153,0.9996390259742847,1.4077627952246985e-13
0.6241347814972864,0.001591880651166187,-0.018903279014982424,-0.9962936126730416,-0.08389975748025486,0.0003598680415258322,0.9996401319583466,1.2756462552943049e-13
0.6241397846242407,0.0015893201628218495,-0.018874355590028227,-0.9962947120289998,-0.08389326281354377,0.0003587672375187818,0.9996412327624499,3.1308289294429414e-14
0.6241447877511951,0.0015867660127183738,-0.018845523471780964,-0.9962958164321223,-0.08388667699886519,0.0003576715813045655,0.9996423284180609,6.34492458573277e-13
0.6241497908781494,0.0015842181798897581,-0.01881678223814256,-0.9962969258626576,-0.08388000044896088,0.0003565810410391705,0.9996434189586997,2.611244553918368e-13
0.6241547940051038,0.0015816766413882769,-0.01878813145173071,-0.9962980402969464,-0.08387323360439546,0.000355495584445426,0.9996445044147931,7.613909502879324e-13
0.6241597971320582,0.0015791413753573115,-0.018759570686400544,-0.9962991597152139,-0.08386637688228366,0.00035441517982142393,0.999645584820603,4.2432724001173483e-13
0.6241648002590124,0.0015766123605464248,-0.018731099521810894,-0.9963002840931532,-0.08385943071721842,0.0003533397958314121,0.9996466602043136,1.4499512701604544e-13
0.6241698033859668,0.0015740895747768026,-0.018702717536063652,-0.9963014134106163,-0.08385239552116174,0.0003522694012232039,0.9996477305986291,1.4765966227514582e-13
0.6241748065129211,0.001571572996696582,-0.01867442431063627,-0.9963025476447925,-0.08384527172450745,0.00035120396501762876,0.9996487960340608,9.215961327413424e-13
0.6241798096398755,0.0015690626049513386,-0.018646219428294804,-0.9963036867763213,-0.08383805973033205,0.00035014345642637534,0.9996498565434372,1.3644640972643174e-13
0.6241848127668298,0.0015665583783713679,-0.018618102482762456,-0.9963048307824731,-0.08383075995400516,0.00034908784521149106,0.9996509121549582,1.6964207816272392e-13
0.6241898158937842,0.0015640602951282859,-0.018590073059585887,-0.9963059796420501,-0.08382337280631501,0.0003480371009675378,0.9996519628991318,9.947598300641403e-14
0.6241948190207386,0.0015615683342308443,-0.018562130749215908,-0.9963071333340799,-0.08381589869743541,0.0003469911936134592,0.999653008806831,4.4431125445498765e-13
0.6241998221476929,0.0015590824741171213,-0.018534275145804743,-0.9963082918369522,-0.08380833802967229,0.00034595009334149456,0.9996540499063613,2.972067036921544e-13
0.6242048252746473,0.001556602694200551,-0.018506505850237737,-0.9963094551307335,-0.0838006912070918,0.000344913770732476,0.9996550862296854,4.178879464689089e-13
0.6242098284016016,0.0015541289732822728,-0.01847882245941317,-0.9963106231929201,-0.0837929586337501,0.00034388219635210797,0.9996561178036624,1.4432899320127035e-14
0.624214831528556,0.0015516612907718094,-0.01845122457846304,-0.9963117960035269,-0.08378514070547359,0.00034285534120615825,0.9996571446588096,1.5765166949677223e-14
0.6242198346555102,0.0015491996260197625,-0.018423711814272194,-0.9963129735425703,-0.0837772378064197,0.0003418331764966126,0.999658166823712,2.0872192862952943e-13
0.6242248377824646,0.001546743957406178,-0.01839628376319038,-0.9963141557867123,-0.08376925035533482,0.00034081567316559446,0.9996591843260841,7.502887200416808e-13
0.624229840909419,0.0015442942650348809,-0.018368940044191467,-0.9963153427189468,-0.08376117871406463,0.0003398028031241204,0.9996601971967418,1.341149413747189e-13
0.6242348440363733,0.0015418505279390885,-0.018341680266052394,-0.996316534316252,-0.0837530232877088,0.000338794538032602,0.999661205461779,1.8840484727888906e-13
0.6242398471633277,0.0015394127259154798,-0.018314504044060775,-0.9963177305590248,-0.08374478445488624,0.0003377908499206291,0.999662209149681,3.984590435379687e-13
0.624244850290282,0.001536980838948589,-0.018287410996682813,-0.9963189314264275,-0.08373646260739818,0.0003367917110608906,0.9996632082886984,2.4069635173873394e-13
0.6242498534172364,0.0015345548460619389,-0.01826040074024847,-0.9963201368993045,-0.08372805811291557,0.000335797093770039,0.9996642029064086,1.7852386235972517e-13
0.6242548565441907,0.0015321347274182317,-0.018233472896310887,-0.9963213469562283,-0.08371957136057222,0.00033480697068346475,0.9996651930294711,1.545430450278218e-13
0.6242598596711451,0.001529720462507788,-0.01820662708670271,-0.9963225615769334,-0.08371100273029296,0.0003338213145676719,0.9996661786853333,9.903189379656396e-14
0.6242648627980993,0.0015273120316767368,-0.01817986293954712,-0.9963237807427751,-0.08370235258403258,0.00033284009854282336,0.999667159901679,2.2182256032010628e-13
0.6242698659250537,0.001524909414614984,-0.01815318008353681,-0.9963250044328836,-0.08369362129874205,0.00033186329586809907,0.9996681367042828,1.509903313490213e-13
0.6242748690520081,0.0015225125920717642,-0.018126578151433564,-0.9963262326271255,-0.08368480924840303,0.0003308908800730458,0.9996691091199025,2.4424906541753444e-14
0.6242798721789624,0.0015201215431374796,-0.018100056767276333,-0.9963274653062444,-0.08367591679685119,0.00032992282448453643,0.9996700771753592,1.5631940186722204e-13
0.6242848753059168,0.001517736249259383,-0.018073615576765126,-0.9963287024505737,-0.08366694430886859,0.000328959103339003,0.9996710408968271,1.6608936448392342e-13
0.6242898784328711,0.0015153566902873052,-0.01804725421155924,-0.9963299440405041,-0.08365789214409744,0.0003279996904754413,0.9996720003097472,2.227107387398064e-13
0.6242948815598255,0.0015129828461408316,-0.018020972307258215,-0.9963311900554783,-0.08364876067472218,0.00032704455999168385,0.999672955439783,2.2537527399890678e-13
0.6242998846867798,0.0015106146981314792,-0.01799476951059698,-0.9963324404775512,-0.08363955024749904,0.00032609368650572153,0.9996739063135569,6.261657858885883e-14
0.6243048878137342,0.0015082522260979254,-0.017968645462757876,-0.9963336952865933,-0.08363026122230763,0.0003251470445438185,0.9996748529555496,9.348077867343818e-14
0.6243098909406886,0.0015058954114245636,-0.017942599812195648,-0.9963349544627425,-0.08362089395948603,0.00032420460901075277,0.9996757953908587,1.305622276959184e-13
0.6243148940676428,0.0015035442348484455,-0.017916632206955812,-0.9963362179878997,-0.0836114488038415,0.0003232663549054723,0.9996767336455089,4.143352327901084e-13
0.6243198971945972,0.0015011986763869363,-0.01789074229118665,-0.9963374858420776,-0.0836019261049591,0.00032233225719564037,0.9996776677425712,2.3314683517128287e-13
0.6243249003215515,0.0014988587176768845,-0.017864929723391258,-0.996338758006798,-0.08359232621538336,0.0003214022914772645,0.999678597708628,1.0524914273446484e-13
0.6243299034485059,0.0014965243395310217,-0.017839194155399692,-0.9963400344626845,-0.08358264947581438,0.0003204764332128552,0.9996795235665,2.871036741680655e-13
0.6243349065754602,0.0014941955227290903,-0.0178135352399678,-0.9963413151908822,-0.08357289623930199,0.00031955465800571843,0.9996804453421219,1.27675647831893e-13
0.6243399097024146,0.0014918722489331,-0.017787952642555574,-0.9963426001729536,-0.08356306683552964,0.0003186369420209365,0.9996813630583612,3.821387650759789e-13
0.6243449128293689,0.0014895544987867852,-0.0177624460174272,-0.9963438893891166,-0.08355316161404511,0.0003177232611268714,0.9996822767387348,1.383337888682945e-13
0.6243499159563233,0.0014872422535145953,-0.017737015025468858,-0.9963451828211772,-0.08354318091320036,0.00031681359153434716,0.9996831864080605,4.051203816857196e-13
0.6243549190832777,0.0014849354953753015,-0.01771165934028075,-0.9963464804509197,-0.08353312506106657,0.00031590791001157975,0.9996840920894025,5.859757123971576e-13
0.624359922210232,0.0014826342050594053,-0.017686378619803007,-0.9963477822610485,-0.08352299438537238,0.00031500619286903704,0.9996849938076088,4.778399897986674e-13
0.6243649253371863,0.001480338364564185,-0.01766117253521723,-0.9963490882294316,-0.0835127892445174,0.000314108416992312,0.999685891583019,1.1324274851176597e-14
0.6243699284641406,0.0014780479548273657,-0.017636040756192482,-0.9963503983416975,-0.08350250993443437,0.0003132145593108517,0.9996867854410094,3.2018832030189515e-13
0.624374931591095,0.0014757629576784338,-0.017610982951930754,-0.9963517125756144,-0.0834921568196296,0.0003123245968404515,0.9996876754027533,4.062306047103448e-13
0.6243799347180493,0.0014734833551160505,-0.017585998800899453,-0.9963530309167414,-0.08348173019019527,0.00031143850702304105,0.9996885614925257,4.511946372076636e-13
0.6243849378450037,0.0014712091294741816,-0.01756108798057753,-0.996354353344846,-0.0834712303943067,0.0003105562673642327,0.9996894437327657,1.2989609388114332e-13
0.6243899409719581,0.0014689402613356922,-0.017536250160846933,-0.9963556798417945,-0.08346065774781725,0.00030967785519517705,0.9996903221447027,1.021405182655144e-13
0.6243949440989124,0.001466676734252713,-0.017511485032960298,-0.9963570103906539,-0.08345001256384478,0.00030880324870239084,0.9996911967515076,2.1005419625907962e-13
0.6243999472258668,0.0014644185287610986,-0.017486792267257408,-0.9963583449727968,-0.0834392951697472,0.0003079324254255922,0.9996920675753552,7.807088309164101e-13
0.6244049503528211,0.001462165627505243,-0.01746217154857427,-0.9963596835692332,-0.08342850588583194,0.00030706536351409456,0.9996929346365246,3.863576125695545e-14
0.6244099534797755,0.0014599180126471842,-0.017437622567341902,-0.9963610261642972,-0.08341764501169291,0.00030620204140472323,0.999693797958468,1.2723155862204294e-13
0.6244149566067297,0.0014576756664632328,-0.017413145005518476,-0.9963623727387215,-0.0834067128773763,0.0003053424373318121,0.999694657562544,1.241229341530925e-13
0.6244199597336841,0.001455438571838287,-0.017388738561929115,-0.996363723276537,-0.08339570977269538,0.00030448653021151523,0.9996955134699752,1.8673951274195133e-13
0.6244249628606385,0.0014532067108132707,-0.017364402919453036,-0.9963650777582296,-0.08338463602716661,0.0003036342984934618,0.9996963657015459,3.930189507173054e-14
0.6244299659875928,0.0014509800652828734,-0.017340137769215683,-0.9963664361676512,-0.08337349193745679,0.0003027857210052286,0.9996972142792714,2.76667577736589e-13
0.6244349691145472,0.001448758618416391,-0.01731594280951275,-0.9963677984862911,-0.0833622778148557,0.00030194077691675207,0.9996980592228993,1.8396395518038844e-13
0.6244399722415015,0.0014465423525272289,-0.01729181773314438,-0.9963691646974003,-0.08335099396238327,0.00030109944529394146,0.9996989005543123,3.936850845320805e-13
0.6244449753684559,0.0014443312506830404,-0.017267762241653647,-0.9963705347840405,-0.08333964067935579,0.00030026170559597896,0.9996997382943987,5.329070518200751e-15
0.6244499784954102,0.0014421252950854472,-0.017243776031449994,-0.996371908728271,-0.08332821826795833,0.0002994275371895346,0.9997005724625305,2.7988722450800196e-13
0.6244549816223646,0.0014399244690089926,-0.01721985880523752,-0.9963732865136302,-0.08331672702576205,0.000298596919748767,0.9997014030802579,6.661338147750939e-15
0.6244599847493189,0.0014377287553198911,-0.01719601026750658,-0.9963746681221891,-0.08330516725430775,0.0002977698330940654,0.9997022301668704,3.552713678800501e-14
0.6244649878762732,0.001435538136696492,-0.017172230120654015,-0.9963760535382429,-0.08329353923726555,0.00029694625705860707,0.9997030537431132,1.7186252421197423e-13
0.6244699910032276,0.0014333525964128017,-0.01714851807165177,-0.9963774427434301,-0.08328184328323489,0.0002961261717194106,0.9997038738285907,3.1019631308026874e-13
0.6244749941301819,0.0014311721176920983,-0.017124873829929596,-0.9963788357211201,-0.08327007967759543,0.00029530955732146686,0.9997046904424876,1.9095836023552692e-13
0.6244799972571363,0.0014289966835186593,-0.017101297104991045,-0.9963802324559545,-0.08325824870410298,0.00029449639419468237,0.9997055036062565,4.511946372076636e-13
0.6244850003840906,0.0014268262765668835,-0.017077787602588573,-0.9963816329288455,-0.08324635066593503,0.0002936866626226297,0.9997063133371483,2.290390099801698e-13
0.624490003511045,0.0014246608810344944,-0.017054345043163006,-0.9963830371252812,-0.08323438583679688,0.00029288034347720856,0.9997071196566283,1.0547118733938987e-13
0.6244950066379993,0.0014225004801563018,-0.017030969140167235,-0.9963844450275853,-0.08322235450821368,0.00029207741746937365,0.9997079225828202,2.8954616482224083e-13
0.6245000097649537,0.0014203450570766723,-0.017007659606820696,-0.9963858566189777,-0.08321025696555052,0.00029127786538264244,0.9997087221346072,1.021405182655144e-14
0.6245050128919081,0.0014181945950270543,-0.01698441616119943,-0.9963872718835054,-0.08319809348844402,0.00029048166824617637,0.9997095183315664,1.8740564655672642e-13
0.6245100160188624,0.0014160490784187098,-0.01696123852720923,-0.9963886908051349,-0.08318586435153694,0.00028968880736937716,0.9997103111922832,3.47499806707674e-13
0.6245150191458168,0.0014139084900282961,-0.016938126419636088,-0.996390113367333,-0.08317356984074571,0.00028889926382574815,0.99971110073622,4.574118861455645e-14
0.624520022272771,0.0014117728144385554,-0.016915079567486578,-0.996391539553246,-0.08316121023418695,0.0002881130192539897,0.9997118869809023,1.5631940186722204e-13
0.6245250253997254,0.0014096420347727789,-0.016892097691076698,-0.9963929693470068,-0.08314878580675661,0.000287330055071077,0.9997126699452834,3.5438318946034997e-13
0.6245300285266797,0.0014075161349136971,-0.016869180515282137,-0.9963944027317678,-0.0831362968363866,0.00028655035292721686,0.9997134496468641,2.0861090632706691e-13
0.6245350316536341,0.0014053950991387298,-0.016846327770736268,-0.9963958396934125,-0.08312374358170681,0.0002857738947437631,0.9997142261053776,1.2145839889399213e-13
0.6245400347805884,0.0014032789112728037,-0.01682353918588411,-0.9963972802142939,-0.0831111263263141,0.0002850006624418011,0.9997149993376706,1.1235457009206584e-13
0.6245450379075428,0.0014011675550755708,-0.016800814487422138,-0.9963987242788733,-0.08309844533893941,0.00028423063795817,0.9997157693623149,2.731148640577885e-13
0.6245500410344972,0.0013990610149788077,-0.016778153411681294,-0.9964001718715052,-0.08308570088203493,0.00028346380362954623,0.9997165361966242,2.537969834293108e-13
0.6245550441614515,0.0013969592748269203,-0.016755555687304472,-0.9964016229756874,-0.08307289323284794,0.00028270014160588613,0.9997172998586596,2.6556534749033744e-13
0.6245600472884059,0.0013948623193131826,-0.016733021055657552,-0.9964030775763949,-0.08306002264344811,0.00028193963453891874,0.9997180603652412,2.19824158875781e-13
0.6245650504153601,0.0013927701321967822,-0.01671054924619188,-0.9964045356577675,-0.08304708938723139,0.0002811822647505436,0.9997188177350621,1.8740564655672642e-13
0.6245700535423145,0.0013906826984627307,-0.016688140001524496,-0.9964059972043888,-0.0830340937223394,0.0002804280150782856,0.9997195719851628,2.41140440948584e-13
0.6245750566692688,0.0013886000020311181,-0.01666579306044678,-0.9964074622005493,-0.08302103590475526,0.0002796768682992769,0.9997203231316381,6.261657858885883e-14
0.6245800597962232,0.0013865220274160324,-0.01664350815902876,-0.9964089306305838,-0.08300791620445291,0.00027892880717216674,0.9997210711929891,1.6120438317557273e-13
0.6245850629231776,0.001384448759480202,-0.016621285045888907,-0.9964104024797049,-0.08299473486822952,0.0002781838149443164,0.9997218161856153,5.595524044110789e-13
0.6245900660501319,0.0013823801824869575,-0.01659912345898107,-0.996411877730872,-0.0829814921689279,0.00027744187457542826,0.9997225581257442,3.1952218648712005e-13
0.6245950691770863,0.001380316281535236,-0.016577023148167887,-0.9964133563699811,-0.08296818835030018,0.00027670296949196526,0.9997232970306217,1.1368683772161603e-13
0.6246000723040406,0.0013782570405498531,-0.016554983853805872,-0.9964148383824506,-0.08295482366071379,0.0002759670828695984,0.9997240329173054,1.7497114868092467e-13
0.624605075430995,0.0013762024452309203,-0.016533005330318252,-0.9964163237518899,-0.08294139836301956,0.00027523419842259125,0.9997247658016444,6.705747068735946e-14
0.6246100785579493,0.0013741524800832833,-0.016511087323511555,-0.9964178124638894,-0.08292791270164346,0.00027450429964314305,0.9997254957003742,1.7319479184152442e-14
0.6246150816849037,0.0013721071301534356,-0.016489229586101124,-0.9964193045036824,-0.08291436692388594,0.00027377737031977057,0.999726222629991,3.1086244689504383e-13
0.624620084811858,0.0013700663798468413,-0.01646743186358075,-0.9964207998547807,-0.08290076129201968,0.0002730533940668612,0.9997269466060376,1.0436096431476471e-13
0.6246250879388123,0.0013680302147043384,-0.01644569391652998,-0.9964222985041836,-0.08288709603450996,0.0002723323550645353,0.9997276676453943,4.589661983800397e-13
0.6246300910657667,0.0013659986201185884,-0.016424015497934305,-0.996423800435387,-0.08287337141092208,0.0002716142373065521,0.9997283857631127,4.192202140984591e-13
0.624635094192721,0.0013639715802649585,-0.016402396358511723,-0.9964253056341857,-0.08285958765887776,0.0002708990247734891,0.9997291009751796,4.6851411639181606e-14
0.6246400973196754,0.001361949081633014,-0.016380836264192865,-0.996426814086317,-0.08284574501938942,0.000270186702015257,0.999729813298025,4.0190073491430667e-14
0.6246451004466297,0.0013599311087328883,-0.01635933496890645,-0.9964283257771179,-0.08283184373328716,0.00026947725324538496,0.9997305227472459,4.913847106990943e-13
0.6246501035735841,0.001357917646799059,-0.016337892230940662,-0.9964298406901709,-0.08281788405388674,0.00026877066288531954,0.9997312293370024,1.1224354778960333e-13
0.6246551067005384,0.0013559086815531543,-0.01631650781386499,-0.9964313588130302,-0.0828038662041766,0.0002680669155926284,0.9997319330843407,6.661338147750939e-14
0.6246601098274928,0.0013539041982351377,-0.0162951814790232,-0.9964328801304095,-0.08278979042767974,0.00026736599601229937,0.9997326340040423,5.46229728115577e-14
0.6246651129544472,0.0013519041826047466,-0.01627391299307437,-0.9964344046283642,-0.08277565695371664,0.00026666788902509903,0.999733332111202,2.2715163083830703e-13
0.6246701160814014,0.0013499086199899968,-0.01625270211724522,-0.9964359322908418,-0.08276146603639084,0.0002659725793942306,0.999734027420812,2.0627943797535409e-13
0.6246751192083558,0.0013479174959335363,-0.016231548618789966,-0.9964374631052173,-0.08274721788843141,0.0002652800521399862,0.999734719947837,2.298161660974074e-14
0.6246801223353101,0.0013459307965901475,-0.016210452267652307,-0.9964389970560665,-0.08273291275704156,0.00026459029243104367,0.9997354097073643,2.0461410343841635e-13
0.6246851254622645,0.001343948507511953,-0.0161894128323164,-0.9964405341303441,-0.08271855086124384,0.00026390328544601455,0.9997360967145495,4.440892098500626e-15
0.6246901285892188,0.001341970614529716,-0.0161684300817796,-0.9964420743125983,-0.0827041324401396,0.00026321901643965674,0.99973678098307,4.903855099769316e-13
0.6246951317161732,0.0013399971033331072,-0.016147503788672878,-0.9964436175904527,-0.0826896577117124,0.0002625374708421461,0.9997374625292287,7.083222897108499e-14
0.6247001348431276,0.0013380279596921967,-0.01612663372136434,-0.9964451639476852,-0.08267512691809294,0.00026185863400396365,0.9997381413656521,3.439470930288735e-13
0.6247051379700819,0.0013360631702660057,-0.016105819661090284,-0.9964467133721157,-0.08266054027364418,0.00026118249175050354,0.999738817508422,1.7252865802674933e-13
0.6247101410970363,0.0013341027200255205,-0.016085061373687936,-0.9964482658487126,-0.08264589801103721,0.0002605090294628871,0.9997394909709572,4.2010839251815923e-13
0.6247151442239905,0.0013321465959202717,-0.01606435864376181,-0.9964498213636616,-0.08263120034853326,0.0002598382331884266,0.9997401617667127,9.892087149410145e-14
0.6247201473509449,0.0013301947838597831,-0.016043711243868195,-0.9964513799033651,-0.0826164475142442,0.0002591700886396306,0.9997408299111942,1.6620038678638593e-13
0.6247251504778992,0.0013282472697904203,-0.01602311895251504,-0.9964529414543595,-0.08260163972302455,0.0002585045817761523,0.9997414954179774,2.4646951146678475e-13
0.6247301536048536,0.001326304040399559,-0.016002581552238247,-0.9964545060020197,-0.0825867772049821,0.00025784169874361595,0.9997421583008343,4.21995771660022e-13
0.6247351567318079,0.0013243650815240272,-0.015982098822347895,-0.9964560735337001,-0.08257186016943774,0.0002571814256364541,0.99974281857404,3.235189893757706e-13
0.6247401598587623,0.001322430380104273,-0.015961670547343022,-0.9964576440357374,-0.08255688883364697,0.0002565237487721404,0.9997434762511437,8.415490526658687e-14
0.6247451629857167,0.0013204999221029115,-0.015941296507244594,-0.9964592174936953,-0.08254186342114962,0.00025586865437616244,0.9997441313451834,4.404254738687996e-13
0.624750166112671,0.001318573693858003,-0.015920976484966876,-0.9964607938947054,-0.08252678414774971,0.00025521612882100264,0.999744783871036,1.4299672557172016e-13
0.6247551692396254,0.001316651682446452,-0.01590071027425749,-0.9964623732257977,-0.08251165121411409,0.0002545661588787669,0.9997454338408686,2.5268676040468563e-13
0.6247601723665797,0.0013147338739811863,-0.01588049765277768,-0.9964639554721455,-0.0824964648555198,0.00025391873085927106,0.9997460812688521,2.886579864025407e-13
0.624765175493534,0.0013128202552915775,-0.015860338412161463,-0.9964655406219438,-0.08248122526759538,0.0002532738315709883,0.9997467261686265,1.9739765377835283e-13
0.6247701786204883,0.0013109108131083458,-0.015840232342833646,-0.9964671286611029,-0.08246593266553189,0.0002526314478348775,0.9997473685524989,3.3373304120232206e-13
0.6247751817474427,0.0013090055338875917,-0.015820179231485987,-0.9964687195759289,-0.08245058726696933,0.00025199156640408896,0.9997480084339595,3.6348701826227625e-13
0.6247801848743971,0.0013071044049952766,-0.015800178873144746,-0.9964703133539928,-0.08243518927116436,0.0002513541743489276,0.9997486458259773,3.26183524634871e-13
0.6247851880013514,0.001305207412422802,-0.015780231055896193,-0.9964719099823668,-0.08241973888640583,0.00025071925856691413,0.9997492807420093,5.762057497804562e-13
0.6247901911283058,0.0013033145437888465,-0.015760335574258266,-0.9964735094461526,-0.08240423633289169,0.0002500868062132822,0.9997499131935386,2.481348460037225e-13
0.6247951942552601,0.0013014257857172403,-0.015740492224674024,-0.9964751117346081,-0.08238868179985571,0.0002494568045507531,0.9997505431952176,2.3159252293680765e-13
0.6248001973822145,0.001299541125509444,-0.01572070080296974,-0.9964767168343022,-0.08237307549500658,0.0002488292408733838,0.9997511707593758,2.4913404672588513e-13
0.6248052005091688,0.0012976605499001553,-0.015700961104318727,-0.9964783247319814,-0.08235741762086149,0.0002482041025020968,0.9997517958978333,3.352873534367973e-13
0.6248102036361232,0.0012957840458274767,-0.015681272922835787,-0.9964799354136162,-0.08234170839437065,0.00024758137677388393,0.9997524186232285,2.4424906541753444e-15
0.6248152067630776,0.0012939116005658002,-0.015661636060486234,-0.9964815488681933,-0.08232594799796734,0.00024696105132120154,0.9997530389485177,1.6109336087311021e-13
0.6248202098900318,0.0012920432017757796,-0.01564205031986977,-0.9964831650828995,-0.08231013663767421,0.00024634311384459304,0.999753656886946,7.904787935331115e-13
0.6248252130169862,0.0012901788362219015,-0.015622515496736983,-0.9964847840419488,-0.08229427452870357,0.0002457275518752221,0.999754272447335,7.898126597183364e-13
0.6248302161439405,0.0012883184917767852,-0.015603031399579215,-0.996486405737064,-0.08227836184266586,0.00024511435339250894,0.999754885646285,3.22519788653608e-13
0.6248352192708949,0.001286462155111292,-0.015583597823770485,-0.996488030154093,-0.08226239878719595,0.0002445035060095577,0.9997554964946084,6.179501355063621e-13
0.6248402223978492,0.0012846098139863745,-0.015564214577262338,-0.9964896572779206,-0.08224638557361742,0.0002438949977812556,0.9997561050017917,4.271027975732977e-13
0.6248452255248036,0.0012827614556744393,-0.01554488146208956,-0.996491287099837,-0.08223032237459874,0.00024328881662257965,0.9997567111837202,3.4283687000424834e-13
0.6248502286517579,0.001280917067661029,-0.015525598285524616,-0.9964929196044185,-0.08221420940022282,0.00024268495065771025,0.9997573150490418,3.005373727660299e-13
0.6248552317787123,0.0012790766377932378,-0.015506364857222848,-0.9964945547814357,-0.08219804683109387,0.00024208338813066428,0.9997579166118982,2.886579864025407e-14
0.6248602349056667,0.0012772401536331585,-0.015487180982115933,-0.9964961926164317,-0.08218183487485195,0.00024148411718286626,0.9997585158824422,3.7492231541591536e-13
0.624865238032621,0.0012754076023863993,-0.015468046467310276,-0.9964978330986115,-0.08216557371030042,0.00024088712606709498,0.9997591128733713,5.616618281578667e-13
0.6248702411595753,0.0012735789724197433,-0.015448961127340085,-0.9964994762158131,-0.08214926352820623,0.00024029240331305474,0.9997597075966167,7.027711745877241e-14
0.6248752442865296,0.001271754250883865,-0.015429924769227464,-0.9965011219550977,-0.08213290452113552,0.00023969993725866034,0.9997603000628462,1.0480505352461478e-13
0.624880247413484,0.001269933426002251,-0.015410937207553214,-0.9965027703045044,-0.08211649687779911,0.00023910971652162588,0.9997608902840334,5.548894677076532e-13
0.6248852505404383,0.0012681164855249086,-0.015391998253160483,-0.996504421250592,-0.08210004079006512,0.00023852172964615543,0.9997614782697078,6.460387780293786e-13
0.6248902536673927,0.001266303416874063,-0.015373107717681515,-0.9965060747836264,-0.0820835364345943,0.00023793596524302585,0.9997620640342798,4.771738559838923e-13
0.6248952567943471,0.0012644942085356695,-0.015354265421293332,-0.9965077308912504,-0.08206698399569287,0.00023735241223094437,0.9997626475881782,4.092282068768327e-13
0.6249002599213014,0.0012626888484901506,-0.015335471175774497,-0.9965093895592869,-0.08205038366992837,0.00023677105931111186,0.9997632289402053,4.836131495267182e-13
0.6249052630482558,0.0012608873248315053,-0.015316724800560833,-0.9965110507785678,-0.08203373562747585,0.00023619189546203603,0.9997638081048041,2.6623148130511254e-13
0.6249102661752101,0.0012590896252292754,-0.015298026108749646,-0.9965127145350938,-0.08201704006287706,0.00023561490950834584,0.9997643850907771,2.8554936193359026e-13
0.6249152693021645,0.0012572957379390801,-0.015279374921694558,-0.9965143808178956,-0.08200029715034758,0.0002350400905703484,0.9997649599096191,1.894040480010517e-13
0.6249202724291187,0.001255505651198448,-0.015260771056641738,-0.9965160496144712,-0.08198350707843588,0.00023446742768342538,0.999765532572111,2.05613304160579e-13
0.6249252755560731,0.0012537193536700513,-0.015242214338668644,-0.996517720914633,-0.08196667001108608,0.00023389691016368285,0.9997661030896005,2.3581137043038325e-13
0.6249302786830274,0.0012519368327428555,-0.015223704582155167,-0.9965193947051534,-0.0819497861457364,0.00023332852703791048,0.9997666714728575,1.0458300891968975e-13
0.6249352818099818,0.0012501580774456078,-0.015205241614199016,-0.996521070975137,-0.08193285564874975,0.00023276226776477204,0.9997672377321929,4.2299497238218464e-14
0.6249402849369362,0.0012483830760594238,-0.015186825257932269,-0.9965227497127592,-0.08191587870002914,0.00023219812171956108,0.9997678018782764,3.9968028886505635e-15
0.6249452880638905,0.0012466118165126066,-0.015168455331963798,-0.9965244309068191,-0.08189885547285529,0.00023163607817884983,0.9997683639219233,1.021405182655144e-13
0.6249502911908449,0.0012448442878266683,-0.015150131667595617,-0.9965261145451721,-0.08188178614783474,0.0002310761268464182,0.9997689238732574,1.0391687510491465e-13
0.6249552943177992,0.001243080478006002,-0.015131854085520544,-0.9965278006172437,-0.08186467089224642,0.00023051825714028436,0.9997694817433368,4.771738559838923e-13
0.6249602974447536,0.0012413203758326323,-0.015113622412272557,-0.9965294891092527,-0.08184750989928927,0.00022996245869620453,0.999770037541062,2.418065747633591e-13
0.6249653005717078,0.0012395639699802092,-0.015095436478321907,-0.9965311800125296,-0.0818303033185764,0.00022940872130672484,0.9997705912783752,3.1807889655510735e-13
0.6249703036986622,0.0012378112490857081,-0.015077296111754998,-0.9965328733152203,-0.0818130513272703,0.00022885703472990548,0.9997711429653677,9.769962616701378e-14
0.625049567985448,0.0012105257582410301,-0.014795845478960672,-0.9965600114443374,-0.08153380387440677,0.00022038241604864595,0.999779617584168,2.1671553440683056e-13
0.6264129149613461,0.0008505437225468436,-0.011239750292903371,-0.9970857011201101,-0.07545229758358846,0.00012705541127078525,0.9998729445888239,9.481304630298837e-14
0.6277762619372442,0.0006205678534254151,-0.00911029518311209,-0.9976464697028797,-0.06795689006046723,8.338258278414039e-05,0.9999166174173093,9.348077867343818e-14
0.6291396089131424,0.0004605823813101371,-0.0076927898330171425,-0.9981828357517701,-0.059763159716295144,5.9391151544945234e-05,0.9999406088487207,2.6556534749033744e-13
0.6305029558890405,0.00034240443749839643,-0.006681593107701015,-0.9986671566539569,-0.05117762492998508,4.476092725569631e-05,0.999955239072773,2.864375403532904e-14
0.6318663028649386,0.000251137883242512,-0.005924106045948344,-0.9990850822967562,-0.042353751065228554,3.515810268004125e-05,0.9999648418972115,1.084687895058778e-13
0.6332296498408367,0.00017818993871039635,-0.005335640716792906,-0.9994285715378268,-0.033377081659480834,2.8500813512955928e-05,0.9999714991862446,2.424727085781342e-13
0.634592996816735,0.00011826242031212224,-0.004865425052074838,-0.9996928832891917,-0.024299233607397778,2.368634693741552e-05,0.9999763136529645,9.814371537686384e-14
0.6359563437926331,6.791312662639494e-05,-0.004481169897371009,-0.9998751377496911,-0.015153330133454,2.0085495841872276e-05,0.9999799145040971,6.106226635438361e-14
0.6373196907685312,2.4809476620342937e-05,-0.00416136007597971,-0.9999735698926105,-0.005961709741249867,1.7317533192088033e-05,0.9999826824668108,2.886579864025407e-15
0.6386830377444294,-1.2684883278659231e-05,-0.0038911066748424086,-0.9999871159221911,0.0032599260049650356,1.5140872061266938e-05,0.9999848591279394,6.661338147750939e-16
0.6400463847203275,-4.575163838848428e-05,-0.003659778450357331,-0.9999151715673191,0.012500143919086612,1.3396071518115137e-05,0.9999866039284989,1.709743457922741e-14
0.6414097316962256,-7.526539332767243e-05,-0.003459581437184948,-0.999757444346854,0.021750358720835788,1.1974368599947442e-05,0.9999880256314381,3.7969627442180354e-14
0.6427730786721237,-0.00010188731164660073,-0.0032846716094377297,-0.9995138597862049,0.03100394566690222,1.0799448606120816e-05,0.9999892005516337,2.398081733190338e-13
0.6441364256480219,-0.00012612647921240793,-0.00313058094790036,-0.999184499908755,0.0402556666483174,9.816444960115236e-06,0.9999901835552094,1.694200335577989e-13
0.64549977262392,-0.00014838125873667485,-0.002993834949234316,-0.9987695617430817,0.04950128756866922,8.985064701201119e-06,0.9999910149354236,1.247890679678676e-13
0.6468631195998181,-0.0001689678516945592,-0.002871690999958189,-0.9982693286194113,0.05873731674776455,8.275159334147136e-06,0.9999917248409775,3.1175062531474396e-13
0.6482264665757163,-0.00018814045625789743,-0.0027619552877886718,-0.9976841498718578,0.06796082180562958,7.663793843024735e-06,0.9999923362060282,1.2878587085651816e-13
0.6495898135516144,-0.00020610576998845485,-0.002662852055239117,-0.9970144262030255,0.07716929883292452,7.133260656513723e-06,0.9999928667393134,3.008704396734174e-14
0.6509531605275125,-0.00022303360541129093,-0.0025729285309667753,-0.9962605989308833,0.08636057730748051,6.669705214605607e-06,0.9999933302950037,2.1826984664130578e-13
0.6523165075034106,-0.00023906478141452544,-0.002490984675885164,-0.9954231419628022,0.09553274982130529,6.262156625207492e-06,0.9999937378435173,1.425526363618701e-13
0.6536798544793089,-0.00025431707236742325,-0.0024160205013013672,-0.9945025557180652,0.10468411931945468,5.901832236006048e-06,0.9999940981674533,3.106404022901188e-13
0.655043201455207,-0.000268889750800114,-0.0023471960381470382,-0.9934993624553586,0.11381315903920246,5.5816309395784995e-06,0.9999944183696869,6.266098750984384e-13
0.6564065484311051,-0.00028286709657416833,-0.0022838005470393313,-0.9924141026262168,0.122918481726071,5.2957587329814494e-06,0.9999947042412416,2.5424107263916085e-14
0.6577698954070033,-0.00029632113680945385,-0.0022252285751438827,-0.9912473320220352,0.13199881556564028,5.039448427756922e-06,0.9999949605515349,3.730349362740526e-14
0.6591332423829014,-0.0003093138064525747,-0.0021709611452317033,-0.989999619478721,0.14105298538113234,4.808747324967929e-06,0.9999951912529425,2.673417043297377e-13
0.6604965893587995,-0.0003218986674830214,-0.002120550838769572,-0.9886715450313109,0.15007989768896215,4.6003546119336825e-06,0.9999953996449289,4.591882429849647e-13
0.6618599363346976,-0.0003341222882238735,-0.00207360986299183,-0.9872636984244703,0.15907852864980848,4.411495567384953e-06,0.9999955885041513,2.8133051444001467e-13
0.6632232833105958,-0.0003460253591461319,-0.0020298004296776416,-0.985776677863014,0.1680479144688713,4.239823333491749e-06,0.9999957601759776,6.888933867799096e-13
0.6645866302864939,-0.0003576436015549097,-0.001988826937279751,-0.9842110889907176,0.17698714350567119,4.083341532182723e-06,0.9999959166585912,1.234568003383174e-13
0.665949977262392,-0.00036900851297566324,-0.001950429575972671,-0.982567544026241,0.18589534981677241,3.940342813477442e-06,0.999996059657259,7.238654120556021e-14
0.6673133242382902,-0.0003801479824452195,-0.0019143790612508307,-0.9808466610303451,0.19477170787173728,3.809359678712782e-06,0.9999961906416504,1.3291590050812374e-12
0.6686766712141883,-0.00039108680128585246,-0.0018804722706604058,-0.979049063278028,0.20361542812095984,3.689124846862703e-06,0.9999963108744658,6.873390745454344e-13
0.6700400181900864,-0.0004018470896972254,-0.0018485286081329298,-0.977175378732517,0.2124257532886777,3.578539098583996e-06,0.9999964214613004,3.9901415505028126e-13
0.6714033651659845,-0.0004124486548213188,-0.0018183869579949403,-0.9752262395534631,0.22120195532846346,3.476645021870008e-06,0.9999965233547241,2.540190280342358e-13
0.6727667121418828,-0.0004229092928096755,-0.0017899031199201648,-0.9732022817031802,0.22994333276358095,3.38260544864472e-06,0.9999966173946994,1.4810375148499588e-13
0.6741300591177809,-0.00043324504481231647,-0.0017629476390143538,-0.971104144572491,0.23864920847814425,3.2956856467607104e-06,0.9999967043131139,1.2393419623890622e-12
0.675493406093679,-0.0004434704149484473,-0.0017374039610047833,-0.968932470662749,0.2473189278168492,3.2152385326496583e-06,0.999996784761095,3.723688024592775e-13
0.6768567530695772,-0.00045359855667779635,-0.0017131668579056748,-0.9666879052807898,0.25595185697863604,3.140692333646582e-06,0.9999968593069735,6.928901896685602e-13
0.6782201000454753,-0.0004636414327034705,-0.0016901410782788869,-0.9643710962915218,0.26454738157260277,3.0715402426050448e-06,0.9999969284594317,3.2573943542502093e-13
0.6795834470213734,-0.0004736099528477778,-0.0016682401862024496,-0.9619826938678313,0.2731049054266947,3.0073317062972578e-06,0.9999969926693334,1.0396128402589966e-12
0.6809467939972715,-0.00048351409322233555,-0.0016473855583379142,-0.9595233502648389,0.28162384954503605,2.947665056164938e-06,0.9999970523360261,1.0822454044046026e-12
0.6823101409731697,-0.0004933629996204359,-0.0016275055149021,-0.9569937196288235,0.29010365114750314,2.892181250431224e-06,0.9999971078181236,6.260547635861258e-13
0.6836734879490678,-0.0005031650776118941,-0.001608534563898082,-0.9543944578027911,0.2985437628847715,2.840558538582977e-06,0.9999971594420821,6.206146707654625e-13
0.6850368349249659,-0.0005129280711397774,-0.0015904127419821227,-0.9517262221489716,0.3069436521044315,2.7925078960222666e-06,0.99999720749316,1.056044141023449e-12
0.686400181900864,-0.0005226591314206776,-0.0015730850376112747,-0.9489896713831762,0.3153028002393755,2.747769103213882e-06,0.9999972522307403,1.5643042416968456e-13
0.6877635288767622,-0.0005323648774543511,-0.0015565008848451524,-0.9461854654301001,0.32362070221546024,2.7061073672707286e-06,0.9999972938936026,9.698908343125368e-13
0.6891268758526603,-0.0005420514493730186,-0.0015406137180583711,-0.9433142652615071,0.331896865974367,2.667310402037029e-06,0.9999973326894637,1.3433698597964394e-13
0.6904902228285584,-0.0005517245554479246,-0.0015253805787115871,-0.9403767327728728,0.34013081200096507,2.631185894994706e-06,0.9999973688130188,1.0862422072932532e-12
0.6918535698044567,-0.0005613895138731017,-0.0015107617678587566,-0.9373735306437111,0.3483220729292858,2.5975593055103932e-06,0.999997402441211,5.164757510556228e-13
0.6932169167803548,-0.0005710512897329468,-0.0014967205377506658,-0.9343053222012421,0.3564701931919141,2.5662719436303038e-06,0.9999974337278474,2.0894397323445446e-13
0.6945802637562529,-0.0005807145279142275,-0.0014832228177975386,-0.9311727713254123,0.364574728638833,2.5371792901659144e-06,0.9999974628199272,7.825962100582728e-13
0.695943610732151,-0.0005903835825159087,-0.001470236970375947,-0.9279765423121573,0.37263524627822747,2.510149523564562e-06,0.9999974898504622,1.4210854715202004e-14
0.6973069577080492,-0.0006000625430694905,-0.0014577335728890941,-0.9247172997696772,0.3806513239734729,2.4850622251230284e-06,0.9999975149360807,1.6942003355779889e-12
0.6986703046839473,-0.0006097552580304418,-0.0014456852226419862,-0.9213957085207697,0.3886225501892232,2.4618072376611797e-06,0.9999975381960667,3.304467810494316e-12
0.7000336516598454,-0.0006194653559261766,-0.0014340663618793437,-0.9180124334590891,0.39654852380313377,2.4402836574666013e-06,0.9999975597159231,4.1944225870338414e-13
0.7013969986357436,-0.0006291962642289731,-0.0014228531208271508,-0.9145681395189933,0.40442885378901067,2.4203989423672577e-06,0.999997579600326,7.316369732279782e-13
0.7027603456116417,-0.0006389512265126468,-0.0014120231761813426,-0.9110634915190613,0.4122631591028962,2.4020681199352624e-06,0.9999975979324026,5.224709553885987e-13
0.7041236925875398,-0.0006487333178767522,-0.0014015556235767467,-0.9074991540832718,0.42005106846953655,2.3852130837029833e-06,0.999997614784253,2.663314013773288e-12
0.705487039563438,-0.0006585454588140422,-0.0013914308624641397,-0.903875791577246,0.42779222017138563,2.369761966342297e-06,0.9999976302385565,5.229150445984487e-13
0.7068503865393361,-0.000668390427897584,-0.00138163049187205,-0.9001940679729463,0.43548626193780926,2.3556485801757182e-06,0.9999976443502475,1.1722844917017028e-12
0.7082137335152342,-0.0006782708732500511,-0.0013721372159195997,-0.896454646801114,0.44313285075276176,2.342811916810977e-06,0.9999976571875797,5.034861416675085e-13
0.7095770804911324,-0.0006881893228435777,-0.0013629347580847622,-0.8926581910565018,0.45073165270042,2.331195698871471e-06,0.9999976688063182,2.0170531911389844e-12
0.7109404274670306,-0.0006981481941064134,-0.0013540077832820108,-0.8888053631041405,0.4582823428496785,2.3207479781223114e-06,0.9999976792504732,1.5486500970496309e-12
0.7123037744429287,-0.0007081498024562924,-0.001345341826805983,-0.884896824617243,0.46578460511607483,2.3114207736725453e-06,0.9999976885808174,1.5911716388927744e-12
0.7136671214188268,-0.0007181963692008957,-0.0013369232296176416,-0.8809332364913253,0.4732381321050327,2.3031697466246148e-06,0.9999976968333418,3.0884184099022605e-12
0.715030468394725,-0.0007282900287845036,-0.001328739079243628,-0.8769152587556228,0.4806426250413707,2.2959539067361373e-06,0.9999977040451007,9.9253938401489e-13
0.7163938153706231,-0.0007384328353225197,-0.0013207771556931727,-0.8728435505354711,0.48799779359580514,2.289735347283403e-06,0.9999977102657416,1.0889067425523535e-12
0.7177571623465212,-0.0007486267686464361,-0.0013130258819528087,-0.8687187699391301,0.49530335581129337,2.2844790054119556e-06,0.999997715522484,1.48947520983711e-12
0.7191205093224193,-0.000758873739905217,-0.0013054742786070721,-0.8645415740068968,0.5025590379856644,2.280152445222386e-06,0.9999977198473992,1.5565326805244695e-13
0.7204838562983175,-0.0007691755966202671,-0.00129811192217384,-0.8603126186462896,0.5097645745559722,2.276725660926005e-06,0.9999977232742676,7.149836278586008e-14
0.7218472032742156,-0.0007795341273814375,-0.0012909289067953179,-0.8560325585600376,0.5169197079972981,2.2741708981520935e-06,0.9999977258308561,1.7541523789077473e-12
0.7232105502501137,-0.0007899510661570553,-0.0012839158089652145,-0.8517020471686367,0.5240241887430541,2.27246249143347e-06,0.9999977275390626,1.5540901898702941e-12
0.7245738972260118,-0.0008004280963493226,-0.001277063655105497,-0.8473217365582829,0.5310777750780203,2.271576716616812e-06,0.9999977284259643,2.680966559864828e-12
0.72593724420191,-0.0008109668543605355,-0.0012703638915291594,-0.8428922774203078,0.5380802330248031,2.271491655772532e-06,0.9999977285068197,1.524558257415265e-12
0.7273005911778081,-0.0008215689331110542,-0.0012638083568664723,-0.838414318984039,0.5450313362886896,2.272187074738768e-06,0.9999977278141048,1.1795009413617663e-12
0.7286639381537063,-0.0008322358851675384,-0.0012573892564345377,-0.8338885089506428,0.5519308661368572,2.2736443107575953e-06,0.9999977263545076,1.1817213874110166e-12
0.7300272851296045,-0.0008429692255944079,-0.0012510991385770896,-0.8293154934506819,0.5587786113285267,2.2758461698475716e-06,0.9999977241555847,1.7545964681175974e-12
0.7313906321055026,-0.0008537704347854447,-0.0012449308727077247,-0.8246959169556355,0.5655743680352577,2.2787768331345442e-06,0.9999977212217775,1.3893330930159209e-12
0.7327539790814007,-0.0008646409608625733,-0.001238877629072023,-0.8200304222665475,0.5723179397289642,2.2824217710164704e-06,0.9999977175782585,2.9531932455029164e-14
0.7341173260572988,-0.0008755822221121059,-0.0012329328597364337,-0.8153196504194539,0.57900913712233,2.2867676642966338e-06,0.9999977132312455,1.0901279878794412e-12
0.735480673033197,-0.0008865956091372331,-0.0012270902811517327,-0.8105642406441527,0.585647778094248,2.291802332238459e-06,0.9999977081977612,9.348077867343818e-14
0.7368440200090951,-0.0008976824868852014,-0.0012213438578343346,-0.8057648303236472,0.5922336875761521,2.2975146663300554e-06,0.9999977024865434,1.2096990076315706e-12
0.7382073669849932,-0.000908844196532021,-0.001215687787079758,-0.8009220549141212,0.5987666975193939,2.3038945692248137e-06,0.9999976961061399,7.08988423525625e-13
0.7395707139608914,-0.0009200820573017467,-0.0012101164849264508,-0.7960365479265861,0.6052466467722651,2.3109328992593634e-06,0.9999976890639473,3.1534774791452946e-12
0.7409340609367895,-0.0009313973680858915,-0.0012046245729093296,-0.7911089408622652,0.6116733810355679,2.318621418934311e-06,0.9999976813796982,1.1171064073778325e-12
0.7422974079126876,-0.0009427914090018257,-0.0011992068657034347,-0.7861398631506178,0.6180467527731137,2.3269527476379036e-06,0.9999976730478627,6.104006189389111e-13
0.7436607548885857,-0.0009542654428459353,-0.0011938583596567479,-0.7811299421251193,0.6243666211421568,2.3359203183322497e-06,0.9999976640808658,1.184163878065192e-12
0.7450241018644839,-0.0009658207164893359,-0.0011885742220430432,-0.7760798029679102,0.6306328519086731,2.345518337705199e-06,0.9999976544811766,4.85722573273506e-13
0.746387448840382,-0.000977458462095542,-0.0011833497809089599,-0.7709900686651128,0.6368453173880457,2.3557417490994653e-06,0.9999976442593159,1.0649259252204502e-12
0.7477507958162802,-0.0009891798983835336,-0.0011781805156715708,-0.765861359947403,0.643003896374362,2.366586198874186e-06,0.9999976334130969,7.042144645197368e-13
0.7491141427921784,-0.0010009862317376136,-0.001173062048308403,-0.7606942952810115,0.6491084740461892,2.378048005309773e-06,0.9999976219516471,3.476108290101365e-13
0.7504774897680765,-0.001012878657261886,-0.0011679901349913155,-0.7554894907970002,0.6551589419167538,2.390124129773673e-06,0.9999976098781913,2.3210322552813523e-12
0.7518408367439746,-0.0010248583598030413,-0.0011629606583022963,-0.750247560243599,0.6611551977666059,2.4028121504170904e-06,0.9999975971852725,2.5770496847599134e-12
0.7532041837198727,-0.001036926514892026,-0.0011579696199647718,-0.7449691149908665,0.6670971455488194,2.4161102380474814e-06,0.9999975838896574,1.0447198661722723e-13
0.7545675306957709,-0.0010490842896500676,-0.001153013133851737,-0.73965476393924,0.6729846953452606,2.430017133625191e-06,0.9999975699869664,4.100053629940703e-12
0.755930877671669,-0.0010613328436321447,-0.0011480874195436952,-0.7343051134939372,0.678817763294197,2.4445321278867946e-06,0.9999975554670804,7.918110611626616e-13
0.7572942246475671,-0.001073673329600984,-0.0011431887962421537,-0.7289207675671477,0.6845962715014234,2.4596550425500476e-06,0.9999975403443305,6.269429420058259e-13
0.7586575716234653,-0.0010861068943406231,-0.0011383136769647288,-0.7235023274850911,0.6903201480014131,2.4753862130991942e-06,0.9999975246130368,7.500666754367558e-13
0.7600209185993634,-0.001098634679353658,-0.0011334585631337813,-0.7180503919939764,0.6959893266679879,2.491726473019811e-06,0.9999975082784623,4.935385433668671e-12
0.7613842655752615,-0.0011112578215299075,-0.001128620039400031,-0.7125655571818789,0.7016037471666552,2.5086771392467237e-06,0.9999974913202134,2.6473268022186858e-12
0.7627476125511596,-0.001123977453814966,-0.0011237947688714635,-0.7070484165227195,0.7071633548587467,2.5262399992272403e-06,0.9999974737623628,2.362110507192483e-12
0.7641109595270578,-0.00113679470586934,-0.0011189794883981823,-0.7014995607323702,0.7126681007808655,2.544417298748417e-06,0.999997455578314,4.387268326411231e-12
0.7654743065029559,-0.0011497107045529593,-0.0011141710043453283,-0.6959195778492026,0.7181179415356117,2.5632117310875398e-06,0.9999974367891564,8.875122858853501e-13
0.7668376534788541,-0.0011627265746124564,-0.0011093661884044672,-0.6903090531113061,0.7235128392542103,2.582626427285072e-06,0.9999974173731166,4.560796185160143e-13
0.7682010004547523,-0.001175843439154061,-0.0011045619737495532,-0.6846685689865706,0.7288527615242698,2.602664947255158e-06,0.9999973973396724,4.619638005465276e-12
0.7695643474306504,-0.0011890624201694364,-0.0010997553512826083,-0.6789987051151524,0.7341376813102172,2.6233312717339307e-06,0.9999973766675957,1.1325385074201222e-12
0.7709276944065485,-0.001202384639030356,-0.0010949433661486725,-0.6733000382915408,0.7393675769251591,2.6446297952491444e-06,0.9999973553715712,1.3664624987086427e-12
0.7722910413824466,-0.001215811216957004,-0.001090123114385973,-0.6675731424190523,0.7445424319355384,2.6665653197970446e-06,0.999997333431734,2.946198840447778e-12
0.7736543883583448,-0.0012293432754659998,-0.0010852917397501357,-0.6618185885161356,0.7496622351125896,2.6891430493033496e-06,0.9999973108594935,2.5428548156014585e-12
0.7750177353342429,-0.0012429819368376626,-0.0010804464307029695,-0.6560369446429751,0.7547269803664964,2.712368584923494e-06,0.9999972876296197,1.7953416531213406e-12
0.776381082310141,-0.0012567283245384195,-0.001075584417540148,-0.6502287759199227,0.7597366666917259,2.736247920952322e-06,0.9999972637501756,1.903477375719831e-12
0.7777444292860392,-0.0012705835635366486,-0.0010707029696285688,-0.6443946444829617,0.7646912980878608,2.760787441100924e-06,0.9999972392096202,2.938649323880327e-12
0.7791077762619373,-0.001284548780814147,-0.0010657993927867737,-0.6385351094543582,0.7695908835226392,2.785993915955767e-06,0.9999972140070454,9.614531393253856e-13
0.7804711232378354,-0.0012986251056560426,-0.0010608710268043492,-0.6326507269195198,0.7744354368510091,2.8118745005530824e-06,0.9999971881224101,3.0893065883219606e-12
0.7818344702137335,-0.0013128136700260135,-0.0010559152430536251,-0.6267420499316275,0.7792249767628184,2.838436732720167e-06,0.9999971615635135,2.462474668618597e-13
0.7831978171896317,-0.0013271156089740335,-0.0010509294421773942,-0.6208096284428073,0.7839595267244333,2.865688532017809e-06,0.9999971343092939,2.1740387268209815e-12
0.7845611641655298,-0.001341532060911423,-0.0010459110519499273,-0.6148540093257976,0.7886391149159431,2.8936381990442535e-06,0.9999971063594103,2.3906432389253496e-12
0.785924511141428,-0.0013560641679582605,-0.0010408575251582624,-0.608875736336474,0.7932637741683024,2.922294415298912e-06,0.9999970777070228,1.4381829060994278e-12
0.7872878581173262,-0.0013707130762886637,-0.0010357663375709751,-0.6028753500702567,0.7978335419233057,2.9516662435539232e-06,0.9999970483402216,6.465272761602137e-12
0.7886512050932243,-0.0013854799364071508,-0.0010306349860592476,-0.5968533879863401,0.8023484601388066,2.9817631286761085e-06,0.9999970182378867,1.0154099783221682e-12
0.7900145520691224,-0.001400365903479385,-0.0010254609867123047,-0.5908103843659228,0.8068085752713243,3.012594898896608e-06,0.9999969874059537,8.526512829121202e-13
0.7913778990450205,-0.0014153721376126268,-0.0010202418730597522,-0.5847468702815315,0.8112139381952118,3.044171767474608e-06,0.9999969558262313,2.001288024189307e-12
0.7927412460209187,-0.001430499804168064,-0.0010149751944174077,-0.5786633736250534,0.8155646041370178,3.0765043350075245e-06,0.9999969234962985,6.334932578511143e-13
0.7941045929968168,-0.0014457500739881255,-0.0010096585141522352,-0.572560419025224,0.8198606326434593,3.1096035916367696e-06,0.9999968903928735,3.534839088104036e-12
0.7954679399727149,-0.0014611241237392264,-0.0010042894081276135,-0.5664385278838415,0.8241020875164491,3.1434809202500343e-06,0.9999968565201828,1.1031175972675555e-12
0.796831286948613,-0.0014766231361412864,-0.0009988654632322753,-0.5602982183529529,0.8282890367279313,3.178148099825955e-06,0.9999968218531777,1.2776446567386301e-12
0.7981946339245112,-0.0014922483002201615,-0.0009933842757695397,-0.5541400052880502,0.8324215524117611,3.213617308856134e-06,0.9999967863802467,2.4444890556196697e-12
0.7995579809004093,-0.0015080008116266142,-0.0009878434501486629,-0.5479644002691683,0.8364997107803217,3.2499011298681408e-06,0.9999967500979113,9.587886040662852e-13
0.8009213278763074,-0.0015238818728490339,-0.0009822405974950826,-0.5417719115818133,0.8405235920623052,3.2870125537653753e-06,0.9999967129923323,4.886091531375314e-12
0.8022846748522056,-0.0015398926934458252,-0.0009765733342000432,-0.5355630441787215,0.8444932804592397,3.3249649843984277e-06,0.999996675030787,4.228506433889834e-12
0.8036480218281037,-0.0015560344903411238,-0.000970839280718728,-0.529338299697753,0.8484088641120332,3.3637722441176186e-06,0.999996636230779,3.0231372960543013e-12
0.8050113688040019,-0.0015723084880361672,-0.0009650360602993712,-0.5230981764384326,0.852270434990463,3.4034485792287104e-06,0.9999965965520463,6.254996520738132e-13
0.8063747157799,-0.0015887159188681446,-0.0009591612977157921,-0.5168431693461987,0.8560780889015268,3.4440086659008953e-06,0.9999965559971139,5.779821066198565e-12
0.8077380627557982,-0.0016052580232410328,-0.000953212618103943,-0.5105737699918711,0.8598319253955258,3.485467616492282e-06,0.9999965145330889,7.054357098468245e-13
0.8091014097316963,-0.001621936049861947,-0.0009471876458257286,-0.5042904666003887,0.8635320477269561,3.5278409862466612e-06,0.999996472155548,3.465783215972351e-12
0.8104647567075944,-0.0016387512559800901,-0.0009410840033093574,-0.4979937440095832,0.8671785628015038,3.5711447802610892e-06,0.999996428855164,5.573319583618286e-14
0.8118281036834926,-0.0016557049076244147,-0.0009348993099347325,-0.4916840836497453,0.8707715811222361,3.6153954608480106e-06,0.9999963846046087,6.94999613415348e-14
0.8131914506593907,-0.001672798279779808,-0.0009286311809754546,-0.4853619635684685,0.8743112167336485,3.660609955114151e-06,0.999996339385312,4.732880753977042e-12
0.8145547976352888,-0.001690032656720112,-0.0009222772265710696,-0.47902785841190465,0.8777975871811455,3.706805663432065e-06,0.9999962931957366,1.3999912340523224e-12
0.815918144611187,-0.0017074093321568073,-0.0009158350506583168,-0.4726822393870296,0.8812308134441083,3.754000467550476e-06,0.9999962459953018,4.2306158576366215e-12
0.8172814915870851,-0.0017249296094630833,-0.0009093022500163764,-0.46632557431527283,0.8846110198991589,3.8022127394873103e-06,0.9999961977874992,2.3869795029440866e-13
0.8186448385629832,-0.0017425948019470067,-0.0009026764132052251,-0.4599583275593491,0.887938334259458,3.851461350729777e-06,0.9999961485386545,5.10702591327572e-15
0.8200081855388813,-0.001760406233051478,-0.0008959551196717894,-0.45358096006991794,0.8912128875301005,3.901765681832586e-06,0.999996098237688,3.369748924342275e-12
0.8213715325147795,-0.0017783652365448198,-0.000889135938732549,-0.44719392934659985,0.8944348139529226,3.953145632096924e-06,0.999996046855451,1.0831335828243027e-12
0.8227348794906777,-0.0017964731568094932,-0.0008822164287001072,-0.44079768944719055,0.8976042509699362,4.005621630205438e-06,0.9999959943812824,2.9125590828016357e-12
0.8240982264665758,-0.0018147313490631512,-0.0008751941359384873,-0.4343926909882051,0.9007213391498982,4.059214644853681e-06,0.9999959407839603,1.3948842081390467e-12
0.825461573442474,-0.0018331411795013295,-0.0008680665939451707,-0.42797938113008993,0.903786222167612,4.113946195507096e-06,0.9999958860524988,1.3057332992616466e-12
0.8268249204183721,-0.0018517040256079494,-0.0008608313224353173,-0.42155820357432505,0.9067990467364175,4.169838364138422e-06,0.9999958301628876,1.2516654379624015e-12
0.8281882673942702,-0.001870421276366324,-0.0008534858265487114,-0.41512959856507264,0.9097599625613242,4.2269138072033675e-06,0.9999957730843804,1.812439087700568e-12
0.8295516143701683,-0.0018892943323993777,-0.0008460275958397846,-0.4086940028882053,0.9126691223027604,4.285195767358856e-06,0.9999957148016754,2.5572877149215856e-12
0.8309149613460665,-0.0019083246063545318,-0.0008384541035471026,-0.4022518498532155,0.9155266815228104,4.344708086973154e-06,0.9999956552905034,1.4096501743665613e-12
0.8322783083219646,-0.0019275135230026816,-0.0008307628056772766,-0.3958035693287016,0.9183327986258308,4.405475220654988e-06,0.9999955945252909,5.115907697472721e-13
0.8336416552978627,-0.0019468625195045452,-0.0008229511401295207,-0.38934958768652933,0.9210876348342669,4.467522248892065e-06,0.9999955324762543,1.496802681799636e-12
0.8350050022737608,-0.0019663730456619577,-0.000815016525906821,-0.38289032784402954,0.9237913541338874,4.530874892207107e-06,0.9999954691290297,3.921973856790828e-12
0.836368349249659,-0.0019860465641153196,-0.0008069563622864089,-0.3764262092533358,0.9264441232092813,4.59555952546878e-06,0.99999540444185,1.375344282905644e-12
0.8377316962255571,-0.002005884550564116,-0.00079876802791209,-0.36995764789157426,0.9290461114301992,4.661603192606374e-06,0.99999533839704,2.327027459614328e-13
0.8390950432014552,-0.0020258884940983412,-0.0007904488800609714,-0.36348505626210076,0.9315974907857918,4.729033622509689e-06,0.999995270964246,2.131517184977838e-12
0.8404583901773534,-0.0020460598973378904,-0.0007819962538094825,-0.3570088434179195,0.9340984358427394,4.797879244466404e-06,0.9999952021224532,1.6977530492567894e-12
0.8418217371532516,-0.0020664002766633566,-0.0007734074611360011,-0.35052941493135287,0.936549123698087,4.86816920433523e-06,0.9999951318317712,9.756639940405876e-13
0.8431850841291497,-0.0020869111625548002,-0.0007646797901959798,-0.3440471728941821,0.9389497339502131,4.939933381929996e-06,0.9999950600616548,4.963252031586762e-12
0.8445484311050478,-0.00210759409972775,-0.0007558105044790241,-0.3375625159729928,0.9413004486370925,5.01320240788806e-06,0.9999949867944088,3.1833424785077113e-12
0.845911778080946,-0.002128450647425504,-0.0007467968419628717,-0.33107583933318735,0.9436014522041266,5.088007681691765e-06,0.9999949119919112,4.071187831300449e-13
0.8472751250568441,-0.0021494823796759928,-0.0007376360143181423,-0.3245875346959031,0.9458529314535972,5.164381390156724e-06,0.9999948356193273,7.174261185127762e-13
0.8486384720327422,-0.0021706908855450443,-0.0007283252061703595,-0.31809799033409547,0.9480550755032632,5.242356526531424e-06,0.9999947576420881,1.3853362901272703e-12
0.8500018190086404,-0.0021920777693503254,-0.0007188615741595486,-0.3116075910559182,0.9502080757527868,5.321966909683042e-06,0.9999946780294863,3.604005982538183e-12
0.8513651659845385,-0.0022136446509591853,-0.0007092422461913485,-0.30511671821855374,0.9523121258399972,5.403247204502762e-06,0.999994596758355,5.559552818112934e-12
0.8527285129604366,-0.0022353931660037164,-0.0006994643206395224,-0.29862574974491424,0.9543674215717505,5.486232942463828e-06,0.9999945137682235,1.1659562204613394e-12
0.8540918599363347,-0.0022573249661814797,-0.0006895248654516331,-0.2921350600945297,0.9563741609354847,5.570960543022311e-06,0.9999944290414868,2.0299317782246362e-12
0.8554552069122329,-0.0022794417195022842,-0.0006794209174289582,-0.2856450203051633,0.9583325440114288,5.6574673356475374e-06,0.999994342536554,3.8895553444717734e-12
0.856818553888131,-0.002301745110590017,-0.0006691494813318825,-0.27915599799128393,0.9602427729468689,5.745791582491778e-06,0.9999942542112016,2.7839952565500425e-12
0.8581819008640291,-0.002324236840900696,-0.0006587075290171048,-0.27266835731250016,0.9621050519276625,5.835972501383864e-06,0.9999941640242275,3.2711611197555612e-12
0.8595452478399273,-0.0023469186290086745,-0.0006480919986922934,-0.2661824590255815,0.9639195871329318,5.928050289956927e-06,0.9999940719514273,1.7172929744901921e-12
0.8609085948158255,-0.0023697922109106916,-0.0006372997940029412,-0.25969866046958406,0.9656865866746405,6.022066150329175e-06,0.999993977933014,8.356648706353553e-13
0.8622719417917236,-0.002392859340292373,-0.0006263277832171663,-0.2532173155635935,0.9674062605938792,6.118062314454179e-06,0.9999938819374653,2.2026824808563106e-13
0.8636352887676217,-0.002416121788877267,-0.0006151727983662924,-0.24673877482995193,0.9690788207971016,6.2160820705373e-06,0.9999937839220864,4.156897048801511e-12
0.8649986357435199,-0.002439581346577385,-0.0006038316343886286,-0.2402633853987793,0.9707044810182427,6.316169789256769e-06,0.9999936838321781,1.9673151996357774e-12
0.866361982719418,-0.0024632398219344267,-0.0005923010482443855,-0.2337914909974459,0.9722834567992853,6.418370952114945e-06,0.9999935816283767,6.711298183859071e-13
0.8677253296953161,-0.0024870990423365965,-0.0005805777580429349,-0.22732343197490315,0.973815965435046,6.5227321795257756e-06,0.999993477261039,6.781464279015381e-12
0.8690886766712143,-0.002511160854335104,-0.0005686584422132451,-0.22085954531207394,0.9753022259513207,6.629301260245403e-06,0.9999933707010571,2.3172574969976267e-12
0.8704520236471124,-0.002535427123964674,-0.0005565397384948168,-0.21440016460849415,0.9767424590385216,6.738127181459655e-06,0.9999932618727675,5.10702591327572e-14
0.8718153706230105,-0.002559899737114331,-0.0005442182431870869,-0.20794562011756274,0.9781368870546531,6.849260160295659e-06,0.9999931507430448,3.205213872092827e-12
0.8731787175989086,-0.002584580599704092,-0.0005316905101082363,-0.2014962387287013,0.9794857339564337,6.96275167490592e-06,0.9999930372459875,2.337574578348267e-12
0.8745420645748068,-0.002609471638166306,-0.0005189530497355058,-0.19505234399537694,0.9807892252917569,7.078654498224129e-06,0.9999929213464953,9.9342756243459e-13
0.8759054115507049,-0.0026345747996789804,-0.0005060023282787529,-0.18861425613376698,0.9820475881321087,7.197022731327059e-06,0.999992802972986,4.282685317491541e-12
0.877268758526603,-0.0026598920524791222,-0.0004928347667003378,-0.18218229204338868,0.983261051072615,7.317911838110173e-06,0.9999926820906062,2.4442670110147446e-12
0.8786321055025011,-0.002685425386330628,-0.00047944673977515033,-0.17575676528354212,0.9844298441582262,7.441378681830023e-06,0.9999925586123235,8.99469387860563e-12
0.8799954524783994,-0.002711176812761397,-0.00046583457519327044,-0.16933798615081178,0.9855541988984464,7.56748156150054e-06,0.9999924325199712,1.5327739077974911e-12
0.8813587994542975,-0.002737148365412715,-0.000451994552426234,-0.16292626159647666,0.9866343481768758,7.69628024970449e-06,0.9999923037202122,4.618527782440651e-13
0.8827221464301956,-0.002763342100502298,-0.000437922901866779,-0.15652189530620986,0.9876705262672698,7.827836032387873e-06,0.9999921721673136,3.3459901516152968e-12
0.8840854934060938,-0.0027897600970361426,-0.00042361580382711995,-0.1501251877070422,0.9886629687632073,7.962211748267203e-06,0.9999920377877531,4.986011603591578e-13
0.8854488403819919,-0.0028164044573010354,-0.00040906938736098196,-0.14373643592033045,0.9896119125775809,8.09947183078103e-06,0.9999919005265367,1.6324719354088302e-12
0.88681218735789,-0.0028432773072180543,-0.0003942797294315157,-0.13735593383846295,0.9905175958824303,8.23968235078174e-06,0.9999917603133458,4.303446488052032e-12
0.8881755343337882,-0.002870380796710176,-0.0003792428537735034,-0.1309839721228065,0.9913802580940012,8.382911060260818e-06,0.9999916170915968,2.6569857425329246e-12
0.8895388813096863,-0.002897717100059662,-0.00036395472975944807,-0.12462083816145647,0.9922001398257023,8.529227437292448e-06,0.999991470774207,1.6442402994698568e-12
0.8909022282855844,-0.0029252884163800275,-0.00034841127142214493,-0.11826681614084306,0.9929774828728807,8.678702733061163e-06,0.9999913212926541,4.612865645015063e-12
0.8922655752614825,-0.0029530969699875006,-0.00033260833632031364,-0.11192218704830878,0.9937125301784845,8.831410019539124e-06,0.999991168587402,2.578492974691926e-12
0.8936289222373807,-0.0029811450107709025,-0.0003165417244046437,-0.1055872286500109,0.9944055257888383,8.987424238533311e-06,0.9999910125733654,2.396083331746013e-12
0.8949922692132788,-0.003009434814695963,-0.00030020717686522964,-0.09926221552424037,0.9950567148391102,9.14682225294552e-06,0.9999908531771833,5.637712519046545e-13
0.8963556161891769,-0.0030379686842125346,-0.00028360037512206515,-0.09294741910429058,0.9956663435107598,9.309682899025413e-06,0.9999906903182351,1.1339817973521349e-12
0.897718963165075,-0.003066748948639005,-0.0002667169394277543,-0.08664310762114456,0.9962346590098374,9.476087039756149e-06,0.9999905239106963,2.2639667918156192e-12
0.8990823101409733,-0.003095777964646438,-0.00024955242785608026,-0.08034954617538892,0.9967619095394016,9.646117620639308e-06,0.9999903538792252,3.1541436129600697e-12
0.9004456571168714,-0.003125058116729875,-0.00023210233503455707,-0.07406699672955204,0.9972483442640003,9.819859726867768e-06,0.9999901801418255,1.5523138330308939e-12
0.9018090040927695,-0.003154591817608685,-0.00021436209087826445,-0.06779571811045736,0.9976942132736444,9.99740064172937e-06,0.9999900025938286,5.529576796448055e-12
0.9031723510686677,-0.003184381508813055,-0.00019632705938826426,-0.06153596602860034,0.9980997675873226,1.0178829907918556e-05,0.9999898211729404,2.8483881919783016e-12
0.9045356980445658,-0.0032144296610666697,-0.00017799253740758528,-0.055287993117472026,0.9984652590757652,1.0364239389317976e-05,0.9999896357641926,3.582023566650605e-12
0.9058990450204639,-0.00324473877478768,-0.00015935375321050175,-0.04905204889733057,0.998790940475517,1.0553723335272927e-05,0.9999894462769939,3.2929214910382143e-13
0.907262391996362,-0.003275311380631961,-0.00014040586530062916,-0.04282837982578379,0.9990770653485094,1.0747378447108064e-05,0.9999892526238912,2.3383517344655047e-12
0.9086257389722602,-0.0033061500399856314,-0.00012114396101498524,-0.036617229304882606,0.9993238880435632,1.094530394618739e-05,0.9999890546964703,4.1655567883935873e-13
0.9099890859481583,-0.0033372573454421035,-0.00010156305515726462,-0.030418837680216596,0.9995316636860644,1.1147601643880154e-05,0.9999888523968473,1.5087930904655877e-12
0.9113524329240564,-0.0033686359214430226,-8.165808861905678e-05,-0.02423344226827885,0.9997006481436678,1.1354376014673201e-05,0.9999886456230391,9.46243083888021e-13
0.9127157798999546,-0.003400288424710189,-6.142392698509112e-05,-0.018061277365552703,0.9998310980017405,1.1565734270024368e-05,0.9999884342714416,5.71165337248658e-12
0.9140791268758527,-0.003432217544862053,-4.085535903493004e-05,-0.011902574267228528,0.9999232705267485,1.1781786435620772e-05,0.9999882182150955,1.531219595563016e-12
0.9154424738517508,-0.0034644260049586525,-1.9947095345742177e-05,-0.005757561277503965,0.999977423667455,1.2002645430446501e-05,0.9999879973564652,1.8955947922449923e-12
0.9168058208276489,-0.003496916562042488,1.3062332985603019e-06,0.0003735362833049134,0.9999938160023438,1.2228427148132485e-05,0.9999877715722847,5.672129432809925e-13
0.9181691678035472,-0.003529692007803609,2.291007734314439e-05,0.006490496053909173,0.9999727067338496,1.2459250541596544e-05,0.9999875407516472,2.1886936707460336e-12
0.9195325147794453,-0.0035627551691869174,4.486997003891101e-05,0.012593098613507938,0.9999143556477992,1.2695237709779393e-05,0.9999873047632427,9.525713551283843e-13
0.9208958617553434,-0.003596108908880854,6.719152905747479e-05,0.018681127475617017,0.9998190231060926,1.2936513986109331e-05,0.9999870634885816,2.567723811353062e-12
0.9222592087312416,-0.0036297561260685805,8.98804581088391e-05,0.024754369086034615,0.9996869700056809,1.318320803148224e-05,0.9999868167879867,3.981814877818124e-12
0.9236225557071397,-0.003663699757039191,0.00011294254853346141,0.03081261277278641,0.9995184577791871,1.3435451928998267e-05,0.9999865645471702,9.00834962180852e-13
0.9249859026830378,-0.003697942775762453,0.00013638368104355435,0.03685565076922709,0.9993137483427056,1.3693381281268704e-05,0.9999863066203719,1.653122083666858e-12
0.926349249658936,-0.0037324881947023046,0.00016020982738481504,0.042883278180618434,0.9990731040903689,1.3957135312382739e-05,0.9999860428642812,4.064526493152698e-13
0.9277125966348341,-0.0037673390654429577,0.00018442705211560618,0.04889529295028694,0.9987967878741928,1.4226856971564667e-05,0.9999857731404996,2.528754983188719e-12
0.9290759436107322,-0.003802498479256871,0.0002090415143713943,0.05489149588801858,0.9984850629758083,1.4502693039481503e-05,0.999985497306628,3.325117958752344e-13
0.9304392905866303,-0.0038379695680271285,0.00023405946969540936,0.060871690621006905,0.99813819308027,1.4784794240456443e-05,0.9999852152046059,1.1536327448880002e-12
0.9318026375625285,-0.0038737555048289143,0.00025948727184789107,0.06683568357590612,0.997756442265135,1.5073315355443378e-05,0.9999849266806382,4.00635080666234e-12
0.9331659845384266,-0.0039098595046977375,0.00028533137479814054,0.0727832839996803,0.9973400749764763,1.5368415339919436e-05,0.9999846315838615,7.985834216128751e-13
0.9345293315143247,-0.003946284825469004,0.00031159833454263373,0.07871430390620718,0.9968893559968616,1.5670257445816673e-05,0.9999843297392763,3.277822457903312e-12
0.935892678490223,-0.00398303476849541,0.000338294811102751,0.08462855806369778,0.9964045504462495,1.5979009346262338e-05,0.9999840209899331,7.206457652841891e-13
0.9372560254661211,-0.004020112679409326,0.0003654275705801127,0.09052586400102365,0.9958859237395553,1.629484326448771e-05,0.9999837051557189,1.0166312236492558e-12
0.9386193724420192,-0.004057521949010248,0.0003930034872215407,0.09640604199161985,0.9953337415800195,1.6617936107668202e-05,0.9999833820601708,3.721578600845987e-12
0.9399827194179173,-0.004095266014041538,0.0004210295453429341,0.10226891498449033,0.9947482699451672,1.694846960381534e-05,0.9999830515310082,6.119549311733863e-13
0.9413460663938155,-0.004133348358016533,0.0004495128417521354,0.10811430867797546,0.9941297750438913,1.728663044361806e-05,0.9999827133697345,1.780797731498751e-13
0.9427094133697136,-0.004171772512245823,0.0004784605876676815,0.11394205141886767,0.9934785233260217,1.7632610427881128e-05,0.9999823673915927,2.020605904817785e-12
0.9440727603456117,-0.004210542056506459,0.0005078801110488528,0.11975197423184562,0.9927947814455322,1.798660661680863e-05,0.9999820133979067,4.523492691532738e-12
0.9454361073215098,-0.004249660620089092,0.0005377788589523788,0.12554391079377702,0.9920788162466946,1.8348821487072124e-05,0.9999816511828387,4.325650948544535e-12
0.946799454297408,-0.004289131882761279,0.0005681643997810501,0.13131769742687957,0.9913308947461494,1.8719463092897872e-05,0.9999812805356988,1.2082557176995579e-12
0.9481628012733061,-0.004328959575540848,0.0005990444255627989,0.13707317304250838,0.9905512841302831,1.9098745230464665e-05,0.9999809012600943,5.324851670707176e-12
0.9495261482492042,-0.00436914748186544,0.0006304267545652629,0.1428101791793167,0.9897402516996641,1.9486887611162805e-05,0.9999805131117427,6.461498003318411e-13
0.9508894952251024,-0.004409699438479072,0.0006623193337084685,0.14852855995812692,0.9888980648951933,1.988411603752668e-05,0.9999801158766926,7.26996240985045e-12
0.9522528422010005,-0.004450619336544613,0.0006947302409553151,0.15422816204794548,0.9880249912687803,2.0290662586522646e-05,0.9999797093403606,2.9471980411699406e-12
0.9536161891768986,-0.004491911122548812,0.0007276676881472897,0.15990883469430053,0.9871212984313857,2.0706765797251355e-05,0.9999792932301542,4.048539281598096e-12
0.9549795361527968,-0.0045335787995404876,0.0007611400234698364,0.1655704296607057,0.9861872541006675,2.1132670866970635e-05,0.9999788673286453,4.877209747178313e-13
0.956342883128695,-0.004575626428051287,0.0007951557341441363,0.17121280121841126,0.9852231260341802,2.1568629850623687e-05,0.9999784313736172,3.467892639719139e-12
0.9577062301045931,-0.004618058127341174,0.0008297234493709345,0.17683580617028424,0.9842291820296075,2.2014901869937868e-05,0.9999779851025645,4.4344528049578e-12
0.9590695770804912,-0.004660878076555086,0.0008648519429640592,0.18243930377445375,0.9832056899153275,2.2471753327760553e-05,0.9999775282435825,3.089639655229348e-12
0.9604329240563894,-0.0047040905157698185,0.0009005501363030906,0.18802315576168882,0.982152917544421,2.293945812855107e-05,0.9999770605436026,1.731059739995544e-12
0.9617962710322875,-0.004747699747409628,0.0009368271012995754,0.1935872263137342,0.9810711327464278,2.3418297909282816e-05,0.9999765817002036,1.8870460749553786e-12
0.9631596180081856,-0.004791710137257874,0.0009736920634742714,0.19913138204698275,0.9799606033531123,2.3908562273972654e-05,0.9999760914401373,2.41140440948584e-12
0.9645229649840837,-0.004836126115815578,0.001011154404850525,0.2046554919827521,0.9788215971523878,2.4410549038522093e-05,0.9999755894506536,3.078648447285559e-13
0.9658863119599819,-0.004880952179660442,0.0010492236673475355,0.21015942754973127,0.977654381900089,2.4924564484254225e-05,0.9999750754364758,9.601208716958354e-13
0.96724965893588,-0.00492619289270104,0.0010879095558299747,0.2156430625464247,0.9764592252916342,2.545092361776441e-05,0.9999745490815397,5.157430038593702e-12
0.9686130059117781,-0.004971852887554569,0.0011272219414997905,0.2211062731333912,0.9752363949507423,2.598995044088325e-05,0.9999740100554578,5.898614929833457e-12
0.9699763528876763,-0.005017936866911319,0.0011671708652190515,0.22654893781680882,0.9739861584216064,2.654197822892398e-05,0.9999734580228027,1.0316192344816955e-12
0.9713396998635744,-0.005064449605035613,0.0012077665410642597,0.23197093744001548,0.9727087831581332,2.710734981965971e-05,0.999972892649776,4.04343225568482e-13
0.9727030468394725,-0.005111395949109463,0.001249019359740623,0.2373721551426798,0.9714045365059011,2.76864179095795e-05,0.999972313581325,7.653877531765829e-13
0.9740663938153707,-0.005158780820934721,0.001290939892270251,0.2427524763644658,0.970073685692803,2.8279545363898638e-05,0.9999717204546993,6.328271240363392e-14
0.9754297407912689,-0.005206609218298733,0.0013335388936335836,0.24811178880166276,0.968716497823131,2.888710553290684e-05,0.9999711128970733,2.6061375280050925e-12
0.976793087767167,-0.005254886216545218,0.0013768273066089235,0.25344998242555533,0.9673332398527112,2.95094825810609e-05,0.9999704905154572,1.9617640845126516e-12
0.9781564347430651,-0.0053036169703748965,0.0014208162657679694,0.2587669494439951,0.9659241786019354,3.0147071829519425e-05,0.9999698529323745,4.203970505045618e-12
0.9795197817189633,-0.005352806715364495,0.0014655171010410709,0.2640625842628723,0.9644895807168822,3.080028010549506e-05,0.9999691997190135,8.809619700400617e-13
0.9808831286948614,-0.005402460769530572,0.0015109413423424292,0.26933678352920626,0.9630297126851433,3.14695261063164e-05,0.999968530476288,2.3943069749066126e-12
0.9822464756707595,-0.005452584535507349,0.0015571007232577285,0.27458944603605207,0.9615448408103638,3.215524077922363e-05,0.9999678447634138,4.193090319404291e-12
0.9836098226466576,-0.005503183501907363,0.0016040071855145015,0.27982047276190875,0.960035231204341,3.285786770684754e-05,0.9999671421302705,2.0227153285645727e-12
0.9849731696225558,-0.005554263245420542,0.0016516728833531093,0.2850297668303779,0.9585011497918083,3.3577863513033505e-05,0.9999664221315981,4.888867088936877e-12
0.9863365165984539,-0.005605829432609234,0.001700110187935677,0.29021723350608364,0.9569428622852817,3.431569827863065e-05,0.999965684302672,9.50572953684059e-13
0.987699863574352,-0.005657887821792771,0.0017493316918481706,0.2953827801392149,0.9553606341789838,3.507185597209533e-05,0.9999649281416416,2.3863133691293115e-12
0.9890632105502501,-0.005710444265095684,0.001799350214024264,0.30052631621194265,0.9537547307518526,3.5846834897473356e-05,0.9999641531674595,2.3570034812792073e-12
0.9904265575261483,-0.005763504710690658,0.0018501788042394182,0.30564775323951915,0.9521254170487702,3.6641148157810216e-05,0.9999633588506606,1.1816103651085541e-12
0.9917899045020464,-0.0058170752044706744,0.0019018307482026938,0.3107470048228852,0.9504729578861554,3.7455324129276756e-05,0.9999625446792514,3.3806291099836017e-12
0.9931532514779446,-0.005871161892624632,0.0019543195725644446,0.31582398659897276,0.9487976178194875,3.828990696111611e-05,0.9999617100912023,1.8366419496373965e-12
0.9945165984538428,-0.005925771023606287,0.002007659050113304,0.3208786162250744,0.9470996611714315,3.914545708571375e-05,0.9999608545415589,1.3553602684623911e-12
0.9958799454297409,-0.005980908950408887,0.002061863204931634,0.32591081335173827,0.9453793520007793,4.0022551748932076e-05,0.999959977449005,7.538414337204813e-13
0.997243292405639,-0.00603658213300725,0.0021169463179953043,0.33092049962828707,0.9436369540985874,4.0921785561816236e-05,0.9999590782146945,2.5646151868841116e-13
0.9986066393815372,-0.00609279714080047,0.0021729229325179564,0.3359075986592611,0.9418727309948953,4.184377106960881e-05,0.9999581562288137,1.1668443988810395e-13
0.9999699863574353,-0.00614956065488569,0.00222980785975019,0.3408720359957381,0.9400869459467319,4.2789139339521834e-05,0.9999572108633333,2.672750909482602e-12
1.0013333333333334,-0.0062068794707943195,0.0022876161849066335,0.3458137391287184,0.9382798619249317,4.3758540574414764e-05,0.9999562414640544,4.628741834267203e-12
1.0026966803092316,-0.0062647605008864125,0.0023463632729990936,0.3507326374508004,0.9364517416216908,4.4752644742345593e-05,0.9999552473594923,4.234612660525272e-12
1.0040600272851297,-0.006323210777242005,0.0024060647748962417,0.35562866223945444,0.9346028474453216,4.577214223442594e-05,0.9999542278591272,1.361577517400292e-12
1.005423374261028,-0.0063822374542229715,0.0024667366339697857,0.36050174666923296,0.9327334415056804,4.68177445434551e-05,0.9999531822545984,8.58202398035246e-13
1.006786721236926,-0.006441847811529497,0.0025283950921069264,0.36535182574377584,0.9308437856254875,4.789018496869775e-05,0.999952109811899,3.1323832416774167e-12
1.0081500682128242,-0.006502049256879791,0.0025910566965241274,0.37017883630888554,0.9289341413336001,4.8990219343493574e-05,0.9999510097861934,5.536904268410581e-12
1.0095134151887222,-0.006562849329165241,0.0026547383066403735,0.3749827170316738,0.9270047698364202,5.011862679406844e-05,0.9999498813719307,1.2752021660844548e-12
1.0108767621646204,-0.0066242557013851755,0.002719457100842004,0.3797634083794354,0.92505593206349,5.1276210520654005e-05,0.9999487237898184,3.390621117205228e-13
1.0122401091405184,-0.0066862761838609305,0.0027852305837249105,0.38452085258981344,0.9230878886240393,5.24637986113825e-05,0.9999475362007841,6.045164369083977e-13
1.0136034561164167,-0.00674891872770718,0.002852076593430621,0.3892549936639889,0.9211008998271624,5.3682244887991516e-05,0.9999463177547603,3.517186542012496e-13
1.0149668030923147,-0.006812191427843502,0.0029200133091354615,0.3939657773484406,0.9190952256706033,5.493242977511274e-05,0.9999450675722581,2.0332624472985117e-12
1.016330150068213,-0.006876102526568711,0.00298905925857288,0.3986531510984846,0.9170711258445469,5.621526120714487e-05,0.9999437847385357,2.5712765250318625e-13
1.017693497044111,-0.006940660417392052,0.003059233326425403,0.40331706408203544,0.9150288597328484,5.753167557506464e-05,0.9999424683237496,6.753486658794827e-13
1.0190568440200092,-0.007005873648146166,0.0031305547618613746,0.4079574671475756,0.9129686864070518,5.888263869080181e-05,0.9999411173612831,2.609024107869118e-14
1.0204201909959072,-0.007071750925104478,0.0032030431873005536,0.412574312811285,0.9108908646251812,6.026914680642854e-05,0.9999397308493143,3.8792302703427595e-12
1.0217835379718054,-0.007138301116953888,0.003276718606765728,0.4171675552280665,0.9087956528481181,6.169222766422987e-05,0.9999383077705991,1.7366108551186699e-12
1.0231468849477037,-0.0072055332584946355,0.0033516014147752836,0.4217371501738888,0.9066833092209714,6.3152941582796e-05,0.999936847056685,1.7322809853226318e-12
1.0245102319236017,-0.007273456554860639,0.0034277124052304194,0.42628305504246483,0.9045540915867246,6.465238258841569e-05,0.9999353476226218,5.21027665456586e-12
1.0258735788995,-0.007342080385906806,0.00350507278085933,0.43080522879940436,0.9024082574751839,6.619167959223838e-05,0.9999338083203051,1.0269562977782698e-13
1.027236925875398,-0.0074114143102382525,0.003583704162555462,0.4353036319772568,0.900246064132447,6.77719976027217e-05,0.9999322279985529,3.8443692673695296e-12
1.0286002728512962,-0.00748146806997611,0.0036636285992953277,0.43977822667918737,0.8980677684904244,6.939453899564669e-05,0.9999306054624613,1.4568346529131304e-12
1.0299636198271942,-0.007552251595358024,0.003744868578148315,0.44422897649854187,0.8958736271909599,7.106054482719038e-05,0.999928939457229,2.05613304160579e-12
1.0313269668030924,-0.007623775009476272,0.00382744703445337,0.448655846550491,0.8936638965852259,7.277129619666082e-05,0.999927228703827,2.375877272697835e-14
1.0326903137789905,-0.007696048633005961,0.003911387362627343,0.453058803443719,0.8914388327343572,7.45281156621138e-05,0.9999254718846479,3.099742684753437e-13
1.0340536607548887,-0.007769082989718274,0.0039967134269463245,0.4574378152380115,0.8891986914157903,7.633236871826286e-05,0.9999236676252792,6.002531804938371e-12
1.0354170077307867,-0.007842888811156698,0.004083449572766721,0.4617928514529579,0.8869437281379827,7.818546531749565e-05,0.9999218145363572,1.6746604103445861e-12
1.036780354706685,-0.00791747704237848,0.0041716206380127034,0.4661238830290488,0.8846741981145004,8.008886146408381e-05,0.9999199111396124,1.0764722446765518e-12
1.038143701682583,-0.007992858847692986,0.004261251965026386,0.4704308822963295,0.8823903563184449,8.204406086858528e-05,0.9999179559418953,2.7637891975018647e-12
1.0395070486584812,-0.008069045615822038,0.0043523694126673005,0.47471382298574455,0.8800924574439964,8.405261665453874e-05,0.9999159473835536,2.0805579481475434e-13
1.0408703956343794,-0.008146048966323031,0.004444999369042228,0.4789726801868827,0.8777807559407378,8.611613315251835e-05,0.9999138838652989,1.5485390747471683e-12
1.0422337426102775,-0.008223880755630419,0.0045391687640706935,0.48320743032597474,0.8754555060150726,8.823626775154343e-05,0.9999117637343385,2.0901058661593197e-12
1.0435970895861757,-0.008302553082931471,0.0046349050828027065,0.48741805115580605,0.8731169616223173,9.041473282148525e-05,0.9999095852651112,2.067346294154504e-12
1.0449604365620737,-0.00838207829720262,0.0047322363792256066,0.49160452173374514,0.8707653765007918,9.265329772930143e-05,0.99990734670163,6.407097075111778e-13
1.046323783537972,-0.00846246900389917,0.00483119128993126,0.49576682237673475,0.8684010041667244,9.495379092186188e-05,0.9999050462072999,1.7782442185421132e-12
1.04768713051387,-0.008543738071309405,0.0049317990488011495,0.49990493467210795,0.8660240979252559,9.731810208889768e-05,0.9999026818967779,1.1332046412348973e-12
1.0490504774897682,-0.008625898638374077,0.0050340895016749015,0.504018841443535,0.8636349108766802,9.974818443037721e-05,0.9999002518150547,5.149214388211476e-13
1.0504138244656662,-0.008708964121917311,0.005138093121657431,0.5081085267204708,0.8612336959370582,0.00010224605700366636,0.9998977539434527,4.563016631209393e-13
1.0517771714415645,-0.008792948223853217,0.005243841024640013,0.5121739757215867,0.8588207058416197,0.00010481380715906108,0.9998951861887543,4.086619931342739e-12
1.0531405184174625,-0.008877864939753304,0.005351364985874983,0.5162151748473398,0.856396193162348,0.0001074535931005497,0.9998925464056313,1.2680967387268538e-12
1.0545038653933607,-0.008963728566656169,0.005460697456153423,0.5202321116259495,0.8539604103190213,0.00011016764652432834,0.9998898323590256,5.5500049001011575e-12
1.0558672123692587,-0.00905055371128415,0.005571871579003426,0.5242247747160725,0.85151360957897,0.00011295827537374544,0.9998870417243234,3.028688411177427e-13
1.057230559345157,-0.009138355299294921,0.005684921208773193,0.5281931538841522,0.849056043098049,0.0001158278667261108,0.9998841721314038,1.8700596626786137e-12
1.0585939063210552,-0.009227148583945652,0.00579988092819848,0.532137239963535,0.8465879629154577,0.0001187788897714907,0.9998812211093534,8.750777880095484e-13
1.0599572532969532,-0.009316949155301601,0.005916786067373102,0.536057024837124,0.8441096209750425,0.0001218138989295357,0.9998781860998588,1.2116974090758958e-12
1.0613206002728515,-0.009407772950131328,0.0060356727232324684,0.5399525014386805,0.8416212691310658,0.00012493553710319515,0.9998750644636739,7.771561172376096e-13
1.0626839472487495,-0.009499636262130969,0.0061565777789710325,0.5438236636789205,0.8391231591866827,0.00012814653906131356,0.9998718534606026,3.360645095540349e-13
1.0640472942246477,-0.009592555751302119,0.006279538924776361,0.5476705064716967,0.8366155428901075,0.00013144973494962078,0.9998685502642742,7.761569165154469e-13
1.0654106412005457,-0.009686548455819264,0.006404594679008325,0.5514930256763534,0.8340986719671251,0.00013484805398931632,0.9998651519469809,9.701128789174618e-13
1.066773988176444,-0.009781631802270497,0.006531784409695463,0.5552912180872074,0.8315727981289615,0.0001383445282899303,0.9998616554728051,1.0951239914902544e-12
1.068137335152342,-0.009877823617132008,0.0066611483569748295,0.5590650814066311,0.8290381731002644,0.00014194229684479933,0.9998580577056271,2.4718005420254485e-12
1.0695006821282402,-0.009975142139093505,0.006792727656466751,0.5628146142158419,0.8264950486327891,0.00014564460971004726,0.9998543553894432,8.467671008816069e-13
1.0708640291041382,-0.010073606031116792,0.00692656436275317,0.5665398159498262,0.8239436765375525,0.00014945483234151484,0.9998505451626819,4.976574707882264e-12
1.0722273760800365,-0.010173234392761923,0.007062701474182569,0.5702406868779908,0.8213843086988523,0.0001533764501234947,0.9998466235477741,2.102429341732659e-12
1.0735907230559345,-0.010274046773894737,0.007201182958089587,0.5739172280681206,0.8188171970941246,0.00015741307310805676,0.9998425869304736,3.581579477440755e-12
1.0749540700318327,-0.010376063187994592,0.0073420537770290326,0.5775694413532553,0.8162425938250577,0.00016156844094604276,0.9998384315593696,3.155253835984695e-13
1.0763174170077308,-0.010479304126303105,0.007485359915701289,0.581197329340203,0.8136607511369449,0.00016584642803914085,0.9998341535729216,9.607870055106105e-13
1.077680763983629,-0.010583790572847059,0.007631148408790766,0.5848008953197161,0.8110719214618742,0.00017025104892687612,0.9998297489505983,4.748423876321795e-13
1.0790441109595272,-0.010689544019173707,0.007779467369751442,0.5883801432971925,0.8084763574208794,0.0001747864638948798,0.999825213534958,1.1470824290427117e-12
1.0804074579354253,-0.01079658647997933,0.007930366020367417,0.591935077938884,0.8058743118616734,0.00017945698483667059,0.9998205430130381,2.1251889137374746e-12
1.0817708049113235,-0.010904940510477369,0.008083894721781986,0.5954657045348257,0.8032660379010911,0.00018426708140990505,0.9998157329224734,3.8833380955338725e-12
1.0831341518872215,-0.01101462922181674,0.008240105005218223,0.5989720289774434,0.8006517889297039,0.0001892213873911217,0.9998107786136905,1.0815792705898275e-12
1.0844974988631197,-0.011125676299697417,0.008399049605603743,0.6024540577402888,0.7980318186660315,0.00019432470740304123,0.999805675291153,1.4439560658274786e-12
1.0858608458390178,-0.011238106022878658,0.008560782494958816,0.6059117978244877,0.7954063811874947,0.00019958202390745486,0.9998004179766891,5.964118088286341e-13
1.087224192814916,-0.01135194328108856,0.008725358916935174,0.6093452567461883,0.792775730948415,0.00020499850448639183,0.9997950014998719,4.3582915054685145e-12
1.088587539790814,-0.011467213595218182,0.008892835423312352,0.6127544425013616,0.7901401228186373,0.00021057950950447568,0.9997894204930057,2.510214258677479e-12
1.0899508867667123,-0.011583943138355212,0.009063269911024756,0.6161393635175391,0.7874998121431804,0.00021633060011273344,0.9997836694013426,1.4552803406786552e-12
1.0913142337426103,-0.011702158755740924,0.009236721660283595,0.6195000286430559,0.7848550547488347,0.00022225754657411608,0.9997777424535431,1.1723955140041653e-13
1.0926775807185085,-0.011821887987717281,0.009413251375019051,0.6228364470981507,0.7822061069998176,0.00022836633704343217,0.9997716336616576,1.2989609388114332e-12
1.0940409276944065,-0.01194315909286735,0.009592921223459406,0.6261486284257886,0.7795532258484825,0.0002346631867170379,0.9997653368102715,3.011479954295737e-12
1.0954042746703048,-0.012066001070729889,0.009775794880823863,0.629436582491009,0.7768966688511121,0.00024115454739079685,0.9997588454499152,2.6939561692529423e-12
1.096767621646203,-0.01219044368760306,0.009961937573438086,0.632700319418762,0.7742366942294278,0.00024784711751769885,0.999752152883916,1.4337420140009272e-12
1.098130968622101,-0.012316517501767833,0.010151416123874551,0.6359398495499011,0.7715735609147317,0.0002547478526914136,0.9997452521481901,8.815170815523743e-13
1.0994943155979993,-0.012444253890354506,0.01034429899829845,0.639155183420188,0.7689075285950557,0.00026186397665380165,0.9997381360230503,2.958744360626042e-13
1.1008576625738973,-0.012573685077177982,0.01054065635527609,0.6423463317262322,0.7662388577504394,0.0002692029928200705,0.9997307970088449,1.6648904477278847e-12
1.1022210095497955,-0.012704844162176635,0.010740560095828463,0.6455133052424055,0.7635678097335158,0.0002767726963572965,0.9997232273062134,2.5708324358220125e-12
1.1035843565256935,-0.012837765150679688,0.01094408391598537,0.6486561148239939,0.760894646788953,0.00028458118682413554,0.9997154188106439,2.531974629960132e-12
1.1049477035015918,-0.012972482985628662,0.011151303360583755,0.6517747713527083,0.7582196321285285,0.00029263688145219165,0.9997073631169963,1.5515366769136563e-12
1.1063110504774898,-0.013109033580034308,0.011362295879483276,0.6548692856694803,0.7555430299836818,0.00030094852905538966,0.9996990514701781,7.664979762012081e-13
1.107674397453388,-0.013247453850622391,0.011577140885161286,0.6579396685575795,0.7528651056522826,0.00030952522459924296,0.9996904747704801,4.920619467441156e-12
1.109037744429286,-0.013387781754087169,0.011795919813262246,0.6609859306793805,0.7501861255863355,0.0003183764245359822,0.9996816235783239,2.8599345114344032e-12
1.1104010914051843,-0.013530056323714807,0.012018716184498362,0.6640080825238389,0.7475063574200204,0.00032751196284641783,0.9996724880403326,3.1790126087116732e-12
1.1117644383810823,-0.013674317707679809,0.012245615669020032,0.6670061343657046,0.7448260700661781,0.00033694206788391454,0.9996630579317075,4.085620730620576e-13
1.1131277853569805,-0.01382060720985601,0.012476706153914741,0.6699800962192012,0.7421455337679155,0.0003466773801002579,0.9996533226215542,1.6544543512964083e-12
1.1144911323328786,-0.013968967331216388,0.012712077811961655,0.6729299777655938,0.7394650201664184,0.00035672897059795856,0.9996432710253242,4.0778491694482e-12
1.1158544793087768,-0.014119441813674862,0.01295182317353846,0.6758557883172742,0.7367848023945774,0.00036710836064835807,0.999632891641581,2.2293278334473143e-12
1.117217826284675,-0.01427207568607012,0.01319603720152273,0.678757536739038,0.7341051551227445,0.00037782754221288577,0.9996221724578355,4.8405723873656825e-14
1.118581173260573,-0.014426915311684918,0.013444817368668836,0.6816352314141129,0.7314263546633206,0.0003888989994873881,0.9996111010010449,5.322409180053e-13
1.1199445202364713,-0.014584008437650215,0.013698263737222209,0.6844888801597879,0.7287486790432165,0.0004003357315239496,0.9995996642696333,1.1572964808692632e-12
1.1213078672123693,-0.01474340424715767,0.013956479043402104,0.6873184901843593,0.7260724080810401,0.00041215127608402893,0.9995878487259078,1.991740106177531e-12
1.1226712141882675,-0.014905153414307804,0.01421956878280404,0.6901240680027054,0.7233978234900766,0.0004243597346729468,0.999575640266783,1.4559464744934303e-12
1.1240345611641656,-0.015069308159217327,0.014487641300831586,0.6929056193858109,0.7207252089556996,0.00043697579885901505,0.999563024200671,4.699574063238288e-13
1.1253979081400638,-0.015235922309414195,0.014760807885847884,0.6956631492812192,0.7180548502432631,0.00045001477806141433,0.9995499852257387,3.800071368686986e-12
1.1267612551159618,-0.015405051360187282,0.015039182866017181,0.698396661727726,0.7153870352902938,0.00046349262868751294,0.9995365073738679,2.5555113580821853e-12
1.12812460209186,-0.015576752540082821,0.015322883710080571,0.7011061598105797,0.7127220543028723,0.00047742598488762915,0.9995225740140445,1.0678125050844756e-12
1.129487949067758,-0.01575108487874298,0.01561203113192459,0.7037916455525344,0.7100601998825365,0.0004918321909215483,0.9995081678067719,2.3065993559612252e-12
1.1308512960436563,-0.01592810927789445,0.015906749199514642,0.7064531198557767,0.7074017671121491,0.000506729335264807,0.9994932706673517,2.616573624436569e-12
1.1322146430195543,-0.016107888584928738,0.01620716544757275,0.7090905823895128,0.7047470536850694,0.0005221362865094735,0.9994778637112846,2.206013149930186e-12
1.1335779899954526,-0.016290487672198425,0.016513410995747626,0.7117040315271085,0.7020963600349625,0.0005380727313125275,0.9994619272662831,2.404298982128239e-12
1.1349413369713508,-0.01647597351702571,0.016825620670707135,0.7142934642476364,0.6994499894329308,0.0005545592142882598,0.9994454407846165,1.095235013792717e-12
1.1363046839472488,-0.016664415287870573,0.01714393313327531,0.7168588760291397,0.6968082481443546,0.0005716171801648296,0.9994283828237659,3.930633596382904e-12
1.137668030923147,-0.016855884433735025,0.017468491010900054,0.719400260744456,0.6941714455530134,0.0005892690182413266,0.9994107309803515,1.407207683712386e-12
1.139031377899045,-0.017050454777819895,0.017799441036065594,0.7219176105906612,0.6915398943014764,0.000607538109326857,0.9993924618914266,7.533973445106312e-13
1.1403947248749433,-0.017248202616162,0.018136934189432394,0.7244109159468463,0.6889139104259542,0.0006264488752799795,0.9993735511213285,3.391509295624928e-12
1.1417580718508413,-0.017449206820876573,0.018481125849390552,0.7268801652699843,0.6862938135421462,0.0006460268313387371,0.9993539731691419,4.805045250577678e-13
1.1431214188267396,-0.017653548948322308,0.018832175947838706,0.7293253449699616,0.6836799269705195,0.0006662986414011664,0.9993337013579686,6.301625887772389e-13
1.1444847658026376,-0.017861313353274552,0.019190249132864518,0.7317464393067163,0.6810725779100932,0.0006872921764852712,0.9993127078191579,4.356848215536502e-12
1.1458481127785358,-0.018072587308305826,0.019555514937687393,0.7341434302444362,0.6784720976236003,0.0007090365764944515,0.9992909634248354,1.3298251388960125e-12
1.1472114597544338,-0.018287461128961624,0.01992814795665693,0.736516297297785,0.6758788216059795,0.0007315623155256922,0.9992684376807265,3.747779864227141e-12
1.148574806730332,-0.018506028306238237,0.020308328029958564,0.7388650174403143,0.6732930897684378,0.0007549012710436916,0.9992450987270054,1.950883898871325e-12
1.14993815370623,-0.018728385645668665,0.020696240435143162,0.741189564902482,0.6707152466439478,0.0007790867970421429,0.9992209132009822,1.975641872320466e-12
1.1513015006821283,-0.018954633412099953,0.021092076087001116,0.7434899110493983,0.6681456415861444,0.0008041538014469403,0.9991958462028026,4.249489649055249e-12
1.1526648476580263,-0.01918487548453575,0.021496031746808322,0.7457660241933292,0.6655846289780442,0.000830138828216932,0.9991698611729659,1.1828316104356418e-12
1.1540281946339246,-0.019419219517372396,0.02190831024078555,0.7480178694463802,0.6630325684649776,0.0008570801442704062,0.9991429198563669,6.372680161348399e-13
1.1553915416098228,-0.01965777710967728,0.022329120686908482,0.7502454085349368,0.6604898251613182,0.0008850178315442763,0.9991149821693828,9.270362255620057e-13
1.1567548885857208,-0.01990066398651906,0.022758678733549986,0.7524485995831677,0.6579567699316323,0.0009139938848012769,0.9990860061135373,1.6614487563515468e-12
1.158118235561619,-0.020148000186558324,0.02319720680819041,0.7546273969567199,0.6554337796054447,0.0009440523152195097,0.9990559476855535,7.72937269744034e-13
1.159481582537517,-0.020399910260375086,0.023644934375871545,0.7567817510223291,0.6529212372567871,0.0009752392602706286,0.9990247607413563,1.6269208202857044e-12
1.1608449295134153,-0.020656523483720764,0.02410209821280633,0.758911607937856,0.6504195324833901,0.0010076031006932694,0.9989923968987338,5.729861030090433e-13
1.1622082764893134,-0.020917974076126895,0.0245689426885886,0.7610169094285193,0.6479290616894469,0.0010411945842846678,0.998958805417902,2.1866952693017083e-12
1.1635716234652116,-0.02118440143603137,0.02504572006360334,0.7630975925277826,0.6454502283824557,0.0010760669577073107,0.998923933040662,1.63069557856943e-12
1.1649349704411096,-0.02145595038910171,0.025532690800966176,0.7651535893425598,0.642983443496299,0.0011122761066373367,0.998887723894161,7.984723993104126e-13
1.1662983174170078,-0.021732771447697637,0.026030123890014516,0.7671848267464498,0.6405291257272282,0.0011498807045273657,0.9988501192948676,6.050715484207103e-13
1.1676616643929059,-0.022015021087152722,0.02653829718817452,0.7691912261479462,0.6380877018450529,0.0011889423711156507,0.9988110576288821,2.220446049250313e-15
1.169025011368804,-0.022302862039450786,0.027057497777670383,0.7711727031325156,0.6356596071048692,0.0012295258411394122,0.9987704741614277,2.567057677538287e-12
1.1703883583447021,-0.02259646359962079,0.027588022338047757,0.7731291671826723,0.6332452855797569,0.0012716991437336093,0.9987283008575604,1.2940759575030825e-12
1.1717517053206004,-0.02289600195388192,0.028130177538859314,0.7750605213286251,0.6308451905852934,0.0013155337938399103,0.9986844662067953,6.352696146905146e-13
1.1731150522964986,-0.023201660525360393,0.028684280449490222,0.7769666617935385,0.6284597850798295,0.0013611049960390738,0.9986388950011803,2.780664587476167e-12
1.1744783992723966,-0.023513630341436935,0.029250658970463157,0.7788474776225318,0.6260895421095504,0.0014084918620400806,0.9985915081379267,3.319566843629218e-14
1.1758417462482949,-0.023832110421023293,0.029829652283281993,0.7807028502738984,0.6237349452524835,0.0014577776424613577,0.9985422223549077,2.6308955014542335e-12
1.1772050932241929,-0.024157308188324254,0.030421611326258886,0.7825326532150237,0.6213964891098295,0.0015090499745916408,0.9984909500257668,3.5837999234900053e-13
1.178568440200091,-0.0244894399087112,0.03102689928965971,0.7843367514555222,0.6190746797994089,0.0015624011465730627,0.998437598852542,8.849587729287123e-13
1.1799317871759891,-0.024828731153487434,0.03164589213931516,0.7861150010919247,0.6167700354890592,0.0016179283799853262,0.9983820716189322,1.0824674490095276e-12
1.1812951341518874,-0.025175417293144788,0.03227897916400278,0.7878672487993731,0.6144830869419119,0.0016757341317541,0.9983242658683547,1.0880185641326534e-13
1.1826584811277854,-0.025529744020906225,0.032926563552508455,0.7895933312922612,0.6122143781097291,0.001735926417150375,0.9982640735854927,2.6432189770275727e-12
1.1840218281036836,-0.02589196790980931,0.033589062998109966,0.7912930747740876,0.609964466720302,0.0017986191553335947,0.9982013808468122,2.1458390619955026e-12
1.1853851750795816,-0.026262357005877028,0.034266910335905225,0.7929662943094224,0.6077339249607494,0.0018639325394731068,0.9981360674590154,1.5114576257246881e-12
1.1867485220554799,-0.026641191456487946,0.03496055421220522,0.79461279322952,0.6055233400955675,0.001931993433045787,0.9980680065645126,2.4416024757556443e-12
1.1881118690313779,-0.027028764185167534,0.035670459788975484,0.7962323624072621,0.6033333152260857,0.002002935794934312,0.9979970642063493,1.283639861071606e-12
1.1894752160072761,-0.027425381606300408,0.036397109484811896,0.7978247795377122,0.6011644700241361,0.0020769011351005847,0.9979230988637995,1.0998979504961426e-12
1.1908385629831744,-0.02783136438653429,0.037141003756496,0.7993898084075897,0.5990174414910006,0.002154039003656099,0.9978459609963473,3.3306690738754696e-15
1.1922019099590724,-0.028247048260704656,0.03790266192002139,0.8009271980228688,0.5968928848222366,0.002234507516066018,0.9977654924841755,2.4136248555350903e-13
1.1935652569349706,-0.028672784901198383,0.03868262301725366,0.8024366817545784,0.5947914742624204,0.002318473917485353,0.9976815260805622,1.9524382111058003e-12
1.1949286039108686,-0.029108942844082414,0.03948144672887916,0.8039179764120624,0.5927139040138483,0.00240611518930538,0.9975938848098028,8.918421556813882e-13
1.1962919508867669,-0.029555908483335055,0.04029971433619041,0.8053707812239118,0.5906608892167892,0.0024976187018538286,0.9975023812995821,1.4359624600501775e-12
1.197655297862665,-0.030014087132546517,0.041138029736551576,0.8067947767533693,0.5886331669917153,0.0025931829170054966,0.9974068170792157,3.778755086614183e-12
1.1990186448385631,-0.030483904157367292,0.04199702051479509,0.8081896238159149,0.5866314974581095,0.0026930181447956747,0.9973069818536537,1.5505374761914936e-12
1.2003819918144611,-0.03096580619451965,0.04287733907174754,0.8095549621808693,0.5846566649288685,0.002797347359150159,0.9972026526374159,3.433919815165609e-12
1.2017453387903594,-0.0314602624544446,0.043779663819958244,0.8108904093132032,0.5827094790787819,0.002906407077891098,0.9970935929243996,2.290612144406623e-12
1.2031086857662574,-0.031967766117273394,0.0447047004410276,0.8121955589353038,0.580790776211976,0.003020448312050707,0.9969795516871403,8.090195180443516e-13
1.2044720327421556,-0.032488835833748335,0.04565318321946788,0.8134699795483823,0.5789014206108667,0.003139737591902554,0.9968602624117249,3.6273206660553114e-12
1.2058353797180537,-0.033024017336642404,0.04662587644884078,0.8147132127734664,0.5770423059508734,0.003264558075673423,0.9967354419247648,4.383160501220118e-13
1.207198726693952,-0.03357388516825691,0.04762357591939345,0.8159247716610221,0.575214356773675,0.0033952107486415334,0.9966047892486439,2.7144952952085077e-12
1.20856207366985,-0.03413904454370013,0.0486471104926347,0.8171041387980285,0.5734185300782706,0.00353201572163935,0.9964679842779924,3.682609772681644e-13
1.2099254206457482,-0.0347201333542444,0.049697343763678695,0.8182507642714794,0.5716558170164588,0.0036753136373017677,0.9963246863596152,3.082978317081597e-12
1.2112887676216464,-0.03531782432119958,0.05077517582414209,0.8193640635609517,0.5699272446107738,0.0038254671947556603,0.9961745328047441,5.002664948960955e-13
1.2126521145975444,-0.03593282732544429,0.051881545127878806,0.8204434151553194,0.5682338776642344,0.003982862804456321,0.9960171371970556,1.5119017149345382e-12
1.2140154615734426,-0.03656589191371763,0.05301743046356652,0.8214881580539449,0.5665768207364147,0.004147912384404791,0.9958520876186464,3.0511149162748552e-12
1.2153788085493407,-0.03721781000417686,0.05418385304664549,0.8224975890551914,0.5649572202252816,0.004321055312487482,0.99567894468628,1.2324585796363863e-12
1.216742155525239,-0.03788941881704067,0.05538187873775462,0.8234709598305824,0.5633762665995607,0.004502760550816474,0.99549723945196,2.7764457399825915e-12
1.218105502501137,-0.03858160403570031,0.056612620387839846,0.8244074737166128,0.5618351967620318,0.0046935289571452266,0.9953064710404388,2.415956323886803e-12
1.2194688494770352,-0.0392953032304235,0.05787724033018733,0.825306282335488,0.5603352965246976,0.004893895804209194,0.995106104193845,1.9457768729580494e-12
1.2208321964529332,-0.040031509573328655,0.05917695301976413,0.8261664818269435,0.5588779032855573,0.005104433527422875,0.9948955664751703,2.5932589409194406e-12
1.2221955434288314,-0.04079127585494022,0.060513027832690046,0.8269871088468144,0.5574644087998628,0.005325754723353749,0.9946742452773935,7.471800955727304e-13
1.2235588904047294,-0.04157571885242505,0.06188679203453285,0.8277671361882909,0.5560962621891723,0.00555851542642141,0.9944414845741331,5.544453784978032e-13
1.2249222373806277,-0.04238602407194237,0.06329963393502439,0.8285054680336019,0.554774973072135,0.005803418692935367,0.994196581308766,1.7013057629355899e-12
1.2262855843565257,-0.04322345090393024,0.06475300622449937,0.8292009347775104,0.553502114938983,0.006061218523154521,0.9939387814778242,9.78772618509538e-13
1.227648931332424,-0.04408933823182942,0.06624842952401305,0.8298522874339426,0.5522793286718528,0.00633272416011878,0.9936672758375791,2.3021584638627246e-12
1.2288237771174877,-0.044859422479322536,0.06757203851196111,0.8303771763042235,0.5512670830898327,0.006578348173840304,0.9934216518253483,8.114620086985269e-13
1.2289571993990087,-0.04494832337885882,0.06772445136997601,0.830434611816739,0.551154608444694,0.006606953087934712,0.9933930469130422,9.769962616701378e-13
1.2290122783083222,-0.04498511054978072,0.06778749614956855,0.8304581914864181,0.5511083263610886,0.006618804805403766,0.9933811951914122,3.1840086123224864e-12
1.2290906216805297,-0.04503752434015356,0.06787729746651983,0.8304915990389304,0.5510426460985101,0.0066357061100483445,0.9933642938934873,3.5356162442212735e-12
1.2292240439620508,-0.04512702682962817,0.06803057840117813,0.8305481365875536,0.5509311977604455,0.006664608148080824,0.9933353918548168,2.8976820942716586e-12
1.2293574662435718,-0.04521683232409727,0.06818429578209098,0.8306042230670616,0.550820265155667,0.006693660116725199,0.9933063398829962,2.785549568784518e-13
1.2294908885250928,-0.045306942310139396,0.06833845122454119,0.8306598570798781,0.5507098500099195,0.006722862937263293,0.9932771370619113,8.253397965063414e-13
1.2296243108066138,-0.04539735828151325,0.06849304635156928,0.8307150372154211,0.5505999540566843,0.006752217537458297,0.993247782463041,4.993783164763954e-13
1.2297577330881349,-0.04548808174244594,0.06864808279207398,0.8307697620544823,0.5504905790322375,0.006781724851634886,0.9932182751473093,1.0558220964185239e-12
1.2298911553696559,-0.045579114208075554,0.06880356218508855,0.8308240301663953,0.5503817266931731,0.006811385821350143,0.9931886141796902,1.0402789740737717e-12
1.230024577651177,-0.04567045720158086,0.06895948617493548,0.8308778401095545,0.5502733987943758,0.006841201394512546,0.9931587986058322,3.448352714485736e-13
1.230157999932698,-0.045762112254453584,0.0691158564140091,0.8309311904440301,0.5501655970925671,0.006871172525831133,0.9931288274769539,2.7848834349697427e-12
1.230291422214219,-0.04585408090991272,0.06927267456330352,0.830984079702161,0.5500583233662587,0.006901300177246183,0.9930986998229472,1.9340085088970227e-13
1.2303756252842202,-0.045912284624351735,0.06937187410301328,0.831017220243692,0.5499908952551936,0.006920394795991808,0.9930796052051621,1.1539658117953877e-12
1.23042484449574,-0.045946364721228525,0.06942994229076162,0.8310365064164223,0.5499515793999078,0.006931585317594642,0.9930684146812654,1.1399770016851107e-12
1.2305582667772608,-0.04603896524898031,0.06958766127198576,0.831088469116487,0.5498453669698896,0.0069620289225014445,0.9930379710766386,8.599787548746463e-13
1.2306916890587818,-0.04613188406579658,0.06974583319043823,0.8311399663135415,0.5497396878714449,0.006992631974888531,0.9930073680246684,4.430900091279e-13
1.2308251113403028,-0.04622512275323945,0.06990445973739935,0.8311909965075909,0.5496345439099918,0.007023395464729742,0.9929766045344266,8.436584764126565e-13
1.2309585336218238,-0.046318682904819386,0.07006354261278608,0.8312415581878883,0.5495299369026275,0.007054320389490898,0.9929456796108344,3.2529534621517087e-13
1.2310919559033449,-0.04641256612100063,0.07022308352253143,0.8312916498411604,0.5494258686565888,0.007085407753348681,0.9929145922446856,1.965760887401302e-12
1.2312253781848659,-0.04650677401297011,0.07038308418164083,0.8313412699473618,0.5493223409939486,0.007116658568013412,0.9928833414327641,7.776002064474596e-13
1.231358800466387,-0.04660130820586913,0.07054354631414986,0.8313904169540385,0.5492193557628998,0.007148073853075011,0.9928519261476246,6.996625501187737e-13
1.231492222747908,-0.04669617033104423,0.0707044716496681,0.8314390893190471,0.5491169147984117,0.007179654634844616,0.9928203453654124,2.5712765250318625e-13
1.231625645029429,-0.0467913620312033,0.07086586192740842,0.8314872854862856,0.5490150199466072,0.007211401947449646,0.9927885980523252,2.2515322939398175e-13
1.2317389722601184,-0.04687247677086555,0.07100331130762619,0.8315278475242277,0.5489289020424389,0.007238499295283007,0.9927615007057928,1.0758061108617767e-12
1.23175906731095,-0.0468868849616191,0.07102771889532887,0.831535003885497,0.5489136730698482,0.0072433168328779616,0.9927566831698856,2.7635671528969397e-12
1.231892489592471,-0.0469827407860029,0.07119004430798491,0.831582242930708,0.5488128760356523,0.0072754003403375945,0.9927245996601911,5.286882043264995e-13
1.232025911873992,-0.047078931178459536,0.07135283992854448,0.8316290010399939,0.5487126307124051,0.0073076535267746195,0.9926923464741065,8.810729923425242e-13
1.232159334155513,-0.04717545782525133,0.07151610752863016,0.8316752766086754,0.5486129389840813,0.007340077457068658,0.9926599225428681,6.328271240363392e-14
1.232292756437034,-0.047272322423569116,0.07167984888891525,0.8317210680238131,0.5485138027437605,0.0073726732040555985,0.9926273267950935,8.509859483751825e-13
1.232426178718555,-0.047369526679591475,0.07184406579667375,0.8317663736688556,0.5484152238848469,0.007405441848045316,0.9925945581549049,2.950306665638891e-12
1.232559601000076,-0.047467072312994525,0.07200876004935916,0.8318111918994046,0.5483172043188945,0.0074383844778132336,0.9925616155211965,9.903189379656396e-13
1.2326930232815971,-0.047564961052244996,0.07217393345078463,0.8318555210792914,0.5482197459604169,0.007471502189659872,0.9925284978110035,6.634692795159935e-13
1.2328264455631182,-0.04766319463898294,0.07233958781535585,0.8318993595440409,0.548122850736714,0.007504796088489151,0.9924952039095276,1.983191388887917e-12
1.2329598678446392,-0.04776177482456892,0.07250572496460451,0.8319427056391572,0.5480265205693539,0.007538267287035699,0.992461732713554,5.897504706808832e-13
1.2330932901261602,-0.04786070337169743,0.07267234672857956,0.8319855576750022,0.5479307574064052,0.007571916906272497,0.9924280830917414,1.986188991054405e-12
1.2331023192360164,-0.047867410810622985,0.07268364010647103,0.8319884397166748,0.5479242973444529,0.007574200556839951,0.9924257994425997,5.603295605283165e-13
1.2332267124076812,-0.04795998205585967,0.072839454947113,0.8320279139655619,0.5478355631967159,0.007605746075790886,0.9923942539209472,3.2619462686511724e-12
1.2333601346892022,-0.04805961266368084,0.073007051467897,0.832069772809533,0.5477409399003567,0.007639755933419194,0.9923602440662342,3.4661162828797387e-13
1.2334935569707233,-0.04815959699111538,0.07317513814616841,0.8321111324944468,0.5476468894765175,0.007673947625057482,0.9923260523744959,4.466427228067005e-13
1.2336269792522443,-0.04825993684980089,0.07334371684813071,0.8321519912903501,0.5475534139105196,0.0077083223058455426,0.9922916776935596,5.948574965941589e-13
1.2337604015337653,-0.04836063406018139,0.07351278944756237,0.8321923474627959,0.5474605151833035,0.007742881139064413,0.9922571188604069,5.286882043264995e-13
1.2338938238152863,-0.04846169045443213,0.07368235782658027,0.8322321992693955,0.5473681952771402,0.007777625296585413,0.9922223747017282,1.6863177521031503e-12
1.2340272460968071,-0.048563107878466814,0.07385242387733006,0.8322715449477013,0.5472764562024671,0.007812555959372434,0.9921874440431643,2.5366375666635577e-12
1.2341606683783282,-0.048664888190085215,0.07402298949995013,0.8323103827154712,0.547185299972306,0.007847674317063222,0.9921523256817565,1.180278097479004e-12
1.2342940906598492,-0.04876703325828311,0.0741940566041137,0.8323487107969475,0.547094728602973,0.007882981568188919,0.9921170184305015,1.3096190798478347e-12
1.2344275129413702,-0.04886954496292795,0.07436562710786136,0.832386527398311,0.5470047441174123,0.00791847892002912,0.9920815210811749,1.2039258479035198e-12
1.2344656662119147,-0.048898926760784556,0.07441478202486167,0.832397247087382,0.5469791204597807,0.007928664822164247,0.9920713351776075,2.282618538629322e-13
1.2345609352228912,-0.04897242519975164,0.07453770293913205,0.8324238307033811,0.5469153485571038,0.007954167589387565,0.9920458324102298,3.8258285428582894e-13
1.2346943575044123,-0.049075675875811936,0.07471028603480007,0.8324606188877008,0.5468265439758916,0.007990048802069393,0.9920099511955114,2.419175970658216e-12
1.2348277797859333,-0.04917929890819529,0.07488337834060083,0.8324968901283579,0.5467383324171661,0.008026123792803184,0.9919738762076907,4.938272013532696e-13
1.2349612020674543,-0.04928329622851245,0.07505698181063271,0.8325326425692153,0.5466507159500794,0.008062393805668958,0.9919376061920154,2.315592162460689e-12
1.2350946243489753,-0.04938766978279359,0.0752310984107598,0.8325678743583368,0.5465636966474777,0.00809886009466369,0.9919011399065152,1.1788348075469912e-12
1.2352280466304963,-0.04949242152737337,0.07540573011362108,0.8326025836110953,0.5464772766023348,0.00813552392261147,0.9918644760785755,1.1870504579292174e-12
1.2353614689120174,-0.049597553431145754,0.07558087890162102,0.8326367684507673,0.5463914578960464,0.008172386561896857,0.9918276134379036,1.9950707752514063e-13
1.2354948911935384,-0.049703067478632346,0.07575654676905762,0.8326704269830703,0.5463062426274009,0.008209449295157894,0.9917905507058372,9.952039192739903e-13
1.2356283134750594,-0.04980896566618705,0.07593273571641,0.8327035572868591,0.5462216329206666,0.008246713414113567,0.9917532865887088,2.822408973202073e-12
1.2357617357565804,-0.049915250002925265,0.0761094477551363,0.8327361574403668,0.5461376308871898,0.008284180220446353,0.9917158197796199,6.616929226765933e-14
1.2358290131878127,-0.0499689903672893,0.07619875282578123,0.8327523942126903,0.5460955044718672,0.008303149930530756,0.9916968500713509,1.8816059821347153e-12
1.2358951580381015,-0.050021922511434586,0.0762866849066187,0.832768225512052,0.5460542386576315,0.008321851025781691,0.9916781489784575,4.239275597228698e-12
1.2360285803196225,-0.05012898522879613,0.0764644492005201,0.8327997595341512,0.5459714583810019,0.008359727151607778,0.9916402728468181,1.574074204313547e-12
1.2361620026011435,-0.05023644020516456,0.07664274267914366,0.8328307575588006,0.5458892921955201,0.008397809929868503,0.9916021900696915,4.3998138465894954e-13
1.2362954248826645,-0.05034428950287469,0.07682156739045065,0.8328612176029809,0.545807742262677,0.00843610070187481,0.9915638993010009,2.8756996783840805e-12
1.2364288471641856,-0.050452535200133514,0.0770009253949685,0.8328911376664075,0.5457268107551297,0.008474600819802216,0.9915253991802079,9.992007221626409e-15
1.2365622694457066,-0.05056117938921499,0.07718081876257389,0.8329205157462483,0.5456464998522648,0.008513311646089657,0.9914866883520236,1.886713008047991e-12
1.2366956917272276,-0.05067022417439552,0.07736124957242603,0.8329493498240654,0.5455668117410152,0.008552234553290685,0.9914477654455898,1.1195488980320079e-12
1.2368291140087486,-0.05077967167466638,0.07754221991371134,0.8329776378674799,0.5454877486141417,0.008591370924533286,0.9914086290754116,5.5067062021407764e-14
1.2369625362902696,-0.05088952402517317,0.07772373188637835,0.833005377820877,0.5454093126892345,0.008630722153854305,0.9913692778466452,4.996003610813204e-13
1.2370959585717907,-0.050999783374457604,0.0779057876005584,0.8330325676198089,0.5453315061832865,0.008670289645904923,0.9913297103513835,2.7116087153444823e-12
1.237192360163711,-0.051079703544927225,0.07803766786350848,0.8330518695412666,0.5452756815890699,0.008699013719812914,0.9913009862786243,1.5627499294623703e-12
1.2372293808533117,-0.05111045188319649,0.07808838917411293,0.8330592051929118,0.5452543313215285,0.008710074815512262,0.991289925181533,2.9547475577373916e-12
1.2373628031348325,-0.05122153172861316,0.07827153873788537,0.8330852884520547,0.5451777903359242,0.008750079089021614,0.9912499209108039,1.745270594710746e-13
1.2374962254163535,-0.051333025105101446,0.07845523843244034,0.8331108152769698,0.5451018854912699,0.008790303903932038,0.9912096960975949,1.5270007480694403e-12
1.2376296476978745,-0.05144493421693485,0.07863949040652421,0.8331357835550711,0.5450266190319253,0.008830750707982565,0.991169249293294,1.276534433714005e-12
1.2377630699793956,-0.051557261286638886,0.07882429682164552,0.8331601911440588,0.5449519932354195,0.00887142096080563,0.9911285790384613,7.330802631599909e-13
1.2378964922609166,-0.05167000855127783,0.07900965984851407,0.8331840358905125,0.5448780103849775,0.00891231613306702,0.9910876838638947,3.038347351491666e-12
1.2380299145424376,-0.05178317826300356,0.07919558166950333,0.8332073156355064,0.5448046727622898,0.008953437706988974,0.9910465622921524,8.586464872450961e-13
1.2381633368239586,-0.05189677268780121,0.07938206447508059,0.8332300281940056,0.5447319826681557,0.00899478717573516,0.9910052128257631,1.4983569940341113e-12
1.2382967591054796,-0.05201079410801096,0.07956911046750563,0.8332521713655219,0.5446599424145218,0.009036366044336023,0.9909636339563471,6.832312493543213e-13
1.2384301813870007,-0.052125244824737564,0.07975672186133308,0.8332737429341833,0.5445885543306257,0.009078175830104876,0.9909218241714645,1.5694112676101213e-12
1.238555707139609,-0.052233315840241504,0.07993374775803395,0.8332935139511071,0.5445219888060719,0.009117723314311422,0.9908822766863038,6.152856002472618e-13
1.2385636036685217,-0.05224012714965251,0.07994490087948215,0.8332947406744667,0.5445178207399695,0.009120218061242087,0.9908797819391323,3.743672039036028e-13
1.2386970259500427,-0.052355443412576384,0.0801336497560472,0.8333151623432417,0.5444477439843992,0.00916249427815233,0.9908375057208451,1.0026424135389789e-12
1.2388304482315637,-0.052471195960501475,0.08032297073763864,0.8333350056756059,0.5443783264263153,0.0092050060336449,0.9907949939670782,7.229772336359019e-13
1.2389638705130848,-0.05258738715495381,0.08051286607880864,0.8333542683931799,0.5443095704273835,0.009247754892009179,0.9907522451079749,1.5987211554602254e-14
1.2390972927946058,-0.05270401937296856,0.08070333804757544,0.8333729482088834,0.5442414783567137,0.00929074243008748,0.9907092575702676,3.5504932327512506e-13
1.2392307150761268,-0.05282109500900463,0.08089438892142446,0.8333910428129673,0.5441740526011429,0.009333970236920973,0.9906660297652367,2.1576074260565292e-12
1.2393641373576478,-0.052938616476039445,0.08108602098954641,0.8334085498666295,0.544107295572121,0.009377439914314356,0.9906225600856059,7.971401316808624e-14
1.2394975596391689,-0.053056586198746786,0.08127823655121348,0.8334254670410731,0.5440412096611134,0.009421153075940067,0.9905788469221583,1.9017010188804306e-12
1.2396309819206899,-0.05317500662281237,0.08147103791885245,0.8334417919747319,0.5439757972930837,0.009465111348911232,0.9905348886506982,3.9057646006313007e-13
1.239764404202211,-0.0532938802100473,0.08166442741428477,0.8334575222856538,0.5439110609027973,0.009509316372745855,0.9904906836269476,3.065325770990057e-13
1.239897826483732,-0.05341320943739123,0.08185840737146202,0.8334726555840889,0.5438470029263395,0.009553769799794847,0.9904462301983552,1.8499646259328983e-12
1.2399190541155072,-0.053432237026648274,0.08188932439598298,0.8334750081062553,0.5438368739435495,0.009560865403702457,0.9904391345984145,2.1169732633552485e-12
1.240031248765253,-0.05353299680118776,0.082052980135551,0.8334871894611441,0.5437836258196135,0.009598473295641105,0.9904015267053626,1.0036416142611415e-12
1.240164671046774,-0.05365324481242808,0.0822481480613808,0.8335011214870526,0.5437209320425104,0.009643428538429158,0.9903565714613505,2.2037927038809357e-13
1.240298093328295,-0.053773956003900114,0.08244391351889391,0.8335144492127438,0.5436589240794504,0.009688637220620243,0.9903113627776491,1.7307266730881565e-12
1.240431515609816,-0.05389513292106224,0.0826402788860485,0.8335271701814827,0.5435976044109039,0.009734101046942839,0.9902658989520239,1.0332845690186332e-12
1.240564937891337,-0.054016778130812536,0.08283724655440775,0.8335392819091831,0.543536975538465,0.009779821736349163,0.9902201782631787,4.721778523730791e-13
1.2406983601728578,-0.05413889421575841,0.08303481892681618,0.8335507818989567,0.5434770399698019,0.009825801021114232,0.9901741989786997,1.8607337892717624e-13
1.2408317824543789,-0.05426148377923242,0.08323299841698312,0.8335616676277833,0.5434178002387554,0.009872040647405416,0.990127959354739,2.1442847497610273e-12
1.2409652047358999,-0.05438454943860055,0.08343178745135801,0.8335719365678743,0.543359258861471,0.009918542374968168,0.9900814576240035,1.0283995877102825e-12
1.241098627017421,-0.05450809383212678,0.08363118846740143,0.8335815861710909,0.5433014183872591,0.009965307977681952,0.9900346920251195,2.80153678033912e-12
1.241232049298942,-0.05463211961838653,0.08383120391484984,0.8335906138464291,0.5432442813895442,0.01001233924381083,0.9899876607553088,8.804068585277491e-13
1.2412824010914052,-0.05467905096414019,0.08390684728095263,0.8335938586030546,0.5432229020046858,0.010030157634968149,0.989969842363122,1.9098056469601943e-12
1.241365471580463,-0.054756629470640576,0.08403183625538505,0.8335990170227734,0.5431878504196497,0.010059637975436868,0.9899403620248539,2.90878432451791e-13
1.241498893861984,-0.054881626083229364,0.08423308796296207,0.8336067930842836,0.5431321280624654,0.010107205989315507,0.9898927940099259,7.586153927263695e-13
1.241632316143505,-0.05500711217076692,0.08443496152407597,0.8336139393997639,0.5430771169189165,0.010155045116939524,0.9898449548825557,5.047073869945962e-13
1.241765738425026,-0.05513309046421177,0.08463745943594957,0.8336204533260532,0.5430228195891434,0.010203157203906967,0.9897968427980776,1.98463467881993e-12
1.241899160706547,-0.055259563714624836,0.08484058420861748,0.833626332192579,0.5429692386909231,0.010251544110790196,0.9897484558894524,2.424727085781342e-13
1.242032582988068,-0.05538653469290452,0.08504433836419166,0.8336315733161853,0.5429163768542258,0.010300207713091435,0.9896997922861381,7.703837567873961e-13
1.242166005269589,-0.05551400619142575,0.08524872443904567,0.8336361739895125,0.5428642367236145,0.010349149901906003,0.9896508500973855,7.084333120133124e-13
1.2422994275511101,-0.05564198101931188,0.0854537449789935,0.8336401314854713,0.542812820954491,0.010398372582688319,0.9896016274156861,1.6255885526561542e-12
1.2424328498326311,-0.05577046200647468,0.0856594025440049,0.8336434430662037,0.5427621322062339,0.01044787767661151,0.9895521223243321,9.43689570931383e-13
1.2425662721141522,-0.05589945200417053,0.08586569970725741,0.8336461059585464,0.542712173164795,0.010497667120583469,0.9895023328811023,1.6857626405908377e-12
1.2426457480673034,-0.05597653085596257,0.08598889023710198,0.8336473827318583,0.5426827618542578,0.010527461250876901,0.9894725387494426,3.1952218648712005e-13
1.2426996943956732,-0.056028953884555845,0.08607263905285928,0.8336481173713317,0.542662946530281,0.010547742866921481,0.9894522571336922,6.137312880127865e-13
1.2428331166771942,-0.056158970536185376,0.08628022317875593,0.8336494745099846,0.5426144549914327,0.01059810688346007,0.9894018931164229,1.170175067954915e-13
1.2429665389587152,-0.0562895048717158,0.0864884546945024,0.8336501745465477,0.5425667012695814,0.010648761154145913,0.9893512388480444,2.190247982980509e-12
1.2430999612402363,-0.056420559825548736,0.08669733622405196,0.8336502146214639,0.5425196881039531,0.010699707679374637,0.9893002923188237,1.801669924361704e-12
1.2432333835217573,-0.056552138350366946,0.08690687040407402,0.8336495918792419,0.5424734182300207,0.010750948475429558,0.9892490515265897,2.0192736371882347e-12
1.2433668058032783,-0.05668424342094652,0.08711705988208622,0.8336483034201048,0.5424278944073531,0.010802485574704115,0.9891975144264136,1.1177725411926076e-12
1.2435002280847993,-0.05681687803416354,0.08732790732088774,0.8336463463382902,0.5423831194023229,0.010854321026594577,0.9891456789757749,2.369437979155009e-12
1.2436336503663203,-0.056950045208624796,0.08753941539666818,0.8336437176960969,0.542339096000367,0.010906456897254835,0.989093543104665,1.9197976541818207e-12
1.2437670726478414,-0.05708374798280221,0.08775158679615665,0.8336404145396814,0.542295826995204,0.01095889526900749,0.9890411047303038,6.886713421749846e-13
1.2439004949293624,-0.05721798941770684,0.0879644242213471,0.8336364338980395,0.5422533151906133,0.011011638241597932,0.9889883617574509,9.512390874988341e-13
1.2440090950432015,-0.05732765608592871,0.08813815848382975,0.8336326915950798,0.5422192733308564,0.011054795133227211,0.9889452048674993,7.265299473147024e-13
1.2440339172108834,-0.05735277259876185,0.08817793038753712,0.833631772766518,0.5422115634180152,0.011064687932194627,0.9889353120700558,2.2504220709151923e-12
1.2441673394924042,-0.05748810063213016,0.08839210802389354,0.8336264281213571,0.5421705745083512,0.011118046475197589,0.9888819535250878,2.8532731732866523e-13
1.2443007617739252,-0.05762397664445885,0.08860695987021205,0.833620396925257,0.5421303513076723,0.011171716021762508,0.9888282839788031,5.655476087440547e-13
1.2444341840554463,-0.05776040378882357,0.0888224886833983,0.8336136761068641,0.542090896681475,0.011225698741760366,0.9887743012573251,9.144907053837414e-13
1.2445676063369673,-0.05789738523863098,0.08903869723216713,0.8336062625837888,0.5420522134988794,0.011279996822271973,0.9887200031779473,2.191580250610059e-13
1.2447010286184883,-0.05803492419072804,0.0892555882982141,0.833598153234154,0.5420143046602205,0.011334612468283847,0.9886653875316944,2.1760371282653068e-14
1.2448344509000093,-0.058173023865603975,0.0894731646780376,0.8335893449308798,0.5419771730585561,0.011389547903171366,0.9886104520988371,2.008393451546908e-12
1.2449678731815303,-0.058311687508230764,0.089691429182347,0.8335798345054766,0.5419408216192587,0.011444805368829527,0.9885551946315351,3.645972412869014e-13
1.2451012954630514,-0.058450918387220746,0.08991038463609095,0.8335696187843328,0.5419052532625698,0.01150038712571936,0.9884996128738275,4.531930386519889e-13
1.2452347177445724,-0.05859071979068186,0.0901300338748462,0.8335586945535146,0.5418704709429181,0.011556295451871122,0.9884437045456594,2.4694690736737357e-12
1.2453681400260934,-0.058731095036966295,0.09035037975294047,0.8335470585903988,0.5418364776099553,0.011612532645741719,0.9883874673534695,7.888134589961737e-13
1.2453724420190997,-0.058735630805552726,0.09035749608745695,0.8335466715262052,0.5418353947125256,0.01161435142532099,0.9883856485756939,1.0149658891123181e-12
1.2455015623076144,-0.05887204746683011,0.09057142513598741,0.8335347076292183,0.5418032762457403,0.011669101024100468,0.9883308989731442,2.7553515025147135e-12
1.2456349845891355,-0.059013580443049794,0.0907931729043833,0.8335216384040206,0.5417708698253536,0.011726002922753546,0.9882739970790434,1.7970069876582784e-12
1.2457684068706565,-0.059155697355830296,0.09101562595195409,0.8335078475927947,0.5417392613661104,0.011783240697080602,0.9882167593042726,1.3531398224131408e-12
1.2459018291521775,-0.05929840162035261,0.0912387871893363,0.8334933318773486,0.5417084538719535,0.011840816722509634,0.9881591832803465,2.8561597531506777e-12
1.2460352514336985,-0.059441696674687405,0.09146265953859192,0.83347808790026,0.5416784503735067,0.011898733393437923,0.9881012666089171,2.355005079834882e-12
1.2461686737152196,-0.05958558598494752,0.0916872459376477,0.8334621122771598,0.5416492539198531,0.011956993124800268,0.9880430068734386,1.7611467839628858e-12
1.2463020959967406,-0.05973007304028542,0.09191254934071623,0.8334454016158265,0.5416208675597152,0.012015598351707426,0.987984401650705,2.412514632510465e-12
1.2464355182782616,-0.05987516136038354,0.09213857271342311,0.8334279524629566,0.5415932943855851,0.012074551529598725,0.9879254484700273,3.7403413699621524e-13
1.2465689405597826,-0.06002085448347757,0.09236531903803359,0.8334097613815521,0.5415665374640909,0.012133855133924521,0.9878661448669002,8.246736626915663e-13
1.2467023628413036,-0.06016715598179259,0.09259279131176708,0.8333908248771685,0.5415405999078456,0.012193511661841811,0.9878064883379966,1.616484723854228e-13
1.2467357889949977,-0.06020390447493318,0.09264989378909064,0.8333859635520894,0.5415342305168654,0.012208512933156657,0.987791487067138,2.9465319073551655e-13
1.2468357851228247,-0.0603140694492739,0.09282099254574482,0.8333711394412194,0.5415154848359562,0.012253523630709051,0.987746476370677,1.3860024239420454e-12
1.2469692074043457,-0.060461598509562335,0.09304992576738431,0.8333507015329765,0.5414911953813438,0.012313893579647246,0.9876861064210207,6.679101716144942e-13
1.2471026296858667,-0.060609746810542126,0.09327959401710526,0.8333295075915708,0.5414677346883442,0.012374624068434,0.9876253759313367,2.2926105458509483e-13
1.2472360519673877,-0.06075851802902632,0.09351000035249937,0.8333075540279364,0.5414451059164064,0.01243571767900795,0.9875642823208508,1.412203687323199e-13
1.2473694742489088,-0.0609079158709662,0.0937411478463063,0.833284837215067,0.541423312255499,0.012497177015287754,0.9875028229862565,1.5443202272535927e-12
1.2475028965304298,-0.0610579440655989,0.09397303958386174,0.8332613535097186,0.5414023568862657,0.012559004702147847,0.9874409952948516,3.000488746351948e-12
1.2476363188119506,-0.06120860637412549,0.09420567866898444,0.8332370992381684,0.5413822430258792,0.012621203387746588,0.9873787966105693,1.6840973060539e-12
1.2477697410934716,-0.061359906585092445,0.0944390682206237,0.8332120706973355,0.5413629738928397,0.012683775742510887,0.9873162242578412,3.519406988061746e-13
1.2479031633749926,-0.061511848516169684,0.09467321137138633,0.8331862641459044,0.5413445527367671,0.0127467244592474,0.987253275539179,1.5736301151036969e-12
1.2480365856565137,-0.06166443600946625,0.09490811126991454,0.8331596758395674,0.5413269827951729,0.012810052253188037,0.9871899477472185,4.065636716177323e-13
1.248099135970896,-0.061736194620473375,0.09501849721917266,0.8331469406191764,0.5413190397530123,0.012839872540006889,0.9871601274622165,2.2233326291143385e-12
1.2481700079380347,-0.061817672942351076,0.09514377108252332,0.8331323019768062,0.5413102673493336,0.012873761863811084,0.9871262381349792,1.2096990076315706e-12
1.2483034302195557,-0.061971563217932055,0.09538019398913333,0.8331041387414944,0.5412944096877688,0.012937856053078853,0.9870621439474371,5.160316618457728e-13
1.2484368525010767,-0.06212611076923966,0.09561738318598902,0.8330751822865425,0.5412794131060176,0.013002337606648096,0.9869976623941509,7.989164885202626e-13
1.2485702747825977,-0.06228131955914661,0.09585534188577671,0.8330454287310417,0.5412652809291062,0.01306720933406768,0.9869327906689492,3.0169200471164004e-12
1.2487036970641188,-0.062437193582303145,0.09609407331786617,0.8330148741672514,0.5412520164839175,0.013132474069253436,0.9868675259317887,1.042055330913172e-12
1.2488371193456398,-0.06259373686286188,0.09633358072611733,0.832983514650229,0.5412396231325541,0.013198134669972559,0.9868018653277175,2.3099300250351007e-12
1.2489705416271608,-0.06275095345274975,0.0965738673719091,0.8329513462255771,0.5412281042236897,0.013264194018396252,0.9867358059805705,1.0331735467161707e-12
1.2491039639086818,-0.06290884743736129,0.09681493653092478,0.8329183648836093,0.5412174631507527,0.013330655021384193,0.9866693449797217,1.105782132526656e-12
1.2492373861902029,-0.06306742293570276,0.09705679149757039,0.8328845665855735,0.5412077033182903,0.01339752061155366,0.9866024793874972,9.491296637520463e-13
1.2493708084717239,-0.06322668409321497,0.09729943558151008,0.8328499472852531,0.5411988281243182,0.013464793745903633,0.986535206256184,2.0876633755051444e-12
1.2494624829467942,-0.06333651204577775,0.09746661547989005,0.8328256823621143,0.5411932445121803,0.013511254891229693,0.9864887451075418,1.2284617767477357e-12
1.249504230753245,-0.0633866350915452,0.09754287210971556,0.8328145028694852,0.5411908410185297,0.013532477407641037,0.9864675225920913,2.6767477123712524e-13
1.249637653034766,-0.06354728014104437,0.09778710442440089,0.832778229223227,0.5411837454381505,0.013600574605033059,0.9863994253946382,3.2873703759150885e-13
1.249771075316287,-0.06370862348674881,0.09803213588573698,0.8327411221856189,0.5411775448501529,0.013669088372895922,0.9863309116290029,1.8987034167139427e-12
1.249904497597808,-0.0638706694052212,0.09827796986947616,0.8327031775572844,0.5411722427419076,0.013738021771936724,0.9862619782283044,2.41140440948584e-13
1.250037919879329,-0.0640334222055908,0.09852460976926734,0.8326643911239437,0.5411678426036625,0.013807377889545858,0.9861926221141102,3.6559644200906405e-12
1.25017134216085,-0.06419688623230786,0.09877205899512384,0.8326247586112301,0.5411643479633975,0.013877159840060105,0.986122840159058,8.818501484597618e-13
1.250304764442371,-0.06436106586073263,0.09902032097497314,0.8325842757470086,0.5411617623352271,0.013947370764716268,0.9860526292349395,3.4416913763379853e-13
1.250438186723892,-0.06452596550098774,0.0992693991520098,0.8325429381943102,0.5411600892791293,0.014018013831835706,0.9859819861658102,2.354116901415182e-12
1.250571609005413,-0.06469158959858064,0.0995192969887862,0.8325007415951343,0.5411593323656885,0.014089092237933417,0.9859109077629263,8.597567102697212e-13
1.250705031286934,-0.06485794263338594,0.09977001796443702,0.8324576815551962,0.5411594951727017,0.014160609207259665,0.9858393907958258,3.085531830038235e-12
1.2508258299226922,-0.06500918882140808,0.09999773009093582,0.8324179471426845,0.5411604388937831,0.014225740654557137,0.985774259348953,3.510081114654895e-12
1.2508384535684551,-0.06502502911803465,0.10002156557426184,0.8324137536408242,0.5411605813048777,0.014232567991727618,0.9857674320086399,3.674838211509268e-13
1.250971875849976,-0.06519285360225477,0.10027394333212013,0.8323689533951127,0.5411625943750805,0.01430497187217826,0.9856950281268431,9.786615962070755e-13
1.251105298131497,-0.06536142067070941,0.10052715476989572,0.832323276314245,0.5411655380256382,0.014377824158224006,0.9856221758410573,7.187583861423263e-13
1.251238720413018,-0.06553073494364733,0.10078120343631383,0.8322767178637726,0.5411694159073243,0.014451128188326237,0.9855488718115681,1.0558220964185239e-13
1.251372142694539,-0.06570080107675103,0.1010360928966038,0.8322292734699707,0.5411742316939584,0.01452488732993796,0.9854751126699014,1.6064927166326015e-13
1.25150556497606,-0.06587162376413935,0.1012918267377182,0.8321809385316572,0.541179989067616,0.014599104981188247,0.9854008950226548,3.843148022042442e-12
1.251638987257581,-0.0660432077360369,0.10154840855961639,0.8321317083884326,0.5411866917479318,0.014673784569056098,0.9853262154305223,4.2155168245017194e-13
1.251772409539102,-0.06621555775845611,0.10180584198427736,0.8320815783706641,0.5411943434532192,0.01474892955139109,0.9852510704495765,9.676703882632864e-13
1.251905831820623,-0.06638867863523211,0.10206413064862595,0.8320305437582034,0.5412029479211696,0.014824543415991912,0.9851754565851361,1.127986593019159e-12
1.2520392541021441,-0.06656257520905758,0.10232327820915241,0.8319785997874254,0.5412125089232536,0.01490062968192905,0.9850993703192479,1.176836406102666e-12
1.2521726763836651,-0.06673725236370924,0.1025832883437037,0.8319257416612341,0.5412230302363382,0.014977191900464867,0.9850228080967988,2.7363666887936233e-12
1.2521891768985904,-0.066758909401961,0.10261550426544387,0.8319191408737009,0.5412243983291214,0.014986693700190564,0.9850133062987562,1.053268583461886e-12
1.2523060986651862,-0.06691271501207012,0.10284416474067497,0.8318719645578135,0.5412345156496841,0.015054233651493611,0.9849457663478243,6.821210263296962e-13
1.2524395209467072,-0.06708896811623799,0.10310591111531886,0.8318172635956066,0.5412469689850321,0.01513175854982163,0.9848682414511671,9.887646257311644e-13
1.2525729432282282,-0.06726601667362352,0.10336853119682314,0.8317616338558799,0.5412603940864869,0.015209770240924793,0.9847902297612616,2.1864732246967833e-12
1.2527063655097492,-0.067443865720443,0.10363202873296311,0.8317050703932951,0.5412747947947654,0.015288272402626838,0.9847117275980313,6.581402089977928e-13
1.2528397877912703,-0.06762252033283415,0.10389640749138634,0.8316475682144673,0.5412901749855563,0.01536726874578077,0.9846327312529312,1.2880807531701066e-12
1.2529732100727913,-0.06780198562861463,0.10416167125870288,0.8315891222889374,0.5413065385488645,0.015446763014588957,0.9845532369850385,3.7259084706420253e-13
1.2531066323543123,-0.06798226676675953,0.10442782383991402,0.8315297275408599,0.5413238893960475,0.01552675898668697,0.9844732410150409,1.7277290709216686e-12
1.2532400546358333,-0.06816336894636452,0.10469486905830261,0.8314693788520183,0.541342231456093,0.015607260473253339,0.9843927395264233,3.234079670733081e-13
1.2533734769173543,-0.06834529740713734,0.1049628107584699,0.8314080710739153,0.5413615686700226,0.015688271319988414,0.9843117286797162,2.9543034685275416e-13
1.2535068991988754,-0.06852805743402238,0.10523165280124513,0.8313457990013765,0.5413819050144905,0.015769795406962474,0.9842302045943561,1.318500864044836e-12
1.2535525238744885,-0.06859074524587529,0.10532379247915187,0.831324282442224,0.5413890891279882,0.01579779159557601,0.9842022084049117,4.876099524153688e-13
1.2536403214803964,-0.06871165435147922,0.10550139906827713,0.8312825573921365,0.541403244471721,0.015851836649081023,0.9841481633489167,2.0021762026090073e-12
1.2537737437619174,-0.06889609352596664,0.10577205346126901,0.8312183409731649,0.5414255910385558,0.01593439899655229,0.9840656010016301,1.8176571359163063e-12
1.2539071660434384,-0.06908138037130473,0.10604361989873944,0.8311531444083634,0.5414489487506742,0.016017486435233215,0.98398251356312,1.6466827901240322e-12
1.2540405883249595,-0.0692675203417256,0.10631610232238564,0.8310869623314089,0.5414733216474589,0.016101102987315343,0.9838988970131812,4.9649173661237e-13
1.2541740106064805,-0.06945451893485453,0.1065895046897518,0.8310197893269802,0.5414987137900974,0.016185252710478683,0.9838147472893884,1.3289369604763124e-13
1.2543074328880013,-0.0696423816941422,0.10686383098065534,0.8309516199385599,0.5415251292607107,0.016269939699894667,0.9837300602993465,7.588374373312945e-13
1.2544408551695223,-0.06983111420997419,0.10713908519351398,0.8308824486562186,0.5415525721749072,0.016355168087909506,0.9836448319142118,2.121414155453749e-12
1.2545742774510433,-0.07002072211302345,0.10741527134742573,0.8308122699390388,0.5415810466391421,0.016440942043870352,0.9835590579600069,3.877120846595972e-12
1.2547076997325644,-0.07021121108396333,0.10769239348051067,0.830741078183667,0.5416105568059358,0.016527265775437994,0.9834727342253975,8.355538483328928e-13
1.2548411220140854,-0.07040258684819466,0.10797045565154742,0.8306688677561579,0.54164110683291,0.01661414352852036,0.9833858564704772,1.0025313912365164e-12
1.2549158708503867,-0.0705101934206956,0.10812665027547719,0.8306279650631774,0.5416586782992369,0.016663059876019255,0.9833369401218712,2.10953476909026e-12
1.2549745442956064,-0.07059485517723746,0.10824946193942209,0.8305956329680777,0.5416727009063381,0.016701579587669525,0.9832984204128086,4.780620344035924e-13
1.2551079665771274,-0.07078802189040499,0.10852941644268294,0.8305213680807126,0.5417053432305281,0.016789578276545748,0.9832104217231626,2.916555885690286e-13
1.2552413888586484,-0.07098209285385443,0.10881032328103538,0.8304460673224398,0.5417390380165558,0.01687814395843664,0.9831218560424092,8.457679001594443e-13
1.2553748111401695,-0.07117707398286742,0.1090921865939883,0.8303697248470242,0.5417737895268765,0.016967281036620145,0.9830327189608351,2.5447421947433213e-12
1.2555082334216905,-0.07137297124060576,0.10937501054173894,0.8302923347871296,0.5418096020158528,0.017056993954717842,0.9829430060428397,2.4424906541753444e-12
1.2556416557032115,-0.07156979063638488,0.1096587993046034,0.8302138912191516,0.5418464797602809,0.017147287196663252,0.9828527128018537,1.4830359162942841e-12
1.2557750779847325,-0.07176753823512565,0.10994355708586931,0.8301343881605214,0.5418844270766688,0.01723816528902403,0.982761834714853,3.877120846595972e-12
1.2559085002662536,-0.07196622014611768,0.11022928810494223,0.8300538195755827,0.5419234482933617,0.01732963279824184,0.982670367202182,4.2388315080188477e-13
1.2560419225477746,-0.07216584253128817,0.1105159966063707,0.829972179398748,0.5419635477497055,0.017421694334150018,0.9825783056653546,4.953815135877448e-13
1.2561753448292956,-0.07236641160154124,0.11080368685426015,0.8298894615065008,0.5420047298076022,0.017514354548580625,0.9824856454533617,1.942224159279249e-12
1.2562792178262847,-0.07252321968441057,0.11102834422648233,0.8298243132085996,0.5420375435261325,0.01758691061506753,0.9824130893839682,9.642286968869485e-13
1.2563087671108166,-0.07256793362419076,0.11109236313385616,0.8298056597036223,0.5420469988710208,0.017607618137149516,0.9823923818612443,1.606159649725214e-12
1.2564421893923376,-0.07277041491108237,0.11138202975039942,0.8297207677738516,0.542090359338531,0.01770148983764994,0.9822985101630075,6.574740751830177e-13
1.2565756116738587,-0.07297386183257307,0.11167269103136629,0.8296347794230422,0.5421348156473591,0.017795974432946463,0.9822040255653159,1.7376100558408325e-12
1.2567090339553797,-0.0731782808082298,0.11196435132661245,0.8295476883237094,0.5421803722441287,0.017891076750037233,0.9821089232499921,2.930988785010413e-14
1.2568424562369007,-0.07338367831423477,0.11225701500487847,0.8294594880781025,0.5422270336090871,0.017986801660732597,0.9820131983392981,3.064215547965432e-14
1.2569758785184217,-0.0735900608768799,0.11255068645843723,0.8293701722481481,0.5422748042318749,0.018083154082128336,0.9819168459196411,1.7694734566475745e-12
1.2571093007999428,-0.07379743507905559,0.11284537009971099,0.8292797343334449,0.542323688627113,0.018180138977188166,0.9818198610222668,5.450084827884893e-13
1.2572427230814638,-0.07400580755937025,0.1131410703633574,0.8291881677786976,0.5423736913428973,0.018277761355480735,0.9817222386451142,5.948574965941589e-13
1.2573761453629848,-0.07421518501022784,0.1134377917057386,0.8290954659788765,0.5424248169296674,0.018376026273176877,0.9816239737279134,1.0902390101819037e-12
1.2575095676445058,-0.0744255741815125,0.11373553860607899,0.8290016222691865,0.5424770699694705,0.018474938834262704,0.981525061167605,1.8676171720244383e-12
1.257642564802183,-0.07463630664578587,0.11403336192964596,0.828906934426303,0.5425302831712813,0.01857418590270141,0.981425814097922,6.232792060245629e-13
1.2576429899260269,-0.07463698187875867,0.11403431556333549,0.8289066299202674,0.5425304550754664,0.018574504189968526,0.981425495810168,1.3655743202889425e-13
1.2577764122075477,-0.07484941496537639,0.1143341271005971,0.8288104821645045,0.5425849768594416,0.0186747275405146,0.9813252724593191,1.6631140908884845e-13
1.2579098344890687,-0.07506288036310303,0.11463497776197042,0.8287131721550998,0.5426406399823778,0.01877561413489297,0.9812243858638526,1.2544409955239644e-12
1.2580432567705897,-0.07527738504855674,0.11493687211287931,0.8286146930113978,0.5426974490984927,0.018877169270841047,0.9811228307323842,3.2251978865360797e-12
1.2581766790521107,-0.07549293606488057,0.11523981474274668,0.8285150377583214,0.5427554089165075,0.018979398297638714,0.981020601699798,2.5632829192545614e-12
1.2583101013336317,-0.07570954050473956,0.1155438102617333,0.8284141994040628,0.5428145241366903,0.019082306613238224,0.9809176933880158,1.2541079286165768e-12
1.2584435236151528,-0.07592720552819412,0.11584886330327406,0.8283121708603884,0.5428747995029035,0.019185899667981312,0.9808141003307671,1.251554415659939e-12
1.2585769458966738,-0.07614593835524203,0.11615497852475773,0.8282089449995853,0.5429362397739763,0.01929018296408725,0.9807098170372308,1.3180567748349858e-12
1.2587103681781948,-0.07636574626394887,0.11646216060213274,0.8281045146217718,0.5429988497313339,0.01939516205456678,0.9806048379465119,1.078692690725802e-12
1.2588437904597158,-0.07658663659880734,0.11677041423858099,0.8279988724725054,0.5430626341773415,0.01950084254696758,0.9804991574553732,2.34079422511968e-12
1.2589772127412369,-0.0768086167607274,0.11707974415671457,0.8278920112344249,0.543127597932836,0.019607230100498037,0.9803927699020736,2.5717206142417126e-12
1.259005911778081,-0.07685650767737755,0.1171464219094993,0.8278688654281143,0.5431417261794234,0.019630206938561216,0.9803697930623968,9.5812247025151e-13
1.2591106350227579,-0.07703169422116035,0.11739015510274939,0.8277839235148854,0.5431937458601716,0.019714330429629914,0.9802856695713024,9.323652960802065e-13
1.259244057304279,-0.07725587651099218,0.1177016518481264,0.8276746018724593,0.543261082825598,0.019822149303259238,0.9801778506975753,8.346656699131927e-13
1.2593774795858,-0.07748117122256032,0.11801423918128438,0.827564038796745,0.5433296137203792,0.01993069254355711,0.980069307455117,1.3259393583098245e-12
1.259510901867321,-0.07770758602258473,0.11832792192188038,0.8274522267090246,0.5433993434686922,0.020039966031808024,0.9799600339679287,2.632338791386246e-13
1.259644324148842,-0.07793512863512808,0.11864270490663074,0.8273391579650998,0.543470277010977,0.02014997570293582,0.9798500242967884,2.757793993168889e-13
1.259777746430363,-0.07816380685481329,0.11895859299732321,0.8272248248579195,0.5435424193128615,0.020260727549939347,0.979739272453694,3.6333158703882873e-12
1.259911168711884,-0.07839362854171186,0.11927559107859331,0.8271092196093557,0.5436157753553892,0.020372227623083713,0.9796277723780383,1.1219913886861832e-12
1.260044590993405,-0.07862460162528599,0.11959370405965628,0.8269923343733454,0.5436903501587863,0.020484482031443572,0.979515517968059,4.973799150320701e-13
1.260178013274926,-0.07885673410230368,0.1199129368724236,0.8268741612405038,0.5437661487548278,0.020597496942651276,0.979402503058844,1.4952483695651608e-12
1.260311435556447,-0.07909003403935894,0.12023329447150483,0.8267546922261105,0.5438431762005312,0.02071127858381855,0.9792887214177728,1.5913936834976994e-12
1.2603692587539792,-0.07919150736511889,0.12037248322288718,0.8267025116323087,0.5438769416909811,0.020760829556003942,0.9792391704423021,1.6939782909730638e-12
1.2604448578379681,-0.07932450957227544,0.1205547818368923,0.8266339192819205,0.543921437574172,0.020825833242622716,0.9791741667601428,2.765565554341265e-12
1.2605782801194891,-0.07956016890994397,0.12087740396953041,0.8265118342761955,0.5440009379895867,0.02094116726739186,0.9790588327321516,4.566347300283269e-13
1.2607117024010102,-0.0797970203284302,0.12120116589664282,0.8263884290260829,0.5440816825676152,0.021057287068001435,0.9789427129338047,1.8061108164602047e-12
1.2608451246825312,-0.08003507217887545,0.12152607266797472,0.8262636952587626,0.5441636764616606,0.02117419911677967,0.9788258008829362,2.8410607200157756e-13
1.2609785469640522,-0.08027433288570011,0.12185212935721505,0.8261376246362083,0.5442469248543214,0.021291909949131667,0.9787080900529419,2.0736745653948674e-12
1.2611119692455732,-0.08051481094629187,0.122179341062405,0.8260102087418684,0.5443314329424075,0.021410426164160612,0.9785895738349196,9.197087535994797e-13
1.261245391527094,-0.08075651492898099,0.12250771290446934,0.8258814390964719,0.544417205947606,0.021529754424558616,0.9784702455758576,4.1611158962950867e-13
1.261378813808615,-0.08099945348320363,0.12283725002978599,0.8257513071353816,0.5445042491159687,0.02164990145945783,0.9783500985411362,5.939693181744587e-13
1.261512236090136,-0.08124363533149667,0.12316795760798951,0.8256198042130656,0.5445925677312041,0.021770874063200718,0.9782291259368867,8.748557434046234e-14
1.261645658371657,-0.08148906927127501,0.12349984083233108,0.8254869216214015,0.5446821670798629,0.021892679096309774,0.9781073209027937,8.965050923848139e-13
1.2617326057298772,-0.08164968937930035,0.12371675450498601,0.8253995792815585,0.5447412481164509,0.021972507120983205,0.9780274928776425,1.3743450821834813e-12
1.2617790806531781,-0.08173576418047657,0.12383290492135382,0.8253526505655834,0.54477305248602,0.022015323487427532,0.97798467651057,2.002509269516395e-12
1.2619125029346991,-0.08198372901315061,0.12416715511852282,0.8252169821766968,0.5448652292930874,0.022138814233129016,0.9778611857654235,1.447508779506279e-12
1.2620459252162202,-0.08223297280662116,0.12450259669044017,0.8250799075020576,0.5449587028726351,0.0222631583992769,0.9777368416002292,4.938272013532696e-13
1.2621793474977412,-0.08248350466973531,0.12483923492612446,0.8249414175150299,0.5450534786154413,0.022388363119542336,0.9776116368825003,2.042588320705363e-12
1.2623127697792622,-0.08273533379991795,0.12517707514274595,0.8248015031029501,0.5451495619357829,0.022514435600276512,0.9774855643996618,6.161737786669619e-14
1.2624461920607832,-0.08298846947687079,0.12551612268053294,0.8246601550693312,0.5452469582878989,0.022641383118868114,0.9773586168811791,4.729550084903167e-14
1.2625796143423043,-0.08324292105297842,0.12585638290193094,0.8245173641475976,0.5453456731256496,0.02276921302258985,0.97723078697777,3.5993430458347575e-13
1.2627130366238253,-0.08349869797514187,0.12619786119814222,0.8243731209753731,0.5454457119470769,0.022897932734529537,0.9771020672681305,2.660094367001875e-12
1.2628464589053463,-0.08375580976934696,0.12654056298166275,0.8242274161071508,0.5455470802661677,0.023027549749835195,0.9769724502496107,5.541123115904156e-13
1.2629798811868673,-0.08401426604811284,0.1268844936926753,0.8240802400141766,0.5456497836322342,0.023158071639249645,0.9768419283597268,1.0235146064019318e-12
1.2630959527057755,-0.08424021277834155,0.12718470213486505,0.8239509991339683,0.545740221276535,0.023272361906074603,0.976727638092826,1.09934283898383e-12
1.2631133034683883,-0.08427407650564772,0.12722965879219802,0.8239315830942289,0.5457538275951492,0.0232895060472589,0.9767104939549179,2.176925306685007e-12
1.2632467257499094,-0.08453525092854702,0.1275760637681837,0.8237814356385327,0.5458592177474854,0.023421860696136085,0.9765781393025784,1.2855272402134688e-12
1.2633801480314304,-0.0847977991906249,0.1279237141346118,0.8236297878572384,0.5459659597172893,0.023555143385567422,0.9764448566157804,1.34781075189494e-12
1.2635135703129514,-0.08506173125184283,0.12827261542759574,0.8234766298715126,0.5460740591359883,0.023689361992196605,0.9763106380057992,2.0041746040533326e-12
1.2636469925944724,-0.08532705716214037,0.12862277320878088,0.8233219517226716,0.5461835216652909,0.023824524471868655,0.9761754755271287,1.0026424135389789e-12
1.2637804148759935,-0.08559378706372048,0.12897419306763952,0.8231657433522055,0.5462943529913417,0.023960638861358272,0.9760393611388176,1.758593271006248e-13
1.2639138371575145,-0.0858619311907972,0.1293268806137773,0.8230079946008101,0.5464065588415034,0.024097713277103396,0.9759022867218603,1.0362821711851211e-12
1.2640472594390355,-0.08613149986832558,0.12968084148551642,0.82284869523434,0.5465201449448863,0.024235755917959005,0.9757642440794351,2.6059154834001674e-12
1.2641806817205565,-0.08640250351326985,0.13003608134363992,0.8226878349256332,0.5466351170583431,0.02437477506457035,0.9756252249360146,5.848654893725325e-13
1.2643141040020776,-0.08667495264262078,0.13039260587605614,0.8225254032286394,0.5467514809865591,0.02451477908274906,0.9754852209174316,1.8074430840897548e-13
1.2644475262835986,-0.08694885786619859,0.13075042079305704,0.8223613896214725,0.5468692425386531,0.024655776421797886,0.9753442235749593,3.2428504326276197e-12
1.2644592996816735,-0.08697309797527726,0.13078205710862276,0.8223468404895246,0.5468797013060014,0.02466826623298024,0.9753317337636447,3.375077994860476e-12
1.2645809485651194,-0.08722422988543024,0.1311095318323886,0.8221957834954488,0.546988407540195,0.024797775616414507,0.9752022243810532,2.5323076968675196e-12
1.2647143708466404,-0.08750107950885985,0.13146994475635268,0.8220285741145085,0.5471089818735643,0.024940785289454245,0.9750592147074603,3.085531830038235e-12
1.2648477931281614,-0.08777941763719668,0.1318316653515286,0.8218597506718381,0.5472309714158281,0.02508481415008282,0.9749151858510869,1.169730978745065e-12
1.2649812154096824,-0.0880592552733081,0.13219469943005277,0.821689302240436,0.5473543820860294,0.025229870996691637,0.9747701290051535,1.84519066692701e-12
1.2651146376912035,-0.08834060351716343,0.13255905282624011,0.8215172178080293,0.5474792198150953,0.025375964715966585,0.9746240352843907,3.5726976932437537e-13
1.2652480599727245,-0.08862347357572802,0.13292473140436828,0.8213434862475673,0.5476054905768072,0.025523104287551213,0.9744768957111736,1.2752021660844548e-12
1.2653814822542455,-0.08890787675866348,0.13329174105121722,0.8211680963361333,0.5477332003579627,0.025671298782198433,0.9743287012146852,3.1163960301228144e-12
1.2655149045357665,-0.08919382447333747,0.13366008767789786,0.8209910367547774,0.5478623551636044,0.025820557362243875,0.9741794426370954,6.606937219544307e-13
1.2656483268172876,-0.08948132823971151,0.13402977722230822,0.8208122960625601,0.5479929610376092,0.025970889285804568,0.9740291107142587,6.328271240363392e-14
1.2657817490988086,-0.08977039968208565,0.1344008156462321,0.8206318627169232,0.5481250240486572,0.026122303905453864,0.9738776960945883,4.218847493575595e-14
1.2658226466575717,-0.08985932366199946,0.13451482004119059,0.8205762142582819,0.5481657976696016,0.02616893485970586,0.9738310651412042,9.101608355877033e-13
1.2659151713803296,-0.09006105052976152,0.13477320893551734,0.8204497250757586,0.5482585502784302,0.026274810669300864,0.9737251893302938,4.0534242629064465e-13
1.2660485936618506,-0.09035329262160757,0.13514696310218258,0.8202658713863388,0.5483935458378492,0.026428419123308546,0.9735715808777988,1.1073364447611311e-12
1.2661820159433717,-0.09064713790967747,0.1355220841845224,0.8200802897744163,0.5485300168725421,0.026583138912932867,0.9734168610866817,3.8546943414985435e-13
1.2663154382248927,-0.09094259845409464,0.13589857824173057,0.8198929682666615,0.5486679695475224,0.026738979781706463,0.9732610202205176,2.2239987629291136e-12
1.2664488605064137,-0.09123968642552864,0.13627645136045297,0.8197038947746746,0.5488074100429982,0.026895951574426695,0.9731040484268745,1.3011813848606835e-12
1.2665822827879347,-0.09153841411238844,0.13665570965483437,0.8195130570984641,0.5489483445722237,0.027054064239477503,0.9729459357634556,2.9329871864547385e-12
1.2667157050694557,-0.09183879391669025,0.13703635925808647,0.8193204429119129,0.5490907793784369,0.027213327826783644,0.9727866721717924,1.4239720513842258e-12
1.2668491273509768,-0.09214083835364449,0.13741840633223804,0.8191260397922718,0.5492347207224519,0.027373752491404522,0.9726262475128401,4.2446046677468985e-12
1.2669825496324978,-0.09244456005775954,0.13780185706129336,0.8189298351790103,0.5493801748851723,0.02753534849381383,0.9724646515031836,3.002598170098736e-12
1.2671159719140188,-0.09274997178460802,0.13818671765777138,0.8187318164118155,0.5495271481837004,0.027698126203074207,0.9723018737959012,1.024624829426557e-12
1.26718599363347,-0.09291093630670243,0.13838926363493462,0.8186271634467732,0.5496048916196411,0.027784030374807554,0.9722159696251474,4.496403249731884e-14
1.2672493941955398,-0.09305708640645598,0.1385729943552621,0.8185319706942532,0.5496756469572868,0.02786209609504211,0.9721379039065294,1.5716317136593716e-12
1.2673828164770609,-0.09336591691356758,0.13896069341087502,0.8183302851208017,0.5498256775575935,0.028027268754342406,0.9719727312475597,1.902034085787818e-12
1.2675162387585819,-0.09367647642602309,0.139349821110329,0.8181267466550715,0.5499772463727259,0.028193654879075956,0.9718063451201376,7.863709683419984e-13
1.267649661040103,-0.09398877818482063,0.1397403837618213,0.8179213421417731,0.5501303598132326,0.028361265278576506,0.9716387347192361,2.1873614031164834e-12
1.267783083321624,-0.09430283555350547,0.14013238769571235,0.8177140583021959,0.55028502431218,0.02853011087473293,0.9714698891273036,2.036593116372387e-12
1.2679165056031447,-0.09461866202604015,0.14052583926832324,0.817504881721621,0.5504412463256071,0.02870020270566462,0.971299797295169,8.335554468885675e-13
1.2680499278846658,-0.09493627122252668,0.14092074486154996,0.8172937988626313,0.5505990323418558,0.028871551925971208,0.9711284480750995,1.070699084948501e-12
1.2681833501661868,-0.09525567689402975,0.14131711088015222,0.8170807960627607,0.5507583888590146,0.02904416980805303,0.9709558301931326,1.1857181902996672e-12
1.2683167724477078,-0.09557689291734607,0.14171494374814383,0.8168658595288691,0.5509193224028718,0.029218067741273408,0.9707819322606778,1.95110594347625e-12
1.2684501947292288,-0.09589993330903354,0.14211424992137123,0.8166489753282006,0.5510818395319322,0.02939325723939104,0.970606742766498,5.88906701182168e-12
1.268549340609368,-0.09614117401826863,0.1424119317036571,0.8164865392969275,0.5512036352505347,0.029524283633178102,0.9704757163664778,3.4416913763379853e-13
1.2685836170107498,-0.0962248122181296,0.14251503587585604,0.8164301293817711,0.5512459468322729,0.02956974993711084,0.9704302500613444,1.5447643164634428e-12
1.2687170392922709,-0.09655154392160373,0.14291730810718753,0.8162093075157792,0.5514116508874768,0.029747557590250148,0.9702524424098405,9.059419880941277e-14
1.2688504615737919,-0.09688014284143595,0.14332107314063364,0.8159864953826366,0.5515789583275862,0.029926692083159893,0.9700733079165825,2.575717417130363e-13
1.268983883855313,-0.09721062353509322,0.14372633752001193,0.8157616785072896,0.5517478758037155,0.030107165424998004,0.9698928345749429,5.906386491005833e-14
1.269117306136834,-0.0975430007013829,0.14413310781652,0.815534842276238,0.5519184099836745,0.030288989754678565,0.9697110102454358,1.1435297153639112e-13
1.269250728418355,-0.09787728917601442,0.14454139061958202,0.8153059719378913,0.5520905675558949,0.030472177338687734,0.9695278226617797,4.674038933671909e-13
1.269384150699876,-0.09821350394218463,0.14495119254493136,0.8150750525938916,0.5522643552343788,0.030656740576799284,0.9693432594233792,1.7852386235972517e-13
1.269517572981397,-0.09855166012952847,0.14536252022983623,0.8148420691928369,0.5524397797680288,0.030842692001855628,0.9691573079966119,1.5324408408901036e-12
1.269650995262918,-0.0988917730064906,0.14577538033243942,0.8146070065563021,0.5526168479081297,0.031030044279434628,0.9689699557225363,1.970867913314578e-12
1.269784417544439,-0.099233857996946,0.1461897795361911,0.8143698493379014,0.5527955664400827,0.031218810213798198,0.9687811897864481,2.462474668618597e-13
1.2699126875852662,-0.09956460685921126,0.14658963361800265,0.8141398609675339,0.5529689459275244,0.03140163162328955,0.9685983683764329,2.7755575615628914e-13
1.26991783982596,-0.09957793067053299,0.14660572454328596,0.8141305820549921,0.552975942167661,0.03140900274548731,0.9685909972534127,1.100008972798605e-12
1.270051262107481,-0.09992400675098949,0.14702322208246768,0.8138891890663755,0.5531579819198708,0.0316006349566824,0.9683993650407865,2.531086451540432e-12
1.2701846843890021,-0.10027210210985449,0.14744227889765174,0.8136456545868713,0.5533416925436708,0.03179372006806201,0.9682062799351926,3.254507774386184e-12
1.2703181066705231,-0.10062223277686246,0.14786290175856115,0.8133999626653714,0.5535270809012124,0.031988271445463,0.9680117285550449,5.078160114635466e-13
1.2704515289520442,-0.10097441494451376,0.14828509745735047,0.8131520971930947,0.5537141539024883,0.03218430260132277,0.9678156974014764,2.7990942896849447e-12
1.2705849512335652,-0.10132866495276195,0.14870887280370712,0.8129020419130376,0.5539029184447511,0.03238182719165824,0.9676181728079986,3.431699369116359e-13
1.2707183735150862,-0.10168499930497327,0.14913423462816014,0.8126497804116024,0.5540933814581207,0.03258085902177953,0.9674191409787203,4.998224056862455e-13
1.2708517957966072,-0.10204343467166038,0.1495611897851493,0.8123952960960539,0.5542855499040269,0.032781412049538855,0.9672185879514046,9.43467526326458e-13
1.2709852180781283,-0.1024039878810061,0.1499897451453754,0.812138572218295,0.5544794307563405,0.032983500382707906,0.967016499616646,6.460387780293786e-13
1.2711186403596493,-0.10276667593169912,0.1504199076043658,0.8118795918721813,0.5546750309995421,0.03318713828575682,0.9668128617128828,1.3603562720732043e-12
1.27125206264117,-0.10313151598377622,0.15085168407018112,0.811618337975757,0.5548723576508122,0.03339234017592164,0.9666076598235009,5.774269951075439e-13
1.2712760345611642,-0.10319729601828832,0.15092943272740952,0.8115711563447662,0.5549079947353105,0.03342937556890387,0.9665706244319442,8.479883462086946e-13
1.271385484922691,-0.10349852537268026,0.15128508147574252,0.8113547932767328,0.5550714177451668,0.033599120631441395,0.9664008793707591,2.2004620348070603e-12
1.2715189072042121,-0.10386772160437545,0.15172010677251982,0.811088940350781,0.5552722183312854,0.03380749439034885,0.9661925056098994,2.48245868306185e-13
1.2716523294857331,-0.10423912235517227,0.15215676692884347,0.8108207616097185,0.5554747664749,0.03401747635161497,0.9659825236477088,6.762368442991828e-13
1.2717857517672542,-0.10461274547761877,0.1525950689314302,0.8105502392827418,0.5556790692672948,0.03422908157855299,0.9657709184230769,1.6300294447546548e-12
1.2719191740487752,-0.10498860900879382,0.1530350197893299,0.8102773554062962,0.5558851338286399,0.03444232530352198,0.9655576746959059,5.720979245893432e-13
1.2720525963302962,-0.1053667311517317,0.15347662652172778,0.8100020918760567,0.5560929672568374,0.03465722292209121,0.9653427770761017,1.8071100171823673e-12
1.2721860186118172,-0.10574713029967084,0.15391989617106,0.8097244303737666,0.5563025767076857,0.03487379000392545,0.9651262099957313,3.432809592140984e-13
1.2723194408933383,-0.10612982503389748,0.15436483579601648,0.8094443524066621,0.5565139693367258,0.03509204229205682,0.9649079577099589,2.0157209235094342e-12
1.2724528631748593,-0.10651483411011627,0.15481145246875186,0.8091618392897811,0.5567271523234865,0.03531199570099021,0.9646880042970403,1.9695356456850277e-12
1.2725862854563803,-0.10690217647872106,0.15525975328071356,0.8088768721658279,0.5569421328553308,0.035533666324675674,0.9644663336742182,1.1061151994340435e-12
1.2726393815370625,-0.10705697464324726,0.15543862693042648,0.8087627811990036,0.557028187066059,0.03562236256178119,0.9643776374388477,6.288303211476887e-13
1.2727197077379013,-0.10729187128171602,0.15570974533911425,0.8085894319804637,0.5571589181338787,0.035757070436704126,0.9642429295666032,3.3073543903583413e-12
1.2728531300194224,-0.10768393785071319,0.1561614357642099,0.8082994994724468,0.5573775153889686,0.035982224490975726,0.9640177755085879,4.363176486776865e-13
1.2729865523009434,-0.1080783957096813,0.15661483169226978,0.8080070552087832,0.5575979318537351,0.036209145125176444,0.9637908548747324,9.114931032172535e-14
1.2731199745824644,-0.10847526458201276,0.1570699402742606,0.8077120795520498,0.557820174773658,0.036437849163897466,0.9635621508388111,2.708500090875532e-12
1.2732533968639854,-0.10887456439129203,0.15752676867268917,0.8074145526511098,0.5580442514229462,0.036668353619852524,0.9633316463789883,1.159183860011126e-12
1.2733868191455064,-0.10927631526152387,0.15798532406857252,0.8071144544733597,0.5582701690772892,0.03690067569818783,0.963099324301414,3.9823699893304365e-13
1.2735202414270275,-0.10968053751876766,0.15844561365105747,0.8068117647773327,0.5584979350200665,0.03713483279566597,0.9628651672047925,4.585221091701897e-13
1.2736536637085485,-0.11008725169822892,0.1589076446225924,0.806506463102098,0.5587275565666068,0.03737084250596932,0.9626291574923465,1.6842083283563625e-12
1.2737870859900695,-0.11049647854347659,0.15937142420116057,0.8061985287950788,0.5589590410282542,0.03760872262241526,0.9623912773785751,9.903189379656396e-13
1.2739205082715905,-0.11090823900473966,0.1598369596099734,0.8058879409844882,0.5591923957267778,0.037848491136492725,0.9621515088628714,6.359357485052897e-13
1.2740027285129605,-0.11116325348046353,0.16012471902181075,0.8056952135508306,0.5593371329488817,0.037997194566175625,0.9620028054341935,3.6903813338540203e-13
1.2740539305531116,-0.11132255425094255,0.16030425808795942,0.8055746785885997,0.5594276280000968,0.03809016624608515,0.9619098337529403,9.745537710159624e-13
1.2741873528346326,-0.11173944566443857,0.1607733268808802,0.8052587203062042,0.559664745197369,0.03833376635374238,0.9616662336460213,2.362554596402333e-13
1.2743207751161536,-0.1121589348508973,0.16124417324738313,0.804940044610544,0.5599037546839588,0.038579310073119925,0.9614206899268192,6.09512440519211e-14
1.2744541973976746,-0.1125810436259636,0.16171680444906852,0.8046186297742056,0.5601446638100939,0.038826816225129394,0.9611731837746432,2.2737367544323206e-13
1.2745876196791956,-0.11300579404066098,0.16219122776369804,0.8042944538265516,0.5603874799578278,0.03907630385025605,0.9609236961496359,1.0802470029602773e-13
1.2747210419607164,-0.11343320837028872,0.16266745046983042,0.8039674945754407,0.5606322105106176,0.03932779220353208,0.9606722077959328,5.351274978693255e-13
1.2748544642422375,-0.11386330911376769,0.16314547985629124,0.8036377296057892,0.5608788628521746,0.03958130075987693,0.9604186992402959,1.7275070263167436e-13
1.2749878865237585,-0.11429611900262253,0.16362532321670412,0.8033051362694341,0.5611274443720948,0.03983684921683253,0.9601631507844125,1.2450040998146505e-12
1.2751213088052795,-0.11473166101069296,0.16410698784951544,0.8029696916718236,0.56137796247822,0.04009445749931358,0.9599055424997415,9.449108162584707e-13
1.2752547310868005,-0.11516995834521036,0.1645904810611632,0.802631372693815,0.5616304245743602,0.040354145761182604,0.959645854239934,1.1166623181679824e-12
1.2753660754888587,-0.11553785508774218,0.16499537388263374,0.8023468194410126,0.5618426042677109,0.0405724693609462,0.9594275306374325,1.6213697051625786e-12
1.2753881533683216,-0.11561103444351861,0.16507581015481881,0.8022901559767944,0.561884838058747,0.04061593438337022,0.9593840656175736,9.43911615536308e-13
1.2755215756498426,-0.11605491300337263,0.16556298244704024,0.8019460179063155,0.5621412103508074,0.04087984398897934,0.9591201560104673,5.53335155473178e-13
1.2756549979313636,-0.11650161795743692,0.16605200524739136,0.8015989346382868,0.5623995488584922,0.04114589543338027,0.9588541045694721,2.852384994866952e-12
1.2757884202128846,-0.11695117349043781,0.16654288586906413,0.8012488820590353,0.5626598610048202,0.041414109814386604,0.9585858901868174,1.2039258479035198e-12
1.2759218424944057,-0.11740360403790821,0.16703563163002697,0.8008958358226139,0.5629221541970971,0.041684508475132005,0.9583154915239038,9.64117674584486e-13
1.2760552647759267,-0.11785893428850663,0.16753024984132214,0.8005397713260339,0.5631864358452655,0.04195711300351834,0.9580428869948322,1.649458347685595e-12
1.2761886870574477,-0.11831718919718998,0.16802674781919552,0.800180663693102,0.5634527133744115,0.042231945242219175,0.9577680547573201,4.6074255521944e-13
1.2763221093389687,-0.11877839396675127,0.16852513287001739,0.7998184878063466,0.5637209941817902,0.0425090272821778,0.9574909727181369,3.1463720517876936e-13
1.2764555316204897,-0.11924257407170784,0.16902541230355156,0.7994532182711522,0.5639912856778009,0.042788381475632326,0.9572116185246015,2.3381296898605797e-13
1.2765889539020108,-0.11970975526180558,0.16952759342309592,0.7990848294198298,0.5642635952774938,0.04307003043666789,0.956929969564402,1.0698109065288008e-12
1.2767223761835318,-0.12017996354037996,0.17003168352473452,0.7987132953364933,0.5645379303616679,0.043353997038822534,0.9566460029643158,3.1383784460103925e-12
1.2767294224647567,-0.12020488077544696,0.17005835867847885,0.7986935859852649,0.5645524749611833,0.04336905871865757,0.9566309412787992,2.543187882508846e-12
1.2768557984650528,-0.12065322519585508,0.17053768990030121,0.7983385898126522,0.5648142983246782,0.04364030442669301,0.9563596955760527,2.745803584502937e-12
1.2769892207465738,-0.12112956679147008,0.17104561983113695,0.7979606863597759,0.5650927065613323,0.043928976014507036,0.9560710239845763,9.166001291305292e-13
1.2771226430280949,-0.12160901517159288,0.17155548059606782,0.7975795582300366,0.5653731624333866,0.044220035493552516,0.9557799645063488,9.869882688917642e-14
1.2772560653096159,-0.1220915974594777,0.17206727945615877,0.7971951783736315,0.5656556733088695,0.044513506829650974,0.9554864931686766,1.6724399642953358e-12
1.277389487591137,-0.1225773410728761,0.1725810236678868,0.7968075194634671,0.5659402465392569,0.044809414274751894,0.9551905857264381,1.1899370377932428e-12
1.277522909872658,-0.12306627371864469,0.17309672047183652,0.796416553862949,0.5662268894783834,0.045107782365097486,0.954892217635301,3.9834802123550617e-13
1.277656332154179,-0.12355842338923259,0.17361437709491326,0.7960222536715139,0.5665156094357279,0.04540863592448759,0.9545913640746101,9.022782521128647e-13
1.2777897544357,-0.12405381838812621,0.17413400075194985,0.7956245906641608,0.5668064137372526,0.04571200007455427,0.9542879999231991,2.2466473126314668e-12
1.277923176717221,-0.12455248731208707,0.1746555986390924,0.7952235363298853,0.5670993096758205,0.046017900231607345,0.9539820997678005,5.921929613350585e-13
1.278056598998742,-0.1250544590641043,0.1751791779381507,0.794819061849704,0.5673943045262403,0.04632636211490201,0.9536736378884594,3.361311229355124e-12
1.278092769440655,-0.12519111519808426,0.1753214612805071,0.7947088167737149,0.5674746394615496,0.04641043011007234,0.9535895698898937,3.397282455352979e-14
1.2781900212802628,-0.12555976285719,0.1757047458069878,0.7944111380862388,0.5676914055529823,0.046637411747852,0.9533625882541938,2.0459189897792385e-12
1.2783234435617838,-0.12606842821713143,0.17623230938728884,0.7939997356006103,0.5679906199946574,0.04695107546511511,0.9530489245357542,8.693046282814976e-13
1.2784568658433049,-0.1265804849867486,0.17676187579596794,0.7935848246287428,0.5682919550760764,0.04726737991438969,0.952732620085222,3.8835601401387976e-13
1.278590288124826,-0.12709596332214648,0.1772934521285789,0.793166375097809,0.5685954179840245,0.04758635206045309,0.9524136479382256,1.3212764216063988e-12
1.278723710406347,-0.12761489371468493,0.17782704545553554,0.7927443566036203,0.5689010158855445,0.04790801919325545,0.9520919808024926,4.2519321397094245e-12
1.278857132687868,-0.12813730697551876,0.1783626628195941,0.7923187384201219,0.5692087559248975,0.04823240892703454,0.9517675910732233,2.5779378631796135e-13
1.278990554969389,-0.12866323425374243,0.17890031123731634,0.791889489470548,0.5695186452243868,0.048559549209442054,0.9514404507921462,1.588285059028749e-12
1.27912397725091,-0.12919270702827607,0.17943999769284247,0.7914565783590637,0.5698306908629966,0.048889468321301296,0.9511105316772367,1.4620527011288686e-12
1.279257399532431,-0.12972575712138157,0.17998172913827182,0.7910199733528225,0.5701448998920731,0.049222194884317935,0.9507778051160422,3.601563491884008e-13
1.279390821813952,-0.13026241670499006,0.1805255124967913,0.7905796423579304,0.5704612793357582,0.04955775786805363,0.950442242132183,2.3669954885008337e-13
1.279456116416553,-0.13052637406547427,0.1807923807335563,0.7903627841448857,0.5706169031681638,0.0497230192579873,0.9502769807424806,4.67847982577041e-13
1.279524244095473,-0.13080271828910556,0.1810713546501596,0.7901355529486367,0.5707798361740377,0.04989618658666298,0.9501038134163091,2.972067036921544e-12
1.279657666376994,-0.13134669474645236,0.18161926244744844,0.789687672327823,0.5711005773581187,0.05023751071277289,0.9497624892853117,1.91535676208332e-12
1.279791088658515,-0.1318943793014326,0.1821692426979116,0.7892359673678275,0.5714235097875359,0.0505817602764408,0.9494182397249368,1.3775647289548942e-12
1.2799245109400361,-0.1324458055419213,0.18272130216802404,0.7887804045474636,0.5717486403404053,0.05092896567162678,0.9490710343291622,7.889244812986362e-13
1.2800579332215571,-0.13300100742147825,0.1832754475816754,0.7883209500012993,0.5720759758352928,0.05127915766139156,0.9487208423388535,2.4491519923230953e-13
1.2801913555030782,-0.13356001926440839,0.1838316856184972,0.787857569490909,0.5724055230459734,0.051632367383247134,0.9483676326176569,9.039435866498025e-13
1.2803247777845992,-0.13412287577180992,0.1843900229090735,0.787390228388864,0.5727372887126388,0.051988626353708996,0.948011373644172,2.1189716647995738e-12
1.2804582000661202,-0.1346896120210515,0.18495046603571993,0.7869188917082164,0.5730712795084771,0.05234796647321138,0.9476520335247706,2.018052391861147e-12
1.2805916223476412,-0.13526026347729028,0.18551302152987756,0.7864435240664776,0.573407502060206,0.05271042003309082,0.9472895799650255,1.883715405881503e-12
1.2807250446291623,-0.1358348659954472,0.18607769586585798,0.7859640896811749,0.5737459629572849,0.05307601971874784,0.9469239802781401,3.1120661603267763e-12
1.2808194633924512,-0.13624390128249267,0.18647858195774872,0.785622332052718,0.5739868371456845,0.05333666216564643,0.9466633378364576,2.1040946762695967e-12
1.2808584669106833,-0.136413455822871,0.18664449546594633,0.7854805523993053,0.5740866687043513,0.05344479861727604,0.9465552013815774,1.1465273175303992e-12
1.2809918891922043,-0.13699606960464655,0.18721342668803564,0.78499287564831,0.5744296257698065,0.05381679021939767,0.9461832097806431,4.085620730620576e-14
1.2811253114737253,-0.13758274438880624,0.18778449582848095,0.784501022467816,0.5747748405421903,0.05419202842711238,0.945807971573349,4.614086890342151e-13
1.2812587337552463,-0.1381735176375752,0.18835770912561073,0.7840049554712731,0.5751223193691452,0.05457054756338949,0.9454294524400576,3.447020446856186e-12
1.2813921560367674,-0.13876842722717517,0.18893307274844479,0.7835046368692294,0.57547206850649,0.054952382373272934,0.9450476176267214,5.662137425588298e-15
1.2815255783182882,-0.13936751144404427,0.18951059279176852,0.7830000284585884,0.5758240941543891,0.055337568026393315,0.9446624319748729,1.2660983372825285e-12
1.2816590005998092,-0.13997080901091996,0.19009027528648903,0.7824910915949438,0.576178402442571,0.05572614013366462,0.9442738598667199,3.8458125573015423e-13
1.2817924228813302,-0.14057835906869434,0.1906721261790514,0.7819777872208394,0.5765349994176395,0.05611813474008686,0.9438818652602983,3.850253449400043e-13
1.2819258451628512,-0.14119020120070114,0.1912561513449269,0.7814600758322946,0.5768938910538832,0.056513588342368054,0.9434864116551054,2.5265345371394687e-12
1.2820592674443723,-0.14180637543033067,0.1918423565794026,0.78093791749724,0.5772550832400867,0.05691253789062655,0.9430874621114452,2.071676163950542e-12
1.2821828103683492,-0.1423808225500374,0.1923871046549721,0.7804504224434256,0.5775915870582312,0.05728509666754843,0.9427149033325678,1.1612932837579137e-13
1.2821926897258933,-0.1424269222199462,0.19243074758406195,0.780411271820822,0.5776185817860584,0.057315020788807576,0.9426849792095304,1.6620038678638593e-12
1.2823261120074143,-0.1430518824955276,0.19302132998664728,0.7798800979688776,0.5779843924143749,0.05772107491532842,0.9422789250825604,2.1112001036271977e-12
1.2824595342889353,-0.14368129762301737,0.19361410931304068,0.7793443546606938,0.5783525207416396,0.05813073861171617,0.9418692613897018,1.41797684705125e-12
1.2825929565704564,-0.14431520944912946,0.19420909100327105,0.77880400012263,0.5787229723180601,0.05854405070666292,0.9414559492956598,2.3228086121207525e-12
1.2827263788519774,-0.14495366027642245,0.19480628039427514,0.7782589921325537,0.5790957525813832,0.058961050508585425,0.9410389494929768,1.5623058402525203e-12
1.2828598011334984,-0.14559669288460703,0.19540568272444772,0.7777092879974972,0.5794708668628817,0.05938177781994211,0.9406182221803936,3.3573144264664734e-13
1.2829932234150194,-0.14624435053262966,0.19600730312769918,0.7771548445409961,0.5798483203940448,0.059806272942104395,0.9401937270573348,5.607736497381666e-13
1.2831266456965404,-0.14689667697708111,0.19661114663694923,0.7765956180882739,0.5802281183081023,0.060234576688804865,0.9397654233092693,1.925903880817259e-12
1.2832600679780615,-0.14755371644866677,0.1972172181614588,0.7760315644875411,0.5806102656174799,0.06066673037715799,0.939333269621381,1.461053500406706e-12
1.2833934902595825,-0.14821551368350214,0.197825522499247,0.7754626390826781,0.5809947672200774,0.0611027758485645,0.9388972241501838,1.2516654379624015e-12
1.2835269125411035,-0.1488821139267442,0.19843606433409106,0.7748887967199565,0.5813816278835965,0.06154275547569956,0.9384572445226825,1.6179280137862406e-12
1.2835461573442475,-0.14897866325899511,0.1985243136798396,0.7748056173667485,0.5814376235412448,0.06160654522848841,0.9383934547723586,8.468781231840694e-13
1.2836603348226245,-0.14955356292840394,0.19904884821808175,0.7743099917188442,0.5817708522805732,0.061986712161525036,0.938013287838901,4.261035968511351e-13
1.2837937571041456,-0.15022990696060406,0.1996638785821148,0.7737261778983917,0.5821624449247246,0.06243468935584522,0.9375653106459866,1.8318679906315083e-12
1.2839271793856666,-0.15091119281670062,0.20028115972341964,0.7731373085390972,0.5825564102197962,0.06288673105751731,0.9371132689432546,7.720490913243339e-13
1.2840606016671876,-0.15159746781514877,0.20090069579842987,0.7725433364130325,0.5829527524136412,0.06334288182025832,0.9366571181828202,3.078426402680634e-12
1.2841940239487086,-0.1522887798254839,0.2015224908298556,0.7719442137191548,0.5833514756416798,0.06380318677100394,0.9361968132278095,1.1866063687193673e-12
1.2843274462302297,-0.15298517724026434,0.2021465486880536,0.7713398921608113,0.5837525838595929,0.06426769160172673,0.9357323084014032,3.1299407510232413e-12
1.2844608685117507,-0.15368670901711193,0.20277287309532865,0.7707303228507261,0.584156080893997,0.0647364425918447,0.9352635574070184,1.1368683772161603e-12
1.2845942907932717,-0.15439342467311157,0.20340146762469086,0.7701154563608991,0.5845619704199317,0.06520948661416995,0.9347905133871891,1.3591350267461166e-12
1.2847277130747927,-0.15510537427278695,0.20403233567807302,0.769495242701151,0.5849702559344134,0.06568687113055117,0.9343131288676764,1.7724710588140624e-12
1.2848611353563135,-0.15582260846607252,0.20466548050255545,0.7688696313119597,0.5853809407789967,0.06616864421851283,0.9338313557810922,3.949063298591682e-13
1.2849095043201457,-0.1560839391756062,0.20489557448137452,0.7686414882667472,0.5855304176592642,0.06634439251062682,0.9336556074891523,2.2082335959794364e-13
1.2849945576378345,-0.15654517847867155,0.20530090516957947,0.7682385710444578,0.5857940281303898,0.06665485456836778,0.9333451454336584,2.0261570199409107e-12
1.2851279799193556,-0.15727313611743543,0.20593861257439156,0.7676020101672745,0.5862095209845664,0.06714555149327874,0.9328544485057954,9.259260025373806e-13
1.2852614022008766,-0.15800653378532914,0.206578605435465,0.7669598963695006,0.5866274221493398,0.06764078494251587,0.9323592150566947,7.893685705084863e-13
1.2853948244823976,-0.15874542448323503,0.207220886280636,0.7663121767249157,0.5870477342551766,0.06814060550529474,0.9318593944910151,3.690159289249095e-12
1.2855282467639186,-0.15948986182160454,0.20786545744421075,0.7656587977105306,0.5874704597414092,0.0686450644223655,0.931354935580318,2.6834090505190034e-12
1.2856616690454397,-0.16023990002366378,0.2085123210655598,0.7649997051783499,0.5878956008373285,0.06915421359574085,0.9308457864068456,2.5863755581667647e-12
1.2857950913269607,-0.16099559393547508,0.20916147907706886,0.7643348443582795,0.5883231595843567,0.06966810559634348,0.9303318944035155,1.4099832412739488e-13
1.2859285136084817,-0.1617569990356768,0.20981293320082928,0.7636641598637719,0.5887531377936778,0.07018679367536361,0.9298132063223421,2.294275880387886e-12
1.2860619358900027,-0.1625241714441808,0.21046668494563406,0.762987595653984,0.5891855370776518,0.07071033177562225,0.9292896682233284,1.049382802875698e-12
1.2861953581715238,-0.16329716791978574,0.21112273559135608,0.7623050950499326,0.5896203588106871,0.07123877453420034,0.9287612254631301,2.669531262711189e-12
1.2862728512960437,-0.16374882908774477,0.2115048327972117,0.7619059433429539,0.589874020595029,0.07154797332418393,0.9284520266742613,1.5547563236850692e-12
1.2863287804530448,-0.164076045872696,0.21178108618751962,0.7616166007239855,0.5900576041398481,0.07177217729598466,0.9282278227016166,2.3987478670051132e-12
1.2864622027345658,-0.1648608633908496,0.21244173755218143,0.7609220546699389,0.5904972739870572,0.0723105961321663,0.9276894038692672,1.4335199693960021e-12
1.2865956250160868,-0.16565167921929874,0.21310469025247541,0.7602213982165666,0.5909393690209509,0.07285408783577692,0.9271459121652311,1.0080825063596421e-12
1.2867290472976078,-0.16644855278753284,0.21376994460911997,0.7595145720211608,0.591383889655714,0.07340270994325034,0.9265972900568086,5.88418203051333e-14
1.2868624695791289,-0.167251544209149,0.21443750068255102,0.7588015160562352,0.5918308360444249,0.073956520739324,0.9260434792622839,1.6078249842621517e-12
1.2869958918606499,-0.16806071429750016,0.21510735826489077,0.7580821695777032,0.5922802080935733,0.07451557926988606,0.9254844207310041,8.901768211444505e-13
1.287129314142171,-0.16887612456821707,0.21577951687893068,0.7573564711566636,0.5927320054111435,0.07507994535368469,0.9249200546415899,4.725442259712054e-12
1.287262736423692,-0.16969783724589282,0.21645397575997063,0.7566243586583419,0.5931862273299136,0.07564967958823147,0.9243503204090431,2.7254865031522968e-12
1.287396158705213,-0.17052591528671138,0.21713073385802695,0.7558857691947234,0.5936428729092976,0.07622484337009601,0.923775156627103,2.8009816688268074e-12
1.287529580986734,-0.1713604223664987,0.2178097898196344,0.755140639179043,0.594101940888749,0.07680549889489814,0.9231945011075121,2.410294186461215e-12
1.287636198271942,-0.1720319386418494,0.21835407176246457,0.7545404637004,0.594470520777711,0.07727348856812057,0.9227265114349376,3.0582203436324562e-12
1.287663003268255,-0.17220142291165508,0.21849114198997754,0.7543889042618586,0.5945634297097219,0.07739170918088323,0.9226082908215949,2.4780177909633494e-12
1.287796425549776,-0.17304898208742706,0.21917478839315999,0.7536304993569963,0.5950273374996874,0.07798353806868111,0.9220164619330425,1.723732268033018e-12
1.287929847831297,-0.1739031658282237,0.21986072673536047,0.7528653586182665,0.5954936620552951,0.07858105024567953,0.9214189497554373,1.1168843627729075e-12
1.288063270112818,-0.1747640408223012,0.2205489543789593,0.7520934154289287,0.5959624008488158,0.07918431124219123,0.9208156887570359,7.728262474415715e-13
1.2881966923943389,-0.17563167454159168,0.22123946835071984,0.7513146024088486,0.5964335509920821,0.07979338745839276,0.9202066125417909,1.836308882730009e-13
1.28833011467586,-0.1765061352492121,0.22193226532425986,0.7505288513666207,0.5969071092690378,0.08040834617257082,0.9195916538296183,2.1891377599558837e-12
1.288463536957381,-0.1773874919964034,0.22262734160409756,0.7497360933334352,0.597383072083528,0.08102925554648163,0.9189707444588353,5.316858064929875e-12
1.288596959238902,-0.17827581464731243,0.2233246931301343,0.7489362585314591,0.5978614354585314,0.08165618464983157,0.9183438153516363,1.467936883159382e-12
1.288730381520423,-0.17917117386869066,0.22402431545127122,0.7481292763671945,0.5983421950561649,0.08228920345889526,0.9177107965423317,1.227018486815723e-12
1.288863803801944,-0.1800736411680458,0.2247262037271801,0.7473150754193747,0.5988253461279865,0.08292838288514814,0.9170716171143685,4.833911049217932e-13
1.288997226083465,-0.1809832888770301,0.22543035270851386,0.7464935834339547,0.599310883527733,0.0835737947750315,0.9164262052228584,2.1100898806025725e-12
1.28899954524784,-0.18099916442225625,0.2254426122798121,0.7464792392480719,0.5993193442717762,0.08358506895310065,0.9164149310467322,1.6708856520608606e-13
1.289130648364986,-0.1819001901732515,0.2261367567330167,0.745664727318901,0.5997988016841098,0.08422551193079263,0.9157744880692652,5.773159728050814e-14
1.289264070646507,-0.18282441909570282,0.22684540970896933,0.7448284331150355,0.6002890946067522,0.08488360812371133,0.9151163918803933,4.104716566644129e-12
1.289397492928028,-0.18375605054567423,0.227556305104082,0.7439846259922643,0.600781755869566,0.08554815810476643,0.9144518418985682,3.33466587676412e-12
1.289530915209549,-0.18469516030181382,0.22826943593780324,0.7431332302624771,0.6012767785793767,0.08621923762227555,0.9137807623791366,1.4122036873231991e-12
1.2896643374910701,-0.18564182502718632,0.22898479476377942,0.7422741693409792,0.6017741553932007,0.08689692343243462,0.9131030765700409,2.475575300309174e-12
1.2897977597725911,-0.18659612228534866,0.2297023736600488,0.7414073657435117,0.6022738784867882,0.08758129331698947,0.9124187066862519,3.241407142695607e-12
1.2899311820541122,-0.18755813054556308,0.23042216421048156,0.7405327410793454,0.6027759395449122,0.08827242609318862,0.9117275739047404,2.071010030135767e-12
1.2900646043356332,-0.18852792919205905,0.23114415750447068,0.7396502160520066,0.603280329749448,0.08897040163389758,0.9110295983683829,2.2803980925800715e-12
1.2901980266171542,-0.1895055985426525,0.2318683441049862,0.7387597104180728,0.6037870397648428,0.08967530087699727,0.9103246991249867,1.9839685450051547e-12
1.2903314488986752,-0.19049121986794737,0.23259471405774132,0.7378611429880768,0.6042960597365469,0.09038720585438108,0.9096127941447876,8.313350008393172e-13
1.2903628922237382,-0.19072466573366226,0.23276621278269016,0.7376481969334189,0.6044163545338518,0.0905560079324138,0.9094439920671148,4.714006962558415e-13
1.2904648711801963,-0.19148487536235834,0.2333232568470856,0.7369544316483925,0.6048073792498634,0.09110619967826898,0.908893800321293,4.3809400551708677e-13
1.2905982934617173,-0.19248664820588732,0.23405396141447132,0.736039493302098,0.605320987333862,0.09183236659134383,0.9081676334072504,1.4057643937803732e-12
1.2907317157432383,-0.19349662254424513,0.23478681611744706,0.7351162438840108,0.6058368724501003,0.092565791958598,0.9074342080422556,8.535394613318203e-13
1.2908651380247593,-0.19451488351199775,0.2355218087242985,0.7341845983326171,0.6063550224738616,0.0933065622924511,0.9066934377081036,5.546674231027282e-13
1.2909985603062804,-0.19554151723578297,0.23625892640225332,0.7332444706113688,0.6068754246544256,0.09405476526761734,0.9059452347316358,7.468470286653428e-13
1.2911319825878014,-0.19657661085350842,0.23699815569182944,0.7322957736577409,0.6073980656449438,0.0948104897359803,0.9051895102662089,2.1891377599558837e-12
1.2912654048693224,-0.1976202525272604,0.23773948250293672,0.731338419390473,0.6079229314432697,0.09557382574970234,0.9044261742511338,8.362199821476679e-13
1.2913988271508434,-0.19867253144133484,0.2384828920810208,0.7303723187049762,0.608450007400557,0.09634486456463599,0.9036551354362211,8.570921750106208e-13
1.2915322494323642,-0.19973353782206046,0.2392283690037778,0.7293973814576761,0.6089792781836749,0.09712369866712416,0.9028763013344243,1.5485390747471683e-12
1.2916656717138855,-0.20080336297533108,0.23997589716378054,0.7284135164187059,0.6095107277935934,0.09791042180176394,0.9020895781969402,1.2958523143424827e-12
1.2917262391996363,-0.20129194883742385,0.24031591246344294,0.7279639164819728,0.6097526956518824,0.0982701864499052,0.9017298135545098,4.4149128797243975e-12
1.2917990939954063,-0.2018820992401628,0.24072545973483256,0.7274206313347416,0.6100443394964339,0.09870512895816143,0.901294871043074,1.2354561818028742e-12
1.2919325162769273,-0.20296984006007973,0.2414770391733418,0.7264186328361,0.6105800958485823,0.099507916421938,0.9004920835779324,1.2956302697375577e-13
1.2920659385584483,-0.2040666799572659,0.24223061718095334,0.7254074264832211,0.6111179786525093,0.10031888176864674,0.8996811182293388,2.014388655879884e-12
1.2921993608399693,-0.20517271456601655,0.24298617470445608,0.7243869167299122,0.6116579689432327,0.10113812389989255,0.8988618761012291,1.1217693440812582e-12
1.2923327831214904,-0.20628804062772177,0.24374369189231662,0.7233570068990622,0.6122000469821384,0.10196574304332114,0.8980342569549022,1.7765788840051755e-12
1.2924662054030114,-0.20741275601466638,0.2445031480969152,0.7223175992148996,0.6127441922025146,0.10280184078690155,0.8971981592134887,3.9013237085328e-13
1.2925996276845324,-0.20854695974684054,0.24526452183695063,0.721268594726854,0.6132903832357733,0.10364652009155835,0.8963534799087324,2.90656387846866e-13
1.2927330499660534,-0.20969075198122233,0.24602779078180298,0.7202098933602564,0.6138385978442135,0.10449988530342512,0.8955001146973419,7.669420654110581e-13
1.2928664722475744,-0.21084423406609032,0.24679293173936653,0.7191413938491602,0.6143888129313434,0.10536204219542794,0.8946379578024981,2.0738966099997924e-12
1.2929998945290955,-0.2120075084891635,0.2475599206077542,0.7180629937863336,0.6149410044946371,0.10623309794710031,0.8937669020542655,1.3657963648938676e-12
1.2930895861755345,-0.2127950626807679,0.24807654653372135,0.7173324346541986,0.615313307636096,0.10682371164140954,0.8931762883609933,2.4027446698937638e-12
1.2931333168106165,-0.21318067897089704,0.24832873238336384,0.7169745895232121,0.6154951476336549,0.10711316121362102,0.892886838782553,3.825939565160752e-12
1.2932667390921375,-0.21436385040106473,0.24909934111297152,0.7158760762622534,0.6160512164871261,0.10800234210168663,0.8919976578999075,1.5940582187567998e-12
1.2934001613736585,-0.21555712890539538,0.24987171988083806,0.7147673479508787,0.6166091842366687,0.10890075221814523,0.8910992477817424,1.1235457009206584e-13
1.2935335836551796,-0.21676062182748923,0.2506458407808269,0.7136482973283438,0.6171690230803766,0.10980850467576742,0.8901914953296306,5.397904345727511e-12
1.2936670059367006,-0.2179744377514437,0.2514216748909237,0.7125188158776008,0.6177307041921521,0.11072571411801532,0.8892742858813504,6.342704139683519e-13
1.2938004282182216,-0.21919868652692204,0.2521991922517583,0.711378793847967,0.618294197707386,0.11165249674756718,0.8883475032552087,2.7760016507727414e-12
1.2939338504997426,-0.22043347926141665,0.25297836183101496,0.7102281201980918,0.6188594726944256,0.11258897033399733,0.8874110296637376,2.2650770148402444e-12
1.2940672727812637,-0.22167892833427455,0.2537591514997868,0.7090666826399485,0.6194264971214645,0.11353525423732415,0.886464745766189,3.5131897391238454e-12
1.2942006950627847,-0.2229351474263473,0.2545415280058536,0.7078943675611294,0.6199952378338643,0.11449146943756196,0.8855085305614415,9.965361869035405e-13
1.2943341173443057,-0.22420225151935028,0.2553254569466719,0.7067110600662188,0.6205656605279845,0.11545773855137283,0.8845422614464523,2.174815882938219e-12
1.2944529331514325,-0.22533989578815458,0.2560248428261164,0.7056479483597968,0.6210750230000854,0.11632678877795401,0.8836732112189473,3.0987434840312744e-12
1.2944675396258267,-0.22548035691302304,0.2561109027367722,0.7055166439344351,0.6211377297161903,0.11643418585426861,0.8835658141454915,2.3991919562149633e-13
1.2946009619073477,-0.22676958123618055,0.2568978285758341,0.7043110016117581,0.621711408697797,0.11742093730101136,0.8825790626963571,2.6315616352690085e-12
1.2947343841888688,-0.22807004345958665,0.25768619642407226,0.7030940142166845,0.6222866595243846,0.11841812055116331,0.8815818794493486,5.120348589571222e-13
1.2948678064703898,-0.22938186390753534,0.2584759669595372,0.7018655614954206,0.6228634429822062,0.1194258649853628,0.8805741350169298,2.2926105458509483e-12
1.2950012287519108,-0.230705164286221,0.25926709956459465,0.700625521823314,0.6234417185467702,0.12044430174496966,0.879555698254741,2.893241202173158e-13
1.2951346510334316,-0.23204006765819388,0.26005955226963806,0.6993737722195631,0.6240214443435058,0.12147356372550379,0.8785264362691764,5.3198556670963626e-12
1.2952680733149526,-0.2333866984777266,0.2608532817332018,0.6981101883131257,0.624602577130359,0.12251378561731445,0.8774862143844738,1.7883472480662022e-12
1.2954014955964737,-0.23474518263715258,0.2616482432116201,0.6968346442811837,0.6251850722629975,0.12356510394707723,0.8764348960509732,1.949551631241775e-12
1.2955349178779947,-0.23611564740836635,0.2624443905032899,0.6955470129385913,0.625768883642449,0.12462765705771532,0.8753723429429138,6.290523657526137e-13
1.2956683401595157,-0.23749822151424377,0.2632416759373791,0.694247165641064,0.6263539636851096,0.12570158517274896,0.8742984148246987,2.5522917113107724e-12
1.2958017624410367,-0.2388930351061231,0.2640400503192605,0.6929349723151295,0.6269402633009415,0.12678703039481298,0.8732129696052231,3.597122599785507e-14
1.2958162801273307,-0.23904554877014955,0.2641269850348544,0.6927914421427157,0.6270041300333528,0.12690583861042415,0.8730941613850655,4.510392059842161e-12
1.2959351847225578,-0.2403002198059899,0.2648394628948851,0.6916103014174368,0.6275277318377064,0.12788413674525828,0.8721158632520941,2.6476598691260733e-12
1.2960686070040788,-0.24171990866418908,0.2656398613138575,0.6902730199876591,0.6281163170292121,0.12899305016346935,0.871006949841225,4.694244992720087e-12
1.2962020292855998,-0.24315223625154783,0.26644119159345814,0.6889229935141125,0.6287059650073337,0.1301139185718704,0.8698860814282484,1.1879386363489175e-13
1.2963354515671208,-0.24459733858897997,0.2672433980684931,0.6875600860726845,0.6292966201924065,0.13124689185600716,0.8687531081458635,1.8707257964933888e-12
1.2964688738486418,-0.24605535321940838,0.2680464233576305,0.686184160188035,0.6298882253097097,0.1323921219227459,0.8676078780767745,4.796163466380676e-13
1.2966022961301629,-0.2475264191752594,0.26885020831257733,0.6847950769189989,0.6304807212985077,0.13354976269944246,0.8664502373015842,1.0267342531733448e-12
1.296735718411684,-0.2490106770385895,0.269654691987439,0.6833926957535397,0.6310740473213631,0.13471997019005733,0.8652800298118558,1.9131363160340698e-12
1.296869140693205,-0.25050826889046196,0.2704598115749318,0.6819768746890559,0.6316681406645581,0.1359029024596436,0.8640970975412723,9.159339953157541e-13
1.297002562974726,-0.2520193383736546,0.2712655023748383,0.6805474701694422,0.6322629367239311,0.13709871969296805,0.8629012803087975,1.765698698363849e-12
1.297135985256247,-0.25354403066528486,0.2720716977382725,0.6791043370906756,0.632858368950998,0.13830758419618483,0.8616924158066834,2.8683722064215544e-12
1.2971796271032288,-0.25404573227684796,0.27233549874001883,0.67862929020149,0.633053258830717,0.1387058579620547,0.8612941420355688,2.37654340651261e-12
1.297269407537768,-0.25508249251642423,0.2728783290243802,0.6776473287813906,0.6334543688022727,0.13952966043952952,0.8604703395592398,1.230682222796986e-12
1.297402829819289,-0.2566348722430366,0.2736853255529261,0.6761762970026605,0.6340508656991358,0.14076511507421083,0.8592348849220537,3.735456388653802e-12
1.29753625210081,-0.25820131973382177,0.2744926145448078,0.6746910919560396,0.6346477869522847,0.14201411695193167,0.8579858830482656,1.971756091734278e-13
1.297669674382331,-0.2597819864777867,0.2753001210824542,0.6731915622191157,0.6352450577443053,0.14327683716635892,0.8567231628315792,2.0619062013338407e-12
1.297803096663852,-0.2613770255390718,0.27610776803872406,0.6716775548184143,0.6358426010488648,0.14455344905097847,0.8554465509554297,6.4082072981364036e-12
1.297936518945373,-0.2629865916119397,0.2769154760455042,0.6701489151204919,0.6364403375987269,0.14584412824117338,0.8541558717599537,1.127098414599459e-12
1.2980699412268941,-0.2646108409709509,0.27772316342116804,0.6686054869461183,0.6370381857976786,0.14714905266001468,0.8528509473388536,1.1317613513028846e-12
1.2982033635084151,-0.2662499315334147,0.27853074611721546,0.667047112451267,0.6376360617096405,0.14846840257416075,0.8515315974221537,3.685607374848132e-12
1.2983367857899362,-0.2679040228273129,0.27933813767142446,0.6654736321896385,0.638233878962608,0.1498023606047971,0.8501976393953272,1.2434497875801753e-13
1.298470208071457,-0.2695732759946866,0.28014524912596733,0.6638848850939064,0.6388315486935082,0.1511511117383578,0.8488488882622954,6.532552276894421e-13
1.298542974079127,-0.270490102872845,0.2805852819212835,0.6630119205120897,0.6391574118132927,0.1518929961830084,0.8481070038169964,4.884981308350689e-15
1.298603630352978,-0.2712578538554127,0.2809519889937455,0.6622807084243364,0.6394289795199696,0.15251484339778612,0.8474851566009904,1.2234657731369225e-12
1.298737052634499,-0.27295792082945525,0.28175826317629005,0.6606609378420466,0.6400260774357971,0.1538937454116587,0.8461062545881856,1.5576429035490946e-13
1.29887047491602,-0.27467364299194225,0.2825639749032554,0.6590254073466187,0.640622745776941,0.1552880100675925,0.844711989935164,2.7564617255393387e-12
1.299003897197541,-0.2764051880610398,0.2833690246736388,0.6573739492976893,0.6412188851321828,0.15669783213154806,0.8433021678654005,3.0514479831822428e-12
1.299137319479062,-0.27815272541295644,0.2841733101905833,0.6557063944060119,0.6418143933041056,0.15812340887932896,0.8418765911172498,3.4212632726848824e-12
1.299270741760583,-0.2799164260696671,0.28497672628876364,0.654022571719193,0.6424091652303142,0.1595649401098763,0.8404350598900961,2.7533531010703882e-14
1.2994041640421041,-0.2816964626937507,0.28577916485714205,0.652322308661162,0.6430030928865273,0.16102262816061727,0.8389773718386685,7.142064717413632e-13
1.2995375863236251,-0.2834930096143659,0.28658051478714197,0.6506054309745659,0.6435960652681744,0.1624966779558743,0.837503322042277,1.8487433806058107e-12
1.2996710086051462,-0.2853062428240625,0.2873806618848613,0.6488717627473032,0.6441879682861563,0.1639872970197639,0.8360127029754386,4.7974957340102264e-12
1.2998044308866672,-0.28713633992193777,0.28817948879865474,0.6471211264644772,0.6447786846746775,0.16549469546802056,0.834505304527461,4.518496687921925e-12
1.299906321055025,-0.28854539209986374,0.2887885626765736,0.6457726857712,0.6452289214536121,0.1666572772348654,0.8333427227683405,3.205880005907602e-12
1.2999378531681882,-0.2889834801951057,0.2889768749565633,0.6453533429120064,0.6453680939641434,0.16701908608533628,0.8329809139146129,5.084821452783217e-14
1.3000712754497092,-0.2908478445541437,0.28977269646414017,0.6435682312614369,0.6459560723579764,0.16856068429789006,0.8314393157051176,3.007816218314474e-12
1.3002046977312303,-0.2927296155646796,0.29056682605170064,0.6417656090139107,0.6465424926920128,0.17011970823040437,0.8298802917693971,1.98507876802978e-13
1.3003381200127513,-0.2946289774023783,0.29135913297677907,0.6399452920857314,0.6471272243097151,0.17169637869415155,0.8283036213054883,3.601563491884008e-13
1.3004715422942723,-0.29654611588331375,0.2921494829495648,0.6381070947366682,0.6477101330155195,0.17329091923317777,0.8267090807642532,2.5690560789826122e-12
1.3006049645757933,-0.29848121844965414,0.29293773803843093,0.6362508295982867,0.6482910810002809,0.17490355613426256,0.8250964438690207,3.283151528421513e-12
1.3007383868573144,-0.30043447411831625,0.2937237565971739,0.634376307734941,0.6488699266848029,0.17653451842830511,0.8234654815713581,3.3673064336881e-13
1.3008718091388354,-0.3024060735584979,0.2945073931737882,0.632483338560684,0.6494465247318588,0.17818403795908794,0.8218159620431577,2.2455370896068416e-12
1.3010052314203564,-0.3043962089738675,0.2952884984070565,0.6305717299377379,0.6500207258800211,0.1798523493291566,0.8201476506702611,5.823119764158946e-13
1.3011386537018774,-0.3064050741807036,0.29606691896108267,0.6286412881395158,0.6505923768840974,0.18153968998679076,0.8184603100134091,1.9984014443252818e-13
1.3012696680309233,-0.3083960988919816,0.2968285261886811,0.6267271709513023,0.6511510772662593,0.18321532777113742,0.8167846722336328,4.7701842476044476e-12
1.3012720759833984,-0.3084328644954232,0.2968424973963722,0.6266918179178471,0.651161320405416,0.18324630016136725,0.8167536998373008,1.3319345626428003e-12
1.3014054982649195,-0.3104797768322624,0.2976150721126314,0.6247231224502399,0.6517273949344736,0.18497242297041827,0.8150275770320526,2.4709123636057484e-12
1.3015389205464405,-0.31254600960828754,0.2983844772186608,0.622735003382164,0.6522904346909602,0.18671830436711728,0.8132816956267056,6.177058864409446e-12
1.3016723428279615,-0.314631762715732,0.2991505424590671,0.6207272609137707,0.6528502695066736,0.1884841931631628,0.8115158068364489,3.8835601401387976e-13
1.3018057651094823,-0.31673723756260297,0.2999130930926502,0.6186996937036755,0.6534067247427048,0.19027034106718946,0.8097296589280107,4.799827202361939e-12
1.3019391873910033,-0.3188626369756706,0.3006719498021488,0.6166520990165302,0.6539596211731055,0.19207700265690414,0.8079229973463642,3.268274539891536e-12
1.3020726096725244,-0.3210081652474322,0.3014269285782548,0.614584272621253,0.6545087748959822,0.19390443542764305,0.8060955645692341,3.1228353236656403e-12
1.3022060319540454,-0.3231740280364341,0.3021778406263962,0.6124960089528658,0.6550539972079931,0.19575289976292556,0.8042471002413585,4.284128607423554e-12
1.3023394542355664,-0.32536043237589907,0.3029244922345718,0.6103871010435884,0.6555950944946659,0.19762265895140516,0.8023773410458656,2.7292612614360223e-12
1.3024728765170874,-0.32756758665647945,0.30366668469272956,0.6082573405864423,0.6561318681503594,0.19951397922022382,0.800486020779772,4.107825191113079e-15
1.3026062987986085,-0.3297957005437359,0.30440421414598384,0.6061065179954185,0.6566641144110728,0.2014271296869675,0.7985728703118089,1.223576795439385e-12
1.3026330150068213,-0.3302443907831964,0.30455131688460846,0.6056732920961087,0.6567701279631469,0.20181286225991377,0.7981871377432667,3.1803448763412234e-12
1.3027397210801295,-0.33204498497483104,0.30513687150454727,0.6039344224065859,0.6571916242889139,0.20336238239851837,0.7966376176030776,1.596056620201125e-12
1.3028731433616505,-0.3343156521085843,0.30586444230722,0.6017408417432384,0.6577141834158541,0.20532001231269473,0.7946799876882449,9.396927680427325e-13
1.3030065656431715,-0.3366079152967948,0.3065867066186884,0.5995255627302715,0.6582315719560121,0.20730029731574792,0.7926997026867315,2.4793500585928996e-12
1.3031399879246925,-0.33892198900967113,0.3073034388842527,0.5972883709712863,0.6587435644558114,0.20930351818435927,0.7906964818094806,6.1601834744351436e-12
1.3032734102062136,-0.34125808877816666,0.3080144078294601,0.5950290510218432,0.6592499297343478,0.21132995858706008,0.788670041414698,1.7581491817963979e-12
1.3034068324877346,-0.3436164312125423,0.3087193763160851,0.5927473863407456,0.6597504307538428,0.2133799051122364,0.7866200948936662,5.902611732722107e-12
1.3035402547692556,-0.34599723387424447,0.3094181012152122,0.590443159447249,0.6602448244799132,0.2154536472082559,0.7845463527905607,1.1833867219479544e-12
1.3036736770507766,-0.3484007152437332,0.3101103332909906,0.5881161519398975,0.6607328617756933,0.2175514771961942,0.7824485228028901,9.157119507108291e-13
1.3038070993322977,-0.35082709466857376,0.31079581704471915,0.5857661445485822,0.661214287242972,0.21967369024608693,0.7803263097535421,3.709255125272648e-13
1.3039405216138187,-0.3532765922733967,0.31147429059534326,0.583392917220321,0.6616888390967283,0.2218205843501761,0.7781794156480123,1.8116619315833304e-12
1.3039963619827195,-0.354308680030951,0.3117561028313877,0.5823927201848565,0.6618853458688105,0.22272650839788963,0.7772734916001915,1.918798453459658e-12
1.3040739438953397,-0.35574942891523204,0.3121454855313447,0.5809962491857655,0.6621562490227965,0.2239924603111127,0.776007539687868,1.0194067812108187e-12
1.3042073661768607,-0.35824582606357097,0.3128091267763492,0.5785759190486234,0.6626162420379746,0.22618962168655246,0.773810378315487,2.0394796962364126e-12
1.3043407884583818,-0.36076600582445584,0.31346493244855467,0.576131704773489,0.6630685363668084,0.22841237483350824,0.7715876251648282,1.6635581800983346e-12
1.3044742107399028,-0.3633101907502236,0.31411261370946125,0.5736633838958913,0.6635128432654811,0.23066102879435307,0.7693389712011278,4.519051799434237e-12
1.3046076330214238,-0.36587860377461323,0.3147518746254668,0.5711707335563116,0.6639488668929235,0.23293589528030606,0.767064104719652,4.196643033083092e-14
1.3047410553029448,-0.36847146821424737,0.31538241201545786,0.5686535305135273,0.6643763041681887,0.23523728869665114,0.7647627113056807,2.3319124409226788e-12
1.3048744775844658,-0.37108900754556995,0.31600391528586275,0.5661115513654267,0.6647948446026749,0.23756552599715075,0.7624344739996648,3.1844527015323365e-12
1.3050078998659869,-0.3737314453727138,0.31661606630728295,0.5635445725914512,0.6652041701584603,0.2399209267042756,0.7600790732934875,2.236988372317228e-12
1.3051413221475077,-0.37639900531963394,0.3172185392394302,0.5609523706468611,0.6656039550853063,0.24230381284280775,0.7576961871595359,2.3436808049837055e-12
1.305274744429029,-0.3790919109179047,0.31781100036935656,0.5583347220725178,0.6659938657786592,0.24471450887915971,0.7552854911265983,5.758060694915912e-12
1.3053597089586177,-0.3808200894931578,0.3181829110128123,0.5566544152607051,0.6662368621961481,0.24626430542216396,0.7537356945782067,3.7059244561987725e-13
1.3054081667105497,-0.38181038549971125,0.3183931079688881,0.5556914036041595,0.6663735606116328,0.24715334167752612,0.7528466583217864,6.874500968478969e-13
1.3055415889920707,-0.3845546520304054,0.3189645121253792,0.5530221923728802,0.6667426897595922,0.2496206403936073,0.7503793596047625,1.6301404670571173e-12
1.3056750112735918,-0.38732493302184756,0.3195248545827012,0.5503268659331322,0.6671008950635849,0.25211673643647503,0.7478832635624197,1.1052270210143433e-12
1.3058084335551128,-0.3901214504153069,0.3200737685686376,0.5476052024210127,0.6674478098574923,0.2546419633998726,0.7453580366021215,1.994182596831706e-12
1.3059418558366338,-0.39294442539525654,0.3206108786365552,0.5448569807308125,0.667783058785464,0.2571966569493122,0.7428033430519674,1.2796430581829554e-12
1.3060752781181548,-0.395794078281664,0.3211358005011576,0.5420819806203598,0.6681062576604218,0.2597811547663513,0.7402188452383062,4.657385588302532e-12
1.3062087003996758,-0.39867062835975564,0.32164814085476023,0.5392799828781574,0.6684170132761107,0.26239579643208616,0.7376042035700221,2.1083135237631723e-12
1.3063421226811969,-0.4015742937234997,0.3221474972164545,0.5364507694898901,0.6687149232490841,0.26504092334235313,0.7349590766623239,4.6769255135359344e-12
1.306475544962718,-0.40450529110652056,0.3226334577427782,0.533594123795337,0.6689995758324377,0.267716878588232,0.7322831214128952,1.127098414599459e-12
1.306608967244239,-0.40746383570889977,0.32310560107084935,0.530709830677933,0.6692705497547339,0.2704240068539641,0.7295759931472041,1.1681766665105897e-12
1.3067230559345158,-0.4100156816687592,0.32349804423990847,0.5282213973503844,0.6694910839868063,0.272763843841343,0.7272361561566217,2.035260848742837e-12
1.30674238952576,-0.41045014104768185,0.32356349612622043,0.5277976766931776,0.669527414050363,0.2731626543114846,0.7268373456876823,8.331113576787175e-13
1.306875811807281,-0.41346441869162276,0.3240067019693468,0.5248574503505515,0.6697697278688249,0.2759331684450546,0.7240668315579615,3.0160318686967003e-12
1.307009234088802,-0.41650687816553067,0.324434767597842,0.5218889421984166,0.6699970403085098,0.27873589798546194,0.7212641020111451,3.392952585556941e-12
1.307142656370323,-0.41957772662244697,0.3248472317899787,0.5188919451678565,0.6702088902462737,0.28157119267927305,0.7184288073252236,4.496625294336809e-12
1.307276078651844,-0.4226771687953218,0.32524362291158776,0.5158662545951705,0.6704048061465924,0.28443940326548406,0.7155605967344996,1.6431300764452317e-14
1.307409500933365,-0.4258054065843391,0.325623458756796,0.5128116686573553,0.6705843058975239,0.28734088116919304,0.7126591188272051,3.601785536488933e-12
1.307542923214886,-0.42896263895094167,0.32598624635318074,0.5097279884782044,0.6707468966250686,0.29027597842719266,0.7097240215701968,2.610578420103593e-12
1.307676345496407,-0.43214906167872785,0.3263314817989853,0.5066150183413155,0.6708920745304101,0.2932450475229264,0.7067549524766887,3.8480330033507926e-13
1.3078097677779281,-0.4353648670199037,0.32665865007578637,0.5034725660751296,0.6710193246872175,0.2962484411045936,0.703751558893965,1.4414025528708407e-12
1.3079431900594491,-0.4386102435579632,0.32696722488448665,0.5003004431724608,0.6711281208913045,0.2992865119026383,0.7007134880896542,7.707612326157687e-12
1.3080766123409702,-0.441885375848742,0.3272566684649644,0.49709846515258616,0.6712179254892114,0.3023596124437715,0.6976403875550974,1.1310952174881095e-12
1.308086402910414,-0.44212688289031027,0.32727713961152133,0.49686232228609745,0.6712237525637295,0.3025865066866013,0.6974134933132685,1.3011813848606835e-13
1.3082100346224912,-0.4451904442016372,0.3275264314123984,0.49386645178559774,0.6712881891678787,0.30546809488219157,0.6945319051155857,2.2226664952995634e-12
1.3083434569040122,-0.4485256243099404,0.32777595252316055,0.490604227454395,0.6713383508243468,0.308612310715087,0.6913876892836774,1.2355672041053367e-12
1.3084768791855332,-0.45189108701962033,0.32800465861874384,0.48731162138539585,0.6713678373721411,0.3117926106033728,0.6882073893950093,1.6179280137862406e-12
1.3086103014670543,-0.4552869980153021,0.32821196436190786,0.4839884679720163,0.6713760635831074,0.3150093441120879,0.6849906558822481,5.664024804730161e-12
1.308743723748575,-0.4587135173711775,0.3283972721264887,0.4806346072192782,0.6713624319132205,0.31826285935915677,0.6817371406412635,4.2010839251815923e-13
1.308877146030096,-0.4621707994439108,0.3285599717815231,0.4772498848439699,0.6713263323409228,0.3215535029156989,0.6784464970778976,6.403544361432978e-12
1.309010568311617,-0.46565899226051616,0.32869944059102285,0.47383415289659214,0.6712671422255203,0.3248816193179307,0.675118380682848,7.787104294720848e-13
1.3091439905931381,-0.469178237382232,0.32881504300431463,0.47038726989204066,0.6711842261156642,0.3282475509390274,0.6717524490629706,1.9979573551154317e-12
1.3092774128746592,-0.47272866933384,0.32890613054734785,0.46690910137788805,0.6710769356277428,0.33165163752177207,0.6683483624810286,2.80064860191942e-12
1.3094108351561802,-0.47631041539278846,0.32897204163647015,0.46339952016014846,0.6709446092812585,0.335094215990118,0.6649057840082365,1.6454615447969445e-12
1.309449749886312,-0.4773610045413446,0.3289864264738504,0.4623699604733735,0.6709012015165429,0.3361055974607559,0.6638944025444897,5.24558174674894e-12
1.3095442574377012,-0.4799235950631173,0.32901210146682824,0.4598584068062333,0.6707865723711212,0.3385756200099254,0.6614243799837645,6.31006358275954e-12
1.3096776797192222,-0.48356831966740427,0.3290256218680354,0.45628565007170385,0.6706021368176908,0.34209617963160427,0.6579038203658102,2.5854873797470646e-12
1.3098111020007432,-0.48724469200768844,0.32901190114929824,0.45268114722808767,0.6703906010359838,0.34565622098754284,0.6543437790131253,6.681322162194192e-13
1.3099445242822643,-0.4909528058372956,0.32897022400187753,0.44904480459887697,0.6701512498108925,0.34925606583935864,0.6507439341603449,2.964295475749168e-13
1.3100779465637853,-0.49469274544530123,0.3288998613731547,0.4453765379737209,0.6698833541865699,0.35289603120748997,0.6471039687937068,1.1968204205459188e-12
1.3102113688453063,-0.4984645851252427,0.3288000703515076,0.4416762731306301,0.6695861713497365,0.3565764288872367,0.6434235711093615,3.4017233474514796e-12
1.3103447911268273,-0.5022683887760292,0.3286700940735607,0.43794394625138117,0.669258944536382,0.36029756510199157,0.6397024349001847,2.176259172870232e-12
1.3104782134083484,-0.506104209331412,0.32850916161350235,0.43417950447529985,0.6689009029184351,0.36405973996697993,0.6359402600315146,1.5054624213917123e-12
1.3106116356898694,-0.5099720882597758,0.32831648793038504,0.43038290641092997,0.6685112615493258,0.3678632470509792,0.6321367529489904,3.042011087472929e-14
1.3107450579713904,-0.5138720550695072,0.32809127376058905,0.42655412262502646,0.6680892212661721,0.3717083728992045,0.6282916271004465,3.490541189421492e-13
1.3108130968622103,-0.5158732087528934,0.3279636358603541,0.42458923118229125,0.6678612661360734,0.3736853139557492,0.6263146860408483,3.4025005035687172e-12
1.3108784802529114,-0.5178041266746416,0.3278327055860347,0.42269313627981636,0.6676339686469177,0.375595396453148,0.6244046035493009,2.4489299477181703e-12
1.3110119025344324,-0.5217683069326693,0.3275399555564794,0.41879994358892897,0.6671446759450645,0.37952458860532473,0.6204754113919352,2.7400304247748863e-12
1.3111453248159535,-0.5257645859821436,0.32721218148839487,0.41487455449675326,0.6666205010676354,0.3834962115873691,0.6165037884125448,8.615330671091215e-14
1.3112787470974745,-0.529792939686109,0.3268485268069558,0.41091699321080366,0.6660605875389835,0.38751051841712636,0.6124894815821836,6.900036098045348e-13
1.3114121693789955,-0.5338533290532318,0.3264481205514808,0.40692729880392053,0.6654640644974964,0.3915677523528124,0.6084322476493832,2.1955770534987096e-12
1.3115455916605165,-0.5379456994943759,0.3260100773884529,0.4029055259353358,0.664830046709561,0.39566814616331847,0.6043318538370668,3.852473895449293e-13
1.3116790139420376,-0.5420699802997356,0.3255334976324755,0.39885174538944457,0.6641576345835686,0.3998119216229886,0.6001880783758473,1.1640688413194766e-12
1.3118124362235586,-0.5462260839446534,0.3250174672738389,0.3947660447698198,0.663445914209319,0.4039992888146124,0.5960007111842465,1.1410872247097359e-12
1.3119458585050796,-0.5504139053784656,0.32446105805117836,0.3906485292034089,0.6626939574244926,0.4082304454256645,0.5917695545757216,1.3860024239420454e-12
1.3120792807866004,-0.5546333213490642,0.32386332752611874,0.38649932201631226,0.6619008218853021,0.4125055760669843,0.5874944239315074,1.5083490012557377e-12
1.3121764438381083,-0.5577258577970192,0.32340148835229204,0.3834578531585413,0.6612967712958724,0.4156466551238986,0.5843533448753028,7.986944439153376e-13
1.3122127030681214,-0.5588841897240553,0.3232233191820649,0.3823185654127189,0.6610655511738128,0.4168248515865847,0.5831751484079764,5.438982597638642e-12
1.3123461253496425,-0.5631663486916676,0.3225400625515137,0.37810642128943506,0.660187174920891,0.42118842824943936,0.5788115717503308,2.298161660974074e-13
1.3124795476311635,-0.5674796161672384,0.321812573326161,0.3738630717984431,0.6592647089214987,0.4255964471161219,0.5744035528839161,3.7969627442180354e-14
1.3126129699126845,-0.571823788837402,0.32103985358442105,0.36958872032525475,0.6582971553438316,0.4300490330698683,0.5699509669254401,4.6915804574609865e-12
1.3127463921942055,-0.5761986415738712,0.3202208919324741,0.3652835920824509,0.6572835028949607,0.43454629418160384,0.5654537058225284,4.132250097654833e-12
1.3128798144757265,-0.5806039265503603,0.31935466372899723,0.3609479349690137,0.6562227270299301,0.4390883207711571,0.5609116792289934,1.5054624213917123e-13
1.3130132367572476,-0.5850393724376107,0.31844013136940136,0.35658202038358716,0.6551137902485078,0.4436751845687551,0.5563248154346069,3.361977363169899e-12
1.3131466590387686,-0.589504683678403,0.31747624450847806,0.3521861439605606,0.6539556422958985,0.448306937905981,0.5516930620884498,5.569211758427173e-12
1.3132800813202896,-0.5939995395445934,0.3164619404246721,0.34776062651337425,0.6527472205464472,0.4529836127165377,0.5470163872840866,6.24389429049188e-13
1.3134135036018106,-0.598523593427478,0.3153961442829377,0.3433058147107191,0.6514874502765771,0.4577052197178846,0.5422947802820661,4.929390229335695e-14
1.3135397908140065,-0.6028322729492418,0.3143389259819331,0.3390625857180831,0.6502467633708665,0.4622157096966245,0.53778429030812,4.744649118038069e-12
1.3135469258833317,-0.6030764718458133,0.31427776959536985,0.33882208212317994,0.6501752450795564,0.4624717473558344,0.537528252648548,4.382272322800418e-12
1.3136803481648527,-0.6076577737293625,0.31310571854207175,0.33430982988256913,0.6488095072414539,0.46728316095747224,0.5327168390430105,4.827249711070181e-13
1.3138137704463737,-0.6122670694580694,0.3118788824659463,0.3297694876923429,0.6473891282021969,0.47213940167098006,0.5278605983272708,1.7490453529944716e-12
1.3139471927278947,-0.616903900016499,0.31059614232606,0.3252015146373586,0.645912989022994,0.47704038548339667,0.5229596145110506,5.5527804576627204e-12
1.3140806150094158,-0.6215677760674488,0.30925636924219757,0.3206064001351111,0.6443799609156087,0.48198600216230064,0.5180139978371964,5.029310301551959e-13
1.3142140372909368,-0.626258177119238,0.3078584250098728,0.315984664753101,0.6427889057711961,0.48697611425827037,0.5130238857416612,6.838973831690964e-14
1.3143474595724578,-0.630974550615211,0.30640116271749346,0.31133686111369335,0.6411386767884987,0.49201055603869925,0.5079894439622341,9.334755191048316e-13
1.3144808818539788,-0.6357163109518198,0.30488342742186647,0.3066635749040493,0.6394281191056218,0.49708913232669555,0.5029108676758848,2.580380353833789e-12
1.3146143041354998,-0.6404828386717717,0.3033040567732708,0.30196542565046774,0.6376560704825482,0.5022116174881742,0.4977883825115127,3.1308289294429414e-13
1.3147477264170209,-0.6452734795623922,0.3016618817713763,0.29724306764842895,0.6358213620156377,0.5073777543404049,0.49262224566046914,8.739675649849232e-13
1.314881148698542,-0.6500875435542065,0.29995572760278216,0.2924971910304468,0.6339228189836462,0.5125872528060569,0.4874127471888743,5.068834241228615e-12
1.3149031377899045,-0.6508831394523317,0.29966831663798166,0.29171282381294694,0.6336037146364677,0.5134499612199651,0.48655003877805375,1.9810819651411293e-12
1.315014570980063,-0.6549243041205522,0.29818441435918625,0.28772852241246255,0.6319592615799716,0.5178397890945204,0.4821602109063621,8.824052599720744e-13
1.315147993261584,-0.6597829971109294,0.29634675800051996,0.28293782599802086,0.629929505866507,0.5231350042540993,0.47686499574170804,4.192646230194441e-12
1.315281415543105,-0.6646628200287903,0.29444157124788845,0.27812590438023155,0.6278323646488649,0.5284725032075495,0.47152749678790706,4.543476705975991e-12
1.3154148378246258,-0.6695629310075193,0.2924676645761305,0.2732935994884623,0.6256666485235307,0.533851853401996,0.46614814659602744,1.976530050740166e-12
1.3155482601061468,-0.674482448037328,0.2904238472585569,0.2684417934120925,0.6234311668374356,0.5392725837668885,0.46072741623458696,1.475486399726833e-12
1.3156816823876678,-0.679420448076146,0.2883089284164964,0.26357140926104206,0.6211247288199119,0.5447341834686594,0.45526581653146075,1.2012613126444194e-13
1.3158151046691888,-0.6843759661304027,0.2861217182263346,0.25868341210753154,0.6187461447479535,0.5502361006577122,0.44976389934005057,2.237210416922153e-12
1.3159485269507099,-0.6893479945395619,0.2838610290747503,0.2537788096878595,0.6162942270993218,0.5557777414030922,0.44422225860253733,5.629496868664319e-12
1.3160819492322309,-0.694335482042246,0.28152567683896645,0.24885865333196802,0.6137677918559705,0.5613584683424763,0.4386415316579548,4.3098857815948577e-13
1.316215371513752,-0.6993373331560242,0.27911448217534496,0.24392403860372894,0.6111656597715903,0.566977599705791,0.4330224002927966,1.4124257319281242e-12
1.3162664847658028,-0.7012570781560263,0.2781704285474071,0.2420300263585779,0.6101484977878425,0.5691402769821753,0.43085972301189485,5.929923219127886e-12
1.316348793795273,-0.7043524071620307,0.2766262719980152,0.23897610629329397,0.6084866578546465,0.5726344078344671,0.4273655921662213,6.883382752675971e-13
1.316482216076794,-0.7093795176044061,0.27405988080566956,0.2340160429317641,0.6057296206995888,0.5783281182638778,0.42167188174230896,6.186606782421222e-12
1.316615638358315,-0.7144174315345446,0.2714141521932782,0.22904508153559308,0.6028933920094547,0.5840579084912118,0.4159420915043125,4.475753101473856e-12
1.316749060639836,-0.7194648687240491,0.26868794054047457,0.22406450241381343,0.599976826251617,0.5898229067199949,0.41017709328091273,9.07718344933528e-13
1.316882482921357,-0.7245205012603989,0.26588011242970405,0.2190756335533527,0.5969787901178021,0.5956221909322517,0.40437780906731774,4.305444889496357e-13
1.317015905202878,-0.7295829527641882,0.2629895485249015,0.21407985140209673,0.5938981643535354,0.6014547875974432,0.39854521239884283,3.713918061976074e-12
1.317149327484399,-0.7346507979944443,0.26001514517758806,0.2090785812821133,0.5907338454267768,0.607319670715596,0.39268032928364827,7.557288128623441e-13
1.31728274976592,-0.7397225622707815,0.25695581633152437,0.20407329794138124,0.5874847473639168,0.6132157606790503,0.3867842393179169,3.0329072586710026e-12
1.317416172047441,-0.7447967211264628,0.25381049532520866,0.19906552592150312,0.5841498036075813,0.6191419233379579,0.3808580766651804,3.1383784460103925e-12
1.3175495943289621,-0.7498716999722865,0.250578136779197,0.19405683988884076,0.5807279688798515,0.6250969690510608,0.3749030309469609,1.978195385277104e-12
1.3176298317417008,-0.7529234061244824,0.24859192500715052,0.19104495562514912,0.5786278806512559,0.628691600668853,0.3713083993367792,5.632161403923419e-12
1.3176830166104831,-0.7549458736264072,0.24725771873796107,0.18904886509248564,0.577218221319793,0.6310796515810398,0.36892034841634236,2.6177948697636566e-12
1.3178164388920042,-0.7600175663279244,0.24384824450078135,0.1840432773797344,0.5736195643251597,0.6370886674731339,0.3629113325252599,1.6062706720276765e-12
1.3179498611735252,-0.7650850513466186,0.24034874489439023,0.17904180354009797,0.5699310288211886,0.6431226549663667,0.3568773450280695,5.5637716656065095e-12
1.3180832834550462,-0.7701465511220179,0.2367582802649324,0.17404622121779958,0.5661516752536597,0.6491801934791471,0.35081980651272077,8.132161610774347e-12
1.3182167057365672,-0.7752002369694163,0.23307594289837244,0.16905835916236103,0.5622805960038108,0.6552598025554047,0.34474019744507045,4.75175454539567e-13
1.3183501280180883,-0.7802442295049248,0.22930085898801839,0.16408009684218727,0.5583169173627461,0.6613599416083769,0.33864005839318106,1.5578649481540197e-12
1.3184835502996093,-0.785276598617759,0.22543219111984358,0.1591133644327717,0.5542598020164353,0.6674790091297708,0.33252099087241405,2.184918912462308e-12
1.3186169725811303,-0.7902953637048047,0.2214691406235663,0.15416014261493705,0.5501084513935441,0.6736153421418505,0.32638465786566107,7.511546940008884e-12
1.318750394862651,-0.7952984942316673,0.21741094978866798,0.14922246199236425,0.5458621078796245,0.6797672160151681,0.32023278398184934,2.9825031333530205e-12
1.3188838171441721,-0.8002839100118474,0.21325690447840273,0.14430240282727225,0.5415200574364541,0.6859328439315613,0.3140671560677049,7.338574192772285e-13
1.318993178717599,-0.8043555790388633,0.2097800248162738,0.14028423481469215,0.5378891866523895,0.6909955563428616,0.30900444365511276,2.0257129307310606e-12
1.3190172394256932,-0.8052494819022064,0.20900633642906608,0.13940209434691578,0.5370816318990349,0.6921103767712719,0.3078896232316369,2.90878432451791e-12
1.3191506617072142,-0.8101930324317086,0.20465862581893052,0.13452371407243705,0.5325462115484415,0.6982979029229807,0.3017020970824402,5.420996984639714e-12
1.3192840839887352,-0.8151123366660694,0.20021320371394952,0.12966948702984604,0.5279132275394404,0.7044934483266233,0.29550655167769235,4.3156589413229085e-12
1.3194175062702562,-0.820005123100624,0.1956695546164317,0.124841684791896,0.5231821644769247,0.7106949765150623,0.289305023488439,3.5011993304578937e-12
1.3195509285517772,-0.8248690747467685,0.19102721896410615,0.12004262441710721,0.5183525629003438,0.7169003888587506,0.2830996111423014,1.0520473381347983e-12
1.3196843508332983,-0.8297018302620025,0.18628579573194276,0.11527466732627639,0.5134240218793135,0.7231075248315999,0.2768924751699135,1.5134560271690134e-12
1.3198177731148193,-0.8345009853275621,0.18144494489560017,0.11054021790840446,0.5083962014883587,0.7293141625408393,0.2706858374630294,3.8686831516088205e-12
1.3199511953963403,-0.8392640940573951,0.17650439000158508,0.10584172212323092,0.5032688253704504,0.7355180192638116,0.26448198073176415,4.424238753131249e-12
1.3200846176778613,-0.8439886705546327,0.1714639207509381,0.10118166594332942,0.498041683329801,0.7417167521438601,0.25828324785704926,9.094947017729282e-13
1.3202180399593824,-0.8486721906625179,0.16632339542819305,0.09656257358649563,0.49271463374139995,0.7479079590706801,0.2520920409205693,8.750555835490559e-12
1.3203514622409034,-0.8533120938981444,0.1610827433570801,0.09198700562932488,0.48728760603295,0.7540891798002787,0.245910820197973,1.7483792191796965e-12
1.320356525693497,-0.8534872872352693,0.1608818853518786,0.09181425203241032,0.48707967789604817,0.7543235305065942,0.24567646949558902,2.183142555622908e-12
1.3204848845224244,-0.8579057853309886,0.15574196742608035,0.08745755705566859,0.4817606031959043,0.7602578969221268,0.2397421030778271,4.618527782440651e-14
1.3206183068039454,-0.8624506378140046,0.15030114645616804,0.08297685509558504,0.47613370414145645,0.7664115372918218,0.23358846270101769,7.16049441962241e-12
1.3207517290854665,-0.8669439943017361,0.1447604375214323,0.07854755686617508,0.47040706604116056,0.7725474735272453,0.22745252647109773,1.6570078642530461e-12
1.3208851513669875,-0.8713831702189748,0.13912007828197856,0.07417234701565013,0.4645809266613475,0.7786630255220546,0.2213369744793264,1.3808953980287697e-12
1.3210185736485085,-0.8757654560959843,0.13338038921256198,0.06985393508495,0.45865560657005666,0.7847554623175019,0.215244537684999,2.5008883852706276e-12
1.3211519959300295,-0.880088120331414,0.12754177568490252,0.06559505274736527,0.4526315112342021,0.7908220040933396,0.20917799590708727,4.2676973066591017e-13
1.3212854182115505,-0.8843484120093279,0.12160473011067291,0.06139845098815249,0.44650913316863355,0.7968598242087095,0.2031401757867491,4.541478304531665e-12
1.3214188404930716,-0.8885435639978831,0.11556983381514434,0.0572668970195695,0.4402890537998143,0.8028660516101204,0.1971339483901858,3.0619951019161817e-13
1.3215522627745926,-0.8926707960089946,0.10943775902202194,0.05320317119932413,0.43397194544339635,0.8088377731470942,0.19116222685759074,4.6849191193132356e-12
1.3216856850561136,-0.8967273180251839,0.1032092704193659,0.04921006361989435,0.42755857288584553,0.8147720363931372,0.18522796360965502,2.7922109069322687e-12
1.3217198726693953,-0.8977550267290356,0.10159789075154081,0.04819858922394157,0.4258998433583288,0.8162862194224133,0.18371378057582727,1.759481449425948e-12
1.3218191073376346,-0.9007103336450715,0.096885226913813,0.04529037074820751,0.4210497951383821,0.8206658523291569,0.1793341476685836,2.2595258997171186e-12
1.3219525296191557,-0.9046170436272505,0.09046658316727209,0.04144689189942433,0.41444656695446014,0.8265161982908679,0.1734838017084604,6.716849298982197e-13
1.3220859519006765,-0.9084446497100693,0.08395439067439667,0.037682425411203306,0.4077499399334418,0.8323200213003596,0.16767997870059625,9.559020242022598e-13
1.3222193741821977,-0.912190358242373,0.07734979928405745,0.033999765007725516,0.40096106401806325,0.8380742411196331,0.16192575887907795,1.2889689315898067e-12
1.3223527964637185,-0.9158513842587808,0.07065405794977321,0.0304016957237451,0.39408118826483335,0.8437757539534949,0.15622424604710222,5.970779426434092e-13
1.3224862187452395,-0.9194249553778853,0.06386851580107708,0.026890990014048245,0.38711166189627205,0.8494214358822586,0.1505785641200293,2.2879476091475226e-12
1.3226196410267606,-0.9229083160284869,0.05699462261888893,0.023470403520807495,0.38005393479351196,0.8550081468020069,0.14499185319346053,4.532596520334664e-12
1.3227530633082816,-0.9262987315929021,0.05003392949156133,0.02014267093731119,0.3729095581507414,0.8605327342509859,0.13946726575267002,3.6559644200906405e-12
1.3228864855898026,-0.9295934927057191,0.042988089024752305,0.016910501695142965,0.36568018465889407,0.8659920374788179,0.13400796251974428,1.4377388168895777e-12
1.3230199078713236,-0.9327899196765196,0.03585885536966648,0.013776575559613641,0.3583675685758386,0.8713828917585507,0.12861710824110814,3.411715354673106e-13
1.3230832196452935,-0.9342715270677979,0.03244723585975161,0.012324594350759317,0.3548689828266978,0.8739161094045336,0.12608389059836594,2.899458451111059e-12
1.3231533301528446,-0.9358853667883954,0.02864808431746507,0.010743538319332762,0.3509735657883884,0.8767021325037101,0.12329786749783518,1.5452084056732929e-12
1.3232867524343657,-0.9388772269293038,0.02135773259485197,0.007813997162699577,0.34350013312988475,0.8819465999880528,0.11805340001190721,3.9968028886505635e-14
1.3234201747158867,-0.9417629359150059,0.013989857775576054,0.004990516340717698,0.33594932826005486,0.8871131435838325,0.11288685641172906,4.438449607846451e-12
1.3235535969974077,-0.9445399771898757,0.006546617042833903,0.002275612486810082,0.3283233084676966,0.8921986267045563,0.10780137329536435,7.938094626069869e-14
1.3236870192789287,-0.9472058862559519,-0.0009697335741277605,-0.00032824983952859467,0.32062432988575007,0.8971999313411282,0.10280006866264346,3.771649659256582e-12
1.3238204415604498,-0.9497582552453815,-0.008556840480800142,-0.002818662688501678,0.31285474619465165,0.9021139629257653,0.09788603707587146,1.6366907829024058e-12
1.3239538638419708,-0.9521947374794425,-0.016212254133811548,-0.005193279317296495,0.3050170070439918,0.9069376552676439,0.09306234473614203,3.785860513971784e-12
1.3240872861234918,-0.9545130519212309,-0.023933430693603333,-0.007449818616477493,0.29711365637723564,0.9116679753927482,0.08833202460326844,3.983258167750137e-12
1.3242207084050128,-0.9567109876477716,-0.03171773394006189,-0.009586069582102872,0.28914733049805696,0.9163019285322671,0.08369807146418551,3.5473846082823e-12
1.3243541306865338,-0.958786408230112,-0.03956243758897507,-0.011599895723069277,0.2811207558038265,0.9208365630747803,0.07916343692450074,7.188694084447889e-13
1.3244465666211915,-0.9601513462724638,-0.04503124663088124,-0.012922213609687223,0.2755260341060136,0.9239184209219562,0.07608157907476255,3.28126414927965e-12
1.3244875529680549,-0.9607372560821307,-0.04746472775193246,-0.013489239379945681,0.27303674627563185,0.9252689756047868,0.07473102439583323,6.199485369506874e-13
1.324620975249576,-0.9625615566747071,-0.055421705580302974,-0.015252125950586696,0.2648982008628716,0.9295963158374653,0.07040368416639883,3.864020214905395e-12
1.324754397531097,-0.9642574226722616,-0.06343039025599728,-0.016886668028689846,0.2567081004778364,0.9338157915865807,0.06618420840805012,5.369260591692182e-12
1.324887819812618,-0.9658230579526925,-0.07148772205841498,-0.0183910694256892,0.24846950494267822,0.9379246736781913,0.062075326321080114,7.285283487590277e-13
1.325021242094139,-0.9672567614756864,-0.07959056588878745,-0.019763629017465586,0.24018554945431853,0.9419203007989305,0.05807969919861288,2.456590486588084e-12
1.32515466437566,-0.9685569310425635,-0.08773571483215847,-0.021002744547818506,0.23185944103000292,0.9458000843276988,0.05419991567328632,9.85211912052364e-13
1.325288086657181,-0.96972206683587,-0.09591989393790304,-0.022106916116947338,0.22349445472079643,0.94956151296149,0.05043848703114788,7.362110920894338e-12
1.325421508938702,-0.9707507748550702,-0.10413976420347822,-0.023074749661874512,0.2150939296175048,0.9532021573700751,0.046797842630258275,3.33288951992472e-13
1.325554931220223,-0.971641770107067,-0.11239192705864551,-0.02390496011128724,0.2066612643926367,0.95671967468475,0.04328032531828553,3.035571793930103e-12
1.3256883535017439,-0.9723938796118978,-0.12067292845441278,-0.024596374415243847,0.19819991320080302,0.9601118127684419,0.03988818722718072,4.377387341492067e-12
1.3258099135970898,-0.9729573123912489,-0.1282398369128932,-0.025104586179645717,0.1904688222308977,0.9630913875070477,0.03690861248927657,3.675726389928968e-12
1.3258217757832649,-0.9730060452339845,-0.12897926370552695,-0.025147934374656605,0.18971338082418981,0.9633764145278987,0.03662358546705611,5.045186490804099e-12
1.325955198064786,-0.973477326215895,-0.13730738205910165,-0.02555869915058741,0.1812052181086829,0.9665114218243721,0.03348857817208557,3.5422775823690245e-12
1.326088620346307,-0.9738069015346181,-0.1456536917507324,-0.02582784765785953,0.1726790169180403,0.9695148793970707,0.030485120598418437,4.510836149052011e-12
1.326222042627828,-0.9739940719900054,-0.1540145648848053,-0.025954680621909584,0.16413840525770215,0.972384938468328,0.027615061526726995,4.94504437398291e-12
1.326355464909349,-0.9740382620513832,-0.1623863427546118,-0.025938622437176633,0.155587041919516,0.9751198602532971,0.024880139747203635,5.007105841059456e-13
1.32648888719087,-0.973939021402526,-0.1707653410319651,-0.025779222722055416,0.1470286113404457,0.9777180191082733,0.022281980876853173,1.487354683860076e-11
1.326622309472391,-0.9736960263105312,-0.17914785502643793,-0.025476157674352663,0.138466818304804,0.9801779056134925,0.01982209438130408,5.203393271813184e-12
1.326755731753912,-0.9733090805708833,-0.1875301654029539,-0.025029231006497496,0.12990538224654485,0.9824981292577974,0.01750187074139755,8.05022715155701e-13
1.326889154035433,-0.9727781163164715,-0.1959085433743954,-0.02443837479633682,0.12134803205173927,0.9846774209513,0.015322579045516172,3.183897590020024e-12
1.327022576316954,-0.9721031944675681,-0.2042792564346408,-0.02370364988302423,0.11279850033093153,0.9867146353035402,0.013285364694684153,1.7756907055854754e-12
1.327155998598475,-0.9712845049094668,-0.21263857375670162,-0.02282524609120206,0.10426051800511299,0.9886087525265121,0.011391247473818427,3.306244167333716e-13
1.3271732605729878,-0.9711680956821122,-0.21371906392705375,-0.02270111760806897,0.10315692365498715,0.9888433083566761,0.011156691638616226,4.707678691318051e-12
1.3272894208799961,-0.9703223663719226,-0.220982771936035,-0.021803482071430774,0.09573780857132705,0.9903588801741413,0.009641119820479264,5.3794746435187335e-12
1.3274228431615172,-0.9692172260479336,-0.2293081404768166,-0.02063880494524301,0.08723408264276336,0.9919642545569868,0.008035745444092253,1.0791367799356522e-12
1.3275562654430382,-0.9679696588923772,-0.23761098723918553,-0.019331789602285227,0.0787530324432795,0.9934242417930056,0.006575758208239254,1.2447820552097255e-12
1.3276896877245592,-0.9665803666679817,-0.24588764403283306,-0.01788313773555811,0.07029832626369713,0.9947383387160273,0.005261661290746154,6.77347067323808e-12
1.3278231100060802,-0.9650501766501789,-0.25413447208815104,-0.01629367654383581,0.061873602976265735,0.9959061733560646,0.004093826640579705,3.355760114231998e-12
1.3279565322876012,-0.9633800401695805,-0.26234786721508263,-0.01456435729138731,0.05348246686552611,0.9969275052294447,0.003072494765333285,5.221933996324424e-12
1.3280899545691223,-0.9615710307465056,-0.2705242652060986,-0.012696253430960706,0.04512848225051973,0.9978022252361967,0.002197774761418656,2.3846480345923737e-12
1.3282233768506433,-0.959624342042925,-0.2786601469569705,-0.010690558550650991,0.036815168319625155,0.998530355343397,0.0014696446605272288,3.924194302840078e-12
1.3283567991321643,-0.9575412855464177,-0.28675204340050214,-0.008548584069259218,0.02854599424500719,0.9991120479202497,0.0008879520770251761,2.7251534362449092e-12
1.3284902214136853,-0.9553232879771874,-0.29479654056575544,-0.0062717566358979696,0.02032437409899928,0.9995475848810813,0.000452415113816003,5.102696043479682e-12
1.328536607548886,-0.9545208364997401,-0.29758160233666137,-0.005448872757120814,0.017477769274221303,0.9996648373614182,0.00033516263312620756,5.455635943008019e-12
1.3286236436952064,-0.9529718885514784,-0.3027902839371496,-0.0038616153995258877,0.012153662492743456,0.9998373764161111,0.00016262358548137457,1.5925039065223245e-12
1.3287570659767274,-0.9504887357941313,-0.3107299835221318,-0.00131980880670135,0.004037149521857223,0.9999819595311901,1.804047154807844e-05,2.738254067935486e-12
1.3288237771174878,-0.9491982962223733,-0.31467855734984784,-7.529289676399056e-08,2.2709884135999156e-07,1.0000000000072378,5.724290405016355e-14,7.295053450206979e-12
1.3288904882582484,-0.9478755844429491,-0.31861241773367227,0.0013519084631262066,-0.004021943134926479,0.9999819963171581,1.80036830732545e-05,2.313704783318826e-13
1.3290239105397692,-0.9451342919232153,-0.32643443778976183,0.004151679061357695,-0.012020466580887996,0.9998382719443153,0.0001617280558507611,1.6608936448392342e-13
1.3291573328212902,-0.9422668146889672,-0.33419297169018686,0.007077546602138187,-0.01995534873277619,0.9995516923912106,0.00044830760895215015,1.6275869541004795e-13
1.3292907551028113,-0.9392752043995928,-0.3418850279811576,0.01012745949923282,-0.027823598032997093,0.9991232819575736,0.0008767180434104007,9.841016890277388e-13
1.3294241773843323,-0.9361616039746324,-0.3495076991781434,0.013299274896966863,-0.03562230689375729,0.9985541805411559,0.001445819461218121,2.3738788712535097e-12
1.3295575996658533,-0.9329282434432261,-0.3570581651224948,0.016590762842071893,-0.043348655057099963,0.997845640694706,0.002154359306941311,1.6473489239388073e-12
1.3296910219473743,-0.9295774355931227,-0.3645336962487184,0.019999610611197753,-0.050999912862154405,0.9969990244646392,0.0030009755365468763,1.1859402349045922e-12
1.3298244442288953,-0.9261115717304957,-0.37193165606305156,0.023523426967671464,-0.058573443718064375,0.9960158000749333,0.003984199925296627,2.298161660974074e-13
1.329899954524784,-0.924100014542059,-0.3760831883137031,0.02556774364127528,-0.06282427133678548,0.9953994014088339,0.004600598583904018,7.2620798263756114e-12
1.3299578665104164,-0.92253311706933,-0.37924950401328805,0.027159746773262484,-0.06606670696910001,0.9948975383839792,0.00510246161452867,1.4921397450962104e-12
1.3300912887919374,-0.9188446062105686,-0.3864847976964535,0.030906035490509645,-0.07347726010810425,0.9936459092127234,0.00635409078273465,4.5419223937415154e-12
1.3302247110734584,-0.915048638494047,-0.393635194952137,0.03475969385136847,-0.08080276088311138,0.9922626775148162,0.007737322482974138,2.209676885911449e-12
1.3303581333549794,-0.9111478732340277,-0.40069845578269286,0.03871806260925591,-0.0880409691940811,0.9907496993655266,0.009250300628847397,5.626055177287981e-12
1.3304915556365005,-0.9071450251092221,-0.4076724437195254,0.0427784271609434,-0.09518974847524571,0.9891089179486608,0.010891082045144681,6.194489365896061e-12
1.3306249779180215,-0.9030428592068521,-0.4145551274600511,0.04693802248061845,-0.10224706732174672,0.9873423592679059,0.01265764073028885,1.8052226380405045e-12
1.3307584001995425,-0.8988441863599098,-0.4213445817166586,0.051194037805869966,-0.1092110003468473,0.9854521278949943,0.014547872103627927,1.3777867735598193e-12
1.3308918224810635,-0.89455185838586,-0.42803898804954416,0.05554362139260719,-0.11607972900724677,0.9834404026320738,0.016559597363801137,4.125144670297232e-12
1.3310252447625845,-0.8901687632202819,-0.4346366356171664,0.05998388537319132,-0.12285154237139363,0.9813094320337357,0.01869056796749448,1.2301271112846734e-12
1.3311586670441056,-0.8856978202704188,-0.4411359213555476,0.0645119104108338,-0.12952483727019046,0.9790615299419788,0.02093847005472477,3.2963631824145523e-12
1.3312633015006823,-0.882132000424044,-0.4461630988815412,0.06812243540166635,-0.13468836926250247,0.9772183769757056,0.022781623019646424,4.64805971489568e-12
1.3312920893256266,-0.8811419757382523,-0.4475353501431597,0.06912475036084559,-0.13609811848389608,0.9766990710356714,0.023300928967305835,2.9771740628348198e-12
1.3314255116071476,-0.876504197841694,-0.4538335348176236,0.07381943709308948,-0.14256999874413545,0.9742244861591708,0.025775513834643375,6.185829626303985e-12
1.3315589338886686,-0.8717874725149111,-0.46002919556987143,0.07859298472677638,-0.14893919815470139,0.9716402580105996,0.028359741995228716,5.828226790072222e-12
1.3316923561701897,-0.8669947986183706,-0.46612115970537776,0.08344239447886569,-0.15520454391076868,0.9689489163563954,0.03105108364691636,3.311795282456842e-12
1.3318257784517107,-0.8621291838008346,-0.47210836064063033,0.08836465876756937,-0.16136496933711889,0.9661530337478768,0.03384696624827829,3.844924378881842e-12
1.3319592007332317,-0.8571936400555251,-0.47798983712250853,0.09335676566859433,-0.16741951307474429,0.9632552209440435,0.036744779054285304,1.6712187189682481e-12
1.3320926230147527,-0.8521911795929618,-0.4837647319895564,0.09841570303792264,-0.17336731786556847,0.9602581224929708,0.03974187750834963,1.3204992654891612e-12
1.3322260452962738,-0.8471248107144946,-0.4894322909376923,0.10353846264473492,-0.17920762930131573,0.9571644123405864,0.042835587646632964,1.2780665414879877e-11
1.3323594675777946,-0.8419975340458298,-0.49499186088707303,0.10872204393086127,-0.184939794207947,0.9539767896837056,0.04602321031818191,1.887601186467691e-12
1.3324928898593156,-0.8368123384241556,-0.5004428885635092,0.11396345812995237,-0.1905632592097754,0.9506979744526923,0.04930202554958946,2.2817303602096217e-12
1.3326263121408366,-0.8315721974708349,-0.5057849185330013,0.11925973168626804,-0.19607756877254628,0.947330703421908,0.05266929657763326,4.587441537751147e-13
1.3326266484765803,-0.8315589210029524,-0.5057982468635923,0.11927314954699098,-0.19609133119177005,0.9473221056298778,0.052677894371419315,1.297184581972033e-12
1.3327597344223576,-0.8262800660161826,-0.5110175912753585,0.12460790984203612,-0.20148236327620264,0.9438777260885765,0.05612227390656469,4.858891067271998e-12
1.3328931567038786,-0.8209388766225207,-0.5161406412327217,0.1300050600955412,-0.20677737706389523,0.9403418006823715,0.059658199315869596,1.7589263379136355e-12
1.3330265789853997,-0.8155515364171397,-0.5211538945418798,0.1354482753971695,-0.21196243617343952,0.9367256903485259,0.06327430965664689,5.172751116333529e-12
1.3331600012669207,-0.8101209240279104,-0.5260572667454543,0.1409346771824898,-0.2170374560451652,0.9330321594435332,0.06696784055908965,2.62279087337447e-12
1.3332934235484417,-0.8046498866392358,-0.5308507604474444,0.14646141833546247,-0.22200243918486126,0.929263969936165,0.07073603006486336,1.02828856540782e-12
1.3334268458299627,-0.7991412372318242,-0.5355344628191465,0.15202568594821247,-0.22685747266639,0.9254238779114023,0.07457612209260642,4.008793297316515e-12
1.3335602681114838,-0.7935977519513885,-0.5401085430772599,0.1576247039358399,-0.23160272559707673,0.9215146302073378,0.07848536979485601,2.1938006966593093e-12
1.3336936903930048,-0.7880221677403716,-0.5445732498028306,0.16325573542603128,-0.23623844647336795,0.9175389612510505,0.08246103874164465,7.30482341282368e-12
1.3338271126745258,-0.7824171799981979,-0.5489289083479482,0.16891608509229458,-0.24076496053157034,0.9134995899764026,0.08650041002267593,9.2148511043888e-13
1.3339605349560468,-0.7767854404671724,-0.5531759180458904,0.17460310125752143,-0.24518266701843472,0.9093992168276925,0.09060078317501692,2.709388269295232e-12
1.3339899954524785,-0.7755385714970278,-0.5540990868828508,0.17586216417270514,-0.2461435053954074,0.9084858739640596,0.09151412603584645,9.403589018575076e-14
1.3340939572375679,-0.7711295552200653,-0.557314749534202,0.18031417790919552,-0.2494920364622341,0.9052405209822663,0.09475947901314176,4.59199345215211e-12
1.3342273795190889,-0.7654520830639024,-0.5613459418033732,0.1860467563228235,-0.2536936077498223,0.9010261578459836,0.09897384215136475,2.651656672014724e-12
1.33436080180061,-0.7597555335838699,-0.5652700995798492,0.1917983269725599,-0.2577879855263096,0.8967587562903235,0.1032412437111858,1.5092371796754378e-12
1.334494224082131,-0.7540423658584601,-0.5690878903682286,0.19756643084312678,-0.26177583717740666,0.8924409164731847,0.1075590835260241,7.912559496503491e-13
1.334627646363652,-0.7483149870597702,-0.5728000416438463,0.20334866084268605,-0.26565789008286506,0.8880752075654563,0.11192479242979338,4.750311255463657e-12
1.334761068645173,-0.7425757512131436,-0.5764073380546759,0.20914266300213724,-0.269434928795058,0.8836641656530421,0.11633583434242352,4.534372877174064e-12
1.334894490926694,-0.7368269581570903,-0.5799106185696603,0.2149461375533898,-0.2731077921841025,0.8792102917968767,0.12078970820079567,2.3275825711266407e-12
1.335027913208215,-0.7310708526320286,-0.5833107736726317,0.2207568398273944,-0.27667737062281805,0.8747160502506856,0.12528394974533408,3.980371587886111e-12
1.335161335489736,-0.7253096235235942,-0.5866087425591148,0.22657258100662664,-0.2801446032211542,0.8701838668227238,0.12981613317794233,6.661338147750939e-13
1.335294757771257,-0.7195454030594066,-0.589805510454797,0.23239122892514746,-0.2835104750947384,0.8656161272267674,0.13438387276978464,3.447908625275886e-12
1.3353533424283766,-0.7170139700022777,-0.591177474213194,0.23494653392492282,-0.2849566405631,0.8635998391955189,0.13640016080434267,1.3844481117075702e-13
1.335428180052778,-0.7137802665315242,-0.5929021057574336,0.23821070835978841,-0.28677601454524815,0.8610151759014127,0.13898482409572857,2.8587132661073156e-12
1.335561602334299,-0.7080162315768856,-0.5958995975059335,0.2440290017452405,-0.28994229050187786,0.8563833144840677,0.14361668551425397,1.6783241463258491e-12
1.33569502461582,-0.7022552581881637,-0.5987990925668855,0.249844149154205,-0.2930104097469052,0.8517228009118502,0.1482771990866379,1.5119017149345382e-12
1.3358284468973411,-0.696499248248551,-0.6016017332031373,0.25565424876733756,-0.29598151443079135,0.8470358482038156,0.15296415179753647,1.3520295993885156e-12
1.335961869178862,-0.6907500456551451,-0.6043086943904534,0.26145745675597465,-0.29885677943686534,0.8423246236884795,0.15767537630867756,2.8429480991576384e-12
1.336095291460383,-0.6850094363335214,-0.6069211813668881,0.2672519872671676,-0.3016374098947346,0.8375912482577478,0.16240875174625444,4.002131959168764e-12
1.336228713741904,-0.6792791481214387,-0.6094404272590829,0.2730361125232186,-0.3043246388400078,0.832837795450321,0.16716220454689285,2.786215702599293e-12
1.336362136023425,-0.6735608512936266,-0.6118676906105979,0.2788081623217756,-0.3069197247069995,0.8280662912085414,0.17193370879146594,7.327471962526033e-15
1.336495558304946,-0.667856158673717,-0.614204253105447,0.28456652389944775,-0.3094239490838829,0.8232787132112331,0.1767212867908803,2.113420549676448e-12
1.336628980586467,-0.6621666260421373,-0.6164514173196611,0.2903096415512443,-0.3118386144448949,0.8184769905594468,0.18152300943652377,4.029443445574543e-12
1.3367166894042748,-0.6584354391205568,-0.6178805888604886,0.29407600836541303,-0.3133778098784016,0.8153136495804647,0.1846863504203181,7.829292769656604e-13
1.336762402867988,-0.6564937525828665,-0.6186105045555599,0.296036016154195,-0.3141650419957254,0.8136630035268183,0.1863369964726227,5.589972928987663e-13
1.336895825149509,-0.6508389814112658,-0.6206828526898609,0.30174420465977436,-0.3164045695086387,0.8088385833476776,0.19116141665170672,6.157296894571118e-13
1.3370292474310301,-0.6452037001791445,-0.6226698141427374,0.30743281948311807,-0.3185585492996427,0.8040055121694103,0.19599448782723236,3.3573144264664734e-12
1.3371626697125512,-0.6395892417022413,-0.6245727538958111,0.3131005278773558,-0.3206283462595562,0.7991655230102456,0.20083447698221674,7.537748203390038e-12
1.3372960919940722,-0.6339968847015545,-0.626393047590759,0.31874605119175387,-0.32261533592131775,0.7943202998813149,0.20567970012196085,3.275824056458987e-12
1.3374295142755932,-0.6284278544272747,-0.6281320797001029,0.324368164233939,-0.32452090266416894,0.7894714777684442,0.2105285222344626,2.906785923073585e-12
1.3375629365571142,-0.6228833236651851,-0.6297912417342003,0.32996569429141404,-0.32634643788722856,0.7846206430652937,0.21537935693089763,3.808731108279062e-12
1.3376963588386352,-0.6173644134820185,-0.6313719305692675,0.3355375203580031,-0.328093338379114,0.779769333744761,0.22023066625674917,1.510125358095138e-12
1.3378297811201563,-0.6118721939709512,-0.6328755468407488,0.34108257241204915,-0.3297630046636984,0.774919039543802,0.22508096044805107,8.146927577001861e-12
1.3379632034016773,-0.6064076855328204,-0.6343034933261188,0.3465998301196954,-0.33135683942587857,0.7700712027189899,0.2299287972733092,7.700950988009936e-12
1.3380800363801728,-0.6016461395134789,-0.6354928564310718,0.3514074983913626,-0.3326913318760226,0.7658292477663953,0.23417075223111736,2.4873436643702007e-12
1.3380966256831983,-0.6009718594699645,-0.6356571735412682,0.3520883222369567,-0.33287624607112676,0.7652272181492606,0.2347727818540404,3.3011371414204405e-12
1.3382300479647193,-0.5955656390807406,-0.6369379902703691,0.35754712554457285,-0.33432262728601675,0.7603884339033076,0.2396115661006114,3.9190872769268026e-12
1.3383634702462404,-0.5901899007440757,-0.6381473442409313,0.36297536371278694,-0.33569738371066393,0.7555561519020556,0.24444384809261466,5.3297366520155265e-12
1.3384968925277614,-0.5848454749223465,-0.6392866328460908,0.36837220636402224,-0.3370019126176904,0.7507316284728375,0.24926837152947925,2.3168134077877767e-12
1.3386303148092824,-0.5795331471048348,-0.6403572489161229,0.37373686806475415,-0.3382376067519992,0.7459160748326595,0.25408392517217154,4.831024469353906e-12
1.3387637370908034,-0.5742536589419667,-0.6413605795910622,0.3790686072285247,-0.3394058531418512,0.7411106578616199,0.2588893421331214,5.2586823784395165e-12
1.3388971593723245,-0.5690077093401458,-0.6422980052267837,0.38436672502086766,-0.34050803204826713,0.7363165008068254,0.2636834991926511,5.234701561107613e-13
1.3390305816538455,-0.5637959554308114,-0.6431708983651867,0.3896305643710032,-0.3415455159143693,0.7315346838640229,0.2684653161332792,2.697952972141593e-12
1.3391640039353665,-0.5586190138082957,-0.6439806227798481,0.3948595087545421,-0.34251966840543535,0.726766245104074,0.27323375489844764,2.5215385335286555e-12
1.3392974262168873,-0.553477461402081,-0.644728532575573,0.40005298130555383,-0.34343184353121864,0.7220121809971438,0.27798781900271324,1.4299672557172016e-13
1.3394308484984083,-0.5483718368293077,-0.6454159713287907,0.4052104434757585,-0.3442833847597753,0.7172734474738353,0.28272655252346834,2.6963986599071177e-12
1.339443383356071,-0.5478940342482452,-0.6454774957671473,0.40569311189391105,-0.3443603180539942,0.7168290703066449,0.28317092968841356,4.941602682606572e-12
1.3395642707799293,-0.5433026412793562,-0.646044271313428,0.41033139413693165,-0.3450756242782086,0.712550960518023,0.2874490394853534,3.376410262490026e-12
1.3396976930614504,-0.5382703396178343,-0.6466147527587534,0.41541536848836497,-0.345809882201229,0.7078455969975624,0.2921544030043519,1.91446858366362e-12
1.3398311153429714,-0.5332753616156751,-0.6471287231510141,0.4204619368345703,-0.34648746592064966,0.7031581956333909,0.2968418043667916,1.8252066524837574e-13
1.3399645376244924,-0.528318102809612,-0.6475874766368878,0.425470703689637,-0.3471096694782999,0.6984895576532795,0.3015104423434895,3.2309710462641306e-12
1.3400979599060134,-0.5233989257677856,-0.6479922933958951,0.4304413065633835,-0.34767777295491464,0.6938404477953439,0.3061595522028819,1.7741363933510002e-12
1.3402313821875345,-0.5185181609656908,-0.6483444391331454,0.4353734150384544,-0.3481930419562153,0.6892115950061148,0.3107884049889689,4.916289597645118e-12
1.3403648044690555,-0.5136761080256822,-0.6486451645782967,0.4402667295579233,-0.3486567271083129,0.6846036934872178,0.3153963065135102,7.280842595491777e-13
1.3404982267505765,-0.5088730365116391,-0.6488957050289468,0.44512098063146305,-0.3490700636072061,0.6800174032935898,0.31998259670505413,1.3560264022771662e-12
1.3406316490320975,-0.5041091871613762,-0.6490972799667195,0.44993592757700457,-0.3494342708327355,0.6754533514406974,0.324546648556985,2.3175905639050143e-12
1.3407650713136186,-0.4993847728108795,-0.6492510926680948,0.4547113576252965,-0.34975055196446836,0.6709121326460887,0.3290878673528906,1.020739048840369e-12
1.340806730331969,-0.4979177571897668,-0.64928952143075,0.45619428533548395,-0.3498396753634983,0.6694989755646599,0.3305010244311909,4.1492365099315975e-12
1.3408984935951396,-0.49469997933245874,-0.6493583298869858,0.4594470849723515,-0.3500200936536572,0.6663943101451506,0.3336056898509061,3.943290138863631e-12
1.3410319158766606,-0.49005496669593773,-0.6494201615718431,0.4641429497154748,-0.35024406574012357,0.6619004166393554,0.33809958335675383,3.890776589798861e-12
1.3411653381581816,-0.4854498698583035,-0.6494377405990277,0.4687988169546014,-0.3504236210059383,0.6574309550598137,0.3425690449369474,3.238853629738969e-12
1.3412987604397026,-0.48088479979002813,-0.6494122025519912,0.4734145757902049,-0.3505598949351028,0.6529863994925238,0.34701360050753,5.3734794391857577e-14
1.3414321827212237,-0.4763598442603955,-0.6493446655369397,0.47799013851659294,-0.3506540055297793,0.6485671958850684,0.3514328041131902,1.741384814124558e-12
1.3415656050027447,-0.47187506885152275,-0.6492362300270703,0.4825254396146416,-0.3507070531588206,0.6441737629833925,0.355826237010647,5.9605653746075404e-12
1.3416990272842657,-0.46743051785257217,-0.6490879787298733,0.48702043486079705,-0.3507201204360405,0.6398064931515562,0.3601935068506706,2.226885342793139e-12
1.3418324495657867,-0.46302621496117746,-0.6489009764709877,0.4914751006248855,-0.3506942720686464,0.6354657530062757,0.36453424699599907,2.2748469774569458e-12
1.3419658718473078,-0.45866216437307533,-0.6486762701312391,0.49588943276989583,-0.35063055486207145,0.6311518844587701,0.3688481155357332,5.49671419491915e-12
1.3420992941288288,-0.45433835141017076,-0.6484148886116009,0.5002634460451513,-0.35052999759509856,0.6268652053353065,0.37313479466298977,1.7037482535897652e-12
1.3421700773078673,-0.45206080791909176,-0.6482616778063465,0.5025675888370859,-0.3504620402871996,0.6246021769687613,0.37539782303178887,5.502265310042276e-13
1.3422327164103498,-0.4500547434458662,-0.6481178427671395,0.5045971731356685,-0.35039361102871497,0.6226060102112551,0.3773939897862502,2.4946711363327267e-12
1.3423661386918708,-0.4458112905604859,-0.6477861254242524,0.5088906640306734,-0.3502223878852411,0.6183745710833712,0.38162542891362,3.0087043967341742e-12
1.3424995609733918,-0.44160792646710056,-0.6474207113960564,0.5131439850796373,-0.35001730288097654,0.6141711382631478,0.38582886173948433,2.632116746781321e-12
1.3426329832549126,-0.43744456911035884,-0.6470225574997405,0.5173572184014497,-0.3497793127225079,0.6099959409576524,0.3900040590407152,1.6323609131063677e-12
1.3427664055364337,-0.43332112153830626,-0.6465926026355172,0.5215304610125711,-0.3495093562186524,0.6058491881541875,0.3941508118483618,2.5492941091442844e-12
1.3428998278179547,-0.42923747241623456,-0.6461317678186465,0.525663824312034,-0.34920835427873415,0.6017310691107268,0.39826893088841475,8.58424442640171e-13
1.3430332500994757,-0.42519349687961183,-0.6456409563046134,0.5297574332270516,-0.34887721005246997,0.5976417542466482,0.4023582457533093,4.241051954068098e-14
1.3431666723809967,-0.4211890571612902,-0.6451210536584795,0.5338114255906657,-0.34851680900921667,0.5935813957458433,0.40641860425310566,1.0509371151101732e-12
1.3433000946625178,-0.4172240031532084,-0.6445729278816127,0.5378259515766419,-0.3481280190490792,0.5895501281650631,0.4104498718363565,1.4197532038906502e-12
1.3434335169440388,-0.4132981731225392,-0.643997429539806,0.5418011729756729,-0.3477116906317872,0.5855480691603058,0.4144519308398305,1.3633538742396922e-13
1.3435334242837655,-0.4103840688954967,-0.6435490713616193,0.5447522089951023,-0.347382411092701,0.5825704912536264,0.41742950874162205,4.751532500790745e-12
1.3435669392255598,-0.40941139428390255,-0.6433953918976898,0.5457372626456742,-0.34726865691901454,0.5815753200846709,0.41842467991832977,3.000710790956873e-12
1.3437003615070808,-0.4055634833809991,-0.6427676310668271,0.5496344038982979,-0.34679973392414676,0.5776319665993906,0.4223680333984962,2.113198505071523e-12
1.3438337837886019,-0.4017542472558972,-0.6421149461746581,0.5534927899591853,-0.3463057206761064,0.5737180792890366,0.42628192070980014,1.163291685202239e-12
1.3439672060701229,-0.39798348343051243,-0.6414381195270065,0.5573126233728348,-0.3457873993710003,0.5698337142658272,0.43016628573447085,2.97983859809392e-13
1.344100628351644,-0.39425098060074,-0.6407379167915696,0.5610941154990849,-0.345245535573696,0.5659789137190453,0.43402108628126873,3.1397107136399427e-13
1.344234050633165,-0.39055651913481726,-0.6400150871623776,0.5648374860419036,-0.34468087839073736,0.5621537064341706,0.437846293566348,5.186961971048731e-13
1.344367472914686,-0.38689987163728284,-0.6392703635968346,0.5685429624567576,-0.34409416065925763,0.5583581084461752,0.44164189155890504,5.080158516079791e-12
1.344500895196207,-0.3832808033241739,-0.6385044629577291,0.5722107795875351,-0.34348609914898287,0.554592123413762,0.4454078765847595,1.4785950241957835e-12
1.344634317477728,-0.3796990726696883,-0.6377180862889325,0.5758411790302652,-0.3428573948040575,0.5508557433662395,0.44914425663879143,5.031086658391359e-12
1.344767739759249,-0.37615443157545103,-0.6369119189390154,0.5794344089400087,-0.34220873286646847,0.5471489488804295,0.4528510511137312,5.839329020318473e-12
1.3448967712596636,-0.3727614806318485,-0.6361140875898723,0.5828742736887734,-0.34156306474321335,0.5435922538731438,0.45640774612499163,1.864508547555488e-12
1.34490116204077,-0.3726466260472255,-0.6360866308656162,0.5829907233801893,-0.34154078319134207,0.5434717098703513,0.45652829013031176,6.630251903061435e-13
1.345034584322291,-0.3691753965516646,-0.6352428767938343,0.5865103819428632,-0.3408542004086758,0.5398239859363853,0.4601760140630011,6.13620265710324e-13
1.345168006603812,-0.36574047827295336,-0.6343812964555815,0.5899936495062906,-0.34014962413861183,0.536205726739993,0.46379427325939065,6.163958232718869e-13
1.345301428885333,-0.36234160164828355,-0.6335025148123514,0.5934407957020377,-0.33942767924258654,0.5326168725586169,0.4673831274394758,1.907363156306019e-12
1.3454348511668541,-0.35897849271021987,-0.6326071423014805,0.5968520945553407,-0.3386889760590439,0.529057354719347,0.4709426452790211,1.6319168238965176e-12
1.3455682734483752,-0.355650873413009,-0.6316957750451205,0.6002278241761375,-0.3379341106091743,0.5255270959692917,0.474472904028434,2.274291865944633e-12
1.3457016957298962,-0.35235846197282483,-0.6307689950912753,0.6035682664147608,-0.337163664834268,0.5220260108923119,0.4779739891073942,2.9387603461827894e-13
1.3458351180114172,-0.3491009731745967,-0.6298273706354652,0.6068737065434441,-0.33637820683257447,0.518554006273034,0.4814459937256764,1.2895240431021193e-12
1.345968540292938,-0.3458781187753402,-0.6288714562848506,0.6101444328726785,-0.3355782911008314,0.5151109815773971,0.4848890184236769,1.0740297540223764e-12
1.346101962574459,-0.3426896076584615,-0.6279017932436156,0.6133807365755124,-0.3347644587498107,0.5116968291556585,0.48830317084397173,3.6970426720017713e-13
1.34623538485598,-0.3395351462827321,-0.626918909601536,0.6165829112618803,-0.33393723775789597,0.5083114347772151,0.49168856522154913,1.2357892487102617e-12
1.3462601182355618,-0.3389541001243888,-0.6267352947787694,0.6171727936498878,-0.3337824606910191,0.5076870117125651,0.49231298828655873,8.761880110341735e-13
1.346368807137501,-0.3364144388432994,-0.6259233205317979,0.6197512527981606,-0.33309714320317313,0.5049546778478039,0.49504532215500474,2.808642207696721e-12
1.346502229419022,-0.33332718758004165,-0.6249155285372416,0.6228860590044931,-0.332244677480385,0.5016264317870004,0.49837356821619383,3.1943336864515004e-12
1.3466356517005431,-0.33027309301440944,-0.6238960236754781,0.6259876294240156,-0.3313803305530631,0.4983265643273774,0.5016734356693562,3.2664981830521356e-12
1.3467690739820641,-0.32725185422326547,-0.6228652838269233,0.6290562650407326,-0.3305045801882627,0.4950549378893591,0.5049450621124162,1.7752466163756253e-12
1.3469024962635852,-0.32426316904363217,-0.6218237748707487,0.6320922680800224,-0.3296178921697635,0.49181140979272675,0.5081885902049847,2.288502720659835e-12
1.3470359185451062,-0.3213067342769416,-0.6207719509559005,0.635095941805755,-0.32872072054682955,0.48859583258530825,0.5114041674149657,2.7400304247748863e-13
1.3471693408266272,-0.31838224594981296,-0.6197102547272269,0.638067590248208,-0.3278135078480825,0.4854080543501316,0.5145919456528201,2.951638933268441e-12
1.3473027631081482,-0.3154893994434997,-0.6186391175160243,0.6410075180916579,-0.3268966853153565,0.48224791888222557,0.5177520811201943,2.419842104472991e-12
1.3474361853896692,-0.3126278897943821,-0.6175589596267836,0.643916030362002,-0.3259706731441752,0.4791152660926038,0.5208847339072252,1.709743457922741e-13
1.3475696076711903,-0.30979741177648934,-0.6164701905147806,0.6467934323478884,-0.3250358806907295,0.47600993213674164,0.5239900678647607,1.5023537969227618e-12
1.3476234652114598,-0.30866357665378313,-0.6160283468093231,0.6479461866348772,-0.32465614363429807,0.47476412762533343,0.5252358723741731,4.933831121434196e-13
1.3477030299527113,-0.3069976600899,-0.6153732090109979,0.6496400294028615,-0.3240927066836421,0.472931749669167,0.5270682503280799,2.753131056465463e-12
1.3478364522342323,-0.304228329585799,-0.6142684035625059,0.6524561267520598,-0.3231415394591868,0.46988054813779523,0.5301194518603531,1.851629960469836e-12
1.3479698745157533,-0.30148911536672707,-0.613156152434986,0.6552420293460403,-0.32218275718282086,0.4668561539534874,0.5331438460474416,9.29034627006331e-13
1.3481032967972744,-0.2987797129610114,-0.612036823922098,0.6579980417134191,-0.32121672806088786,0.46385839071371354,0.5361416092848369,1.4495071809506044e-12
1.3482367190787954,-0.2960998184392961,-0.6109107765697125,0.6607244678549895,-0.320243810509559,0.4608870794087933,0.5391129205919415,7.347455976969286e-13
1.3483701413603164,-0.2934491286051708,-0.6097783593771624,0.6634216110218792,-0.31926435344859855,0.4579420386438379,0.5420579613538175,2.3445689834034056e-12
1.3485035636418374,-0.2908273410774719,-0.608639912016365,0.6660897736635514,-0.31827869643520046,0.45502308481748077,0.5449769151836515,1.1324274851176597e-12
1.3486369859233585,-0.28823415437675787,-0.6074957649991538,0.6687292573169902,-0.31728716987802386,0.45213003224119186,0.5478699677609393,2.1311841180704505e-12
1.3487704082048795,-0.2856692681475565,-0.6063462399327534,0.6713403623940544,-0.3162900952866045,0.4492626934445487,0.5507373065557897,3.383959779057477e-13
1.3489038304864005,-0.28313238314874317,-0.6051916496618983,0.6739233882064289,-0.31528778539544666,0.4464208792079766,0.5535791207911985,8.248957072964913e-13
1.348986812187358,-0.2815685649517127,-0.6044711344255699,0.6755158642476783,-0.3146618947843168,0.4446662091227021,0.5553337908795442,2.2462032234216167e-12
1.3490372527679215,-0.28062320144666997,-0.6040322985096954,0.6764786327416847,-0.31428054442908504,0.44360439883308417,0.5563956011627011,4.214628646082019e-12
1.3491706750494425,-0.27814142646617784,-0.602868482444038,0.6790063926407552,-0.3132686682585793,0.4408130602410176,0.5591869397595152,5.326850072151501e-13
1.3493040973309633,-0.2756867630587199,-0.6017004892532896,0.681506963112114,-0.31225244455779316,0.43804667009344284,0.561953329902614,3.943068094258706e-12
1.3494375196124844,-0.273258917668496,-0.6005285987845994,0.6839806377719638,-0.31123215307508023,0.43530503404355214,0.5646949659546925,1.755373624234835e-12
1.3495709418940054,-0.2708575983276717,-0.5993530830647833,0.6864277086499248,-0.31020806573376314,0.4325879567510955,0.5674120432486688,2.3570034812792073e-13
1.3497043641755264,-0.2684825147652843,-0.5981742065099452,0.6888484660736061,-0.30918044685399226,0.42989524206849367,0.5701047579287943,2.7120528045543324e-12
1.3498377864570474,-0.26613337849414237,-0.5969922261142575,0.6912431985999459,-0.30814955330676624,0.4272266931895632,0.5727733068138438,3.4070524179696804e-12
1.3499712087385685,-0.2638099028314597,-0.5958073915755386,0.6936121929630364,-0.30711563470878006,0.42458211268799145,0.5754178873095694,2.439159985101469e-12
1.3501046310200895,-0.2615118030250426,-0.5946199455359547,0.6959557339815646,-0.3060789335870564,0.4219613027505903,0.5780386972476079,1.8017809466641665e-12
1.3502380533016105,-0.2592387962626169,-0.5934301236930979,0.6982741045264551,-0.3050396855392445,0.419364065194096,0.580635934806104,2.000621890374532e-13
1.350350159163256,-0.2573481341271133,-0.5924287265884932,0.7002028230134063,-0.30416467319110013,0.4171998582259704,0.5828001417733926,6.370459715299148e-13
1.3503714755831315,-0.2569906017101199,-0.5922381549676418,0.7005675854928778,-0.3039981193795983,0.41679020156680585,0.583209798429653,3.5411673593443993e-12
1.3505048978646526,-0.2547669406383676,-0.591044261711198,0.702836455673962,-0.3029544573560392,0.41423951334396875,0.5857604866562294,1.9806378759312793e-13
1.3506383201461736,-0.2525675363664288,-0.5898486598004743,0.7050809918025146,-0.3019089152433662,0.41171180189462303,0.5882881981046436,7.334133300673784e-13
1.3507717424276946,-0.2503921143939356,-0.5886515588408923,0.707301468446218,-0.3008617025469129,0.4092068686764782,0.5907931313256035,2.0816681711721685e-12
1.3509051647092156,-0.24824040235260017,-0.5874531622734831,0.7094981580332517,-0.2998130225994955,0.4067245152252961,0.5932754847728225,1.8813839375297903e-12
1.3510385869907366,-0.24611213015483144,-0.5862536675962441,0.711671330707594,-0.29876307279735353,0.40426454337939605,0.5957354566184343,2.169597834722481e-12
1.3511720092722577,-0.24400702992542145,-0.5850532664342939,0.7138212544076434,-0.2977120446594143,0.4018267552184623,0.5981732447793908,2.1469492850201277e-12
1.3513054315537787,-0.24192483604820225,-0.5838521447055349,0.7159481948094109,-0.2966601240039317,0.39941095317420233,0.6005890468248822,9.15489906105904e-13
1.3514388538352997,-0.23986528524621178,-0.5826504827833442,0.7180524152487604,-0.2956074911048406,0.3970169401539107,0.6029830598418768,4.212408200032769e-12
1.3515722761168207,-0.23782811655131117,-0.5814484556226404,0.7201341767549806,-0.29455432079643334,0.3946445195682976,0.6053554804304216,1.2807532812075806e-12
1.3517056983983418,-0.23581307135187538,-0.5802462328719864,0.7221937380022989,-0.293500782634833,0.39229349538253616,0.6077065046169927,4.711786516509164e-13
1.3517135061391543,-0.23569583262771915,-0.5801758774390912,0.7223135793856009,-0.2934391227401405,0.39215657428029316,0.6078434257193421,3.647082635893639e-13
1.3518391206798628,-0.23381989338882125,-0.5790439790302184,0.7242313553024735,-0.2924470410179468,0.3899636721955077,0.6100363278034103,1.0820233597996776e-12
1.3519725429613838,-0.2318483288006836,-0.5778418535680446,0.7262472825836996,-0.2913932553035015,0.3876548553026234,0.6123451446965796,7.969180870759374e-13
1.3521059652429048,-0.22989812613641725,-0.5766400110627723,0.7282417713504155,-0.29033957997353976,0.3853668507595102,0.6146331492388022,1.687538997430238e-12
1.3522393875244259,-0.22796903633105903,-0.5754386012964662,0.7302150707317165,-0.28928616470380614,0.38309946538774514,0.6169005346127634,5.084821452783217e-13
1.3523728098059469,-0.22606081274359824,-0.574237769392197,0.7321674274285863,-0.2882331545060183,0.380852506854822,0.6191474931438845,1.2934098236883074e-12
1.352506232087468,-0.22417321117361869,-0.5730376559436556,0.734099085699204,-0.2871806898811734,0.3786257837372913,0.621374216265034,2.325251102774928e-12
1.3526396543689887,-0.22230598985463923,-0.5718383971145703,0.7360102873684157,-0.2861289068770643,0.3764191055398119,0.6235808944628015,2.6134649999676185e-12
1.35277307665051,-0.22045890944848753,-0.5706401247467076,0.7379012718341263,-0.2850779372423999,0.3742322827261545,0.6257677172768028,2.957190048391567e-12
1.3529064989320307,-0.21863173306245084,-0.5694429664777751,0.7397722760519827,-0.2840279085091437,0.37206512677289927,0.6279348732272093,1.0857981180834031e-13
1.3530399212135518,-0.21682422626273093,-0.5682470458743605,0.7416235345093461,-0.28297894413083446,0.36991745023936945,0.6300825497595373,1.0933476346508542e-12
1.3530768531150523,-0.2163273447487317,-0.56791624438471,0.7421325132310576,-0.2826887901641924,0.36932638072207036,0.6306736192791407,1.2110312752611208e-12
1.3531733434950728,-0.21503615703159948,-0.5670524824770339,0.7434552792852275,-0.2819311635589299,0.3677890667142856,0.6322109332827676,2.946864974262553e-12
1.3533067657765938,-0.2132672958257055,-0.5658593919735668,0.7452677399864913,-0.2808846823554324,0.3656797909535038,0.6343202090464846,1.1657341758564144e-14
1.3534401880581148,-0.21151741549579284,-0.5646678862269741,0.7470611438141437,-0.2798396122939907,0.36358943879405886,0.6364105612057479,1.9317880628477724e-13
1.3535736103396359,-0.20978629139377647,-0.5634780734559653,0.7488357154791204,-0.27879606148646036,0.36151782732240084,0.6384821726774883,1.1080025785759062e-13
1.3537070326211569,-0.20807370123607438,-0.5622900582444992,0.7505916773243517,-0.277754134415881,0.3594647747466814,0.6405352252536991,3.8058445284150366e-13
1.353840454902678,-0.20637942518249172,-0.5611039416946874,0.7523292492472234,-0.27671393207189515,0.3574301005239708,0.6425698994755802,4.489741911584133e-13
1.353973877184199,-0.20470324584211202,-0.5599198215191944,0.7540486486968021,-0.2756755520700433,0.35541362538838267,0.6445863746105964,1.020961093445294e-12
1.35410729946572,-0.20304494816937277,-0.5587377920751516,0.7557500907799105,-0.2746390886522347,0.3534151712701186,0.6465848287295731,3.0819791163594346e-13
1.354240721747241,-0.20140431957599697,-0.557557944520841,0.7574337881413888,-0.27360463288848935,0.35143456144217555,0.6485654385562593,1.5651924201165457e-12
1.354374144028762,-0.1997811498175359,-0.5563803668511142,0.7590999510866591,-0.2725722726554671,0.3494716204397972,0.6505283795603345,1.3167245072054357e-13
1.3544402000909506,-0.19898393188465638,-0.5557982260572777,0.7599184265661083,-0.2720619630269385,0.3485062732366943,0.651493726760781,2.524647157997606e-12
1.354507566310283,-0.19817523104656828,-0.555205144009321,0.7607487875160371,-0.2715420927925627,0.34752617413477155,0.6524738258652855,5.706546346573305e-14
1.354640988591804,-0.19658635778639097,-0.554032357951531,0.7623805029704428,-0.2705141751639771,0.3455980497250523,0.6544019502741121,8.355538483328928e-13
1.354774410873325,-0.19501432687959044,-0.5528620877283807,0.7639953006614078,-0.26948859870071284,0.3436870757356836,0.6563129242623887,1.9276802376566593e-12
1.354907833154846,-0.19345893754231017,-0.5516944095776202,0.7655933814348519,-0.2684654395397336,0.3417930820741984,0.6582069179241131,1.688427175849938e-12
1.355041255436367,-0.19191999129262224,-0.550529396978636,0.7671749438264643,-0.2674447710660693,0.3399158999954208,0.6600841000057209,1.141753358524511e-12
1.3551746777178881,-0.19039729195636748,-0.5493671207304615,0.7687401840723442,-0.2664266639596106,0.33805536212399556,0.661944637876229,2.2470914018413168e-13
1.3553080999994092,-0.1888906456538848,-0.5482076490337168,0.7702892961075108,-0.2654111863228322,0.33621130247461617,0.6637886975230978,2.28606023000566e-12
1.3554415222809302,-0.18739986080666113,-0.5470510475734476,0.7718224715715855,-0.2643984037333151,0.3343835564815624,0.6656164435195959,1.1584067038938883e-12
1.3555749445624512,-0.18592474806546092,-0.5458973795405516,0.7733398998659338,-0.26338837928281067,0.33257196093244623,0.6674280390658782,1.6755485887642863e-12
1.3557083668439722,-0.18446512033327758,-0.5447467057406018,0.7748417681530332,-0.2623811736627812,0.33077635403480843,0.6692236459671776,1.98596694644948e-12
1.3558035470668486,-0.1834332185232442,-0.5439277052437232,0.7759037575426388,-0.26166441263650525,0.32950509418949897,0.6704949058091935,1.3076206784035094e-12
1.3558417891254932,-0.18302079276333458,-0.5435990846556629,0.7763282613312306,-0.26137684525817156,0.32899657542219407,0.6710034245786856,8.79740724712974e-13
1.355975211407014,-0.18159158267894548,-0.5424545724754358,0.7777995621370052,-0.26037545014870883,0.32723246609935225,0.6727675339006597,1.199040866595169e-14
1.3561086336885353,-0.180177309626364,-0.5413132232009492,0.779255851080361,-0.25937704223463204,0.3254838685163953,0.6745161314813636,2.241096197508341e-12
1.356242055970056,-0.17877779532126434,-0.5401750886881503,0.7806973065046383,-0.25838167326209904,0.3237506265391829,0.6762493734613193,5.022648963404208e-13
1.3563754782515771,-0.1773928636242094,-0.5390402186860648,0.7821241046053947,-0.25738939288018914,0.32203258542591795,0.6779674145720226,2.0594637106796654e-12
1.3565089005330981,-0.1760223405352705,-0.5379086609257153,0.7835364194434903,-0.2564002487089459,0.320329591866411,0.6796704081323345,1.2545520178264269e-12
1.3566423228146192,-0.17466605417639786,-0.5367804611645347,0.7849344229501527,-0.25541428640281283,0.3186414939695629,0.6813585060307474,3.1041835768519377e-13
1.3567757450961402,-0.17332383476856408,-0.5356556632381863,0.786318284962091,-0.25443154969298937,0.31696814125802164,0.6830318587449004,2.922107000813412e-12
1.3569091673776612,-0.1719955145933838,-0.5345343090957957,0.787688173256856,-0.2534520804220413,0.3153093846407626,0.6846906153589837,2.537969834293108e-13
1.3570425896591822,-0.17068092801861365,-0.5334164389048015,0.7890442535217899,-0.2524759186563157,0.313665076483175,0.686334923517109,2.8399504969911504e-13
1.3571668940427468,-0.16946839246975523,-0.5323781311725897,0.790295380214954,-0.25156947631468246,0.3121460105971021,0.6878539894023423,5.555556015224283e-13
1.3571760119407033,-0.16937991142573788,-0.5323020910396595,0.7903866894330698,-0.2515031026551924,0.31203507051978474,0.6879649294781564,2.058908599167353e-12
1.3573094342222243,-0.16809230324236016,-0.5311913021844695,0.7917156426192751,-0.2505336690056259,0.310419221925754,0.6895807780734722,7.738254481637341e-13
1.3574428565037453,-0.1668179438743566,-0.5300841073311803,0.793031272732977,-0.2495676525960771,0.30881738724356217,0.6911826127548015,1.6362466936925557e-12
1.3575762787852663,-0.1655566757173043,-0.5289805398735403,0.7943337374342948,-0.2486050867043731,0.3072294244394669,0.6927705755616239,1.0906830993917538e-12
1.3577097010667873,-0.16430834311610268,-0.5278806316056032,0.795623192435378,-0.2476460030279589,0.30565519284188936,0.6943448071567864,1.3242740237728867e-12
1.3578431233483084,-0.16307279236613578,-0.526784412817813,0.7968997914959666,-0.24669043174886573,0.30409455319789686,0.6959054468027568,6.536993168992922e-13
1.3579765456298294,-0.16184987166676998,-0.5256919122858478,0.7981636864770547,-0.24573840153492718,0.30254736760130135,0.6974526323995831,8.844036614163997e-13
1.3581099679113504,-0.16063943113052562,-0.5246031573642245,0.7994150273174762,-0.24478993963836926,0.30101349955045215,0.6989865004491576,3.9035441545820504e-13
1.3582433901928714,-0.15944132274278813,-0.5235181739962464,0.80065396209118,-0.24384507189060306,0.2994928139023342,0.7005071860976382,2.7644553313166398e-14
1.3583768124743925,-0.15825540034876226,-0.5224369867583556,0.8018806370094225,-0.24290382277229708,0.29798517687269727,0.7020148231280328,7.300826609935029e-13
1.3585102347559135,-0.1570815196196917,-0.5213596189005645,0.8030951964550685,-0.24196621542064026,0.29649045602617335,0.7035095439741927,3.6615155352137663e-13
1.3585302410186448,-0.1569065291437242,-0.5211984015500976,0.8032762802193097,-0.24182593940580405,0.2962674326663071,0.7037325673324705,1.2223555501122974e-12
1.3586436570374345,-0.15591953805252157,-0.5202860923883463,0.804297782989482,-0.241032271693278,0.2950085202792465,0.704991479719418,1.3354872763216008e-12
1.3587770793189555,-0.15476931495750665,-0.5192164279567641,0.8054885373566767,-0.24010201222604033,0.29353923991259756,0.706460760087992,5.895284260759581e-13
1.3589105016004766,-0.1536307113807647,-0.5181506450870653,0.8066675985681324,-0.23917545638737323,0.29208248648350177,0.7079175135177858,1.2874146193553315e-12
1.3590439238819976,-0.15250359016182977,-0.5170887621133504,0.8078351038405756,-0.23825262241191517,0.29063813291616447,0.7093618670832683,5.672129432809925e-13
1.3591773461635186,-0.15138781586217834,-0.5160307962250282,0.8089911886654041,-0.23733352737413582,0.28920605344415745,0.7107939465541132,1.7292833831561438e-12
1.3593107684450394,-0.15028325476301924,-0.5149767634916064,0.8101359868188305,-0.2364181872504702,0.2877861235984564,0.7122138764017185,1.7497114868092467e-13
1.3594441907265606,-0.14918977483728882,-0.5139266789026921,0.8112696303846136,-0.23550661691281496,0.2863782202039516,0.7136217797941069,1.9415580254644738e-12
1.3595776130080814,-0.14810724573524647,-0.5128805564075974,0.8123922497689159,-0.23459883020949654,0.2849822213802474,0.7150177786202648,5.122569035620472e-13
1.3597110352896027,-0.14703553877518546,-0.5118384089451053,0.8135039737061339,-0.23369483997138696,0.2835980065343659,0.7164019934649223,7.118750033896504e-13
1.3598444575711235,-0.14597452689310103,-0.5108002484553006,0.8146049293169416,-0.2327946580329691,0.2822254563236614,0.7177745436761465,1.9206858326015208e-13
1.359893587994543,-0.14558649705747678,-0.5104189705903494,0.8150076492915275,-0.23246414332550502,0.2817229536639787,0.7182770463357624,2.589040093425865e-13
1.3599778798526445,-0.1449240846583749,-0.5097660859313136,0.8156952420882715,-0.2318982952826615,0.28086445267979915,0.7191355473204482,2.473576898864849e-13
1.3601113021341655,-0.14388408822948476,-0.5087359314410319,0.8167750359131688,-0.23100576167364928,0.2795148787848045,0.7204851212173811,2.185585046277083e-12
1.3602447244156866,-0.14285441534709598,-0.5077097941312188,0.8178444331131962,-0.23011706625780895,0.2781766190409251,0.7218233809573462,1.7286172493413687e-12
1.3603781466972076,-0.1418349453231382,-0.5066876823198613,0.8189035544242886,-0.2292322172381924,0.2768495591294903,0.7231504408686715,1.8381962618718717e-12
1.3605115689787286,-0.140825558989921,-0.5056696034372566,0.8199525190721916,-0.2283512219433358,0.27553358590521615,0.7244664140958472,1.063371612985975e-12
1.3606449912602496,-0.13982613871398575,-0.5046555641025302,0.8209914447466651,-0.22747408688672197,0.2742285874473058,0.7257714125521643,5.299094496535872e-13
1.3607784135417706,-0.13883656836409525,-0.5036455701494399,0.8220204476334063,-0.22660081779334046,0.2729344530462725,0.7270655469520362,1.6913137557139635e-12
1.3609118358232917,-0.1378567332811698,-0.5026396266289936,0.8230396424445899,-0.22573141960288307,0.27165107316868975,0.7283489268312514,5.88418203051333e-14
1.3610452581048127,-0.13688652030021425,-0.5016377378623835,0.8240491423995583,-0.22486589653324707,0.2703783394875903,0.7296216605131486,7.389644451905042e-13
1.3611786803863337,-0.1359258176769403,-0.5006399074188926,0.8250490592997486,-0.22400425205522206,0.26911614481154217,0.7308838551902195,1.7617018954751984e-12
1.3612569349704413,-0.13536672867804633,-0.5000565511532946,0.8256311143809911,-0.22350068765542033,0.26838070558432336,0.7316192944164429,7.66275931596283e-13
1.3613121026678547,-0.13497451510274303,-0.4996461381807788,0.8260395035065164,-0.22314648893072445,0.2678643831261865,0.7321356168754021,1.588507103633674e-12
1.3614455249493758,-0.13403250368036243,-0.4986564323394788,0.8270205839732183,-0.22229260925087047,0.2666229495563635,0.7333770504429632,6.732392421326949e-13
1.3615789472308968,-0.13309967592398253,-0.4976707914542037,0.8279924082378338,-0.22144261446912544,0.2653917403977227,0.7346082596024094,1.3211653993039363e-13
1.3617123695124178,-0.13217592570200293,-0.496689216409195,0.8289550824899786,-0.2205965053664741,0.2641706530323615,0.7358293469658681,1.7703616350672746e-12
1.3618457917939388,-0.13126114824401997,-0.4957117074956505,0.8299087115517081,-0.21975428211207276,0.26295958598659197,0.7370404140160087,2.6005864128819667e-12
1.3619792140754599,-0.13035524013526947,-0.4947382643929869,0.830853398889238,-0.2189159442958552,0.26175843888530875,0.7382415611127454,1.9457768729580494e-12
1.3621126363569809,-0.12945809926475502,-0.4937688862006436,0.8317892466727884,-0.21808149090273457,0.26056711244506725,0.7394328875548443,8.848477506262498e-14
1.362246058638502,-0.12856962485052012,-0.4928035714696476,0.8327163557362868,-0.217250920371728,0.25938550848744363,0.7406144915130848,5.284661597215745e-13
1.362379480920023,-0.12768971737141285,-0.4918423181776531,0.8336348256550217,-0.21642423058064572,0.258213529872759,0.7417864701273029,6.195044477408373e-14
1.362512903201544,-0.12681827861117667,-0.49088512381290617,0.8345447546981491,-0.2156014189043456,0.2570510805707143,0.742948919427761,1.52478030202019e-12
1.3626202819463393,-0.1261230260558665,-0.4901177160326874,0.8352709320080015,-0.2149420314248925,0.25612239327058683,0.7438776067305748,1.1617373729677638e-12
1.362646325483065,-0.1259552115973264,-0.48993198533935395,0.835446239891806,-0.21478248220797094,0.2558980655870883,0.7441019344127743,1.3744561044859438e-13
1.362779747764586,-0.12510042058481805,-0.48898289921173166,0.8363393770354567,-0.2139674168325456,0.2547543909520089,0.7452456090460483,1.9427792707915614e-12
1.3629131700461068,-0.12425381108193054,-0.488037861443303,0.8372242606774858,-0.2131562186844176,0.2536199637705367,0.7463800362308018,1.3384848784880887e-12
1.363046592327628,-0.12341528976490049,-0.4870968675397342,0.838100984190058,-0.21234888316510428,0.2524946921147757,0.7475053078818109,3.4133806892100438e-12
1.3631800146091488,-0.12258476454630725,-0.4861599126190118,0.8389696397173959,-0.21154540527909677,0.2513784851365987,0.7486215148622344,1.1668443988810395e-12
1.3633134368906699,-0.12176214448178466,-0.4852269913188372,0.8398303182557944,-0.210745779564894,0.25027125293313396,0.7497287470660436,8.22453216642316e-13
1.3634468591721909,-0.12094733981062462,-0.4842980978958091,0.8406831096190307,-0.20995000016153312,0.24917290663276542,0.750827093366551,6.836753385641714e-13
1.363580281453712,-0.12014026190968183,-0.483373226186235,0.8415281024854109,-0.2091580608101825,0.24808335832541611,0.751916641674572,1.199040866595169e-14
1.363713703735233,-0.11934082327595852,-0.4824523696386722,0.8423653844088355,-0.2083699548415287,0.24700252107015352,0.7529974789309057,1.0591527654923993e-12
1.363847126016754,-0.1185489375431848,-0.48153552133871785,0.8431950418095538,-0.20758567523912053,0.2459303089035687,0.7540696910966969,2.6556534749033744e-13
1.363980548298275,-0.11776451942640483,-0.4806226739988221,0.8440171600248175,-0.20680521460221135,0.2448666367975101,0.7551333632030252,5.353495424742505e-13
1.3639836289222376,-0.11774649530800074,-0.4806016442094631,0.8440360537664429,-0.20678723937347795,0.24484217757415636,0.7551578224253338,5.098144129078719e-13
1.364113970579796,-0.11698748474563714,-0.4797138199909943,0.8448318232904766,-0.20602856519878882,0.2438114206774627,0.7561885793221825,3.5482727867020003e-13
1.364247392861317,-0.11621775037408988,-0.4788089513440592,0.8456391147813869,-0.20525571894840083,0.24276457738921187,0.7572354226092725,1.5156764732182637e-12
1.364380815142838,-0.1154552342666095,-0.4779080597777657,0.8464391165988133,-0.20448666746726524,0.24172602472010615,0.7582739752804473,5.53335155473178e-13
1.364514237424359,-0.11469985539924876,-0.47701113667653133,0.8472319098191315,-0.20372140202532582,0.24069568134204497,0.7593043186589374,9.823253321883385e-13
1.36464765970588,-0.11395153378572874,-0.4761181731320836,0.8480175744796831,-0.20295991361367433,0.23967346683875285,0.7603265331604752,7.720490913243339e-13
1.3647810819874011,-0.11321019045900811,-0.47522915995464904,0.8487961896001945,-0.20220219292759203,0.2386593016949663,0.7613406983045365,4.971578704271451e-13
1.3649145042689221,-0.112475747455758,-0.4743440876671707,0.8495678331972035,-0.20144823038464738,0.2376531072705319,0.7623468927284973,9.707790127322369e-13
1.3650479265504432,-0.11174812779214983,-0.47346294651841603,0.8503325823071856,-0.20069801612262064,0.23665480579095116,0.763345194208762,2.8688162956314045e-13
1.3651813488319642,-0.11102725546846966,-0.47258572650178426,0.8510905129834337,-0.19995154003221915,0.2356643203500801,0.7643356796516603,1.7403856134023954e-12
1.3653147711134852,-0.11031305545006966,-0.4717124173677312,0.8518417003084773,-0.19920879175637823,0.23468157490163877,0.7653184250974735,8.877343304902752e-13
1.3653469758981356,-0.11014165684136029,-0.4715022072509469,0.852022016086566,-0.19903006830721381,0.23444551601427485,0.7655544839865908,8.65529869997772e-13
1.3654481933950062,-0.10960545364753747,-0.47084300862431044,0.8525862184274736,-0.19846976069087655,0.23370649423967496,0.7662935057611535,8.284484209752918e-13
1.3655816156765272,-0.10890437690158392,-0.46997748953615054,0.8533241405489106,-0.19773443599000112,0.23273900397902478,0.7672609960198208,1.1544099010052378e-12
1.3657150379580483,-0.10820975299366424,-0.4691158491671724,0.8540555389457972,-0.19700280661114491,0.23177903058278712,0.7682209694166645,5.483391518623648e-13
1.3658484602395693,-0.10752151060353979,-0.46825807635083316,0.8547804849890185,-0.1962748612834726,0.23082650131024982,0.769173498689908,1.5787371410169726e-13
1.3659818825210903,-0.10683957931709495,-0.4674041597236234,0.8554990491454373,-0.19555058853118562,0.2298813442356004,0.7701186557636405,7.59170504238682e-13
1.3661153048026113,-0.10616388960194965,-0.4665540877262177,0.8562113009963888,-0.19482997668611404,0.22894348822945818,0.7710565117694406,1.1012302181256928e-12
1.3662487270841321,-0.10549437281589574,-0.4657078486191013,0.8569173092395702,-0.19411301389962016,0.22801286296125098,0.7719871370395794,8.304468224196171e-13
1.3663821493656534,-0.10483096116060697,-0.46486543046323586,0.857617141720255,-0.1933996881312931,0.22708939885762625,0.7729106011417016,6.721290191080698e-13
1.3665155716471742,-0.10417358770502064,-0.46402682116717925,0.8583108654251669,-0.19268998717053112,0.22617302713785295,0.7738269728626784,5.313527395855999e-13
1.3666489939286952,-0.10352218634862309,-0.46319200845762076,0.8589985465032584,-0.19198389864391102,0.22526367976540362,0.7747363202332258,1.3705703238997557e-12
1.3667103228740338,-0.10322474841687855,-0.4628095483284013,0.8593126371425055,-0.19166054611678698,0.22484802670966672,0.7751519732905924,2.5912605394751154e-13
1.3667824162102162,-0.10287669183395279,-0.4623609799263051,0.8596802502658363,-0.19128141002678775,0.22436128948111117,0.7756387105189669,7.815970093361102e-14
1.3669158384917373,-0.10223703970343448,-0.46153372298764134,0.8603560412193317,-0.19058250863084972,0.2234657897421545,0.7765342102586281,7.827072323607354e-13
1.3670492607732583,-0.10160316631843402,-0.4607102249263813,0.8610259830531726,-0.18988718163486867,0.22257711475764824,0.7774228852419158,4.3587355946783646e-13
1.3671826830547793,-0.10097500883328538,-0.4598904728934742,0.8616901386644658,-0.1891954160646057,0.22169519946706534,0.7783048005314455,1.489253165232185e-12
1.3673161053363003,-0.10035250519541085,-0.45907445390379004,0.8623485701593986,-0.18850719884461298,0.22081997952605806,0.7791800204722017,1.7402745910999329e-12
1.3674495276178213,-0.09973559411544623,-0.4582621548499567,0.8630013388748766,-0.18782251675177203,0.2199513913012868,0.7800486086987994,8.615330671091215e-14
1.3675829498993424,-0.09912421506713598,-0.4574535624945571,0.8636485053885911,-0.1871413564341014,0.21908937185163754,0.7809106281479428,4.1966430330830917e-13
1.3677163721808634,-0.09851830829555407,-0.4566486635089569,0.8642901295076657,-0.18646370446303612,0.2182338589539344,0.7817661410464563,3.9057646006313007e-13
1.3678497944623844,-0.09791781477080244,-0.45584744444051695,0.8649262703099185,-0.1857895472737353,0.21738479105243938,0.7826152089484057,8.451017663446692e-13
1.3679832167439054,-0.09732267620035785,-0.45504989173403354,0.8655569861413925,-0.18511887119453296,0.21654210726995535,0.7834578927305089,4.642952688982405e-13
1.3680736698499318,-0.09692222089960653,-0.4545112724760036,0.8659815211044581,-0.18466616202058828,0.21597441371186812,0.7840255862898051,1.673328142715036e-12
1.3681166390254265,-0.09673283502639773,-0.45425599175766657,0.8661823346069293,-0.1844516624899729,0.21570574741998552,0.7842942525804252,4.107825191113079e-13
1.3682500613069475,-0.0961482343916338,-0.45346573076463087,0.8668023726155802,-0.18378790730955702,0.21487565195452926,0.7851243480452255,2.452482661396971e-13
1.3683834835884685,-0.09556881815624628,-0.45267909494081104,0.8674171563590979,-0.18312759172745516,0.21405176200021353,0.785948237998001,1.7854606682021767e-12
1.3685169058699895,-0.09499453086006285,-0.4518960703840201,0.8680267413453716,-0.18247070172279392,0.21323401932184266,0.7867659806778735,2.8377300509419e-13
1.3686503281515106,-0.0944253177434112,-0.4511166431187834,0.868631182385532,-0.1818172232168032,0.21242236632970402,0.7875776336707563,4.602984660095899e-13
1.3687837504330316,-0.0938611247101484,-0.45034079909042257,0.8692305336247329,-0.18116714204538648,0.2116167460572544,0.7883832539424309,3.1463720517876936e-13
1.3689171727145526,-0.0933018983361668,-0.4495685241820929,0.869824848537319,-0.18052044398641526,0.21081710216839744,0.7891828978300226,1.5799583863440603e-12
1.3690505949960736,-0.09274758586381532,-0.4487998042312264,0.8704141799301518,-0.17987711475839757,0.21002337896155296,0.7899766210372843,1.1627365736899264e-12
1.3691840172775946,-0.09219813517072661,-0.4480346249889726,0.8709985799758192,-0.17923714001557697,0.20923552131796883,0.7907644786808571,1.174060848541103e-12
1.3693174395591157,-0.0916534947826599,-0.4472729721700754,0.8715781002001896,-0.1786005053507468,0.20845347473972808,0.791546525260114,1.5787371410169726e-13
1.36943701682583,-0.0911694165861008,-0.4465933395812223,0.8720933797742182,-0.1780327595504318,0.207757473478959,0.7922425265191606,1.8803847368076276e-12
1.3694508618406367,-0.09111361384852452,-0.4465148314300671,0.87215279149932,-0.1779671963095338,0.20767718531555926,0.7923228146823325,2.1083135237631723e-12
1.3695842841221575,-0.09057844215876704,-0.4457601883977583,0.8727227041360227,-0.177337198417005,0.20690659974431397,0.7930934002568838,1.1977085989656189e-12
1.3697177064036787,-0.09004793009895125,-0.44500902862711533,0.8732878877717928,-0.17671049712816678,0.20614166527475442,0.7938583347242033,1.042277375518097e-12
1.3698511286851995,-0.08952202866685555,-0.44426133766400505,0.8738483914580599,-0.17608707785090205,0.2053823297596405,0.7946176702399084,4.511946372076636e-13
1.3699845509667206,-0.0890006894726303,-0.44351710100839037,0.8744042636369449,-0.1754669259995551,0.20462854161349028,0.7953714583862012,3.08530978543331e-13
1.3701179732482416,-0.0884838646910415,-0.44277630411913654,0.8749555521792126,-0.17485002690788656,0.20388024980006467,0.7961197501989196,1.0157430452295557e-12
1.3702513955297626,-0.08797150710183041,-0.44203893244218406,0.8755023043558758,-0.17423636592327038,0.20313740385639315,0.7968625961425966,1.0103029524088925e-12
1.3703848178112836,-0.08746357004458173,-0.4413049713858617,0.8760445668755712,-0.17362592833947119,0.20239995385481965,0.7976000461439504,1.2299050666797484e-12
1.3705182400928047,-0.08696000743561696,-0.44057440635213674,0.8765823858703738,-0.17301869944055354,0.20166785042574017,0.7983321495742973,3.752553823233029e-14
1.3706516623743257,-0.08646077374762547,-0.4398472227086232,0.8771158069189305,-0.1724146644964096,0.20094104472152732,0.7990589552804562,1.9835244557953047e-12
1.3707850846558467,-0.08596582399601557,-0.439123405808114,0.8776448750501948,-0.17181380874243962,0.20021948842383144,0.7997805115764556,2.871036741680655e-13
1.370800363801728,-0.08590941511987187,-0.4390407305203612,0.8777051866686874,-0.1717452026484264,0.20013719066209087,0.7998628093378646,4.451994328746878e-14
1.3709185069373677,-0.08547511375876322,-0.4384029410067932,0.8781696347377297,-0.17121611743029844,0.19950313375547926,0.8004968662433034,1.2173595465014841e-12
1.3710519292188887,-0.08498859912866032,-0.4376858136291592,0.8786901299370838,-0.17062157576457687,0.1987919334340712,0.8012080665652365,6.923350781562476e-13
1.3711853515004098,-0.08450623674684582,-0.4369720090098593,0.8792064040544292,-0.1700301689759405,0.19808584070722648,0.8019141592923072,4.662936703425657e-13
1.3713187737819308,-0.08402798376321172,-0.4362615124665017,0.8797184999867546,-0.16944188226685555,0.19738480931487018,0.8026151906850804,4.951594689828198e-14
1.3714521960634518,-0.08355379785464478,-0.4355543093212209,0.8802264601074975,-0.16885670085193713,0.19668879350422058,0.8033112064959763,1.9695356456850277e-13
1.3715856183449728,-0.08308363720350552,-0.43485038489298933,0.8807303262831384,-0.1682746099460921,0.19599774801254474,0.8040022519873127,1.425526363618701e-13
1.3717190406264939,-0.082617460486105,-0.4341497245039095,0.8812301398838324,-0.16769559475056747,0.19531162806399358,0.8046883719384251,2.418731881448366e-12
1.3718524629080149,-0.0821552268853441,-0.43345231348046204,0.8817259417741127,-0.1671196404861605,0.19463038936614707,0.8053696106336695,1.8340884366807586e-13
1.371985885189536,-0.08169689606369328,-0.43275813715826345,0.8822177723397536,-0.1665467323739034,0.19395398810313222,0.8060460118965419,3.2585045772748344e-13
1.372119307471057,-0.08124242817013251,-0.43206718087863305,0.8827056714792572,-0.1659768556454583,0.19328238092738853,0.8067176190715997,1.0118572646433677e-12
1.3721637107776263,-0.08109202990732653,-0.431837940320162,0.8828671805711952,-0.1657878688434826,0.19305992401445046,0.8069400759853951,1.5443202272535927e-13
1.372252729752578,-0.08079178382963616,-0.4313794299946446,0.8831896786175639,-0.16540999554766864,0.19261552495687914,0.8073844750436757,5.548894677076532e-13
1.372386152034099,-0.08034492413220756,-0.43069486987195194,0.8836698327092072,-0.1648461373301282,0.1919533777678278,0.8080466222329818,8.095746295566641e-13
1.37251957431562,-0.07990181064145285,-0.4300134858985757,0.8841461722391692,-0.16428526627692658,0.19129589739842714,0.8087041026008553,7.175371408152387e-13
1.372652996597141,-0.07946240536201205,-0.42933526346731843,0.8846187352500243,-0.16372736766053078,0.19064304232246845,0.8093569576763996,1.1319833959078096e-12
1.372786418878662,-0.07902667076274325,-0.42866018800263783,0.8850875593204784,-0.16317242679453953,0.18999477147029986,0.8100052285299009,2.007283228522283e-13
1.3729198411601828,-0.07859456975228704,-0.42798824493735643,0.8855526815886378,-0.1626204290099422,0.1893510441991057,0.8106489558002049,6.894484982922222e-13
1.373053263441704,-0.07816606567417114,-0.4273194197327864,0.8860141387585534,-0.1620713596426785,0.18871182030374417,0.8112881796964877,2.318145675417327e-13
1.3731866857232249,-0.07774112231315669,-0.4266536978730695,0.8864719670916447,-0.1615252040802448,0.1880770600072737,0.8119229399924947,2.3159252293680765e-13
1.373320108004746,-0.07731970387594103,-0.42599106486783345,0.8869262024280569,-0.16098194771518823,0.18744672395469392,0.8125532760436301,1.6759926779741363e-12
1.373453530286267,-0.07690177499326645,-0.4253315062549506,0.8873768801863073,-0.1604415759720884,0.1868207732102201,0.8131792267895914,1.8851586958135158e-13
1.3735270577535243,-0.07667293793824104,-0.4249693399054198,0.8876237357071777,-0.16014501096823877,0.18647767927172962,0.813522320728783,5.127009927718973e-13
1.373586952567788,-0.07648730070958036,-0.42467500759902677,0.8878240353644845,-0.15990407430575573,0.18619916924907123,0.8138008307504582,4.706235401386039e-13
1.373720374849309,-0.07607624648258202,-0.4240215544957544,0.888267702554708,-0.15936942819604683,0.1855818739558746,0.8144181260453542,1.2287948436551233e-12
1.37385379713083,-0.07566857817398732,-0.4233711325687181,0.888707915939234,-0.1588376231606454,0.18496884961539195,0.8150311503843798,2.282618538629322e-13
1.373987219412351,-0.07526426204536288,-0.42272372747640824,0.8891447093070187,-0.15830864474252657,0.18436005891278168,0.8156399410888783,1.660005466419534e-12
1.374120641693872,-0.07486326474927385,-0.4220793249019868,0.8895781160487598,-0.1577824785228016,0.18375546491863678,0.8162445350816593,2.9598545836506673e-13
1.374254063975393,-0.07446555333668622,-0.42143791059245744,0.890008169157393,-0.15725911011849109,0.183155031118275,0.8168449688821543,4.292122213200855e-13
1.374387486256914,-0.07407109523875217,-0.4207994702976233,0.8904349012531347,-0.15673852518849443,0.18255872135262868,0.8174412786479442,5.728750807065808e-13
1.3745209085384351,-0.07367985825908477,-0.42016398981855424,0.8908583445752493,-0.15622070940648394,0.18196649985332503,0.8180335001468189,1.438849039914203e-13
1.3746543308199561,-0.0732918105824228,-0.4195314549970303,0.8912785309837467,-0.15570564850576096,0.18137833123037503,0.818621668769145,4.799494135454552e-13
1.3747877531014772,-0.07290692076656624,-0.418901851711868,0.8916954919715393,-0.1551933282568896,0.18079418046329426,0.8192058195378163,1.1106671138350066e-12
1.3748904047294226,-0.07261292643716552,-0.41841943786002456,0.8920141150655602,-0.15480101892324674,0.18034746306486815,0.8196525369358698,7.380762667708041e-13
1.3749211753829982,-0.07252515772652067,-0.4182751658807497,0.8921092586647553,-0.1546837344691362,0.18021401289582537,0.8197859871046975,5.229150445984487e-13
1.3750545976645192,-0.07214649073490581,-0.41765138345885205,0.8925198618386206,-0.1541768529757927,0.17963779423045492,0.8203622057699498,4.0478731477833207e-13
1.3751880199460402,-0.07177088942900457,-0.4170304904592694,0.8929273318995713,-0.15367266967616433,0.17906549054212917,0.8209345094586867,8.15791878494565e-13
1.3753214422275613,-0.07139832379030114,-0.41641247291713934,0.8933316989133259,-0.15317117050771517,0.17849706824103195,0.8215029317580727,8.953948693601887e-13
1.3754548645090823,-0.07102876414598988,-0.41579731692972444,0.8937329925976413,-0.1526723414384311,0.17793249410206438,0.8220675058978286,1.0702549957386509e-13
1.3755882867906033,-0.07066218116899405,-0.4151850086274846,0.8941312423250397,-0.152176168505724,0.17737173523656413,0.8226282647628013,6.346034808757395e-13
1.3757217090721243,-0.0702985458639239,-0.41457553419735027,0.8945264771341684,-0.15168263776465193,0.1768147591056006,0.8231852408933086,1.0907941216942163e-12
1.3758551313536453,-0.06993782957277943,-0.4139688798619435,0.8949187257324144,-0.1511917353347978,0.17626153349950333,0.8237384665000757,4.2099657093785936e-13
1.3759885536351664,-0.06958000395920325,-0.4133650318920625,0.89530801649691,-0.1507034473832869,0.1757120265420886,0.8242879734568384,1.0730305533002138e-12
1.3761219759166874,-0.06922504101752652,-0.41276397662062947,0.8956943774807207,-0.15021776010358862,0.1751662066995538,0.8248337933011151,6.687983500341943e-13
1.3762537517053206,-0.06887724131455832,-0.4121730665342423,0.8960731219288202,-0.1497406057463546,0.17463071114734482,0.8253692888525475,1.0769163338864018e-13
1.3762553981982084,-0.06887291305769942,-0.4121657004094568,0.8960778364163293,-0.1497346597724494,0.17462404274707158,0.8253759572537409,8.124612094206896e-13
1.3763888204797294,-0.06852359270881293,-0.4115701896821312,0.8964584207215806,-0.14925413268848226,0.17408550379270876,0.8259144962072213,6.994405055138486e-14
1.3765222427612502,-0.06817705290620123,-0.4109774309084327,0.8968361575035376,-0.14877616521092862,0.17355055925907056,0.8264494407405798,3.496092304544618e-13
1.3766556650427715,-0.0678332668998256,-0.41038741061219736,0.8972110735592196,-0.14830074374702695,0.17301917888728724,0.8269808211132088,4.960476474025199e-13
1.3767890873242923,-0.06749220823977774,-0.40980011535983407,0.8975831953825915,-0.14782785476149918,0.17249133272201483,0.8275086672766102,1.3749001936957939e-12
1.3769225096058133,-0.06715385076842895,-0.40921553177883446,0.897952549173416,-0.14735748475110175,0.17196699112206273,0.8280330088792074,1.270095140171179e-12
1.3770559318873343,-0.06681816864282836,-0.4086336465456095,0.898319160820829,-0.1468896202994423,0.17144612474994358,0.8285538752495528,5.03597163969971e-13
1.3771893541688554,-0.06648513628926785,-0.4080544463849851,0.8986830559412017,-0.14642424800084233,0.17092870456195927,0.8290712954384293,3.885780586188048e-13
1.3773227764503764,-0.06615472843929629,-0.4074779180786187,0.899044259847437,-0.14596135453579848,0.17041470181656254,0.8295852981825508,8.8662410746565e-13
1.3774561987318974,-0.06582692009864728,-0.4069040484547689,0.8994027975811022,-0.14550092661190678,0.16990408805855461,0.8300959119416366,1.9118040484045196e-13
1.3775896210134184,-0.06550168656314849,-0.4063328244142236,0.8997586938851296,-0.14504295101744302,0.16939683513905723,0.8306031648617226,7.7982065249671e-13
1.3776170986812188,-0.06543502380551237,-0.40621551094278197,0.8998316632202923,-0.14494893650748303,0.1692927836709334,0.8307072163284479,6.187272916235997e-13
1.3777230432949394,-0.06517900339996506,-0.40576423289012475,0.900111973237906,-0.14458741458397448,0.16889291517712401,0.8311070848223152,5.607736497381666e-13
1.3778564655764605,-0.0648588464474435,-0.4051982608836847,0.9004626598445861,-0.14413430417620152,0.16839230058565566,0.8316076994147444,4.001243780749064e-13
1.3779898878579815,-0.06454119182520783,-0.40463489544567066,0.9008107776303981,-0.14368360675584965,0.16789496405454712,0.8321050359454519,8.881784197001252e-16
1.3781233101395025,-0.06422601590812738,-0.40407412368289247,0.9011563502632484,-0.14323530930423903,0.16740087854952854,0.8325991214512594,7.878142582740111e-13
1.3782567324210235,-0.06391329533924087,-0.4035159327573155,0.901499401142934,-0.14278939886686712,0.16691001731012742,0.8330899826898301,4.241051954068098e-14
1.3783901547025446,-0.06360300701884808,-0.40296030989020426,0.901839953410302,-0.14234586255334805,0.16642235384864904,0.8335776461531524,1.801447879756779e-12
1.3785235769840656,-0.06329512811211344,-0.4024072423489872,0.9021780299461477,-0.14190468753167693,0.1659378619376454,0.834062138060975,1.379674152701682e-12
1.3786569992655866,-0.0629896360329035,-0.40185671747587065,0.9025136533813596,-0.1414658610128484,0.16545651562803942,0.8345434843718752,8.537615059367454e-14
1.3787904215471076,-0.06268650844018213,-0.4013087226512174,0.9028468460962114,-0.14102937026446297,0.16497828921637278,0.8350217107830671,5.601075159233915e-13
1.3789238438286286,-0.06238572324684339,-0.4007632453195241,0.9031776302217708,-0.14059520262726338,0.16450315726406875,0.8354968427348148,1.1164402735630574e-12
1.3789804456571169,-0.06225882323310432,-0.4005325945753915,0.9033172367180434,-0.14041171411807013,0.16430252038766585,0.8356974796134964,1.1621814621776139e-12
1.3790572661101497,-0.062087258608475485,-0.4002202729888312,0.9035060276444415,-0.1401633454831308,0.1640310945927703,0.8359689054068621,3.6759484345338933e-13
1.3791906883916707,-0.06179109292159885,-0.3996797932085588,0.9038320600128094,-0.13973378628170585,0.16356207626368202,0.83643792373562,6.979972155818359e-13
1.3793241106731917,-0.06149720481590705,-0.39914179359787644,0.904155748737146,-0.13930651251389484,0.16309607759669945,0.836903922403213,8.759659664292485e-14
1.3794575329547127,-0.061205573167730606,-0.39860626183455816,0.9044771149846375,-0.13888151175773325,0.1626330741605108,0.8373669258390465,4.4275694222051243e-13
1.3795909552362338,-0.06091617707465209,-0.3980731856474175,0.904796179700693,-0.13845877161764766,0.1621730417608737,0.8378269582388368,2.8954616482224083e-13
1.3797243775177548,-0.06062899586546135,-0.3975425528235827,0.9051129635976565,-0.13803827977093933,0.16171595644514516,0.8382840435546527,2.02171612784241e-13
1.3798577997992756,-0.06034400909911568,-0.3970143512160666,0.9054274871580295,-0.13762002395185335,0.16126179450566847,0.8387382054938125,5.190292640122607e-13
1.3799912220807968,-0.060061196552872155,-0.3964885687229806,0.9057397706477869,-0.1372039919506022,0.16081053245936047,0.8391894675402864,3.530509218307998e-13
1.3801246443623176,-0.059780538227895766,-0.3959651933100309,0.9060498341081524,-0.13679017161101606,0.16036214706386703,0.8396378529367816,6.485922909860165e-13
1.3802580666438387,-0.05950201433953471,-0.39544421299415866,0.9063576973644693,-0.1363785508364252,0.15991661530103174,0.8400833847000664,1.0982326159592048e-12
1.380343792633015,-0.059324175387455075,-0.3951107329405716,0.9065543526534702,-0.13611523284944588,0.15963184907023723,0.8403681509286111,1.1517453657461374e-12
1.3803914889253597,-0.05922560532844063,-0.3949256158624273,0.9066633800180162,-0.13596911760909525,0.15947391439083772,0.8405260856090897,7.260858581048524e-14
1.3805249112068807,-0.058951291834381414,-0.39440939004867626,0.9069669014700411,-0.13556185993934886,0.15903402176751127,0.840965978232383,1.0580425424677742e-13
1.3806583334884017,-0.05867905471415436,-0.3938955237468512,0.9072682809064039,-0.13515676590889703,0.158596915089953,0.8414030849098137,2.332578574737454e-13
1.3807917557699227,-0.05840887503426726,-0.39338400521672934,0.907567537302028,-0.13475382366431943,0.1581625722431244,0.8418374277566226,2.5290880500961066e-13
1.3809251780514438,-0.05814073406074227,-0.3928748227699079,0.907864689431406,-0.134353021403848,0.15773097132360853,0.8422690286767259,3.3439917501709715e-13
1.3810586003329648,-0.05787461325954861,-0.3923679647705257,0.9081597558710619,-0.13395434736724127,0.1573020906381068,0.8426979093623701,4.769518113789672e-13
1.3811920226144858,-0.05761049430086238,-0.3918634196495607,0.9084527549900648,-0.13355778988326136,0.15687590871303736,0.8431240912875402,5.775380174100064e-13
1.3813254448960068,-0.05734835905413849,-0.3913611759033878,0.9087437049594834,-0.1331633373179023,0.15645240429068485,0.8435475957091298,1.8529622280993863e-13
1.3814588671775279,-0.057088189580114905,-0.39086122206778434,0.9090326237634426,-0.1327709781091799,0.15603155630585697,0.843968443694317,1.7408297026122455e-13
1.3815922894590489,-0.056829968131246834,-0.39036354675344026,0.9093195291855071,-0.13238070074694053,0.15561334391172385,0.8443866560884031,1.270095140171179e-13
1.3817071396089133,-0.056609237365175126,-0.38993696309474846,0.9095648988588475,-0.1320464078319507,0.155255440942622,0.8447445590574274,4.929390229335695e-14
1.38172571174057,-0.05657367714952415,-0.38986813862017095,0.9096044388267371,-0.1319924937627991,0.15519774645737539,0.844802253543026,4.014566457044566e-13
1.381859134022091,-0.05631929927056985,-0.38937498639080614,0.909887370091421,-0.13160634578534977,0.1547847434971685,0.8452152565028554,2.398081733190338e-14
1.381992556303612,-0.056066817307149124,-0.3888840788375466,0.9101683402090326,-0.13122224546349956,0.15437431477628039,0.8456256852233485,3.7114755713218983e-13
1.382125978585133,-0.05581621425750056,-0.38839540480249213,0.9104473662194943,-0.13084018151318427,0.15396644024573095,0.8460335597544172,1.4810375148499588e-13
1.382259400866654,-0.05556747330516217,-0.3879089531801255,0.9107244649801585,-0.13046014272385692,0.15356110004682075,0.8464388999529249,2.5435209494162336e-13
1.382392823148175,-0.05532057780815556,-0.3874247129228113,0.9109996531738898,-0.1300821179319931,0.1531582745123509,0.8468417254886205,9.71445146547012e-13
1.382526245429696,-0.05507551130345309,-0.3869426730401357,0.911272947303234,-0.12970609603418304,0.15275794416478214,0.8472420558351514,6.639133687258436e-14
1.382659667711217,-0.05483225749577726,-0.38646282259876524,0.9115443637024191,-0.12933206597721914,0.15236008971308795,0.8476399102875838,6.716849298982197e-13
1.382793089992738,-0.054590800274287886,-0.38598515072913947,0.9118139185243971,-0.12896001677664157,0.1519646920579837,0.8480353079418474,1.688649220454863e-13
1.3829265122742591,-0.05435112368151813,-0.38550964660796033,0.9120816277631336,-0.1285899374883873,0.15157173227323814,0.8484282677263149,4.46975789714088e-13
1.3830599345557801,-0.05411321194472777,-0.38503629947831974,0.9123475072360814,-0.12822181724863937,0.15118119162293334,0.8488188083784352,1.368460900152968e-12
1.3830704865848114,-0.05409447095657424,-0.3849989553811743,0.9123684573521319,-0.12819278683030685,0.15115040743266708,0.8488495925664294,9.034994974399524e-13
1.383193356837301,-0.053877049447045036,-0.3845650986405746,0.9126115725922789,-0.12785564523958956,0.1507930515495542,0.8492069484489844,1.461497589616556e-12
1.3833267791188222,-0.05364262073887064,-0.38409603344656185,0.9128738393287629,-0.12749141069089912,0.15040729366911665,0.8495927063307913,9.203748874142548e-14
1.383460201400343,-0.05340991053203949,-0.3836290933112454,0.9131343227669947,-0.12712910291039284,0.1500238997778487,0.8499761002219394,2.1194157540094238e-13
1.383593623681864,-0.05317890369746281,-0.3831642677003143,0.9133930380775657,-0.126768711240894,0.1496428518407821,0.8503571481582426,9.753309271332e-13
1.383727045963385,-0.05294958526534307,-0.3827015461424328,0.9136500002697281,-0.12641022509316446,0.14926413199958047,0.8507358680009787,5.591083152012288e-13
1.383860468244906,-0.05272194042461561,-0.38224091821621003,0.9139052241941269,-0.12605363394220157,0.1488877225609081,0.8511122774393519,2.6001423236721166e-13
1.383993890526427,-0.05249595450769134,-0.3817823735592423,0.9141587245527752,-0.1256989272960681,0.14851360600020244,0.851486393999339,4.585221091701897e-13
1.384127312807948,-0.05227161301788093,-0.3813259018726175,0.9144105158871099,-0.1253460947469981,0.14814176496645626,0.8518582350332535,2.902122986370159e-13
1.3842607350894691,-0.052048901591894896,-0.3808714929023935,0.9146606125960969,-0.12499512591860741,0.1477721822626208,0.8522278177380757,6.963318810448982e-13
1.3843941573709901,-0.051827806023788225,-0.3804191364550151,0.9149090289237973,-0.12464601050878234,0.14740484085841887,0.8525951591420412,4.600764214046649e-13
1.3844338335607096,-0.051762367781133,-0.38028501227309697,0.9149825791832547,-0.12454254900476804,0.14729603327785884,0.8527039667214459,6.95221658020273e-13
1.3845275796525112,-0.05160831225251854,-0.3799688223903127,0.9151557789710405,-0.12429873825945335,0.1470397238822345,0.8529602761169841,7.813749647311852e-13
1.3846610019340322,-0.05139040636290287,-0.37952054063454205,0.9154008766899617,-0.12395329896920802,0.14667681462967938,0.8533231853701004,2.2015722578316854e-13
1.3847944242155532,-0.051174074586044865,-0.37907428115572916,0.9156443358903141,-0.1236096825036651,0.14631609654347089,0.8536839034566712,1.4210854715202004e-13
1.3849278464970742,-0.050959303286078984,-0.3786300339792866,0.9158861702431352,-0.12326787876298367,0.1459575532225583,0.8540424467773627,7.893685705084863e-14
1.3850612687785953,-0.050746078981997886,-0.3781877892025794,0.9161263932681726,-0.12292787773035428,0.1456011684339818,0.8543988315658394,1.787459069646502e-13
1.3851946910601163,-0.050534388313465725,-0.3777475369473643,0.9163650183646559,-0.1225896694112968,0.14524692607201653,0.8547530739288272,8.43769498715119e-13
1.3853281133416373,-0.050324218072235874,-0.3773092674131243,0.916602058778956,-0.12225324388960519,0.1448948102004105,0.8551051897993522,2.3725466036239595e-13
1.3854615356231583,-0.05011555517414177,-0.3768729708505709,0.9168375276296543,-0.12191859128702974,0.14454480502814773,0.8554551949714708,3.814726312612038e-13
1.3855949579046793,-0.04990838667910173,-0.3764386375599486,0.9170714378975241,-0.12158570180531975,0.1441968949089011,0.8558031050909245,1.744160371686121e-13
1.3857283801862004,-0.04970269977376682,-0.3760062578963183,0.9173038024339825,-0.12125456567891543,0.14385106434199382,0.8561489356578252,1.8096635301390052e-13
1.3857971805366076,-0.049597210360950196,-0.3757840578914465,0.9174230233427413,-0.12108449446611379,0.14367354144095032,0.8563264585594506,4.007905118896815e-13
1.3858618024677214,-0.04949848177037424,-0.37557582226901876,0.9175346339612641,-0.12092517318709058,0.1435072979706216,0.8564927020287588,6.196154700432999e-13
1.3859952247492424,-0.04929572011956274,-0.3751473211445371,0.9177639450682578,-0.12059751468786589,0.1431655805840287,0.856834419416142,1.7075230118734908e-13
1.3861286470307634,-0.04909440239265201,-0.3747207450363169,0.9179917482192314,-0.12027158057602703,0.14282589710686405,0.8571741028928563,2.795541576006144e-13
1.3862620693122845,-0.04889451629247971,-0.374296084515988,0.9182180557498217,-0.11994736131353372,0.14248823260747523,0.8575117673910623,1.4624967903387187e-12
1.3863954915938055,-0.04869604963798579,-0.37387333020456964,0.9184428798778141,-0.11962484738876752,0.14215257228860034,0.857847427711039,3.6071146070071336e-13
1.3865289138753263,-0.04849899037922241,-0.37345247278370475,0.9186662326876006,-0.11930402937095716,0.14181890149606763,0.8581810985045748,6.423750420481156e-13
1.3866623361568475,-0.048303326586329735,-0.3730335029737802,0.9188881261497984,-0.11898489787068317,0.14148720570019488,0.8585127943003847,5.795364188543317e-13
1.3867957584383683,-0.04810904644649442,-0.3726164115604466,0.9191085721108507,-0.11866744355081886,0.1411574705141751,0.8588425294865338,7.08988423525625e-13
1.3869291807198894,-0.047916138269353974,-0.372201189378488,0.9193275822978053,-0.1183516571277241,0.1408296816814089,0.8591703183184063,1.8474111129762605e-13
1.3870626030014104,-0.04772459047765804,-0.37178782730683924,0.9195451683247952,-0.1180375293673901,0.14050382506980025,0.8594961749286333,1.5665246877460959e-12
1.3871605275125058,-0.0475848640612169,-0.37148562095832094,0.9197039647942887,-0.11780802720769785,0.1402658858665138,0.8597341141329041,5.820899318109696e-13
1.3871960252829314,-0.0475343916133108,-0.3713763162880107,0.9197613416864865,-0.11772505108461877,0.1401798866857002,0.8598201133138018,4.980460488468452e-13
1.3873294475644524,-0.047345530330407455,-0.37096664730683,0.9199761137639556,-0.11741421314477996,0.13985785265633746,0.8601421473446385,9.758860386455126e-13
1.3874628698459734,-0.04715799540262875,-0.37055881140088553,0.9201894958205736,-0.11710500648521983,0.13953770923723138,0.860462290762425,3.4361402612148595e-13
1.3875962921274945,-0.0469717757103759,-0.37015279966482056,0.920401499011384,-0.11679742207600177,0.13921944281309065,0.8607805571860023,9.070522111187529e-13
1.3877297144090155,-0.04678686024345277,-0.36974860323610836,0.9206121343836657,-0.11649145092788113,0.13890303988649347,0.8610969601137316,2.2515322939398175e-13
1.3878631366905365,-0.04660323810332459,-0.369346213309703,0.9208214128682027,-0.11618708411660505,0.1385884870879318,0.8614115129121123,4.39648317751562e-14
1.3879965589720575,-0.04642089850244145,-0.3689456211252502,0.921029345291133,-0.11588431277619343,0.13827577116527065,0.8617242288350236,2.942091015256665e-13
1.3881299812535786,-0.04623983075355411,-0.3685468179702516,0.9212359423743556,-0.11558312806211676,0.13796487898411508,0.8620351210149907,8.941736240331011e-13
1.3882634035350996,-0.046060024282539545,-0.3681497951922531,0.9214412147271172,-0.11528352121821576,0.13765579753700602,0.862344202462256,7.380762667708041e-13
1.3883968258166206,-0.04588146861522322,-0.3677545441837753,0.9216451728585469,-0.11498548350224057,0.13734851393010603,0.8626514860697048,1.8918200339612667e-13
1.3885238744884039,-0.04571259570709348,-0.36737981339579134,0.9218381758381644,-0.11470313365678537,0.13705756869700658,0.8629424313033209,3.275157922644212e-13
1.3885302480981416,-0.04570415338358342,-0.3673610563806301,0.9218478271738624,-0.1146890062436381,0.13704301538160263,0.8629569846183245,7.283063041541027e-14
1.3886636703796627,-0.0455280683167114,-0.3669693232731829,0.9220491879758841,-0.11439408081069849,0.13673928922822895,0.8632607107715119,2.5912605394751154e-13
1.3887970926611837,-0.04535320325119678,-0.36657933640481527,0.922249265464489,-0.11410069862242007,0.13643732292413913,0.863562677075914,5.3290705182007514e-14
1.3889305149427047,-0.04517954812067516,-0.366191087358791,0.9224480697412527,-0.1138088511561604,0.1361371040294021,0.8638628959708482,2.502442697505103e-13
1.3890639372242257,-0.04500709295266979,-0.36580456777017745,0.9226456108112827,-0.11351852991070659,0.1358386202175766,0.8641613797824131,1.021405182655144e-14
1.3891973595057467,-0.04483582788190073,-0.36541976932391473,0.9228418985774601,-0.11322972646763685,0.13554185927459853,0.864458140725987,5.855316231873076e-13
1.3893307817872678,-0.04466574313083378,-0.36503668375290105,0.9230369428476033,-0.11294243243156782,0.13524680909474507,0.8647531909050089,2.460254222569347e-13
1.3894642040687888,-0.044496829025242206,-0.36465530283618325,0.9232307533355881,-0.11265663946760013,0.13495345767985015,0.8650465423207304,5.806466418789569e-13
1.3895976263503098,-0.044329075976476257,-0.3642756183982872,0.9234233396599174,-0.11237233927877212,0.1346617931363828,0.8653382068636587,4.1522341120980855e-14
1.3897310486318308,-0.044162474496056925,-0.3638976223157491,0.9236147113445917,-0.11208952362653643,0.13437180368067048,0.8656281963189774,3.5216274341109965e-13
1.3898644709133516,-0.043997015183818426,-0.3635213065111632,0.9238048778228108,-0.11180818430524696,0.1340834776326682,0.8659165223668547,4.771738559838923e-13
1.389887221464302,-0.04396891513704032,-0.36345730598171094,0.9238371845342415,-0.11176035836505198,0.1340344787698113,0.8659655212300391,1.4954704141700859e-13
1.3899978931948729,-0.04383268873302028,-0.36314666294536174,0.9239938484385476,-0.11152831316372903,0.133796803409918,0.8662031965894245,6.574740751830177e-13
1.3901313154763937,-0.04366948592532927,-0.36277368363879964,0.9241816324403387,-0.11124990210292293,0.13351176954184643,0.8664882304579994,1.5420997812043424e-13
1.390264737757915,-0.04350739763148872,-0.3624023606538161,0.9243682389901514,-0.11097294305414421,0.1332283646561231,0.8667716353438519,2.4980018054066022e-14
1.3903981600394357,-0.04334641481501694,-0.36203268608881894,0.9245536771632196,-0.11069742801898282,0.13294657747400082,0.867053422526049,4.973799150320701e-14
1.3905315823209567,-0.04318652851786406,-0.3616646521012435,0.9247379559453696,-0.11042334901722738,0.13266639682493775,0.8673336031742008,8.61422044806659e-13
1.3906650046024778,-0.04302772987297352,-0.3612982508866576,0.9249210842393665,-0.11015069812391078,0.13238781163177976,0.8676121883677104,5.098144129078719e-13
1.3907984268839988,-0.04287001010414265,-0.36093347469232084,0.9251030708555977,-0.10987946747988815,0.13211081091980148,0.8678891890801209,7.760458942129844e-14
1.3909318491655198,-0.0427133605082055,-0.36057031580245014,0.9252839245275993,-0.10960964923920358,0.13183538380378254,0.8681646161955373,6.801226248853709e-13
1.3910652714470408,-0.04255777247047117,-0.36020876654583805,0.9254636539058244,-0.10934123560980133,0.13156151949412243,0.868438480505398,4.796163466380676e-13
1.3911986937285619,-0.04240323746093241,-0.3598488193096063,0.925642267549026,-0.10907421886386617,0.13128920730568594,0.8687107926940651,2.489120021209601e-13
1.3912505684402001,-0.04234343658109405,-0.3597093023611435,0.9257114133043444,-0.10897077797114665,0.1311837488266377,0.8688162511735638,2.013944566670034e-13
1.3913321160100829,-0.042249747029386185,-0.35949046650518746,0.9258197739456091,-0.10880859129154594,0.13101843663216442,0.8689815633675495,2.8610447344590284e-13
1.391465538291604,-0.04209729280353579,-0.35913370060460553,0.9259961814953869,-0.10854434524398412,0.13074919697134504,0.8692508030284825,1.7252865802674933e-13
1.391598960573125,-0.04194586649324823,-0.3587785141097127,0.9261714985246031,-0.10828147310523824,0.13048147790264267,0.8695185220971492,2.0816681711721685e-13
1.391732382854646,-0.041795459887515166,-0.3584248995846614,0.9263457332730578,-0.10801996731190212,0.1302152691094835,0.8697847308912633,7.467360063628803e-13
1.391865805136167,-0.041646064854458306,-0.35807284961628283,0.926518893907975,-0.10775982034354474,0.12995056035018682,0.8700494396489302,8.82960371484387e-13
1.391999227417688,-0.04149767333133681,-0.35772235684627196,0.9266909885222526,-0.10750102470498724,0.12968734147956584,0.8703126585209721,5.377920331284258e-13
1.392132649699209,-0.04135027734569615,-0.35737341396086014,0.9268620251210926,-0.10724357297842009,0.12942560244260634,0.8705743975567507,6.429301535604282e-13
1.39226607198073,-0.041203868985266304,-0.35702601367586373,0.9270320116499865,-0.10698745774557224,0.12916533326063306,0.8708346667386813,6.856737400084967e-13
1.392399494262251,-0.04105844042294131,-0.35668014876734955,0.9272009559651228,-0.10673267167411468,0.12890652405466282,0.8710934759453319,5.218048215738236e-15
1.392532916543772,-0.04091398389775384,-0.3563358120386351,0.9273688658593255,-0.10647920742989679,0.12864916501961918,0.8713508349801106,2.702282841937631e-13
1.3926139154160984,-0.04082675720411894,-0.3561275122881783,0.9274703003589664,-0.10632597443463897,0.12849362911237064,0.8715063708874267,2.0272672429655358e-13
1.3926663388252931,-0.04077049172807883,-0.3559929963445669,0.9275357490454079,-0.10622705775885867,0.12839324644213218,0.87160675355733,5.377920331284258e-13
1.3927997611068141,-0.04062795630618195,-0.3556516945756275,0.927701613167825,-0.10597621543643258,0.12813875868813246,0.871861241312414,5.46451772720502e-13
1.3929331833883352,-0.04048637007949473,-0.35531189966209276,0.9278664658013454,-0.10572667325368856,0.1278856922036989,0.8721143077959717,3.2951419370874646e-13
1.3930666056698562,-0.04034572559182783,-0.3549736045917885,0.9280303144403387,-0.10547842409449003,0.12763403753041846,0.872365962469691,1.0946799022804043e-13
1.3932000279513772,-0.04020601543274138,-0.3546368023670807,0.9281931665242459,-0.10523146082910177,0.12738378527012567,0.8726162147305334,6.590283874174929e-13
1.3933334502328982,-0.040067232273095804,-0.3543014860518237,0.9283550294101955,-0.104985776408587,0.12713492612055682,0.8728650738793188,1.2434497875801753e-13
1.393466872514419,-0.039929368850272165,-0.3539676487360676,0.9285159103968784,-0.10474136380137661,0.12688745084852118,0.8731125491511164,3.624878175401136e-13
1.3936002947959403,-0.03979241796730972,-0.3536352835679309,0.9286758167074791,-0.10449821601826527,0.126641350311856,0.8733586496883035,1.5942802633617248e-13
1.393733717077461,-0.03965637249819539,-0.35330438371935874,0.9288347555006182,-0.10425632613383512,0.1263966154350315,0.8736033845648177,1.5076828674409626e-13
1.393867139358982,-0.03952122537649315,-0.3529749424073284,0.9289927338723104,-0.10401568722758713,0.12615323722271637,0.8738467627769764,3.0730973321624333e-13
1.3939772623919964,-0.03941035047244458,-0.3527041246704488,0.9291224063134192,-0.10381800808072643,0.1259533752839084,0.8740466247154881,6.035172361862351e-13
1.3940005616405031,-0.03938696960623017,-0.3526469528924541,0.9291497588488239,-0.10377629243835991,0.12591120675909487,0.8740887932410796,1.745270594710746e-13
1.3941339839220241,-0.03925359825352461,-0.3523204084648847,0.929305837394533,-0.10353813494249534,0.12567051519671227,0.8743294848029246,3.631539513548887e-13
1.3942674062035452,-0.03912110445026591,-0.35199530246528066,0.9294609764069774,-0.10330120795771548,0.12543115377103306,0.8745688462289349,3.197442310920451e-14
1.3944008284850662,-0.03898948138829025,-0.3516716282633529,0.929615182723983,-0.10306550472705539,0.1251931137843257,0.874806886215587,8.72635297355373e-14
1.3945342507665872,-0.03885872232856461,-0.3513493792756586,0.9297684631157156,-0.10283101855282835,0.12495638661839908,0.8750436133811719,4.289901767151605e-13
1.3946676730481082,-0.03872882058640935,-0.3510285489525032,0.9299208242952995,-0.10259774275314097,0.1247209637237142,0.875279036276089,1.9673151996357774e-13
1.3948010953296293,-0.0385997695425191,-0.35070913077912474,0.9300722729129427,-0.10236567069893515,0.1244868366205848,0.8755131633790904,3.248512570053208e-13
1.3949345176111503,-0.03847156263778871,-0.3503911182896719,0.9302228155551004,-0.1021347957976424,0.12425399690808013,0.8757460030918844,3.5416114485542494e-14
1.3950679398926713,-0.03834419337102275,-0.3500745050422096,0.9303724587535664,-0.1019051114861694,0.12402243624582243,0.8759775637541651,1.2434497875801753e-14
1.3952013621741923,-0.03821765530237222,-0.3497592846433959,0.9305212089756111,-0.10167661125038965,0.12379214637107096,0.8762078536287958,1.3322676295501878e-13
1.3953347844557134,-0.03809194205226139,-0.34944545072912403,0.9306690726334453,-0.1014492886079827,0.12356311908459346,0.8764368809154627,5.617728504603292e-14
1.3953406093678946,-0.038086472392739296,-0.34943178094783645,0.9306755079224539,-0.10143939095612045,0.12355314891569967,0.8764468510842662,3.4083846855992306e-14
1.3954682067372344,-0.037967047294868266,-0.34913299698113365,0.9308160560773321,-0.10122313711436545,0.12333534626131905,0.8766646537386327,4.829470157119431e-14
1.3956016290187554,-0.037842964764175216,-0.34882191710852956,0.930962165605181,-0.10099815035111794,0.12310881983741247,0.8768911801626357,4.8183679268731794e-14
1.3957350513002764,-0.037719688251651,-0.3485122048630693,0.9311074074531878,-0.10077432195432239,0.12288353182031973,0.8771164681795501,1.3011813848606835e-13
1.3958684735817974,-0.03759721160462468,-0.3482038540347489,0.9312517878023081,-0.10055164558565557,0.12265947428509565,0.8773405257149782,7.394085344003543e-14
1.3960018958633185,-0.03747552872385774,-0.3478968584407953,0.931395312780202,-0.10033011494603784,0.12243663936610746,0.8775633606340155,1.2301271112846734e-13
1.3961353181448395,-0.03735463356658176,-0.3475912119399088,0.931537988457614,-0.10010972377115704,0.12221501926674817,0.8777849807331953,5.651035195342047e-14
1.3962687404263605,-0.03723452014590615,-0.3472869084281696,0.9316798208509476,-0.0998904658270426,0.12199460625609176,0.8780053937439973,8.903988657493755e-14
1.3964021627078815,-0.03711518252622948,-0.346983941837052,0.9318208159210833,-0.09967233492605587,0.12177539266673401,0.8782246073334457,1.7963408538435033e-13
1.3965355849894026,-0.036996614830089286,-0.34668230613034984,0.9319609795765338,-0.09945532491577477,0.12155737089274357,0.8784426291073545,9.814371537686384e-14
1.3966690072709236,-0.03687881122582827,-0.34638199530670205,0.9321003176755546,-0.09923942966076651,0.12134053339008241,0.878659466610264,3.4638958368304884e-13
1.3967039563437926,-0.03684807892790496,-0.34630354913027783,0.9321366806339346,-0.0991830608313045,0.12128392906090388,0.8787160709391161,1.9984014443252818e-14
1.3968024295524444,-0.0367617659372134,-0.34608300340184533,0.9322388360203119,-0.09902464307776122,0.12112487267846415,0.878875127321184,3.518296765037121e-13
1.3969358518339656,-0.036645473241459364,-0.3457853244897006,0.9323765403619492,-0.09881095911464913,0.1209103813415381,0.8790896186584745,1.2656542480726785e-14
1.3970692741154864,-0.036529927466688865,-0.34548895266947016,0.9325134364015999,-0.09859837175844839,0.12069705201736894,0.8793029479829378,3.0686564400639327e-13
1.3972026963970074,-0.03641512298565238,-0.34519388207686647,0.9326495297918967,-0.09838687500921851,0.12048487740535778,0.8795151225951258,4.836131495267182e-13
1.3973361186785285,-0.036301054230101625,-0.3449001068918814,0.9327848261275891,-0.0981764629290367,0.12027385027224802,0.879726149727133,6.189493362285248e-13
1.3974695409600495,-0.03618771567568153,-0.34460762131675743,0.9329193309622066,-0.0979671295964713,0.12006396343541763,0.8799360365643428,2.395861287141088e-13
1.3976029632415705,-0.03607510184806257,-0.3443164195899598,0.9330530497957216,-0.09775886912886494,0.11985520977259734,0.8801447902264519,9.50794998288984e-13
1.3977363855230915,-0.035963207319147185,-0.3440264959895002,0.9331859880815994,-0.09755167566447695,0.11964758222349355,0.8803524177767782,2.717825964282383e-13
1.3978698078046126,-0.0358520267157806,-0.34373784481848924,0.9333181512212565,-0.09734554340324005,0.11944107378008885,0.8805589262195361,3.750333377183779e-13
1.3980032300861336,-0.03574155470564289,-0.3434504604170748,0.9334495445737064,-0.09714046655272819,0.1192356774934771,0.8807643225069417,4.1877612488860905e-13
1.3980673033196909,-0.03568875315220375,-0.34331289871039017,0.933512371417746,-0.09704235615200325,0.11913743352248955,0.880862566477516,5.551115123125783e-15
1.3981366523676546,-0.03563178600442753,-0.3431643371524185,0.933580173448683,-0.0969364393592727,0.11903138646712409,0.880968613532127,7.489564524121306e-13
1.3982700746491756,-0.03552271537771324,-0.3428794694403898,0.9337100431064865,-0.0967334561056603,0.11882819387152918,0.8811718061280626,4.0822900615467006e-13
1.3984034969306967,-0.03541433763349718,-0.34259585171000834,0.9338391587656976,-0.09653151110590105,0.11862609291892538,0.8813739070806146,4.600764214046649e-13
1.3985369192122177,-0.03530664762744471,-0.3423134784325894,0.9339675255970818,-0.09633059870405009,0.11842507688330742,0.8815749231166166,7.605027718682322e-14
1.3986703414937387,-0.03519964025989261,-0.34203234410793104,0.9340951487260489,-0.09613071327886247,0.11822513909039199,0.8817748609090423,5.656586310465173e-13
1.3988037637752597,-0.035093310475899586,-0.3417524432766418,0.9342220332323042,-0.0959318492375042,0.11802627292571216,0.8819737270748276,5.397904345727511e-13
1.3989371860567807,-0.03498765326310117,-0.3414737704924743,0.9343481841544858,-0.09573400102412848,0.11782847181520602,0.8821715281848727,7.860379014346108e-14
1.3990706083383018,-0.03488266365412747,-0.3411963203584224,0.9344736064848701,-0.09553716310469369,0.11763172924973417,0.8823682707509327,6.66799948589869e-13
1.3992040306198228,-0.03477833672531023,-0.3409200875042735,0.9345983051709291,-0.0953413299816678,0.11743603876930053,0.8825639612310464,3.468336728928989e-13
1.3993374529013438,-0.03467466759629819,-0.3406450665780958,0.934722285122127,-0.09514649619654238,0.11724139395690907,0.8827586060424093,6.816769371198461e-13
1.399430650295589,-0.03460264084427211,-0.3404536765928783,0.9348084631409318,-0.09501099189802713,0.11710604865900585,0.8828939513413576,3.6348701826227625e-13
1.3994708751828648,-0.03457165142856134,-0.340371252282164,0.9348455511992082,-0.09495265631014814,0.11704778846262648,0.8829522115373044,6.905587213168474e-14
1.3996042974643859,-0.03446928342194348,-0.3400986393258919,0.9349681082269893,-0.09475980491098154,0.11685521597094535,0.8831447840283223,7.323031070427533e-13
1.3997377197459069,-0.034367558825055454,-0.33982722246866043,0.9350899609831449,-0.0945679366318274,0.11666367023035808,0.8833363297702606,6.186162693211372e-13
1.399871142027428,-0.03426647292259729,-0.3395569964828181,0.9352111142068797,-0.09437704613253588,0.11647314502698762,0.8835268549727764,2.360334150353083e-13
1.400004564308949,-0.034166021035637054,-0.3392879561817543,0.9353315725987666,-0.09418712807957964,0.11628363420339961,0.8837163657959612,6.391553952767026e-13
1.4001379865904697,-0.03406619853991378,-0.3390200964121341,0.9354513408118516,-0.09399817721105745,0.11609513165425352,0.8839048683456919,5.4511950509095186e-14
1.400271408871991,-0.03396700083726735,-0.33875341203581555,0.9355704234671739,-0.09381018826161512,0.11590763131178594,0.8840923686882267,1.2656542480726785e-14
1.4004048311535118,-0.033868423373707504,-0.3384878979561104,0.9356888251420382,-0.0936231560041495,0.11572112716456692,0.8842788728358653,4.3209880118411093e-13
1.4005382534350328,-0.03377046163408697,-0.3382235490995186,0.9358065503756573,-0.09343707524323319,0.11553561324445379,0.8844643867559974,4.511946372076636e-13
1.4006716757165538,-0.03367311114387345,-0.3379603604289355,0.935923603665663,-0.09325194081534727,0.11535108363536366,0.8846489163643502,2.8621549574836536e-13
1.4007939972714871,-0.0335843934997183,-0.3377200841652887,0.9360303315316403,-0.0930830366789713,0.11518276673535359,0.884817233264611,3.5416114485542494e-14
1.4008050979980748,-0.03357636746693371,-0.3376983269297225,0.9360399894750242,-0.09306774758290938,0.11516753246340833,0.8848324675365598,3.197442310920451e-14
1.4009385202795959,-0.03348022619791158,-0.33743744361373823,0.9361557122285599,-0.092884490429995,0.11498495389883807,0.8850150461006022,5.596634267135414e-13
1.401071942561117,-0.03338468297745727,-0.3371777055331378,0.9362707763100867,-0.09270216427525516,0.1148033421660967,0.8851966578336089,2.944311461305915e-13
1.401205364842638,-0.03328973348243335,-0.336919107755855,0.9363851860684569,-0.092520764076971,0.11462269152633286,0.8853773084738454,1.7830181775480014e-13
1.401338787124159,-0.033195373420452014,-0.33666164538232174,0.9364989458168321,-0.09234028479436404,0.11444299628805542,0.8855570037119421,2.4424906541753444e-15
1.40147220940568,-0.033101598541021515,-0.33640531354385417,0.936612059828548,-0.09216072144191217,0.11426425080650979,0.8857357491929696,5.205835762467359e-13
1.401605631687201,-0.03300840462694866,-0.33615010739775375,0.9367245323440714,-0.09198206904213638,0.11408644947953775,0.8859135505204916,2.930988785010413e-14
1.401739053968722,-0.03291578750139244,-0.3358960221297819,0.9368363675643225,-0.09180432266501215,0.11390958674944777,0.886090413251096,5.437872374614017e-13
1.401872476250243,-0.03282374301627979,-0.33564305294964975,0.9369475696575448,-0.09162747739433875,0.1137336570989601,0.8862663429008295,2.1038726316646716e-13
1.402005898531764,-0.03273226706309134,-0.3353911950998263,0.9370581427569615,-0.09145152833775212,0.11355865505757924,0.8864413449424368,1.5987211554602254e-14
1.402139320813285,-0.03264135556379105,-0.3351404438460165,0.937168090960545,-0.09127647063306113,0.11338457519434678,0.8866154248058602,2.0694557179012918e-13
1.4021573442473854,-0.03262911778165597,-0.3351066555338083,0.9371828956969493,-0.09125289092863614,0.11336112991026362,0.8866388700897525,1.6209256159527285e-14
1.402272743094806,-0.03255100448302053,-0.3348907944813876,0.9372774183302622,-0.09110229945812302,0.11321141212122862,0.8867885878783991,3.72257780156815e-13
1.4024061653763271,-0.03246120980670659,-0.33464224232656764,0.9373861288969583,-0.09092901000354464,0.11303916049146825,0.8869608395086496,1.1790568521519162e-13
1.4025395876578481,-0.03237196756372526,-0.3343947827328982,0.9374942266546978,-0.09075659748207172,0.11286781500292903,0.8871321849974125,3.4150460237469815e-13
1.4026730099393692,-0.03228327381716737,-0.33414841106986315,0.9376017155657939,-0.09058505715286301,0.11269737038886846,0.8873026296113072,1.7563728249569976e-13
1.4028064322208902,-0.03219512465613221,-0.33390312274064216,0.937708599559014,-0.09041438428506604,0.11252782142757625,0.8874721785725748,1.509903313490213e-13
1.4029398545024112,-0.032107516207432955,-0.33365891317245844,0.9378148825297856,-0.09024457418091451,0.11235916293643673,0.8876408370634501,1.1313172620930345e-13
1.4030732767839322,-0.03202044462749629,-0.3334157778147458,0.9379205683444426,-0.09007562215244269,0.11219138976995449,0.8878086102297117,3.3384406350478457e-13
1.4032066990654533,-0.03193390610731251,-0.33317371214958824,0.9380256608316023,-0.08990752357293084,0.1120244968268073,0.8879755031735813,3.885780586188048e-13
1.4033401213469743,-0.03184789686560227,-0.33293271167704935,0.9381301637931087,-0.0897402738012291,0.11185847903939532,0.8881415209604046,2.0017321133991572e-13
1.403473543628495,-0.031762413160033476,-0.33269277193331837,0.9382340809947959,-0.08957386825145214,0.11169333138642365,0.8883066686136777,1.0125233984581428e-13
1.4035206912232834,-0.03173233064558178,-0.3326082369398971,0.9382706629785419,-0.089515266327382,0.11163518008846725,0.8883648199118547,3.219646771412954e-13
1.4036069659100163,-0.031677451269846876,-0.33245388846597473,0.9383374161761724,-0.089408302345004,0.11152904887510029,0.8884709511243912,5.084821452783217e-13
1.4037403881915371,-0.03159300751147111,-0.3322160568610611,0.9384401730420481,-0.08924357153682344,0.11136562655993167,0.8886343734398372,2.311484337269576e-13
1.4038738104730581,-0.031509078229455555,-0.33197927272143646,0.9385423552686276,-0.0890796713023355,0.11120305952752382,0.8887969404725149,3.863576125695545e-14
1.4040072327545792,-0.03142565979897421,-0.3317435316794778,0.9386439664994741,-0.08891659715018026,0.11104134290497357,0.8889586570946335,3.929079284148429e-13
1.4041406550361002,-0.031342748624141575,-0.33150882938747583,0.9387450103524456,-0.08875434460016143,0.11088047185317067,0.8891195281470176,1.8829382497642655e-13
1.4042740773176212,-0.031260341141498914,-0.33127516152338454,0.9388454904115356,-0.08859290921316362,0.1107204415706274,0.8892795584289287,4.438671652451376e-13
1.4044074995991422,-0.0311784338128509,-0.3310425237991606,0.9389454102322041,-0.08843228655619105,0.11056124729834015,0.8894387527016786,1.865174681370263e-14
1.4045409218806633,-0.031097023132239138,-0.3308109119362724,0.9390447733429531,-0.08827247223137374,0.11040288430379518,0.889597115696557,3.5216274341109965e-13
1.4046743441621843,-0.03101610562279576,-0.3305803216889187,0.9391435832396879,-0.08811346187576224,0.11024534789595339,0.8897546521040118,3.47499806707674e-14
1.4048077664437053,-0.03093567783056523,-0.33035074883398485,0.9392418433938214,-0.08795525112109448,0.11008863341801106,0.8899113665815986,3.9035441545820504e-13
1.4048840381991816,-0.03088991941002773,-0.33021996736729575,0.9392977688488727,-0.08786516639899596,0.10999941396921588,0.8900005860307938,9.769962616701378e-15
1.4049411887252263,-0.030855736336364275,-0.3301221891730111,0.9393395572454979,-0.08779783564688667,0.10993273624924056,0.8900672637504456,3.1374902675906924e-13
1.4050746110067474,-0.030776277747075153,-0.32989463852861506,0.9394367282083816,-0.08764121115118287,0.10977765180189068,0.890222348198915,8.055778266680136e-13
1.4052080332882684,-0.03069729869338313,-0.3296680927462242,0.9395333596674436,-0.0874853733476764,0.10962337552200388,0.8903766244777761,2.2004620348070603e-13
1.4053414555697894,-0.03061879583911849,-0.3294425477021306,0.9396294549804464,-0.087330317979629,0.10946990289510822,0.890530097105274,3.821387650759789e-13
1.4054748778513104,-0.030540765872540763,-0.32921799928417,0.9397250174783359,-0.08717604081651084,0.10931722943275311,0.8906827705671005,1.4632739464559563e-13
1.4056083001328314,-0.030463205507410253,-0.32899444341463113,0.9398200504640364,-0.0870225376467453,0.10916535068748964,0.8908346493127028,1.9251267247000214e-13
1.4057417224143525,-0.030386111484480005,-0.32877187602978264,0.9399145572159077,-0.0868698042750431,0.10901426223928999,0.8909857377611601,4.5008441418303846e-13
1.4058751446958735,-0.030309480575399644,-0.3285502930972459,0.9400085409818072,-0.0867178365418692,0.10886395970703672,0.8911360402932481,2.8488322811881517e-13
1.4060085669773945,-0.03023330956996771,-0.3283296905969514,0.9401020049876446,-0.08656663030531156,0.10871443873504333,0.891285561264206,7.507328092515309e-13
1.4061419892589155,-0.030157595290704206,-0.32811006453976954,0.9401949524322296,-0.08641618144200681,0.10856569500600964,0.8914343049940604,6.994405055138486e-14
1.4062473851750796,-0.03009810618998,-0.32793726032162196,0.9402680124475578,-0.08629786825101278,0.10844874270347457,0.8915512572967498,2.2426505097428162e-13
1.4062754115404366,-0.030082334581422503,-0.32789141095924546,0.9402873864857119,-0.08626648584932067,0.10841772423471342,0.8915822757649217,3.6493030819428895e-13
1.4064088338219576,-0.030007524315214213,-0.32767372590374416,0.9403793102972188,-0.08611753945441716,0.10827052216317024,0.8917294778367562,7.360778653264788e-14
1.4065422561034786,-0.029933161386530484,-0.32745700545145007,0.9404707269869104,-0.08596933820651961,0.10812408456982309,0.8918759154309545,7.776002064474596e-13
1.4066756783849996,-0.029859242714475476,-0.32724124569543495,0.9405616396524314,-0.08582187806547432,0.10797840725978196,0.8920215927403555,1.3744561044859438e-13
1.4068091006665207,-0.02978576524723647,-0.3270264427564191,0.940652051365661,-0.08567515502639868,0.10783348607328094,0.8921665139272237,5.047073869945962e-13
1.4069425229480417,-0.029712725955975045,-0.3268125927745993,0.9407419651720519,-0.0855291651071056,0.10768931687979097,0.8923106831196924,5.165867733580853e-13
1.4070759452295625,-0.02964012182940695,-0.3265996919100821,0.9408313840983602,-0.08538390432277924,0.10754589557782264,0.8924541044218377,3.396172232328354e-13
1.4072093675110837,-0.029567949888548214,-0.3263877363509736,0.9409203111403123,-0.08523936873584605,0.10740321810092439,0.8925967818988674,2.0827783941967937e-13
1.4073427897926045,-0.029496207175385997,-0.326176722297064,0.9410087492748505,-0.08509555442039612,0.10726128040618929,0.8927387195939328,1.2212453270876722e-13
1.4074762120741255,-0.029424890754821863,-0.3259666459753646,0.9410967014525069,-0.08495245747316808,0.10712007848436189,0.8928799215155194,1.1868284133242923e-13
1.4076096343556466,-0.029353997714638157,-0.3257575036304939,0.9411841706021267,-0.08481007401292176,0.10697960835340221,0.89302039164609,5.077049891610841e-13
1.4076107321509779,-0.02935341615598235,-0.32575578667871025,0.941184888300691,-0.08480890542973506,0.10697845559469167,0.893021544405774,4.656275365277907e-13
1.4077430566371676,-0.029283525165900222,-0.32554929153535395,0.9412711596277391,-0.08466840016965094,0.10683986606531277,0.8931601339342369,4.503064587879635e-13
1.4078764789186886,-0.02921347024375543,-0.3253420059751652,0.941357671411299,-0.08452743211108611,0.10670084769562724,0.8932991523041975,1.751931932858497e-13
1.4080099012002096,-0.02914383010362438,-0.32513564325463185,0.9414437088141514,-0.08438716600537201,0.10656254934771214,0.8934374506521631,1.247890679678676e-13
1.4081433234817307,-0.02907460192746022,-0.3249301997131423,0.9415292746684072,-0.08424759806512258,0.10642496716286282,0.8935750328373595,2.2226664952995634e-13
1.4082767457632517,-0.02900578291307351,-0.324725671689339,0.9416143717933283,-0.08410872449264348,0.10628809729649273,0.8937119027035237,1.6431300764452317e-14
1.4084101680447727,-0.028937370287640932,-0.32452205556039704,0.9416990029771647,-0.08397054154488295,0.10615193594430947,0.893848064055527,1.6353585152728556e-13
1.4085435903262937,-0.028869361294171093,-0.324319347712975,0.941783170992131,-0.08383304547245446,0.106016479322503,0.8939835206771799,3.170796958329447e-13
1.4086770126078147,-0.02880175319828112,-0.32411754455926206,0.9418668785865012,-0.08369623254930784,0.1058817236784199,0.8941182763212268,3.5338398873818733e-13
1.4088104348893358,-0.02873454329218743,-0.32391664252868196,0.9419501284859426,-0.08356009908918646,0.10574766528526452,0.8942523347144784,2.5712765250318625e-13
1.4089438571708568,-0.028667728880128418,-0.323716638067735,0.942032923398339,-0.08342464139490927,0.10561430044102149,0.89438569955829,6.885603198725221e-13
1.408974079126876,-0.028652649173901014,-0.3236714586654889,0.9420516146427392,-0.08339405188660684,0.10558418745932795,0.8944158125410583,3.8613556796462944e-13
1.4090772794523778,-0.02860130729787428,-0.32351752765303626,0.9421152660052985,-0.08328985581562978,0.10548162547788052,0.8945183745220225,9.692247004977617e-14
1.4092107017338988,-0.02853527589320207,-0.3233193077670668,0.9421971589712994,-0.0831557387127174,0.10534963674527643,0.894650363254446,2.7755575615628914e-13
1.4093441240154199,-0.028469632037292098,-0.3231219749202022,0.9422786049403373,-0.08302228644817995,0.10521833062467062,0.8947816693753919,6.261657858885883e-14
1.4094775462969409,-0.028404373124396986,-0.32292552563510935,0.9423596065344818,-0.08288949543069656,0.1050877035193016,0.8949122964805787,1.1968204205459188e-13
1.409610968578462,-0.028339496565511407,-0.32272995646652836,0.9424401663541676,-0.08275736206568665,0.1049577518664739,0.8950422481337422,2.1604940059205546e-13
1.409744390859983,-0.028274999794156683,-0.32253526397646315,0.9425202869805651,-0.0826258828007217,0.10482847212172629,0.8951715278785254,2.5157653738006047e-13
1.409877813141504,-0.02821088026071184,-0.322341444744062,0.9425999709786322,-0.08249505407508889,0.1046998607647734,0.8953001392357703,5.437872374614017e-13
1.410011235423025,-0.02814713544025917,-0.3221484953814409,0.9426792208851428,-0.08236487237269162,0.10457191431001857,0.8954280856895899,3.915756607852927e-13
1.410144657704546,-0.0280837628211491,-0.3219564125027729,0.9427580392273182,-0.08223533417065224,0.10444462928585026,0.8955553707138962,2.5346391652192324e-13
1.410278079986067,-0.028020759916028082,-0.3217651927521643,0.9428364285048034,-0.08210643598928791,0.10431800225310915,0.8956819977465564,3.3439917501709715e-13
1.4103374261027741,-0.027992854425248594,-0.32168041483762655,0.942871158771992,-0.08204930692407818,0.10426188918898069,0.8957381108107608,2.5845992013273644e-13
1.4104115022675878,-0.027958124251883636,-0.3215748327881288,0.9429143912025595,-0.08197817434564894,0.10419202979439678,0.8958079702059388,3.355093980417223e-13
1.410544924549109,-0.02789585338106098,-0.3213853292878852,0.9429919297827237,-0.08185054579503323,0.10406670851734007,0.8959332914822903,3.6970426720017713e-13
1.4106783468306299,-0.027833944869076845,-0.321196678945675,0.9430690466933639,-0.08172354689180969,0.10394203505270586,0.8960579649477081,4.1389114358025836e-13
1.410811769112151,-0.027772396301666825,-0.32100887847275,0.9431457443601684,-0.08159717422023965,0.1038180060546696,0.8961819939454241,9.370282327836321e-14
1.410945191393672,-0.02771120528596926,-0.32082192460429576,0.9432220251902919,-0.08147142438032992,0.10369461820520558,0.8963053817946354,1.5909495942878493e-13
1.411078613675193,-0.027650369442598844,-0.32063581408989605,0.9432978915735603,-0.08134629398746462,0.10357186820740259,0.8964281317926194,2.19824158875781e-14
1.411212035956714,-0.027589886413220518,-0.32045054369342957,0.9433733458816287,-0.08122177967928976,0.10344975278570902,0.89655024721417,1.2101430968414206e-13
1.411345458238235,-0.027529753857159712,-0.32026611019690304,0.9434483904689551,-0.08109787810765308,0.10332826868809064,0.8966717313120257,1.163513729807164e-13
1.411478880519756,-0.027469969450989003,-0.32008251040956315,0.9435230276684665,-0.08097458593632954,0.10320741269172637,0.89679258730823,4.363176486776865e-14
1.411612302801277,-0.02741053088849091,-0.319899741145181,0.9435972597990943,-0.08085189985777673,0.10308718158834272,0.8969128184109716,6.856737400084967e-13
1.4117007730786721,-0.027371307655933246,-0.3197790060272263,0.9436462597698497,-0.08077088116287684,0.10300780117855662,0.8969921988214543,1.0880185641326534e-14
1.411745725082798,-0.027351435881002265,-0.3197177992424137,0.9436710891609733,-0.0807298165773656,0.10296757219716496,0.8970324278028728,3.774758283725532e-14
1.411879147364319,-0.027292682158853047,-0.31953668155669684,0.9437445180360567,-0.08060833280393545,0.10284858135969006,0.8971514186405393,2.2937207688755734e-13
1.41201256964584,-0.02723426746935881,-0.3193563849569222,0.9438175486884517,-0.08048744529380236,0.10273020593734648,0.8972697940622006,4.5285997174460135e-13
1.4121459919273611,-0.02717618957314157,-0.3191769063316963,0.9438901833680985,-0.08036715078887664,0.10261244281518779,0.8973875571845846,2.275957200481571e-13
1.4122794142088821,-0.027118446250812965,-0.31899824258445797,0.943962424305752,-0.08024744606421061,0.10249528889903095,0.8975047111010208,5.1736392947532295e-14
1.4124128364904032,-0.027061035300076693,-0.3188203906405047,0.9440342737141479,-0.08012832790940763,0.10237874111967606,0.8976212588805562,2.3225865675158275e-13
1.4125462587719242,-0.02700395453377329,-0.3186433474350837,0.944105733792014,-0.08000979312795245,0.10226279642509757,0.897737203575335,4.32542890393961e-13
1.4126796810534452,-0.026947201781914374,-0.31846710992386523,0.9441768067192775,-0.07989183854526007,0.10214745178713447,0.8978525482127538,1.1168843627729075e-13
1.4128131033349662,-0.026890774890038903,-0.3182916750782829,0.9442474946611397,-0.07977446099980805,0.10203270419832595,0.897967295801649,2.4980018054066022e-14
1.4129465256164873,-0.026834671721142477,-0.3181170398880935,0.9443177997653863,-0.07965765733737434,0.10191855067354433,0.898081449326219,2.3669954885008337e-13
1.4130641200545704,-0.02678549075829258,-0.317963782214788,0.9443794488883721,-0.07955518337346572,0.10181842931549571,0.8981815706842913,2.1305179842556754e-13
1.4130799478980083,-0.026778890151607625,-0.3179432013549514,0.9443877241647252,-0.07954142443726583,0.10180498824558705,0.8981950117545383,1.254552017826427e-13
1.4132133701795293,-0.026723428076687327,-0.3177701564964976,0.9444572699753396,-0.07942575918453867,0.10169201396797846,0.898307986031312,7.095435350379375e-13
1.4133467924610503,-0.02666828340336784,-0.31759790235778773,0.9445264392969225,-0.07931065847104449,0.10157962492174918,0.8984203750780335,2.1727064591914313e-13
1.4134802147425714,-0.02661345406109772,-0.31742643598273396,0.9445952342145625,-0.07919611923022564,0.10146781819776284,0.8985321818019922,2.4491519923230953e-13
1.4136136370240924,-0.026558937986249476,-0.3172557544421856,0.9446636567967791,-0.07908213839477436,0.1013565909136378,0.8986434090857531,6.090683513093609e-13
1.4137470593056132,-0.026504733135323363,-0.3170858548210905,0.9447317090988131,-0.07896871289910097,0.10124594020619636,0.8987540597937048,9.880984919163893e-14
1.4138804815871344,-0.026450837480255906,-0.31691673421836314,0.9447993931571119,-0.07885583972520102,0.10113586323103953,0.8988641367688133,1.4721557306529576e-13
1.4140139038686552,-0.026397249006085265,-0.3167483897486973,0.9448667109961273,-0.07874351584623074,0.10102635716348192,0.898973642836465,5.306866057708248e-14
1.4141473261501762,-0.026343965712734896,-0.316580818541489,0.9449336646239112,-0.07863173826144197,0.10091741919787293,0.89908258080159,5.371258993136507e-13
1.4142807484316973,-0.02629098561579819,-0.3164140177471647,0.9450002560336555,-0.07852050397678838,0.10080904655155318,0.8991909534484432,3.552713678800501e-15
1.4144141707132183,-0.026238306747922647,-0.31624798452244546,0.9450664872035464,-0.07840981002999428,0.10070123645550697,0.8992987635441904,3.0264679651281767e-13
1.4144274670304684,-0.026233073416362808,-0.3162314802828842,0.9450730678675133,-0.07839880821209419,0.10069052326277247,0.8993094767375903,3.6282088444750116e-13
1.4145475929947393,-0.026185927148495027,-0.3160827160466895,0.9451323600988044,-0.07829965344771402,0.10059398616407844,0.8994060138359683,4.6629367034256575e-14
1.4146810152762603,-0.026133844879691122,-0.3159182095074252,0.9451978766686094,-0.078190031297655,0.10048729294657316,0.899512707053176,2.509104035652854e-13
1.4148144375577814,-0.026082058012524015,-0.31575446211934216,0.9452630388462485,-0.07808094065053045,0.10038115409844374,0.8996188459017161,1.5987211554602254e-13
1.4149478598393024,-0.02603056463774873,-0.31559147109695446,0.9453278485540906,-0.07797237859512347,0.10027556692449986,0.899724433075687,1.8673951274195133e-13
1.4150812821208234,-0.025979362851695418,-0.3154292336762015,0.9453923076998088,-0.07786434222584399,0.1001705287517358,0.8998294712482334,3.0753177782116836e-14
1.4152147044023444,-0.025928450770288696,-0.31526774711496874,0.9454564181740851,-0.07775682865863363,0.10006603693029514,0.8999339630696186,8.626432901337466e-14
1.4153481266838654,-0.025877826524131377,-0.31510700867221453,0.9455201818568411,-0.07764983503600587,0.09996208881996414,0.9000379111797124,3.234079670733081e-13
1.4154815489653865,-0.02582748825526588,-0.31494701563183475,0.9455836006129975,-0.07754335849261433,0.09985868180497506,0.9001413181945549,4.700684286262913e-13
1.4156149712469075,-0.025777434115055096,-0.3147877652898628,0.9456466762946429,-0.07743739618212522,0.0997558132857417,0.9002441867145728,3.1463720517876936e-13
1.4157483935284285,-0.025727662276566796,-0.3146292549522604,0.9457094107382248,-0.07733194529233688,0.09965348067803158,0.9003465193215375,4.3087755585702325e-13
1.4157908140063666,-0.025711896596851216,-0.31457901254923215,0.945729285421949,-0.07729852477396089,0.09962105676305714,0.900378943236941,1.887379141862766e-15
1.4158818158099495,-0.025678170921559464,-0.31447148194451563,0.9457718057695828,-0.07722700300639922,0.09955168141825664,0.9004483185820076,2.6423307986078726e-13
1.4160152380914706,-0.025628958243302934,-0.3143144436036881,0.9458338631996498,-0.07712256651923825,0.09945041295853302,0.9005495870416881,2.2115642650533118e-13
1.4161486603729916,-0.025580022452461503,-0.31415813728311615,0.9458955848251159,-0.0770186330587366,0.09934967276986566,0.9006503272298846,2.498001805406602e-13
1.4162820826545126,-0.02553136176929726,-0.31400256034654667,0.9459569724331002,-0.07691519984295005,0.09924945833798139,0.9007505416616781,3.405054016525355e-13
1.4164155049360336,-0.025482974427303462,-0.3138477101762271,0.9460180277936635,-0.07681226412852067,0.09914976716852364,0.9008502328311623,3.140820936664568e-13
1.4165489272175547,-0.025434858675224038,-0.3136935841622412,0.9460787526676546,-0.07670982316594153,0.09905059678038174,0.9009494032193355,2.8277380437202737e-13
1.4166823494990757,-0.025387012768608223,-0.3135401797178527,0.9461391488002089,-0.0766078742210753,0.09895194471481682,0.901048055285056,1.2712053631958042e-13
1.4168157717805967,-0.025339434982564017,-0.31338749425972956,0.9461992179253886,-0.07650641459088989,0.09885380852362763,0.90114619147617,2.0228263508670352e-13
1.4169491940621177,-0.025292123599522025,-0.3132355252222618,0.9462589617655882,-0.07640544156404291,0.0987561857774397,0.9012438142222855,2.7478019859472624e-13
1.4170826163436385,-0.025245076916573652,-0.31308427005906575,0.9463183820276614,-0.07630495245631286,0.09865907406694176,0.9013409259328113,2.469136006766348e-13
1.4171541609822649,-0.025219957647716226,-0.3130034560921853,0.9463501120962108,-0.07625126586470309,0.09860720978940515,0.9013927902104801,1.1468603844377867e-13
1.4172160386251598,-0.025198293242331186,-0.3129337262282293,0.946377480409206,-0.07620494459540182,0.0985624709934109,0.9014375290064652,1.2390088954816747e-13
1.4173494609066806,-0.02515177089684952,-0.31278389120422817,0.9464362585946906,-0.07610541531742324,0.09846637417610608,0.9015336258233534,5.405675906899887e-13
1.4174828831882016,-0.025105508211318583,-0.31263476247822797,0.9464947182566591,-0.07600636196882331,0.09837078125236662,0.9016292187474881,1.4521717162097048e-13
1.4176163054697226,-0.025059503532315654,-0.31248633755102534,0.9465528610541551,-0.07590778192403558,0.09827568987333947,0.9017243101264337,2.2681856393091948e-13
1.4177497277512436,-0.025013755215987886,-0.31233861393581075,0.9466106886366175,-0.07580967255940528,0.09818109770534877,0.9018189022946554,4.218847493575595e-15
1.4178831500327647,-0.02496826162799764,-0.3121915891644246,0.9466682026395776,-0.07571203126102619,0.098087002433733,0.9019129975665191,2.5202062658991053e-13
1.4180165723142857,-0.02492302114991221,-0.3120452607741759,0.9467254046877004,-0.07561485544024601,0.0979934017548624,0.9020065982443395,7.98139332403025e-13
1.4181499945958067,-0.024878032168917073,-0.3118996263209846,0.9467822963960377,-0.07551814250095684,0.09790029338376754,0.9020997066157495,4.829470157119431e-13
1.4182834168773277,-0.024833293089657583,-0.3117546833724182,0.9468388793648657,-0.07542188988060713,0.09780767505031356,0.9021923249500772,3.907985046680551e-13
1.4184168391588488,-0.024788802324031665,-0.31161042950225704,0.9468951551851585,-0.07532609502389893,0.097715544495241,0.902284455504675,8.404388296412435e-14
1.418517507958163,-0.024755396881029814,-0.3115020427754178,0.9469374136601827,-0.07525411804020207,0.09764635232799555,0.9023536476714445,5.598854713184664e-13
1.4185502614403698,-0.024744558296896684,-0.31146686230964526,0.9469511254349156,-0.07523075537987377,0.09762389948232404,0.90237610051748,1.9595436384634013e-13
1.4186836837218908,-0.02470055944498267,-0.3113239793954372,0.9470067916824056,-0.07513586842235778,0.09753273778350571,0.9024672622161849,3.0941915696303113e-13
1.4188171060034118,-0.0246568042123478,-0.3111817783781553,0.9470621554848279,-0.07504143162419472,0.09744205718855742,0.9025579428117769,3.3439917501709715e-13
1.4189505282849328,-0.024613291057159897,-0.31104025688820175,0.9471172183864807,-0.07494744247860113,0.09735185550174301,0.9026481444982276,2.942091015256665e-14
1.4190839505664539,-0.024570018446525916,-0.3108994125654535,0.9471719819236318,-0.07485389848712448,0.09726213054000671,0.9027378694598615,1.318944953254686e-13
1.419217372847975,-0.02452698486125298,-0.3107592430664972,0.947226447618433,-0.07476079717500185,0.09717288013764643,0.9028271198620778,2.757793993168889e-13
1.419350795129496,-0.024484188787898972,-0.3106197460536665,0.9472806169863012,-0.07466813606129288,0.09708410213904571,0.9029158978608152,1.3911094498553211e-13
1.419484217411017,-0.024441628727599772,-0.310480919212682,0.9473344915270353,-0.07457591268847408,0.09699579441000977,0.9030042055901054,1.1524114995609125e-13
1.419617639692538,-0.02439930319062234,-0.3103427602277962,0.9473880727339609,-0.07448412461415103,0.09690795482199534,0.903092045178105,1.0036416142611415e-13
1.419751061974059,-0.024357210698082374,-0.310205266805288,0.9474413620873489,-0.07439276940097926,0.0968205812667307,0.9031794187330782,1.9118040484045196e-13
1.4198808549340611,-0.024316485417311493,-0.31007214992510945,0.9474929232229158,-0.07430431225677407,0.09673602962222984,0.9032639703774585,3.1163960301228144e-13
1.41988448425558,-0.024315349778308477,-0.31006843665858275,0.9474943610594107,-0.07430184461970295,0.096733671646739,0.9032663283532711,1.021405182655144e-14
1.420017906537101,-0.024273718973708343,-0.3099322675164413,0.9475470711093333,-0.07421134786100056,0.09664722388069752,0.9033527761192223,8.01581023779363e-14
1.420151328818622,-0.02423231683474291,-0.3097967571140782,0.9475994936886223,-0.07412127672651975,0.09656123589757855,0.9034387641025026,8.104628079763643e-14
1.420284751100143,-0.024191141923073114,-0.30966190320106063,0.9476516302367928,-0.07403162883338364,0.0964757056416453,0.9035242943581752,1.795230630818878e-13
1.4204181733816639,-0.02415019280708057,-0.3095277035455141,0.9477034821840505,-0.07394240178347455,0.09639063107477887,0.9036093689252838,6.261657858885883e-14
1.4205515956631851,-0.024109468070415224,-0.30939415591268804,0.9477550509509252,-0.07385359323247634,0.09630601016356306,0.9036939898363389,9.803269307440132e-14
1.420685017944706,-0.024068966302607516,-0.3092612580918641,0.94780633794696,-0.07376520082187189,0.09622184089543866,0.9037781591047184,1.5698553568199713e-13
1.4208184402262272,-0.02402868610051576,-0.3091290078794989,0.9478573445734728,-0.0736772221953236,0.09613812126828038,0.9038618787322944,5.748734821509061e-13
1.420951862507748,-0.023988626079683165,-0.30899740308291807,0.947908072218736,-0.07358965504437112,0.0960548492931782,0.9039451507069901,1.6830981053317373e-13
1.421085284789269,-0.02394878485402069,-0.3088664415186179,0.9479585222664856,-0.07350249702943824,0.095972022992358,0.9040279770072215,4.205524817280093e-13
1.42121870707079,-0.023909161053035668,-0.30873612101980485,0.9480086960878125,-0.07341574584222485,0.09588964040461559,0.9041103595956848,3.0042635046356736e-13
1.4212442019099591,-0.023901614214133806,-0.3087112916530193,0.9480182521720921,-0.07339921520306812,0.09587394875611685,0.9041260512438548,2.8310687127941492e-14
1.421352129352311,-0.023869753314265583,-0.3086064394267604,0.9480585950425929,-0.0733293991965666,0.09580769957894665,0.9041923004206647,3.886890809212673e-13
1.421485551633832,-0.023830560287284353,-0.3084773945916657,0.9481082204847281,-0.07324345479955678,0.09572619857766809,0.9042738014216928,6.391553952767026e-13
1.421618973915353,-0.023791580625239474,-0.3083489843790477,0.9481575737574718,-0.07315791036791693,0.09564513547623744,0.9043548645230558,7.067679774763747e-13
1.421752396196874,-0.02375281299399456,-0.30822120666179215,0.9482066561944632,-0.07307276364573688,0.09556450836117887,0.9044354916383107,5.103695244201845e-13
1.4218858184783951,-0.0237142560688064,-0.3080940593274352,0.9482554691204521,-0.07298801236786615,0.09548431533375407,0.9045156846662603,1.4432899320127035e-14
1.4220192407599161,-0.02367590853247494,-0.30796754027307854,0.9483040138487223,-0.07290365430588498,0.09540455450668837,0.9045954454927496,5.619948950652542e-13
1.4221526630414372,-0.023637769077417752,-0.3078416474001905,0.9483522916896326,-0.07281968721396787,0.09532522400102053,0.9046747759989181,6.139533326177116e-14
1.4222860853229582,-0.02359983640414602,-0.3077163786352498,0.9484003039367326,-0.07273610887536971,0.09524632195869488,0.9047536780416167,3.115285807098189e-13
1.4224195076044792,-0.023562109221970145,-0.30759173189779826,0.9484480518813589,-0.07265291707217432,0.09516784652287504,0.9048321534766411,4.838351941316432e-13
1.4225529298860002,-0.023524586250590264,-0.30746770513436084,0.9484955368010943,-0.07257010961392694,0.09508979585885173,0.9049102041409736,1.7474910407599964e-13
1.4226075488858574,-0.02350928410733826,-0.30741711074303546,0.9485149000938807,-0.07253632113278653,0.0950579664168353,0.9049420335835833,4.18554080283684e-13
1.4226863521675213,-0.023487266215802362,-0.307344296290085,0.9485427599686413,-0.07248768429842516,0.09501216813633952,0.9049878318638758,2.1538326677728037e-13
1.4228197744490423,-0.02345014785205026,-0.3072215033264389,0.9485897226452913,-0.0724056389469627,0.09493496154044011,0.9050650384595887,2.886579864025407e-14
1.4229531967305633,-0.023413229906487202,-0.30709932421387137,0.9486364260838753,-0.07232397140173376,0.09485817426727051,0.9051418257325069,2.2259971643734389e-13
1.4230866190120843,-0.02337651112618799,-0.30697775693284873,0.9486828715314939,-0.07224267948075967,0.09478180452395593,0.9052181954758008,2.432498646953718e-13
1.4232200412936054,-0.023339990276530755,-0.30685679947700567,0.9487290602226361,-0.07216176105082223,0.09470585053137982,0.9052941494688821,2.6201263381153694e-13
1.4233534635751264,-0.023303666125609506,-0.30673644984340476,0.9487749933861945,-0.0720812139703082,0.0946303105174294,0.905369689482407,1.6353585152728556e-13
1.4234868858566474,-0.02326753744729071,-0.3066167060476152,0.9488206722419842,-0.07200103610236683,0.09455518272635073,0.905444817273545,1.042499420123022e-13
1.4236203081381684,-0.023231603029510123,-0.3064975661076684,0.9488660980018153,-0.07192122533450894,0.09448046540924526,0.9055195345908078,5.306866057708248e-14
1.4237537304196894,-0.023195861663657908,-0.3063790280595982,0.9489112718676396,-0.07184177955406618,0.0944061568330636,0.9055938431669565,1.9984014443252818e-14
1.4238871527012105,-0.02316031215374518,-0.30626108994196943,0.9489561950355402,-0.07176269666163437,0.09433225527150203,0.9056677447284801,1.787459069646502e-14
1.4239708958617554,-0.023138096791637405,-0.30618737106971616,0.9489842637595405,-0.07171324431906363,0.09428607772572321,0.9057139222740026,2.7422508708241367e-13
1.4240205749827313,-0.023124953305029887,-0.30614374980689046,0.9490008686925157,-0.07168397456546934,0.09425875901118377,0.9057412409886523,1.6397994073713562e-13
1.4241539972642525,-0.023089783935698504,-0.3060270057203664,0.9490452940161497,-0.0716056111863172,0.0941856663523704,0.905814333647566,6.361577931102147e-14
1.4242874195457733,-0.02305480287170463,-0.30591085574595483,0.9490894721792312,-0.07152760445828091,0.09411297559867556,0.9058870244009921,3.3228975127030935e-13
1.4244208418272943,-0.02302000894388533,-0.3057952979702649,0.9491334043442469,-0.07144995231279574,0.09404068507249966,0.9059593149276004,1.0014211682118912e-13
1.4245542641088154,-0.02298540099249451,-0.3056803304822485,0.9491770916663224,-0.07137265270017386,0.09396879310252244,0.9060312068975979,1.2034817586936697e-13
1.4246876863903364,-0.02295097786553332,-0.30556595138271686,0.9492205352921437,-0.07129570358524139,0.09389729802940909,0.9061027019700187,5.722089468918057e-13
1.4248211086718574,-0.022916738419325816,-0.30545215878292803,0.9492637363621578,-0.07121910293353692,0.09382619820493089,0.9061738017949019,1.6719958750854857e-13
1.4249545309533784,-0.02288268151287523,-0.30533895080095785,0.94930669600881,-0.07114284871385754,0.09375549198944945,0.9062445080102862,2.6434410216324977e-13
1.4250879532348995,-0.022848806019780808,-0.3052263255681067,0.9493494153554333,-0.07106693892156166,0.09368517775633746,0.906314822243384,2.785549568784518e-13
1.4252213755164205,-0.022815110816421593,-0.30511428122209805,0.9493918955192487,-0.0709913715538998,0.09361525388724311,0.906384746112736,2.0872192862952943e-14
1.4253342428376536,-0.022786746616163023,-0.30501995053243997,0.9494276452877554,-0.07092771192513811,0.09355640604416131,0.9064435939555872,2.5157653738006047e-13
1.4253547977979415,-0.022781594786720382,-0.3050028159094812,0.949434137610505,-0.07091614461104456,0.09354571877373918,0.9064542812266982,4.374278717023117e-13
1.4254882200794625,-0.022748256822064376,-0.3048919277859635,0.9494761427312232,-0.0708412561077805,0.0934765708174838,0.90652342918269,1.7386092565629951e-13
1.4256216423609835,-0.022715095822065958,-0.30478161502393697,0.9495179119746963,-0.07076670406603638,0.09340780843480495,0.9065921915651571,3.7969627442180354e-14
1.4257550646425046,-0.02268211069517189,-0.30467187579475813,0.9495594464291622,-0.07069248652855181,0.09333943004588456,0.9066605699544467,3.312905505481467e-13
1.4258884869240256,-0.022649300351998292,-0.3045627082831966,0.9496007471743156,-0.07061860153019552,0.0932714340832305,0.9067285659160992,6.703526622686695e-13
1.4260219092055466,-0.022616663712537767,-0.30445411068862716,0.9496418152832772,-0.07054504711738005,0.09320381899268886,0.9067961810073113,2.220446049250313e-16
1.4261553314870676,-0.022584199705404782,-0.3043460812076639,0.9496826518222043,-0.07047182135523934,0.09313658322279553,0.9068634167771791,2.5424107263916085e-14
1.4262887537685887,-0.022551907264779632,-0.30423861805541674,0.9497232578487688,-0.07039892231578301,0.09306972523754897,0.9069302747621025,3.4849900742983664e-13
1.4264221760501097,-0.022519785330844158,-0.30413171945235057,0.9497636344154262,-0.07032634807159405,0.09300324350839059,0.9069967564910864,5.230260669009112e-13
1.4265555983316307,-0.022487832850438854,-0.3040253836298819,0.949803782566965,-0.07025409670771166,0.09293713651760616,0.907062863482731,3.3706371027619753e-13
1.4266890206131517,-0.022456048780925046,-0.3039196088248343,0.9498437033401655,-0.07018216632535827,0.09287140275509158,0.9071285972450808,1.723066134218243e-13
1.4266975898135517,-0.022454013142571252,-0.3039128344481642,0.94984625955125,-0.07017755743774144,0.092867193648524,0.907132806351428,4.796163466380676e-14
1.4268224428946727,-0.022424432080056095,-0.30381439328628296,0.9498833977663981,-0.07011055502275756,0.09280604072202525,0.9071939592778364,1.383337888682945e-13
1.4269558651761938,-0.022392981717657877,-0.3037097352710036,0.9499228668699163,-0.07003926091203162,0.09274104892859045,0.9072589510714644,5.484501741648273e-14
1.4270892874577148,-0.02236169666702655,-0.30360563304359767,0.9499621116671997,-0.06996828212118761,0.09267642589363176,0.9073235741061951,1.730837695390619e-13
1.4272227097392358,-0.022330575909752976,-0.3035020848758029,0.9500011331698422,-0.06989761677614605,0.09261217014442027,0.9073878298549694,6.104006189389111e-13
1.4273561320207566,-0.022299618432401927,-0.30339908905220314,0.9500399323820584,-0.06982726300914797,0.09254828021993743,0.9074517197798547,2.078337502098293e-13
1.4274895543022779,-0.02226882322803603,-0.30329664386574273,0.9500785102999213,-0.0697572189694378,0.0924847546681847,0.9075152453320677,2.524647157997606e-13
1.4276229765837987,-0.02223818929967999,-0.30319474761086884,0.9501168679143724,-0.06968748282139312,0.09242159204214685,0.9075784079573991,4.54081217071689e-13
1.4277563988653197,-0.022207715650852552,-0.3030933985990224,0.950155006210796,-0.06961805271552468,0.092358790908735,0.9076412090913394,7.438494264988549e-14
1.4278898211468407,-0.022177401294590508,-0.30299259514709614,0.9501929261651049,-0.06954892683383423,0.09229634984215343,0.9077036501579426,9.614531393253856e-14
1.4280232434283617,-0.022147245250721682,-0.30289233557797607,0.950230628750184,-0.06948010334809644,0.0922342674240769,0.9077657325762323,3.090860900556436e-13
1.42806093678945,-0.022138754359632893,-0.3028641093723045,0.9502412409273827,-0.06946071443802665,0.09221679319047538,0.9077832068094532,7.138734048339757e-14
1.4281566657098828,-0.022117246544573362,-0.302792618223973,0.9502681149302917,-0.06941158045488857,0.09217254224564213,0.9078274577544158,5.795364188543317e-14
1.4282900879914038,-0.022087404205056425,-0.3026934414272325,0.9503053856645113,-0.06934335634119107,0.09211117290757899,0.9078888270916371,7.83928477687823e-13
1.4284235102729248,-0.02205771727004384,-0.3025948035410716,0.9503424419051794,-0.06927542921412308,0.09205015802122492,0.9079498419791,3.248512570053208e-13
1.4285569325544458,-0.02202818478545281,-0.30249670291599307,0.9503792845982322,-0.06920779729463213,0.0919894961999886,0.9080105037998227,1.886268918838141e-13
1.4286903548359668,-0.02199880579619606,-0.3023991379230692,0.9504159146844839,-0.06914045878826566,0.09192918607307415,0.9080708139269962,7.038813976123492e-14
1.4288237771174879,-0.021969579361317864,-0.30230210693395726,0.9504523330970018,-0.06907341193672524,0.09186922627402296,0.9081307737261146,1.376676550535194e-13
1.429424283765348,-0.02183990049690219,-0.30187195733994054,0.9506136494341492,-0.06877521084683279,0.0916036598819615,0.9083963401175377,5.008216064084081e-13
1.4307876307412462,-0.02155644839230755,-0.3009346504581361,0.950964476334838,-0.06811916349834617,0.09102634431365077,0.9089736556865072,1.580957587066223e-13
1.4321509777171442,-0.02128745633683634,-0.3000505458706308,0.9512946492396964,-0.06749077309793765,0.09048348587455622,0.9095165141254344,9.325873406851315e-15
1.4335143246930424,-0.02103203936979131,-0.29921808103070685,0.9516050367779992,-0.06688831948010543,0.08997380669575107,0.9100261933041296,1.1934897514720433e-13
1.4348776716689404,-0.020789364969455132,-0.29843576927906923,0.9518964528620374,-0.06631015719131449,0.08949610608102306,0.9105038939180661,9.108269694024784e-13
1.4362410186448387,-0.020558649098399568,-0.297702195708941,0.952169660594872,-0.06575471130939921,0.08904925538267575,0.9109507446167362,5.880851361439454e-13
1.437604365620737,-0.02033915258906743,-0.29701601328616845,0.9524253758426018,-0.06522047358536258,0.08863219327645078,0.9113678067236202,7.105427357601002e-14
1.438967712596635,-0.02013017781552491,-0.29637593920686917,0.9526642705181186,-0.06470599878896245,0.08824392139963842,0.9117560786010963,7.347455976969286e-13
1.4403310595725332,-0.019931065639316854,-0.29578075149681965,0.952886975586392,-0.06420990129251629,0.08788350033354213,0.9121164996661759,2.8199664825478976e-13
1.4416944065484312,-0.01974119259250266,-0.2952292858137844,0.9530940838337655,-0.06373085182290746,0.08755004588709146,0.9124499541129983,8.970602038971265e-14
1.4430577535243294,-0.019559968299764793,-0.29472043242700713,0.9532861524034635,-0.06326757452164282,0.08724272564984986,0.9127572743500512,9.903189379656396e-14
1.4444211005002274,-0.019386833081263613,-0.29425313341945325,0.9534637051338033,-0.06281884405450014,0.08696075582408734,0.9130392441758237,8.892886427247504e-14
1.4457844474761257,-0.019221255758610976,-0.2938263800280928,0.9536272347087976,-0.06238348297552002,0.08670339827335112,0.9132966017265051,1.4377388168895777e-13
1.4471477944520237,-0.019062731621970083,-0.2934392101468657,0.9537772046408065,-0.061960359252054904,0.08646995778850763,0.9135300422110745,4.178879464689089e-13
1.448511141427922,-0.018910780541712992,-0.2930907059974113,0.953914051098103,-0.06154838385086208,0.08625977956275786,0.9137402204370473,1.9484414082171497e-13
1.44987448840382,-0.01876494524515927,-0.29277999191541676,0.95403818458652,-0.061146508605848665,0.08607224683604531,0.9139277531638277,1.270095140171179e-13
1.4512378353797182,-0.01862478969376897,-0.2925062322790472,0.9541499915088998,-0.060753724084894344,0.08590677871322103,0.9140932212866172,1.617594946878853e-13
1.4526011823556162,-0.01848989759520058,-0.29226862955180827,0.9542498356028318,-0.06036905762678861,0.08576282813317314,0.914237171866778,4.884981308350689e-14
1.4539645293315144,-0.018359871017017977,-0.2920664224488773,0.9543380592636641,-0.059991571532263775,0.08563987998584761,0.9143601200140473,1.0502709812953981e-13
1.4553278763074127,-0.01823432910651168,-0.29189888419145427,0.9544149847781388,-0.05962036129390243,0.08553744935018062,0.9144625506498705,5.10702591327572e-14
1.4566912232833107,-0.018112906886517822,-0.2917653208752645,0.9544809154587165,-0.059254553950443024,0.08545507986132576,0.9145449201387754,1.0125233984581428e-13
1.458054570259209,-0.017995254150401336,-0.29166506992308794,0.9545361366955467,-0.05889330655852269,0.08539234218517733,0.9146076578150554,2.327027459614328e-13
1.459417917235107,-0.01788103442405026,-0.29159749862458295,0.9545809169312279,-0.058535804721226395,0.08534883259618775,0.9146511674036254,1.8685053504441385e-13
1.4607812642110052,-0.017769923999663328,-0.29156200276245875,0.954615508565,-0.05818126119011292,0.08532417165380979,0.9146758283464855,2.9531932455029164e-13
1.4621446111869032,-0.017661611035762973,-0.29155800530370457,0.9546401487869485,-0.057828914589339434,0.08531800296105359,0.9146819970385481,3.9823699893304365e-13
1.4635079581628014,-0.01755579472062878,-0.2915849551775016,0.954655060355736,-0.057478028175153774,0.0853299920141385,0.9146700079857176,1.438849039914203e-13
1.4648713051386995,-0.017452184478475775,-0.2916423260999921,0.9546604523197985,-0.05712788864083328,0.08535982511608486,0.9146401748840018,8.659739592076221e-14
1.4662346521145977,-0.017350499239665265,-0.2917296154755868,0.9546565206834324,-0.05677780505583396,0.08540720836939936,0.9145927916303553,2.453592884421596e-13
1.4675979990904957,-0.01725046675626083,-0.2918463433583912,0.9546434490264039,-0.05642710781143212,0.08547186673497284,0.9145281332649914,3.574918139293004e-14
1.468961346066394,-0.017151822943583424,-0.2919920514522728,0.9546214090826546,-0.05607514761130985,0.08555354314159479,0.9144464568585831,1.7785772854495008e-13
1.470324693042292,-0.01705431128757023,-0.29216630218540973,0.9545905612701501,-0.05572129456105309,0.08565199766618951,0.9143480023336197,1.908473379330644e-13
1.4716880400181902,-0.016957682271461234,-0.2923686778107515,0.9545510551922379,-0.05536493726543496,0.08576700675282685,0.9142329932470203,1.5276668818842154e-13
1.4730513869940882,-0.01686169283707388,-0.2925987795707977,0.9545030300932928,-0.05500548200816647,0.08589836249165209,0.9141016375082283,1.1968204205459188e-13
1.4744147339699865,-0.01676610589177101,-0.2928562268924384,0.954446615289167,-0.054642351949353,0.08604587193644946,0.9139541280635042,4.6407322429331543e-14
1.4757780809458847,-0.01667068982206184,-0.2931406566257603,0.954381930565898,-0.054274986349103736,0.0862093564661253,0.9137906435338857,1.1102230246251565e-14
1.4771414279217827,-0.01657521805926015,-0.29345172232256383,0.9543090865451838,-0.053902839898472436,0.08638865118779113,0.9136113488118235,3.8535841184739184e-13
1.478504774897681,-0.016479468647393476,-0.2937890935534458,0.9542281850293992,-0.05352538199338306,0.08658360437785571,0.9134163956220387,1.0558220964185239e-13
1.479868121873579,-0.016383223849369744,-0.29415245524833433,0.954139319316935,-0.053142096126377485,0.08679407695232191,0.9132059230472891,3.8902214782865485e-13
1.4812314688494772,-0.01628626976849575,-0.29454150707809024,0.9540425744997855,-0.052752479247765584,0.08701994197480489,0.9129800580249647,2.3037127760972e-13
1.4825948158253752,-0.01618839599561369,-0.2949559628575009,0.9539380277343923,-0.05235604121583012,0.08726108419010627,0.9127389158095758,3.1796787425264483e-13
1.4839581628012735,-0.01608939526274329,-0.29539554998978734,0.9538257484950774,-0.05195230422496944,0.08751739959368975,0.9124826004064786,1.6830981053317373e-13
1.4853215097771715,-0.01598906312695467,-0.2958600089195895,0.9537057988095488,-0.05154080227901221,0.08778879501757732,0.9122112049825238,1.0125233984581428e-13
1.4866848567530697,-0.01588719766308009,-0.29634909262445797,0.9535782334755938,-0.05112108070862116,0.08807518774892532,0.9119248122512511,1.765254609153999e-13
1.4880482037289677,-0.01578359917615019,-0.29686256612621237,0.9534431002593627,-0.050692695707292304,0.08837650516999318,0.9116234948302577,2.509104035652854e-13
1.489411550704866,-0.015678069918268256,-0.2974002060200488,0.9533004400835859,-0.05025521385114391,0.08869268441712959,0.9113073155827827,8.770761894538737e-14
1.490774897680764,-0.015570413828060063,-0.29796180002537437,0.9531502871982828,-0.04980821169503419,0.08902367206113823,0.9109763279384263,4.354294702579864e-13
1.4921382446566622,-0.01546043628240885,-0.29854714656805553,0.9529926693342748,-0.049351275373451,0.08936942381397046,0.9106305761858526,1.7685852782278744e-13
1.4935015916325605,-0.015347943844115322,-0.2991560543617447,0.9528276078513804,-0.04888400019241028,0.08972990424152927,0.9102700957585956,1.247890679678676e-13
1.4948649386084585,-0.015232744045848755,-0.2997883420183155,0.9526551178692554,-0.04840599029514443,0.09010508650125684,0.9098949134989388,1.9562129693895258e-13
1.4962282855843567,-0.015114645156958451,-0.3004438376774989,0.9524752083883471,-0.047916858296671944,0.09049495209660409,0.9095050479034484,5.262457136723242e-14
1.4975916325602547,-0.014993455972572086,-0.3011223786435382,0.9522878824028395,-0.0474162249320019,0.09089949064194383,0.9091005093580867,3.064215547965432e-14
1.498954979536153,-0.014868985616893492,-0.30182381103562306,0.9520931369990518,-0.04690371880283783,0.09131869964134291,0.9086813003582311,4.2599257454867256e-13
1.500318326512051,-0.014741043337340201,-0.3025479894682451,0.9518909634483252,-0.04637897600483243,0.09175258428995074,0.9082474157098376,2.1171953079601735e-13
1.5016816734879492,-0.01460943831932666,-0.3032947767217692,0.9516813472873832,-0.04584163991759311,0.09220115727471406,0.9077988427250631,2.2293278334473143e-13
1.5030450204638472,-0.01447397950876293,-0.304064043438258,0.9514642683960126,-0.04529136088586614,0.09266443859484295,0.9073355614052534,9.636735853746359e-14
1.5044083674397455,-0.01433447542252015,-0.30485566783115203,0.951239701059556,-0.044727795985915954,0.0931424553944165,0.9068575446056311,4.75175454539567e-14
1.5057717144156435,-0.014190733986717963,-0.305669535397691,0.9510076140303602,-0.044150608769367466,0.09363524180132204,0.9063647581984239,2.540190280342358e-13
1.5071350613915417,-0.014042562373163847,-0.3065055386435027,0.9507679705781421,-0.04355946906765426,0.09414283877714791,0.9058571612227345,1.1757261830780408e-13
1.5084984083674398,-0.01388976683264676,-0.3073635768194939,0.9505207285351777,-0.042954052737001376,0.09466529397793823,0.905334706021578,4.838351941316432e-13
1.509861755343338,-0.013732152536254967,-0.308243555672825,0.9502658403338745,-0.0423340414726651,0.09520266162710496,0.9047973383728539,4.107825191113079e-14
1.511225102319236,-0.013569523435760204,-0.3091453871850153,0.9500032530411228,-0.041699122616092064,0.09575500238404665,0.9042449976156673,2.859934511434403e-13
1.5125884492951343,-0.013401682104460853,-0.31006898934542226,0.9497329083842683,-0.04104898896608418,0.09632238323692058,0.9036776167631785,9.903189379656396e-14
1.5139517962710325,-0.013228429596057745,-0.3110142859149526,0.9494547427709048,-0.04038333860523185,0.09690487739276572,0.9030951226070699,1.6431300764452317e-13
1.5153151432469305,-0.013049565306904362,-0.31198120620006997,0.9491686873069741,-0.03970187474974081,0.09750256417674974,0.9024974358226885,5.617728504603292e-13
1.5166784902228287,-0.012864886834051287,-0.3129696848368199,0.9488746678077562,-0.039004305568587395,0.09811552894011136,0.9018844710601676,2.788880237858393e-13
1.5180418371987268,-0.012674189841365369,-0.31397966157392376,0.9485726048021433,-0.03829034406911086,0.09874386297021066,0.9012561370300541,2.6489921367556235e-13
1.519405184174625,-0.012477267934372096,-0.31501108106923786,0.9482624135370418,-0.03755970794874268,0.09938766341151606,0.9006123365882907,1.9328982858723975e-13
1.520768531150523,-0.012273912519913775,-0.3160638926885224,0.9479440039737601,-0.03681211947387257,0.10004703318996831,0.8999529668099627,6.894484982922222e-14
1.5221318781264213,-0.012063912682984903,-0.3171380503061748,0.9476172807820339,-0.036047305334033074,0.10072208094122452,0.8992779190585809,1.9462209621678994e-13
1.5234952251023193,-0.011847055069053092,-0.31823351211037876,0.9472821433298731,-0.03526499658543712,0.10141292094391577,0.898587079055809,2.752242878045763e-13
1.5248585720782175,-0.011623123749865412,-0.3193502404203102,0.9469384856690727,-0.03446492849768828,0.10211967306221463,0.8978803269375873,1.9806378759312793e-13
1.5262219190541155,-0.011391900107773058,-0.32048820149825835,0.9465861965176544,-0.03364684048811201,0.10284246268765375,0.8971575373125921,2.4580337765200966e-13
1.5275852660300138,-0.01115316271977799,-0.3216473653642725,0.946225159239649,-0.03281047602717081,0.10358142068443167,0.8964185793152288,3.3950620093037287e-13
1.5289486130059118,-0.010906687230391376,-0.3228277056299617,0.9458552518198103,-0.03195558255121047,0.10433668334864679,0.8956633166513043,4.8960835385969403e-14
1.53031195998181,-0.010652246246142782,-0.32402919930553514,0.945476346838158,-0.031081911408999647,0.10510839235267469,0.8948916076472659,5.939693181744587e-14
1.5316753069577083,-0.010389609210574736,-0.32525182664360275,0.9450883114374098,-0.03018921777246224,0.10589669471454868,0.8941033052853277,1.2367884494324244e-13
1.5330386539336063,-0.010118542298155802,-0.3264955709563697,0.9446910072924403,-0.02927726060082752,0.10670174275236542,0.893298257247494,1.4055423491754482e-13
1.5344020009095045,-0.009838808296203884,-0.32776041845291526,0.9442842905732198,-0.028345802571319714,0.10752369405311954,0.8924763059467813,9.914291609902648e-14
1.5357653478854025,-0.009550166500858517,-0.3290463580736101,0.9438680119053996,-0.02739461005148922,0.10836271144170054,0.8916372885581249,1.7463808177353712e-13
1.5371286948613008,-0.009252372593995126,-0.330353381318271,0.9434420163330742,-0.026423453035730703,0.10921896294703308,0.8907810370529481,1.887379141862766e-14
1.5384920418371988,-0.008945178549168426,-0.3316814820841328,0.9430061432736532,-0.02543210513819907,0.1100926217768034,0.8899073782236102,4.1366909897533333e-13
1.539855388813097,-0.008628332509712223,-0.33303065650546,0.9425602264718529,-0.024420343550796884,0.11098386629435582,0.8890161337058096,1.6542323066914832e-13
1.541218735788995,-0.008301578692383044,-0.3344009027878698,0.9421040939544354,-0.023387949037520377,0.1118928799941282,0.8881071200058893,1.7541523789077473e-14
1.5425820827648933,-0.007964657270631685,-0.335792221044595,0.9416375679806605,-0.02233470590490405,0.11281985147950079,0.8871801485203914,1.078026556911027e-13
1.5439454297407913,-0.007617304275123939,-0.3372046131394931,0.9411604649897207,-0.02126040200816863,0.11376497444697503,0.8862350255532162,1.9118040484045196e-13
1.5453087767166895,-0.0072592514860746055,-0.338638082517223,0.9406725955499459,-0.020164828735036094,0.11472844766307963,0.8852715523365852,3.3517633113433476e-13
1.5466721236925876,-0.0068902263285055675,-0.34009263404960033,0.9401737643030704,-0.019047781032600283,0.1157104749536534,0.8842895250460713,2.753353101070388e-13
1.5480354706684858,-0.006509951772292969,-0.3415682738642434,0.9396637699090673,-0.01790905740651782,0.11671126518267633,0.8832887348169105,4.1322500976548326e-13
1.549398817644384,-0.006118146220044954,-0.3430650091893581,0.9391424049883956,-0.016748459916124933,0.11773103224326424,0.8822689677569496,2.1382895454280515e-13
1.550762164620282,-0.005714523418915481,-0.3445828481794912,0.9386094560635492,-0.015565794252733472,0.11876999503739562,0.8812300049626299,2.55351295663786e-14
1.5521255115961803,-0.005298792343435617,-0.34612179976394564,0.9380647034980164,-0.014360869706203866,0.11982837747213176,0.8801716225275402,3.2795988147427124e-13
1.5534888585720783,-0.004870657106138856,-0.34768187346787616,0.937507921438008,-0.01313349923492327,0.1209064084387778,0.879093591561168,5.4289905904170155e-14
1.5548522055479765,-0.004429816857557647,-0.34926307924815586,0.9369388777479735,-0.01188349952138102,0.1220043218032951,0.8779956781965065,1.9839685450051547e-13
1.5562155525238746,-0.003975965675311413,-0.3508654273282276,0.9363573339486926,-0.010610690968474583,0.12312235639727104,0.876877643602332,3.97015753605956e-13
1.5575788994997728,-0.0035087924783213,-0.3524889280238414,0.9357630451537072,-0.0093148977834292,0.12426075600405277,0.875739243996055,1.0769163338864018e-13
1.5589422464756708,-0.003027980928588848,-0.35413359156461965,0.9351557600053925,-0.007995948065871093,0.12541976934296076,0.8745802306567353,3.0397906414236786e-13
1.560305593451569,-0.0025332093242564258,-0.3557994279288996,0.9345352206099442,-0.006653673810393464,0.12659965006401272,0.8734003499356523,3.3495428652940973e-13
1.561668940427467,-0.002024150516903336,-0.35748644665873097,0.9339011624723985,-0.0052879110172328655,0.12780065673000074,0.8721993432702234,2.2426505097428162e-13
1.5630322874033653,-0.0015004718073671896,-0.359194656679614,0.933253314431073,-0.0038984997728688567,0.12902305280283044,0.870976947197062,1.0758061108617767e-13
1.5643956343792633,-0.0009618348605622217,-0.36092406612032374,0.9325913985935474,-0.002485284306526072,0.13026710663112684,0.8697328933687534,1.197930643570544e-13
1.5657589813551616,-0.00040789560584054014,-0.36267468212551424,0.9319151302693677,-0.0010481131027623343,0.13153309143366806,0.8684669085660487,2.8321789358187743e-13
1.5671223283310596,0.00016169584841421432,-0.3644465106708855,0.9312242179045442,0.00041316101167912744,0.13282128528573123,0.8671787147139517,3.170796958329447e-13
1.5684856753069578,0.0007472953025015182,-0.3662395563615362,0.9305183630199194,0.001898680764978973,0.134131971094164,0.865868028905918,8.193445921733655e-14
1.569849022282856,0.001349264564741529,-0.3680538222438707,0.9297972601431547,0.0034085843437103337,0.13546543658318846,0.8645345634169451,1.3367085216486885e-13
1.571212369258754,0.001967971521696911,-0.3698893096096256,0.9290605967448451,0.00494300524320123,0.1368219742753957,0.8631780257247222,1.1790568521519162e-13
1.5725757162346523,0.002603790231646535,-0.3717460177794224,0.9283080531801552,0.006502072180850459,0.13820188145842907,0.8617981185417748,2.0383694732117874e-13
1.5739390632105503,0.0032571010117193547,-0.37362394391308507,0.9275393026194765,0.00808590897331926,0.13960546017216868,0.8603945398277494,8.193445921733655e-14
1.5753024101864486,0.003928290508138887,-0.37552308278834684,0.9267540109926842,0.009694634367634541,0.14103301717317993,0.85896698282655,2.7000623958883807e-13
1.5766657571623466,0.0046177517778394845,-0.3774434265861782,0.9259518369286855,0.011328361921455223,0.14248486390459747,0.8575151360954306,2.7977620220553945e-14
1.5780291041382448,0.005325884371870773,-0.37938496467708993,0.9251324316943325,0.012987199858532753,0.14396131646737934,0.8560386835328343,2.1360690993788012e-13
1.5793924511141428,0.006053094400657464,-0.3813476833926173,0.9242954391405321,0.014671250910409871,0.14546269558073915,0.8545373044192652,4.440892098500626e-15
1.580755798090041,0.006799794608956771,-0.3833315657975579,0.9234404956477245,0.016380612150151474,0.14698932654353145,0.8530106734565287,6.017408793468348e-14
1.582119145065939,0.007566404447870049,-0.38533659145971255,0.9225672300704668,0.018115374839473283,0.1485415391940582,0.8514584608054683,4.735101200026293e-13
1.5834824920418373,0.008353350128999527,-0.3873627362102381,0.9216752636903877,0.019875624221809676,0.15011966786266015,0.8498803321369521,3.8768988019910466e-13
1.5848458390177353,0.009161064702202622,-0.3894099718989439,0.9207642101659569,0.021661439391694407,0.15172405132081418,0.8482759486790588,1.270095140171179e-13
1.5862091859936336,0.009989988102535775,-0.3914782661491131,0.9198336754884676,0.02347289305569302,0.1533550327294046,0.8466449672710274,4.3209880118411093e-13
1.5875725329695318,0.010840567211455569,-0.3935675821005748,0.9188832579397361,0.025310051360355697,0.15501295957795874,0.8449870404218074,2.3381296898605797e-13
1.5889358799454298,0.01171325590673787,-0.3956778781543159,0.9179125480543832,0.02717297369766531,0.15669818362463836,0.8433018163752641,9.747758156208874e-14
1.590299226921328,0.012608515111877418,-0.3978091077070899,0.9169211285819259,0.02906171246943014,0.1584110608280375,0.8415889391716088,3.5371705564557487e-13
1.591662573897226,0.013526812835483694,-0.39996121887924513,0.9159085744586376,0.03097631288943117,0.16015195127285767,0.8398480487270775,6.483702463810914e-14
1.5930259208731243,0.014468624213314966,-0.4021341542400903,0.9148744527774493,0.0329168127602718,0.16192121909301882,0.8380787809071317,1.5054624213917123e-13
1.5943892678490224,0.015434431547502446,-0.4043278505260558,0.9138183227663367,0.03488324222749818,0.163719232388215,0.836280767611783,1.9984014443252818e-15
1.5957526148249206,0.016424724315924163,-0.40654223835556014,0.9127397357698274,0.03687562353255563,0.16554636313600324,0.8344536368640889,9.214851104388799e-14
1.5971159618008186,0.01743999922180762,-0.408777241928257,0.9116382352358255,0.038893970802886965,0.1674029870913294,0.832597012908706,3.552713678800501e-14
1.5984793087767168,0.018480760194470557,-0.4110327787365158,0.9105133567046846,0.04093828976696107,0.16928948369322708,0.8307105163066759,9.703349235223868e-14
1.5998426557526149,0.01954751839996318,-0.41330875924614124,0.909364627813204,0.04300857747844173,0.17120623594518164,0.8287937640545663,2.5202062658991053e-13
1.601206002728513,0.02064079225903411,-0.4156050865960901,0.908191568290659,0.04510482209530496,0.17315363030962413,0.8268463696904956,1.1968204205459188e-13
1.6025693497044111,0.02176110743691204,-0.4179216562740959,0.9069936899717289,0.04722700256333088,0.17513205657976438,0.8248679434196493,5.863087793045452e-13
1.6039326966803094,0.022908996829395824,-0.42025835579133525,0.905770496817109,0.04937508833338924,0.17714190774816574,0.8228580922522425,4.0811798385220754e-13
1.6052960436562074,0.02408500056467342,-0.42261506435108376,0.904521484929416,0.05154903909670099,0.17918357986867098,0.8208164201307089,6.201705815556124e-13
1.6066593906321056,0.025289665956727346,-0.42499165251891624,0.9032461425911132,0.053748804445549254,0.18125747191496208,0.8187425280850515,1.354472090042691e-14
1.6080227376080038,0.02652354749834045,-0.42738798186691823,0.9019439502980766,0.055974323617445275,0.18336398561617395,0.8166360143837297,9.636735853746359e-14
1.6093860845839019,0.027787206796454637,-0.4298039046298943,0.9006143808133421,0.05822552511385793,0.18550352529665226,0.814496474702584,7.637224186396452e-13
1.6107494315598,0.029081212543895594,-0.432239263355842,0.8992568992138823,0.06050232645317778,0.18767649770942416,0.8123235022900134,5.624389842751043e-13
1.6121127785356981,0.030406140441452546,-0.43469389052619056,0.8978709629667289,0.06280463377418234,0.18988331183734106,0.8101166881623103,3.4861002973229915e-13
1.6134761255115964,0.03176257314350046,-0.4371676082019255,0.8964560219953146,0.06513234154192014,0.19212437871368848,0.8078756212863973,8.570921750106208e-14
1.6148394724874944,0.03315110018039117,-0.439660227644171,0.8950115187647771,0.06748533220678042,0.19440011121529457,0.8055998887846926,1.2878587085651816e-14
1.6162028194633926,0.0345723178486866,-0.4421715489285999,0.8935368883837685,0.06986347581605035,0.19671092384334785,0.803289076155647,1.0050849041931542e-12
1.6175661664392906,0.036026829132834094,-0.4447013605637998,0.8920315587064628,0.07226662969071179,0.19905723250466106,0.8009427674951362,2.0272672429655358e-13
1.6189295134151889,0.037515243585907444,-0.447249439098853,0.890494950445106,0.07469463806523112,0.2014394542755486,0.7985605457239274,5.240252676230739e-13
1.6202928603910869,0.039038177190643335,-0.4498155487170207,0.8889264773130809,0.07714733167911543,0.20385800714596253,0.7961419928534506,5.868638908168577e-13
1.6216562073669851,0.04059625224555428,-0.45239944084132505,0.8873255461542245,0.07962452745028555,0.20631330976992818,0.7936866902295742,4.976019596369952e-13
1.6230195543428831,0.042190097193965714,-0.4550008537217965,0.8856915571046025,0.0821260280570675,0.20880578118879992,0.7911942188108058,3.943512183468556e-13
1.6243829013187814,0.04382034646818857,-0.45761951201713896,0.8840239037628141,0.08465162155863049,0.2113358405433965,0.7886641594565508,5.2735593669694936e-14
1.6257462482946796,0.04548764031109021,-0.460255126381816,0.882321973367856,0.08720108101447734,0.21390390678181245,0.7860960932178409,3.4661162828797387e-13
1.6271095952705776,0.0471926245793241,-0.46290739304106115,0.8805851470006655,0.08977416407255488,0.21651039834675656,0.7834896016531098,1.3367085216486885e-13
1.6284729422464759,0.048935950530740506,-0.4655759933567098,0.8788127997994328,0.09237061255324118,0.21915573284443413,0.780844267154779,7.86926079854311e-13
1.629836289222374,0.0507182746110085,-0.4682605934056087,0.8770043011821024,0.09499015208304318,0.22184032671609052,0.7781596732846675,7.580602812140569e-13
1.6311996361982721,0.05254025819790391,-0.4709608435355897,0.8751590150947979,0.09763249163259645,0.2245645948752566,0.7754354051240855,6.579181643928678e-13
1.6325629831741701,0.05440256735245514,-0.47367637793591993,0.8732763002750186,0.10029732314213413,0.22732895034903086,0.7726710496515021,5.329070518200751e-13
1.6339263301500684,0.056305872537583394,-0.4764068141831912,0.8713555105297368,0.10298432106972166,0.23013380388239624,0.76986619611673,8.737455203799982e-13
1.6352896771259664,0.05825084832148001,-0.47915175281553085,0.8693959950346603,0.10569314197696647,0.23297956355636765,0.7670204364432702,3.6215475063272606e-13
1.6366530241018646,0.060238173073642445,-0.4819107768687526,0.8673970986478887,0.10842342412754892,0.23586663435749478,0.7641333656423175,1.8773871346411397e-13
1.6380163710777627,0.062268528623129614,-0.4846834514491061,0.8653581622432421,0.11117478704017963,0.23879541776550753,0.7612045822344308,6.17284001691587e-14
1.639379718053661,0.0643425999088583,-0.4874693232688045,0.8632785230746249,0.11394683105101126,0.24176631129117762,0.7582336887084734,3.489430966396867e-13
1.640743065029559,0.06646107460244394,-0.49026792021186294,0.8611575151439798,0.11673913690421849,0.2447797080261772,0.7552202919740956,2.7267077484793845e-13
1.6421064120054572,0.06862464272736317,-0.4930787508829008,0.858994469594294,0.11955126534092651,0.24783599616169996,0.7521640038381991,1.0091927293842673e-13
1.6434697589813554,0.07083399622440258,-0.4959013041639181,0.8567887151387401,0.12238275661781325,0.25093555849259347,0.7490644415064679,9.385825450181073e-13
1.6448331059572534,0.07308982852252213,-0.49873504876710645,0.8545395784970864,0.12523313011998838,0.2540787719021797,0.7459212280976282,1.9206858326015208e-13
1.6461964529331516,0.07539283409702777,-0.5015794328059668,0.852246384841734,0.12810188397017105,0.25726600684713735,0.742733993152512,3.5060843117662444e-13
1.6475597999090497,0.07774370794238106,-0.5044338833454979,0.8499084583129576,0.13098849451510744,0.2604976267916496,0.7395023732072427,1.1077805339709812e-12
1.648923146884948,0.08014314511169213,-0.5072978059816887,0.8475251225025158,0.1338924160093741,0.2637739876622288,0.7362260123377316,3.963496197911809e-14
1.650286493860846,0.08259184015321629,-0.5101705844082584,0.845095700998161,0.13681308014296895,0.2670954372553582,0.7329045627437797,8.620881786214341e-13
1.6516498408367442,0.08509048656972851,-0.5130515800033133,0.842619517939884,0.13974989566459015,0.2704623146485694,0.7295376853515062,7.549516567451064e-14
1.6530131878126422,0.0876397762342032,-0.5159401314121305,0.8400958985997934,0.14270224796708786,0.2738749495799477,0.7261250504190544,9.978684545330907e-13
1.6543765347885404,0.09024039878160259,-0.5188355541499637,0.837524169992912,0.1456694987134998,0.27733366182236263,0.7226663381777586,1.212363542890671e-13
1.6557398817644384,0.0928930409781686,-0.5217371402008748,0.8349036615061151,0.14865098545756525,0.28083876052715895,0.7191612394738227,9.816591983735634e-13
1.6571032287403367,0.0955983860706278,-0.5246441576363732,0.8322337055614574,0.15164602126490526,0.2843905435612884,0.7156094564380305,6.81010803305071e-13
1.6584665757162347,0.09835711308172367,-0.5275558502550998,0.8295136383039864,0.15465389434241644,0.28798929683215224,0.7120107031675922,2.5557334026871104e-13
1.659829922692133,0.10116989612344429,-0.5304714372095896,0.826742800304206,0.1576738677343315,0.2916352935768361,0.7083647064211437,2.020161815607935e-12
1.661193269668031,0.10403740363928962,-0.5333901126748025,0.8239205373107777,0.16070517895007894,0.29532879365524295,0.7046712063438575,8.995026945513018e-13
1.6625566166439292,0.10696029765404588,-0.5363110455143667,0.8210462010028674,0.16374703967423782,0.2990700428149552,0.7009299571833171,1.7277290709216686e-12
1.6639199636198274,0.10993923297059635,-0.5392333789757152,0.8181191497948407,0.16679863545751328,0.3028592719477303,0.6971407280515214,7.482903185973555e-13
1.6652833105957254,0.11297485635883686,-0.5421562303965077,0.8151387496456429,0.16985912545056056,0.30669669632705104,0.6933033036726912,2.5779378631796135e-13
1.6666466575716237,0.11606780570907274,-0.5450786909406675,0.812104374909127,0.17292764213684467,0.3105825148397109,0.6894174851615525,1.2634338020234281e-12
1.6680100045475217,0.11921870914150033,-0.5479998253310355,0.8090154092233951,0.1760032910670505,0.3145169091722111,0.6854830908273304,4.585221091701897e-13
1.66937335152342,0.12242818413287278,-0.5509186716515304,0.8058712463853696,0.17908515070859443,0.31850004304435947,0.6814999569550289,6.117328865684613e-13
1.670736698499318,0.12569683656935346,-0.5538342411284025,0.8026712912985797,0.18217227218803353,0.3225320613698163,0.6774679386290804,1.1033396418724806e-12
1.6721000454752162,0.12902525980658497,-0.5567455179617786,0.7994149609163392,0.1852636791819228,0.326613089438686,0.6733869105608947,4.192202140984591e-13
1.6734633924511142,0.1324140336726388,-0.5596514591774331,0.7961016852319377,0.18835836774212958,0.33074323207288875,0.6692567679276106,4.993783164763954e-13
1.6748267394270124,0.13586372348588058,-0.5625509945199777,0.7927309082691489,0.19145530622013168,0.3349225727948638,0.6650774272050742,6.195044477408373e-14
1.6761900864029105,0.13937487899352813,-0.565443026357853,0.7893020891380248,0.1945534351549698,0.33915117295118835,0.6608488270482497,5.619948950652542e-13
1.6775534333788087,0.1429480333557792,-0.5683264296510964,0.7858147030558759,0.1976516672871806,0.3434290708802477,0.6565709291201965,4.4431125445498765e-13
1.6789167803547067,0.14658370203705245,-0.5712000519160424,0.7822682424544818,0.20074888750556438,0.3477562810117769,0.6522437189875457,6.77347067323808e-13
1.680280127330605,0.15028238171272415,-0.5740627132684629,0.7786622180708945,0.203843952891025,0.3521327930183983,0.6478672069813236,2.781108676686017e-13
1.6816434743065032,0.15404454915639196,-0.5769132064707028,0.7749961600638512,0.2069356928151893,0.35655857092510385,0.6434414290746168,2.793321129956894e-13
1.6830068212824012,0.15787066008072462,-0.5797502970440266,0.7712696191719497,0.210022909002135,0.36103355223696065,0.6389664477633633,3.239630785856207e-13
1.6843701682582994,0.16176114799387784,-0.5825727234098159,0.7674821678617397,0.213104375726058,0.3655576470614271,0.6344423529393485,7.756018050031344e-13
1.6857335152341975,0.16571642299203063,-0.5853791970822999,0.7636334015195451,0.21617883998571405,0.37013073722599166,0.6298692627738798,1.2856382625159313e-13
1.6870968622100957,0.16973687058895257,-0.5881684029038237,0.7597229396456223,0.21924502175552077,0.3747526754117654,0.6252473245883649,1.3011813848606835e-13
1.6884602091859937,0.17382285048147966,-0.5909389993278524,0.7557504270696791,0.22230161427053116,0.37942328427611044,0.6205767157232863,6.032951915813101e-13
1.689823556161892,0.17797469533653548,-0.5936896187554558,0.7517155351738285,0.22534728438086543,0.38414235559813104,0.6158576443995061,2.3628876633097207e-12
1.69118690313779,0.18219270954176803,-0.5964188679307107,0.7476179631316566,0.2283806729276344,0.3889096494339217,0.6110903505640062,2.072120253160392e-12
1.6925502501136882,0.18647716795936825,-0.5991253283524195,0.7434574391709763,0.23140039519939784,0.39372489324354093,0.6062751067571033,6.441513988875158e-13
1.6939135970895862,0.19082831468260492,-0.6018075567988227,0.7392337217977496,0.2344050414385566,0.3985877811047715,0.6014122188947642,4.642952688982405e-13
1.6952769440654845,0.19524636175422783,-0.6044640858575415,0.7349466010986849,0.23739317737078924,0.4034979728698563,0.5965020271287086,1.4350742816304773e-12
1.6966402910413825,0.19973148791213072,-0.6070934245487607,0.7305958999721938,0.2403633448551472,0.4084550933939354,0.5915449066061342,6.972200594645983e-14
1.6980036380172807,0.2042838373208966,-0.609694058975692,0.7261814754133875,0.2433140625298897,0.4134587317408052,0.5865412682583634,8.313350008393172e-13
1.6993669849931787,0.20890351831118864,-0.6122644530706008,0.7217032197694916,0.2462438265549699,0.41850844045663516,0.5814915595420851,1.279754080485418e-12
1.700730331969077,0.21359060211747147,-0.614803049370616,0.7171610620033394,0.24915111141285565,0.42360373482831215,0.5763962651720189,3.310685059432217e-13
1.7020936789449752,0.21834512162285244,-0.6173082698752622,0.7125549689438193,0.2520343707516989,0.42874409219288767,0.5712559078067321,3.802513859341161e-13
1.7034570259208732,0.22316707012192105,-0.6197785169683244,0.707884946526066,0.2548920383241119,0.43392895128225795,0.5660710487192319,1.48991929904696e-12
1.7048203728967715,0.22805640009388195,-0.6222121743863273,0.7031510410163565,0.25772252896774545,0.4391577115783422,0.5608422884199162,1.7414958364270205e-12
1.7061837198726695,0.2330130219861234,-0.6246076082847701,0.6983533402333676,0.2605242396412372,0.44442973274232644,0.5555702672557465,1.9270141038418842e-12
1.7075470668485677,0.2380368030300074,-0.6269631683326365,0.693491974727202,0.263295550565592,0.4497443340424445,0.5502556659586724,1.1168843627729075e-12
1.7089104138244657,0.24312756606553781,-0.6292771888949101,0.6885671189512134,0.266034826395677,0.4551007938444329,0.5448992061561525,5.853095785823825e-13
1.710273760800364,0.24828508840712923,-0.6315479902900885,0.6835789924015664,0.26874041746864813,0.4604983491647856,0.5395016508339641,1.2503331703328513e-12
1.711637107776262,0.2535091007312761,-0.6337738800958644,0.678527860730422,0.27141066111761136,0.4659361952453474,0.5340638047557018,1.049160758270773e-12
1.7130004547521602,0.2587992859978657,-0.6359531545130872,0.6734140368215119,0.27404388306227634,0.4714134851681517,0.5285865148320953,2.469136006766348e-13
1.7143638017280582,0.26415527842771946,-0.6380840998445038,0.6682378818028164,0.27663839886874897,0.4769293295955967,0.5230706704049799,5.766498389903063e-13
1.7157271487039565,0.2695766624861795,-0.6401649939705971,0.6629998060839649,0.27919251542465173,0.48248279646256215,0.5175172035365194,9.183764859699295e-13
1.7170904956798545,0.275062971949884,-0.6421941079499053,0.6577002702666841,0.2817045325617839,0.4880729108234772,0.5119270891747226,1.8001156121272288e-12
1.7184538426557527,0.2806136890111507,-0.6441697076430334,0.6523397860618121,0.2841727446725482,0.49369865470535795,0.5063013452939,7.420730696594546e-13
1.719817189631651,0.2862282434147843,-0.6460900554245894,0.6469189171246357,0.2865954424238254,0.4993589670468621,0.5006410329518196,1.3182788194399109e-12
1.721180536607549,0.29190601168914704,-0.6479534119378753,0.6414382798491378,0.2889709145238495,0.5050527437021983,0.49494725629657077,1.230904267401911e-12
1.7225438835834472,0.29764631642412426,-0.6497580379222649,0.6358985440836697,0.29129744953916875,0.5107788375254413,0.4892211624757556,1.1968204205459188e-12
1.7239072305593452,0.30344842558465357,-0.6515021960898018,0.630300433794931,0.2935733377869811,0.5165360584996396,0.483463941501467,1.106670310946356e-12
1.7252705775352435,0.3093115519509643,-0.6531841530578776,0.6246447276629603,0.29579687325057136,0.5223231739762508,0.47767682602194844,1.800781745942004e-12
1.7266339245111415,0.31523485260183737,-0.6548021813450114,0.6189322595734892,0.29796635560133394,0.5281389089890873,0.47186109101108564,1.729727472365994e-13
1.7279972714870397,0.32121742844364787,-0.6563545613880818,0.6131639190856936,0.30008009221003334,0.5339819465908912,0.466018053409309,2.0028423364237824e-13
1.7293606184629378,0.3272583239003201,-0.6578395836414398,0.6073406517639273,0.30213640023499533,0.5398509283675897,0.4601490716319932,4.169997680492088e-13
1.730723965438836,0.33335652661224274,-0.6592555506928689,0.6014634594601298,0.30413360876253204,0.5457444549543368,0.4542555450446681,9.952039192739903e-13
1.732087312414734,0.3395109672466266,-0.6606007794371002,0.5955334005004697,0.30607006095736694,0.5516610866736443,0.44833891332609915,2.5646151868841116e-13
1.7334506593906323,0.34572051943153165,-0.6618736032669807,0.5895515897632098,0.30794411627537766,0.5575993442576246,0.4424006557409514,1.4239720513842258e-12
1.7348140063665303,0.35198399973366706,-0.6630723743091071,0.5835191986963303,0.30975415269376516,0.563557709640427,0.43644229035823995,1.333155807969888e-12
1.7361773533424285,0.3583001677739477,-0.6641954656817212,0.5774374552006016,0.3114985689723577,0.5695346268589976,0.43046537314037353,6.288303211476887e-13
1.7375407003183265,0.3646677264202575,-0.6652412737829023,0.5713076434300873,0.3131757869316869,0.5755285030368182,0.4244714969619211,1.2606582444618653e-12
1.7389040472942248,0.3710853220913864,-0.6662082205754607,0.56513110350089,0.31478425376669456,0.5815377094339895,0.4184622905635885,2.421951528219779e-12
1.740267394270123,0.3775515451580621,-0.6670947559174268,0.5589092310752316,0.31632244433891765,0.5875605826237714,0.41243941737365436,2.574163104895888e-12
1.741630741246021,0.38406493047737694,-0.6678993598628157,0.5526434768434195,0.3177888635130038,0.5935954257277515,0.40640457427046967,1.7787993300544258e-12
1.7429940882219193,0.3906239579988925,-0.6686205449974079,0.5463353458938127,0.31918204847932485,0.5996405097553512,0.40035949024437006,2.786659791809143e-13
1.7443574351978173,0.3972270534968306,-0.6692568587414279,0.5399863970016018,0.3205005710592667,0.6056940750022175,0.3943059249960876,1.694866469392764e-12
1.7457207821737155,0.40387258943213106,-0.6698068856743105,0.5335982417629083,0.3217430400116942,0.6117543325913334,0.3882456674084339,2.327027459614328e-13
1.7470841291496135,0.41055888590628853,-0.6702692498046129,0.5271725436304241,0.32290810335769693,0.6178194660302514,0.3821805339718365,2.0878854201100694e-12
1.7484474761255118,0.41728421169785396,-0.6706426168617681,0.5207110168759452,0.3239944506006175,0.6238876328834995,0.3761123671159769,5.235811784132238e-13
1.7498108231014098,0.4240467855039405,-0.6709256965268434,0.5142154253662125,0.3250008150132727,0.6299569665562549,0.37004303344384637,1.0125233984581428e-13
1.751174170077308,0.430844777190668,-0.6711172446337034,0.5076875812991556,0.32592597582195165,0.6360255780772104,0.36397442192087814,1.911470981497132e-12
1.752537517053206,0.4376763091938145,-0.671216065365445,0.501129343794232,0.32676876037181074,0.6420915580341889,0.3579084419665674,7.562839243746566e-13
1.7539008640291043,0.44453945807952155,-0.6712210133330582,0.49454261734807786,0.32752804627384274,0.648152978529492,0.3518470214694478,1.060151966214562e-12
1.7552642110050023,0.45143225611966337,-0.6711309956788908,0.48792935025779377,0.3282027634419997,0.6542078952262286,0.34579210477395805,1.865174681370263e-13
1.7566275579809005,0.4583526930560955,-0.6709449740719422,0.4812915328347851,0.3287918961249219,0.6602543494641746,0.33974565053587846,5.306866057708248e-14
1.7579909049567988,0.4652987179200293,-0.6706619666506882,0.4746311956161623,0.32929448483133844,0.6662903704097919,0.33370962959236433,2.156275158426979e-12
1.7593542519326968,0.4722682409901116,-0.6702810498884431,0.4679504073801345,0.3297096282245785,0.6723139772874477,0.3276860227112235,1.3288259381738499e-12
1.760717598908595,0.4792591357956045,-0.6698013604111067,0.4612512731631169,0.33003648488148096,0.6783231816521189,0.3216768183475203,3.608224830031759e-13
1.762080945884493,0.4862692412847824,-0.6692220966797041,0.4545359320684692,0.3302742750425595,0.684315989704057,0.3156840102962404,2.9753977059954195e-13
1.7634442928603913,0.493296364027395,-0.6685425206255566,0.44780655509035483,0.33042228219979736,0.6902904046470211,0.30970959535601356,3.034683615510403e-12
1.7648076398362893,0.5003382805247346,-0.667761959174933,0.4410653427759064,0.3304798546400712,0.6962444290795927,0.30375557092095035,5.431211036466266e-13
1.7661709868121875,0.5073927396307022,-0.6668798056759879,0.4343145228266378,0.3304464068709178,0.702176067448393,0.2978239325520303,4.2321701698710967e-13
1.7675343337880856,0.5144574649701186,-0.665895521222667,0.4275563476694622,0.3303214209203041,0.7080833284478881,0.2919166715512587,8.530953721219703e-13
1.7688976807639838,0.5215301575390108,-0.6648086358551094,0.4207930918546764,0.33010444758536783,0.713964227530197,0.28603577246825895,1.5440981826486677e-12
1.7702610277398818,0.5286084982778069,-0.6636187496690996,0.4140270494927154,0.32979510748956786,0.7198167893638973,0.28018321063569895,4.0378811405616943e-13
1.77162437471578,0.5356901507485162,-0.6623255337919893,0.40726053155581765,0.32939309208557976,0.7256390503218118,0.2743609496768264,1.361799562005217e-12
1.772987721691678,0.5427727638677771,-0.660928731238585,0.4004958631687969,0.3288981645004577,0.7314290609733115,0.2685709390270898,4.0123460109953157e-13
1.7743510686675763,0.5498539746674603,-0.6594281576358221,0.39373538083694365,0.32831016027186055,0.7371848885405787,0.26281511146054776,1.1264322807846838e-12
1.7757144156434745,0.5569314111104564,-0.6578237018388365,0.3869814296290246,0.32762898794008305,0.7429046193824347,0.25709538061636683,1.1984857550828565e-12
1.7770777626193726,0.5640026949513945,-0.6561153263953492,0.3802363603205063,0.32685462953158884,0.7485863614433113,0.25141363855601806,6.706857291760571e-13
1.7784411095952708,0.5710654445816965,-0.6543030678853086,0.373502526543929,0.3259871408877683,0.7542282466394175,0.2457717533588801,1.702415985960215e-12
1.7798044565711688,0.5781172779488385,-0.6523870371253107,0.36678228187764156,0.3250266518695507,0.7598284332721161,0.24017156672489978,2.9840574455874957e-12
1.781167803547067,0.5851558154508714,-0.6503674192422988,0.36007797694264415,0.32397336642330826,0.7653851083678621,0.2346148916307585,1.3793410857942945e-12
1.782531150522965,0.5921786828511169,-0.648244473590607,0.3533919564912857,0.3228275625186035,0.7708964899640468,0.22910351003444163,1.5115686480271506e-12
1.7838944974988633,0.5991835141771696,-0.6460185335650886,0.3467265565090172,0.3215895919290071,0.7763608293712901,0.223639170625666,3.0438984666147917e-12
1.7852578444747613,0.6061679546290113,-0.6436900062543361,0.34008410130719996,0.3202598798929974,0.7817764133708264,0.21822358663100297,1.829425499977333e-12
1.7866211914506596,0.6131296634506708,-0.6412593719427364,0.3334669006462083,0.31883892464047847,0.7871415663075254,0.2128584336924849,1.021405182655144e-14
1.7879845384265576,0.620066316791342,-0.6387271835271415,0.32687724688609543,0.31732729676659194,0.7924546521956957,0.20754534780502612,7.218670106112768e-13
1.7893478854024558,0.6269756105251072,-0.6360940657513053,0.3203174121523289,0.31572563848370533,0.7977140766773568,0.2022859233239083,1.2652101588628284e-12
1.7907112323783538,0.633855263025627,-0.6333607143280914,0.31378964556752786,0.3140346627582473,0.802918288919477,0.19708171107908085,1.4421797089880783e-12
1.792074579354252,0.6407030179149047,-0.6305278949400692,0.30729617051650865,0.31225515226942235,0.8080657834628217,0.19193421653291132,4.267031172844327e-12
1.79343792633015,0.6475166467354957,-0.627596442104183,0.30083918195276765,0.3103879583048193,0.8131551019414097,0.18684489805864468,5.440092820663267e-14
1.7948012733060483,0.6542939515694713,-0.6245672579031787,0.294420843786525,0.30843399948823524,0.8181848347050896,0.1818151652962781,1.3677947663381929e-12
1.7961646202819466,0.6610327675897076,-0.6214413106384048,0.2880432863359177,0.3063942603952473,0.8231536223952867,0.1768463776063461,1.6326939800137552e-12
1.7975279672578446,0.6677309655741572,-0.6182196332977189,0.28170860382118434,0.3042697900691759,0.8280601573813623,0.17193984261562137,3.016364935604088e-12
1.7988913142337428,0.6743864542441367,-0.6149033220063644,0.2754188520228458,0.3020617004352092,0.8329031850824419,0.16709681491939227,1.8340884366807586e-12
1.8002546612096408,0.6809971826272946,-0.6114935342805288,0.26917604590074556,0.2997711645544659,0.8376815052132048,0.1623184947851009,1.6942003355779889e-12
1.801618008185539,0.6875611422863597,-0.6079914872431769,0.26298215739055536,0.29739941484343146,0.8423939729422939,0.15760602705500626,2.6998403512834557e-12
1.802981355161437,0.6940763694070113,-0.604398455723271,0.25683911330955755,0.29494774117963696,0.847039499849893,0.1529605001526098,2.502886786714953e-12
1.8043447021373353,0.7005409468781065,-0.6007157702474132,0.25074879326405547,0.29241748887423213,0.8516170548768172,0.14838294512289174,2.9110047705671604e-13
1.8057080491132333,0.7069530061927642,-0.5969448149942231,0.2447130277739986,0.2898100566286439,0.8561256651134739,0.1438743348854156,1.110556091532544e-12
1.8070713960891316,0.713310729269691,-0.5930870256327412,0.23873359642194675,0.28712689437663613,0.86056441646515,0.13943558353492888,7.882583474838611e-14
1.8084347430650296,0.7196123501616487,-0.5891438871054752,0.23281222617366168,0.2843695010472901,0.86493245421892,0.13506754578182095,7.409628466348295e-13
1.8097980900409278,0.7258561566704044,-0.5851169313343472,0.22695058974392038,0.2815394222977217,0.8692289835104537,0.1307710164928481,3.3018032752352156e-12
1.8111614370168259,0.7320404917918772,-0.581007734893202,0.22115030416067197,0.2786382481610814,0.873453269628623,0.12654673036863412,2.7429170046389117e-12
1.812524783992724,0.7381637551080614,-0.5768179166266841,0.21541292938392861,0.27566761064223694,0.8776046382967825,0.12239536170296537,2.5213164889237305e-13
1.8138881309686223,0.7442244040064636,-0.5725491351848938,0.2097399670589002,0.2726291813017062,0.8816824757197459,0.11831752427910712,1.1469714067402492e-12
1.8152514779445204,0.7502209548103488,-0.5682030865768768,0.2041328594207186,0.2695246687666818,0.8856862286320409,0.1143137713690684,1.1093348462054564e-12
1.8166148249204186,0.7561519837688483,-0.5637815016579404,0.19859298827383748,0.26635581622479293,0.8896154041692467,0.1103845958283082,2.4451551894344448e-12
1.8179781718963166,0.7620161279435428,-0.5592861436113895,0.1931216741400525,0.2631243988983582,0.8934695696817696,0.10653043031827895,4.8627768478581856e-14
1.8193415188722148,0.7678120859412118,-0.5547188053973605,0.1877201754898138,0.2598322215039024,0.8972483523788692,0.1027516476175795,3.5512703888684882e-12
1.8207048658481129,0.7735386185662444,-0.5500813072139095,0.18238968812887826,0.256481115690713,0.9009514389595371,0.0990485610417024,1.2394529846915248e-12
1.822068212824011,0.7791945493190263,-0.545375493915992,0.17713134465914934,0.2530729374789778,0.9045785750525928,0.09542142494499695,2.410294186461215e-12
1.8234315597999091,0.7847787647804789,-0.5406032325025498,0.17194621415011296,0.2496095647171742,0.9081295646425802,0.0918704353588537,1.4339640586058522e-12
1.8247949067758074,0.7902902148971166,-0.53576640953305,0.16683530178937073,0.24609289450990166,0.9116042693460666,0.08839573065141201,2.5213164889237305e-12
1.8261582537517054,0.795727913131483,-0.5308669286227401,0.16179954879550948,0.24252484072091315,0.9150026076419265,0.08499739235713476,9.386935673205699e-13
1.8275216007276036,0.801090936499733,-0.5259067079229776,0.15683983234307527,0.2389073314271969,0.9183245539804031,0.08167544601906847,5.28355137419112e-13
1.8288849477035016,0.8063784255030426,-0.520887677654807,0.15195696563340283,0.23524230644850458,0.9215701378493841,0.0784298621477233,2.892575068358383e-12
1.8302482946793999,0.8115895839584661,-0.5158117776363903,0.14715169810461623,0.23153171490176422,0.9247394427382891,0.07526055726042394,1.2869705301454815e-12
1.8316116416552979,0.8167236786951444,-0.5106809548959684,0.14242471568288065,0.22777751277739058,0.9278326050347875,0.0721673949644037,8.087974734394265e-13
1.8329749886311961,0.8217800391954987,-0.5054971612802409,0.13777664117642574,0.22398166054773064,0.9308498128825372,0.0691501871155764,1.8863799411406035e-12
1.8343383356070944,0.8267580570897488,-0.5002623511400801,0.13320803478307547,0.22014612087947347,0.9337913049310174,0.06620869506904876,6.616929226765933e-14
1.8357016825829924,0.8316571855818532,-0.4949784790615292,0.1287193946462537,0.21627285631602017,0.9366573690639939,0.06334263093718792,1.1817213874110166e-12
1.8370650295588906,0.8364769387892987,-0.48964749763181137,0.12431115753717381,0.2123638270727794,0.9394483410634111,0.06055165893722939,6.405986852087153e-13
1.8384283765347886,0.8412168909781063,-0.4842713552926171,0.11998369961309976,0.20842098887690877,0.9421646032238192,0.05783539677727508,1.0942358130705543e-12
1.8397917235106869,0.8458766757206205,-0.4788519942433289,0.11573733725170476,0.20444629085479232,0.9448065829189812,0.05519341707839719,2.621569628047382e-12
1.8411550704865849,0.8504559850071528,-0.4733913483797253,0.11157232797423637,0.20044167349238365,0.9473747511552608,0.052625248842017906,2.721267655658721e-12
1.8425184174624831,0.854954568212528,-0.46789134137367594,0.1074888714381251,0.19640906668380756,0.9498696210399281,0.050130378958646145,1.425748408223626e-12
1.8438817644383811,0.8593722310772883,-0.46235388473335276,0.10348711048995418,0.19235038779985425,0.9522917462747785,0.047708253724314316,9.071632334212154e-13
1.8452451114142794,0.8637088345723177,-0.45678087599787653,0.09956713228723732,0.188267539879992,0.9546417195956589,0.045358280404368595,2.7533531010703882e-14
1.8466084583901774,0.8679642937013831,-0.4511741970001909,0.09572896950145854,0.18416240989198526,0.956920171179308,0.043079828819034785,1.6571188865555087e-12
1.8479718053660756,0.8721385762979623,-0.44553571216644117,0.09197260153641215,0.18003686701544955,0.9591277670826943,0.0408722329181143,8.08686451136964e-13
1.8493351523419737,0.8762317017126147,-0.43986726692702344,0.08829795581785645,0.175892761068852,0.9612652076000338,0.03873479239803637,1.9299006837059096e-12
1.850698499317872,0.880243739487613,-0.4341706862215637,0.08470490914780929,0.17173192098584159,0.9633332256812404,0.03666677431922597,4.662936703425657e-13
1.8520618462937701,0.8841748079838202,-0.4284477730239803,0.08119328905819646,0.16755615335715687,0.9653325852824336,0.034667414715934916,1.6314727346866675e-12
1.8534251932696681,0.8880250729869575,-0.42270030699256267,0.07776287522483886,0.16336724105932918,0.967264079785098,0.03273592021457082,3.311795282456842e-13
1.8547885402455664,0.8917947462283632,-0.4169300432068655,0.07441340094296339,0.15916694201169915,0.9691285303289894,0.030871469669253828,1.7568169141668477e-12
1.8561518872214644,0.8954840839640525,-0.41113871092981286,0.0711445545446193,0.15495698790236143,0.9709267842579663,0.029073215741124897,9.088285679581531e-13
1.8575152341973626,0.8990933854401475,-0.40532801251918593,0.06795598094606313,0.1507390831153542,0.9726597134749788,0.02734028652479936,2.2182256032010628e-13
1.8588785811732607,0.9026229913981504,-0.3994996223672217,0.06484728313760746,0.14651490367156408,0.974328212872098,0.025671787128216734,3.148592497836944e-13
1.860241928149159,0.9060732825545681,-0.39365518592765447,0.0618180237097358,0.14228609622007987,0.9759331987669463,0.024066801232927284,1.2645440250480533e-13
1.861605275125057,0.9094446780531219,-0.38779631882806903,0.05886772641226638,0.13805427719142782,0.9774756073357479,0.022524392663797035,4.550804177938517e-13
1.8629686221009552,0.9127376339108718,-0.38192460607376116,0.05599587769588177,0.13382103196404158,0.9789563930818144,0.021043606914853186,3.33244543071487e-12
1.8643319690768532,0.9159526414839734,-0.3760416012916446,0.053201928266608335,0.12958791410557094,0.9803765273434525,0.019623472653518173,3.029354544992202e-12
1.8656953160527514,0.919090225909635,-0.37014882605731003,0.050485294633186135,0.12535644470891755,0.9817369967942287,0.018263003204259512,1.5117906926320757e-12
1.8670586630286494,0.9221509445472008,-0.3642477693284075,0.04784536066935301,0.1211281118217146,0.9830388019900156,0.01696119801107427,1.0897949209720537e-12
1.8684220100045477,0.9251353854503023,-0.3583398868909678,0.04528147915982569,0.11690436986810189,0.9842829559493107,0.015717044049159693,1.5295542610260782e-12
1.869785356980446,0.9280441658274146,-0.3524266009306217,0.042792973329778904,0.11268663923953028,0.9854704827698132,0.014529517229503217,6.835643162617089e-13
1.871148703956344,0.9308779305171919,-0.34650929962465243,0.0403791383815367,0.10847630586641684,0.9866024162503372,0.013397583750859712,1.1968204205459188e-12
1.8725120509322422,0.9336373504805343,-0.3405893368262934,0.0380392429913113,0.10427472090670574,0.9876797985720865,0.0123202014275234,3.900213485508175e-13
1.8738753979081402,0.9363231213177802,-0.3346680318004661,0.03577253081897984,0.10008320046392533,0.9887036790234682,0.011296320976297127,2.345901251032956e-13
1.8752387448840384,0.9389359617821559,-0.3287466690270963,0.033578221986450586,0.09590302541746477,0.9896751127241933,0.01032488727599425,1.8762769116165146e-13
1.8766020918599364,0.9414766123423629,-0.3228264980490144,0.0314555145063828,0.09173544122060368,0.9905951594302423,0.009404840568800091,9.575673587391975e-13
1.8779654388358347,0.943945833747401,-0.3169087333969092,0.02940358574460435,0.0875816578575368,0.9914648823523093,0.008535117647714936,2.4202861936828413e-14
1.8793287858117327,0.9463444056256402,-0.3109945545427915,0.02742159381132362,0.08344284977880846,0.9922853470142154,0.007714652986362019,5.775380174100064e-13
1.880692132787631,0.9486731251085778,-0.30508510592759075,0.025508678943854245,0.07932015591627332,0.9930576201621246,0.006942379836042542,1.832867191353671e-12
1.882055479763529,0.9509328054895063,-0.2991814970210581,0.02366396485603651,0.07521467976535598,0.9937827687159048,0.00621723128491278,8.175682353339653e-13
1.8834188267394272,0.9531242748892315,-0.2932848024494953,0.02188656007145236,0.07112748946766051,0.9944618587309624,0.005538141269733451,6.958877918350481e-13
1.8847821737153252,0.9552483749914134,-0.28739606212447316,0.020175559194150053,0.06705961797649145,0.9950959544483896,0.004904045551949627,3.3928415632544784e-13
1.8861455206912234,0.9573059597699354,-0.2815162814709097,0.018530044187775603,0.06301206325775698,0.9956861173442455,0.0043138826536004826,2.1540547123777287e-12
1.8875088676671214,0.9592978942756387,-0.2756464316634752,0.01694908559646218,0.05898578851471168,0.9962334052504811,0.003766594749258494,2.604583215770617e-13
1.8888722146430197,0.9612250534433566,-0.26978744987929815,0.015431743733086575,0.05498172246292973,0.9967388714795584,0.003261128519634289,8.072431612049513e-13
1.890235561618918,0.9630883209381322,-0.26394023964544,0.013977069841866701,0.051000759651350036,0.9972035640315233,0.002796435966379193,2.0974333381218457e-12
1.891598908594816,0.9648885880426903,-0.25810567115225524,0.012584107221011684,0.047043760773915366,0.9976285248159726,0.0023714751823032966,1.7240653349404056e-12
1.8929622555707142,0.9666267525632629,-0.2522845816499572,0.01125189231783081,0.043111553074830555,0.9980147889092933,0.0019852110892559912,1.450728426277692e-12
1.8943256025466122,0.9683037177873198,-0.2464777758518877,0.009979455776266792,0.039204930730791655,0.998363383869639,0.0016366161311966363,8.355538483328928e-13
1.8956889495225104,0.9699203914705465,-0.24068602634379285,0.008765823447459537,0.03532465527234657,0.9986753290675435,0.0013246709308221542,1.634359314550693e-12
1.8970522964984085,0.9714776848641937,-0.23491007406829015,0.007610017383033212,0.03147145603759769,0.9989516350878633,0.001048364909696512,2.4401591858236316e-12
1.8984156434743067,0.9729765117686764,-0.22915062879065828,0.0065110567808823565,0.027646030681253646,0.9991933031286954,0.000806696872832692,1.5281109710940655e-12
1.8997789904502047,0.9744177876285515,-0.2234083695859159,0.005467958878896094,0.023849045598159174,0.9994013244479579,0.0005986755502443742,1.7976731214730535e-12
1.901142337426103,0.9758024286780037,-0.21768394537102198,0.004479739844669702,0.02008113649689243,0.9995766798861847,0.0004233201120827466,1.7325030299275568e-12
1.902505684402001,0.9771313510893959,-0.21197797543994348,0.003545415609226014,0.016342908911766763,0.9997203393534053,0.00027966064354044884,3.0542235407438056e-12
1.9038690313778992,0.9784054701907768,-0.2062910500082882,0.0026640026649149186,0.012634938740447731,0.9998332614127574,0.00016673858717354065,6.905587213168474e-14
1.9052323783537972,0.9796256996971966,-0.20062373074803608,0.0018345188345204797,0.008957772786343875,0.9999163928464825,8.360715264597328e-05,8.715250743307479e-13
1.9065957253296955,0.9807929509824738,-0.19497655141902853,0.001055984010147949,0.005311929382627129,0.9999706683001662,2.933169599570557e-05,3.838040996129166e-12
1.9079590723055937,0.9819081323958831,-0.189350018407316,0.00032742084483481694,0.0016978989116312767,0.999997009936022,2.9900651237510194e-06,1.1457501614131615e-12
1.9093224192814917,0.9829721485847321,-0.18374461132054923,-0.00035214457776999155,-0.0018838555802468359,0.9999963270826244,3.6729176508799473e-06,2.753353101070388e-13
1.91068576625739,0.9839858998841565,-0.1781607836193546,-0.0009836821079413187,-0.0054328977724828085,0.9999695159906955,3.048400869573254e-05,6.087352844019733e-13
1.912049113233288,0.9849502817171321,-0.1725989631806107,-0.0015681569436859773,-0.008948817499779764,0.9999174595456795,8.254045084439507e-05,3.476108290101365e-12
1.9134124602091862,0.9858661840341015,-0.1670595529424966,-0.0021065290408682656,-0.0124312301250711,0.9998410270513078,0.0001589729470224966,1.669664406733773e-12
1.9147758071850842,0.9867344907752581,-0.161542931499116,-0.0025997525953477783,-0.01587977592797483,0.9997410740028363,0.00025892599707970647,8.404388296412435e-14
1.9161391541609825,0.9875560793765336,-0.15604945371912327,-0.003048775531658582,-0.019294119518698215,0.9996184419195872,0.00038155808024425134,1.6864287744056128e-13
1.9175025011368805,0.9883318202977344,-0.15057945136720866,-0.003454539011821379,-0.022673949190782982,0.9994739581870825,0.0005260418116904041,1.2271295091181855e-12
1.9188658481127787,0.9890625765809316,-0.14513323371619258,-0.0038179770017596807,-0.026018976325028653,0.99930843592183,0.0006915640773883674,7.815970093361102e-13
1.9202291950886767,0.9897492034327338,-0.13971108815900438,-0.004140015854974562,-0.02932893479519842,0.999122673850304,0.0008773261475004412,2.1955770534987096e-12
1.921592542064575,0.9903925478445479,-0.13431328083243163,-0.004421573898762055,-0.03260358032242566,0.9989174562339866,0.0010825437655830755,4.303224443447107e-13
1.922955889040473,0.9909934482248801,-0.12894005721727253,-0.00466356109005864,-0.03584268989380357,0.998693552779832,0.0013064472208640773,6.961098364399732e-13
1.9243192360163712,0.9915527340713819,-0.12359164275032468,-0.004866878658283222,-0.039046061151510124,0.9984517186021564,0.0015482813993219207,1.4783729795908584e-12
1.9256825829922692,0.9920712256589362,-0.11826824341703983,-0.005032418801026139,-0.04221351179872795,0.9981926941813765,0.0018073058173702652,1.2532197501968767e-12
1.9270459299681675,0.9925497337572661,-0.11297004638292124,-0.005161064385756424,-0.04534487899188098,0.9979172053613794,0.002082794636382252,2.238320639946778e-12
1.9284092769440657,0.9929890593684941,-0.10769722053302908,-0.005253688683069206,-0.04844001877334993,0.9976259633360665,0.002374036663541102,3.9246383920499284e-13
1.9297726239199637,0.9933899934829348,-0.10244991709733503,-0.005311155121213944,-0.05149880546906063,0.9973196646652759,0.002680335333461746,1.262323578998803e-12
1.931135970895862,0.9937533168705434,-0.09722827021173722,-0.005334317057014162,-0.05452113112149182,0.9969989913195733,0.0030010086772316556,3.195110842568738e-12
1.93249931787176,0.9940797998809017,-0.09203239749501406,-0.005324017583164618,-0.057506904934305846,0.9966646107199338,0.003335389278349136,1.7170709298852671e-12
1.9338626648476582,0.9943702022626658,-0.08686240060579524,-0.005281089331916846,-0.06045605268680614,0.9963171757868967,0.003682824211001566,2.101763207917884e-12
1.9352260118235562,0.9946252730131473,-0.08171836581106348,-0.005206354321452115,-0.06336851620307109,0.9959573250273086,0.0040426749710993845,1.5920598173124745e-12
1.9365893587994545,0.9948457502370683,-0.07660036451087858,-0.005100623800922254,-0.06624425280719576,0.995585682607955,0.0044143173931421986,1.0971223929345797e-12
1.9379527057753525,0.995032361022821,-0.07150845379658269,-0.00496469812928599,-0.06908323477097963,0.9952028584470275,0.004797141553937225,9.64783808399261e-13
1.9393160527512507,0.9951858213454258,-0.06644267696859356,-0.004799366661892301,-0.07188544880701737,0.9948094483297225,0.005190551670541599,2.6401103525586223e-13
1.9406793997271488,0.9953068359738757,-0.06140306404401716,-0.004605407654448599,-0.0746508955606462,0.9944060340103208,0.005593965987670161,2.0090595853616833e-12
1.942042746703047,0.9953960984039155,-0.0563896322938479,-0.004383588183382307,-0.07737958907218297,0.993993183347973,0.006006816650341386,1.6855405959859127e-12
1.943406093678945,0.995454290795036,-0.05140238671356762,-0.004134664080823971,-0.08007155630942524,0.993571450422099,0.006428549576874712,1.0262901639634947e-12
1.9447694406548433,0.9954820839322275,-0.04644132051550072,-0.0038593798905248587,-0.08272683667958251,0.9931413756812736,0.006858624320149708,1.4233059175694507e-12
1.9461327876307415,0.9954801371920692,-0.041506415632058646,-0.0035584688191514003,-0.08534548152782609,0.9927034860825619,0.007296513917553375,1.1524114995609125e-13
1.9474961346066395,0.9954490985318698,-0.03659764315489744,-0.0032326527168606662,-0.08792755371103751,0.9922582952524056,0.007741704745195212,2.3991919562149633e-12
1.9488594815825377,0.9953896044837416,-0.03171496378494634,-0.002882642069734104,-0.09047312712112146,0.9918063036421798,0.008193696356376805,1.443400954315166e-12
1.9502228285584358,0.9953022801564456,-0.026858328326441038,-0.0025091359898696476,-0.09298228622393023,0.9913479986851105,0.008652001314844547,4.496403249731884e-14
1.951586175534334,0.9951877392540357,-0.022027678078902414,-0.002112822230303495,-0.09545512566717829,0.9908838549631064,0.009116145033913663,2.9799496203963827e-12
1.952949522510232,0.9950465841155014,-0.017222945259678702,-0.0016943772035706284,-0.09789174982502485,0.9904143344033455,0.009585665597913231,1.2587708653200025e-12
1.9543128694861303,0.994879405731384,-0.012444053461605419,-0.0012544660113329147,-0.10029227239062402,0.9899398864149872,0.010060113586248715,1.2359002710127243e-12
1.9556762164620283,0.9946867838096725,-0.007690918014637114,-0.0007937424802307147,-0.10265681598203008,0.9894609481055381,0.010539051894693311,2.313704783318826e-13
1.9570395634379265,0.994469286822921,-0.0029634463895250947,-0.00031284921560569733,-0.10498551174857886,0.9889779444485924,0.01102205555174269,3.3506530883187224e-13
1.9584029104138245,0.9942274720720504,0.0017384613957943623,0.00018758235396044672,-0.10727849897871401,0.9884912884708045,0.011508711530265463,1.0700329511337259e-12
1.9597662573897228,0.9939618857550911,0.006414912434732279,0.000706931900924732,-0.10953592474697262,0.9880013814353618,0.011998618562886991,1.751265799043722e-12
1.9611296043656208,0.9936730630543608,0.011066020553855523,0.001244590145211284,-0.11175794354172272,0.9875086130507339,0.01249138694930444,3.8413716652030416e-14
1.962492951341519,0.993361528209496,0.01569190596110255,0.0017999587577144916,-0.1139447169046491,0.9870133616393973,0.012986638362010099,1.4075407506197735e-12
1.963856298317417,0.9930277946134144,0.02029269490682349,0.0023724503026034635,-0.11609641311406585,0.9865159943413631,0.013484005658390162,2.468025783741723e-13
1.9652196452933153,0.9926723649121071,0.024868519354499522,0.0029614881265764576,-0.11821320684439005,0.9860168673150804,0.013983132684358399,5.612177389480166e-13
1.9665829922692135,0.9922957311030454,0.02941951665146882,0.003566506282367678,-0.1202952788248993,0.9855163259253334,0.014483674074622432,4.4075854077618715e-14
1.9679463392451115,0.9918983746383833,0.03394582922390133,0.004186949419638525,-0.12234281557225188,0.9850147049319647,0.014985295067588646,4.466427228067005e-13
1.9693096862210098,0.9914807665452423,0.038447604267778684,0.00482227269158492,-0.12435600903639019,0.9845123287030729,0.015487671297370765,4.4364512064021255e-13
1.9706730331969078,0.9910433675294348,0.04292499346895786,0.005471941639897454,-0.12633505635314232,0.9840095113883925,0.015990488609062086,2.5454083285580964e-12
1.972036380172806,0.9905866281082493,0.04737815269278598,0.006135432090473269,-0.1282801595420069,0.9835065571394519,0.01649344285905955,1.4885870314174099e-12
1.973399727148704,0.990110988720749,0.05180724174667111,0.0068122300402833945,-0.13019152522287214,0.9830037602829768,0.01699623971797949,9.563461134121098e-13
1.9747630741246023,0.9896168798571666,0.056212424075317964,0.007501831535291218,-0.13206936436548264,0.9825014055186574,0.017498594480286497,1.0561551633259114e-12
1.9761264211005003,0.9891047221918386,0.06059386654344747,0.00820374255705718,-0.13391389204116388,0.9819997681248793,0.018000231873554963,1.5657475316288583e-12
1.9774897680763985,0.9885749267120144,0.06495173915142846,0.008917478895023655,-0.1357253271417504,0.9814991141424596,0.018500885857578357,3.7969627442180354e-14
1.9788531150522966,0.9880278948445125,0.06928621481796617,0.009642566025675878,-0.1375038921772107,0.9809997005546802,0.0190002994434415,1.87827531306084e-12
1.9802164620281948,0.9874640186035119,0.07359746914885111,0.010378538991152974,-0.13924981302605147,0.980501775501713,0.019498224499381173,1.0942358130705543e-12
1.9815798090040928,0.986883680712266,0.07788568020216909,0.011124942255624461,-0.14096331870996717,0.9800055784367445,0.019994421561918756,1.3367085216486885e-12
1.982943155979991,0.9862872547597624,0.08215102827503996,0.011881329597268613,-0.14264464118505957,0.9795113403481949,0.020488659651813318,8.215650382226158e-15
1.9843065029558893,0.9856751053206796,0.08639369571390718,0.01264726396159915,-0.14429401514003215,0.9790192839080398,0.020980716090946195,1.0139666883901555e-12
1.9856698499317873,0.9850475881123434,0.09061386669903183,0.01342231733787836,-0.145911677779834,0.9785296236840948,0.02147037631524481,6.603606550470431e-13
1.9870331969076855,0.9844050501277413,0.09481172704159449,0.014206070620574402,-0.14749786865124442,0.9780425663016105,0.021957433699136504,7.469580509678053e-13
1.9883965438835836,0.9837478297794588,0.09898746402935822,0.014998113484858524,-0.14905282943706466,0.9775583106307587,0.022441689371299388,2.058131443050115e-12
1.9897598908594818,0.9830762570409131,0.10314126622403604,0.015798044248757658,-0.1505768037956343,0.9770770479558688,0.022922952043394652,7.365219545363288e-13
1.9911232378353798,0.9823906535965208,0.10727332329435901,0.016605469730712318,-0.1520700371805828,0.9765989621644152,0.023401037833081437,2.503330875924803e-12
1.992486584811278,0.9816913329755804,0.11138382587182485,0.017420005137948166,-0.15353277668657223,0.9761242299052169,0.023875770096095,1.311839525897085e-12
1.993849931787176,0.9809786006971389,0.1154729653586625,0.01824127390769613,-0.154965270856932,0.9756530207544393,0.024346979245537897,2.2870594307278225e-14
1.9952132787630743,0.9802527544194631,0.11954093380290388,0.019068907593028636,-0.15636776957564424,0.9751854974014145,0.024814502598853247,2.6778579353958776e-13
1.9965766257389723,0.9795140840736817,0.12358792374728267,0.019902545716960866,-0.1577405238949602,0.9747218157948677,0.025278184204672226,4.600764214046649e-13
1.9979399727148706,0.9787628720124135,0.12761412808356298,0.020741835648141305,-0.15908378589600863,0.9742621253165162,0.02573787468106162,2.422173572824704e-12
1.9993033196907686,0.977999393151359,0.13161973992352155,0.0215864324605958,-0.16039780856041796,0.9738065689419618,0.026193431057360356,6.777911565336581e-13
2.0006666666666666,0.977223915100041,0.13560495248042848,0.02243599881392572,-0.16168284564004742,0.9733552833806716,0.02664471661704188,2.28650431921551e-12
2.002030013642565,0.9764366983198084,0.1395699589262698,0.02329020480880609,-0.16293915152501978,0.9729083992603694,0.027091600739729486,9.880984919163893e-14
2.003393360618463,0.9756379962443833,0.14351495228952735,0.024148727864229773,-0.16416698113521028,0.9724660412464207,0.027533958752509108,1.070254995738651e-12
2.004756707594361,0.9748280554329228,0.1474401253501747,0.025011252593499584,-0.16536658980270988,0.972028328222409,0.027971671779273552,1.6826540161218873e-12
2.006120054570259,0.9740071156936868,0.15134567051116024,0.025877470663964324,-0.16653823315990518,0.9715953734044077,0.028404626591987277,3.605005183260346e-12
2.0074834015461573,0.9731754102417728,0.15523177971272745,0.02674708068376543,-0.16768216703744776,0.9711672845320236,0.028832715467478395,4.980460488468452e-13
2.0088467485220556,0.9723331658013912,0.15909864434498872,0.02761978806240091,-0.1687986473766767,0.9707441639497687,0.029255836048807594,1.4237500067793007e-12
2.0102100954979534,0.9714806027728184,0.16294645512475447,0.028495304898478575,-0.16988793010510492,0.9703261088015623,0.02967389119665427,1.783351244455389e-12
2.0115734424738516,0.9706179353432938,0.16677540203584615,0.029373349851580747,-0.17095027107809632,0.9699132111342965,0.030086788863177977,2.525535336417306e-12
2.01293678944975,0.9697453716262493,0.17058567424014567,0.030253648020162595,-0.17198592597295143,0.9695055580464973,0.03049444195130142,2.201239190924298e-12
2.014300136425648,0.9688631137922389,0.17437745997759155,0.03113593081742958,-0.17299515021065792,0.9691032318154293,0.03089676818427586,2.9476421303797906e-13
2.015663483401546,0.967971358188808,0.17815094652131117,0.032019935861153655,-0.1739781988792677,0.9687063100203248,0.03129368997782642,1.8487433806058107e-12
2.017026830377444,0.9670702954780024,0.18190632008846067,0.032905406852544936,-0.17493532666753828,0.9683148656840364,0.031685134316409846,4.4630965589931293e-13
2.0183901773533424,0.9661601107505345,0.18564376577667413,0.03379209345695662,-0.17586678776961354,0.9679289673772301,0.03207103262060598,2.1639356972968926e-12
2.0197535243292406,0.9652409836636645,0.1893634674933326,0.03467975119024353,-0.17677283584100364,0.9675486793650971,0.032451320633887615,1.0151879337172431e-12
2.021116871305139,0.9643130885448428,0.19306560790615163,0.035568141317216424,-0.17765372392669718,0.9671740616950653,0.03282593830178461,3.150146810071419e-12
2.0224802182810366,0.9633765945304558,0.19675036838144871,0.036457030716981594,-0.17850970439160202,0.9668051703473343,0.03319482965067607,1.989630682430743e-12
2.023843565256935,0.9624316656712969,0.2004179289207657,0.037346191798323575,-0.17934102887746273,0.9664420573197159,0.03355794268066408,3.7991831902672857e-13
2.025206912232833,0.9614784610506462,0.20406846813116603,0.038235402375771485,-0.1801479482400227,0.9660847707497198,0.03391522924992705,3.531619441332623e-13
2.0265702592087314,0.9605171349088472,0.20770216315547937,0.03912444557275696,-0.180930712492282,0.9657333550329658,0.034266644964340426,2.69384514695048e-12
2.027933606184629,0.9595478367504856,0.211319189647435,0.04001310970793769,-0.18168957076748551,0.9653878509257852,0.03461214907417258,4.2299497238218464e-14
2.0292969531605274,0.9585707114523488,0.21491972170341278,0.040901188199680284,-0.1824247712614737,0.9650482956313344,0.034951704365946655,2.7189361873070084e-12
2.0306603001364256,0.9575858993854162,0.2185039318566934,0.04178847946089303,-0.18313656119517582,0.9647147229386107,0.03528527706204787,6.585842982076429e-13
2.032023647112324,0.9565935365079282,0.22207199101149924,0.042674786798972554,-0.18382518676868628,0.9643871632805564,0.03561283671888016,5.634381849972669e-13
2.0333869940882217,0.9555937544873477,0.2256240684275751,0.043559918322310334,-0.18449089312831543,0.9640656438690368,0.03593435613152986,5.666578317686799e-13
2.03475034106412,0.9545866807917504,0.2291603316791336,0.04444368684191252,-0.1851339243297415,0.9637501887603017,0.03624981123783244,1.865840815185038e-12
2.036113688040018,0.9535724388080513,0.23268094663088884,0.045325909770350184,-0.1857545232940245,0.9634408189793814,0.036559181020700215,8.171241461241152e-14
2.0374770350159164,0.9525511479268156,0.2361860774055999,0.046206409038389296,-0.1863529317842133,0.9631375525769381,0.0368624474207946,2.2672974608894947e-12
2.038840381991814,0.9515229236582335,0.2396758863643213,0.047085010998764776,-0.18692939037837805,0.9628404047516356,0.03715959524798586,3.785860513971784e-13
2.0402037289677124,0.950487877717866,0.24315053407939533,0.04796154633755299,-0.18748413842739012,0.9625493879117084,0.037450612088950015,6.583622536027178e-13
2.0415670759436106,0.9494461181260094,0.24661017932744247,0.048835849984071956,-0.1880174140388959,0.9622645117724616,0.03773548822554039,1.9979573551154317e-12
2.042930422919509,0.9483977493145155,0.2500549790362736,0.04970776102837529,-0.1885294540605795,0.9619857834456697,0.03801421655483421,5.03819208574896e-13
2.044293769895407,0.9473428721959949,0.25348508831501015,0.05057712263507227,-0.18902049403892426,0.9617132074986253,0.03828679250076215,6.125100426856989e-13
2.045657116871305,0.946281584279578,0.25690066040118,0.05144378195731205,-0.18949076820311578,0.9614467860612307,0.03855321393627842,2.4908963780490012e-12
2.047020463847203,0.9452139797458553,0.2603018466671078,0.05230759005864827,-0.1899405094656836,0.9611865188853044,0.03881348111382704,8.686384944667225e-13
2.0483838108231014,0.9441401495398032,0.26368879659492644,0.05316840183164886,-0.19036994936819618,0.9609324034227226,0.03906759657578126,1.496136547984861e-12
2.0497471577989996,0.9430601814560784,0.2670616577854976,0.05402607592204899,-0.1907793180970939,0.9606844349071099,0.039315565093127135,2.369215934550084e-13
2.0511105047748974,0.941974160225439,0.2704205759220936,0.05488047464430299,-0.19116884445336718,0.9604426064144579,0.03955739358681968,1.2776446567386301e-12
2.0524738517507957,0.9408821675930911,0.27376569479461177,0.055731463916866224,-0.19153875584089985,0.9602069089410498,0.0397930910593968,4.4653170050423796e-13
2.053837198726694,0.9397842824087362,0.27709715626665526,0.0565789131783909,-0.19188927825474394,0.9599773314735704,0.040022668525574435,8.550937735662956e-13
2.055200545702592,0.9386805807021366,0.2804151002874771,0.05742269532791172,-0.19222063626454328,0.9597538610565362,0.04024613894466802,1.2041478925084448e-12
2.05656389267849,0.9375711357555426,0.28371966487918937,0.058262686633797654,-0.19253305301808754,0.9595364828410978,0.04046351715825381,6.483702463810914e-13
2.057927239654388,0.9364560181899241,0.2870109861474901,0.05909876669177047,-0.19282675021999904,0.959325180173482,0.040674819824894216,1.623812195816754e-12
2.0592905866302864,0.9353352960419544,0.2902891982587455,0.05993081832743049,-0.1931019481210116,0.9591199346475958,0.040880065353525334,1.121103210266483e-12
2.0606539336061847,0.9342090348194324,0.2935544334731718,0.06075872755199479,-0.19335886551860113,0.9589207261500103,0.041079273848378006,1.6115997425458772e-12
2.062017280582083,0.9330772976008588,0.2968068221055223,0.0615823834908462,-0.19359771975615417,0.9587275329465007,0.041272467051196055,2.3032686868873498e-12
2.0633806275579807,0.9319401450889133,0.30004649255811955,0.06240167831048126,-0.19381872670134,0.9585403317247745,0.04145966827609352,8.679723606519474e-13
2.064743974533879,0.9307976356739399,0.30327357132295185,0.06321650717242944,-0.19402210075495344,0.9583590976391739,0.04164090236044711,3.7891911830456593e-13
2.066107321509777,0.9296498255243687,0.3064881829599226,0.06402676815667556,-0.19420805484681797,0.9581838043915641,0.04181619560797334,4.625189120588402e-13
2.0674706684856754,0.9284967686343524,0.3096904501326326,0.06483236221379249,-0.19437680042270988,0.9580144242677868,0.041985575732790374,5.770939282001564e-13
2.068834015461573,0.9273385168953058,0.3128804935989445,0.06563319309667234,-0.19452854745044787,0.9578509281923047,0.04214907180924622,1.5509815654013437e-12
2.0701973624374714,0.9261751201584332,0.31605843221657975,0.0664291673121886,-0.1946635044226245,0.9576932857756906,0.04230671422388791,4.2155168245017194e-13
2.0715607094133697,0.9250066263022143,0.31922438295588795,0.06722019405702874,-0.19478187834391714,0.9575414653765717,0.04245853462024914,3.1791236310141358e-12
2.072924056389268,0.9238330812915625,0.32237846090536504,0.06800618517447772,-0.1948838747447109,0.9573954341443748,0.04260456585749752,1.872280108727864e-12
2.0742874033651657,0.922654529226364,0.3255207792803583,0.06878705507791272,-0.19496969766698985,0.9572551580452151,0.04274484195464922,1.3566925360919413e-13
2.075650750341064,0.9214710124190962,0.32865144943874675,0.06956272073069494,-0.19503954967341494,0.9571206019468632,0.04287939805226516,8.716360966332104e-13
2.077014097316962,0.9202825714412083,0.3317705808779584,0.07033310156566089,-0.19509363185513104,0.9569917296345405,0.04300827036627098,8.115730310009894e-13
2.0783774442928604,0.9190892451749364,0.3348782812594805,0.0710981194558593,-0.19513214382848798,0.956868503855538,0.04313149614526136,7.993605777301127e-13
2.0797407912687587,0.9178910708806055,0.3379746564091327,0.07185769864792389,-0.19515528372437438,0.9567508863772162,0.043249113620516914,2.266964393982107e-12
2.0811041382446565,0.9166880842403875,0.3410598103462617,0.07261176573306095,-0.19516324821452075,0.9566388380217399,0.04336116197651556,1.744604460895971e-12
2.0824674852205547,0.9154803194172906,0.34413384526699375,0.07336024958026485,-0.1951562325021158,0.9565323186986315,0.04346768130289864,1.5301093725383907e-12
2.083830832196453,0.9142678090973834,0.34719686158229834,0.07410308130576243,-0.19513443031897684,0.9564312874443269,0.04356871255492006,7.530642776032437e-13
2.085194179172351,0.9130505845495818,0.35024895793062716,0.07484019422176233,-0.19509803394685235,0.9563357024778232,0.04366429752107827,1.0985656828665924e-12
2.086557526148249,0.9118286756704197,0.35329023116761127,0.07557152380148008,-0.1950472342199203,0.9562455212133356,0.043754478786518114,1.4632739464559563e-13
2.087920873124147,0.9106021110311784,0.3563207764104642,0.07629700761183447,-0.19498222050431743,0.9561607003161947,0.04383929968331459,4.907185768843192e-13
2.0892842201000454,0.9093709179282613,0.35934068703162564,0.0770165852997932,-0.19490318073244586,0.9560811957300491,0.04391880427086479,9.139355938714289e-13
2.0906475670759437,0.9081351224196058,0.36235005468334464,0.07773019854077406,-0.19481030140727904,0.9560069627010951,0.04399303729958305,6.781242234410456e-13
2.0920109140518415,0.906894749386588,0.36534896930308636,0.07843779098998442,-0.1947037675775118,0.9559379558357899,0.04406204416426621,5.617728504603292e-14
2.0933742610277397,0.9056498225554983,0.3683375191509558,0.07913930826382999,-0.19458376288023813,0.9558741291090862,0.04412587088911025,1.8035573035035668e-12
2.094737608003638,0.9044003645610154,0.3713157907956542,0.07983469787752345,-0.19445046953348877,0.9558154359122994,0.04418456408698969,7.108758026674877e-13
2.096100954979536,0.9031463969759125,0.37428386914677403,0.08052390922231219,-0.19430406832675748,0.9557618290740523,0.04423817092477241,1.1752820938681907e-12
2.0974643019554344,0.9018879403510063,0.3772418374795085,0.0812068935287456,-0.1941447386528063,0.9557132608954959,0.04428673910315548,1.3485879080121776e-12
2.0988276489313322,0.900625014262383,0.3801897774272996,0.08188360382620022,-0.1939726585056136,0.9556696831753371,0.044330316823301505,1.3614664950978295e-12
2.1001909959072305,0.8993576373423706,0.3831277690247795,0.08255399491305003,-0.19378800447268216,0.9556310472439556,0.04436895275360817,2.436162382934981e-12
2.1015543428831287,0.8980858273244453,0.3860558907080856,0.08321802331201489,-0.19359095176077537,0.9555973039914466,0.044402696007601904,9.514611321037592e-13
2.102917689859027,0.8968096010746667,0.38897421932385984,0.08387564725310834,-0.19338167420003813,0.955568403878309,0.04443159611853756,3.1534774791452946e-12
2.1042810368349247,0.8955289746277619,0.39188283018367975,0.08452682663093346,-0.19316034424432799,0.9555442969906217,0.04445570300888316,4.951594689828198e-13
2.105644383810823,0.8942439632254767,0.39478179703233446,0.08517152296933932,-0.19292713298049516,0.955524933033287,0.04447506696499036,1.7226220450083929e-12
2.107007730786721,0.8929545813525014,0.3976711921022242,0.08580969939556267,-0.19268221013561476,0.9555102613864251,0.04448973861310204,4.728439861878542e-13
2.1083710777626194,0.8916608427604553,0.4005510861138396,0.08644132061797574,-0.19242574409465335,0.955500231099262,0.0444997689005607,1.773026170326375e-13
2.1097344247385172,0.8903627605094853,0.40342154830203497,0.08706635288230484,-0.19215790189054566,0.9554947909364818,0.0445052090632026,3.155253835984695e-13
2.1110977717144155,0.8890603470000108,0.4062826464230775,0.08768476394101964,-0.19187884922472564,0.955493889392319,0.04450611060719734,4.836131495267182e-13
2.1124611186903137,0.8877536139942406,0.4091344467883205,0.08829652304361116,-0.1915887504714979,0.9554974747086201,0.044502525288820836,2.559064071760986e-12
2.113824465666212,0.8864425726590714,0.4119770142668131,0.08890160089247122,-0.19128776868524877,0.9555054949066312,0.04449450508982548,3.5433878053936496e-12
2.11518781264211,0.8851272335930468,0.4148104123046973,0.08949996961913602,-0.19097606560644262,0.955517897804473,0.04448210219634254,8.1556983388964e-13
2.116551159618008,0.8838076068356403,0.4176347029632359,0.09009160275919353,-0.19065380167173807,0.955534631019732,0.044465368979606755,6.612488334667432e-13
2.1179145065939062,0.8824837019263659,0.4204499469095476,0.09067647522940075,-0.1903211360263193,0.9555556420219045,0.04444435797837687,2.8133051444001467e-13
2.1192778535698045,0.8811555279092433,0.423256203453815,0.09125456329312526,-0.18997822651651183,0.9555808781271544,0.04441912187217808,6.674660824046441e-13
2.1206412005457027,0.8798230933675323,0.42605353055922585,0.09182584454930445,-0.18962522971465384,0.9556102865247944,0.04438971347152827,3.6772807021634435e-12
2.1220045475216005,0.8784864064520523,0.4288419848646583,0.09239029789494795,-0.1892623009261744,0.9556438143037005,0.04435618569698703,6.874500968478969e-13
2.1233678944974987,0.877145474894932,0.43162162169640306,0.0929479035055526,-0.18888959417649617,0.9556814084444889,0.04431859155423894,1.2722045639179669e-12
2.124731241473397,0.8758003060529914,0.43439249509210925,0.09349864281045363,-0.18850726224517228,0.9557230158748615,0.04427698412656694,1.4284129434827264e-12
2.126094588449295,0.8744509069056139,0.4371546578203965,0.0940424984846699,-0.18811545666368626,0.9557685834421187,0.04423141655702636,8.549827512638331e-13
2.127457935425193,0.8730972841073943,0.43990816139432476,0.09457945440226838,-0.18771432771058963,0.9558180579770433,0.0441819420228694,8.72635297355373e-14
2.1288212824010913,0.871739443989478,0.44265305608881156,0.09510949562550453,-0.18730402443592548,0.9558713862718488,0.04412861372803164,1.1957101975212936e-13
2.1301846293769895,0.8703773925835635,0.44538939096808716,0.09563260839705925,-0.18688469467504296,0.9559285151074861,0.04407148489260932,9.547918011776346e-14
2.1315479763528877,0.8690111356546667,0.448117213892401,0.09614878009478348,-0.18645648502464857,0.9559893912785012,0.04401060872146203,3.674838211509268e-14
2.1329113233287855,0.8676406787111872,0.45083657154061046,0.09665799922540859,-0.18601954088194783,0.9560539615929015,0.04394603840418975,2.90878432451791e-12
2.1342746703046838,0.86626602702919,0.4535475094357316,0.09716025540827451,-0.18557400644316302,0.9561221729002922,0.04387782709836825,1.3394840792102514e-12
2.135638017280582,0.8648871856712864,0.4562500719456918,0.09765553934451884,-0.18512002470156946,0.9561939720888473,0.04380602791017857,9.741096818061123e-13
2.1370013642564802,0.8635041595052115,0.45894430232133193,0.0981438427982989,-0.1846577374607468,0.9562693061160161,0.043730693883339285,6.445954880973659e-13
2.1383647112323785,0.8621169532198641,0.46163024269704156,0.0986251585991386,-0.1841872853603951,0.9563481220016308,0.04365187799713685,1.2323475573339238e-12
2.1397280582082763,0.8607255713513977,0.46430793412408616,0.09909948058617848,-0.18370880783951818,0.9564303668687669,0.04356963313026739,9.656719868189612e-13
2.1410914051841745,0.8593300182906589,0.4669774165767555,0.09956680362494613,-0.18322244318989905,0.9565159879281251,0.04348401207256437,6.894484982922222e-13
2.1424547521600728,0.8579302983059828,0.4696387289663699,0.10002712357180575,-0.18272832854687845,0.95660493249654,0.043395067503585245,1.2523315717771766e-13
2.143818099135971,0.8565264155598963,0.4722919091759992,0.1004804372589865,-0.18222659987730855,0.9566971480249945,0.04330285197460184,4.036770917537069e-13
2.145181446111869,0.8551183741182491,0.47493699407065726,0.10092674248226594,-0.18171739201873602,0.9567925820915093,0.04320741791017261,1.6819878823071122e-12
2.146544793087767,0.8537061779725887,0.47757401950144024,0.10136603797668427,-0.18120083866424339,0.9568911824113274,0.043108817587715745,9.5679020262196e-13
2.1479081400636653,0.8522898310593916,0.4802030203393053,0.1017983234084059,-0.18067707237404465,0.9569928968702375,0.043007103130418174,6.556977183436175e-13
2.1492714870395635,0.8508693372536402,0.4828240304931927,0.10222359935458977,-0.1801462245909649,0.9570976735001403,0.04290232649938606,4.736211423050918e-13
2.1506348340154613,0.8494447004142464,0.48543708290463833,0.10264186728686521,-0.17960842563819857,0.9572054605208133,0.04279453948036675,1.1801670751765414e-12
2.1519981809913595,0.8480159243643788,0.48804220959919936,0.10305312955506735,-0.17906380472733802,0.9573162063260405,0.04268379367452374,5.642153411145046e-13
2.1533615279672578,0.8465830129309195,0.49063944167275714,0.10345738937835809,-0.17851248996802163,0.9574298595081483,0.042570140491568216,2.8343993818680246e-13
2.154724874943156,0.8451459699463744,0.4932288093210008,0.10385465081894124,-0.17795460837406799,0.9575463688608102,0.042453631138292126,8.976153154094391e-13
2.1560882219190542,0.843704799254094,0.4958103418663012,0.10424491878800964,-0.17739028586841082,0.9576656833859696,0.04233431661359525,4.3520742565306136e-13
2.157451568894952,0.8422595047361437,0.4983840677505525,0.1046281990027758,-0.17681964728866462,0.9577877523059615,0.04221224769385222,1.8629542353210127e-13
2.1588149158708503,0.8408100903113771,0.5009500145705466,0.10500449799627687,-0.1762428163990814,0.9579125250676567,0.042087474931730436,6.128431095930864e-13
2.1601782628467485,0.8393565599498579,0.5035082090928085,0.10537382309133507,-0.17565991589063248,0.9580399513547068,0.04196004864358805,1.705191543521778e-12
2.1615416098226468,0.8378989176911111,0.5060586772560054,0.10573618239428044,-0.17507106739059083,0.9581699810940334,0.04183001890459733,1.3692380562702056e-12
2.1629049567985446,0.8364371676441675,0.508601444202135,0.10609158477450102,-0.17447639146756946,0.958302564461095,0.041697435539509685,6.046274592108603e-13
2.164268303774443,0.8349713139964245,0.5111365342911814,0.1064400398555746,-0.1738760076372522,0.9584376518841159,0.04156234811632609,4.418687638008123e-13
2.165631650750341,0.8335013610373666,0.5136639710993175,0.10678155800144375,-0.1732700343718015,0.9585751940566629,0.04142480594042098,2.916111796480436e-12
2.1669949977262393,0.8320273131541979,0.5161837774654253,0.10711615030485452,-0.1726585891001958,0.9587151419530694,0.041284858046202445,7.281952818516402e-13
2.168358344702137,0.8305491748442101,0.5186959754752944,0.10744382857177831,-0.17204178821807997,0.9588574468086655,0.04114255319143637,1.0191847366058937e-13
2.1697216916780353,0.8290669507239201,0.521200586492767,0.10776460531466059,-0.17141974709983787,0.9590020601430633,0.04099793985439695,2.539746191132508e-12
2.1710850386539335,0.827580645541167,0.5236976311797515,0.10807849373418596,-0.17079258008701162,0.9591489337776179,0.04085106622062875,1.7533752227905097e-12
2.172448385629832,0.8260902641758578,0.5261871294987955,0.10838550770916051,-0.17016040050587233,0.9592980198163208,0.04070198018169137,1.9878543255913428e-12
2.17381173260573,0.824595811647716,0.5286691007393373,0.10868566179191862,-0.1695233206845258,0.9594492706634952,0.04055072933505589,1.4489520694382918e-12
2.175175079581628,0.8230972931349004,0.5311435635187355,0.1089789711835551,-0.16888145192958265,0.9596026390333812,0.04039736096607007,5.487832410722149e-13
2.176538426557526,0.8215947139672128,0.5336105358127368,0.10926545172948715,-0.16823490455254242,0.9597580779492224,0.040241922051451946,6.743494651573201e-13
2.1779017735334243,0.820088079632624,0.5360700349616944,0.10954511992013344,-0.16758378788198292,0.9599155407393571,0.04008445925918986,1.4529488723269424e-12
2.1792651205093225,0.8185773958014534,0.53852207768563,0.10981799285371113,-0.16692821023892762,0.9600749810719371,0.03992501892798937,7.349676423018536e-14
2.1806284674852203,0.8170626683095262,0.5409666800975422,0.1100840882473725,-0.16626827897190216,0.9602363529208394,0.03976364707753358,1.627031842588167e-12
2.1819918144611186,0.8155439031800538,0.5434038577190353,0.11034342441933645,-0.16560410045598453,0.9603996105980865,0.039600389400421626,1.4918066781888228e-12
2.183355161437017,0.814021106622388,0.5458336254955817,0.11059602027724597,-0.16493578007842094,0.9605647087483884,0.03943529125124225,3.693712002927896e-13
2.184718508412915,0.8124942850329567,0.5482559978115337,0.11084189530884284,-0.16426342226847052,0.960731602347536,0.03926839765100633,1.4577228313328305e-12
2.186081855388813,0.8109634450102378,0.5506709884971275,0.11108106957278759,-0.16358713049998072,0.9609002467152765,0.03909975328265221,2.071232074740692e-12
2.187445202364711,0.809428593356885,0.5530786108467105,0.11131356368957285,-0.162907007271185,0.9610705975198326,0.038929402479326525,8.408829188510936e-13
2.1888085493406093,0.8078897370745287,0.5554788776380735,0.11153939882007007,-0.16222315413764807,0.9612426107724047,0.03875738922750977,8.548717289613705e-14
2.1901718963165075,0.806346883382684,0.5578718011250259,0.111758596679105,-0.1615356717129948,0.9614162428314482,0.038583757167451285,1.1004530620084552e-12
2.191535243292406,0.8048000397104145,0.560257393082944,0.11197117950145925,-0.1608446596554569,0.9615914504219811,0.03840854957862778,6.088463067044358e-13
2.1928985902683036,0.8032492137032222,0.5626356647937059,0.11217717004568861,-0.16015021669239193,0.9617681906127002,0.038231809386079424,1.220357148667972e-12
2.194261937244202,0.8016944132341423,0.5650066270682528,0.11237659158827333,-0.15945244062304267,0.9619464208418793,0.03805357915764253,4.781730567060549e-13
2.1956252842201,0.8001356463988311,0.5673702902610152,0.11256946789175987,-0.15875142830529657,0.9621260989089437,0.037873901090405664,6.505906924303417e-13
2.1969886311959983,0.7985729215163556,0.5697266642850313,0.11275582323007416,-0.1580472756842313,0.9623071829765162,0.037692817023499144,1.532107773982716e-14
2.198351978171896,0.7970062471439827,0.5720757586106421,0.11293568234935941,-0.15734007778496745,0.9624896315764769,0.037510368425095,1.5718537582642966e-12
2.1997153251477943,0.7954356320640835,0.5744175822969756,0.11310907047253897,-0.1566299287076513,0.962673403609091,0.03732659639012571,7.832623438730479e-13
2.2010786721236926,0.793861085302394,0.576752143986839,0.11327601329049627,-0.15591692165901178,0.9628584583509103,0.0371415416466111,2.478572902475662e-12
2.202442019099591,0.7922826161175668,0.5790794519331836,0.11343653695602125,-0.15520114893072023,0.963044755453332,0.03695524454599038,6.77569111928733e-13
2.2038053660754886,0.7907002340092638,0.5813995139983664,0.11359066805443431,-0.1544827019103437,0.963232254939841,0.03676774505857279,1.5861756352819611e-12
2.205168713051387,0.7891139487189655,0.5837123376764843,0.11373843362890323,-0.15376167109948505,0.9634209172185839,0.036579082783662634,2.2466473126314668e-12
2.206532060027285,0.7875237702334529,0.5860179300867029,0.11387986114310882,-0.15303814609789398,0.9636107030658159,0.036389296935054084,8.699707620962727e-13
2.2078954070031833,0.7859297087794557,0.5883162980143781,0.11401497848643379,-0.15231221562468952,0.9638015736515024,0.03619842634776388,7.336353746723034e-13
2.209258753979081,0.7843317748342089,0.5906074478967805,0.11414381396938793,-0.15158396751396175,0.9639934905257285,0.03600650947475205,4.805045250577678e-13
2.2106221009549794,0.7827299791209542,0.5928913858406435,0.1142663962922132,-0.15085348871764892,0.9641864156187281,0.035813584379894944,1.3770096174425817e-12
2.2119854479308776,0.7811243326114211,0.5951681176385039,0.11438275457521924,-0.1501208653182092,0.9643803112509982,0.035619688748102736,8.990586053414518e-13
2.213348794906776,0.7795148465230651,0.5974376487773059,0.11449291831564193,-0.14938618252459118,0.9645751401264332,0.03542485987370273,1.3589129821411916e-13
2.214712141882674,0.777901532331633,0.5996999844360924,0.11459691738769064,-0.14864952467940457,0.9647708653365522,0.0352291346621741,1.2736478538499796e-12
2.216075488858572,0.7762844017504054,0.6019551295272711,0.11469478205845168,-0.147910975263293,0.9649674503651785,0.0350325496347742,4.729550084903167e-14
2.21743883583447,0.7746634667517275,0.6042030886689205,0.11478654294572918,-0.14717061690443126,0.965164859076868,0.0348351409214626,1.6694423621288479e-12
2.2188021828103683,0.7730387395595548,0.6064438662229943,0.11487223103269235,-0.14642853136804365,0.9653630557393182,0.034636944261030395,3.4861002973229915e-13
2.2201655297862666,0.771410232637761,0.6086774662979707,0.11495187765434635,-0.1456847995746778,0.9655620049971618,0.03443799500337385,5.355715870791755e-13
2.2215288767621644,0.7697779587144118,0.6109038927429192,0.11502551448709265,-0.14493950160378286,0.9657616718909788,0.03423832810817333,8.47877323906232e-13
2.2228922237380626,0.7681419307591191,0.613123149186645,0.1150931735423482,-0.14419271668124564,0.9659620218588961,0.03403797813996707,1.1367573549136978e-12
2.224255570713961,0.7665021619932513,0.6153352390242134,0.11515488716235603,-0.1434445232079678,0.9661630207253142,0.033836979275736166,1.0504930259003231e-12
2.225618917689859,0.7648586658843173,0.6175401654289857,0.11521068801677956,-0.1426949987477522,0.9663646346963968,0.03363536530092072,2.6825208720993032e-12
2.226982264665757,0.7632114561590396,0.6197379313719232,0.11526060907834593,-0.14194422002936727,0.9665668303935524,0.033433169604856705,1.5909495942878493e-12
2.228345611641655,0.761560546780033,0.6219285396261757,0.11530468362843187,-0.1411922629615706,0.9667695748134504,0.03323042518686207,3.1241675912951905e-13
2.2297089586175534,0.7599059519615151,0.62411199276697,0.115342945257056,-0.1404392026336952,0.966972835342095,0.033027164656960324,9.446887716535457e-13
2.2310723055934516,0.7582476861645815,0.6262882931958234,0.11537542783919857,-0.13968511331117445,0.9671765797680792,0.03282342022983376,2.0869972416903693e-12
2.23243565256935,0.7565857640967341,0.6284574431397411,0.11540216553606032,-0.138930068445871,0.9673807762715798,0.03261922372878667,3.6637359812630166e-13
2.2337989995452476,0.7549202007060236,0.6306194446530521,0.11542319279128059,-0.1381741406918221,0.9675853934085468,0.03241460659005657,1.396660564978447e-12
2.235162346521146,0.7532510111828757,0.6327742996506812,0.11543854431552542,-0.13741740188148416,0.9677904001464349,0.03220959985354485,2.020605904817785e-14
2.236525693497044,0.7515782109599073,0.634922009887329,0.11544825508252841,-0.1366599230502647,0.9679957658290604,0.03200423416970481,1.2347900479880991e-12
2.2378890404729423,0.7499018157110194,0.6370625769807257,0.1154523603351626,-0.1359017744467352,0.9682014601960068,0.03179853980473151,7.382983113757291e-13
2.23925238744884,0.7482218413452069,0.6391960024169394,0.11545089555538261,-0.13514302550454513,0.9684074533718078,0.031592546627062,1.1302070390684094e-12
2.2406157344247384,0.7465383040084171,0.6413222875629464,0.11544389647268948,-0.13438374488433866,0.9686137158767344,0.03138628412193605,1.3296030942910875e-12
2.2419790814006366,0.7448512200832784,0.6434414336612135,0.11543139906088053,-0.13362400045817646,0.9688202186115464,0.031179781387598995,8.54538662053983e-13
2.243342428376535,0.7431606061829303,0.6455534418527988,0.11541343951426554,-0.13286385930280814,0.9690269328701754,0.030973067129349437,4.75175454539567e-13
2.2447057753524327,0.7414664791487738,0.6476583131763841,0.11539005426164303,-0.13210338772972982,0.9692338303277583,0.030766169672176255,6.539213615042172e-14
2.246069122328331,0.7397688560558388,0.6497560485708389,0.11536127994696642,-0.1313426512725461,0.9694408830445546,0.030559116954304015,1.1414202916171234e-12
2.247432469304229,0.7380677542021544,0.6518466488975551,0.11532715342262745,-0.1305817146862855,0.9696480634719842,0.030351936526976712,1.039057728746684e-12
2.2487958162801274,0.7363631911120075,0.6539301149324411,0.11528771175255163,-0.1298206419662953,0.9698553444402147,0.03014465556168046,1.8951507030351422e-12
2.2501591632560256,0.7346551845287206,0.6560064473760095,0.1152429921947002,-0.12905949634399966,0.9700626991538216,0.029937300846554587,3.7614356074300304e-13
2.2515225102319234,0.7329437524180901,0.6580756468693465,0.1151930322026433,-0.1282983402848654,0.9702701012112193,0.029729898787890334,8.903988657493755e-13
2.2528858572078216,0.7312289129652606,0.6601377139888982,0.11513786941622547,-0.12753723550477514,0.9704775245868451,0.029522475413908268,7.533973445106312e-13
2.25424920418372,0.7295106845636473,0.6621926492576846,0.11507754165873292,-0.12677624296704385,0.9706849436234323,0.029315056375056343,1.5113466034222256e-12
2.255612551159618,0.727789085824124,0.6642404531605987,0.11501208692166211,-0.12601542287859344,0.9708923330597117,0.029107666941346685,1.0582645870726992e-12
2.256975898135516,0.726064135566155,0.6662811261272384,0.11494154336776109,-0.12525483471304133,0.9710996679888088,0.02890033201075421,4.369837824924616e-13
2.258339245111414,0.7243358528151276,0.6683146685642405,0.11486594932662342,-0.12449453719786058,0.9713069238915487,0.0286930761068159,1.6353585152728556e-12
2.2597025920873124,0.722604256802303,0.6703410808469483,0.1147853432800537,-0.1237345883208144,0.9715140766198637,0.02848592337884118,1.2951861805277076e-12
2.2610659390632106,0.720869366960607,0.6723603633254359,0.11469976386101427,-0.12297504534077326,0.9717211023932986,0.02827889760633768,3.637090628672013e-13
2.2624292860391084,0.7191312029202115,0.6743725163327615,0.11460924984673658,-0.12221596478561765,0.971927977798451,0.028072022198911025,2.6380009288118345e-12
2.2637926330150067,0.7173897845084118,0.6763775401978445,0.11451384015559164,-0.12145740245686303,0.9721346798011122,0.02786532019874878,1.389999226830696e-13
2.265155979990905,0.715645131744799,0.6783754352322094,0.11441357383654432,-0.12069941343667591,0.9723411857165204,0.027658814282008008,1.471600619140645e-12
2.266519326966803,0.713897264843765,0.6803662017515532,0.11430849006881202,-0.11994205208760957,0.9725474732372441,0.02745252676079854,1.957323192414151e-12
2.2678826739427014,0.7121462041974318,0.6823498400829633,0.11419862815206157,-0.11918537205638478,0.9727535204140558,0.0272464795840317,1.9124701822192947e-12
2.269246020918599,0.7103919703893399,0.6843263505547551,0.1140840275017892,-0.11842942628377533,0.9729593056572384,0.02704069434093317,1.8284262992551703e-12
2.2706093678944974,0.7086345841857038,0.6862957335088771,0.11396472764449082,-0.1176742670000326,0.9731648077365331,0.026835192261077927,2.388977904388412e-12
2.2719727148703956,0.7068740665227818,0.6882579893170689,0.11384076821149791,-0.11691994573302493,0.9733700057812288,0.026629994217197483,1.5737411374061594e-12
2.273336061846294,0.7051104385190916,0.6902131183637968,0.11371218893692296,-0.11616651331694022,0.9735748792700621,0.026425120729041317,8.965050923848139e-13
2.2746994088221917,0.7033437214624996,0.6921611210681755,0.11357902964360235,-0.115414019883561,0.9737794080390715,0.026220591960465316,4.631850458736153e-13
2.27606275579809,0.7015739368100533,0.6941019978814585,0.11344133024853396,-0.11466251487635612,0.9739835722741889,0.026016427726327538,5.164757510556228e-13
2.277426102773988,0.6998011061798809,0.6960357492939561,0.11329913074956194,-0.113912047057093,0.9741873525057836,0.025812647493343704,8.727463196578356e-13
2.2787894497498864,0.6980252513581694,0.6979623758388788,0.11315247122253203,-0.11316266449235958,0.9743907296202879,0.025609270378776285,9.358069874565444e-13
2.280152796725784,0.696246394289235,0.6998818780917943,0.11300139181524757,-0.11241441457983883,0.9745936848420581,0.02540631515751098,4.3087755585702325e-13
2.2815161437016824,0.6944645570683681,0.7017942566808856,0.11284593275170172,-0.11166734404099062,0.9747961997344413,0.02520380026377055,1.7881252034612771e-12
2.2828794906775807,0.6926797619494215,0.7036995122906895,0.11268613431053694,-0.11092149891414059,0.9749982562124614,0.025001743787212066,3.2651659154225854e-13
2.284242837653479,0.690892031327757,0.705597645662157,0.11252203682617248,-0.11017692458123446,0.9751998365161731,0.024800163481689542,2.137290344705889e-12
2.285606184629377,0.6891013877561074,0.7074886575942774,0.11235368069230804,-0.10943366576112758,0.9754009232319458,0.0245990767670273,1.0268452754758073e-12
2.286969531605275,0.687307853913217,0.7093725489624046,0.11218110634966899,-0.10869176650395689,0.9756014992722111,0.02439850072758643,2.0250467969162855e-13
2.288332878581173,0.6855114526309409,0.7112493206998266,0.11200435427690696,-0.1079512702042188,0.9758015478841475,0.024198452115691136,1.6131540547803525e-13
2.2896962255570714,0.683712206870517,0.7131189738171212,0.1118234649957704,-0.10721221961387215,0.9760010526417365,0.023998947358193436,7.005507285384738e-14
2.2910595725329697,0.6819101397276495,0.7149815093998139,0.11163847905575566,-0.10647465682731978,0.9761999974470185,0.02380000255237791,6.036282584886976e-13
2.2924229195088675,0.6801052744247432,0.7168369286152219,0.11144943703677829,-0.10573862329806764,0.97639836652686,0.023601633472785467,3.54605234065275e-13
2.2937862664847657,0.6782976343083529,0.7186852327113195,0.11125637954690965,-0.10500415983726312,0.9765961444256313,0.023403855573015518,1.3532508447156033e-12
2.295149613460664,0.6764872428533626,0.7205264230193714,0.11105934720718304,-0.1042713066225185,0.9767933160124347,0.0232066839868529,7.12430114901963e-13
2.296512960436562,0.6746741236434853,0.7223605009661264,0.11085838065360239,-0.10354010319573782,0.9769898664701381,0.023010133530923044,1.0611511669367246e-12
2.29787630741246,0.6728583003876304,0.7241874680559225,0.11065352052917697,-0.1028105884726697,0.9771857812897784,0.022814218707597627,2.6240121187015575e-12
2.299239654388358,0.6710397969008889,0.7260073259036758,0.11044480749100154,-0.10208280074173726,0.9773810462905923,0.022618953709001625,4.0611958240788226e-13
2.3006030013642564,0.6692186371063441,0.7278200762083985,0.11023228218759577,-0.10135677767292806,0.9775756475824716,0.022424352416525104,1.003308547353754e-12
2.3019663483401547,0.6673948450355418,0.7296257207737247,0.11001598526964308,-0.1006325563217167,0.9777695715945921,0.022230428406693807,1.2858603071208563e-12
2.3033296953160525,0.6655684448184905,0.7314242615020141,0.10979595736612653,-0.09991017312173968,0.9779628050518707,0.022037194947160273,9.690026558928366e-13
2.3046930422919507,0.6637394606834179,0.7332157004046356,0.10957223911480563,-0.09918966391007314,0.9781553349881749,0.021844665011225405,5.997424779025096e-13
2.306056389267849,0.6619079169541023,0.7350000395942464,0.10934487112008631,-0.09847106390967499,0.9783471487300627,0.021652851267771576,2.165712054136293e-12
2.307419736243747,0.6600738380485845,0.736777281294645,0.10911389396896827,-0.09775440774946603,0.9785382339081177,0.021461766091520118,3.6215475063272606e-13
2.3087830832196454,0.6582372484655488,0.7385474278410081,0.10887934822112992,-0.09703972945595392,0.9787285784380656,0.0212714215619428,8.43769498715119e-15
2.310146430195543,0.6563981727932754,0.7403104816785502,0.10864127441092813,-0.09632706246678893,0.9789181705294775,0.021081829469111246,1.411315508903499e-12
2.3115097771714415,0.6545566357003986,0.7420664453717339,0.10839971303600607,-0.09561643963036415,0.9791069986860648,0.020893001313875538,5.972999872483342e-14
2.3128731241473397,0.652712661935667,0.7438153215949521,0.10815470455525085,-0.0949078932119498,0.9792950516905462,0.020704948311364466,1.9106938253798944e-12
2.314236471123238,0.6508662763167571,0.7455571131447338,0.10790628938415668,-0.09420145489176752,0.9794823186071506,0.020517681392383077,4.662936703425657e-13
2.3155998180991357,0.6490175037357513,0.7472918229397406,0.10765450789674588,-0.09349715577843819,0.9796687887879868,0.020331211209148065,2.8651525596501415e-12
2.316963165075034,0.6471663691532882,0.7490194540206359,0.107399400416766,-0.09279502640794235,0.9798544518644215,0.020145548135931557,3.530509218307998e-13
2.318326512050932,0.6453128975934462,0.7507400095434517,0.10714100720324998,-0.09209509674453076,0.9800392977297517,0.01996070226891135,1.3369305662536135e-12
2.3196898590268304,0.6434571141395022,0.7524534928011355,0.10687936847137586,-0.09139739619215302,0.9802233165653648,0.019776683435545513,9.103828801926284e-13
2.3210532060027282,0.641599043935592,0.7541599072006173,0.10661452436664803,-0.09070195359142079,0.9804064988079093,0.019593501191226846,8.638645354608343e-13
2.3224165529786265,0.6397387121795367,0.7558592562852026,0.1063465149754015,-0.0900087972294439,0.9805888351731513,0.019411164826104436,7.442935157087049e-13
2.3237798999545247,0.6378761441152221,0.7575515437280221,0.10607538030398772,-0.08931795484118628,0.9807703166360132,0.019229683363647825,3.389510894180603e-13
2.325143246930423,0.636011365045872,0.7592367733199185,0.10580116029730542,-0.08862945361436501,0.9809509344287546,0.019049065568236996,3.0083713298267867e-12
2.326506593906321,0.6341444003093712,0.7609149490001544,0.10552389481874568,-0.08794332019083091,0.9811306800556399,0.01886931994390471,4.554134847012392e-13
2.327869940882219,0.6322752752911269,0.7625860748255797,0.10524362365014985,-0.08725958067166016,0.9813095452623549,0.01869045473800835,3.632649736573512e-13
2.3292332878581172,0.6304040154077994,0.764250154993948,0.10496038649887383,-0.08657826063285495,0.9814875220505507,0.018512477948203536,1.2457812559318882e-12
2.3305966348340155,0.6285306461197061,0.7659071938372357,0.10467422297293638,-0.08589938510396057,0.9816646026832841,0.01833539731622652,4.89386309254769e-13
2.3319599818099137,0.6266551929169241,0.7675571958178257,0.1043851725949797,-0.08522297859562793,0.9818407796614712,0.018159220338394556,1.3422596367718143e-13
2.3333233287858115,0.6247776813143545,0.769200165537915,0.10409327480146811,-0.08454906509950699,0.982016045732097,0.017983954268094626,1.9162449405030202e-13
2.3346866757617097,0.6228981368594076,0.7708361077319443,0.10379856891765964,-0.08387766808085428,0.9821903938862551,0.0178096061120361,1.708855279503041e-12
2.336050022737608,0.6210165851167293,0.7724650272793472,0.103501094182689,-0.08320881048955239,0.9823638173597263,0.017636182640100105,1.7352785874891197e-13
2.337413369713506,0.6191330516777254,0.7740869291859759,0.10320088972310708,-0.08254251477566482,0.9825363096163471,0.01746369038513175,1.4788170688007085e-12
2.338776716689404,0.61724756213948,0.7757018186062642,0.10289799456290734,-0.08187880287006574,0.982707864356197,0.01729213564450319,7.001066393286237e-13
2.3401400636653023,0.6153601421222158,0.7773097008281216,0.10259244760851982,-0.08121769620710191,0.9828784755141772,0.017121524483495982,2.326805415009403e-12
2.3415034106412005,0.6134708172565564,0.7789105812819067,0.10228428766906411,-0.08055921572669476,0.983048137258345,0.016951862742468005,8.129052986305396e-13
2.3428667576170987,0.611579613177647,0.7805044655300737,0.10197355342502305,-0.07990338186617757,0.9832168439669065,0.016783156031778223,1.315281217273423e-12
2.344230104592997,0.6096865555294464,0.7820913592842454,0.10166028343874005,-0.07925021457937687,0.9833845902604396,0.016615409739722243,1.6187051699034782e-13
2.3455934515688948,0.6077916699518674,0.7836712683914885,0.10134451615782519,-0.07859973333229361,0.9835513709652038,0.016448629035171358,3.752553823233029e-13
2.346956798544793,0.605894982094272,0.785244198835985,0.10102628990020784,-0.0779519571115024,0.9837171811325862,0.016282818868514348,1.1004530620084552e-12
2.3483201455206912,0.6039965175876242,0.7868101567511139,0.10070564285643548,-0.07730690442189608,0.9838820160246896,0.016117983974424106,8.862910405582625e-13
2.3496834924965895,0.6020963020722997,0.788369148403007,0.10038261308765105,-0.07666459329952242,0.9840458711228205,0.01595412887608623,1.0932366123483916e-12
2.3510468394724873,0.6001943611721879,0.7899211802013203,0.10005723852316493,-0.07602504130803886,0.9842087421135377,0.015791257886770542,3.0819791163594346e-13
2.3524101864483855,0.5982907204993602,0.7914662586947022,0.09972955695162275,-0.07538826554851326,0.9843706248878329,0.015629375112180117,1.3100631690576847e-14
2.3537735334242837,0.5963854056500463,0.7930043905742571,0.09939960603105917,-0.07475428266117382,0.984531515542419,0.015468484455316445,2.2645219033279318e-12
2.355136880400182,0.5944784422087948,0.7945355826726705,0.09906742327324199,-0.07412310882498122,0.9846914103839954,0.015308589615879697,1.249000902703301e-13
2.35650022737608,0.5925698557372262,0.7960598419559671,0.0987330460438466,-0.0734947597746186,0.9848503059033963,0.015149694095425228,1.1785017406396037e-12
2.357863574351978,0.5906596717738579,0.7975771755382615,0.09839651157322943,-0.07286925079164512,0.9850081987995922,0.014991801200716342,3.086420008457935e-13
2.3592269213278763,0.58874791583323,0.799087590667815,0.09805785693038971,-0.07224659670866732,0.9851650859572655,0.014834914041765594,9.688916335903741e-13
2.3605902683037745,0.586834613398037,0.8005910947394999,0.09771711903772877,-0.07162681192769993,0.9853209644582144,0.014679035539959747,1.8258727862985324e-12
2.3619536152796727,0.5849197899334517,0.8020876952764862,0.09737433467195966,-0.0710099104088571,0.9854758315697387,0.014524168429080718,1.1806111643863915e-12
2.3633169622555705,0.5830034708569078,0.8035773999512585,0.09702954044653377,-0.0703959056808179,0.9856296847436264,0.01437031525588814,4.853895063661184e-13
2.3646803092314688,0.5810856815597526,0.8050602165692863,0.09668277281226795,-0.0697848108477153,0.9857825216163484,0.014217478383720023,6.838973831690964e-14
2.366043656207367,0.5791664473954863,0.8065361530720593,0.09633406807165466,-0.06917663858655553,0.9859343400009848,0.014065659997369117,1.6461276786117196e-12
2.3674070031832652,0.5772457936751536,0.8080052175441815,0.09598346235910304,-0.06857140115585246,0.9860851378942782,0.013914862102918193,2.803646204085908e-12
2.368770350159163,0.575323745669894,0.8094674182061886,0.09563099164086085,-0.06796911039987276,0.9862349134690293,0.01376508653076449,2.0627943797535409e-13
2.3701336971350613,0.5734003286100052,0.8109227634065975,0.09527669172282491,-0.06736977774963206,0.9863836650610546,0.013616334939681032,7.356337761166287e-13
2.3714970441109595,0.5714755676661293,0.8123712616426516,0.09492059824167677,-0.06677341422904244,0.9865313911821981,0.013468608818361096,5.593303598061539e-13
2.3728603910868578,0.5695494879731362,0.813812921538984,0.09456274665800025,-0.0661800304629808,0.986678090514278,0.013321909487586206,1.864286502950563e-12
2.3742237380627556,0.5676221146110499,0.8152477518517963,0.09420317226439118,-0.06558963667342667,0.9868237618949283,0.013176238103626671,1.4450662888521038e-12
2.375587085038654,0.5656934726071092,0.8166757614808922,0.09384191017751903,-0.06500224268642839,0.9869684043406853,0.013031595660030879,7.16315895488151e-13
2.376950432014552,0.5637635869275099,0.8180969594501882,0.09347899533779407,-0.06441785794001298,0.987112017007015,0.012887982990943014,2.041922186890588e-12
2.3783137789904503,0.561832482490714,0.819511354919951,0.09311446251347123,-0.06383649148454829,0.9872545992244123,0.012745400774229448,1.3582468483264165e-12
2.3796771259663485,0.5599001841454913,0.8209189571815346,0.09274834628051193,-0.0632581519830855,0.9873961504661732,0.012603849530084898,3.741895682196628e-12
2.3810404729422463,0.5579667166892949,0.8223197756566818,0.09238068104023352,-0.06268284773263376,0.9875366703690874,0.012463329629329908,1.5826229216031606e-12
2.3824038199181445,0.5560321048427139,0.823713819898081,0.0920115010091333,-0.06211058664028393,0.9876761587069071,0.012323841290753954,2.33901786828028e-12
2.3837671668940428,0.55409637327264,0.8251010995859048,0.09164084022611658,-0.06154137624763425,0.9878146154117621,0.01218538458780151,4.3642867098014904e-13
2.385130513869941,0.5521595465735495,0.8264816245260641,0.09126873253144557,-0.06097522373737744,0.9879520405515501,0.01204795944771979,7.301936832959655e-13
2.386493860845839,0.5502216492710532,0.8278554046559237,0.09089521158232641,-0.06041213591953404,0.988088434344581,0.01191156565495614,4.628519789662278e-13
2.387857207821737,0.548282705818561,0.8292224500381894,0.09052031084687946,-0.059852119247107496,0.9882237971470602,0.01177620285418566,1.2458922782343507e-12
2.3892205547976353,0.5463427405974852,0.8305827708548775,0.09014406360173889,-0.059295179823282064,0.9883581294445372,0.011641870552909703,2.5531798897304725e-12
2.3905839017735335,0.5444017779113947,0.8319363774250284,0.08976650293258086,-0.05874132339760409,0.9884914318761666,0.011508568123246956,5.864198016070077e-13
2.3919472487494313,0.5424598419920751,0.8332832801769907,0.08938766172168072,-0.05819055536894155,0.9886237051965922,0.011376294802215475,1.1923795284474181e-12
2.3933105957253296,0.5405169569879098,0.8346234896693644,0.08900757267074057,-0.057642880801568236,0.9887549502993378,0.011245049699840966,8.212319713152283e-13
2.394673942701228,0.5385731469691469,0.8359570165791432,0.08862626827444339,-0.05709830441450634,0.9888851682041524,0.011114831795265246,5.823119764158946e-13
2.396037289677126,0.5366284359256225,0.8372838717026942,0.08824378082873642,-0.05655683059057384,0.9890143600574335,0.010985639941400938,1.1656231535539519e-12
2.397400636653024,0.5346828477602388,0.838604065958088,0.08786014244074808,-0.05601846338694329,0.9891425271304359,0.010857472869942849,3.788080960021034e-13
2.398763983628922,0.5327364062926879,0.8399176103779475,0.08747538500382643,-0.055483206530317034,0.9892696708126495,0.010730329188453479,1.1028955526626305e-12
2.4001273306048203,0.5307891352565915,0.8412245161110273,0.08708954021260219,-0.05495106342524991,0.9893957926126724,0.010604207386008294,1.3192780201620735e-12
2.4014906775807185,0.5288410582979677,0.8425247944243109,0.08670263956997164,-0.05442203715715296,0.9895208941614417,0.010479105836734951,1.8233192733418946e-12
2.402854024556617,0.5268921989690706,0.843818456699503,0.08631471436203339,-0.05389613049157246,0.9896449772011936,0.010355022797364019,1.4424017535930034e-12
2.4042173715325146,0.5249425807331723,0.8451055144297194,0.08592579567403189,-0.0533733458863466,0.9897680435863236,0.010231956413319067,3.5726976932437537e-13
2.405580718508413,0.5229922269641244,0.8463859792165584,0.08553591438946474,-0.052853685493551066,0.9898900952792666,0.010109904720693052,4.030109579389318e-14
2.406944065484311,0.5210411609353877,0.8476598627786359,0.08514510117768884,-0.05233715115347918,0.9900111343547927,0.009988865645420996,2.1360690993788012e-13
2.4083074124602093,0.5190894058320886,0.8489271769365507,0.08475338650359328,-0.051823744414739206,0.9901311629885727,0.009868837008991682,2.4356072714226684e-12
2.409670759436107,0.5171369847397889,0.8501879336266528,0.08436080063092519,-0.05131346652083746,0.9902501834701183,0.009749816529475814,4.0589753780295723e-13
2.4110341064120053,0.5151839206408731,0.8514421448873225,0.083967373599244,-0.05080631842894678,0.9903681981772257,0.009631801821458555,1.3158363287857355e-12
2.4123974533879036,0.5132302364244978,0.8526898228645965,0.08357313524745187,-0.050302300802323674,0.9904852095972027,0.009514790401096335,1.7009726960282023e-12
2.413760800363802,0.5112759548786997,0.8539309798073359,0.08317811520338372,-0.04980141402604907,0.9906012203118427,0.009398779687781331,3.75921516138078e-13
2.4151241473396996,0.509321098687535,0.8551656280682183,0.08278234287574997,-0.04930365819431318,0.9907162329975882,0.009283767003339894,9.281464485866309e-13
2.416487494315598,0.507365690433252,0.8563937800988656,0.08238584747122439,-0.04880903312910097,0.9908302504208347,0.009169749578549527,6.157296894571118e-13
2.417850841291496,0.5054097525955399,0.857615448455728,0.08198865797358228,-0.048317538375613575,0.990943275448604,0.009056724550987947,4.0800696154974503e-13
2.4192141882673943,0.5034533075438171,0.858830645792182,0.08159080315814972,-0.04782917320941383,0.9910553110286257,0.008944688969888044,1.486255563065697e-12
2.4205775352432926,0.5014963775457437,0.8600393848609975,0.08119231158246486,-0.04734393663896284,0.9911663602035861,0.008833639796578184,1.6431300764452317e-13
2.4219408822191903,0.49953898476551956,0.8612416785032548,0.0807932115937447,-0.04686182740962477,0.9912764260916699,0.008723573907801058,5.290212712338871e-13
2.4233042291950886,0.49758115124653174,0.8624375396681215,0.08039353132091427,-0.046382844005628664,0.9913855119046268,0.008614488096297307,9.241496456979803e-13
2.424667576170987,0.49562289893553446,0.863626981385549,0.07999329867531992,-0.04590698465686194,0.9914936209263786,0.008506379073244296,3.771427614651657e-13
2.426030923146885,0.4936642496612035,0.8648100167881787,0.0795925413482732,-0.045434247339340345,0.991600756530729,0.008399243469568933,2.97983859809392e-13
2.427394270122783,0.49170522514426185,0.8659866590929799,0.07919128682595404,-0.0449646297780303,0.9917069221611902,0.008293077840225854,1.4159784456069247e-12
2.428757617098681,0.4897458469952016,0.8671569216045538,0.0787895623663947,-0.044498129454230984,0.9918121213357337,0.0081878786628135,1.4528378500244798e-12
2.4301209640745793,0.48778613670552606,0.8683208177251471,0.07838739501616038,-0.04403474360996778,0.9919163576569703,0.008083642342215161,8.145706331674774e-13
2.4314843110504776,0.4858261156587192,0.8694783609355167,0.0779848115927961,-0.043574469244202815,0.9920196347911517,0.007980365209077883,2.2959412149248237e-13
2.4328476580263754,0.4838658051178268,0.8706295648040777,0.07758183871286,-0.04311730311877127,0.9921219564732604,0.007878043526304224,4.354294702579864e-13
2.4342110050022736,0.48190522623588283,0.8717744429831926,0.07717850276083087,-0.042663241774365326,0.9922233265121132,0.007776673487101528,7.852607453173732e-13
2.435574351978172,0.47994440004709693,0.872913009207546,0.07677482990655217,-0.04221228150789289,0.9923237487803411,0.0076762512172816105,2.377209540327385e-12
2.43693769895407,0.477983347469425,0.8740452772957653,0.0763708460990578,-0.04176441840578602,0.9924232272211081,0.007576772778659529,2.3236967905404526e-13
2.4383010459299683,0.47602208930381235,0.8751712611405301,0.07596657707080241,-0.041319648325204184,0.9925217658314728,0.007478234169572711,1.0453859999870474e-12
2.439664392905866,0.4740606462331063,0.8762909747148907,0.07556204833254318,-0.04087796690500732,0.9926193686737236,0.007380631326496466,2.2004620348070603e-13
2.4410277398817644,0.4720990388159761,0.8774044320740084,0.07515728517732594,-0.040439369571500794,0.9927160398740814,0.007283960126566322,6.477041125663163e-13
2.4423910868576626,0.4701372874993028,0.8785116473408714,0.07475231267794319,-0.04000385154048109,0.9928117836107736,0.007188216388773838,4.525269048372138e-13
2.443754433833561,0.4681754126054442,0.8796126347185846,0.0743471556815538,-0.03957140781471174,0.9929066041248481,0.007093395874375425,7.764899834228345e-13
2.4451177808094586,0.46621343434049944,0.8807074084781591,0.07394183882702154,-0.039142033198172735,0.9930005057078779,0.006999494292008088,1.1401990462900358e-13
2.446481127785357,0.4642513727815483,0.8817959829656504,0.07353638652499753,-0.03871572229123352,0.9930934927039101,0.006906507295685753,4.04121180963557e-13
2.447844474761255,0.4622892478856165,0.8828783725982443,0.07313082296516799,-0.03829246948951867,0.9931855695123735,0.006814430487168459,4.580780199603396e-13
2.4492078217371533,0.4603270794951929,0.8839545918536297,0.07272517212488144,-0.03787226900370723,0.9932767405756908,0.006723259420082797,4.226397010143046e-12
2.450571168713051,0.45836488732384556,0.8850246552897141,0.07231945775625041,-0.03745511484707939,0.993367010402079,0.0066329895983659945,4.4497738826976274e-13
2.4519345156889494,0.45640269095975555,0.8860885775171374,0.07191370339126346,-0.037041000840516786,0.9934563835216503,0.006543616478713783,3.6415315207705135e-13
2.4532978626648476,0.45444050987389584,0.8871463732166729,0.07150793234630635,-0.0366299206262433,0.9935448645259426,0.00645513547352881,5.28577182024037e-13
2.454661209640746,0.45247836340933434,0.8881980571328976,0.07110216771564909,-0.036221867661291894,0.9936324580482438,0.006367541950736436,1.0197398481182063e-12
2.456024556616644,0.4505162707852606,0.8892436440710724,0.07069643237242848,-0.03581683521993671,0.9937191687630584,0.006280831235361454,1.5800694086465228e-12
2.457387903592542,0.44855425109583585,0.8902831488969732,0.07029074897822987,-0.03541481640536318,0.9938050013860565,0.0061949986129461055,9.973133430207781e-13
2.45875125056844,0.446592323312016,0.8913165865331669,0.06988513996755062,-0.03501580414248577,0.9938899606703605,0.006110039328029064,1.6103784972187896e-12
2.4601145975443384,0.44463050627782974,0.8923439719629658,0.06947962755980401,-0.034619791187716485,0.9939740514115216,0.006025948587730168,7.48179296294893e-13
2.4614779445202366,0.44266881871472097,0.8933653202199022,0.06907423375853375,-0.03422677013461711,0.9940572784338948,0.00594272156317648,2.928768338961163e-12
2.4628412914961344,0.4407072792116531,0.8943806464032442,0.06866898034700196,-0.03383673340340719,0.9941396466108231,0.005860353389310194,1.3322676295501878e-13
2.4642046384720326,0.43874590623930243,0.8953899656526254,0.0682638888861005,-0.0334496732606953,0.9942211608331567,0.005778839167101149,2.5779378631796135e-13
2.465567985447931,0.4367847181364051,0.8963932931675896,0.06785898072926008,-0.033065581813133495,0.9943018260333353,0.005698173966255117,4.0956127378422025e-13
2.466931332423829,0.43482373311489503,0.8973906441983878,0.06745427700849857,-0.03268445100498728,0.994381647174771,0.005618352824236673,9.92317339409965e-13
2.468294679399727,0.4328629692693095,0.898382034040634,0.06704979863247514,-0.03230627263754176,0.99446062925163,0.005539370748386643,1.6653345369377348e-14
2.469658026375625,0.4309024445578128,0.8993674780383325,0.06664556630715986,-0.03193103835929812,0.9945387772789294,0.005461222719105011,1.9656498650988397e-12
2.4710213733515234,0.42894217681470914,0.9003469915879416,0.06624160051033233,-0.031558739667848605,0.9946160963119983,0.005383903687593503,4.0822900615467006e-13
2.4723847203274216,0.42698218374425123,0.9013205901259527,0.06583792151073468,-0.031189367921090786,0.9946925914200052,0.005307408580170827,1.7608137170554983e-13
2.47374806730332,0.42502248293450634,0.9022882891303284,0.06543454936347515,-0.030822914334019038,0.9947682677015476,0.005231732298443343,9.103828801926284e-15
2.4751114142792177,0.4230630918303066,0.9032501041295455,0.0650315039050302,-0.030459369983042363,0.9948431302790534,0.00515686971991382,1.0328404798087831e-12
2.476474761255116,0.4211040277643813,0.9042060506877427,0.06462880476088464,-0.030098725810994306,0.9949171842997095,0.00508281570026596,2.453592884421596e-14
2.477838108231014,0.41914530793130306,0.9051561444112666,0.06422647134508341,-0.029740972620874172,0.9949904349262967,0.005009565073876407,1.7319479184152442e-13
2.4792014552069124,0.41718694940410117,0.9061004009437248,0.0638245228496618,-0.029386101094938784,0.9950628873434789,0.004937112654548963,1.9720891586416656e-12
2.48056480218281,0.4152289691313081,0.9070388359682352,0.06342297826479454,-0.02903410178271382,0.9951345467604599,0.004865453238305587,1.234568003383174e-12
2.4819281491587084,0.41327138392739615,0.907971465203327,0.06302185636765917,-0.028684965108842917,0.9952054183967416,0.004794581603321398,6.306066779870889e-14
2.4832914961346066,0.4113142104804773,0.9088983044024058,0.06262117571836222,-0.028338681373083346,0.9952755074887465,0.00472449251031514,9.383605004131823e-13
2.484654843110505,0.4093574653567546,0.9098193693544342,0.06222095467130504,-0.027995240763967925,0.9953448192958071,0.004655180705641128,1.4481749133210542e-12
2.4860181900864027,0.40740116499117035,0.910734675875366,0.061821211372749395,-0.027654633344564295,0.9954133590779707,0.004586640921016445,1.0128564653655303e-12
2.487381537062301,0.4054453256963975,0.9116442398188037,0.061421963755532695,-0.027316849062917516,0.9954811321238621,0.0045188678743121906,1.8256507416936074e-12
2.488744884038199,0.4034899636532878,0.9125480770671874,0.06102322954005388,-0.026981877764881396,0.9955481437279533,0.004451856271217106,8.29558643999917e-13
2.4901082310140974,0.4015350949217396,0.9134462035271725,0.06062502625642101,-0.02664970917509992,0.9956143991920153,0.0043856008077091425,2.7555735471196385e-13
2.491471577989995,0.39958073542473316,0.9143386351393286,0.06022737120325203,-0.026320332919972395,0.9956799038310207,0.004320096167072493,1.9068080447937064e-12
2.4928349249658934,0.3976269009746892,0.9152253878656689,0.05983028149402289,-0.025993738516900244,0.9957446629725993,0.004255337025739002,1.6616708009564718e-12
2.4941982719417917,0.3956736072425431,0.9161064776975201,0.05943377402714302,-0.025669915380130276,0.9958086819476833,0.0041913180507325495,1.5840662115351734e-12
2.49556161891769,0.3937208697831475,0.9169819206473637,0.05903786549129499,-0.025348852827887174,0.9958719660969261,0.004128033901458123,1.6158185900394528e-12
2.496924965893588,0.3917687040242107,0.9178517327513287,0.05864257238169379,-0.02503054007924174,0.9959345207674262,0.004065479232200722,3.731459585765151e-13
2.498288312869486,0.3898171252633034,0.918715930066546,0.05824791098717021,-0.024714966258822742,0.9959963513065844,0.00400364869154405,1.871613974913089e-12
2.499651659845384,0.38786614867783836,0.919574528674665,0.057853897383856226,-0.024402120398874266,0.9960574630774115,0.003942536922462922,1.255662240851052e-13
2.5010150068212824,0.3859157893209627,0.9204275446701407,0.05746054745966111,-0.024091991441451282,0.9961178614347255,0.003882138565978927,7.043254868221993e-13
2.5023783537971807,0.38396606211350087,0.9212749941700719,0.05706787690105562,-0.02378456823830998,0.9961775517380147,0.003822448260276862,1.7084111902931909e-12
2.5037417007730784,0.3820169818604363,0.9221168933101109,0.0566759011762084,-0.023479839562102076,0.9962365393576474,0.0037634606399973938,2.3551161021373446e-12
2.5051050477489767,0.3800685632363478,0.9229532582410706,0.05628463557892283,-0.023177794094258374,0.99629482965835,0.003705170341327984,3.219646771412954e-13
2.506468394724875,0.37812082079990617,0.923784105122493,0.05589409518963991,-0.022878420438332915,0.9963524279993599,0.003647571998821656,1.8184342920335439e-12
2.507831741700773,0.3761737689757209,0.9246094501393253,0.05550429489104571,-0.022581707120785246,0.9964093397523447,0.0035906602478410865,1.858513343222512e-13
2.509195088676671,0.3742274220757068,0.9254293094777154,0.055115249377445094,-0.022287642588502136,0.9964655702738302,0.0035344297260907756,7.904787935331115e-14
2.510558435652569,0.3722817942804524,0.9262436993433127,0.054726973138841783,-0.021996215218438895,0.9965211249258581,0.0034788750728753925,1.2665424264923786e-12
2.5119217826284674,0.3703368996528439,0.9270526359522833,0.05433948047332715,-0.02170741330871957,0.9965760090705572,0.0034239909306666787,1.2239098623467726e-12
2.5132851296043657,0.3683927521353701,0.9278561355222259,0.05395278548841684,-0.021421225091888124,0.9966302280521114,0.00336977194639646,1.4921397450962104e-12
2.514648476580264,0.36644936554131624,0.9286542142927632,0.05356690209513268,-0.021137638729088505,0.9966837872293424,0.0033162127711109913,4.5341508325691393e-13
2.5160118235561617,0.36450675356804474,0.9294468884981879,0.05318184400950836,-0.02085664232091508,0.9967366919356784,0.0032633080611542656,3.167355266953109e-12
2.51737517053206,0.3625649297983949,0.9302341743886426,0.05279762476561786,-0.020578223896056607,0.9967889475202344,0.003211052479607219,1.5842882561400984e-13
2.518738517507958,0.3606239076767962,0.9310160882163698,0.05241425769474333,-0.02030237142640771,0.9968405593057937,0.003159440695226776,1.0205170042354439e-12
2.5201018644838564,0.3586837005461323,0.9317926462345465,0.05203175594763224,-0.020029072824649188,0.9968915326142461,0.003108467385209064,5.447864381835643e-13
2.521465211459754,0.3567443216191016,0.9325638647066506,0.05165013248780984,-0.019758315943286826,0.9969418727640774,0.0030581272349230527,9.995337890700284e-13
2.5228285584356525,0.3548057839893038,0.9333297598966366,0.051269400084579746,-0.019490088576103626,0.9969915850609775,0.003008414937737071,1.2854162179110062e-12
2.5241919054115507,0.35286810063903057,0.9340903480682243,0.050889571323567945,-0.019224378467707928,0.9970406748028133,0.0029593251969661804,2.204902926905561e-13
2.525555252387449,0.3509312844274678,0.9348456454856504,0.05051065860824878,-0.018961173311418014,0.9970891472733946,0.0029108527263846866,2.2071233729548112e-13
2.5269185993633467,0.34899534808848137,0.9355956684180555,0.0501326741533057,-0.01870046073976669,0.9971370077500284,0.0028629922496410803,3.305133944309091e-13
2.528281946339245,0.3470603042537927,0.9363404331264077,0.04975562998968953,-0.018442228352638614,0.9971842614960839,0.002815738502281758,1.634359314550693e-12
2.529645293315143,0.345126165429042,0.9370799558747192,0.049379537974869776,-0.01818646368987262,0.99723091376592,0.002769086232154662,1.9253487693049465e-12
2.5310086402910414,0.34319294400121836,0.9378142529241594,0.049004409772167884,-0.017933154252819376,0.9972769697999226,0.002723030198573957,1.5033529976449245e-12
2.5323719872669397,0.3412606522491896,0.9385433405286443,0.04863025687123616,-0.017682287501576535,0.9973224348242092,0.0026775651746508223,1.1399770016851107e-12
2.5337353342428375,0.3393293023270303,0.9392672349423448,0.04825709058718328,-0.01743385084840591,0.9973673140539866,0.0026326859473440765,1.3307133173157126e-12
2.5350986812187357,0.3373989062846884,0.9399859524060866,0.04788492204400781,-0.017187831673417843,0.9974116126828816,0.002588387316794451,3.239630785856207e-13
2.536462028194634,0.33546947604624056,0.9406995091641542,0.047513762198687165,-0.016944217314112185,0.9974553359004197,0.0025446640986612526,9.190426197847046e-13
2.537825375170532,0.3335410234341295,0.9414079214470675,0.04714362183207285,-0.016702995074251846,0.9974984888767747,0.002501511123895978,6.707967514785196e-13
2.53918872214643,0.3316135601426063,0.9421112054793352,0.0467745115427301,-0.0164641522215041,0.9975410767601801,0.00245892323843385,1.3860024239420454e-12
2.5405520691223282,0.329687097769635,0.9428093774756412,0.046406441763187256,-0.016227675994487618,0.997583104691771,0.0024168953053021604,2.9267699375168377e-12
2.5419154160982265,0.3277616477894025,0.9435024536445465,0.04603942274872963,-0.015993553600852268,0.997624577794904,0.002375422203819578,1.2764234114115425e-12
2.5432787630741247,0.3258372215680962,0.944190450180087,0.04567346458107583,-0.01576177220979063,0.9976655011704921,0.0023344988300321163,5.242473122279989e-13
2.5446421100500225,0.323913830361382,0.9448733832647815,0.045308577176418535,-0.015532318974668445,0.9977058799016171,0.0022941200984823206,9.947598300641403e-14
2.5460054570259207,0.3219914853123538,0.9455512690718835,0.04494477027966748,-0.01530518102200793,0.9977457190571051,0.002254280941608513,1.2864154186331689e-12
2.547368804001819,0.32007019745330617,0.9462241237632972,0.04458205345994407,-0.015080345444271214,0.997785023689418,0.0022149763094238624,1.1580736369865008e-12
2.548732150977717,0.3181499777179617,0.9468919634810027,0.04422043612789714,-0.014857799318147768,0.997823798826848,0.002176201171919783,1.2322365350314612e-12
2.5500954979536155,0.3162308369120259,0.9475548043603507,0.04385992752989999,-0.014637529697410914,0.9978620494804625,0.0021379505185706656,9.667822098435863e-13
2.5514588449295132,0.31431278574880595,0.9482126625166545,0.04350053673135614,-0.014419523617417163,0.9978997806420978,0.0021002193572693165,6.328271240363392e-13
2.5528221919054115,0.3123958348266169,0.9488655540505728,0.04314227265104366,-0.01420376809347482,0.9979369972807194,0.0020630027175502033,1.730393606180769e-12
2.5541855388813097,0.3104799946395573,0.9495134950482581,0.04278514403726227,-0.01399025012344592,0.9979737043501381,0.002026295648805857,1.056044141023449e-12
2.555548885857208,0.30856527557437874,0.9501565015770953,0.04242915947266396,-0.013778956690404083,0.9980099067795171,0.001990093221032781,5.497824417943775e-13
2.5569122328331058,0.3066516879100428,0.9507945896852767,0.04207432738498195,-0.013569874765645664,0.998045609472872,0.001954390526053949,1.0740297540223764e-12
2.558275579809004,0.30473924182444656,0.9514277754064079,0.04172065604318144,-0.013362991304923218,0.9980808173225246,0.0019191826772889055,1.865174681370263e-13
2.5596389267849022,0.30282794738660074,0.9520560747530874,0.041368153546442625,-0.013158293254386114,0.9981155351926382,0.0018844648092104764,1.8487433806058107e-12
2.5610022737608005,0.30091781456354494,0.9526795037141401,0.04101682785105861,-0.012955767548537342,0.9981497679187201,0.0018502320797351107,1.5447643164634428e-12
2.5623656207366983,0.2990088532199136,0.9532980782660171,0.04066668675097608,-0.012755401114203485,0.998183520329569,0.0018164796688862374,1.5447643164634428e-12
2.5637289677125965,0.29710107311630884,0.9539118143585248,0.040317737876445145,-0.01255718087194207,0.9982167972196352,0.0017832027789244078,1.440403352148678e-12
2.5650923146884947,0.29519448391078573,0.9545207279209106,0.03996998871885006,-0.012361093737893935,0.9982496033620201,0.001750396636582002,1.3978818103055346e-12
2.566455661664393,0.2932890951589441,0.9551248348609424,0.03962344660692671,-0.012167126618757766,0.9982819435072943,0.0017180564911688562,1.5368817329886042e-12
2.5678190086402912,0.2913849163164469,0.9557241510635888,0.03927811871713547,-0.011975266421668034,0.9983138223829604,0.0016861776158273174,1.2122525205882084e-12
2.569182355616189,0.28948195674660193,0.9563186923867437,0.03893401208259678,-0.011785500055872498,0.9983452446901329,0.0016547553084147629,1.4523937608146298e-12
2.5705457025920873,0.28758022569147934,0.95690847467305,0.03859113357649423,-0.011597814416798337,0.9983762151098651,0.001623784889965315,1.6964207816272392e-13
2.5719090495679855,0.28567973231967797,0.957493513729786,0.03824948993123596,-0.011412196415939484,0.9984067382928544,0.001593261707035703,1.099120794378905e-13
2.5732723965438837,0.28378048568708314,0.9580738253458588,0.03790908773022846,-0.011228632956370844,0.9984368188696441,0.0015631811306070556,2.511324481702104e-13
2.5746357435197815,0.2818824947533212,0.9586494252826929,0.03756993341133022,-0.011047110943049046,0.9984664614431937,0.0015335385567198207,8.64863736182997e-14
2.5759990904956798,0.279985768380825,0.9592203292764886,0.037232033259757207,-0.010867617296103398,0.9984956705930963,0.0015043294063502325,5.534461777756405e-13
2.577362437471578,0.278090315339909,0.9597865530345153,0.036895393432352375,-0.010690138929284398,0.9985244508717265,0.0014755491268554721,1.4180878693537124e-12
2.5787257844474762,0.27619614429949246,0.960348112240388,0.036560019925217596,-0.010514662766637371,0.998552806809583,0.0014471931900284177,3.885780586188048e-13
2.580089131423374,0.27430326384023684,0.9609050225441423,0.0362259186045015,-0.010341175743061084,0.9985807429039653,0.0014192570944888425,1.545874539488068e-12
2.5814524783992723,0.27241168244099423,0.9614572995740054,0.03589309519882316,-0.010169664795412635,0.9986082636344717,0.0013917363650028372,5.254685575550866e-13
2.5828158253751705,0.27052140848583683,0.962004958926717,0.03556155528174593,-0.010000116874530784,0.9986353734487555,0.001364626551560947,3.164135620181696e-13
2.5841791723510688,0.2686324502761798,0.9625480161668067,0.03523130430176651,-0.009832518941864316,0.9986620767680394,0.001337923231545792,4.147793219999585e-13
2.5855425193269665,0.26674481601323513,0.9630864868330213,0.03490234757027126,-0.009666857970244462,0.998688377990306,0.0013116220089328988,7.611689056830073e-13
2.586905866302865,0.26485851380537384,0.9636203864336266,0.03457469025380928,-0.009503120943372736,0.9987142814856833,0.0012857185138112237,5.054845431118338e-13
2.588269213278763,0.26297355167272285,0.9641497304444595,0.03424833739146871,-0.009341294862817144,0.9987397915954903,0.001260208403793968,7.157607839758384e-13
2.5896325602546613,0.26108993753972576,0.9646745343125108,0.033923293889507065,-0.009181366738178444,0.9987649126355576,0.0012350873634947971,9.476863738200336e-13
2.5909959072305595,0.2592076792519073,0.9651948134519731,0.033599564512773794,-0.009023323603124843,0.9987896488977488,0.0012103511042947579,2.043476499125063e-12
2.5923592542064573,0.2573267845526056,0.9657105832413887,0.03327715390395288,-0.008867152500428402,0.9988140046326062,0.0011859953654132199,1.9806378759312793e-12
2.5937226011823555,0.25544726110569543,0.9662218590363157,0.03295606657393556,-0.008712840498665468,0.9988379840859953,0.001162015913580858,4.2377212849942225e-13
2.5950859481582538,0.25356911648168046,0.9667286561508831,0.03263630689793256,-0.00856037467497249,0.9988615914565923,0.001138408542511951,8.958389585700388e-13
2.596449295134152,0.2516923581686034,0.9672309898698233,0.032317879129264517,-0.008409742135036584,0.9988848309250306,0.001115169074191561,7.779332733548472e-13
2.59781264211005,0.2498169935623406,0.9677288754446305,0.03200078739466444,-0.008260930000254468,0.9989077066418557,0.0010922933583476194,2.0339285811132868e-13
2.599175989085948,0.24794302997401912,0.9682223280916152,0.03168503569007001,-0.008113925413897377,0.9989302227278448,0.0010697772723032995,1.4810375148499588e-13
2.6005393360618463,0.24607047463432796,0.9687113629918249,0.031370627890326075,-0.007968715543624378,0.9989523832762428,0.0010476167216485052,2.10864659067056e-12
2.6019026830377445,0.24419933468345634,0.9691959952974033,0.031057567749711468,-0.007825287578748827,0.9989741923603667,0.0010258076402180386,5.846434447676074e-13
2.6032660300136423,0.24232961717996127,0.9696762401172156,0.030745858890222192,-0.007683628727276464,0.9989956540104465,0.001004345989316083,2.3736568266485847e-13
2.6046293769895406,0.24046132910017295,0.9701521125307168,0.03043550482159575,-0.007543726233992287,0.9990167722404341,0.0009832277592388013,3.2718272535703363e-13
2.605992723965439,0.23859447733223832,0.9706236275810622,0.030126508933045172,-0.0074055673563655005,0.9990375510320647,0.0009624489683625166,4.2721381987576024e-13
2.607356070941337,0.2367290686862335,0.9710908002724357,0.029818874486070457,-0.007269139389952818,0.9990579943348112,0.000942005663086587,2.102207297127734e-12
2.6087194179172353,0.23486510989420986,0.9715536455772739,0.029512604634562328,-0.007134429644550561,0.9990781060801103,0.0009218939186690316,1.2206902155753596e-12
2.610082764893133,0.23300260760501515,0.9720121784273945,0.02920770240688065,-0.007001425471938562,0.9990978901619056,0.000902109838528012,4.3365311341858614e-13
2.6114461118690313,0.23114156837620717,0.9724664137193838,0.028904170721972648,-0.006870114237148961,0.9991173504436526,0.0008826495547564176,1.5910606165903118e-12
2.6128094588449295,0.22928199870411262,0.9729163663140908,0.02860201238218553,-0.006740483348757836,0.9991364907715669,0.000863509228085576,3.476108290101365e-13
2.614172805820828,0.22742390499821782,0.9733620510310719,0.02830123007511644,-0.006612520236639274,0.9991553149520533,0.0008446850476446394,3.019806626980426e-13
2.6155361527967256,0.225567293579547,0.9738034826576613,0.028001826375855285,-0.006486212366037371,0.9991738267689915,0.0008261732312408809,2.3225865675158275e-13
2.616899499772624,0.22371217071313554,0.974240675936516,0.027703803747669797,-0.006361547230001647,0.9991920299744227,0.0008079700252489447,3.284039706841213e-13
2.618262846748522,0.22185854256262058,0.9746736455787731,0.027407164543883904,-0.006238512358600616,0.9992099282938257,0.0007900717047839395,1.3903322937380835e-12
2.6196261937244203,0.22000641523499725,0.9751024062530612,0.02711191101036253,-0.006117095305527015,0.9992275254250642,0.0007724745736107177,1.3250511798901243e-12
2.620989540700318,0.21815579475234856,0.9755269725900227,0.026818045284458122,-0.00599728367115373,0.9992448250346837,0.0007551749643115337,1.0047518372857667e-12
2.6223528876762163,0.21630668705926212,0.9759473591828182,0.02652556939105181,-0.0058790650804446684,0.9992618307624701,0.0007381692377396085,2.0961010704922955e-13
2.6237162346521146,0.2144590980348165,0.976363580581472,0.026234485255267014,-0.005762427191890815,0.9992785462157797,0.000721453783750665,4.696243394164412e-13
2.625079581628013,0.2126130334767622,0.9767756513003416,0.025944794698253584,-0.0056473577081741205,0.9992949749773974,0.000705025021018601,1.5840662115351734e-12
2.626442928603911,0.21076849911102716,0.9771835858149865,0.025656499425433306,-0.005533844361928024,0.99931112060375,0.0006888793961893023,6.061817714453355e-14
2.627806275579809,0.2089255005922087,0.9775873985563567,0.025369601052882006,-0.005421874922186204,0.9993269866138903,0.0006730133852542235,8.554268404736831e-13
2.629169622555707,0.20708404350491086,0.9779871039193855,0.02508410109354903,-0.005311437196790582,0.9993425765069704,0.0006574234927668383,2.6267876762631204e-13
2.6305329695316053,0.20524413335391697,0.978382716258857,0.02480000094745203,-0.005202519031650318,0.9993578937502596,0.0006421062512683054,1.5278889264891404e-12
2.6318963165075036,0.20340577558504933,0.9787742498841507,0.02451730192688696,-0.005095108310094183,0.9993729417776374,0.0006270582224657259,1.0302869668521453e-13
2.6332596634834013,0.20156897556644698,0.9791617190700888,0.024236005244009526,-0.004989192953811185,0.9993877240031983,0.0006122759965180164,2.836619827917275e-13
2.6346230104592996,0.19973373859892113,0.9795451380479426,0.023956112007370734,-0.0048847609249694605,0.9994022438080654,0.0005977561918038009,1.3078427230084344e-13
2.635986357435198,0.19790006990858192,0.9799245210089763,0.023677623232880876,-0.004781800222552552,0.999416504544493,0.0005834954553266638,1.8030021919912542e-13
2.637349704411096,0.1960679746646855,0.9802998821014587,0.02340053984064452,-0.004680298894122969,0.9994305095372455,0.0005694904625719202,1.8252066524837574e-13
2.638713051386994,0.1942374579601163,0.9806712354338846,0.023124862657469263,-0.004580245016196685,0.9994442620822295,0.000555737917335211,4.353184479555239e-13
2.640076398362892,0.19240852482173498,0.9810385950740279,0.022850592413046645,-0.004481626715795569,0.9994577654488987,0.0005422345516469173,5.455635943008019e-13
2.6414397453387903,0.19058118021179044,0.9814019750456205,0.022577729747529064,-0.004384432160789615,0.999471022874364,0.0005289771259250252,2.8888003100746573e-13
2.6428030923146886,0.18875542902733752,0.9817613893324147,0.02230627520723335,-0.004288649555075763,0.9994840375712077,0.0005159624286270847,1.652011860642233e-13
2.644166439290587,0.1869312760936277,0.9821168518772526,0.022036229247750703,-0.004194267154784125,0.9994968127232776,0.0005031872764251242,2.972067036921544e-13
2.6455297862664846,0.18510872618306462,0.9824683765774388,0.021767592240492344,-0.004101273251544413,0.9995093514838252,0.0004906485142321762,1.9425572261866364e-12
2.646893133242383,0.18328778399004866,0.9828159772951346,0.021500364461785344,-0.004009656180152522,0.9995216569865734,0.00047834301467263745,1.2458922782343507e-12
2.648256480218281,0.18146845415924248,0.983159667840032,0.0212345461018409,-0.003919404326171862,0.9995337323222673,0.0004662676784232212,6.905587213168474e-13
2.6496198271941793,0.1796507412570192,0.9834994619881211,0.020970137268691198,-0.0038305061169722375,0.9995455805651203,0.0004544194341799132,6.997735724212362e-13
2.650983174170077,0.17783464980027255,0.9838353734699663,0.02070713797770458,-0.0037429500195770896,0.9995572047603735,0.00044279523807674756,1.549760320074256e-12
2.6523465211459754,0.17602018424227736,0.9841674159735031,0.02044554816454072,-0.0036567245537017803,0.9995686079246476,0.00043139207421019984,1.142197447734361e-12
2.6537098681218736,0.17420734896517995,0.9844956031456231,0.020185367683737274,-0.003571818280668197,0.9995797930465403,0.0004202069543577806,8.981704269217516e-13
2.655073215097772,0.1723961483002622,0.9848199485860594,0.01992659629837614,-0.003488219806415074,0.9995907630818147,0.00040923691745632407,7.289724379688778e-13
2.6564365620736696,0.17058658651959863,0.9851404658575657,0.019669233693893225,-0.0034059177876573092,0.99960152097047,0.00039847903008126493,5.511147094239277e-13
2.657799909049568,0.16877866782261597,0.985457168475818,0.01941327948481998,-0.0033249009232072775,0.9996120696123539,0.00038793038650487686,1.1411982470121984e-12
2.659163256025466,0.16697239636366035,0.9857700699164914,0.01915873318757041,-0.0032451579619516466,0.9996224118905879,0.0003775881075505301,1.8616219676914625e-12
2.6605266030013643,0.16516777623671294,0.9860791836100447,0.018905594251503722,-0.0031666777007160396,0.9996325506560327,0.00036744934166270285,2.3046009545169e-12
2.661889949977262,0.1633648114691078,0.9863845229471373,0.018653862049437756,-0.0030894489792723002,0.9996424887359886,0.0003575112643549808,3.4350300381902343e-13
2.6632532969531604,0.16156350603814612,0.9866861012695866,0.01840353587015384,-0.003013460690386212,0.9996522289219151,0.00034777107785654193,2.283728761653947e-13
2.6646166439290586,0.15976386386302316,0.9869839318809597,0.018154614930651417,-0.0029387017704028493,0.9996617739876413,0.0003382260113756001,9.831024883055761e-13
2.665979990904957,0.15796588880797705,0.9872780280407355,0.017907098372285216,-0.0028651612111581367,0.9996711266788976,0.000328873320880625,2.2182256032010628e-13
2.667343337880855,0.1561695846744288,0.9875684029639341,0.01766098526105938,-0.0027928280464189895,0.9996802897101189,0.0003197102888882212,9.928724509222775e-13
2.668706684856753,0.15437495521944478,0.9878550698243083,0.017416274590786696,-0.002721691361170294,0.9996892657765946,0.00031073422448715137,1.0818013151947525e-12
2.670070031832651,0.15258200413486292,0.98813804174778,0.01717296528348658,-0.0026517402941037345,0.9996980575349489,0.0003019424632152087,1.835864793520159e-12
2.6714333788085494,0.15079073506630936,0.9884173318245904,0.016931056187552397,-0.0025829640219350693,0.9997066676330804,0.0002933323667646672,1.5498713423767185e-13
2.6727967257844476,0.14900115160222788,0.9886929530937213,0.016690546082726052,-0.0025153517875364665,0.9997150986759735,0.0002849013231546647,8.718581412381354e-13
2.6741600727603454,0.14721325727378426,0.9889649185572885,0.016451433677023456,-0.002448892870923742,0.9997233532541818,0.00027664674632276256,5.044853423896711e-13
2.6755234197362436,0.14542705556889698,0.9892332411684632,0.01621371761459697,-0.0023835766062923055,0.9997314339241018,0.00026856607632395603,4.25659507641285e-13
2.676886766712142,0.14364254991629832,0.989497933839795,0.015977396464957674,-0.002319392380939415,0.9997393432196796,0.00026065677881520173,1.5052403767867872e-12
2.67825011368804,0.1418597436972854,0.9897590094425631,0.01574246873399476,-0.0022563296297683252,0.9997470836545833,0.000252916345238973,1.7774670624248756e-13
2.679613460663938,0.14007864023664504,0.9900164808001084,0.01550893286342211,-0.002194377840756524,0.9997546577063787,0.00024534229267013754,9.511280651963716e-13
2.680976807639836,0.13829924281471218,0.9902703606960225,0.015276787226182437,-0.0021335265494489683,0.9997620678361534,0.0002379321634912545,3.553823901825126e-13
2.6823401546157344,0.136521554656198,0.9905206618676375,0.015046030130970686,-0.0020737653486264385,0.9997693164724482,0.00023068352542324146,2.1286306051138126e-12
2.6837035015916326,0.13474557894235292,0.9907673970126598,0.014816659824929254,-0.0020150838769711645,0.9997764060277518,0.0002235939713989017,8.493206138382448e-13
2.685066848567531,0.1329713187995234,0.9910105787815556,0.01458867449549245,-0.001957471825196145,0.9997833388802383,0.00021666111948186862,2.7988722450800196e-13
2.6864301955434287,0.13119877730962437,0.9912502197825114,0.01436207225649619,-0.0019009189425185698,0.9997901173864173,0.0002098826123268435,1.255884285455977e-12
2.687793542519327,0.129427957501379,0.9914863325820721,0.014136851175215036,-0.0018454150230259182,0.999796743880026,0.0002032561177573885,2.216560268664125e-12
2.689156889495225,0.1276588623631169,0.9917189297027131,0.01391300925176891,-0.0017909499162312669,0.9998032206705398,0.0001967793280422561,1.4178658247487874e-12
2.6905202364711234,0.12589149483194728,0.991948023622247,0.013690544421997783,-0.0017375135217994192,0.999809550039104,0.00019044995980913045,1.0869083411080283e-12
2.691883583447021,0.12412585779275656,0.9921736267778598,0.01346945457482836,-0.001685095790833277,0.9998157342463198,0.00018426575436764872,6.874500968478969e-13
2.6932469304229194,0.12236195409526193,0.9923957515595866,0.013249737532554595,-0.0016336867350905677,0.9998217755235278,0.0001782244770299968,5.577760475716786e-13
2.6946102773988176,0.12059978653826454,0.9926144103168306,0.013031391061178604,-0.0015832764107061568,0.9998276760817041,0.00017232391718206415,1.1138867606064196e-12
2.695973624374716,0.11883935786940482,0.9928296153582327,0.0128144128737407,-0.0015338549288482007,0.999833438111189,0.0001665618882414433,5.695444116327053e-13
2.6973369713506137,0.11708067080370556,0.9930413789445836,0.01259880062778882,-0.0014854124498829963,0.9998390637720058,0.00016093622740503933,5.891953591685706e-13
2.698700318326512,0.11532372800126936,0.9932497132964891,0.012384551923728799,-0.0014379391998950181,0.9998445552036687,0.00015544479549412942,8.372191828698305e-13
2.70006366530241,0.11356853208189843,0.9934546305908307,0.012171664312951075,-0.0013914254414459308,0.9998499145216012,0.00015008547690626976,1.492472812003598e-12
2.7014270122783084,0.11181508562342593,0.993656142961967,0.011960135288045164,-0.0013458615028828524,0.9998551438190272,0.00014485617929328528,1.6795453916529368e-12
2.7027903592542066,0.11006339116015022,0.993854262501251,0.011749962291643408,-0.001301237761835434,0.9998602451655777,0.00013975483356786847,8.544276397515205e-13
2.7041537062301044,0.10831345118343257,0.9940490012561196,0.011541142716790019,-0.0012575446450788761,0.9998652206055546,0.00013477939374368186,7.016609515630989e-13
2.7055170532060027,0.10656526813961388,0.9942403712331723,0.011333673905513125,-0.0012147726385735526,0.9998700721635442,0.00012992783675993608,3.042011087472929e-13
2.706880400181901,0.10481884443652693,0.9944283843938991,0.011127553147670331,-0.0011729122799872323,0.999874801837269,0.00012519816227077278,4.602984660095899e-13
2.708243747157799,0.10307418244197841,0.994613052659357,0.010922777685654982,-0.001131954156336761,0.9998794116064467,0.00012058839258229045,9.71001057337162e-13
2.709607094133697,0.101331284480064,0.9947943879073855,0.01071934471488887,-0.0010918889193740863,0.9998839034264096,0.00011609657252886791,1.0614842338441122e-12
2.710970441109595,0.09959015283253425,0.9949724019738327,0.010517251379458439,-0.0010527072635740484,0.9998882792307857,0.000111720769161502,5.2735593669694936e-14
2.7123337880854934,0.09785078974825237,0.9951471066499324,0.010316494778505166,-0.001014399937268915,0.9998925409280888,0.0001074590717476555,1.6353585152728556e-13
2.7136971350613917,0.09611319742862598,0.9953185136871644,0.010117071967260293,-0.000976957749636275,0.9998966904083799,0.00010330959163529843,1.532107773982716e-14
2.7150604820372894,0.09437737803962844,0.9954866347931947,0.00991897995398653,-0.0009403715595434617,0.9999007295375142,9.927046199758483e-05,4.882760862301438e-13
2.7164238290131877,0.0926433337125405,0.9956514816343718,0.0097222156973981,-0.0009046322833681931,0.9999046601620929,9.5339837634846e-05,2.722266856380884e-13
2.717787175989086,0.09091106653144473,0.9958130658338287,0.009526776121184096,-0.0008697308841085977,0.9999084841032541,9.151589507393582e-05,1.6719958750854857e-12
2.719150522964984,0.08918057854973685,0.9959713989760061,0.009332658099783587,-0.0008356583835173409,0.9999122031686887,8.7796832141399e-05,8.30002733209767e-13
2.7205138699408824,0.08745187177842094,0.9961264925975049,0.009139858464923696,-0.0008024058554254416,0.9999158191321562,8.418086791565838e-05,7.194245199571014e-14
2.72187721691678,0.0857249481930242,0.9962783581981879,0.008948374008588493,-0.0007699644302598739,0.9999193337567732,8.066624262144749e-05,6.052935930256353e-13
2.7232405638926784,0.08399980973436416,0.9964270072338169,0.008758201485038806,-0.0007383252886460008,0.9999227487803506,7.725121748439015e-05,2.1650459203215178e-12
2.7246039108685767,0.08227645830618115,0.9965724511213688,0.008569337600029201,-0.0007074796687153248,0.9999260659254618,7.393407438491977e-05,1.532107773982716e-13
2.725967257844475,0.0805548957711593,0.9967147012322578,0.008381779022244469,-0.0006774188591422493,0.9999292868852111,7.071311588845901e-05,1.099564883588755e-12
2.7273306048203727,0.07883512396349333,0.9968537688969634,0.00819552238668987,-0.0006481342043481855,0.9999324133344197,6.758666513758089e-05,4.426459199180499e-13
2.728693951796271,0.07711714468018176,0.9969896654073934,0.008010564284038235,-0.0006196170996894562,0.9999354469327701,6.455306549893657e-05,1.7309487176930816e-12
2.730057298772169,0.0754009596794774,0.9971224020136186,0.00782690126704089,-0.0005918589996872425,0.9999383893179947,6.161068051951708e-05,1.485811473855847e-12
2.7314206457480674,0.07368657068871874,0.997251989923293,0.007644529857871537,-0.0005648514067506783,0.999941242105831,5.875789385959765e-05,3.0941915696303113e-13
2.732783992723965,0.07197397940263452,0.9973784403017539,0.007463446532590198,-0.0005385858836229176,0.9999440068898104,5.5993108898870536e-05,1.2906342661267445e-12
2.7341473396998635,0.07026318747698888,0.997501764276601,0.007283647740088667,-0.0005130540361816407,0.999946685249358,5.331474884574103e-05,1.7962298315410408e-12
2.7355106866757617,0.06855419653675826,0.9976219729333332,0.007105129888548084,-0.0004882475373317054,0.999949278742197,5.072125639084977e-05,1.4122036873231991e-12
2.73687403365166,0.06684700817570965,0.9977390773155534,0.006927889356295199,-0.0004641581028026768,0.9999517889045353,4.8211093677465676e-05,1.787237025041577e-12
2.738237380627558,0.06514162395440579,0.9978530884279335,0.006751922480485936,-0.0004407775057010809,0.9999542172565826,4.5782741992023436e-05,1.425304319013776e-12
2.739600727603456,0.06343804539854249,0.9979640172343885,0.006577225573551791,-0.0004180975743761169,0.9999565652985862,4.343470182708288e-05,4.1322500976548326e-13
2.740964074579354,0.061736274001165575,0.9980718746560374,0.006403794911452358,-0.00039611018765804945,0.9999588345069641,4.116549254870961e-05,4.871658632055187e-13
2.7423274215552524,0.06003631123050079,0.9981766715768026,0.006231626735324046,-0.0003748072786341509,0.9999610263463095,3.897365226452258e-05,1.425970452828551e-12
2.7436907685311507,0.05833815851524976,0.9982784188400982,0.006060717259318082,-0.00035418083497750316,0.9999631422608367,3.685773776126144e-05,1.4019896354966477e-12
2.7450541155070485,0.05664181725732524,0.9983771272489028,0.005891062664130906,-0.00033422289638878445,0.9999651836759842,3.481632425718764e-05,2.4136248555350903e-13
2.7464174624829467,0.0549472888267903,0.9984728075641262,0.005722659102994726,-0.0003149255550360926,0.999967151994403,3.28480053143032e-05,2.8266278206956486e-13
2.747780809458845,0.05325457456491545,0.9985654705095439,0.005555502696779739,-0.0002962809559727703,0.9999690486060371,3.0951392618799094e-05,1.344147015913677e-12
2.749144156434743,0.05156367578446632,0.998655126769665,0.005389589536652235,-0.00027828130039918937,0.9999708748837411,2.9125115855743117e-05,4.0312198024139434e-13
2.750507503410641,0.049874593759774856,0.9987417869869571,0.005224915690105388,-0.00026091883855348464,0.9999726321766031,2.7367822609021567e-05,7.878142582740111e-13
2.7518708503865392,0.04818732975096201,0.9988254617658312,0.005061477192027676,-0.00024418587552051894,0.9999743218202539,2.567817810722009e-05,1.638911228951656e-12
2.7532341973624375,0.046501884972290256,0.9989061616732771,0.004899270052081227,-0.0002280747685763127,0.9999759451348152,2.4054865143281125e-05,4.1522341120980855e-14
2.7545975443383357,0.044818260621089734,0.9989838972324774,0.004738290251620553,-0.00021257792926913897,0.999977503414889,2.2496583884614723e-05,1.226352353000948e-12
2.7559608913142335,0.04313645786237881,0.9990586789327514,0.004578533749839233,-0.00019768781566897916,0.9999789979477669,2.1002051770880887e-05,4.621858451514527e-13
2.7573242382901317,0.0414564778355091,0.9991305172207886,0.004419996474870585,-0.00018339694683438762,0.9999804299964068,1.9570003277976578e-05,3.1519231669108194e-13
2.75868758526603,0.03977832164442858,0.9991994225061347,0.004262674336513515,-0.00016969788648916315,0.9999818008094407,1.819918987184982e-05,6.874500968478969e-13
2.760050932241928,0.03810199037568646,0.9992654051597892,0.0041065632126487325,-0.00015658325682328582,0.9999831116197468,1.6888379735797272e-05,5.173639294753229e-13
2.7614142792178265,0.036427485083971284,0.9993284755137081,0.0039516589629810805,-0.00014404572752162463,0.9999843636420951,1.5636357731325943e-05,1.7363888105137448e-13
2.7627776261937242,0.03475480679560776,0.9993886438610177,0.0037979574218763774,-0.00013207802337126702,0.999985558073764,1.444192518264352e-05,1.0533796057643485e-12
2.7641409731696225,0.03308395651021369,0.9994459204580083,0.003645454396324334,-0.00012067291825536984,0.9999866960985254,1.330389970888068e-05,1.765698698363849e-12
2.7655043201455207,0.03141493520971445,0.9995003155223848,0.0034941456827274186,-0.00010982323701417525,0.9999877788835775,1.222111519551093e-05,1.227018486815723e-12
2.766867667121419,0.02974774383474891,0.9995518392330737,0.0033440270434135773,-9.952186162001318e-05,0.999988807577478,1.1192421468021666e-05,1.0539347172766611e-12
2.7682310140973168,0.02808238331519327,0.9996005017321398,0.0031950942241352237,-8.976172058038901e-05,0.9999897833158072,1.021668426758382e-05,7.482903185973555e-14
2.769594361073215,0.0264188545445641,0.9996463131228839,0.00304734295235933,-8.053579394222257e-05,0.9999907072156217,9.292785083399985e-06,7.049916206369744e-13
2.7709577080491132,0.02475715840081592,0.9996892834707515,0.0029007689346510312,-7.183711713937636e-05,0.9999915803783476,8.419620983635373e-06,6.687983500341943e-13
2.7723210550250115,0.02309729572743045,0.9997294228060212,0.002755367852714943,-6.365877112086625e-05,0.9999924038939806,7.596104442915574e-06,1.5765166949677223e-12
2.7736844020009093,0.02143926734803187,0.9997667411207438,0.002611135373128051,-5.599389032422252e-05,0.9999931788356128,6.821163252554207e-06,1.13464793116691e-12
2.7750477489768075,0.019783074062292752,0.9998012483691416,0.002468067146507062,-4.883566127968339e-05,0.9999939062598482,6.0937403614801355e-06,2.0961010704922955e-13
2.7764110959527057,0.018128716649998527,0.999832954467248,0.0023261587981100165,-4.2177319266604554e-05,0.999994587206082,5.412793680285154e-06,2.37698749572246e-13
2.777774442928604,0.01647619585181823,0.9998618692968891,0.0021854059414638197,-3.601215163316771e-05,0.9999952227036166,4.777296004050614e-06,3.79363207514416e-13
2.779137789904502,0.014825512405264982,0.999888002701349,0.00204580417146973,-3.0333492429751173e-05,0.9999958137641716,4.186234828765935e-06,9.99644811372491e-13
2.7805011368804,0.013176667012759982,0.9999113644883232,0.001907349061707609,-2.5134730765649846e-05,0.9999963613864654,3.638612197887559e-06,1.3367085216486885e-12
2.7818644838562983,0.011529660348571696,0.9999319644294072,0.001770036177450837,-2.0409305449627072e-05,0.9999968665554068,3.133444609233706e-06,1.5987211554602254e-14
2.7832278308321965,0.009884493080119438,0.9999498122568977,0.0016338610618616977,-1.6150699256391213e-05,0.9999973302360559,2.669762814554305e-06,1.1295409052536343e-12
2.7845911778080947,0.008241165843526271,0.9999649176700753,0.0014988192442809663,-1.2352451003850808e-05,0.9999977533853809,2.246611710072769e-06,2.909006369122835e-12
2.7859545247839925,0.006599679245262064,0.9999772903338441,0.0013649062402249132,-9.008146640397937e-06,0.9999981369495574,1.8630501913108038e-06,2.512434704726729e-13
2.7873178717598908,0.004960033880964375,0.9999869398708024,0.0012321175498057162,-6.111424627171295e-06,0.9999984818482721,1.5181510060502154e-06,7.218670106112768e-13
2.788681218735789,0.0033222303211620356,0.999993875873965,0.0011004486589012428,-3.655965435480055e-06,0.9999987889997419,1.2110006169608094e-06,3.588240815588506e-13
2.7900445657116872,0.001686269113821509,0.9999981078971301,0.00096989504097355,-1.635507784982369e-06,0.9999990593013647,9.40699065390799e-07,4.3010039973978564e-13
2.791407912687585,5.21507866297836e-05,0.999999645459535,0.0008404521545430762,-4.383104592028539e-08,0.9999992936389002,7.063598259972595e-07,1.2738698984549046e-12
2.7927712596634833,-0.0015801241536637159,0.9999984980479842,0.0007121154472237277,1.1252326869111244e-06,0.9999994928905654,5.071096763232495e-07,2.418065747633591e-13
2.7941346066393815,-0.003210555223547668,0.9999946751091031,0.0005848803523502026,1.8778014021292996e-06,0.9999996579114043,3.42088552703403e-07,4.296563105299356e-14
2.7954979536152798,-0.0048391419583054,0.9999881860578154,0.00045874229364018703,2.2199462090270796e-06,0.9999997895500925,2.1044942013543058e-07,4.873879078104437e-13
2.796861300591178,-0.006465883912868573,0.9999790402731003,0.00033369668057080205,2.157689523692799e-06,0.9999998886402852,1.1135813024805256e-07,1.5845103007450234e-12
2.798224647567076,-0.008090780664899808,0.9999672471008486,0.00020973891743935385,1.6970079201009385e-06,0.9999999560062169,4.399329332451297e-08,4.897193761621565e-13
2.799587994542974,-0.009713831808441351,0.9999528158488739,8.686438946219748e-05,8.438245989397502e-07,0.9999999924524947,7.5461341965941e-09,1.3711254354120683e-12
2.8009513415188723,-0.011335036957777055,0.9999357557943367,-3.493152567645039e-05,-3.9597655879720034e-07,0.9999999987788257,1.22036828351963e-09,8.060219158778636e-13
2.8023146884947705,-0.012954395751467456,0.9999160761776118,-0.0001556534512952221,-2.0165658805587578e-06,0.9999999757677173,2.423206343806471e-08,2.1926904736346842e-13
2.8036780354706683,-0.014571907838148112,0.9998937862049904,-0.0002753060355041315,-4.012158888593715e-06,0.9999999241893943,7.580951060394944e-08,1.0951239914902544e-12
2.8050413824465665,-0.01618757289799226,0.9998688950492383,-0.000393893923312099,-6.377021259916568e-06,0.9999998448033125,1.551930892223472e-07,3.5982328228101323e-12
2.8064047294224648,-0.017801390620376036,0.9998414118537508,-0.000511421769260359,-9.105462686070723e-06,0.9999997383657209,2.6163513552412333e-07,8.564260411958458e-13
2.807768076398363,-0.01941336071259403,0.9998113457180964,-0.0006278942451221222,-1.2191835497304243e-05,0.9999996056007883,3.9439982391027315e-07,6.121769757783113e-13
2.809131423374261,-0.02102348290910016,0.9997787057160561,-0.0007433160227682226,-1.563055061476244e-05,0.9999994472369014,5.527630238164894e-07,7.482903185973555e-14
2.810494770350159,-0.022631756957011133,0.9997435008865251,-0.0008576917796893201,-1.9416051980322236e-05,0.9999992639878068,7.36012172021136e-07,2.120525977034049e-14
2.8118581173260573,-0.024238182619475704,0.9997057402332116,-0.0009710262099341444,-2.354283831479319e-05,0.9999990565519288,9.434461656149858e-07,1.9055867994666187e-12
2.8132214643019555,-0.02584275967991461,0.9996654327297226,-0.001083324003571722,-2.8005450894326698e-05,0.9999988256225774,1.1743752019944587e-06,2.220668093855238e-12
2.8145848112778538,-0.027445487944069365,0.9996225873150628,-0.0011945898615034717,-3.279847921206993e-05,0.9999985718789483,1.4281206774455083e-06,3.7425618160114027e-13
2.8159481582537516,-0.029046367223694167,0.9995772128936093,-0.0013048284988715993,-3.791655925405099e-05,0.9999982959850495,1.7040150769331772e-06,1.2656542480726785e-13
2.81731150522965,-0.030645397358819607,0.9995293183389053,-0.0014140446222271148,-4.335436549214301e-05,0.9999979985983167,2.0014017946566504e-06,1.1146639167236572e-13
2.818674852205548,-0.03224257820274873,0.9994789124913388,-0.0015222429486776129,-4.910662642780064e-05,0.9999976803640296,2.3196350555578334e-06,9.14823772291129e-13
2.8200381991814463,-0.033837909622515996,0.9994260041600513,-0.0016294282077285792,-5.5168109713249334e-05,0.9999973419189483,2.658079804470903e-06,1.2472245458639009e-12
2.821401546157344,-0.03543139150521663,0.9993706021206733,-0.0017356051222693878,-6.15336342760073e-05,0.9999969838870332,3.01611152859495e-06,1.4381829060994278e-12
2.8227648931332423,-0.03702302375670858,0.9993127151171728,-0.0018407784246177491,-6.819805494980722e-05,0.9999966068829458,3.393116183237139e-06,8.709699628184353e-13
2.8241282401091405,-0.03861280629434118,0.9992523518606559,-0.0019449528552341108,-7.51562784800622e-05,0.9999962115089761,3.788490075278292e-06,9.485745522397337e-13
2.825491587085039,-0.040200739052663095,0.9991895210319618,-0.002048133150248446,-8.240325186033598e-05,0.9999957983604612,4.20163969706378e-06,1.5831780331154732e-13
2.8268549340609366,-0.04178682198581486,0.9991242312769382,-0.002150324052405496,-8.993397019616785e-05,0.999995368016407,4.631981649348842e-06,1.9436674492112616e-12
2.828218281036835,-0.043371055057156924,0.9990564912154752,-0.00225153031170447,-9.774346739872174e-05,0.9999949210565479,5.07894252994315e-06,9.22151244253655e-13
2.829581628012733,-0.044953438255499197,0.9989863094306927,-0.002351756670553214,-0.00010582682445830515,0.9999944580409466,5.541958754266465e-06,2.992051051364797e-13
2.8309449749886313,-0.046533971573833585,0.9989136944767718,-0.0024510078838827914,-0.00011417916504540045,0.9999939795236678,6.020476528586064e-06,1.9628743075372768e-13
2.8323083219645295,-0.04811265502625113,0.9988386548754234,-0.0025492887069641017,-0.0001227956571818817,0.9999934860470205,6.513951684877431e-06,1.294631069015395e-12
2.8336716689404273,-0.04968948864506617,0.9987611991199759,-0.002646603888983854,-0.00013167150714825152,0.99999297814938,7.021849530979154e-06,1.089017764854816e-12
2.8350350159163256,-0.05126447247349987,0.9986813356706643,-0.0027429581878933595,-0.00014080197572417726,0.9999924563549284,7.543644816899054e-06,2.546851618490109e-13
2.836398362892224,-0.05283760656378594,0.9985990729570701,-0.0028383563636568835,-0.00015018235018112534,0.9999919211781092,8.078821585417452e-06,3.0542235407438056e-13
2.837761709868122,-0.054408890999766125,0.9985144193784642,-0.002932803169247912,-0.0001598079746949905,0.999991373126536,8.626873018326713e-06,4.4575454438700035e-13
2.83912505684402,-0.055978325860022715,0.998427383304577,-0.0030263033669553317,-0.0001696742286073095,0.9999908126985156,9.187301412698664e-06,7.16093850883226e-14
2.840488403819918,-0.05754591125164806,0.9983379730725701,-0.0031188617158175473,-0.00017977653292460818,0.9999902403804303,9.75961800418277e-06,1.5655254870239332e-12
2.8418517507958163,-0.059111647290213655,0.9982461969918875,-0.0032104829691437997,-0.0001901103527790006,0.9999896566541289,1.0343342841396146e-05,3.0296876118995897e-12
2.8432150977717146,-0.060675534103770634,0.9981520633418359,-0.003301171889350108,-0.00020067119453154664,0.9999890619923423,1.0938004771350084e-05,2.886357819420482e-12
2.8445784447476123,-0.06223757183665164,0.9980555803714658,-0.0033909332343921134,-0.0002114546047206204,0.9999884568587459,1.1543141249962511e-05,4.107825191113079e-15
2.8459417917235106,-0.06379776065022995,0.9979567562952724,-0.003479771756740261,-0.00022245617736326386,0.9999878416993656,1.215829822985428e-05,2.404521026733164e-12
2.847305138699409,-0.0653561007130172,0.9978555993071739,-0.003567692214679675,-0.00023367153633707674,0.9999872169690893,1.2783030125580093e-05,7.851497230149107e-13
2.848668485675307,-0.06691259221234473,0.997752117564045,-0.0036546993647069447,-0.0002450963552134269,0.9999865831001116,1.341689966972825e-05,2.1871393585115584e-13
2.850031832651205,-0.06846723534189957,0.99764631919649,-0.0037407979522519714,-0.0002567263450335232,0.9999859405216682,1.4059477735806813e-05,5.95967719618784e-13
2.851395179627103,-0.07002003031875446,0.9975382123061269,-0.003825992731676063,-0.000268557257735245,0.9999852896567427,1.4710343383520337e-05,1.2634338020234281e-13
2.8527585266030013,-0.07157097736045114,0.9974278049643136,-0.003910288451401665,-0.00028058488688942796,0.9999846309162591,1.5369083651915982e-05,8.892886427247504e-14
2.8541218735788996,-0.07312007671034322,0.9973151052143682,-0.003993689851842753,-0.0002928050589886232,0.9999839647068726,1.603529343528112e-05,3.077538224260934e-13
2.855485220554798,-0.0746673286126683,0.9972001210701922,-0.004076201683008963,-0.0003052136518528829,0.9999832914245582,1.670857553384248e-05,9.214851104388799e-14
2.8568485675306956,-0.0762127333333598,0.9970828605165553,-0.004157828680455242,-0.00031780657177190626,0.999982611458018,1.7388540353077587e-05,1.6289192217300297e-12
2.858211914506594,-0.07775629115001295,0.996963331512744,-0.0042385755768885635,-0.0003305797767031738,0.9999819251943947,1.807480590976134e-05,3.044231533522179e-13
2.859575261482492,-0.07929800234218158,0.996841541984544,-0.004318447110771715,-0.00034352925251743185,0.9999812330015843,1.8766997795867766e-05,6.198375146482249e-13
2.8609386084583903,-0.08083786721736722,0.9967174998334292,-0.004397448010198281,-0.00035665102525890796,0.9999805352504547,1.9464748956215045e-05,5.890843368661081e-13
2.862301955434288,-0.08237588608183383,0.9965912129314927,-0.004475582994143298,-0.00036994116425612665,0.9999798323000311,2.0167699602475857e-05,3.6648462042876417e-13
2.8636653024101864,-0.08391205925942848,0.9964626891220443,-0.004552856792173553,-0.00038339577919506814,0.9999791245014937,2.0875497293545453e-05,1.2126966097980585e-12
2.8650286493860846,-0.08544638708751234,0.9963319362219127,-0.0046292741155872594,-0.0003970110102030424,0.9999784122020143,2.158779657946864e-05,1.4062084829902233e-12
2.866391996361983,-0.08697886991143892,0.9961989620192685,-0.00470483967403581,-0.00041078303981019677,0.9999776957393389,2.23042590641771e-05,1.5969447986208252e-12
2.8677553433378806,-0.08850950809050323,0.9960637742755926,-0.004779558181046897,-0.00042470808958145406,0.9999769754465614,2.3024553367368246e-05,7.127631818093505e-14
2.869118690313779,-0.09003830199377501,0.9959263807225835,-0.0048534343332204966,-0.00043878241932126643,0.9999762516451066,2.3748354838388914e-05,5.495603971894525e-14
2.870482037289677,-0.09156525200233026,0.9957867890661348,-0.004926472824668627,-0.00045300232016396845,0.9999755246528933,2.4475345594272416e-05,1.5124568264468508e-12
2.8718453842655753,-0.09309035850759198,0.9956450069863553,-0.00499867835344709,-0.0004673641258123401,0.9999747947839314,2.5205214507316833e-05,1.5613066395303576e-12
2.8732087312414736,-0.09461362191536524,0.9955010421346687,-0.0050700556005047765,-0.00048186420935776374,0.9999740623431553,2.5937656908469833e-05,6.372680161348399e-14
2.8745720782173714,-0.09613504264182174,0.9953549021332276,-0.0051406092405871144,-0.0004964989746847951,0.9999733276243922,2.667237459627269e-05,1.0115241977359801e-12
2.8759354251932696,-0.09765462110517512,0.9952065945823247,-0.005210343956580498,-0.0005112648640169067,0.9999725909233429,2.7409075907053146e-05,7.500666754367558e-13
2.877298772169168,-0.09917235774744902,0.9950561270508618,-0.005279264405962123,-0.0005261583584445766,0.9999718525226489,2.81474752862197e-05,2.0649038035003286e-12
2.878662119145066,-0.10068825301373559,0.9949035070851121,-0.005347375251259775,-0.0005411759704758188,0.999971112705214,2.888729350880598e-05,1.27720056752878e-12
2.880025466120964,-0.1022023073572083,0.9947487422021405,-0.005414681148874635,-0.0005563142558385947,0.9999703717418779,2.962825749522759e-05,6.269429420058259e-13
2.881388813096862,-0.10371452125530334,0.9945918398918896,-0.005481186739987515,-0.0005715697993707592,0.9999696298987509,3.0370100114167694e-05,1.134869975771835e-12
2.8827521600727604,-0.10522489517692972,0.9944328076215987,-0.005546896664040863,-0.0005869392227174617,0.9999688874391716,3.1112560252711834e-05,5.757616605706062e-13
2.8841155070486586,-0.10673342961174609,0.9942716528289359,-0.005611815559727149,-0.0006024191881316645,0.9999681446158694,3.185538275462495e-05,1.376010416720419e-12
2.8854788540245564,-0.10824012506024265,0.9941083829290887,-0.0056759480411722255,-0.0006180063826677736,0.9999674016829446,3.259831805510494e-05,9.99644811372491e-13
2.8868422010004546,-0.1097449820291993,0.9939430053050718,-0.005739298729771481,-0.000633697538072416,0.9999666588754673,3.334112247931559e-05,2.053357484044227e-12
2.888205547976353,-0.11124800103399432,0.993775527322969,-0.005801872237321426,-0.0006494894181438,0.9999659164401049,3.4083557962481894e-05,1.93256521896501e-12
2.889568894952251,-0.1127491826082248,0.9936059563167022,-0.005863673155672373,-0.0006653788153598521,0.9999651746068512,3.4825391844482486e-05,1.304290009329634e-12
2.8909322419281493,-0.11424852728562447,0.9934342995973358,-0.005924706086047579,-0.0006813625670495121,0.9999644336033832,3.556639715382553e-05,5.369038547087257e-13
2.892295588904047,-0.11574603561164726,0.993260564447666,-0.00598497560880214,-0.0006974375351273508,0.9999636936467086,3.630635215336105e-05,1.138089622543248e-12
2.8936589358799454,-0.1172417081464886,0.9930847581297089,-0.006044486294587595,-0.0007136006179256168,0.9999629549586487,3.70450404073611e-05,9.43911615536308e-13
2.8950222828558436,-0.11873554545396879,0.9929068878765618,-0.006103242716074363,-0.0007298487513471937,0.9999622177469707,3.7782250851157824e-05,2.1781465520120946e-12
2.896385629831742,-0.12022754810804043,0.9927269609003129,-0.006161249429427573,-0.0007461788999295464,0.9999614822224425,3.851777748232167e-05,7.51620987671231e-14
2.8977489768076397,-0.12171771669591926,0.9925449843823564,-0.00621851097969199,-0.0007625880643684859,0.9999607485802399,3.925141936046711e-05,3.9968028886505635e-13
2.899112323783538,-0.12320605180886912,0.9923609654841965,-0.006275031910347067,-0.0007790732736103361,0.9999600170190563,3.998298064152789e-05,3.020916850005051e-13
2.900475670759436,-0.12469255405062117,0.9921749113398308,-0.006330816749599629,-0.0007956315970388546,0.9999592877278685,4.071227035521782e-05,1.7763568394002505e-12
2.9018390177353344,-0.12617722403350462,0.9919868290620482,-0.006385870015857663,-0.0008122601326394766,0.9999585608973786,4.1439102382505456e-05,2.389199948993337e-13
2.903202364711232,-0.12766006237395539,0.991796725734629,-0.006440196223300178,-0.0008289560038746716,0.999957836703253,4.216329545096974e-05,1.2960743589474077e-12
2.9045657116871304,-0.1291410697058427,0.9916046084211434,-0.006493799871792048,-0.0008457163823524887,0.9999571153268186,4.2884672974265796e-05,2.070565940925917e-13
2.9059290586630286,-0.13062024666206082,0.9914104841585676,-0.006546685447504852,-0.0008625384560692108,0.9999563969375829,4.3603062936770056e-05,5.195843755245733e-13
2.907292405638927,-0.1320975938927636,0.9912143599591526,-0.006598857438615623,-0.0008794194526867821,0.9999556817014901,4.431829806893665e-05,4.409805853811122e-13
2.908655752614825,-0.13357311205068723,0.9910162428140363,-0.006650320311766904,-0.0008963566288690719,0.9999549697841547,4.5030215455216996e-05,3.9013237085328e-13
2.910019099590723,-0.13504680179797987,0.9908161396888373,-0.006701078522678409,-0.0009133472771073707,0.9999542613437523,4.573865661570129e-05,3.679279103607769e-13
2.911382446566621,-0.13651866380789204,0.9906140575237086,-0.006751136529024509,-0.0009303887121210838,0.9999535565314778,4.6443467589171425e-05,9.330314298949816e-13
2.9127457935425194,-0.13798869875695777,0.9904100032392344,-0.006800498766344923,-0.0009474782886330743,0.999952855500979,4.7144498578489876e-05,4.425348976155874e-13
2.9141091405184176,-0.13945690733866103,0.9902039837287377,-0.006849169655849892,-0.0009646133867970698,0.999952158396726,4.784160396060306e-05,6.865619184281968e-13
2.9154724874943154,-0.14092329024396227,0.9899960058625369,-0.0068971536273505695,-0.0009817914189039025,0.9999514653569603,4.853464254950845e-05,4.901634653720066e-13
2.9168358344702137,-0.14238784817863562,0.9897860764896145,-0.006944455077760573,-0.0009990098234858827,0.9999507765216469,4.92234769544559e-05,1.3986589664227722e-12
2.918199181446112,-0.14385058185389293,0.989574202435849,-0.006991078401563038,-0.0010162660791654297,0.9999500920262501,4.990797396046349e-05,2.1049828546892968e-13
2.91956252842201,-0.1453114919888719,0.9893603904996908,-0.00703702798758067,-0.0010335576857047736,0.9999494119937326,5.058800438767307e-05,1.879829625295315e-12
2.920925875397908,-0.14677057931119702,0.9891446474630676,-0.00708230820465721,-0.001050882174147301,0.9999487365561808,5.126344284969539e-05,9.695577674051492e-13
2.922289222373806,-0.14822784455654892,0.9889269800801639,-0.0071269234109356105,-0.0010682371058523285,0.9999480658323533,5.1934167819661834e-05,1.729727472365994e-13
2.9236525693497044,-0.1496832884669322,0.9887073950826457,-0.007170877961323504,-0.001085620072551935,0.9999473999373856,5.260006167812282e-05,9.362510766663945e-13
2.9250159163256026,-0.15113691179446312,0.9884858991822728,-0.00721417618765563,-0.0011030286930220502,0.9999467389889534,5.3261010364167455e-05,6.824540932370837e-13
2.926379263301501,-0.15258871529444576,0.9882624990667053,-0.0072568224155232786,-0.0011204606161095698,0.9999460830967792,5.391690356269374e-05,3.419486915845482e-13
2.9277426102773987,-0.15403869972847484,0.9880372014005546,-0.007298820963379722,-0.0011379135221771198,0.9999454323654791,5.456763463942482e-05,1.1857181902996672e-13
2.929105957253297,-0.15548686587671368,0.987810012825863,-0.007340176126850753,-0.0011553851100371212,0.9999447868991947,5.521310032568522e-05,4.796163466380676e-13
2.930469304229195,-0.1569332145140677,0.9875809399640928,-0.007380892192998783,-0.0011728731203320734,0.9999441467980794,5.585320092106788e-05,9.995337890700284e-13
2.9318326512050934,-0.15837774642727412,0.9873499894137092,-0.007420973447021388,-0.0011903753109839554,0.9999435121586334,5.648784028239665e-05,1.0841327835464654e-12
2.933195998180991,-0.15982046241494716,0.9871171677500236,-0.007460424142906589,-0.001207889474624945,0.9999428830733559,5.711692537497323e-05,1.2690959394490164e-12
2.9345593451568894,-0.1612613632717866,0.9868824815286685,-0.007499248538763849,-0.0012254134252496517,0.9999422596324578,5.774036670893382e-05,8.333334022836425e-13
2.9359226921327877,-0.1627004498066341,0.9866459372817031,-0.007537450873446127,-0.0012429450130966575,0.9999416419217713,5.835807797519563e-05,2.5357493882438575e-13
2.937286039108686,-0.1641377228408421,0.9864075415186255,-0.0075750353692326435,-0.0012604821071658507,0.9999410300241962,5.896997598761079e-05,1.8385293287792592e-13
2.9386493860845837,-0.16557318318910222,0.9861673007293243,-0.007612006240025875,-0.0012780226056889395,0.9999404240191336,5.957598077884482e-05,8.748557434046234e-14
2.940012733060482,-0.1670068316772605,0.9859252213819866,-0.0076483676949202235,-0.0012955644372317416,0.9999398239839962,6.017601560771889e-05,3.9612757518625585e-13
2.94137608003638,-0.1684386691500472,0.9856813099209357,-0.0076841239094419065,-0.0013131055550236713,0.9999392299924906,6.077000645429079e-05,1.0550449403012863e-12
2.9427394270122784,-0.16986869644428235,0.9854355727716894,-0.007719279064622555,-0.0013306439391390095,0.9999386421155473,6.135788257028746e-05,1.882383138251953e-12
2.944102773988176,-0.17129691440730463,0.9851880163383417,-0.007753837323885593,-0.0013481775929136454,0.9999380604221403,6.193957606731572e-05,1.7924550732573152e-12
2.9454661209640745,-0.17272332389778067,0.984938647002918,-0.0077878028292873444,-0.001365704548537561,0.9999374849782364,6.251502182175216e-05,5.81756864903582e-14
2.9468294679399727,-0.17414792577256305,0.9846874711243763,-0.007821179719526368,-0.0013832228647035244,0.9999369158402056,6.30841576985692e-05,2.095768003584908e-12
2.948192814915871,-0.17557072089955247,0.9844344950464484,-0.007853972117160476,-0.0014007306255871192,0.9999363530745442,6.36469243025919e-05,1.15318865567815e-12
2.949556161891769,-0.17699171015668141,0.9841797250863544,-0.007886184126691691,-0.0014182259393803061,0.9999357967352391,6.420326489521512e-05,1.3433698597964394e-13
2.950919508867667,-0.17841089442226774,0.9839231675417902,-0.007917819845726788,-0.0014357069394608179,0.9999352468740234,6.475312552540094e-05,4.511946372076636e-13
2.952282855843565,-0.17982827458593836,0.9836648286915324,-0.007948883354473803,-0.0014531717877174456,0.9999347035452975,6.52964548276486e-05,1.2501111257279263e-13
2.9536462028194634,-0.18124385153869607,0.9834047147923117,-0.007979378715755684,-0.0014706186671311608,0.9999341667963291,6.583320395356946e-05,2.8266278206956486e-13
2.9550095497953617,-0.18265762617728326,0.9831428320801415,-0.008009309990533032,-0.0014880457878150679,0.9999336366712813,6.63633267910864e-05,1.9275692153541968e-12
2.9563728967712595,-0.18406959940938702,0.9828791867731658,-0.008038681213813141,-0.0015054513822044212,0.999933113218612,6.688677952149355e-05,1.866506948999813e-12
2.9577362437471577,-0.185479772145843,0.982613785066794,-0.008067496408444837,-0.0015228337096169799,0.9999325964785657,6.740352080741617e-05,6.269429420058259e-13
2.959099590723056,-0.18688814530437806,0.982346633135312,-0.008095759593657742,-0.0015401910513630523,0.9999320864875937,6.791351187300019e-05,5.333511410299252e-13
2.960462937698954,-0.18829471980329684,0.9820777371352575,-0.00812347476133527,-0.001557521718557405,0.9999315832825098,6.841671610182912e-05,1.3884449145962208e-12
2.961826284674852,-0.18969949657954907,0.9818071032030702,-0.008150645895173787,-0.00157482403375774,0.9999310869025386,6.89130992458143e-05,1.7843504451775516e-12
2.96318963165075,-0.1911024765606608,0.981534737450766,-0.00817727696749397,-0.0015920963584309564,0.9999305973701619,6.940262941763648e-05,4.204414594255468e-13
2.9645529786266485,-0.19250366068754016,0.9812606459775788,-0.008203371932253617,-0.0016093370647495228,0.999930114722439,6.988527684686307e-05,7.142064717413632e-13
2.9659163256025467,-0.19390304991254081,0.9809848348579022,-0.008228934728431279,-0.0016265445555102922,0.9999296389865712,7.036101395584256e-05,5.269118474870993e-13
2.967279672578445,-0.19530064517941967,0.9807073101473558,-0.008253969287467277,-0.0016437172536853876,0.9999291701839595,7.082981540851612e-05,6.319389456166391e-13
2.9686430195543427,-0.19669644745084844,0.9804280778839516,-0.008278479515040758,-0.0016608536087720036,0.9999287083430038,7.129165779072046e-05,7.94475596421762e-13
2.970006366530241,-0.1980904576878142,0.9801471440821117,-0.008302469312177043,-0.0016779520874827063,0.9999282534792875,7.17465198875291e-05,8.250067295989538e-13
2.971369713506139,-0.1994826768571561,0.9798645147414988,-0.008325942563966479,-0.0016950111826454716,0.9999278056156897,7.21943824877619e-05,1.822542117224657e-12
2.9727330604820374,-0.20087310593580832,0.9795801958400583,-0.008348903136863874,-0.0017120294090805727,0.9999273647703452,7.26352282862922e-05,1.3685719224554305e-12
2.9740964074579352,-0.2022617459015091,0.9792941933350225,-0.008371354882222255,-0.0017290053036058907,0.999926930954819,7.306904190400367e-05,3.2770453017860746e-12
2.9754597544338335,-0.20364859773442462,0.9790065131687197,-0.008393301647826444,-0.001745937423642379,0.9999265041859721,7.349581003868108e-05,3.9892533720831125e-12
2.9768231014097317,-0.20503366243517387,0.9787171612607818,-0.008414747249582917,-0.0017628243530150003,0.9999260844779444,7.391552097394604e-05,1.08169029289229e-12
2.97818644838563,-0.20641694098639218,0.9784261435132888,-0.00843569550138841,-0.0017796646900609,0.9999256718364667,7.432816500119422e-05,1.467936883159382e-12
2.9795497953615278,-0.20779843439663473,0.978133465804609,-0.008456150203269418,-0.0017964570613977038,0.9999252662646289,7.473373423369907e-05,1.1374234887284729e-12
2.980913142337426,-0.2091781436681684,0.9778391340033015,-0.008476115126479607,-0.001813200110670191,0.9999248677767876,7.51322222786708e-05,9.338085860122192e-13
2.9822764893133242,-0.2105560698110343,0.977543153953001,-0.0084955940406633,-0.001829892505546243,0.9999244763746494,7.552362468560808e-05,6.649125694480063e-13
2.9836398362892225,-0.2119322138422234,0.9772455314800657,-0.008514590700641688,-0.0018465329321504052,0.9999240920618219,7.59079386689699e-05,4.909406214892442e-13
2.9850031832651207,-0.2133065767833247,0.9769462723905427,-0.008533108835486369,-0.001863120098619731,0.9999237148367967,7.628516290013634e-05,3.0320190802513025e-13
2.9863665302410185,-0.21467915965595052,0.976645382475719,-0.008551152171710272,-0.0018796527319373535,0.9999233447017285,7.665529785642487e-05,4.1511238890734603e-13
2.9877298772169167,-0.216049963492046,0.9763428675057985,-0.008568724413781594,-0.0018961295851571765,0.9999229816543596,7.701834548304506e-05,1.574296248918472e-13
2.989093224192815,-0.21741898933212397,0.9760387332313469,-0.008585829249926591,-0.0019125494243168917,0.9999226256900546,7.737430920934989e-05,7.359668430240163e-13
2.990456571168713,-0.21878623821010093,0.975732985388177,-0.008602470356813585,-0.0019289110411283535,0.9999222768046515,7.772319404444332e-05,1.3040679647247089e-12
2.991819918144611,-0.22015171117166485,0.975425629692007,-0.008618651399446927,-0.0019452132443845873,0.9999219349918606,7.806500651131768e-05,1.628142065612792e-12
2.9931832651205093,-0.22151540927121005,0.9751166718403405,-0.008634376017956283,-0.001961454862431346,0.9999216002455739,7.839975439681415e-05,2.930988785010413e-14
2.9945466120964075,-0.22287733356019412,0.9748061175112729,-0.008649647844833469,-0.0019776347445059224,0.9999212725523033,7.872744702230924e-05,6.743494651573201e-13
2.9959099590723057,-0.2242374850972659,0.9744939723676098,-0.008664470498962882,-0.0019937517620488197,0.9999209519035503,7.904809511607088e-05,1.333599897179738e-12
2.9972733060482035,-0.22559586494898332,0.974180242053412,-0.008678847572978864,-0.0020098047985314827,0.9999206382893245,7.936171052320126e-05,1.5221157667610896e-13
2.9986366530241018,-0.22695247417935535,0.9738649321935738,-0.00869278265905614,-0.002025792762422289,0.999920331692525,7.966830667386969e-05,8.01136934569513e-13
3.0,-0.22830731386533992,0.9735480483969952,-0.00870627932275563,-0.0020417145813040063,0.9999200321020049,7.996789807735162e-05,8.215650382226158e-14
